2024-08-29T15:56:13.702056,interface,0.8716466495846135,0.6096103104117988,0.05711316166470126,0.9485158113354214,0.0,0.3947166414060127,0.6845398857519062,0.0641697644293936
2024-08-29T15:56:13.721439,interface,0.8716466495846135,0.6096103104117988,0.05711316166470126,0.9485158113354214,0.007874015748031496,0.3947166414060127,0.6845398857519062,0.0641697644293936
2024-08-29T15:56:13.730770,interface,0.8716466495846135,0.6096103104117988,0.05711316166470126,0.9485158113354214,0.007874015748031496,0.3947166414060127,0.6845398857519062,0.0641697644293936
2024-08-29T15:56:13.746721,interface,0.8716466495846135,0.6096103104117988,0.05711316166470126,0.9485158113354214,0.015748031496062992,0.3947166414060127,0.6845398857519062,0.0641697644293936
2024-08-29T15:56:13.757276,interface,0.8716466495846135,0.6096103104117988,0.05711316166470126,0.9485158113354214,0.023622047244094488,0.3947166414060127,0.6845398857519062,0.0641697644293936
2024-08-29T15:56:13.772252,interface,0.8716466495846135,0.6096103104117988,0.05711316166470126,0.9485158113354214,0.03937007874015748,0.3947166414060127,0.6845398857519062,0.0641697644293936
2024-08-29T15:56:13.773723,interface,0.8716466495846135,0.6096103104117988,0.05711316166470126,0.9485158113354214,0.047244094488188976,0.3947166414060127,0.6845398857519062,0.0641697644293936
2024-08-29T15:56:13.774858,interface,0.8716466495846135,0.6096103104117988,0.05711316166470126,0.9485158113354214,0.05511811023622047,0.3947166414060127,0.6845398857519062,0.0641697644293936
2024-08-29T15:56:13.787781,interface,0.8716466495846135,0.6096103104117988,0.05711316166470126,0.9485158113354214,0.07086614173228346,0.3947166414060127,0.6845398857519062,0.0641697644293936
2024-08-29T15:56:13.791152,interface,0.8716466495846135,0.6096103104117988,0.05711316166470126,0.9485158113354214,0.07874015748031496,0.3947166414060127,0.6845398857519062,0.0641697644293936
2024-08-29T15:56:13.808632,interface,0.8716466495846135,0.6096103104117988,0.05711316166470126,0.9485158113354214,0.09448818897637795,0.3947166414060127,0.6845398857519062,0.0641697644293936
2024-08-29T15:56:13.809960,interface,0.8716466495846135,0.6096103104117988,0.05711316166470126,0.9485158113354214,0.10236220472440945,0.3947166414060127,0.6845398857519062,0.0641697644293936
2024-08-29T15:56:13.815418,interface,0.8716466495846135,0.6096103104117988,0.05711316166470126,0.9485158113354214,0.11811023622047244,0.3947166414060127,0.6845398857519062,0.0641697644293936
2024-08-29T15:56:13.827563,interface,0.8716466495846135,0.6096103104117988,0.05711316166470126,0.9485158113354214,0.12598425196850394,0.3947166414060127,0.6845398857519062,0.0641697644293936
2024-08-29T15:56:13.837382,interface,0.8716466495846135,0.6096103104117988,0.05711316166470126,0.9485158113354214,0.13385826771653545,0.3947166414060127,0.6845398857519062,0.0641697644293936
2024-08-29T15:56:13.846758,interface,0.8716466495846135,0.6096103104117988,0.05711316166470126,0.9485158113354214,0.14960629921259844,0.3947166414060127,0.6845398857519062,0.0641697644293936
2024-08-29T15:56:13.848069,interface,0.8716466495846135,0.6096103104117988,0.05711316166470126,0.9485158113354214,0.15748031496062992,0.3947166414060127,0.6845398857519062,0.0641697644293936
2024-08-29T15:56:13.858766,interface,0.8716466495846135,0.6096103104117988,0.05711316166470126,0.9485158113354214,0.1732283464566929,0.3947166414060127,0.6845398857519062,0.0641697644293936
2024-08-29T15:56:13.867395,interface,0.8716466495846135,0.6096103104117988,0.05711316166470126,0.9485158113354214,0.18110236220472442,0.3947166414060127,0.6845398857519062,0.0641697644293936
2024-08-29T15:56:13.877333,interface,0.8716466495846135,0.6096103104117988,0.05711316166470126,0.9485158113354214,0.1889763779527559,0.3947166414060127,0.6845398857519062,0.0641697644293936
2024-08-29T15:56:13.887004,interface,0.8716466495846135,0.6096103104117988,0.05711316166470126,0.9485158113354214,0.1968503937007874,0.3947166414060127,0.6845398857519062,0.0641697644293936
2024-08-29T15:56:13.888195,interface,0.8716466495846135,0.6096103104117988,0.05711316166470126,0.9485158113354214,0.2047244094488189,0.3947166414060127,0.6845398857519062,0.0641697644293936
2024-08-29T15:56:13.898887,interface,0.8716466495846135,0.6096103104117988,0.05711316166470126,0.9485158113354214,0.2047244094488189,0.3947166414060127,0.6845398857519062,0.0641697644293936
2024-08-29T15:56:13.931985,interface,0.8716466495846135,0.6096103104117988,0.05711316166470126,0.9485158113354214,0.1968503937007874,0.3947166414060127,0.6845398857519062,0.0641697644293936
2024-08-29T15:56:13.935386,interface,0.8716466495846135,0.6096103104117988,0.05711316166470126,0.9485158113354214,0.1889763779527559,0.3947166414060127,0.6845398857519062,0.0641697644293936
2024-08-29T15:56:13.947801,interface,0.8716466495846135,0.6096103104117988,0.05711316166470126,0.9485158113354214,0.18110236220472442,0.3947166414060127,0.6845398857519062,0.0641697644293936
2024-08-29T15:56:13.957056,interface,0.8716466495846135,0.6096103104117988,0.05711316166470126,0.9485158113354214,0.16535433070866143,0.3947166414060127,0.6845398857519062,0.0641697644293936
2024-08-29T15:56:13.966978,interface,0.8716466495846135,0.6096103104117988,0.05711316166470126,0.9485158113354214,0.14960629921259844,0.3947166414060127,0.6845398857519062,0.0641697644293936
2024-08-29T15:56:13.968425,interface,0.8716466495846135,0.6096103104117988,0.05711316166470126,0.9485158113354214,0.12598425196850394,0.3947166414060127,0.6845398857519062,0.0641697644293936
2024-08-29T15:56:13.982587,interface,0.8716466495846135,0.6096103104117988,0.05711316166470126,0.9485158113354214,0.11023622047244094,0.3947166414060127,0.6845398857519062,0.0641697644293936
2024-08-29T15:56:13.983856,interface,0.8716466495846135,0.6096103104117988,0.05711316166470126,0.9485158113354214,0.08661417322834646,0.3947166414060127,0.6845398857519062,0.0641697644293936
2024-08-29T15:56:13.996791,interface,0.8716466495846135,0.6096103104117988,0.05711316166470126,0.9485158113354214,0.07086614173228346,0.3947166414060127,0.6845398857519062,0.0641697644293936
2024-08-29T15:56:14.011325,interface,0.8716466495846135,0.6096103104117988,0.05711316166470126,0.9485158113354214,0.05511811023622047,0.3947166414060127,0.6845398857519062,0.0641697644293936
2024-08-29T15:56:14.012731,interface,0.8716466495846135,0.6096103104117988,0.05711316166470126,0.9485158113354214,0.03937007874015748,0.3947166414060127,0.6845398857519062,0.0641697644293936
2024-08-29T15:56:14.013840,interface,0.8716466495846135,0.6096103104117988,0.05711316166470126,0.9485158113354214,0.023622047244094488,0.3947166414060127,0.6845398857519062,0.0641697644293936
2024-08-29T15:56:14.027508,interface,0.8716466495846135,0.6096103104117988,0.05711316166470126,0.9485158113354214,0.015748031496062992,0.3947166414060127,0.6845398857519062,0.0641697644293936
2024-08-29T15:56:14.037393,interface,0.8716466495846135,0.6096103104117988,0.05711316166470126,0.9485158113354214,0.007874015748031496,0.3947166414060127,0.6845398857519062,0.0641697644293936
2024-08-29T15:56:14.050754,interface,0.8716466495846135,0.6096103104117988,0.05711316166470126,0.9485158113354214,0.0,0.3947166414060127,0.6845398857519062,0.0641697644293936
2024-08-29T15:56:14.066753,interface,0.8716466495846135,0.6096103104117988,0.05711316166470126,0.9485158113354214,0.0,0.3947166414060127,0.6845398857519062,0.0641697644293936
2024-08-29T15:56:14.248373,interface,0.889763779527559,0.6096103104117988,0.05711316166470126,0.9485158113354214,0.0,0.3947166414060127,0.6845398857519062,0.0641697644293936
2024-08-29T15:56:14.269270,interface,0.8818897637795275,0.6096103104117988,0.05711316166470126,0.9485158113354214,0.0,0.3947166414060127,0.6845398857519062,0.0641697644293936
2024-08-29T15:56:14.270382,interface,0.8740157480314961,0.6096103104117988,0.05711316166470126,0.9485158113354214,0.0,0.3947166414060127,0.6845398857519062,0.0641697644293936
2024-08-29T15:56:14.271895,interface,0.8661417322834646,0.6096103104117988,0.05711316166470126,0.9485158113354214,0.0,0.3947166414060127,0.6845398857519062,0.0641697644293936
2024-08-29T15:56:14.289443,interface,0.8582677165354331,0.6096103104117988,0.05711316166470126,0.9485158113354214,0.0,0.3947166414060127,0.6845398857519062,0.0641697644293936
2024-08-29T15:56:14.290687,interface,0.84251968503937,0.6096103104117988,0.05711316166470126,0.9485158113354214,0.0,0.3947166414060127,0.6845398857519062,0.0641697644293936
2024-08-29T15:56:14.296074,interface,0.8267716535433071,0.6096103104117988,0.05711316166470126,0.9485158113354214,0.0,0.3947166414060127,0.6845398857519062,0.0641697644293936
2024-08-29T15:56:14.307052,interface,0.8188976377952756,0.6096103104117988,0.05711316166470126,0.9485158113354214,0.0,0.3947166414060127,0.6845398857519062,0.0641697644293936
2024-08-29T15:56:14.318378,interface,0.8031496062992126,0.6096103104117988,0.05711316166470126,0.9485158113354214,0.0,0.3947166414060127,0.6845398857519062,0.0641697644293936
2024-08-29T15:56:14.327484,interface,0.7874015748031497,0.6096103104117988,0.05711316166470126,0.9485158113354214,0.0,0.3947166414060127,0.6845398857519062,0.0641697644293936
2024-08-29T15:56:14.328629,interface,0.7795275590551181,0.6096103104117988,0.05711316166470126,0.9485158113354214,0.0,0.3947166414060127,0.6845398857519062,0.0641697644293936
2024-08-29T15:56:14.339363,interface,0.7637795275590551,0.6096103104117988,0.05711316166470126,0.9485158113354214,0.0,0.3947166414060127,0.6845398857519062,0.0641697644293936
2024-08-29T15:56:14.342903,interface,0.7480314960629921,0.6096103104117988,0.05711316166470126,0.9485158113354214,0.0,0.3947166414060127,0.6845398857519062,0.0641697644293936
2024-08-29T15:56:14.356711,interface,0.7322834645669292,0.6096103104117988,0.05711316166470126,0.9485158113354214,0.0,0.3947166414060127,0.6845398857519062,0.0641697644293936
2024-08-29T15:56:14.366973,interface,0.7244094488188977,0.6096103104117988,0.05711316166470126,0.9485158113354214,0.0,0.3947166414060127,0.6845398857519062,0.0641697644293936
2024-08-29T15:56:14.377453,interface,0.7086614173228346,0.6096103104117988,0.05711316166470126,0.9485158113354214,0.0,0.3947166414060127,0.6845398857519062,0.0641697644293936
2024-08-29T15:56:14.378591,interface,0.7007874015748031,0.6096103104117988,0.05711316166470126,0.9485158113354214,0.0,0.3947166414060127,0.6845398857519062,0.0641697644293936
2024-08-29T15:56:14.383971,interface,0.6771653543307087,0.6096103104117988,0.05711316166470126,0.9485158113354214,0.0,0.3947166414060127,0.6845398857519062,0.0641697644293936
2024-08-29T15:56:14.396624,interface,0.6614173228346457,0.6096103104117988,0.05711316166470126,0.9485158113354214,0.0,0.3947166414060127,0.6845398857519062,0.0641697644293936
2024-08-29T15:56:14.408604,interface,0.6456692913385826,0.6096103104117988,0.05711316166470126,0.9485158113354214,0.0,0.3947166414060127,0.6845398857519062,0.0641697644293936
2024-08-29T15:56:14.409861,interface,0.6299212598425197,0.6096103104117988,0.05711316166470126,0.9485158113354214,0.0,0.3947166414060127,0.6845398857519062,0.0641697644293936
2024-08-29T15:56:14.416045,interface,0.6062992125984252,0.6096103104117988,0.05711316166470126,0.9485158113354214,0.0,0.3947166414060127,0.6845398857519062,0.0641697644293936
2024-08-29T15:56:14.427453,interface,0.5826771653543307,0.6096103104117988,0.05711316166470126,0.9485158113354214,0.0,0.3947166414060127,0.6845398857519062,0.0641697644293936
2024-08-29T15:56:14.441512,interface,0.5669291338582677,0.6096103104117988,0.05711316166470126,0.9485158113354214,0.0,0.3947166414060127,0.6845398857519062,0.0641697644293936
2024-08-29T15:56:14.442670,interface,0.5433070866141733,0.6096103104117988,0.05711316166470126,0.9485158113354214,0.0,0.3947166414060127,0.6845398857519062,0.0641697644293936
2024-08-29T15:56:14.446203,interface,0.5275590551181102,0.6096103104117988,0.05711316166470126,0.9485158113354214,0.0,0.3947166414060127,0.6845398857519062,0.0641697644293936
2024-08-29T15:56:14.458645,interface,0.5039370078740157,0.6096103104117988,0.05711316166470126,0.9485158113354214,0.0,0.3947166414060127,0.6845398857519062,0.0641697644293936
2024-08-29T15:56:14.462197,interface,0.4881889763779528,0.6096103104117988,0.05711316166470126,0.9485158113354214,0.0,0.3947166414060127,0.6845398857519062,0.0641697644293936
2024-08-29T15:56:14.476421,interface,0.4645669291338583,0.6096103104117988,0.05711316166470126,0.9485158113354214,0.0,0.3947166414060127,0.6845398857519062,0.0641697644293936
2024-08-29T15:56:14.488401,interface,0.4409448818897638,0.6096103104117988,0.05711316166470126,0.9485158113354214,0.0,0.3947166414060127,0.6845398857519062,0.0641697644293936
2024-08-29T15:56:14.489531,interface,0.4251968503937008,0.6096103104117988,0.05711316166470126,0.9485158113354214,0.0,0.3947166414060127,0.6845398857519062,0.0641697644293936
2024-08-29T15:56:14.494876,interface,0.4094488188976378,0.6096103104117988,0.05711316166470126,0.9485158113354214,0.0,0.3947166414060127,0.6845398857519062,0.0641697644293936
2024-08-29T15:56:14.507242,interface,0.3937007874015748,0.6096103104117988,0.05711316166470126,0.9485158113354214,0.0,0.3947166414060127,0.6845398857519062,0.0641697644293936
2024-08-29T15:56:14.521192,interface,0.3779527559055118,0.6096103104117988,0.05711316166470126,0.9485158113354214,0.0,0.3947166414060127,0.6845398857519062,0.0641697644293936
2024-08-29T15:56:14.524480,interface,0.36220472440944884,0.6096103104117988,0.05711316166470126,0.9485158113354214,0.0,0.3947166414060127,0.6845398857519062,0.0641697644293936
2024-08-29T15:56:14.525803,interface,0.3543307086614173,0.6096103104117988,0.05711316166470126,0.9485158113354214,0.0,0.3947166414060127,0.6845398857519062,0.0641697644293936
2024-08-29T15:56:14.538656,interface,0.33858267716535434,0.6096103104117988,0.05711316166470126,0.9485158113354214,0.0,0.3947166414060127,0.6845398857519062,0.0641697644293936
2024-08-29T15:56:14.547352,interface,0.3228346456692913,0.6096103104117988,0.05711316166470126,0.9485158113354214,0.0,0.3947166414060127,0.6845398857519062,0.0641697644293936
2024-08-29T15:56:14.556796,interface,0.31496062992125984,0.6096103104117988,0.05711316166470126,0.9485158113354214,0.0,0.3947166414060127,0.6845398857519062,0.0641697644293936
2024-08-29T15:56:14.560074,interface,0.2992125984251969,0.6096103104117988,0.05711316166470126,0.9485158113354214,0.0,0.3947166414060127,0.6845398857519062,0.0641697644293936
2024-08-29T15:56:14.570681,interface,0.29133858267716534,0.6096103104117988,0.05711316166470126,0.9485158113354214,0.0,0.3947166414060127,0.6845398857519062,0.0641697644293936
2024-08-29T15:56:14.574156,interface,0.2755905511811024,0.6096103104117988,0.05711316166470126,0.9485158113354214,0.0,0.3947166414060127,0.6845398857519062,0.0641697644293936
2024-08-29T15:56:14.586897,interface,0.2677165354330709,0.6096103104117988,0.05711316166470126,0.9485158113354214,0.0,0.3947166414060127,0.6845398857519062,0.0641697644293936
2024-08-29T15:56:14.600628,interface,0.25984251968503935,0.6096103104117988,0.05711316166470126,0.9485158113354214,0.0,0.3947166414060127,0.6845398857519062,0.0641697644293936
2024-08-29T15:56:14.601779,interface,0.2440944881889764,0.6096103104117988,0.05711316166470126,0.9485158113354214,0.0,0.3947166414060127,0.6845398857519062,0.0641697644293936
2024-08-29T15:56:14.606964,interface,0.23622047244094488,0.6096103104117988,0.05711316166470126,0.9485158113354214,0.0,0.3947166414060127,0.6845398857519062,0.0641697644293936
2024-08-29T15:56:14.618774,interface,0.2283464566929134,0.6096103104117988,0.05711316166470126,0.9485158113354214,0.0,0.3947166414060127,0.6845398857519062,0.0641697644293936
2024-08-29T15:56:14.627437,interface,0.2204724409448819,0.6096103104117988,0.05711316166470126,0.9485158113354214,0.0,0.3947166414060127,0.6845398857519062,0.0641697644293936
2024-08-29T15:56:14.636665,interface,0.2204724409448819,0.6096103104117988,0.05711316166470126,0.9485158113354214,0.0,0.3947166414060127,0.6845398857519062,0.0641697644293936
2024-08-29T15:56:14.647762,interface,0.2125984251968504,0.6096103104117988,0.05711316166470126,0.9485158113354214,0.0,0.3947166414060127,0.6845398857519062,0.0641697644293936
2024-08-29T15:56:14.648896,interface,0.2047244094488189,0.6096103104117988,0.05711316166470126,0.9485158113354214,0.0,0.3947166414060127,0.6845398857519062,0.0641697644293936
2024-08-29T15:56:14.654213,interface,0.2047244094488189,0.6096103104117988,0.05711316166470126,0.9485158113354214,0.0,0.3947166414060127,0.6845398857519062,0.0641697644293936
2024-08-29T15:56:14.666905,interface,0.1968503937007874,0.6096103104117988,0.05711316166470126,0.9485158113354214,0.0,0.3947166414060127,0.6845398857519062,0.0641697644293936
2024-08-29T15:56:14.677491,interface,0.1968503937007874,0.6096103104117988,0.05711316166470126,0.9485158113354214,0.0,0.3947166414060127,0.6845398857519062,0.0641697644293936
2024-08-29T15:56:14.687305,interface,0.1889763779527559,0.6096103104117988,0.05711316166470126,0.9485158113354214,0.0,0.3947166414060127,0.6845398857519062,0.0641697644293936
2024-08-29T15:56:14.688515,interface,0.18110236220472442,0.6096103104117988,0.05711316166470126,0.9485158113354214,0.0,0.3947166414060127,0.6845398857519062,0.0641697644293936
2024-08-29T15:56:14.698839,interface,0.1732283464566929,0.6096103104117988,0.05711316166470126,0.9485158113354214,0.0,0.3947166414060127,0.6845398857519062,0.0641697644293936
2024-08-29T15:56:14.702397,interface,0.16535433070866143,0.6096103104117988,0.05711316166470126,0.9485158113354214,0.0,0.3947166414060127,0.6845398857519062,0.0641697644293936
2024-08-29T15:56:14.716684,interface,0.16535433070866143,0.6096103104117988,0.05711316166470126,0.9485158113354214,0.0,0.3947166414060127,0.6845398857519062,0.0641697644293936
2024-08-29T15:56:14.727139,interface,0.15748031496062992,0.6096103104117988,0.05711316166470126,0.9485158113354214,0.0,0.3947166414060127,0.6845398857519062,0.0641697644293936
2024-08-29T15:56:14.738828,interface,0.14960629921259844,0.6096103104117988,0.05711316166470126,0.9485158113354214,0.0,0.3947166414060127,0.6845398857519062,0.0641697644293936
2024-08-29T15:56:14.754950,interface,0.14960629921259844,0.6096103104117988,0.05711316166470126,0.9485158113354214,0.0,0.3947166414060127,0.6845398857519062,0.0641697644293936
2024-08-29T15:56:14.770824,interface,0.14173228346456693,0.6096103104117988,0.05711316166470126,0.9485158113354214,0.0,0.3947166414060127,0.6845398857519062,0.0641697644293936
2024-08-29T15:56:14.774253,interface,0.13385826771653545,0.6096103104117988,0.05711316166470126,0.9485158113354214,0.0,0.3947166414060127,0.6845398857519062,0.0641697644293936
2024-08-29T15:56:14.791260,interface,0.13385826771653545,0.6096103104117988,0.05711316166470126,0.9485158113354214,0.0,0.3947166414060127,0.6845398857519062,0.0641697644293936
2024-08-29T15:56:14.792416,interface,0.12598425196850394,0.6096103104117988,0.05711316166470126,0.9485158113354214,0.0,0.3947166414060127,0.6845398857519062,0.0641697644293936
2024-08-29T15:56:14.807315,interface,0.11811023622047244,0.6096103104117988,0.05711316166470126,0.9485158113354214,0.0,0.3947166414060127,0.6845398857519062,0.0641697644293936
2024-08-29T15:56:14.808454,interface,0.11811023622047244,0.6096103104117988,0.05711316166470126,0.9485158113354214,0.0,0.3947166414060127,0.6845398857519062,0.0641697644293936
2024-08-29T15:56:14.818912,interface,0.11023622047244094,0.6096103104117988,0.05711316166470126,0.9485158113354214,0.0,0.3947166414060127,0.6845398857519062,0.0641697644293936
2024-08-29T15:56:14.822319,interface,0.10236220472440945,0.6096103104117988,0.05711316166470126,0.9485158113354214,0.0,0.3947166414060127,0.6845398857519062,0.0641697644293936
2024-08-29T15:56:14.839129,interface,0.10236220472440945,0.6096103104117988,0.05711316166470126,0.9485158113354214,0.0,0.3947166414060127,0.6845398857519062,0.0641697644293936
2024-08-29T15:56:14.847701,interface,0.09448818897637795,0.6096103104117988,0.05711316166470126,0.9485158113354214,0.0,0.3947166414060127,0.6845398857519062,0.0641697644293936
2024-08-29T15:56:14.848970,interface,0.08661417322834646,0.6096103104117988,0.05711316166470126,0.9485158113354214,0.0,0.3947166414060127,0.6845398857519062,0.0641697644293936
2024-08-29T15:56:14.871139,interface,0.08661417322834646,0.6096103104117988,0.05711316166470126,0.9485158113354214,0.0,0.3947166414060127,0.6845398857519062,0.0641697644293936
2024-08-29T15:56:14.890599,interface,0.07874015748031496,0.6096103104117988,0.05711316166470126,0.9485158113354214,0.0,0.3947166414060127,0.6845398857519062,0.0641697644293936
2024-08-29T15:56:14.934992,interface,0.07874015748031496,0.6096103104117988,0.05711316166470126,0.9485158113354214,0.0,0.3947166414060127,0.6845398857519062,0.0641697644293936
2024-08-29T15:56:14.967053,interface,0.07086614173228346,0.6096103104117988,0.05711316166470126,0.9485158113354214,0.0,0.3947166414060127,0.6845398857519062,0.0641697644293936
2024-08-29T15:56:14.998017,interface,0.07086614173228346,0.6096103104117988,0.05711316166470126,0.9485158113354214,0.0,0.3947166414060127,0.6845398857519062,0.0641697644293936
2024-08-29T15:56:15.061970,interface,0.06299212598425197,0.6096103104117988,0.05711316166470126,0.9485158113354214,0.0,0.3947166414060127,0.6845398857519062,0.0641697644293936
2024-08-29T15:56:15.125970,interface,0.06299212598425197,0.6096103104117988,0.05711316166470126,0.9485158113354214,0.0,0.3947166414060127,0.6845398857519062,0.0641697644293936
2024-08-29T15:56:16.865198,interface,0.06299212598425197,0.6096103104117988,0.05711316166470126,0.9485158113354214,0.0,0.3947166414060127,0.6845398857519062,0.0641697644293936
2024-08-29T15:56:16.881306,interface,0.07086614173228346,0.6096103104117988,0.05711316166470126,0.9485158113354214,0.0,0.3947166414060127,0.6845398857519062,0.0641697644293936
2024-08-29T15:56:16.897368,interface,0.07086614173228346,0.6096103104117988,0.05711316166470126,0.9485158113354214,0.0,0.3947166414060127,0.6845398857519062,0.0641697644293936
2024-08-29T15:56:16.913274,interface,0.07874015748031496,0.6096103104117988,0.05711316166470126,0.9485158113354214,0.0,0.3947166414060127,0.6845398857519062,0.0641697644293936
2024-08-29T15:56:16.929234,interface,0.08661417322834646,0.6096103104117988,0.05711316166470126,0.9485158113354214,0.0,0.3947166414060127,0.6845398857519062,0.0641697644293936
2024-08-29T15:56:16.932759,interface,0.08661417322834646,0.6096103104117988,0.05711316166470126,0.9485158113354214,0.0,0.3947166414060127,0.6845398857519062,0.0641697644293936
2024-08-29T15:56:16.957232,interface,0.09448818897637795,0.6096103104117988,0.05711316166470126,0.9485158113354214,0.0,0.3947166414060127,0.6845398857519062,0.0641697644293936
2024-08-29T15:56:16.973285,interface,0.10236220472440945,0.6096103104117988,0.05711316166470126,0.9485158113354214,0.0,0.3947166414060127,0.6845398857519062,0.0641697644293936
2024-08-29T15:56:16.974420,interface,0.11023622047244094,0.6096103104117988,0.05711316166470126,0.9485158113354214,0.0,0.3947166414060127,0.6845398857519062,0.0641697644293936
2024-08-29T15:56:16.987402,interface,0.11023622047244094,0.6096103104117988,0.05711316166470126,0.9485158113354214,0.0,0.3947166414060127,0.6845398857519062,0.0641697644293936
2024-08-29T15:56:16.996727,interface,0.11811023622047244,0.6096103104117988,0.05711316166470126,0.9485158113354214,0.0,0.3947166414060127,0.6845398857519062,0.0641697644293936
2024-08-29T15:56:17.009331,interface,0.12598425196850394,0.6096103104117988,0.05711316166470126,0.9485158113354214,0.0,0.3947166414060127,0.6845398857519062,0.0641697644293936
2024-08-29T15:56:17.017891,interface,0.12598425196850394,0.6096103104117988,0.05711316166470126,0.9485158113354214,0.0,0.3947166414060127,0.6845398857519062,0.0641697644293936
2024-08-29T15:56:17.026756,interface,0.13385826771653545,0.6096103104117988,0.05711316166470126,0.9485158113354214,0.0,0.3947166414060127,0.6845398857519062,0.0641697644293936
2024-08-29T15:56:17.037349,interface,0.13385826771653545,0.6096103104117988,0.05711316166470126,0.9485158113354214,0.0,0.3947166414060127,0.6845398857519062,0.0641697644293936
2024-08-29T15:56:17.040662,interface,0.14173228346456693,0.6096103104117988,0.05711316166470126,0.9485158113354214,0.0,0.3947166414060127,0.6845398857519062,0.0641697644293936
2024-08-29T15:56:17.049295,interface,0.14173228346456693,0.6096103104117988,0.05711316166470126,0.9485158113354214,0.0,0.3947166414060127,0.6845398857519062,0.0641697644293936
2024-08-29T15:56:17.057789,interface,0.14960629921259844,0.6096103104117988,0.05711316166470126,0.9485158113354214,0.0,0.3947166414060127,0.6845398857519062,0.0641697644293936
2024-08-29T15:56:17.067138,interface,0.15748031496062992,0.6096103104117988,0.05711316166470126,0.9485158113354214,0.0,0.3947166414060127,0.6845398857519062,0.0641697644293936
2024-08-29T15:56:17.077658,interface,0.15748031496062992,0.6096103104117988,0.05711316166470126,0.9485158113354214,0.0,0.3947166414060127,0.6845398857519062,0.0641697644293936
2024-08-29T15:56:17.078908,interface,0.16535433070866143,0.6096103104117988,0.05711316166470126,0.9485158113354214,0.0,0.3947166414060127,0.6845398857519062,0.0641697644293936
2024-08-29T15:56:17.089489,interface,0.16535433070866143,0.6096103104117988,0.05711316166470126,0.9485158113354214,0.0,0.3947166414060127,0.6845398857519062,0.0641697644293936
2024-08-29T15:56:17.092934,interface,0.1732283464566929,0.6096103104117988,0.05711316166470126,0.9485158113354214,0.0,0.3947166414060127,0.6845398857519062,0.0641697644293936
2024-08-29T15:56:17.116122,interface,0.18110236220472442,0.6096103104117988,0.05711316166470126,0.9485158113354214,0.0,0.3947166414060127,0.6845398857519062,0.0641697644293936
2024-08-29T15:56:17.132158,interface,0.18110236220472442,0.6096103104117988,0.05711316166470126,0.9485158113354214,0.0,0.3947166414060127,0.6845398857519062,0.0641697644293936
2024-08-29T15:56:17.148151,interface,0.1889763779527559,0.6096103104117988,0.05711316166470126,0.9485158113354214,0.0,0.3947166414060127,0.6845398857519062,0.0641697644293936
2024-08-29T15:56:17.164112,interface,0.1968503937007874,0.6096103104117988,0.05711316166470126,0.9485158113354214,0.0,0.3947166414060127,0.6845398857519062,0.0641697644293936
2024-08-29T15:56:17.180111,interface,0.2047244094488189,0.6096103104117988,0.05711316166470126,0.9485158113354214,0.0,0.3947166414060127,0.6845398857519062,0.0641697644293936
2024-08-29T15:56:17.196116,interface,0.2047244094488189,0.6096103104117988,0.05711316166470126,0.9485158113354214,0.0,0.3947166414060127,0.6845398857519062,0.0641697644293936
2024-08-29T15:56:17.217311,interface,0.2125984251968504,0.6096103104117988,0.05711316166470126,0.9485158113354214,0.0,0.3947166414060127,0.6845398857519062,0.0641697644293936
2024-08-29T15:56:17.244109,interface,0.2125984251968504,0.6096103104117988,0.05711316166470126,0.9485158113354214,0.0,0.3947166414060127,0.6845398857519062,0.0641697644293936
2024-08-29T15:56:17.275998,interface,0.2204724409448819,0.6096103104117988,0.05711316166470126,0.9485158113354214,0.0,0.3947166414060127,0.6845398857519062,0.0641697644293936
2024-08-29T15:56:17.345329,interface,0.2125984251968504,0.6096103104117988,0.05711316166470126,0.9485158113354214,0.0,0.3947166414060127,0.6845398857519062,0.0641697644293936
2024-08-29T15:56:20.977844,interface,0.2125984251968504,0.6096103104117988,0.05711316166470126,0.9485158113354214,0.0,0.3947166414060127,0.0,0.0641697644293936
2024-08-29T15:56:21.002130,interface,0.2125984251968504,0.6096103104117988,0.05711316166470126,0.9485158113354214,0.0,0.3947166414060127,0.007874015748031496,0.0641697644293936
2024-08-29T15:56:21.018188,interface,0.2125984251968504,0.6096103104117988,0.05711316166470126,0.9485158113354214,0.0,0.3947166414060127,0.015748031496062992,0.0641697644293936
2024-08-29T15:56:21.027521,interface,0.2125984251968504,0.6096103104117988,0.05711316166470126,0.9485158113354214,0.0,0.3947166414060127,0.023622047244094488,0.0641697644293936
2024-08-29T15:56:21.037346,interface,0.2125984251968504,0.6096103104117988,0.05711316166470126,0.9485158113354214,0.0,0.3947166414060127,0.023622047244094488,0.0641697644293936
2024-08-29T15:56:21.047727,interface,0.2125984251968504,0.6096103104117988,0.05711316166470126,0.9485158113354214,0.0,0.3947166414060127,0.03937007874015748,0.0641697644293936
2024-08-29T15:56:21.050972,interface,0.2125984251968504,0.6096103104117988,0.05711316166470126,0.9485158113354214,0.0,0.3947166414060127,0.047244094488188976,0.0641697644293936
2024-08-29T15:56:21.054411,interface,0.2125984251968504,0.6096103104117988,0.05711316166470126,0.9485158113354214,0.0,0.3947166414060127,0.06299212598425197,0.0641697644293936
2024-08-29T15:56:21.066679,interface,0.2125984251968504,0.6096103104117988,0.05711316166470126,0.9485158113354214,0.0,0.3947166414060127,0.07874015748031496,0.0641697644293936
2024-08-29T15:56:21.081293,interface,0.2125984251968504,0.6096103104117988,0.05711316166470126,0.9485158113354214,0.0,0.3947166414060127,0.10236220472440945,0.0641697644293936
2024-08-29T15:56:21.082439,interface,0.2125984251968504,0.6096103104117988,0.05711316166470126,0.9485158113354214,0.0,0.3947166414060127,0.12598425196850394,0.0641697644293936
2024-08-29T15:56:21.086006,interface,0.2125984251968504,0.6096103104117988,0.05711316166470126,0.9485158113354214,0.0,0.3947166414060127,0.14960629921259844,0.0641697644293936
2024-08-29T15:56:21.098107,interface,0.2125984251968504,0.6096103104117988,0.05711316166470126,0.9485158113354214,0.0,0.3947166414060127,0.1732283464566929,0.0641697644293936
2024-08-29T15:56:21.107754,interface,0.2125984251968504,0.6096103104117988,0.05711316166470126,0.9485158113354214,0.0,0.3947166414060127,0.1968503937007874,0.0641697644293936
2024-08-29T15:56:21.118006,interface,0.2125984251968504,0.6096103104117988,0.05711316166470126,0.9485158113354214,0.0,0.3947166414060127,0.2047244094488189,0.0641697644293936
2024-08-29T15:56:21.127534,interface,0.2125984251968504,0.6096103104117988,0.05711316166470126,0.9485158113354214,0.0,0.3947166414060127,0.2204724409448819,0.0641697644293936
2024-08-29T15:56:21.128669,interface,0.2125984251968504,0.6096103104117988,0.05711316166470126,0.9485158113354214,0.0,0.3947166414060127,0.2204724409448819,0.0641697644293936
2024-08-29T15:56:21.153894,interface,0.2125984251968504,0.6096103104117988,0.05711316166470126,0.9485158113354214,0.0,0.3947166414060127,0.2204724409448819,0.0641697644293936
2024-08-29T15:56:21.167570,interface,0.2125984251968504,0.6096103104117988,0.05711316166470126,0.9485158113354214,0.0,0.3947166414060127,0.2047244094488189,0.0641697644293936
2024-08-29T15:56:21.168817,interface,0.2125984251968504,0.6096103104117988,0.05711316166470126,0.9485158113354214,0.0,0.3947166414060127,0.1968503937007874,0.0641697644293936
2024-08-29T15:56:21.174009,interface,0.2125984251968504,0.6096103104117988,0.05711316166470126,0.9485158113354214,0.0,0.3947166414060127,0.18110236220472442,0.0641697644293936
2024-08-29T15:56:21.187690,interface,0.2125984251968504,0.6096103104117988,0.05711316166470126,0.9485158113354214,0.0,0.3947166414060127,0.15748031496062992,0.0641697644293936
2024-08-29T15:56:21.197531,interface,0.2125984251968504,0.6096103104117988,0.05711316166470126,0.9485158113354214,0.0,0.3947166414060127,0.13385826771653545,0.0641697644293936
2024-08-29T15:56:21.208524,interface,0.2125984251968504,0.6096103104117988,0.05711316166470126,0.9485158113354214,0.0,0.3947166414060127,0.11023622047244094,0.0641697644293936
2024-08-29T15:56:21.209666,interface,0.2125984251968504,0.6096103104117988,0.05711316166470126,0.9485158113354214,0.0,0.3947166414060127,0.08661417322834646,0.0641697644293936
2024-08-29T15:56:21.215076,interface,0.2125984251968504,0.6096103104117988,0.05711316166470126,0.9485158113354214,0.0,0.3947166414060127,0.06299212598425197,0.0641697644293936
2024-08-29T15:56:21.227785,interface,0.2125984251968504,0.6096103104117988,0.05711316166470126,0.9485158113354214,0.0,0.3947166414060127,0.03937007874015748,0.0641697644293936
2024-08-29T15:56:21.241496,interface,0.2125984251968504,0.6096103104117988,0.05711316166470126,0.9485158113354214,0.0,0.3947166414060127,0.023622047244094488,0.0641697644293936
2024-08-29T15:56:21.242644,interface,0.2125984251968504,0.6096103104117988,0.05711316166470126,0.9485158113354214,0.0,0.3947166414060127,0.007874015748031496,0.0641697644293936
2024-08-29T15:56:21.246088,interface,0.2125984251968504,0.6096103104117988,0.05711316166470126,0.9485158113354214,0.0,0.3947166414060127,0.0,0.0641697644293936
2024-08-29T15:56:21.257884,interface,0.2125984251968504,0.6096103104117988,0.05711316166470126,0.9485158113354214,0.0,0.3947166414060127,0.0,0.0641697644293936
2024-08-29T15:56:22.389169,interface,0.2125984251968504,0.6096103104117988,0.05711316166470126,0.9485158113354214,0.0,0.9763779527559056,0.0,0.0641697644293936
2024-08-29T15:56:22.403567,interface,0.2125984251968504,0.6096103104117988,0.05711316166470126,0.9485158113354214,0.0,0.9763779527559056,0.0,0.0641697644293936
2024-08-29T15:56:22.404732,interface,0.2125984251968504,0.6096103104117988,0.05711316166470126,0.9485158113354214,0.0,0.984251968503937,0.0,0.0641697644293936
2024-08-29T15:56:22.428352,interface,0.2125984251968504,0.6096103104117988,0.05711316166470126,0.9485158113354214,0.0,0.984251968503937,0.0,0.0641697644293936
2024-08-29T15:56:22.452125,interface,0.2125984251968504,0.6096103104117988,0.05711316166470126,0.9485158113354214,0.0,0.9921259842519685,0.0,0.0641697644293936
2024-08-29T15:56:22.468122,interface,0.2125984251968504,0.6096103104117988,0.05711316166470126,0.9485158113354214,0.0,0.9921259842519685,0.0,0.0641697644293936
2024-08-29T15:56:22.492252,interface,0.2125984251968504,0.6096103104117988,0.05711316166470126,0.9485158113354214,0.0,1.0,0.0,0.0641697644293936
2024-08-29T15:56:23.202350,interface,0.2125984251968504,0.6096103104117988,0.05711316166470126,0.9485158113354214,0.0,1.0,0.0,0.5354330708661418
2024-08-29T15:56:23.206137,interface,0.2125984251968504,0.6096103104117988,0.05711316166470126,0.9485158113354214,0.0,1.0,0.0,0.5433070866141733
2024-08-29T15:56:23.219787,interface,0.2125984251968504,0.6096103104117988,0.05711316166470126,0.9485158113354214,0.0,1.0,0.0,0.5511811023622047
2024-08-29T15:56:23.223441,interface,0.2125984251968504,0.6096103104117988,0.05711316166470126,0.9485158113354214,0.0,1.0,0.0,0.5590551181102362
2024-08-29T15:56:23.236984,interface,0.2125984251968504,0.6096103104117988,0.05711316166470126,0.9485158113354214,0.0,1.0,0.0,0.5669291338582677
2024-08-29T15:56:23.247640,interface,0.2125984251968504,0.6096103104117988,0.05711316166470126,0.9485158113354214,0.0,1.0,0.0,0.5748031496062992
2024-08-29T15:56:23.248779,interface,0.2125984251968504,0.6096103104117988,0.05711316166470126,0.9485158113354214,0.0,1.0,0.0,0.5826771653543307
2024-08-29T15:56:23.254147,interface,0.2125984251968504,0.6096103104117988,0.05711316166470126,0.9485158113354214,0.0,1.0,0.0,0.5905511811023622
2024-08-29T15:56:23.267940,interface,0.2125984251968504,0.6096103104117988,0.05711316166470126,0.9485158113354214,0.0,1.0,0.0,0.5984251968503937
2024-08-29T15:56:23.277785,interface,0.2125984251968504,0.6096103104117988,0.05711316166470126,0.9485158113354214,0.0,1.0,0.0,0.6062992125984252
2024-08-29T15:56:23.287509,interface,0.2125984251968504,0.6096103104117988,0.05711316166470126,0.9485158113354214,0.0,1.0,0.0,0.6062992125984252
2024-08-29T15:56:23.298456,interface,0.2125984251968504,0.6096103104117988,0.05711316166470126,0.9485158113354214,0.0,1.0,0.0,0.6141732283464567
2024-08-29T15:56:23.314403,interface,0.2125984251968504,0.6096103104117988,0.05711316166470126,0.9485158113354214,0.0,1.0,0.0,0.6220472440944882
2024-08-29T15:56:23.346303,interface,0.2125984251968504,0.6096103104117988,0.05711316166470126,0.9485158113354214,0.0,1.0,0.0,0.6220472440944882
2024-08-29T15:56:23.378409,interface,0.2125984251968504,0.6096103104117988,0.05711316166470126,0.9485158113354214,0.0,1.0,0.0,0.6299212598425197
2024-08-29T15:56:23.387771,interface,0.2125984251968504,0.6096103104117988,0.05711316166470126,0.9485158113354214,0.0,1.0,0.0,0.6377952755905512
2024-08-29T15:56:23.397053,interface,0.2125984251968504,0.6096103104117988,0.05711316166470126,0.9485158113354214,0.0,1.0,0.0,0.6456692913385826
2024-08-29T15:56:23.407911,interface,0.2125984251968504,0.6096103104117988,0.05711316166470126,0.9485158113354214,0.0,1.0,0.0,0.6535433070866141
2024-08-29T15:56:23.409056,interface,0.2125984251968504,0.6096103104117988,0.05711316166470126,0.9485158113354214,0.0,1.0,0.0,0.6692913385826772
2024-08-29T15:56:23.414562,interface,0.2125984251968504,0.6096103104117988,0.05711316166470126,0.9485158113354214,0.0,1.0,0.0,0.6771653543307087
2024-08-29T15:56:23.427387,interface,0.2125984251968504,0.6096103104117988,0.05711316166470126,0.9485158113354214,0.0,1.0,0.0,0.6929133858267716
2024-08-29T15:56:23.437472,interface,0.2125984251968504,0.6096103104117988,0.05711316166470126,0.9485158113354214,0.0,1.0,0.0,0.7007874015748031
2024-08-29T15:56:23.446589,interface,0.2125984251968504,0.6096103104117988,0.05711316166470126,0.9485158113354214,0.0,1.0,0.0,0.7086614173228346
2024-08-29T15:56:23.447889,interface,0.2125984251968504,0.6096103104117988,0.05711316166470126,0.9485158113354214,0.0,1.0,0.0,0.7165354330708661
2024-08-29T15:56:23.458505,interface,0.2125984251968504,0.6096103104117988,0.05711316166470126,0.9485158113354214,0.0,1.0,0.0,0.7165354330708661
2024-08-29T15:56:23.467220,interface,0.2125984251968504,0.6096103104117988,0.05711316166470126,0.9485158113354214,0.0,1.0,0.0,0.7244094488188977
2024-08-29T15:56:23.486162,interface,0.2125984251968504,0.6096103104117988,0.05711316166470126,0.9485158113354214,0.0,1.0,0.0,0.7322834645669292
2024-08-29T15:56:23.517980,interface,0.2125984251968504,0.6096103104117988,0.05711316166470126,0.9485158113354214,0.0,1.0,0.0,0.7322834645669292
2024-08-29T15:56:23.650523,interface,0.2125984251968504,0.6096103104117988,0.05711316166470126,0.9485158113354214,0.0,1.0,0.0,0.7322834645669292
2024-08-29T15:56:27.021052,interface,0.2047244094488189,0.6096103104117988,0.05711316166470126,0.9485158113354214,0.0,1.0,0.0,0.7322834645669292
2024-08-29T15:56:27.053002,interface,0.1968503937007874,0.6096103104117988,0.05711316166470126,0.9485158113354214,0.0,1.0,0.0,0.7322834645669292
2024-08-29T15:56:27.074902,interface,0.1968503937007874,0.6096103104117988,0.05711316166470126,0.9485158113354214,0.0,1.0,0.0,0.7322834645669292
2024-08-29T15:56:27.091075,interface,0.1889763779527559,0.6096103104117988,0.05711316166470126,0.9485158113354214,0.0,1.0,0.0,0.7322834645669292
2024-08-29T15:56:27.107279,interface,0.1889763779527559,0.6096103104117988,0.05711316166470126,0.9485158113354214,0.0,1.0,0.0,0.7322834645669292
2024-08-29T15:56:27.123238,interface,0.18110236220472442,0.6096103104117988,0.05711316166470126,0.9485158113354214,0.0,1.0,0.0,0.7322834645669292
2024-08-29T15:56:27.139281,interface,0.18110236220472442,0.6096103104117988,0.05711316166470126,0.9485158113354214,0.0,1.0,0.0,0.7322834645669292
2024-08-29T15:56:27.164149,interface,0.1732283464566929,0.6096103104117988,0.05711316166470126,0.9485158113354214,0.0,1.0,0.0,0.7322834645669292
2024-08-29T15:56:27.187145,interface,0.1732283464566929,0.6096103104117988,0.05711316166470126,0.9485158113354214,0.0,1.0,0.0,0.7322834645669292
2024-08-29T15:56:27.203248,interface,0.16535433070866143,0.6096103104117988,0.05711316166470126,0.9485158113354214,0.0,1.0,0.0,0.7322834645669292
2024-08-29T15:56:27.219333,interface,0.15748031496062992,0.6096103104117988,0.05711316166470126,0.9485158113354214,0.0,1.0,0.0,0.7322834645669292
2024-08-29T15:56:27.244096,interface,0.15748031496062992,0.6096103104117988,0.05711316166470126,0.9485158113354214,0.0,1.0,0.0,0.7322834645669292
2024-08-29T15:56:27.267094,interface,0.14960629921259844,0.6096103104117988,0.05711316166470126,0.9485158113354214,0.0,1.0,0.0,0.7322834645669292
2024-08-29T15:56:27.283265,interface,0.14960629921259844,0.6096103104117988,0.05711316166470126,0.9485158113354214,0.0,1.0,0.0,0.7322834645669292
2024-08-29T15:56:27.307135,interface,0.14173228346456693,0.6096103104117988,0.05711316166470126,0.9485158113354214,0.0,1.0,0.0,0.7322834645669292
2024-08-29T15:56:27.331161,interface,0.14173228346456693,0.6096103104117988,0.05711316166470126,0.9485158113354214,0.0,1.0,0.0,0.7322834645669292
2024-08-29T15:56:27.347322,interface,0.13385826771653545,0.6096103104117988,0.05711316166470126,0.9485158113354214,0.0,1.0,0.0,0.7322834645669292
2024-08-29T15:56:27.371192,interface,0.12598425196850394,0.6096103104117988,0.05711316166470126,0.9485158113354214,0.0,1.0,0.0,0.7322834645669292
2024-08-29T15:56:27.387210,interface,0.12598425196850394,0.6096103104117988,0.05711316166470126,0.9485158113354214,0.0,1.0,0.0,0.7322834645669292
2024-08-29T15:56:27.403157,interface,0.11811023622047244,0.6096103104117988,0.05711316166470126,0.9485158113354214,0.0,1.0,0.0,0.7322834645669292
2024-08-29T15:56:27.419162,interface,0.11811023622047244,0.6096103104117988,0.05711316166470126,0.9485158113354214,0.0,1.0,0.0,0.7322834645669292
2024-08-29T15:56:27.435169,interface,0.11023622047244094,0.6096103104117988,0.05711316166470126,0.9485158113354214,0.0,1.0,0.0,0.7322834645669292
2024-08-29T15:56:27.451179,interface,0.11023622047244094,0.6096103104117988,0.05711316166470126,0.9485158113354214,0.0,1.0,0.0,0.7322834645669292
2024-08-29T15:56:27.467176,interface,0.10236220472440945,0.6096103104117988,0.05711316166470126,0.9485158113354214,0.0,1.0,0.0,0.7322834645669292
2024-08-29T15:56:27.491178,interface,0.09448818897637795,0.6096103104117988,0.05711316166470126,0.9485158113354214,0.0,1.0,0.0,0.7322834645669292
2024-08-29T15:56:27.523158,interface,0.09448818897637795,0.6096103104117988,0.05711316166470126,0.9485158113354214,0.0,1.0,0.0,0.7322834645669292
2024-08-29T15:56:27.555261,interface,0.08661417322834646,0.6096103104117988,0.05711316166470126,0.9485158113354214,0.0,1.0,0.0,0.7322834645669292
2024-08-29T15:56:27.840795,interface,0.08661417322834646,0.6096103104117988,0.05711316166470126,0.9485158113354214,0.0,1.0,0.0,0.7322834645669292
2024-08-29T15:56:27.844383,interface,0.07874015748031496,0.6096103104117988,0.05711316166470126,0.9485158113354214,0.0,1.0,0.0,0.7322834645669292
2024-08-29T15:56:27.897098,interface,0.07874015748031496,0.6096103104117988,0.05711316166470126,0.9485158113354214,0.0,1.0,0.0,0.7322834645669292
2024-08-29T15:56:27.993082,interface,0.07874015748031496,0.6096103104117988,0.05711316166470126,0.9485158113354214,0.0,1.0,0.0,0.7322834645669292
2024-08-29T15:56:33.788246,interface,0.07874015748031496,0.0,0.05711316166470126,0.9485158113354214,0.0,1.0,0.0,0.7322834645669292
2024-08-29T15:56:33.988281,interface,0.07874015748031496,0.0,0.48031496062992124,0.9485158113354214,0.0,1.0,0.0,0.7322834645669292
2024-08-29T15:56:33.998424,interface,0.07874015748031496,0.0,0.47244094488188976,0.9485158113354214,0.0,1.0,0.0,0.7322834645669292
2024-08-29T15:56:34.012264,interface,0.07874015748031496,0.0,0.4645669291338583,0.9485158113354214,0.0,1.0,0.0,0.7322834645669292
2024-08-29T15:56:34.020820,interface,0.07874015748031496,0.0,0.4566929133858268,0.9485158113354214,0.0,1.0,0.0,0.7322834645669292
2024-08-29T15:56:34.024272,interface,0.07874015748031496,0.0,0.4566929133858268,0.9485158113354214,0.0,1.0,0.0,0.7322834645669292
2024-08-29T15:56:34.037514,interface,0.07874015748031496,0.0,0.44881889763779526,0.9485158113354214,0.0,1.0,0.0,0.7322834645669292
2024-08-29T15:56:34.047161,interface,0.07874015748031496,0.0,0.4330708661417323,0.9485158113354214,0.0,1.0,0.0,0.7322834645669292
2024-08-29T15:56:34.050412,interface,0.07874015748031496,0.0,0.4251968503937008,0.9485158113354214,0.0,1.0,0.0,0.7322834645669292
2024-08-29T15:56:34.060345,interface,0.07874015748031496,0.0,0.4094488188976378,0.9485158113354214,0.0,1.0,0.0,0.7322834645669292
2024-08-29T15:56:34.068858,interface,0.07874015748031496,0.0,0.3937007874015748,0.9485158113354214,0.0,1.0,0.0,0.7322834645669292
2024-08-29T15:56:34.077313,interface,0.07874015748031496,0.0,0.3779527559055118,0.9485158113354214,0.0,1.0,0.0,0.7322834645669292
2024-08-29T15:56:34.091138,interface,0.07874015748031496,0.0,0.3543307086614173,0.9485158113354214,0.0,1.0,0.0,0.7322834645669292
2024-08-29T15:56:34.092468,interface,0.07874015748031496,0.0,0.33858267716535434,0.9485158113354214,0.0,1.0,0.0,0.7322834645669292
2024-08-29T15:56:34.095974,interface,0.07874015748031496,0.0,0.3228346456692913,0.9485158113354214,0.0,1.0,0.0,0.7322834645669292
2024-08-29T15:56:34.108366,interface,0.07874015748031496,0.0,0.30708661417322836,0.9485158113354214,0.0,1.0,0.0,0.7322834645669292
2024-08-29T15:56:34.117719,interface,0.07874015748031496,0.0,0.29133858267716534,0.9485158113354214,0.0,1.0,0.0,0.7322834645669292
2024-08-29T15:56:34.126618,interface,0.07874015748031496,0.0,0.2755905511811024,0.9485158113354214,0.0,1.0,0.0,0.7322834645669292
2024-08-29T15:56:34.137940,interface,0.07874015748031496,0.0,0.25984251968503935,0.9485158113354214,0.0,1.0,0.0,0.7322834645669292
2024-08-29T15:56:34.139095,interface,0.07874015748031496,0.0,0.25196850393700787,0.9485158113354214,0.0,1.0,0.0,0.7322834645669292
2024-08-29T15:56:34.144577,interface,0.07874015748031496,0.0,0.23622047244094488,0.9485158113354214,0.0,1.0,0.0,0.7322834645669292
2024-08-29T15:56:34.157297,interface,0.07874015748031496,0.0,0.2204724409448819,0.9485158113354214,0.0,1.0,0.0,0.7322834645669292
2024-08-29T15:56:34.167558,interface,0.07874015748031496,0.0,0.2125984251968504,0.9485158113354214,0.0,1.0,0.0,0.7322834645669292
2024-08-29T15:56:34.177031,interface,0.07874015748031496,0.0,0.1968503937007874,0.9485158113354214,0.0,1.0,0.0,0.7322834645669292
2024-08-29T15:56:34.178243,interface,0.07874015748031496,0.0,0.1889763779527559,0.9485158113354214,0.0,1.0,0.0,0.7322834645669292
2024-08-29T15:56:34.183565,interface,0.07874015748031496,0.0,0.1732283464566929,0.9485158113354214,0.0,1.0,0.0,0.7322834645669292
2024-08-29T15:56:34.196954,interface,0.07874015748031496,0.0,0.16535433070866143,0.9485158113354214,0.0,1.0,0.0,0.7322834645669292
2024-08-29T15:56:34.207286,interface,0.07874015748031496,0.0,0.14960629921259844,0.9485158113354214,0.0,1.0,0.0,0.7322834645669292
2024-08-29T15:56:34.218363,interface,0.07874015748031496,0.0,0.13385826771653545,0.9485158113354214,0.0,1.0,0.0,0.7322834645669292
2024-08-29T15:56:34.219520,interface,0.07874015748031496,0.0,0.11811023622047244,0.9485158113354214,0.0,1.0,0.0,0.7322834645669292
2024-08-29T15:56:34.224801,interface,0.07874015748031496,0.0,0.10236220472440945,0.9485158113354214,0.0,1.0,0.0,0.7322834645669292
2024-08-29T15:56:34.238313,interface,0.07874015748031496,0.0,0.07874015748031496,0.9485158113354214,0.0,1.0,0.0,0.7322834645669292
2024-08-29T15:56:34.241614,interface,0.07874015748031496,0.0,0.05511811023622047,0.9485158113354214,0.0,1.0,0.0,0.7322834645669292
2024-08-29T15:56:34.258269,interface,0.07874015748031496,0.0,0.03937007874015748,0.9485158113354214,0.0,1.0,0.0,0.7322834645669292
2024-08-29T15:56:34.259527,interface,0.07874015748031496,0.0,0.023622047244094488,0.9485158113354214,0.0,1.0,0.0,0.7322834645669292
2024-08-29T15:56:34.264703,interface,0.07874015748031496,0.0,0.007874015748031496,0.9485158113354214,0.0,1.0,0.0,0.7322834645669292
2024-08-29T15:56:34.282269,interface,0.07874015748031496,0.0,0.007874015748031496,0.9485158113354214,0.0,1.0,0.0,0.7322834645669292
2024-08-29T15:56:34.283426,interface,0.07874015748031496,0.0,0.0,0.9485158113354214,0.0,1.0,0.0,0.7322834645669292
2024-08-29T15:56:34.300343,interface,0.07874015748031496,0.0,0.0,0.9485158113354214,0.0,1.0,0.0,0.7322834645669292
2024-08-29T15:56:34.727970,interface,0.07874015748031496,0.0,0.0,0.0,0.0,1.0,0.0,0.7322834645669292
2024-08-29T15:56:34.766477,interface,0.07874015748031496,0.0,0.0,0.007874015748031496,0.0,1.0,0.0,0.7322834645669292
2024-08-29T15:56:34.809868,interface,0.07874015748031496,0.0,0.0,0.007874015748031496,0.0,1.0,0.0,0.7322834645669292
2024-08-29T15:56:34.822450,interface,0.07874015748031496,0.0,0.0,0.015748031496062992,0.0,1.0,0.0,0.7322834645669292
2024-08-29T15:56:34.825857,interface,0.07874015748031496,0.0,0.0,0.023622047244094488,0.0,1.0,0.0,0.7322834645669292
2024-08-29T15:56:34.846507,interface,0.07874015748031496,0.0,0.0,0.023622047244094488,0.0,1.0,0.0,0.7322834645669292
2024-08-29T15:56:34.862691,interface,0.07874015748031496,0.0,0.0,0.031496062992125984,0.0,1.0,0.0,0.7322834645669292
2024-08-29T15:56:34.878631,interface,0.07874015748031496,0.0,0.0,0.03937007874015748,0.0,1.0,0.0,0.7322834645669292
2024-08-29T15:56:34.894618,interface,0.07874015748031496,0.0,0.0,0.047244094488188976,0.0,1.0,0.0,0.7322834645669292
2024-08-29T15:56:34.951114,interface,0.07874015748031496,0.0,0.0,0.047244094488188976,0.0,1.0,0.0,0.7322834645669292
2024-08-29T15:56:35.060537,interface,0.07874015748031496,0.0,0.0,0.047244094488188976,0.0,1.0,0.0,0.7322834645669292
2024-08-29T15:56:35.084549,interface,0.07874015748031496,0.0,0.0,0.047244094488188976,0.007874015748031496,1.0,0.0,0.7322834645669292
2024-08-29T15:56:35.110115,interface,0.07874015748031496,0.0,0.0,0.047244094488188976,0.015748031496062992,1.0,0.0,0.7322834645669292
2024-08-29T15:56:35.113580,interface,0.07874015748031496,0.0,0.0,0.047244094488188976,0.015748031496062992,1.0,0.0,0.7322834645669292
2024-08-29T15:56:35.127337,interface,0.07874015748031496,0.0,0.0,0.047244094488188976,0.023622047244094488,1.0,0.0,0.7322834645669292
2024-08-29T15:56:35.136653,interface,0.07874015748031496,0.0,0.0,0.05511811023622047,0.023622047244094488,1.0,0.0,0.7322834645669292
2024-08-29T15:56:47.674013,interface,0.07874015748031496,0.0,0.0,0.06299212598425197,0.023622047244094488,1.0,0.0,0.7322834645669292
2024-08-29T15:56:47.694488,interface,0.07874015748031496,0.0,0.0,0.07086614173228346,0.023622047244094488,1.0,0.0,0.7322834645669292
2024-08-29T15:56:47.707000,interface,0.07874015748031496,0.0,0.0,0.07086614173228346,0.023622047244094488,1.0,0.0,0.7322834645669292
2024-08-29T15:56:47.708172,interface,0.07874015748031496,0.0,0.0,0.07874015748031496,0.023622047244094488,1.0,0.0,0.7322834645669292
2024-08-29T15:56:47.718802,interface,0.07874015748031496,0.0,0.0,0.07874015748031496,0.023622047244094488,1.0,0.0,0.7322834645669292
2024-08-29T15:56:47.727639,interface,0.07874015748031496,0.0,0.0,0.08661417322834646,0.023622047244094488,1.0,0.0,0.7322834645669292
2024-08-29T15:56:47.737870,interface,0.07874015748031496,0.0,0.0,0.09448818897637795,0.023622047244094488,1.0,0.0,0.7322834645669292
2024-08-29T15:56:47.747491,interface,0.07874015748031496,0.0,0.0,0.09448818897637795,0.023622047244094488,1.0,0.0,0.7322834645669292
2024-08-29T15:56:47.748745,interface,0.07874015748031496,0.0,0.0,0.10236220472440945,0.023622047244094488,1.0,0.0,0.7322834645669292
2024-08-29T15:56:47.754025,interface,0.07874015748031496,0.0,0.0,0.10236220472440945,0.023622047244094488,1.0,0.0,0.7322834645669292
2024-08-29T15:56:47.769222,interface,0.07874015748031496,0.0,0.0,0.11023622047244094,0.023622047244094488,1.0,0.0,0.7322834645669292
2024-08-29T15:56:47.772609,interface,0.07874015748031496,0.0,0.0,0.11811023622047244,0.023622047244094488,1.0,0.0,0.7322834645669292
2024-08-29T15:56:47.787284,interface,0.07874015748031496,0.0,0.0,0.11811023622047244,0.023622047244094488,1.0,0.0,0.7322834645669292
2024-08-29T15:56:47.788442,interface,0.07874015748031496,0.0,0.0,0.12598425196850394,0.023622047244094488,1.0,0.0,0.7322834645669292
2024-08-29T15:56:47.793992,interface,0.07874015748031496,0.0,0.0,0.12598425196850394,0.023622047244094488,1.0,0.0,0.7322834645669292
2024-08-29T15:56:47.806784,interface,0.07874015748031496,0.0,0.0,0.13385826771653545,0.023622047244094488,1.0,0.0,0.7322834645669292
2024-08-29T15:56:47.817224,interface,0.07874015748031496,0.0,0.0,0.14173228346456693,0.023622047244094488,1.0,0.0,0.7322834645669292
2024-08-29T15:56:47.826603,interface,0.07874015748031496,0.0,0.0,0.14960629921259844,0.023622047244094488,1.0,0.0,0.7322834645669292
2024-08-29T15:56:47.827902,interface,0.07874015748031496,0.0,0.0,0.14960629921259844,0.023622047244094488,1.0,0.0,0.7322834645669292
2024-08-29T15:56:47.838858,interface,0.07874015748031496,0.0,0.0,0.15748031496062992,0.023622047244094488,1.0,0.0,0.7322834645669292
2024-08-29T15:56:47.847903,interface,0.07874015748031496,0.0,0.0,0.16535433070866143,0.023622047244094488,1.0,0.0,0.7322834645669292
2024-08-29T15:56:47.856981,interface,0.07874015748031496,0.0,0.0,0.16535433070866143,0.023622047244094488,1.0,0.0,0.7322834645669292
2024-08-29T15:56:47.866938,interface,0.07874015748031496,0.0,0.0,0.1732283464566929,0.023622047244094488,1.0,0.0,0.7322834645669292
2024-08-29T15:56:47.868099,interface,0.07874015748031496,0.0,0.0,0.1732283464566929,0.023622047244094488,1.0,0.0,0.7322834645669292
2024-08-29T15:56:47.878699,interface,0.07874015748031496,0.0,0.0,0.18110236220472442,0.023622047244094488,1.0,0.0,0.7322834645669292
2024-08-29T15:56:47.897245,interface,0.07874015748031496,0.0,0.0,0.1889763779527559,0.023622047244094488,1.0,0.0,0.7322834645669292
2024-08-29T15:56:47.913385,interface,0.07874015748031496,0.0,0.0,0.1889763779527559,0.023622047244094488,1.0,0.0,0.7322834645669292
2024-08-29T15:56:47.914514,interface,0.07874015748031496,0.0,0.0,0.1968503937007874,0.023622047244094488,1.0,0.0,0.7322834645669292
2024-08-29T15:56:47.927896,interface,0.07874015748031496,0.0,0.0,0.1968503937007874,0.023622047244094488,1.0,0.0,0.7322834645669292
2024-08-29T15:56:47.944109,interface,0.07874015748031496,0.0,0.0,0.2047244094488189,0.023622047244094488,1.0,0.0,0.7322834645669292
2024-08-29T15:56:47.960108,interface,0.07874015748031496,0.0,0.0,0.2125984251968504,0.023622047244094488,1.0,0.0,0.7322834645669292
2024-08-29T15:56:47.976190,interface,0.07874015748031496,0.0,0.0,0.2204724409448819,0.023622047244094488,1.0,0.0,0.7322834645669292
2024-08-29T15:56:47.986617,interface,0.07874015748031496,0.0,0.0,0.2204724409448819,0.023622047244094488,1.0,0.0,0.7322834645669292
2024-08-29T15:56:47.987906,interface,0.07874015748031496,0.0,0.0,0.2283464566929134,0.023622047244094488,1.0,0.0,0.7322834645669292
2024-08-29T15:56:48.000844,interface,0.07874015748031496,0.0,0.0,0.23622047244094488,0.023622047244094488,1.0,0.0,0.7322834645669292
2024-08-29T15:56:48.004131,interface,0.07874015748031496,0.0,0.0,0.23622047244094488,0.023622047244094488,1.0,0.0,0.7322834645669292
2024-08-29T15:56:48.017363,interface,0.07874015748031496,0.0,0.0,0.2440944881889764,0.023622047244094488,1.0,0.0,0.7322834645669292
2024-08-29T15:56:48.027739,interface,0.07874015748031496,0.0,0.0,0.2440944881889764,0.023622047244094488,1.0,0.0,0.7322834645669292
2024-08-29T15:56:48.029199,interface,0.07874015748031496,0.0,0.0,0.25196850393700787,0.023622047244094488,1.0,0.0,0.7322834645669292
2024-08-29T15:56:48.034867,interface,0.07874015748031496,0.0,0.0,0.25984251968503935,0.023622047244094488,1.0,0.0,0.7322834645669292
2024-08-29T15:56:48.046992,interface,0.07874015748031496,0.0,0.0,0.25984251968503935,0.023622047244094488,1.0,0.0,0.7322834645669292
2024-08-29T15:56:48.057701,interface,0.07874015748031496,0.0,0.0,0.2677165354330709,0.023622047244094488,1.0,0.0,0.7322834645669292
2024-08-29T15:56:48.072166,interface,0.07874015748031496,0.0,0.0,0.2677165354330709,0.023622047244094488,1.0,0.0,0.7322834645669292
2024-08-29T15:56:48.073487,interface,0.07874015748031496,0.0,0.0,0.2755905511811024,0.023622047244094488,1.0,0.0,0.7322834645669292
2024-08-29T15:56:48.074557,interface,0.07874015748031496,0.0,0.0,0.28346456692913385,0.023622047244094488,1.0,0.0,0.7322834645669292
2024-08-29T15:56:48.087385,interface,0.07874015748031496,0.0,0.0,0.29133858267716534,0.023622047244094488,1.0,0.0,0.7322834645669292
2024-08-29T15:56:48.097549,interface,0.07874015748031496,0.0,0.0,0.29133858267716534,0.023622047244094488,1.0,0.0,0.7322834645669292
2024-08-29T15:56:48.106966,interface,0.07874015748031496,0.0,0.0,0.2992125984251969,0.023622047244094488,1.0,0.0,0.7322834645669292
2024-08-29T15:56:48.108143,interface,0.07874015748031496,0.0,0.0,0.30708661417322836,0.023622047244094488,1.0,0.0,0.7322834645669292
2024-08-29T15:56:48.118733,interface,0.07874015748031496,0.0,0.0,0.31496062992125984,0.023622047244094488,1.0,0.0,0.7322834645669292
2024-08-29T15:56:48.127600,interface,0.07874015748031496,0.0,0.0,0.31496062992125984,0.023622047244094488,1.0,0.0,0.7322834645669292
2024-08-29T15:56:48.137242,interface,0.07874015748031496,0.0,0.0,0.3228346456692913,0.023622047244094488,1.0,0.0,0.7322834645669292
2024-08-29T15:56:48.151302,interface,0.07874015748031496,0.0,0.0,0.33070866141732286,0.023622047244094488,1.0,0.0,0.7322834645669292
2024-08-29T15:56:48.152435,interface,0.07874015748031496,0.0,0.0,0.33070866141732286,0.023622047244094488,1.0,0.0,0.7322834645669292
2024-08-29T15:56:48.153697,interface,0.07874015748031496,0.0,0.0,0.33858267716535434,0.023622047244094488,1.0,0.0,0.7322834645669292
2024-08-29T15:56:48.167517,interface,0.07874015748031496,0.0,0.0,0.3464566929133858,0.023622047244094488,1.0,0.0,0.7322834645669292
2024-08-29T15:56:48.177350,interface,0.07874015748031496,0.0,0.0,0.3464566929133858,0.023622047244094488,1.0,0.0,0.7322834645669292
2024-08-29T15:56:48.186685,interface,0.07874015748031496,0.0,0.0,0.3543307086614173,0.023622047244094488,1.0,0.0,0.7322834645669292
2024-08-29T15:56:48.190101,interface,0.07874015748031496,0.0,0.0,0.36220472440944884,0.023622047244094488,1.0,0.0,0.7322834645669292
2024-08-29T15:56:48.198756,interface,0.07874015748031496,0.0,0.0,0.36220472440944884,0.023622047244094488,1.0,0.0,0.7322834645669292
2024-08-29T15:56:48.207483,interface,0.07874015748031496,0.0,0.0,0.3700787401574803,0.023622047244094488,1.0,0.0,0.7322834645669292
2024-08-29T15:56:48.216860,interface,0.07874015748031496,0.0,0.0,0.3779527559055118,0.023622047244094488,1.0,0.0,0.7322834645669292
2024-08-29T15:56:48.231270,interface,0.07874015748031496,0.0,0.0,0.3779527559055118,0.023622047244094488,1.0,0.0,0.7322834645669292
2024-08-29T15:56:48.232403,interface,0.07874015748031496,0.0,0.0,0.3858267716535433,0.023622047244094488,1.0,0.0,0.7322834645669292
2024-08-29T15:56:48.233668,interface,0.07874015748031496,0.0,0.0,0.3858267716535433,0.023622047244094488,1.0,0.0,0.7322834645669292
2024-08-29T15:56:48.247242,interface,0.07874015748031496,0.0,0.0,0.3937007874015748,0.023622047244094488,1.0,0.0,0.7322834645669292
2024-08-29T15:56:48.263322,interface,0.07874015748031496,0.0,0.0,0.3937007874015748,0.023622047244094488,1.0,0.0,0.7322834645669292
2024-08-29T15:56:48.264461,interface,0.07874015748031496,0.0,0.0,0.4015748031496063,0.023622047244094488,1.0,0.0,0.7322834645669292
2024-08-29T15:56:48.265730,interface,0.07874015748031496,0.0,0.0,0.4094488188976378,0.023622047244094488,1.0,0.0,0.7322834645669292
2024-08-29T15:56:48.278753,interface,0.07874015748031496,0.0,0.0,0.4094488188976378,0.023622047244094488,1.0,0.0,0.7322834645669292
2024-08-29T15:56:48.287514,interface,0.07874015748031496,0.0,0.0,0.41732283464566927,0.023622047244094488,1.0,0.0,0.7322834645669292
2024-08-29T15:56:48.296505,interface,0.07874015748031496,0.0,0.0,0.41732283464566927,0.023622047244094488,1.0,0.0,0.7322834645669292
2024-08-29T15:56:48.311275,interface,0.07874015748031496,0.0,0.0,0.4251968503937008,0.023622047244094488,1.0,0.0,0.7322834645669292
2024-08-29T15:56:48.312412,interface,0.07874015748031496,0.0,0.0,0.4251968503937008,0.023622047244094488,1.0,0.0,0.7322834645669292
2024-08-29T15:56:48.315639,interface,0.07874015748031496,0.0,0.0,0.4330708661417323,0.023622047244094488,1.0,0.0,0.7322834645669292
2024-08-29T15:56:48.334872,interface,0.07874015748031496,0.0,0.0,0.4409448818897638,0.023622047244094488,1.0,0.0,0.7322834645669292
2024-08-29T15:56:48.350889,interface,0.07874015748031496,0.0,0.0,0.4409448818897638,0.023622047244094488,1.0,0.0,0.7322834645669292
2024-08-29T15:56:48.366931,interface,0.07874015748031496,0.0,0.0,0.44881889763779526,0.023622047244094488,1.0,0.0,0.7322834645669292
2024-08-29T15:56:48.382875,interface,0.07874015748031496,0.0,0.0,0.44881889763779526,0.023622047244094488,1.0,0.0,0.7322834645669292
2024-08-29T15:56:48.406647,interface,0.07874015748031496,0.0,0.0,0.4566929133858268,0.023622047244094488,1.0,0.0,0.7322834645669292
2024-08-29T15:56:48.422685,interface,0.07874015748031496,0.0,0.0,0.4645669291338583,0.023622047244094488,1.0,0.0,0.7322834645669292
2024-08-29T15:56:48.438680,interface,0.07874015748031496,0.0,0.0,0.47244094488188976,0.023622047244094488,1.0,0.0,0.7322834645669292
2024-08-29T15:56:48.454639,interface,0.07874015748031496,0.0,0.0,0.47244094488188976,0.023622047244094488,1.0,0.0,0.7322834645669292
2024-08-29T15:56:48.470652,interface,0.07874015748031496,0.0,0.0,0.48031496062992124,0.023622047244094488,1.0,0.0,0.7322834645669292
2024-08-29T15:56:48.486632,interface,0.07874015748031496,0.0,0.0,0.4881889763779528,0.023622047244094488,1.0,0.0,0.7322834645669292
2024-08-29T15:56:48.502647,interface,0.07874015748031496,0.0,0.0,0.4881889763779528,0.023622047244094488,1.0,0.0,0.7322834645669292
2024-08-29T15:56:48.518636,interface,0.07874015748031496,0.0,0.0,0.49606299212598426,0.023622047244094488,1.0,0.0,0.7322834645669292
2024-08-29T15:56:48.542769,interface,0.07874015748031496,0.0,0.0,0.5039370078740157,0.023622047244094488,1.0,0.0,0.7322834645669292
2024-08-29T15:56:48.558914,interface,0.07874015748031496,0.0,0.0,0.5039370078740157,0.023622047244094488,1.0,0.0,0.7322834645669292
2024-08-29T15:56:48.582692,interface,0.07874015748031496,0.0,0.0,0.5118110236220472,0.023622047244094488,1.0,0.0,0.7322834645669292
2024-08-29T15:56:48.614668,interface,0.07874015748031496,0.0,0.0,0.5118110236220472,0.023622047244094488,1.0,0.0,0.7322834645669292
2024-08-29T15:56:48.630683,interface,0.07874015748031496,0.0,0.0,0.5196850393700787,0.023622047244094488,1.0,0.0,0.7322834645669292
2024-08-29T15:56:48.646675,interface,0.07874015748031496,0.0,0.0,0.5196850393700787,0.023622047244094488,1.0,0.0,0.7322834645669292
2024-08-29T15:56:48.662663,interface,0.07874015748031496,0.0,0.0,0.5275590551181102,0.023622047244094488,1.0,0.0,0.7322834645669292
2024-08-29T15:56:48.678672,interface,0.07874015748031496,0.0,0.0,0.5275590551181102,0.023622047244094488,1.0,0.0,0.7322834645669292
2024-08-29T15:56:48.694673,interface,0.07874015748031496,0.0,0.0,0.5354330708661418,0.023622047244094488,1.0,0.0,0.7322834645669292
2024-08-29T15:56:48.710699,interface,0.07874015748031496,0.0,0.0,0.5433070866141733,0.023622047244094488,1.0,0.0,0.7322834645669292
2024-08-29T15:56:48.726717,interface,0.07874015748031496,0.0,0.0,0.5433070866141733,0.023622047244094488,1.0,0.0,0.7322834645669292
2024-08-29T15:56:48.746631,interface,0.07874015748031496,0.0,0.0,0.5511811023622047,0.023622047244094488,1.0,0.0,0.7322834645669292
2024-08-29T15:56:48.761497,interface,0.07874015748031496,0.0,0.0,0.5511811023622047,0.023622047244094488,1.0,0.0,0.7322834645669292
2024-08-29T15:56:48.774836,interface,0.07874015748031496,0.0,0.0,0.5590551181102362,0.023622047244094488,1.0,0.0,0.7322834645669292
2024-08-29T15:56:48.798835,interface,0.07874015748031496,0.0,0.0,0.5590551181102362,0.023622047244094488,1.0,0.0,0.7322834645669292
2024-08-29T15:56:48.830901,interface,0.07874015748031496,0.0,0.0,0.5669291338582677,0.023622047244094488,1.0,0.0,0.7322834645669292
2024-08-29T15:56:48.870736,interface,0.07874015748031496,0.0,0.0,0.5669291338582677,0.023622047244094488,1.0,0.0,0.7322834645669292
2024-08-29T15:56:48.926831,interface,0.07874015748031496,0.0,0.0,0.5748031496062992,0.023622047244094488,1.0,0.0,0.7322834645669292
2024-08-29T15:56:48.982755,interface,0.07874015748031496,0.0,0.0,0.5748031496062992,0.023622047244094488,1.0,0.0,0.7322834645669292
2024-08-29T15:56:49.043296,interface,0.07874015748031496,0.0,0.0,0.5826771653543307,0.023622047244094488,1.0,0.0,0.7322834645669292
2024-08-29T15:56:51.432027,interface,0.07874015748031496,0.0,0.0,0.5826771653543307,0.023622047244094488,1.0,0.0,0.7322834645669292
2024-08-29T15:56:51.485414,interface,0.07874015748031496,0.0,0.0,0.5826771653543307,0.023622047244094488,1.0,0.007874015748031496,0.7322834645669292
2024-08-29T15:56:51.511207,interface,0.07874015748031496,0.0,0.0,0.5826771653543307,0.023622047244094488,1.0,0.015748031496062992,0.7322834645669292
2024-08-29T15:56:51.512551,interface,0.07874015748031496,0.0,0.0,0.5826771653543307,0.023622047244094488,1.0,0.015748031496062992,0.7322834645669292
2024-08-29T15:56:51.533481,interface,0.07874015748031496,0.0,0.0,0.5826771653543307,0.023622047244094488,1.0,0.023622047244094488,0.7322834645669292
2024-08-29T15:56:51.549547,interface,0.07874015748031496,0.0,0.0,0.5826771653543307,0.023622047244094488,1.0,0.023622047244094488,0.7322834645669292
2024-08-29T15:56:51.565521,interface,0.07874015748031496,0.0,0.0,0.5826771653543307,0.023622047244094488,1.0,0.031496062992125984,0.7322834645669292
2024-08-29T15:56:51.581832,interface,0.07874015748031496,0.0,0.0,0.5826771653543307,0.023622047244094488,1.0,0.03937007874015748,0.7322834645669292
2024-08-29T15:56:51.597518,interface,0.07874015748031496,0.0,0.0,0.5826771653543307,0.023622047244094488,1.0,0.03937007874015748,0.7322834645669292
2024-08-29T15:56:51.613547,interface,0.07874015748031496,0.0,0.0,0.5826771653543307,0.023622047244094488,1.0,0.047244094488188976,0.7322834645669292
2024-08-29T15:56:51.630588,interface,0.07874015748031496,0.0,0.0,0.5826771653543307,0.023622047244094488,1.0,0.047244094488188976,0.7322834645669292
2024-08-29T15:56:51.645547,interface,0.07874015748031496,0.0,0.0,0.5826771653543307,0.023622047244094488,1.0,0.05511811023622047,0.7322834645669292
2024-08-29T15:56:51.656510,interface,0.07874015748031496,0.0,0.0,0.5826771653543307,0.023622047244094488,1.0,0.06299212598425197,0.7322834645669292
2024-08-29T15:56:51.670225,interface,0.07874015748031496,0.0,0.0,0.5826771653543307,0.023622047244094488,1.0,0.07086614173228346,0.7322834645669292
2024-08-29T15:56:51.686159,interface,0.07874015748031496,0.0,0.0,0.5826771653543307,0.023622047244094488,1.0,0.07086614173228346,0.7322834645669292
2024-08-29T15:56:51.696677,interface,0.07874015748031496,0.0,0.0,0.5826771653543307,0.023622047244094488,1.0,0.07874015748031496,0.7322834645669292
2024-08-29T15:56:51.708072,interface,0.07874015748031496,0.0,0.0,0.5826771653543307,0.023622047244094488,1.0,0.08661417322834646,0.7322834645669292
2024-08-29T15:56:51.709287,interface,0.07874015748031496,0.0,0.0,0.5826771653543307,0.023622047244094488,1.0,0.08661417322834646,0.7322834645669292
2024-08-29T15:56:51.712693,interface,0.07874015748031496,0.0,0.0,0.5826771653543307,0.023622047244094488,1.0,0.09448818897637795,0.7322834645669292
2024-08-29T15:56:51.726901,interface,0.07874015748031496,0.0,0.0,0.5826771653543307,0.023622047244094488,1.0,0.09448818897637795,0.7322834645669292
2024-08-29T15:56:51.736826,interface,0.07874015748031496,0.0,0.0,0.5826771653543307,0.023622047244094488,1.0,0.10236220472440945,0.7322834645669292
2024-08-29T15:56:51.750583,interface,0.07874015748031496,0.0,0.0,0.5826771653543307,0.023622047244094488,1.0,0.10236220472440945,0.7322834645669292
2024-08-29T15:56:51.751940,interface,0.07874015748031496,0.0,0.0,0.5826771653543307,0.023622047244094488,1.0,0.11023622047244094,0.7322834645669292
2024-08-29T15:56:51.753026,interface,0.07874015748031496,0.0,0.0,0.5826771653543307,0.023622047244094488,1.0,0.11023622047244094,0.7322834645669292
2024-08-29T15:56:51.767199,interface,0.07874015748031496,0.0,0.0,0.5826771653543307,0.023622047244094488,1.0,0.11811023622047244,0.7322834645669292
2024-08-29T15:56:51.782313,interface,0.07874015748031496,0.0,0.0,0.5826771653543307,0.023622047244094488,1.0,0.11811023622047244,0.7322834645669292
2024-08-29T15:56:51.783672,interface,0.07874015748031496,0.0,0.0,0.5826771653543307,0.023622047244094488,1.0,0.12598425196850394,0.7322834645669292
2024-08-29T15:56:51.784772,interface,0.07874015748031496,0.0,0.0,0.5826771653543307,0.023622047244094488,1.0,0.12598425196850394,0.7322834645669292
2024-08-29T15:56:51.797451,interface,0.07874015748031496,0.0,0.0,0.5826771653543307,0.023622047244094488,1.0,0.13385826771653545,0.7322834645669292
2024-08-29T15:56:51.806948,interface,0.07874015748031496,0.0,0.0,0.5826771653543307,0.023622047244094488,1.0,0.13385826771653545,0.7322834645669292
2024-08-29T15:56:51.821869,interface,0.07874015748031496,0.0,0.0,0.5826771653543307,0.023622047244094488,1.0,0.14173228346456693,0.7322834645669292
2024-08-29T15:56:51.825319,interface,0.07874015748031496,0.0,0.0,0.5826771653543307,0.023622047244094488,1.0,0.14960629921259844,0.7322834645669292
2024-08-29T15:56:51.837582,interface,0.07874015748031496,0.0,0.0,0.5826771653543307,0.023622047244094488,1.0,0.14960629921259844,0.7322834645669292
2024-08-29T15:56:51.853637,interface,0.07874015748031496,0.0,0.0,0.5826771653543307,0.023622047244094488,1.0,0.15748031496062992,0.7322834645669292
2024-08-29T15:56:51.869569,interface,0.07874015748031496,0.0,0.0,0.5826771653543307,0.023622047244094488,1.0,0.16535433070866143,0.7322834645669292
2024-08-29T15:56:51.885582,interface,0.07874015748031496,0.0,0.0,0.5826771653543307,0.023622047244094488,1.0,0.16535433070866143,0.7322834645669292
2024-08-29T15:56:51.901882,interface,0.07874015748031496,0.0,0.0,0.5826771653543307,0.023622047244094488,1.0,0.1732283464566929,0.7322834645669292
2024-08-29T15:56:51.917576,interface,0.07874015748031496,0.0,0.0,0.5826771653543307,0.023622047244094488,1.0,0.18110236220472442,0.7322834645669292
2024-08-29T15:56:51.933636,interface,0.07874015748031496,0.0,0.0,0.5826771653543307,0.023622047244094488,1.0,0.18110236220472442,0.7322834645669292
2024-08-29T15:56:51.949639,interface,0.07874015748031496,0.0,0.0,0.5826771653543307,0.023622047244094488,1.0,0.1889763779527559,0.7322834645669292
2024-08-29T15:56:51.965584,interface,0.07874015748031496,0.0,0.0,0.5826771653543307,0.023622047244094488,1.0,0.1889763779527559,0.7322834645669292
2024-08-29T15:56:51.981913,interface,0.07874015748031496,0.0,0.0,0.5826771653543307,0.023622047244094488,1.0,0.1968503937007874,0.7322834645669292
2024-08-29T15:56:51.997780,interface,0.07874015748031496,0.0,0.0,0.5826771653543307,0.023622047244094488,1.0,0.2047244094488189,0.7322834645669292
2024-08-29T15:56:52.021690,interface,0.07874015748031496,0.0,0.0,0.5826771653543307,0.023622047244094488,1.0,0.2047244094488189,0.7322834645669292
2024-08-29T15:56:52.045492,interface,0.07874015748031496,0.0,0.0,0.5826771653543307,0.023622047244094488,1.0,0.2125984251968504,0.7322834645669292
2024-08-29T15:56:52.085343,interface,0.07874015748031496,0.0,0.0,0.5826771653543307,0.023622047244094488,1.0,0.2204724409448819,0.7322834645669292
2024-08-29T15:56:52.109875,interface,0.07874015748031496,0.0,0.0,0.5826771653543307,0.023622047244094488,1.0,0.2204724409448819,0.7322834645669292
2024-08-29T15:56:52.133366,interface,0.07874015748031496,0.0,0.0,0.5826771653543307,0.023622047244094488,1.0,0.2283464566929134,0.7322834645669292
2024-08-29T15:56:52.149393,interface,0.07874015748031496,0.0,0.0,0.5826771653543307,0.023622047244094488,1.0,0.2283464566929134,0.7322834645669292
2024-08-29T15:56:52.173518,interface,0.07874015748031496,0.0,0.0,0.5826771653543307,0.023622047244094488,1.0,0.23622047244094488,0.7322834645669292
2024-08-29T15:56:52.189617,interface,0.07874015748031496,0.0,0.0,0.5826771653543307,0.023622047244094488,1.0,0.23622047244094488,0.7322834645669292
2024-08-29T15:56:52.213396,interface,0.07874015748031496,0.0,0.0,0.5826771653543307,0.023622047244094488,1.0,0.2440944881889764,0.7322834645669292
2024-08-29T15:56:52.317197,interface,0.07874015748031496,0.0,0.0,0.5826771653543307,0.023622047244094488,1.0,0.2440944881889764,0.7322834645669292
2024-08-29T15:56:54.017710,interface,0.07086614173228346,0.0,0.0,0.5826771653543307,0.023622047244094488,1.0,0.2440944881889764,0.7322834645669292
2024-08-29T15:56:54.209790,interface,0.07086614173228346,0.0,0.0,0.5826771653543307,0.023622047244094488,1.0,0.2440944881889764,0.7322834645669292
2024-08-29T15:56:54.225833,interface,0.07874015748031496,0.0,0.0,0.5826771653543307,0.023622047244094488,1.0,0.2440944881889764,0.7322834645669292
2024-08-29T15:56:54.238235,interface,0.08661417322834646,0.0,0.0,0.5826771653543307,0.023622047244094488,1.0,0.2440944881889764,0.7322834645669292
2024-08-29T15:56:54.247878,interface,0.08661417322834646,0.0,0.0,0.5826771653543307,0.023622047244094488,1.0,0.2440944881889764,0.7322834645669292
2024-08-29T15:56:54.249006,interface,0.09448818897637795,0.0,0.0,0.5826771653543307,0.023622047244094488,1.0,0.2440944881889764,0.7322834645669292
2024-08-29T15:56:54.254129,interface,0.10236220472440945,0.0,0.0,0.5826771653543307,0.023622047244094488,1.0,0.2440944881889764,0.7322834645669292
2024-08-29T15:56:54.266748,interface,0.10236220472440945,0.0,0.0,0.5826771653543307,0.023622047244094488,1.0,0.2440944881889764,0.7322834645669292
2024-08-29T15:56:54.282286,interface,0.11023622047244094,0.0,0.0,0.5826771653543307,0.023622047244094488,1.0,0.2440944881889764,0.7322834645669292
2024-08-29T15:56:54.283485,interface,0.11023622047244094,0.0,0.0,0.5826771653543307,0.023622047244094488,1.0,0.2440944881889764,0.7322834645669292
2024-08-29T15:56:54.284792,interface,0.11811023622047244,0.0,0.0,0.5826771653543307,0.023622047244094488,1.0,0.2440944881889764,0.7322834645669292
2024-08-29T15:56:54.300748,interface,0.12598425196850394,0.0,0.0,0.5826771653543307,0.023622047244094488,1.0,0.2440944881889764,0.7322834645669292
2024-08-29T15:56:54.304220,interface,0.12598425196850394,0.0,0.0,0.5826771653543307,0.023622047244094488,1.0,0.2440944881889764,0.7322834645669292
2024-08-29T15:56:54.316627,interface,0.13385826771653545,0.0,0.0,0.5826771653543307,0.023622047244094488,1.0,0.2440944881889764,0.7322834645669292
2024-08-29T15:56:54.330153,interface,0.13385826771653545,0.0,0.0,0.5826771653543307,0.023622047244094488,1.0,0.2440944881889764,0.7322834645669292
2024-08-29T15:56:54.333436,interface,0.14173228346456693,0.0,0.0,0.5826771653543307,0.023622047244094488,1.0,0.2440944881889764,0.7322834645669292
2024-08-29T15:56:54.351923,interface,0.14173228346456693,0.0,0.0,0.5826771653543307,0.023622047244094488,1.0,0.2440944881889764,0.7322834645669292
2024-08-29T15:56:54.367888,interface,0.14960629921259844,0.0,0.0,0.5826771653543307,0.023622047244094488,1.0,0.2440944881889764,0.7322834645669292
2024-08-29T15:56:54.383923,interface,0.15748031496062992,0.0,0.0,0.5826771653543307,0.023622047244094488,1.0,0.2440944881889764,0.7322834645669292
2024-08-29T15:56:54.399899,interface,0.15748031496062992,0.0,0.0,0.5826771653543307,0.023622047244094488,1.0,0.2440944881889764,0.7322834645669292
2024-08-29T15:56:54.415893,interface,0.16535433070866143,0.0,0.0,0.5826771653543307,0.023622047244094488,1.0,0.2440944881889764,0.7322834645669292
2024-08-29T15:56:54.441097,interface,0.16535433070866143,0.0,0.0,0.5826771653543307,0.023622047244094488,1.0,0.2440944881889764,0.7322834645669292
2024-08-29T15:56:54.520943,interface,0.1732283464566929,0.0,0.0,0.5826771653543307,0.023622047244094488,1.0,0.2440944881889764,0.7322834645669292
2024-08-29T15:56:54.524228,interface,0.18110236220472442,0.0,0.0,0.5826771653543307,0.023622047244094488,1.0,0.2440944881889764,0.7322834645669292
2024-08-29T15:56:54.537474,interface,0.1968503937007874,0.0,0.0,0.5826771653543307,0.023622047244094488,1.0,0.2440944881889764,0.7322834645669292
2024-08-29T15:56:54.546927,interface,0.2047244094488189,0.0,0.0,0.5826771653543307,0.023622047244094488,1.0,0.2440944881889764,0.7322834645669292
2024-08-29T15:56:54.557007,interface,0.2204724409448819,0.0,0.0,0.5826771653543307,0.023622047244094488,1.0,0.2440944881889764,0.7322834645669292
2024-08-29T15:56:54.558290,interface,0.23622047244094488,0.0,0.0,0.5826771653543307,0.023622047244094488,1.0,0.2440944881889764,0.7322834645669292
2024-08-29T15:56:54.563674,interface,0.2440944881889764,0.0,0.0,0.5826771653543307,0.023622047244094488,1.0,0.2440944881889764,0.7322834645669292
2024-08-29T15:56:54.576909,interface,0.25196850393700787,0.0,0.0,0.5826771653543307,0.023622047244094488,1.0,0.2440944881889764,0.7322834645669292
2024-08-29T15:56:54.586539,interface,0.2677165354330709,0.0,0.0,0.5826771653543307,0.023622047244094488,1.0,0.2440944881889764,0.7322834645669292
2024-08-29T15:56:54.600241,interface,0.28346456692913385,0.0,0.0,0.5826771653543307,0.023622047244094488,1.0,0.2440944881889764,0.7322834645669292
2024-08-29T15:56:54.601354,interface,0.2992125984251969,0.0,0.0,0.5826771653543307,0.023622047244094488,1.0,0.2440944881889764,0.7322834645669292
2024-08-29T15:56:54.604559,interface,0.31496062992125984,0.0,0.0,0.5826771653543307,0.023622047244094488,1.0,0.2440944881889764,0.7322834645669292
2024-08-29T15:56:54.617649,interface,0.33070866141732286,0.0,0.0,0.5826771653543307,0.023622047244094488,1.0,0.2440944881889764,0.7322834645669292
2024-08-29T15:56:54.632382,interface,0.3464566929133858,0.0,0.0,0.5826771653543307,0.023622047244094488,1.0,0.2440944881889764,0.7322834645669292
2024-08-29T15:56:54.633520,interface,0.36220472440944884,0.0,0.0,0.5826771653543307,0.023622047244094488,1.0,0.2440944881889764,0.7322834645669292
2024-08-29T15:56:54.634778,interface,0.3779527559055118,0.0,0.0,0.5826771653543307,0.023622047244094488,1.0,0.2440944881889764,0.7322834645669292
2024-08-29T15:56:54.647822,interface,0.3858267716535433,0.0,0.0,0.5826771653543307,0.023622047244094488,1.0,0.2440944881889764,0.7322834645669292
2024-08-29T15:56:54.656886,interface,0.4015748031496063,0.0,0.0,0.5826771653543307,0.023622047244094488,1.0,0.2440944881889764,0.7322834645669292
2024-08-29T15:56:54.667770,interface,0.41732283464566927,0.0,0.0,0.5826771653543307,0.023622047244094488,1.0,0.2440944881889764,0.7322834645669292
2024-08-29T15:56:54.677217,interface,0.4330708661417323,0.0,0.0,0.5826771653543307,0.023622047244094488,1.0,0.2440944881889764,0.7322834645669292
2024-08-29T15:56:54.685837,interface,0.4566929133858268,0.0,0.0,0.5826771653543307,0.023622047244094488,1.0,0.2440944881889764,0.7322834645669292
2024-08-29T15:56:54.687077,interface,0.47244094488188976,0.0,0.0,0.5826771653543307,0.023622047244094488,1.0,0.2440944881889764,0.7322834645669292
2024-08-29T15:56:54.698601,interface,0.4881889763779528,0.0,0.0,0.5826771653543307,0.023622047244094488,1.0,0.2440944881889764,0.7322834645669292
2024-08-29T15:56:54.707455,interface,0.5039370078740157,0.0,0.0,0.5826771653543307,0.023622047244094488,1.0,0.2440944881889764,0.7322834645669292
2024-08-29T15:56:54.716955,interface,0.5196850393700787,0.0,0.0,0.5826771653543307,0.023622047244094488,1.0,0.2440944881889764,0.7322834645669292
2024-08-29T15:56:54.718175,interface,0.5275590551181102,0.0,0.0,0.5826771653543307,0.023622047244094488,1.0,0.2440944881889764,0.7322834645669292
2024-08-29T15:56:54.723489,interface,0.5511811023622047,0.0,0.0,0.5826771653543307,0.023622047244094488,1.0,0.2440944881889764,0.7322834645669292
2024-08-29T15:56:54.737817,interface,0.5590551181102362,0.0,0.0,0.5826771653543307,0.023622047244094488,1.0,0.2440944881889764,0.7322834645669292
2024-08-29T15:56:54.746815,interface,0.5748031496062992,0.0,0.0,0.5826771653543307,0.023622047244094488,1.0,0.2440944881889764,0.7322834645669292
2024-08-29T15:56:54.760472,interface,0.5826771653543307,0.0,0.0,0.5826771653543307,0.023622047244094488,1.0,0.2440944881889764,0.7322834645669292
2024-08-29T15:56:54.761560,interface,0.5905511811023622,0.0,0.0,0.5826771653543307,0.023622047244094488,1.0,0.2440944881889764,0.7322834645669292
2024-08-29T15:56:54.764753,interface,0.5984251968503937,0.0,0.0,0.5826771653543307,0.023622047244094488,1.0,0.2440944881889764,0.7322834645669292
2024-08-29T15:56:54.777389,interface,0.6141732283464567,0.0,0.0,0.5826771653543307,0.023622047244094488,1.0,0.2440944881889764,0.7322834645669292
2024-08-29T15:56:54.791290,interface,0.6220472440944882,0.0,0.0,0.5826771653543307,0.023622047244094488,1.0,0.2440944881889764,0.7322834645669292
2024-08-29T15:56:54.792441,interface,0.6377952755905512,0.0,0.0,0.5826771653543307,0.023622047244094488,1.0,0.2440944881889764,0.7322834645669292
2024-08-29T15:56:54.795961,interface,0.6456692913385826,0.0,0.0,0.5826771653543307,0.023622047244094488,1.0,0.2440944881889764,0.7322834645669292
2024-08-29T15:56:54.807848,interface,0.6614173228346457,0.0,0.0,0.5826771653543307,0.023622047244094488,1.0,0.2440944881889764,0.7322834645669292
2024-08-29T15:56:54.816684,interface,0.6771653543307087,0.0,0.0,0.5826771653543307,0.023622047244094488,1.0,0.2440944881889764,0.7322834645669292
2024-08-29T15:56:54.827932,interface,0.6850393700787402,0.0,0.0,0.5826771653543307,0.023622047244094488,1.0,0.2440944881889764,0.7322834645669292
2024-08-29T15:56:54.837717,interface,0.7086614173228346,0.0,0.0,0.5826771653543307,0.023622047244094488,1.0,0.2440944881889764,0.7322834645669292
2024-08-29T15:56:54.838839,interface,0.7244094488188977,0.0,0.0,0.5826771653543307,0.023622047244094488,1.0,0.2440944881889764,0.7322834645669292
2024-08-29T15:56:54.844288,interface,0.7322834645669292,0.0,0.0,0.5826771653543307,0.023622047244094488,1.0,0.2440944881889764,0.7322834645669292
2024-08-29T15:56:54.856782,interface,0.7480314960629921,0.0,0.0,0.5826771653543307,0.023622047244094488,1.0,0.2440944881889764,0.7322834645669292
2024-08-29T15:56:54.871112,interface,0.7559055118110236,0.0,0.0,0.5826771653543307,0.023622047244094488,1.0,0.2440944881889764,0.7322834645669292
2024-08-29T15:56:54.911836,interface,0.7480314960629921,0.0,0.0,0.5826771653543307,0.023622047244094488,1.0,0.2440944881889764,0.7322834645669292
2024-08-29T15:56:56.788442,interface,0.7480314960629921,0.0,0.0,0.5826771653543307,0.023622047244094488,1.0,0.2440944881889764,0.7322834645669292
2024-08-29T15:56:56.800725,interface,0.7480314960629921,0.0,0.007874015748031496,0.5826771653543307,0.023622047244094488,1.0,0.2440944881889764,0.7322834645669292
2024-08-29T15:56:56.804276,interface,0.7480314960629921,0.0,0.015748031496062992,0.5826771653543307,0.023622047244094488,1.0,0.2440944881889764,0.7322834645669292
2024-08-29T15:56:56.817392,interface,0.7480314960629921,0.0,0.015748031496062992,0.5826771653543307,0.023622047244094488,1.0,0.2440944881889764,0.7322834645669292
2024-08-29T15:56:56.818529,interface,0.7480314960629921,0.0,0.031496062992125984,0.5826771653543307,0.023622047244094488,1.0,0.2440944881889764,0.7322834645669292
2024-08-29T15:56:56.823926,interface,0.7480314960629921,0.0,0.03937007874015748,0.5826771653543307,0.023622047244094488,1.0,0.2440944881889764,0.7322834645669292
2024-08-29T15:56:56.837229,interface,0.7480314960629921,0.0,0.047244094488188976,0.5826771653543307,0.023622047244094488,1.0,0.2440944881889764,0.7322834645669292
2024-08-29T15:56:56.847258,interface,0.7480314960629921,0.0,0.05511811023622047,0.5826771653543307,0.023622047244094488,1.0,0.2440944881889764,0.7322834645669292
2024-08-29T15:56:56.856745,interface,0.7480314960629921,0.0,0.07086614173228346,0.5826771653543307,0.023622047244094488,1.0,0.2440944881889764,0.7322834645669292
2024-08-29T15:56:56.857997,interface,0.7480314960629921,0.0,0.07874015748031496,0.5826771653543307,0.023622047244094488,1.0,0.2440944881889764,0.7322834645669292
2024-08-29T15:56:56.868700,interface,0.7480314960629921,0.0,0.09448818897637795,0.5826771653543307,0.023622047244094488,1.0,0.2440944881889764,0.7322834645669292
2024-08-29T15:56:56.877133,interface,0.7480314960629921,0.0,0.10236220472440945,0.5826771653543307,0.023622047244094488,1.0,0.2440944881889764,0.7322834645669292
2024-08-29T15:56:56.887352,interface,0.7480314960629921,0.0,0.11023622047244094,0.5826771653543307,0.023622047244094488,1.0,0.2440944881889764,0.7322834645669292
2024-08-29T15:56:56.896973,interface,0.7480314960629921,0.0,0.12598425196850394,0.5826771653543307,0.023622047244094488,1.0,0.2440944881889764,0.7322834645669292
2024-08-29T15:56:56.898285,interface,0.7480314960629921,0.0,0.14173228346456693,0.5826771653543307,0.023622047244094488,1.0,0.2440944881889764,0.7322834645669292
2024-08-29T15:56:56.908624,interface,0.7480314960629921,0.0,0.14960629921259844,0.5826771653543307,0.023622047244094488,1.0,0.2440944881889764,0.7322834645669292
2024-08-29T15:56:56.917288,interface,0.7480314960629921,0.0,0.16535433070866143,0.5826771653543307,0.023622047244094488,1.0,0.2440944881889764,0.7322834645669292
2024-08-29T15:56:56.927421,interface,0.7480314960629921,0.0,0.18110236220472442,0.5826771653543307,0.023622047244094488,1.0,0.2440944881889764,0.7322834645669292
2024-08-29T15:56:56.941291,interface,0.7480314960629921,0.0,0.2047244094488189,0.5826771653543307,0.023622047244094488,1.0,0.2440944881889764,0.7322834645669292
2024-08-29T15:56:56.942616,interface,0.7480314960629921,0.0,0.2204724409448819,0.5826771653543307,0.023622047244094488,1.0,0.2440944881889764,0.7322834645669292
2024-08-29T15:56:56.943741,interface,0.7480314960629921,0.0,0.2440944881889764,0.5826771653543307,0.023622047244094488,1.0,0.2440944881889764,0.7322834645669292
2024-08-29T15:56:56.957758,interface,0.7480314960629921,0.0,0.25984251968503935,0.5826771653543307,0.023622047244094488,1.0,0.2440944881889764,0.7322834645669292
2024-08-29T15:56:56.966977,interface,0.7480314960629921,0.0,0.2755905511811024,0.5826771653543307,0.023622047244094488,1.0,0.2440944881889764,0.7322834645669292
2024-08-29T15:56:56.978748,interface,0.7480314960629921,0.0,0.29133858267716534,0.5826771653543307,0.023622047244094488,1.0,0.2440944881889764,0.7322834645669292
2024-08-29T15:56:56.982165,interface,0.7480314960629921,0.0,0.30708661417322836,0.5826771653543307,0.023622047244094488,1.0,0.2440944881889764,0.7322834645669292
2024-08-29T15:56:56.983514,interface,0.7480314960629921,0.0,0.3228346456692913,0.5826771653543307,0.023622047244094488,1.0,0.2440944881889764,0.7322834645669292
2024-08-29T15:56:56.998300,interface,0.7480314960629921,0.0,0.33858267716535434,0.5826771653543307,0.023622047244094488,1.0,0.2440944881889764,0.7322834645669292
2024-08-29T15:56:57.006796,interface,0.7480314960629921,0.0,0.3464566929133858,0.5826771653543307,0.023622047244094488,1.0,0.2440944881889764,0.7322834645669292
2024-08-29T15:56:57.021220,interface,0.7480314960629921,0.0,0.36220472440944884,0.5826771653543307,0.023622047244094488,1.0,0.2440944881889764,0.7322834645669292
2024-08-29T15:56:57.022509,interface,0.7480314960629921,0.0,0.3779527559055118,0.5826771653543307,0.023622047244094488,1.0,0.2440944881889764,0.7322834645669292
2024-08-29T15:56:57.023666,interface,0.7480314960629921,0.0,0.3937007874015748,0.5826771653543307,0.023622047244094488,1.0,0.2440944881889764,0.7322834645669292
2024-08-29T15:56:57.038370,interface,0.7480314960629921,0.0,0.4094488188976378,0.5826771653543307,0.023622047244094488,1.0,0.2440944881889764,0.7322834645669292
2024-08-29T15:56:57.047302,interface,0.7480314960629921,0.0,0.41732283464566927,0.5826771653543307,0.023622047244094488,1.0,0.2440944881889764,0.7322834645669292
2024-08-29T15:56:57.056932,interface,0.7480314960629921,0.0,0.4330708661417323,0.5826771653543307,0.023622047244094488,1.0,0.2440944881889764,0.7322834645669292
2024-08-29T15:56:57.058233,interface,0.7480314960629921,0.0,0.44881889763779526,0.5826771653543307,0.023622047244094488,1.0,0.2440944881889764,0.7322834645669292
2024-08-29T15:56:57.068589,interface,0.7480314960629921,0.0,0.4566929133858268,0.5826771653543307,0.023622047244094488,1.0,0.2440944881889764,0.7322834645669292
2024-08-29T15:56:57.077490,interface,0.7480314960629921,0.0,0.4645669291338583,0.5826771653543307,0.023622047244094488,1.0,0.2440944881889764,0.7322834645669292
2024-08-29T15:56:57.086798,interface,0.7480314960629921,0.0,0.47244094488188976,0.5826771653543307,0.023622047244094488,1.0,0.2440944881889764,0.7322834645669292
2024-08-29T15:56:57.100544,interface,0.7480314960629921,0.0,0.48031496062992124,0.5826771653543307,0.023622047244094488,1.0,0.2440944881889764,0.7322834645669292
2024-08-29T15:56:57.101678,interface,0.7480314960629921,0.0,0.4881889763779528,0.5826771653543307,0.023622047244094488,1.0,0.2440944881889764,0.7322834645669292
2024-08-29T15:56:57.105058,interface,0.7480314960629921,0.0,0.4881889763779528,0.5826771653543307,0.023622047244094488,1.0,0.2440944881889764,0.7322834645669292
2024-08-29T15:56:57.117311,interface,0.7480314960629921,0.0,0.49606299212598426,0.5826771653543307,0.023622047244094488,1.0,0.2440944881889764,0.7322834645669292
2024-08-29T15:56:57.132294,interface,0.7480314960629921,0.0,0.5039370078740157,0.5826771653543307,0.023622047244094488,1.0,0.2440944881889764,0.7322834645669292
2024-08-29T15:56:57.133434,interface,0.7480314960629921,0.0,0.5039370078740157,0.5826771653543307,0.023622047244094488,1.0,0.2440944881889764,0.7322834645669292
2024-08-29T15:56:57.148356,interface,0.7480314960629921,0.0,0.5118110236220472,0.5826771653543307,0.023622047244094488,1.0,0.2440944881889764,0.7322834645669292
2024-08-29T15:56:57.166662,interface,0.7480314960629921,0.0,0.5196850393700787,0.5826771653543307,0.023622047244094488,1.0,0.2440944881889764,0.7322834645669292
2024-08-29T15:56:57.180315,interface,0.7480314960629921,0.0,0.5275590551181102,0.5826771653543307,0.023622047244094488,1.0,0.2440944881889764,0.7322834645669292
2024-08-29T15:56:57.196565,interface,0.7480314960629921,0.0,0.5275590551181102,0.5826771653543307,0.023622047244094488,1.0,0.2440944881889764,0.7322834645669292
2024-08-29T15:56:57.212396,interface,0.7480314960629921,0.0,0.5354330708661418,0.5826771653543307,0.023622047244094488,1.0,0.2440944881889764,0.7322834645669292
2024-08-29T15:56:57.215821,interface,0.7480314960629921,0.0,0.5433070866141733,0.5826771653543307,0.023622047244094488,1.0,0.2440944881889764,0.7322834645669292
2024-08-29T15:56:57.236522,interface,0.7480314960629921,0.0,0.5511811023622047,0.5826771653543307,0.023622047244094488,1.0,0.2440944881889764,0.7322834645669292
2024-08-29T15:56:57.252610,interface,0.7480314960629921,0.0,0.5511811023622047,0.5826771653543307,0.023622047244094488,1.0,0.2440944881889764,0.7322834645669292
2024-08-29T15:56:57.268599,interface,0.7480314960629921,0.0,0.5590551181102362,0.5826771653543307,0.023622047244094488,1.0,0.2440944881889764,0.7322834645669292
2024-08-29T15:56:57.277409,interface,0.7480314960629921,0.0,0.5669291338582677,0.5826771653543307,0.023622047244094488,1.0,0.2440944881889764,0.7322834645669292
2024-08-29T15:56:57.291317,interface,0.7480314960629921,0.0,0.5669291338582677,0.5826771653543307,0.023622047244094488,1.0,0.2440944881889764,0.7322834645669292
2024-08-29T15:56:57.292504,interface,0.7480314960629921,0.0,0.5748031496062992,0.5826771653543307,0.023622047244094488,1.0,0.2440944881889764,0.7322834645669292
2024-08-29T15:56:57.296001,interface,0.7480314960629921,0.0,0.5748031496062992,0.5826771653543307,0.023622047244094488,1.0,0.2440944881889764,0.7322834645669292
2024-08-29T15:56:57.308443,interface,0.7480314960629921,0.0,0.5826771653543307,0.5826771653543307,0.023622047244094488,1.0,0.2440944881889764,0.7322834645669292
2024-08-29T15:56:57.324316,interface,0.7480314960629921,0.0,0.5905511811023622,0.5826771653543307,0.023622047244094488,1.0,0.2440944881889764,0.7322834645669292
2024-08-29T15:56:57.340303,interface,0.7480314960629921,0.0,0.5905511811023622,0.5826771653543307,0.023622047244094488,1.0,0.2440944881889764,0.7322834645669292
2024-08-29T15:56:57.380437,interface,0.7480314960629921,0.0,0.5984251968503937,0.5826771653543307,0.023622047244094488,1.0,0.2440944881889764,0.7322834645669292
2024-08-29T15:56:57.778555,interface,0.7480314960629921,0.0,0.5984251968503937,0.5826771653543307,0.023622047244094488,1.0,0.2440944881889764,0.7322834645669292
2024-08-29T15:56:57.788777,interface,0.7480314960629921,0.007874015748031496,0.5984251968503937,0.5826771653543307,0.023622047244094488,1.0,0.2440944881889764,0.7322834645669292
2024-08-29T15:57:08.328230,interface,0.7401574803149606,0.007874015748031496,0.5984251968503937,0.5826771653543307,0.023622047244094488,1.0,0.2440944881889764,0.7322834645669292
2024-08-29T15:57:08.344238,interface,0.7244094488188977,0.007874015748031496,0.5984251968503937,0.5826771653543307,0.023622047244094488,1.0,0.2440944881889764,0.7322834645669292
2024-08-29T15:57:08.358269,interface,0.7244094488188977,0.007874015748031496,0.5984251968503937,0.5826771653543307,0.023622047244094488,1.0,0.2440944881889764,0.7322834645669292
2024-08-29T15:57:08.359436,interface,0.7165354330708661,0.007874015748031496,0.5984251968503937,0.5826771653543307,0.023622047244094488,1.0,0.2440944881889764,0.7322834645669292
2024-08-29T15:57:08.364771,interface,0.7086614173228346,0.007874015748031496,0.5984251968503937,0.5826771653543307,0.023622047244094488,1.0,0.2440944881889764,0.7322834645669292
2024-08-29T15:57:08.377150,interface,0.7007874015748031,0.007874015748031496,0.5984251968503937,0.5826771653543307,0.023622047244094488,1.0,0.2440944881889764,0.7322834645669292
2024-08-29T15:57:08.388215,interface,0.6929133858267716,0.007874015748031496,0.5984251968503937,0.5826771653543307,0.023622047244094488,1.0,0.2440944881889764,0.7322834645669292
2024-08-29T15:57:08.392100,interface,0.6850393700787402,0.007874015748031496,0.5984251968503937,0.5826771653543307,0.023622047244094488,1.0,0.2440944881889764,0.7322834645669292
2024-08-29T15:57:08.401385,interface,0.6771653543307087,0.007874015748031496,0.5984251968503937,0.5826771653543307,0.023622047244094488,1.0,0.2440944881889764,0.7322834645669292
2024-08-29T15:57:08.404921,interface,0.6771653543307087,0.007874015748031496,0.5984251968503937,0.5826771653543307,0.023622047244094488,1.0,0.2440944881889764,0.7322834645669292
2024-08-29T15:57:08.416926,interface,0.6692913385826772,0.007874015748031496,0.5984251968503937,0.5826771653543307,0.023622047244094488,1.0,0.2440944881889764,0.7322834645669292
2024-08-29T15:57:08.426760,interface,0.6614173228346457,0.007874015748031496,0.5984251968503937,0.5826771653543307,0.023622047244094488,1.0,0.2440944881889764,0.7322834645669292
2024-08-29T15:57:08.437882,interface,0.6535433070866141,0.007874015748031496,0.5984251968503937,0.5826771653543307,0.023622047244094488,1.0,0.2440944881889764,0.7322834645669292
2024-08-29T15:57:08.441173,interface,0.6456692913385826,0.007874015748031496,0.5984251968503937,0.5826771653543307,0.023622047244094488,1.0,0.2440944881889764,0.7322834645669292
2024-08-29T15:57:08.444576,interface,0.6456692913385826,0.007874015748031496,0.5984251968503937,0.5826771653543307,0.023622047244094488,1.0,0.2440944881889764,0.7322834645669292
2024-08-29T15:57:08.457199,interface,0.6377952755905512,0.007874015748031496,0.5984251968503937,0.5826771653543307,0.023622047244094488,1.0,0.2440944881889764,0.7322834645669292
2024-08-29T15:57:08.467531,interface,0.6299212598425197,0.007874015748031496,0.5984251968503937,0.5826771653543307,0.023622047244094488,1.0,0.2440944881889764,0.7322834645669292
2024-08-29T15:57:08.477431,interface,0.6220472440944882,0.007874015748031496,0.5984251968503937,0.5826771653543307,0.023622047244094488,1.0,0.2440944881889764,0.7322834645669292
2024-08-29T15:57:08.478637,interface,0.6220472440944882,0.007874015748031496,0.5984251968503937,0.5826771653543307,0.023622047244094488,1.0,0.2440944881889764,0.7322834645669292
2024-08-29T15:57:08.483907,interface,0.6141732283464567,0.007874015748031496,0.5984251968503937,0.5826771653543307,0.023622047244094488,1.0,0.2440944881889764,0.7322834645669292
2024-08-29T15:57:08.496759,interface,0.6062992125984252,0.007874015748031496,0.5984251968503937,0.5826771653543307,0.023622047244094488,1.0,0.2440944881889764,0.7322834645669292
2024-08-29T15:57:08.506472,interface,0.5984251968503937,0.007874015748031496,0.5984251968503937,0.5826771653543307,0.023622047244094488,1.0,0.2440944881889764,0.7322834645669292
2024-08-29T15:57:08.517232,interface,0.5905511811023622,0.007874015748031496,0.5984251968503937,0.5826771653543307,0.023622047244094488,1.0,0.2440944881889764,0.7322834645669292
2024-08-29T15:57:08.518353,interface,0.5826771653543307,0.007874015748031496,0.5984251968503937,0.5826771653543307,0.023622047244094488,1.0,0.2440944881889764,0.7322834645669292
2024-08-29T15:57:08.528722,interface,0.5826771653543307,0.007874015748031496,0.5984251968503937,0.5826771653543307,0.023622047244094488,1.0,0.2440944881889764,0.7322834645669292
2024-08-29T15:57:08.532157,interface,0.5748031496062992,0.007874015748031496,0.5984251968503937,0.5826771653543307,0.023622047244094488,1.0,0.2440944881889764,0.7322834645669292
2024-08-29T15:57:08.549127,interface,0.5669291338582677,0.007874015748031496,0.5984251968503937,0.5826771653543307,0.023622047244094488,1.0,0.2440944881889764,0.7322834645669292
2024-08-29T15:57:08.552466,interface,0.5590551181102362,0.007874015748031496,0.5984251968503937,0.5826771653543307,0.023622047244094488,1.0,0.2440944881889764,0.7322834645669292
2024-08-29T15:57:08.556031,interface,0.5590551181102362,0.007874015748031496,0.5984251968503937,0.5826771653543307,0.023622047244094488,1.0,0.2440944881889764,0.7322834645669292
2024-08-29T15:57:08.568442,interface,0.5511811023622047,0.007874015748031496,0.5984251968503937,0.5826771653543307,0.023622047244094488,1.0,0.2440944881889764,0.7322834645669292
2024-08-29T15:57:08.578024,interface,0.5511811023622047,0.007874015748031496,0.5984251968503937,0.5826771653543307,0.023622047244094488,1.0,0.2440944881889764,0.7322834645669292
2024-08-29T15:57:08.597227,interface,0.5433070866141733,0.007874015748031496,0.5984251968503937,0.5826771653543307,0.023622047244094488,1.0,0.2440944881889764,0.7322834645669292
2024-08-29T15:57:08.613133,interface,0.5354330708661418,0.007874015748031496,0.5984251968503937,0.5826771653543307,0.023622047244094488,1.0,0.2440944881889764,0.7322834645669292
2024-08-29T15:57:08.632297,interface,0.5354330708661418,0.007874015748031496,0.5984251968503937,0.5826771653543307,0.023622047244094488,1.0,0.2440944881889764,0.7322834645669292
2024-08-29T15:57:08.661158,interface,0.5275590551181102,0.007874015748031496,0.5984251968503937,0.5826771653543307,0.023622047244094488,1.0,0.2440944881889764,0.7322834645669292
2024-08-29T15:57:08.693041,interface,0.5275590551181102,0.007874015748031496,0.5984251968503937,0.5826771653543307,0.023622047244094488,1.0,0.2440944881889764,0.7322834645669292
2024-08-29T15:57:08.725005,interface,0.5196850393700787,0.007874015748031496,0.5984251968503937,0.5826771653543307,0.023622047244094488,1.0,0.2440944881889764,0.7322834645669292
2024-08-29T15:57:08.741248,interface,0.5118110236220472,0.007874015748031496,0.5984251968503937,0.5826771653543307,0.023622047244094488,1.0,0.2440944881889764,0.7322834645669292
2024-08-29T15:57:08.756148,interface,0.5118110236220472,0.007874015748031496,0.5984251968503937,0.5826771653543307,0.023622047244094488,1.0,0.2440944881889764,0.7322834645669292
2024-08-29T15:57:08.772126,interface,0.5039370078740157,0.007874015748031496,0.5984251968503937,0.5826771653543307,0.023622047244094488,1.0,0.2440944881889764,0.7322834645669292
2024-08-29T15:57:08.788152,interface,0.5039370078740157,0.007874015748031496,0.5984251968503937,0.5826771653543307,0.023622047244094488,1.0,0.2440944881889764,0.7322834645669292
2024-08-29T15:57:08.804150,interface,0.49606299212598426,0.007874015748031496,0.5984251968503937,0.5826771653543307,0.023622047244094488,1.0,0.2440944881889764,0.7322834645669292
2024-08-29T15:57:08.824304,interface,0.4881889763779528,0.007874015748031496,0.5984251968503937,0.5826771653543307,0.023622047244094488,1.0,0.2440944881889764,0.7322834645669292
2024-08-29T15:57:08.852111,interface,0.4881889763779528,0.007874015748031496,0.5984251968503937,0.5826771653543307,0.023622047244094488,1.0,0.2440944881889764,0.7322834645669292
2024-08-29T15:57:08.868131,interface,0.48031496062992124,0.007874015748031496,0.5984251968503937,0.5826771653543307,0.023622047244094488,1.0,0.2440944881889764,0.7322834645669292
2024-08-29T15:57:08.884105,interface,0.47244094488188976,0.007874015748031496,0.5984251968503937,0.5826771653543307,0.023622047244094488,1.0,0.2440944881889764,0.7322834645669292
2024-08-29T15:57:08.900115,interface,0.4645669291338583,0.007874015748031496,0.5984251968503937,0.5826771653543307,0.023622047244094488,1.0,0.2440944881889764,0.7322834645669292
2024-08-29T15:57:08.916256,interface,0.4645669291338583,0.007874015748031496,0.5984251968503937,0.5826771653543307,0.023622047244094488,1.0,0.2440944881889764,0.7322834645669292
2024-08-29T15:57:08.917385,interface,0.4566929133858268,0.007874015748031496,0.5984251968503937,0.5826771653543307,0.023622047244094488,1.0,0.2440944881889764,0.7322834645669292
2024-08-29T15:57:08.936409,interface,0.44881889763779526,0.007874015748031496,0.5984251968503937,0.5826771653543307,0.023622047244094488,1.0,0.2440944881889764,0.7322834645669292
2024-08-29T15:57:08.947521,interface,0.44881889763779526,0.007874015748031496,0.5984251968503937,0.5826771653543307,0.023622047244094488,1.0,0.2440944881889764,0.7322834645669292
2024-08-29T15:57:08.956943,interface,0.4409448818897638,0.007874015748031496,0.5984251968503937,0.5826771653543307,0.023622047244094488,1.0,0.2440944881889764,0.7322834645669292
2024-08-29T15:57:08.958210,interface,0.4409448818897638,0.007874015748031496,0.5984251968503937,0.5826771653543307,0.023622047244094488,1.0,0.2440944881889764,0.7322834645669292
2024-08-29T15:57:08.968626,interface,0.4330708661417323,0.007874015748031496,0.5984251968503937,0.5826771653543307,0.023622047244094488,1.0,0.2440944881889764,0.7322834645669292
2024-08-29T15:57:08.977383,interface,0.4251968503937008,0.007874015748031496,0.5984251968503937,0.5826771653543307,0.023622047244094488,1.0,0.2440944881889764,0.7322834645669292
2024-08-29T15:57:08.987790,interface,0.41732283464566927,0.007874015748031496,0.5984251968503937,0.5826771653543307,0.023622047244094488,1.0,0.2440944881889764,0.7322834645669292
2024-08-29T15:57:08.996704,interface,0.4094488188976378,0.007874015748031496,0.5984251968503937,0.5826771653543307,0.023622047244094488,1.0,0.2440944881889764,0.7322834645669292
2024-08-29T15:57:08.997834,interface,0.4094488188976378,0.007874015748031496,0.5984251968503937,0.5826771653543307,0.023622047244094488,1.0,0.2440944881889764,0.7322834645669292
2024-08-29T15:57:09.008527,interface,0.4015748031496063,0.007874015748031496,0.5984251968503937,0.5826771653543307,0.023622047244094488,1.0,0.2440944881889764,0.7322834645669292
2024-08-29T15:57:09.011939,interface,0.3937007874015748,0.007874015748031496,0.5984251968503937,0.5826771653543307,0.023622047244094488,1.0,0.2440944881889764,0.7322834645669292
2024-08-29T15:57:09.027490,interface,0.3858267716535433,0.007874015748031496,0.5984251968503937,0.5826771653543307,0.023622047244094488,1.0,0.2440944881889764,0.7322834645669292
2024-08-29T15:57:09.038074,interface,0.3858267716535433,0.007874015748031496,0.5984251968503937,0.5826771653543307,0.023622047244094488,1.0,0.2440944881889764,0.7322834645669292
2024-08-29T15:57:09.039371,interface,0.3779527559055118,0.007874015748031496,0.5984251968503937,0.5826771653543307,0.023622047244094488,1.0,0.2440944881889764,0.7322834645669292
2024-08-29T15:57:09.044526,interface,0.3700787401574803,0.007874015748031496,0.5984251968503937,0.5826771653543307,0.023622047244094488,1.0,0.2440944881889764,0.7322834645669292
2024-08-29T15:57:09.059181,interface,0.3700787401574803,0.007874015748031496,0.5984251968503937,0.5826771653543307,0.023622047244094488,1.0,0.2440944881889764,0.7322834645669292
2024-08-29T15:57:09.062593,interface,0.36220472440944884,0.007874015748031496,0.5984251968503937,0.5826771653543307,0.023622047244094488,1.0,0.2440944881889764,0.7322834645669292
2024-08-29T15:57:09.076902,interface,0.36220472440944884,0.007874015748031496,0.5984251968503937,0.5826771653543307,0.023622047244094488,1.0,0.2440944881889764,0.7322834645669292
2024-08-29T15:57:09.078109,interface,0.3543307086614173,0.007874015748031496,0.5984251968503937,0.5826771653543307,0.023622047244094488,1.0,0.2440944881889764,0.7322834645669292
2024-08-29T15:57:09.088736,interface,0.3464566929133858,0.007874015748031496,0.5984251968503937,0.5826771653543307,0.023622047244094488,1.0,0.2440944881889764,0.7322834645669292
2024-08-29T15:57:09.097482,interface,0.3464566929133858,0.007874015748031496,0.5984251968503937,0.5826771653543307,0.023622047244094488,1.0,0.2440944881889764,0.7322834645669292
2024-08-29T15:57:09.107173,interface,0.33858267716535434,0.007874015748031496,0.5984251968503937,0.5826771653543307,0.023622047244094488,1.0,0.2440944881889764,0.7322834645669292
2024-08-29T15:57:09.117244,interface,0.33858267716535434,0.007874015748031496,0.5984251968503937,0.5826771653543307,0.023622047244094488,1.0,0.2440944881889764,0.7322834645669292
2024-08-29T15:57:09.118495,interface,0.33070866141732286,0.007874015748031496,0.5984251968503937,0.5826771653543307,0.023622047244094488,1.0,0.2440944881889764,0.7322834645669292
2024-08-29T15:57:09.123800,interface,0.33070866141732286,0.007874015748031496,0.5984251968503937,0.5826771653543307,0.023622047244094488,1.0,0.2440944881889764,0.7322834645669292
2024-08-29T15:57:09.139180,interface,0.3228346456692913,0.007874015748031496,0.5984251968503937,0.5826771653543307,0.023622047244094488,1.0,0.2440944881889764,0.7322834645669292
2024-08-29T15:57:09.142595,interface,0.3228346456692913,0.007874015748031496,0.5984251968503937,0.5826771653543307,0.023622047244094488,1.0,0.2440944881889764,0.7322834645669292
2024-08-29T15:57:09.156691,interface,0.31496062992125984,0.007874015748031496,0.5984251968503937,0.5826771653543307,0.023622047244094488,1.0,0.2440944881889764,0.7322834645669292
2024-08-29T15:57:09.157828,interface,0.30708661417322836,0.007874015748031496,0.5984251968503937,0.5826771653543307,0.023622047244094488,1.0,0.2440944881889764,0.7322834645669292
2024-08-29T15:57:09.168776,interface,0.30708661417322836,0.007874015748031496,0.5984251968503937,0.5826771653543307,0.023622047244094488,1.0,0.2440944881889764,0.7322834645669292
2024-08-29T15:57:09.177302,interface,0.2992125984251969,0.007874015748031496,0.5984251968503937,0.5826771653543307,0.023622047244094488,1.0,0.2440944881889764,0.7322834645669292
2024-08-29T15:57:09.187510,interface,0.29133858267716534,0.007874015748031496,0.5984251968503937,0.5826771653543307,0.023622047244094488,1.0,0.2440944881889764,0.7322834645669292
2024-08-29T15:57:09.202201,interface,0.29133858267716534,0.007874015748031496,0.5984251968503937,0.5826771653543307,0.023622047244094488,1.0,0.2440944881889764,0.7322834645669292
2024-08-29T15:57:09.203344,interface,0.28346456692913385,0.007874015748031496,0.5984251968503937,0.5826771653543307,0.023622047244094488,1.0,0.2440944881889764,0.7322834645669292
2024-08-29T15:57:09.206533,interface,0.28346456692913385,0.007874015748031496,0.5984251968503937,0.5826771653543307,0.023622047244094488,1.0,0.2440944881889764,0.7322834645669292
2024-08-29T15:57:09.217426,interface,0.2755905511811024,0.007874015748031496,0.5984251968503937,0.5826771653543307,0.023622047244094488,1.0,0.2440944881889764,0.7322834645669292
2024-08-29T15:57:09.227429,interface,0.2677165354330709,0.007874015748031496,0.5984251968503937,0.5826771653543307,0.023622047244094488,1.0,0.2440944881889764,0.7322834645669292
2024-08-29T15:57:09.238298,interface,0.2677165354330709,0.007874015748031496,0.5984251968503937,0.5826771653543307,0.023622047244094488,1.0,0.2440944881889764,0.7322834645669292
2024-08-29T15:57:09.239647,interface,0.25984251968503935,0.007874015748031496,0.5984251968503937,0.5826771653543307,0.023622047244094488,1.0,0.2440944881889764,0.7322834645669292
2024-08-29T15:57:09.244864,interface,0.25984251968503935,0.007874015748031496,0.5984251968503937,0.5826771653543307,0.023622047244094488,1.0,0.2440944881889764,0.7322834645669292
2024-08-29T15:57:09.257648,interface,0.25196850393700787,0.007874015748031496,0.5984251968503937,0.5826771653543307,0.023622047244094488,1.0,0.2440944881889764,0.7322834645669292
2024-08-29T15:57:09.267452,interface,0.2440944881889764,0.007874015748031496,0.5984251968503937,0.5826771653543307,0.023622047244094488,1.0,0.2440944881889764,0.7322834645669292
2024-08-29T15:57:09.282260,interface,0.23622047244094488,0.007874015748031496,0.5984251968503937,0.5826771653543307,0.023622047244094488,1.0,0.2440944881889764,0.7322834645669292
2024-08-29T15:57:09.283742,interface,0.23622047244094488,0.007874015748031496,0.5984251968503937,0.5826771653543307,0.023622047244094488,1.0,0.2440944881889764,0.7322834645669292
2024-08-29T15:57:09.284846,interface,0.2283464566929134,0.007874015748031496,0.5984251968503937,0.5826771653543307,0.023622047244094488,1.0,0.2440944881889764,0.7322834645669292
2024-08-29T15:57:09.292156,interface,0.2204724409448819,0.007874015748031496,0.5984251968503937,0.5826771653543307,0.023622047244094488,1.0,0.2440944881889764,0.7322834645669292
2024-08-29T15:57:09.307284,interface,0.2125984251968504,0.007874015748031496,0.5984251968503937,0.5826771653543307,0.023622047244094488,1.0,0.2440944881889764,0.7322834645669292
2024-08-29T15:57:09.317277,interface,0.2125984251968504,0.007874015748031496,0.5984251968503937,0.5826771653543307,0.023622047244094488,1.0,0.2440944881889764,0.7322834645669292
2024-08-29T15:57:09.318399,interface,0.2047244094488189,0.007874015748031496,0.5984251968503937,0.5826771653543307,0.023622047244094488,1.0,0.2440944881889764,0.7322834645669292
2024-08-29T15:57:09.328749,interface,0.2047244094488189,0.007874015748031496,0.5984251968503937,0.5826771653543307,0.023622047244094488,1.0,0.2440944881889764,0.7322834645669292
2024-08-29T15:57:09.332178,interface,0.1968503937007874,0.007874015748031496,0.5984251968503937,0.5826771653543307,0.023622047244094488,1.0,0.2440944881889764,0.7322834645669292
2024-08-29T15:57:09.347458,interface,0.1968503937007874,0.007874015748031496,0.5984251968503937,0.5826771653543307,0.023622047244094488,1.0,0.2440944881889764,0.7322834645669292
2024-08-29T15:57:09.362190,interface,0.1889763779527559,0.007874015748031496,0.5984251968503937,0.5826771653543307,0.023622047244094488,1.0,0.2440944881889764,0.7322834645669292
2024-08-29T15:57:09.363558,interface,0.18110236220472442,0.007874015748031496,0.5984251968503937,0.5826771653543307,0.023622047244094488,1.0,0.2440944881889764,0.7322834645669292
2024-08-29T15:57:09.364607,interface,0.18110236220472442,0.007874015748031496,0.5984251968503937,0.5826771653543307,0.023622047244094488,1.0,0.2440944881889764,0.7322834645669292
2024-08-29T15:57:09.377577,interface,0.1732283464566929,0.007874015748031496,0.5984251968503937,0.5826771653543307,0.023622047244094488,1.0,0.2440944881889764,0.7322834645669292
2024-08-29T15:57:09.386520,interface,0.1732283464566929,0.007874015748031496,0.5984251968503937,0.5826771653543307,0.023622047244094488,1.0,0.2440944881889764,0.7322834645669292
2024-08-29T15:57:09.396786,interface,0.16535433070866143,0.007874015748031496,0.5984251968503937,0.5826771653543307,0.023622047244094488,1.0,0.2440944881889764,0.7322834645669292
2024-08-29T15:57:09.400231,interface,0.15748031496062992,0.007874015748031496,0.5984251968503937,0.5826771653543307,0.023622047244094488,1.0,0.2440944881889764,0.7322834645669292
2024-08-29T15:57:09.408748,interface,0.14960629921259844,0.007874015748031496,0.5984251968503937,0.5826771653543307,0.023622047244094488,1.0,0.2440944881889764,0.7322834645669292
2024-08-29T15:57:09.418255,interface,0.14960629921259844,0.007874015748031496,0.5984251968503937,0.5826771653543307,0.023622047244094488,1.0,0.2440944881889764,0.7322834645669292
2024-08-29T15:57:09.427155,interface,0.14173228346456693,0.007874015748031496,0.5984251968503937,0.5826771653543307,0.023622047244094488,1.0,0.2440944881889764,0.7322834645669292
2024-08-29T15:57:09.441364,interface,0.13385826771653545,0.007874015748031496,0.5984251968503937,0.5826771653543307,0.023622047244094488,1.0,0.2440944881889764,0.7322834645669292
2024-08-29T15:57:09.442680,interface,0.12598425196850394,0.007874015748031496,0.5984251968503937,0.5826771653543307,0.023622047244094488,1.0,0.2440944881889764,0.7322834645669292
2024-08-29T15:57:09.443794,interface,0.12598425196850394,0.007874015748031496,0.5984251968503937,0.5826771653543307,0.023622047244094488,1.0,0.2440944881889764,0.7322834645669292
2024-08-29T15:57:09.457114,interface,0.11811023622047244,0.007874015748031496,0.5984251968503937,0.5826771653543307,0.023622047244094488,1.0,0.2440944881889764,0.7322834645669292
2024-08-29T15:57:09.466904,interface,0.11023622047244094,0.007874015748031496,0.5984251968503937,0.5826771653543307,0.023622047244094488,1.0,0.2440944881889764,0.7322834645669292
2024-08-29T15:57:09.477497,interface,0.11023622047244094,0.007874015748031496,0.5984251968503937,0.5826771653543307,0.023622047244094488,1.0,0.2440944881889764,0.7322834645669292
2024-08-29T15:57:09.478808,interface,0.10236220472440945,0.007874015748031496,0.5984251968503937,0.5826771653543307,0.023622047244094488,1.0,0.2440944881889764,0.7322834645669292
2024-08-29T15:57:09.496599,interface,0.09448818897637795,0.007874015748031496,0.5984251968503937,0.5826771653543307,0.023622047244094488,1.0,0.2440944881889764,0.7322834645669292
2024-08-29T15:57:09.506413,interface,0.09448818897637795,0.007874015748031496,0.5984251968503937,0.5826771653543307,0.023622047244094488,1.0,0.2440944881889764,0.7322834645669292
2024-08-29T15:57:09.521315,interface,0.08661417322834646,0.007874015748031496,0.5984251968503937,0.5826771653543307,0.023622047244094488,1.0,0.2440944881889764,0.7322834645669292
2024-08-29T15:57:09.522608,interface,0.07874015748031496,0.007874015748031496,0.5984251968503937,0.5826771653543307,0.023622047244094488,1.0,0.2440944881889764,0.7322834645669292
2024-08-29T15:57:09.523726,interface,0.07874015748031496,0.007874015748031496,0.5984251968503937,0.5826771653543307,0.023622047244094488,1.0,0.2440944881889764,0.7322834645669292
2024-08-29T15:57:09.537486,interface,0.07086614173228346,0.007874015748031496,0.5984251968503937,0.5826771653543307,0.023622047244094488,1.0,0.2440944881889764,0.7322834645669292
2024-08-29T15:57:09.547753,interface,0.06299212598425197,0.007874015748031496,0.5984251968503937,0.5826771653543307,0.023622047244094488,1.0,0.2440944881889764,0.7322834645669292
2024-08-29T15:57:09.560584,interface,0.06299212598425197,0.007874015748031496,0.5984251968503937,0.5826771653543307,0.023622047244094488,1.0,0.2440944881889764,0.7322834645669292
2024-08-29T15:57:09.576668,interface,0.05511811023622047,0.007874015748031496,0.5984251968503937,0.5826771653543307,0.023622047244094488,1.0,0.2440944881889764,0.7322834645669292
2024-08-29T15:57:09.817475,interface,0.047244094488188976,0.007874015748031496,0.5984251968503937,0.5826771653543307,0.023622047244094488,1.0,0.2440944881889764,0.7322834645669292
2024-08-29T15:57:33.620772,interface,0.047244094488188976,0.007874015748031496,0.5984251968503937,0.5826771653543307,0.023622047244094488,1.0,0.25984251968503935,0.7322834645669292
2024-08-29T15:57:33.636849,interface,0.047244094488188976,0.007874015748031496,0.5984251968503937,0.5826771653543307,0.023622047244094488,1.0,0.25984251968503935,0.7322834645669292
2024-08-29T15:57:33.652915,interface,0.047244094488188976,0.007874015748031496,0.5984251968503937,0.5826771653543307,0.023622047244094488,1.0,0.2677165354330709,0.7322834645669292
2024-08-29T15:57:33.677112,interface,0.047244094488188976,0.007874015748031496,0.5984251968503937,0.5826771653543307,0.023622047244094488,1.0,0.2677165354330709,0.7322834645669292
2024-08-29T15:57:33.698370,interface,0.047244094488188976,0.007874015748031496,0.5984251968503937,0.5826771653543307,0.023622047244094488,1.0,0.2755905511811024,0.7322834645669292
2024-08-29T15:57:33.708785,interface,0.047244094488188976,0.007874015748031496,0.5984251968503937,0.5826771653543307,0.023622047244094488,1.0,0.2755905511811024,0.7322834645669292
2024-08-29T15:57:33.725110,interface,0.047244094488188976,0.007874015748031496,0.5984251968503937,0.5826771653543307,0.023622047244094488,1.0,0.28346456692913385,0.7322834645669292
2024-08-29T15:57:33.741083,interface,0.047244094488188976,0.007874015748031496,0.5984251968503937,0.5826771653543307,0.023622047244094488,1.0,0.28346456692913385,0.7322834645669292
2024-08-29T15:57:33.764731,interface,0.047244094488188976,0.007874015748031496,0.5984251968503937,0.5826771653543307,0.023622047244094488,1.0,0.29133858267716534,0.7322834645669292
2024-08-29T15:57:33.776848,interface,0.047244094488188976,0.007874015748031496,0.5984251968503937,0.5826771653543307,0.023622047244094488,1.0,0.2992125984251969,0.7322834645669292
2024-08-29T15:57:33.778074,interface,0.047244094488188976,0.007874015748031496,0.5984251968503937,0.5826771653543307,0.023622047244094488,1.0,0.2992125984251969,0.7322834645669292
2024-08-29T15:57:33.788757,interface,0.047244094488188976,0.007874015748031496,0.5984251968503937,0.5826771653543307,0.023622047244094488,1.0,0.30708661417322836,0.7322834645669292
2024-08-29T15:57:33.797525,interface,0.047244094488188976,0.007874015748031496,0.5984251968503937,0.5826771653543307,0.023622047244094488,1.0,0.30708661417322836,0.7322834645669292
2024-08-29T15:57:33.806627,interface,0.047244094488188976,0.007874015748031496,0.5984251968503937,0.5826771653543307,0.023622047244094488,1.0,0.31496062992125984,0.7322834645669292
2024-08-29T15:57:33.820275,interface,0.047244094488188976,0.007874015748031496,0.5984251968503937,0.5826771653543307,0.023622047244094488,1.0,0.3228346456692913,0.7322834645669292
2024-08-29T15:57:33.828882,interface,0.047244094488188976,0.007874015748031496,0.5984251968503937,0.5826771653543307,0.023622047244094488,1.0,0.3228346456692913,0.7322834645669292
2024-08-29T15:57:33.844911,interface,0.047244094488188976,0.007874015748031496,0.5984251968503937,0.5826771653543307,0.023622047244094488,1.0,0.33070866141732286,0.7322834645669292
2024-08-29T15:57:33.868870,interface,0.047244094488188976,0.007874015748031496,0.5984251968503937,0.5826771653543307,0.023622047244094488,1.0,0.33858267716535434,0.7322834645669292
2024-08-29T15:57:33.900640,interface,0.047244094488188976,0.007874015748031496,0.5984251968503937,0.5826771653543307,0.023622047244094488,1.0,0.33858267716535434,0.7322834645669292
2024-08-29T15:57:33.924771,interface,0.047244094488188976,0.007874015748031496,0.5984251968503937,0.5826771653543307,0.023622047244094488,1.0,0.3464566929133858,0.7322834645669292
2024-08-29T15:57:33.956777,interface,0.047244094488188976,0.007874015748031496,0.5984251968503937,0.5826771653543307,0.023622047244094488,1.0,0.3464566929133858,0.7322834645669292
2024-08-29T15:57:33.980649,interface,0.047244094488188976,0.007874015748031496,0.5984251968503937,0.5826771653543307,0.023622047244094488,1.0,0.3543307086614173,0.7322834645669292
2024-08-29T15:57:33.996692,interface,0.047244094488188976,0.007874015748031496,0.5984251968503937,0.5826771653543307,0.023622047244094488,1.0,0.36220472440944884,0.7322834645669292
2024-08-29T15:57:34.011276,interface,0.047244094488188976,0.007874015748031496,0.5984251968503937,0.5826771653543307,0.023622047244094488,1.0,0.36220472440944884,0.7322834645669292
2024-08-29T15:57:34.012426,interface,0.047244094488188976,0.007874015748031496,0.5984251968503937,0.5826771653543307,0.023622047244094488,1.0,0.3700787401574803,0.7322834645669292
2024-08-29T15:57:34.015969,interface,0.047244094488188976,0.007874015748031496,0.5984251968503937,0.5826771653543307,0.023622047244094488,1.0,0.3700787401574803,0.7322834645669292
2024-08-29T15:57:34.028868,interface,0.047244094488188976,0.007874015748031496,0.5984251968503937,0.5826771653543307,0.023622047244094488,1.0,0.3779527559055118,0.7322834645669292
2024-08-29T15:57:34.037528,interface,0.047244094488188976,0.007874015748031496,0.5984251968503937,0.5826771653543307,0.023622047244094488,1.0,0.3858267716535433,0.7322834645669292
2024-08-29T15:57:34.046651,interface,0.047244094488188976,0.007874015748031496,0.5984251968503937,0.5826771653543307,0.023622047244094488,1.0,0.3937007874015748,0.7322834645669292
2024-08-29T15:57:34.055344,interface,0.047244094488188976,0.007874015748031496,0.5984251968503937,0.5826771653543307,0.023622047244094488,1.0,0.4015748031496063,0.7322834645669292
2024-08-29T15:57:34.056491,interface,0.047244094488188976,0.007874015748031496,0.5984251968503937,0.5826771653543307,0.023622047244094488,1.0,0.4094488188976378,0.7322834645669292
2024-08-29T15:57:34.068950,interface,0.047244094488188976,0.007874015748031496,0.5984251968503937,0.5826771653543307,0.023622047244094488,1.0,0.41732283464566927,0.7322834645669292
2024-08-29T15:57:34.077410,interface,0.047244094488188976,0.007874015748031496,0.5984251968503937,0.5826771653543307,0.023622047244094488,1.0,0.4251968503937008,0.7322834645669292
2024-08-29T15:57:34.091318,interface,0.047244094488188976,0.007874015748031496,0.5984251968503937,0.5826771653543307,0.023622047244094488,1.0,0.4251968503937008,0.7322834645669292
2024-08-29T15:57:34.092476,interface,0.047244094488188976,0.007874015748031496,0.5984251968503937,0.5826771653543307,0.023622047244094488,1.0,0.4330708661417323,0.7322834645669292
2024-08-29T15:57:34.097900,interface,0.047244094488188976,0.007874015748031496,0.5984251968503937,0.5826771653543307,0.023622047244094488,1.0,0.4409448818897638,0.7322834645669292
2024-08-29T15:57:34.116961,interface,0.047244094488188976,0.007874015748031496,0.5984251968503937,0.5826771653543307,0.023622047244094488,1.0,0.4409448818897638,0.7322834645669292
2024-08-29T15:57:34.132929,interface,0.047244094488188976,0.007874015748031496,0.5984251968503937,0.5826771653543307,0.023622047244094488,1.0,0.44881889763779526,0.7322834645669292
2024-08-29T15:57:34.156730,interface,0.047244094488188976,0.007874015748031496,0.5984251968503937,0.5826771653543307,0.023622047244094488,1.0,0.44881889763779526,0.7322834645669292
2024-08-29T15:57:34.180863,interface,0.047244094488188976,0.007874015748031496,0.5984251968503937,0.5826771653543307,0.023622047244094488,1.0,0.4566929133858268,0.7322834645669292
2024-08-29T15:57:34.204679,interface,0.047244094488188976,0.007874015748031496,0.5984251968503937,0.5826771653543307,0.023622047244094488,1.0,0.4566929133858268,0.7322834645669292
2024-08-29T15:57:34.244844,interface,0.047244094488188976,0.007874015748031496,0.5984251968503937,0.5826771653543307,0.023622047244094488,1.0,0.4645669291338583,0.7322834645669292
2024-08-29T15:57:34.260992,interface,0.047244094488188976,0.007874015748031496,0.5984251968503937,0.5826771653543307,0.023622047244094488,1.0,0.47244094488188976,0.7322834645669292
2024-08-29T15:57:34.276984,interface,0.047244094488188976,0.007874015748031496,0.5984251968503937,0.5826771653543307,0.023622047244094488,1.0,0.47244094488188976,0.7322834645669292
2024-08-29T15:57:34.292964,interface,0.047244094488188976,0.007874015748031496,0.5984251968503937,0.5826771653543307,0.023622047244094488,1.0,0.48031496062992124,0.7322834645669292
2024-08-29T15:57:34.308946,interface,0.047244094488188976,0.007874015748031496,0.5984251968503937,0.5826771653543307,0.023622047244094488,1.0,0.48031496062992124,0.7322834645669292
2024-08-29T15:57:34.324964,interface,0.047244094488188976,0.007874015748031496,0.5984251968503937,0.5826771653543307,0.023622047244094488,1.0,0.4881889763779528,0.7322834645669292
2024-08-29T15:57:34.340975,interface,0.047244094488188976,0.007874015748031496,0.5984251968503937,0.5826771653543307,0.023622047244094488,1.0,0.49606299212598426,0.7322834645669292
2024-08-29T15:57:34.357037,interface,0.047244094488188976,0.007874015748031496,0.5984251968503937,0.5826771653543307,0.023622047244094488,1.0,0.49606299212598426,0.7322834645669292
2024-08-29T15:57:34.380725,interface,0.047244094488188976,0.007874015748031496,0.5984251968503937,0.5826771653543307,0.023622047244094488,1.0,0.5039370078740157,0.7322834645669292
2024-08-29T15:57:34.412728,interface,0.047244094488188976,0.007874015748031496,0.5984251968503937,0.5826771653543307,0.023622047244094488,1.0,0.5039370078740157,0.7322834645669292
2024-08-29T15:57:34.441062,interface,0.047244094488188976,0.007874015748031496,0.5984251968503937,0.5826771653543307,0.023622047244094488,1.0,0.5118110236220472,0.7322834645669292
2024-08-29T15:57:34.457211,interface,0.047244094488188976,0.007874015748031496,0.5984251968503937,0.5826771653543307,0.023622047244094488,1.0,0.5196850393700787,0.7322834645669292
2024-08-29T15:57:34.473170,interface,0.047244094488188976,0.007874015748031496,0.5984251968503937,0.5826771653543307,0.023622047244094488,1.0,0.5196850393700787,0.7322834645669292
2024-08-29T15:57:34.492776,interface,0.047244094488188976,0.007874015748031496,0.5984251968503937,0.5826771653543307,0.023622047244094488,1.0,0.5275590551181102,0.7322834645669292
2024-08-29T15:57:34.521079,interface,0.047244094488188976,0.007874015748031496,0.5984251968503937,0.5826771653543307,0.023622047244094488,1.0,0.5354330708661418,0.7322834645669292
2024-08-29T15:57:34.537103,interface,0.047244094488188976,0.007874015748031496,0.5984251968503937,0.5826771653543307,0.023622047244094488,1.0,0.5354330708661418,0.7322834645669292
2024-08-29T15:57:34.556765,interface,0.047244094488188976,0.007874015748031496,0.5984251968503937,0.5826771653543307,0.023622047244094488,1.0,0.5433070866141733,0.7322834645669292
2024-08-29T15:57:34.584177,interface,0.047244094488188976,0.007874015748031496,0.5984251968503937,0.5826771653543307,0.023622047244094488,1.0,0.5433070866141733,0.7322834645669292
2024-08-29T15:57:37.283683,interface,0.047244094488188976,0.007874015748031496,0.5984251968503937,0.5826771653543307,0.023622047244094488,1.0,0.5511811023622047,0.7322834645669292
2024-08-29T15:57:39.227866,interface,0.047244094488188976,0.007874015748031496,0.5984251968503937,0.5826771653543307,0.023622047244094488,1.0,0.5511811023622047,0.7165354330708661
2024-08-29T15:57:39.240308,interface,0.047244094488188976,0.007874015748031496,0.5984251968503937,0.5826771653543307,0.023622047244094488,1.0,0.5511811023622047,0.7165354330708661
2024-08-29T15:57:39.243640,interface,0.047244094488188976,0.007874015748031496,0.5984251968503937,0.5826771653543307,0.023622047244094488,1.0,0.5511811023622047,0.7086614173228346
2024-08-29T15:57:39.257526,interface,0.047244094488188976,0.007874015748031496,0.5984251968503937,0.5826771653543307,0.023622047244094488,1.0,0.5511811023622047,0.7086614173228346
2024-08-29T15:57:39.258737,interface,0.047244094488188976,0.007874015748031496,0.5984251968503937,0.5826771653543307,0.023622047244094488,1.0,0.5511811023622047,0.7007874015748031
2024-08-29T15:57:39.264031,interface,0.047244094488188976,0.007874015748031496,0.5984251968503937,0.5826771653543307,0.023622047244094488,1.0,0.5511811023622047,0.6929133858267716
2024-08-29T15:57:39.276582,interface,0.047244094488188976,0.007874015748031496,0.5984251968503937,0.5826771653543307,0.023622047244094488,1.0,0.5511811023622047,0.6850393700787402
2024-08-29T15:57:39.287402,interface,0.047244094488188976,0.007874015748031496,0.5984251968503937,0.5826771653543307,0.023622047244094488,1.0,0.5511811023622047,0.6771653543307087
2024-08-29T15:57:39.297897,interface,0.047244094488188976,0.007874015748031496,0.5984251968503937,0.5826771653543307,0.023622047244094488,1.0,0.5511811023622047,0.6692913385826772
2024-08-29T15:57:39.299023,interface,0.047244094488188976,0.007874015748031496,0.5984251968503937,0.5826771653543307,0.023622047244094488,1.0,0.5511811023622047,0.6535433070866141
2024-08-29T15:57:39.304402,interface,0.047244094488188976,0.007874015748031496,0.5984251968503937,0.5826771653543307,0.023622047244094488,1.0,0.5511811023622047,0.6456692913385826
2024-08-29T15:57:39.317249,interface,0.047244094488188976,0.007874015748031496,0.5984251968503937,0.5826771653543307,0.023622047244094488,1.0,0.5511811023622047,0.6377952755905512
2024-08-29T15:57:39.327512,interface,0.047244094488188976,0.007874015748031496,0.5984251968503937,0.5826771653543307,0.023622047244094488,1.0,0.5511811023622047,0.6299212598425197
2024-08-29T15:57:39.336991,interface,0.047244094488188976,0.007874015748031496,0.5984251968503937,0.5826771653543307,0.023622047244094488,1.0,0.5511811023622047,0.6220472440944882
2024-08-29T15:57:39.338214,interface,0.047244094488188976,0.007874015748031496,0.5984251968503937,0.5826771653543307,0.023622047244094488,1.0,0.5511811023622047,0.6062992125984252
2024-08-29T15:57:39.343588,interface,0.047244094488188976,0.007874015748031496,0.5984251968503937,0.5826771653543307,0.023622047244094488,1.0,0.5511811023622047,0.5984251968503937
2024-08-29T15:57:39.356798,interface,0.047244094488188976,0.007874015748031496,0.5984251968503937,0.5826771653543307,0.023622047244094488,1.0,0.5511811023622047,0.5905511811023622
2024-08-29T15:57:39.367008,interface,0.047244094488188976,0.007874015748031496,0.5984251968503937,0.5826771653543307,0.023622047244094488,1.0,0.5511811023622047,0.5748031496062992
2024-08-29T15:57:39.378199,interface,0.047244094488188976,0.007874015748031496,0.5984251968503937,0.5826771653543307,0.023622047244094488,1.0,0.5511811023622047,0.5669291338582677
2024-08-29T15:57:39.379380,interface,0.047244094488188976,0.007874015748031496,0.5984251968503937,0.5826771653543307,0.023622047244094488,1.0,0.5511811023622047,0.5590551181102362
2024-08-29T15:57:39.384601,interface,0.047244094488188976,0.007874015748031496,0.5984251968503937,0.5826771653543307,0.023622047244094488,1.0,0.5511811023622047,0.5433070866141733
2024-08-29T15:57:39.398210,interface,0.047244094488188976,0.007874015748031496,0.5984251968503937,0.5826771653543307,0.023622047244094488,1.0,0.5511811023622047,0.5354330708661418
2024-08-29T15:57:39.401538,interface,0.047244094488188976,0.007874015748031496,0.5984251968503937,0.5826771653543307,0.023622047244094488,1.0,0.5511811023622047,0.5275590551181102
2024-08-29T15:57:39.416983,interface,0.047244094488188976,0.007874015748031496,0.5984251968503937,0.5826771653543307,0.023622047244094488,1.0,0.5511811023622047,0.5196850393700787
2024-08-29T15:57:39.418208,interface,0.047244094488188976,0.007874015748031496,0.5984251968503937,0.5826771653543307,0.023622047244094488,1.0,0.5511811023622047,0.5118110236220472
2024-08-29T15:57:39.423621,interface,0.047244094488188976,0.007874015748031496,0.5984251968503937,0.5826771653543307,0.023622047244094488,1.0,0.5511811023622047,0.49606299212598426
2024-08-29T15:57:39.441266,interface,0.047244094488188976,0.007874015748031496,0.5984251968503937,0.5826771653543307,0.023622047244094488,1.0,0.5511811023622047,0.4881889763779528
2024-08-29T15:57:39.442419,interface,0.047244094488188976,0.007874015748031496,0.5984251968503937,0.5826771653543307,0.023622047244094488,1.0,0.5511811023622047,0.4881889763779528
2024-08-29T15:57:39.457460,interface,0.047244094488188976,0.007874015748031496,0.5984251968503937,0.5826771653543307,0.023622047244094488,1.0,0.5511811023622047,0.48031496062992124
2024-08-29T15:57:39.458602,interface,0.047244094488188976,0.007874015748031496,0.5984251968503937,0.5826771653543307,0.023622047244094488,1.0,0.5511811023622047,0.47244094488188976
2024-08-29T15:57:39.464038,interface,0.047244094488188976,0.007874015748031496,0.5984251968503937,0.5826771653543307,0.023622047244094488,1.0,0.5511811023622047,0.4645669291338583
2024-08-29T15:57:39.477627,interface,0.047244094488188976,0.007874015748031496,0.5984251968503937,0.5826771653543307,0.023622047244094488,1.0,0.5511811023622047,0.4566929133858268
2024-08-29T15:57:39.486828,interface,0.047244094488188976,0.007874015748031496,0.5984251968503937,0.5826771653543307,0.023622047244094488,1.0,0.5511811023622047,0.44881889763779526
2024-08-29T15:57:39.497512,interface,0.047244094488188976,0.007874015748031496,0.5984251968503937,0.5826771653543307,0.023622047244094488,1.0,0.5511811023622047,0.4330708661417323
2024-08-29T15:57:39.498747,interface,0.047244094488188976,0.007874015748031496,0.5984251968503937,0.5826771653543307,0.023622047244094488,1.0,0.5511811023622047,0.4251968503937008
2024-08-29T15:57:39.503923,interface,0.047244094488188976,0.007874015748031496,0.5984251968503937,0.5826771653543307,0.023622047244094488,1.0,0.5511811023622047,0.41732283464566927
2024-08-29T15:57:39.521244,interface,0.047244094488188976,0.007874015748031496,0.5984251968503937,0.5826771653543307,0.023622047244094488,1.0,0.5511811023622047,0.4015748031496063
2024-08-29T15:57:39.522389,interface,0.047244094488188976,0.007874015748031496,0.5984251968503937,0.5826771653543307,0.023622047244094488,1.0,0.5511811023622047,0.3937007874015748
2024-08-29T15:57:39.537497,interface,0.047244094488188976,0.007874015748031496,0.5984251968503937,0.5826771653543307,0.023622047244094488,1.0,0.5511811023622047,0.3858267716535433
2024-08-29T15:57:39.538639,interface,0.047244094488188976,0.007874015748031496,0.5984251968503937,0.5826771653543307,0.023622047244094488,1.0,0.5511811023622047,0.3700787401574803
2024-08-29T15:57:39.549167,interface,0.047244094488188976,0.007874015748031496,0.5984251968503937,0.5826771653543307,0.023622047244094488,1.0,0.5511811023622047,0.36220472440944884
2024-08-29T15:57:39.552627,interface,0.047244094488188976,0.007874015748031496,0.5984251968503937,0.5826771653543307,0.023622047244094488,1.0,0.5511811023622047,0.3543307086614173
2024-08-29T15:57:39.569094,interface,0.047244094488188976,0.007874015748031496,0.5984251968503937,0.5826771653543307,0.023622047244094488,1.0,0.5511811023622047,0.3464566929133858
2024-08-29T15:57:39.572561,interface,0.047244094488188976,0.007874015748031496,0.5984251968503937,0.5826771653543307,0.023622047244094488,1.0,0.5511811023622047,0.33070866141732286
2024-08-29T15:57:39.576104,interface,0.047244094488188976,0.007874015748031496,0.5984251968503937,0.5826771653543307,0.023622047244094488,1.0,0.5511811023622047,0.3228346456692913
2024-08-29T15:57:39.590324,interface,0.047244094488188976,0.007874015748031496,0.5984251968503937,0.5826771653543307,0.023622047244094488,1.0,0.5511811023622047,0.30708661417322836
2024-08-29T15:57:39.593822,interface,0.047244094488188976,0.007874015748031496,0.5984251968503937,0.5826771653543307,0.023622047244094488,1.0,0.5511811023622047,0.2992125984251969
2024-08-29T15:57:39.606940,interface,0.047244094488188976,0.007874015748031496,0.5984251968503937,0.5826771653543307,0.023622047244094488,1.0,0.5511811023622047,0.28346456692913385
2024-08-29T15:57:39.617546,interface,0.047244094488188976,0.007874015748031496,0.5984251968503937,0.5826771653543307,0.023622047244094488,1.0,0.5511811023622047,0.2755905511811024
2024-08-29T15:57:39.618684,interface,0.047244094488188976,0.007874015748031496,0.5984251968503937,0.5826771653543307,0.023622047244094488,1.0,0.5511811023622047,0.25984251968503935
2024-08-29T15:57:39.624149,interface,0.047244094488188976,0.007874015748031496,0.5984251968503937,0.5826771653543307,0.023622047244094488,1.0,0.5511811023622047,0.25196850393700787
2024-08-29T15:57:39.637008,interface,0.047244094488188976,0.007874015748031496,0.5984251968503937,0.5826771653543307,0.023622047244094488,1.0,0.5511811023622047,0.23622047244094488
2024-08-29T15:57:39.647609,interface,0.047244094488188976,0.007874015748031496,0.5984251968503937,0.5826771653543307,0.023622047244094488,1.0,0.5511811023622047,0.2204724409448819
2024-08-29T15:57:39.657458,interface,0.047244094488188976,0.007874015748031496,0.5984251968503937,0.5826771653543307,0.023622047244094488,1.0,0.5511811023622047,0.2125984251968504
2024-08-29T15:57:39.658724,interface,0.047244094488188976,0.007874015748031496,0.5984251968503937,0.5826771653543307,0.023622047244094488,1.0,0.5511811023622047,0.1968503937007874
2024-08-29T15:57:39.663883,interface,0.047244094488188976,0.007874015748031496,0.5984251968503937,0.5826771653543307,0.023622047244094488,1.0,0.5511811023622047,0.1889763779527559
2024-08-29T15:57:39.680186,interface,0.047244094488188976,0.007874015748031496,0.5984251968503937,0.5826771653543307,0.023622047244094488,1.0,0.5511811023622047,0.18110236220472442
2024-08-29T15:57:39.683455,interface,0.047244094488188976,0.007874015748031496,0.5984251968503937,0.5826771653543307,0.023622047244094488,1.0,0.5511811023622047,0.16535433070866143
2024-08-29T15:57:39.697469,interface,0.047244094488188976,0.007874015748031496,0.5984251968503937,0.5826771653543307,0.023622047244094488,1.0,0.5511811023622047,0.15748031496062992
2024-08-29T15:57:39.698614,interface,0.047244094488188976,0.007874015748031496,0.5984251968503937,0.5826771653543307,0.023622047244094488,1.0,0.5511811023622047,0.14960629921259844
2024-08-29T15:57:39.704063,interface,0.047244094488188976,0.007874015748031496,0.5984251968503937,0.5826771653543307,0.023622047244094488,1.0,0.5511811023622047,0.13385826771653545
2024-08-29T15:57:39.716617,interface,0.047244094488188976,0.007874015748031496,0.5984251968503937,0.5826771653543307,0.023622047244094488,1.0,0.5511811023622047,0.12598425196850394
2024-08-29T15:57:39.727604,interface,0.047244094488188976,0.007874015748031496,0.5984251968503937,0.5826771653543307,0.023622047244094488,1.0,0.5511811023622047,0.11023622047244094
2024-08-29T15:57:39.737767,interface,0.047244094488188976,0.007874015748031496,0.5984251968503937,0.5826771653543307,0.023622047244094488,1.0,0.5511811023622047,0.10236220472440945
2024-08-29T15:57:39.739087,interface,0.047244094488188976,0.007874015748031496,0.5984251968503937,0.5826771653543307,0.023622047244094488,1.0,0.5511811023622047,0.09448818897637795
2024-08-29T15:57:39.744280,interface,0.047244094488188976,0.007874015748031496,0.5984251968503937,0.5826771653543307,0.023622047244094488,1.0,0.5511811023622047,0.08661417322834646
2024-08-29T15:57:39.760134,interface,0.047244094488188976,0.007874015748031496,0.5984251968503937,0.5826771653543307,0.023622047244094488,1.0,0.5511811023622047,0.07086614173228346
2024-08-29T15:57:39.768667,interface,0.047244094488188976,0.007874015748031496,0.5984251968503937,0.5826771653543307,0.023622047244094488,1.0,0.5511811023622047,0.06299212598425197
2024-08-29T15:57:39.777246,interface,0.047244094488188976,0.007874015748031496,0.5984251968503937,0.5826771653543307,0.023622047244094488,1.0,0.5511811023622047,0.05511811023622047
2024-08-29T15:57:39.780692,interface,0.047244094488188976,0.007874015748031496,0.5984251968503937,0.5826771653543307,0.023622047244094488,1.0,0.5511811023622047,0.047244094488188976
2024-08-29T15:57:39.783990,interface,0.047244094488188976,0.007874015748031496,0.5984251968503937,0.5826771653543307,0.023622047244094488,1.0,0.5511811023622047,0.03937007874015748
2024-08-29T15:57:39.797591,interface,0.047244094488188976,0.007874015748031496,0.5984251968503937,0.5826771653543307,0.023622047244094488,1.0,0.5511811023622047,0.031496062992125984
2024-08-29T15:57:39.807827,interface,0.047244094488188976,0.007874015748031496,0.5984251968503937,0.5826771653543307,0.023622047244094488,1.0,0.5511811023622047,0.023622047244094488
2024-08-29T15:57:39.816764,interface,0.047244094488188976,0.007874015748031496,0.5984251968503937,0.5826771653543307,0.023622047244094488,1.0,0.5511811023622047,0.023622047244094488
2024-08-29T15:57:39.818025,interface,0.047244094488188976,0.007874015748031496,0.5984251968503937,0.5826771653543307,0.023622047244094488,1.0,0.5511811023622047,0.015748031496062992
2024-08-29T15:57:39.828496,interface,0.047244094488188976,0.007874015748031496,0.5984251968503937,0.5826771653543307,0.023622047244094488,1.0,0.5511811023622047,0.007874015748031496
2024-08-29T15:57:39.844206,interface,0.047244094488188976,0.007874015748031496,0.5984251968503937,0.5826771653543307,0.023622047244094488,1.0,0.5511811023622047,0.007874015748031496
2024-08-29T15:57:39.860225,interface,0.047244094488188976,0.007874015748031496,0.5984251968503937,0.5826771653543307,0.023622047244094488,1.0,0.5511811023622047,0.0
2024-08-29T15:57:39.887094,interface,0.047244094488188976,0.007874015748031496,0.5984251968503937,0.5826771653543307,0.023622047244094488,1.0,0.5511811023622047,0.0
2024-08-29T15:57:41.074257,interface,0.047244094488188976,0.007874015748031496,0.5984251968503937,0.5826771653543307,0.023622047244094488,1.0,0.5433070866141733,0.0
2024-08-29T15:57:41.098078,interface,0.047244094488188976,0.007874015748031496,0.5984251968503937,0.5826771653543307,0.023622047244094488,1.0,0.5433070866141733,0.0
2024-08-29T15:57:41.115654,interface,0.047244094488188976,0.007874015748031496,0.5984251968503937,0.5826771653543307,0.023622047244094488,1.0,0.5354330708661418,0.0
2024-08-29T15:57:41.129214,interface,0.047244094488188976,0.007874015748031496,0.5984251968503937,0.5826771653543307,0.023622047244094488,1.0,0.5354330708661418,0.0
2024-08-29T15:57:41.138311,interface,0.047244094488188976,0.007874015748031496,0.5984251968503937,0.5826771653543307,0.023622047244094488,1.0,0.5275590551181102,0.0
2024-08-29T15:57:41.147173,interface,0.047244094488188976,0.007874015748031496,0.5984251968503937,0.5826771653543307,0.023622047244094488,1.0,0.5196850393700787,0.0
2024-08-29T15:57:41.161096,interface,0.047244094488188976,0.007874015748031496,0.5984251968503937,0.5826771653543307,0.023622047244094488,1.0,0.5196850393700787,0.0
2024-08-29T15:57:41.170372,interface,0.047244094488188976,0.007874015748031496,0.5984251968503937,0.5826771653543307,0.023622047244094488,1.0,0.5118110236220472,0.0
2024-08-29T15:57:41.173791,interface,0.047244094488188976,0.007874015748031496,0.5984251968503937,0.5826771653543307,0.023622047244094488,1.0,0.5039370078740157,0.0
2024-08-29T15:57:41.194089,interface,0.047244094488188976,0.007874015748031496,0.5984251968503937,0.5826771653543307,0.023622047244094488,1.0,0.5039370078740157,0.0
2024-08-29T15:57:41.209140,interface,0.047244094488188976,0.007874015748031496,0.5984251968503937,0.5826771653543307,0.023622047244094488,1.0,0.49606299212598426,0.0
2024-08-29T15:57:41.218331,interface,0.047244094488188976,0.007874015748031496,0.5984251968503937,0.5826771653543307,0.023622047244094488,1.0,0.4881889763779528,0.0
2024-08-29T15:57:41.242108,interface,0.047244094488188976,0.007874015748031496,0.5984251968503937,0.5826771653543307,0.023622047244094488,1.0,0.4881889763779528,0.0
2024-08-29T15:57:41.274078,interface,0.047244094488188976,0.007874015748031496,0.5984251968503937,0.5826771653543307,0.023622047244094488,1.0,0.48031496062992124,0.0
2024-08-29T15:57:41.314263,interface,0.047244094488188976,0.007874015748031496,0.5984251968503937,0.5826771653543307,0.023622047244094488,1.0,0.48031496062992124,0.0
2024-08-29T15:57:42.166299,interface,0.06299212598425197,0.007874015748031496,0.5984251968503937,0.5826771653543307,0.023622047244094488,1.0,0.48031496062992124,0.0
2024-08-29T15:57:42.178779,interface,0.06299212598425197,0.007874015748031496,0.5984251968503937,0.5826771653543307,0.023622047244094488,1.0,0.48031496062992124,0.0
2024-08-29T15:57:42.187442,interface,0.07086614173228346,0.007874015748031496,0.5984251968503937,0.5826771653543307,0.023622047244094488,1.0,0.48031496062992124,0.0
2024-08-29T15:57:42.188665,interface,0.07874015748031496,0.007874015748031496,0.5984251968503937,0.5826771653543307,0.023622047244094488,1.0,0.48031496062992124,0.0
2024-08-29T15:57:42.199012,interface,0.07874015748031496,0.007874015748031496,0.5984251968503937,0.5826771653543307,0.023622047244094488,1.0,0.48031496062992124,0.0
2024-08-29T15:57:42.207664,interface,0.08661417322834646,0.007874015748031496,0.5984251968503937,0.5826771653543307,0.023622047244094488,1.0,0.48031496062992124,0.0
2024-08-29T15:57:42.216898,interface,0.09448818897637795,0.007874015748031496,0.5984251968503937,0.5826771653543307,0.023622047244094488,1.0,0.48031496062992124,0.0
2024-08-29T15:57:42.227253,interface,0.09448818897637795,0.007874015748031496,0.5984251968503937,0.5826771653543307,0.023622047244094488,1.0,0.48031496062992124,0.0
2024-08-29T15:57:42.238517,interface,0.10236220472440945,0.007874015748031496,0.5984251968503937,0.5826771653543307,0.023622047244094488,1.0,0.48031496062992124,0.0
2024-08-29T15:57:42.247359,interface,0.11023622047244094,0.007874015748031496,0.5984251968503937,0.5826771653543307,0.023622047244094488,1.0,0.48031496062992124,0.0
2024-08-29T15:57:42.257333,interface,0.11023622047244094,0.007874015748031496,0.5984251968503937,0.5826771653543307,0.023622047244094488,1.0,0.48031496062992124,0.0
2024-08-29T15:57:42.260760,interface,0.11811023622047244,0.007874015748031496,0.5984251968503937,0.5826771653543307,0.023622047244094488,1.0,0.48031496062992124,0.0
2024-08-29T15:57:42.270539,interface,0.12598425196850394,0.007874015748031496,0.5984251968503937,0.5826771653543307,0.023622047244094488,1.0,0.48031496062992124,0.0
2024-08-29T15:57:42.273987,interface,0.12598425196850394,0.007874015748031496,0.5984251968503937,0.5826771653543307,0.023622047244094488,1.0,0.48031496062992124,0.0
2024-08-29T15:57:42.291286,interface,0.13385826771653545,0.007874015748031496,0.5984251968503937,0.5826771653543307,0.023622047244094488,1.0,0.48031496062992124,0.0
2024-08-29T15:57:42.292427,interface,0.14173228346456693,0.007874015748031496,0.5984251968503937,0.5826771653543307,0.023622047244094488,1.0,0.48031496062992124,0.0
2024-08-29T15:57:42.307530,interface,0.14960629921259844,0.007874015748031496,0.5984251968503937,0.5826771653543307,0.023622047244094488,1.0,0.48031496062992124,0.0
2024-08-29T15:57:42.308667,interface,0.15748031496062992,0.007874015748031496,0.5984251968503937,0.5826771653543307,0.023622047244094488,1.0,0.48031496062992124,0.0
2024-08-29T15:57:42.314136,interface,0.16535433070866143,0.007874015748031496,0.5984251968503937,0.5826771653543307,0.023622047244094488,1.0,0.48031496062992124,0.0
2024-08-29T15:57:42.327522,interface,0.1732283464566929,0.007874015748031496,0.5984251968503937,0.5826771653543307,0.023622047244094488,1.0,0.48031496062992124,0.0
2024-08-29T15:57:42.337570,interface,0.1732283464566929,0.007874015748031496,0.5984251968503937,0.5826771653543307,0.023622047244094488,1.0,0.48031496062992124,0.0
2024-08-29T15:57:42.355169,interface,0.18110236220472442,0.007874015748031496,0.5984251968503937,0.5826771653543307,0.023622047244094488,1.0,0.48031496062992124,0.0
2024-08-29T15:57:42.371139,interface,0.18110236220472442,0.007874015748031496,0.5984251968503937,0.5826771653543307,0.023622047244094488,1.0,0.48031496062992124,0.0
2024-08-29T15:57:42.403021,interface,0.1889763779527559,0.007874015748031496,0.5984251968503937,0.5826771653543307,0.023622047244094488,1.0,0.48031496062992124,0.0
2024-08-29T15:57:59.433546,interface,0.1889763779527559,0.007874015748031496,0.5984251968503937,0.5826771653543307,0.023622047244094488,0.9921259842519685,0.48031496062992124,0.0
2024-08-29T15:57:59.450360,interface,0.1889763779527559,0.007874015748031496,0.5984251968503937,0.5826771653543307,0.023622047244094488,0.984251968503937,0.48031496062992124,0.0
2024-08-29T15:57:59.453830,interface,0.1889763779527559,0.007874015748031496,0.5984251968503937,0.5826771653543307,0.023622047244094488,0.984251968503937,0.48031496062992124,0.0
2024-08-29T15:57:59.465581,interface,0.1889763779527559,0.007874015748031496,0.5984251968503937,0.5826771653543307,0.023622047244094488,0.9763779527559056,0.48031496062992124,0.0
2024-08-29T15:57:59.476809,interface,0.1889763779527559,0.007874015748031496,0.5984251968503937,0.5826771653543307,0.023622047244094488,0.968503937007874,0.48031496062992124,0.0
2024-08-29T15:57:59.486929,interface,0.1889763779527559,0.007874015748031496,0.5984251968503937,0.5826771653543307,0.023622047244094488,0.9606299212598425,0.48031496062992124,0.0
2024-08-29T15:57:59.488098,interface,0.1889763779527559,0.007874015748031496,0.5984251968503937,0.5826771653543307,0.023622047244094488,0.952755905511811,0.48031496062992124,0.0
2024-08-29T15:57:59.493401,interface,0.1889763779527559,0.007874015748031496,0.5984251968503937,0.5826771653543307,0.023622047244094488,0.9448818897637795,0.48031496062992124,0.0
2024-08-29T15:57:59.506801,interface,0.1889763779527559,0.007874015748031496,0.5984251968503937,0.5826771653543307,0.023622047244094488,0.937007874015748,0.48031496062992124,0.0
2024-08-29T15:57:59.521293,interface,0.1889763779527559,0.007874015748031496,0.5984251968503937,0.5826771653543307,0.023622047244094488,0.9291338582677166,0.48031496062992124,0.0
2024-08-29T15:57:59.522451,interface,0.1889763779527559,0.007874015748031496,0.5984251968503937,0.5826771653543307,0.023622047244094488,0.9133858267716536,0.48031496062992124,0.0
2024-08-29T15:57:59.525692,interface,0.1889763779527559,0.007874015748031496,0.5984251968503937,0.5826771653543307,0.023622047244094488,0.905511811023622,0.48031496062992124,0.0
2024-08-29T15:57:59.538120,interface,0.1889763779527559,0.007874015748031496,0.5984251968503937,0.5826771653543307,0.023622047244094488,0.8976377952755905,0.48031496062992124,0.0
2024-08-29T15:57:59.547988,interface,0.1889763779527559,0.007874015748031496,0.5984251968503937,0.5826771653543307,0.023622047244094488,0.8818897637795275,0.48031496062992124,0.0
2024-08-29T15:57:59.556788,interface,0.1889763779527559,0.007874015748031496,0.5984251968503937,0.5826771653543307,0.023622047244094488,0.8740157480314961,0.48031496062992124,0.0
2024-08-29T15:57:59.567364,interface,0.1889763779527559,0.007874015748031496,0.5984251968503937,0.5826771653543307,0.023622047244094488,0.8661417322834646,0.48031496062992124,0.0
2024-08-29T15:57:59.568507,interface,0.1889763779527559,0.007874015748031496,0.5984251968503937,0.5826771653543307,0.023622047244094488,0.8503937007874016,0.48031496062992124,0.0
2024-08-29T15:57:59.573984,interface,0.1889763779527559,0.007874015748031496,0.5984251968503937,0.5826771653543307,0.023622047244094488,0.84251968503937,0.48031496062992124,0.0
2024-08-29T15:57:59.586809,interface,0.1889763779527559,0.007874015748031496,0.5984251968503937,0.5826771653543307,0.023622047244094488,0.8346456692913385,0.48031496062992124,0.0
2024-08-29T15:57:59.600424,interface,0.1889763779527559,0.007874015748031496,0.5984251968503937,0.5826771653543307,0.023622047244094488,0.8267716535433071,0.48031496062992124,0.0
2024-08-29T15:57:59.601756,interface,0.1889763779527559,0.007874015748031496,0.5984251968503937,0.5826771653543307,0.023622047244094488,0.8188976377952756,0.48031496062992124,0.0
2024-08-29T15:57:59.605299,interface,0.1889763779527559,0.007874015748031496,0.5984251968503937,0.5826771653543307,0.023622047244094488,0.8110236220472441,0.48031496062992124,0.0
2024-08-29T15:57:59.618087,interface,0.1889763779527559,0.007874015748031496,0.5984251968503937,0.5826771653543307,0.023622047244094488,0.8031496062992126,0.48031496062992124,0.0
2024-08-29T15:57:59.632312,interface,0.1889763779527559,0.007874015748031496,0.5984251968503937,0.5826771653543307,0.023622047244094488,0.7952755905511811,0.48031496062992124,0.0
2024-08-29T15:57:59.633449,interface,0.1889763779527559,0.007874015748031496,0.5984251968503937,0.5826771653543307,0.023622047244094488,0.7874015748031497,0.48031496062992124,0.0
2024-08-29T15:57:59.647341,interface,0.1889763779527559,0.007874015748031496,0.5984251968503937,0.5826771653543307,0.023622047244094488,0.7795275590551181,0.48031496062992124,0.0
2024-08-29T15:57:59.655914,interface,0.1889763779527559,0.007874015748031496,0.5984251968503937,0.5826771653543307,0.023622047244094488,0.7716535433070866,0.48031496062992124,0.0
2024-08-29T15:57:59.657144,interface,0.1889763779527559,0.007874015748031496,0.5984251968503937,0.5826771653543307,0.023622047244094488,0.7559055118110236,0.48031496062992124,0.0
2024-08-29T15:57:59.662512,interface,0.1889763779527559,0.007874015748031496,0.5984251968503937,0.5826771653543307,0.023622047244094488,0.7480314960629921,0.48031496062992124,0.0
2024-08-29T15:57:59.680153,interface,0.1889763779527559,0.007874015748031496,0.5984251968503937,0.5826771653543307,0.023622047244094488,0.7401574803149606,0.48031496062992124,0.0
2024-08-29T15:57:59.683800,interface,0.1889763779527559,0.007874015748031496,0.5984251968503937,0.5826771653543307,0.023622047244094488,0.7244094488188977,0.48031496062992124,0.0
2024-08-29T15:57:59.685120,interface,0.1889763779527559,0.007874015748031496,0.5984251968503937,0.5826771653543307,0.023622047244094488,0.7165354330708661,0.48031496062992124,0.0
2024-08-29T15:57:59.697557,interface,0.1889763779527559,0.007874015748031496,0.5984251968503937,0.5826771653543307,0.023622047244094488,0.7086614173228346,0.48031496062992124,0.0
2024-08-29T15:57:59.706964,interface,0.1889763779527559,0.007874015748031496,0.5984251968503937,0.5826771653543307,0.023622047244094488,0.7007874015748031,0.48031496062992124,0.0
2024-08-29T15:57:59.717692,interface,0.1889763779527559,0.007874015748031496,0.5984251968503937,0.5826771653543307,0.023622047244094488,0.6850393700787402,0.48031496062992124,0.0
2024-08-29T15:57:59.727362,interface,0.1889763779527559,0.007874015748031496,0.5984251968503937,0.5826771653543307,0.023622047244094488,0.6771653543307087,0.48031496062992124,0.0
2024-08-29T15:57:59.728506,interface,0.1889763779527559,0.007874015748031496,0.5984251968503937,0.5826771653543307,0.023622047244094488,0.6692913385826772,0.48031496062992124,0.0
2024-08-29T15:57:59.733809,interface,0.1889763779527559,0.007874015748031496,0.5984251968503937,0.5826771653543307,0.023622047244094488,0.6614173228346457,0.48031496062992124,0.0
2024-08-29T15:57:59.747590,interface,0.1889763779527559,0.007874015748031496,0.5984251968503937,0.5826771653543307,0.023622047244094488,0.6535433070866141,0.48031496062992124,0.0
2024-08-29T15:57:59.756780,interface,0.1889763779527559,0.007874015748031496,0.5984251968503937,0.5826771653543307,0.023622047244094488,0.6456692913385826,0.48031496062992124,0.0
2024-08-29T15:57:59.767314,interface,0.1889763779527559,0.007874015748031496,0.5984251968503937,0.5826771653543307,0.023622047244094488,0.6377952755905512,0.48031496062992124,0.0
2024-08-29T15:57:59.768537,interface,0.1889763779527559,0.007874015748031496,0.5984251968503937,0.5826771653543307,0.023622047244094488,0.6299212598425197,0.48031496062992124,0.0
2024-08-29T15:57:59.773672,interface,0.1889763779527559,0.007874015748031496,0.5984251968503937,0.5826771653543307,0.023622047244094488,0.6220472440944882,0.48031496062992124,0.0
2024-08-29T15:57:59.791313,interface,0.1889763779527559,0.007874015748031496,0.5984251968503937,0.5826771653543307,0.023622047244094488,0.6141732283464567,0.48031496062992124,0.0
2024-08-29T15:57:59.792469,interface,0.1889763779527559,0.007874015748031496,0.5984251968503937,0.5826771653543307,0.023622047244094488,0.6141732283464567,0.48031496062992124,0.0
2024-08-29T15:57:59.807803,interface,0.1889763779527559,0.007874015748031496,0.5984251968503937,0.5826771653543307,0.023622047244094488,0.6062992125984252,0.48031496062992124,0.0
2024-08-29T15:57:59.808945,interface,0.1889763779527559,0.007874015748031496,0.5984251968503937,0.5826771653543307,0.023622047244094488,0.6062992125984252,0.48031496062992124,0.0
2024-08-29T15:57:59.814184,interface,0.1889763779527559,0.007874015748031496,0.5984251968503937,0.5826771653543307,0.023622047244094488,0.5984251968503937,0.48031496062992124,0.0
2024-08-29T15:57:59.833593,interface,0.1889763779527559,0.007874015748031496,0.5984251968503937,0.5826771653543307,0.023622047244094488,0.5905511811023622,0.48031496062992124,0.0
2024-08-29T15:57:59.849576,interface,0.1889763779527559,0.007874015748031496,0.5984251968503937,0.5826771653543307,0.023622047244094488,0.5905511811023622,0.48031496062992124,0.0
2024-08-29T15:57:59.865575,interface,0.1889763779527559,0.007874015748031496,0.5984251968503937,0.5826771653543307,0.023622047244094488,0.5826771653543307,0.48031496062992124,0.0
2024-08-29T15:57:59.881863,interface,0.1889763779527559,0.007874015748031496,0.5984251968503937,0.5826771653543307,0.023622047244094488,0.5826771653543307,0.48031496062992124,0.0
2024-08-29T15:57:59.897586,interface,0.1889763779527559,0.007874015748031496,0.5984251968503937,0.5826771653543307,0.023622047244094488,0.5748031496062992,0.48031496062992124,0.0
2024-08-29T15:57:59.906440,interface,0.1889763779527559,0.007874015748031496,0.5984251968503937,0.5826771653543307,0.023622047244094488,0.5669291338582677,0.48031496062992124,0.0
2024-08-29T15:57:59.921710,interface,0.1889763779527559,0.007874015748031496,0.5984251968503937,0.5826771653543307,0.023622047244094488,0.5669291338582677,0.48031496062992124,0.0
2024-08-29T15:57:59.925268,interface,0.1889763779527559,0.007874015748031496,0.5984251968503937,0.5826771653543307,0.023622047244094488,0.5590551181102362,0.48031496062992124,0.0
2024-08-29T15:57:59.937468,interface,0.1889763779527559,0.007874015748031496,0.5984251968503937,0.5826771653543307,0.023622047244094488,0.5590551181102362,0.48031496062992124,0.0
2024-08-29T15:57:59.951097,interface,0.1889763779527559,0.007874015748031496,0.5984251968503937,0.5826771653543307,0.023622047244094488,0.5511811023622047,0.48031496062992124,0.0
2024-08-29T15:57:59.952420,interface,0.1889763779527559,0.007874015748031496,0.5984251968503937,0.5826771653543307,0.023622047244094488,0.5511811023622047,0.48031496062992124,0.0
2024-08-29T15:57:59.967432,interface,0.1889763779527559,0.007874015748031496,0.5984251968503937,0.5826771653543307,0.023622047244094488,0.5433070866141733,0.48031496062992124,0.0
2024-08-29T15:57:59.977665,interface,0.1889763779527559,0.007874015748031496,0.5984251968503937,0.5826771653543307,0.023622047244094488,0.5354330708661418,0.48031496062992124,0.0
2024-08-29T15:57:59.998210,interface,0.1889763779527559,0.007874015748031496,0.5984251968503937,0.5826771653543307,0.023622047244094488,0.5354330708661418,0.48031496062992124,0.0
2024-08-29T15:58:00.014151,interface,0.1889763779527559,0.007874015748031496,0.5984251968503937,0.5826771653543307,0.023622047244094488,0.5275590551181102,0.48031496062992124,0.0
2024-08-29T15:58:00.030160,interface,0.1889763779527559,0.007874015748031496,0.5984251968503937,0.5826771653543307,0.023622047244094488,0.5275590551181102,0.48031496062992124,0.0
2024-08-29T15:58:00.046257,interface,0.1889763779527559,0.007874015748031496,0.5984251968503937,0.5826771653543307,0.023622047244094488,0.5196850393700787,0.48031496062992124,0.0
2024-08-29T15:58:00.065352,interface,0.1889763779527559,0.007874015748031496,0.5984251968503937,0.5826771653543307,0.023622047244094488,0.5118110236220472,0.48031496062992124,0.0
2024-08-29T15:58:00.081701,interface,0.1889763779527559,0.007874015748031496,0.5984251968503937,0.5826771653543307,0.023622047244094488,0.5118110236220472,0.48031496062992124,0.0
2024-08-29T15:58:00.113429,interface,0.1889763779527559,0.007874015748031496,0.5984251968503937,0.5826771653543307,0.023622047244094488,0.5039370078740157,0.48031496062992124,0.0
2024-08-29T15:58:00.142149,interface,0.1889763779527559,0.007874015748031496,0.5984251968503937,0.5826771653543307,0.023622047244094488,0.5039370078740157,0.48031496062992124,0.0
2024-08-29T15:58:00.158146,interface,0.1889763779527559,0.007874015748031496,0.5984251968503937,0.5826771653543307,0.023622047244094488,0.49606299212598426,0.48031496062992124,0.0
2024-08-29T15:58:00.174158,interface,0.1889763779527559,0.007874015748031496,0.5984251968503937,0.5826771653543307,0.023622047244094488,0.49606299212598426,0.48031496062992124,0.0
2024-08-29T15:58:00.190158,interface,0.1889763779527559,0.007874015748031496,0.5984251968503937,0.5826771653543307,0.023622047244094488,0.4881889763779528,0.48031496062992124,0.0
2024-08-29T15:58:00.209343,interface,0.1889763779527559,0.007874015748031496,0.5984251968503937,0.5826771653543307,0.023622047244094488,0.48031496062992124,0.48031496062992124,0.0
2024-08-29T15:58:00.225458,interface,0.1889763779527559,0.007874015748031496,0.5984251968503937,0.5826771653543307,0.023622047244094488,0.48031496062992124,0.48031496062992124,0.0
2024-08-29T15:58:00.241903,interface,0.1889763779527559,0.007874015748031496,0.5984251968503937,0.5826771653543307,0.023622047244094488,0.47244094488188976,0.48031496062992124,0.0
2024-08-29T15:58:00.257575,interface,0.1889763779527559,0.007874015748031496,0.5984251968503937,0.5826771653543307,0.023622047244094488,0.47244094488188976,0.48031496062992124,0.0
2024-08-29T15:58:00.285098,interface,0.1889763779527559,0.007874015748031496,0.5984251968503937,0.5826771653543307,0.023622047244094488,0.4645669291338583,0.48031496062992124,0.0
2024-08-29T15:58:00.316966,interface,0.1889763779527559,0.007874015748031496,0.5984251968503937,0.5826771653543307,0.023622047244094488,0.4645669291338583,0.48031496062992124,0.0
2024-08-29T16:16:48.253586,interface,0.1732283464566929,0.007874015748031496,0.5984251968503937,0.5826771653543307,0.023622047244094488,0.4645669291338583,0.48031496062992124,0.0
2024-08-29T16:16:48.269816,interface,0.16535433070866143,0.007874015748031496,0.5984251968503937,0.5826771653543307,0.023622047244094488,0.4645669291338583,0.48031496062992124,0.0
2024-08-29T16:16:48.271061,interface,0.15748031496062992,0.007874015748031496,0.5984251968503937,0.5826771653543307,0.023622047244094488,0.4645669291338583,0.48031496062992124,0.0
2024-08-29T16:16:48.274357,interface,0.14173228346456693,0.007874015748031496,0.5984251968503937,0.5826771653543307,0.023622047244094488,0.4645669291338583,0.48031496062992124,0.0
2024-08-29T16:16:48.287219,interface,0.12598425196850394,0.007874015748031496,0.5984251968503937,0.5826771653543307,0.023622047244094488,0.4645669291338583,0.48031496062992124,0.0
2024-08-29T16:16:48.296108,interface,0.11023622047244094,0.007874015748031496,0.5984251968503937,0.5826771653543307,0.023622047244094488,0.4645669291338583,0.48031496062992124,0.0
2024-08-29T16:16:48.310756,interface,0.09448818897637795,0.007874015748031496,0.5984251968503937,0.5826771653543307,0.023622047244094488,0.4645669291338583,0.48031496062992124,0.0
2024-08-29T16:16:48.312144,interface,0.07086614173228346,0.007874015748031496,0.5984251968503937,0.5826771653543307,0.023622047244094488,0.4645669291338583,0.48031496062992124,0.0
2024-08-29T16:16:48.313256,interface,0.05511811023622047,0.007874015748031496,0.5984251968503937,0.5826771653543307,0.023622047244094488,0.4645669291338583,0.48031496062992124,0.0
2024-08-29T16:16:48.326588,interface,0.03937007874015748,0.007874015748031496,0.5984251968503937,0.5826771653543307,0.023622047244094488,0.4645669291338583,0.48031496062992124,0.0
2024-08-29T16:16:48.341874,interface,0.031496062992125984,0.007874015748031496,0.5984251968503937,0.5826771653543307,0.023622047244094488,0.4645669291338583,0.48031496062992124,0.0
2024-08-29T16:16:48.343024,interface,0.015748031496062992,0.007874015748031496,0.5984251968503937,0.5826771653543307,0.023622047244094488,0.4645669291338583,0.48031496062992124,0.0
2024-08-29T16:16:48.346302,interface,0.007874015748031496,0.007874015748031496,0.5984251968503937,0.5826771653543307,0.023622047244094488,0.4645669291338583,0.48031496062992124,0.0
2024-08-29T16:16:48.357637,interface,0.007874015748031496,0.007874015748031496,0.5984251968503937,0.5826771653543307,0.023622047244094488,0.4645669291338583,0.48031496062992124,0.0
2024-08-29T16:16:48.376159,interface,0.0,0.007874015748031496,0.5984251968503937,0.5826771653543307,0.023622047244094488,0.4645669291338583,0.48031496062992124,0.0
2024-08-29T16:16:48.621685,interface,0.0,0.007874015748031496,0.5984251968503937,0.5826771653543307,0.023622047244094488,0.4645669291338583,0.48031496062992124,0.0
2024-08-29T16:16:48.637815,interface,0.007874015748031496,0.007874015748031496,0.5984251968503937,0.5826771653543307,0.023622047244094488,0.4645669291338583,0.48031496062992124,0.0
2024-08-29T16:16:48.641358,interface,0.015748031496062992,0.007874015748031496,0.5984251968503937,0.5826771653543307,0.023622047244094488,0.4645669291338583,0.48031496062992124,0.0
2024-08-29T16:16:48.660767,interface,0.031496062992125984,0.007874015748031496,0.5984251968503937,0.5826771653543307,0.023622047244094488,0.4645669291338583,0.48031496062992124,0.0
2024-08-29T16:16:48.661914,interface,0.03937007874015748,0.007874015748031496,0.5984251968503937,0.5826771653543307,0.023622047244094488,0.4645669291338583,0.48031496062992124,0.0
2024-08-29T16:16:48.665487,interface,0.05511811023622047,0.007874015748031496,0.5984251968503937,0.5826771653543307,0.023622047244094488,0.4645669291338583,0.48031496062992124,0.0
2024-08-29T16:16:48.677717,interface,0.07086614173228346,0.007874015748031496,0.5984251968503937,0.5826771653543307,0.023622047244094488,0.4645669291338583,0.48031496062992124,0.0
2024-08-29T16:16:48.686375,interface,0.08661417322834646,0.007874015748031496,0.5984251968503937,0.5826771653543307,0.023622047244094488,0.4645669291338583,0.48031496062992124,0.0
2024-08-29T16:16:48.697657,interface,0.11023622047244094,0.007874015748031496,0.5984251968503937,0.5826771653543307,0.023622047244094488,0.4645669291338583,0.48031496062992124,0.0
2024-08-29T16:16:48.706791,interface,0.12598425196850394,0.007874015748031496,0.5984251968503937,0.5826771653543307,0.023622047244094488,0.4645669291338583,0.48031496062992124,0.0
2024-08-29T16:16:48.707995,interface,0.14173228346456693,0.007874015748031496,0.5984251968503937,0.5826771653543307,0.023622047244094488,0.4645669291338583,0.48031496062992124,0.0
2024-08-29T16:16:48.713564,interface,0.15748031496062992,0.007874015748031496,0.5984251968503937,0.5826771653543307,0.023622047244094488,0.4645669291338583,0.48031496062992124,0.0
2024-08-29T16:16:48.727221,interface,0.16535433070866143,0.007874015748031496,0.5984251968503937,0.5826771653543307,0.023622047244094488,0.4645669291338583,0.48031496062992124,0.0
2024-08-29T16:16:48.741020,interface,0.1732283464566929,0.007874015748031496,0.5984251968503937,0.5826771653543307,0.023622047244094488,0.4645669291338583,0.48031496062992124,0.0
2024-08-29T16:16:48.742170,interface,0.18110236220472442,0.007874015748031496,0.5984251968503937,0.5826771653543307,0.023622047244094488,0.4645669291338583,0.48031496062992124,0.0
2024-08-29T16:16:48.745750,interface,0.1889763779527559,0.007874015748031496,0.5984251968503937,0.5826771653543307,0.023622047244094488,0.4645669291338583,0.48031496062992124,0.0
2024-08-29T16:16:48.760042,interface,0.1968503937007874,0.007874015748031496,0.5984251968503937,0.5826771653543307,0.023622047244094488,0.4645669291338583,0.48031496062992124,0.0
2024-08-29T16:16:48.763596,interface,0.2047244094488189,0.007874015748031496,0.5984251968503937,0.5826771653543307,0.023622047244094488,0.4645669291338583,0.48031496062992124,0.0
2024-08-29T16:16:48.781832,interface,0.2047244094488189,0.007874015748031496,0.5984251968503937,0.5826771653543307,0.023622047244094488,0.4645669291338583,0.48031496062992124,0.0
2024-08-29T16:16:48.830217,interface,0.2047244094488189,0.007874015748031496,0.5984251968503937,0.5826771653543307,0.023622047244094488,0.4645669291338583,0.48031496062992124,0.0
2024-08-29T16:16:48.833904,interface,0.1968503937007874,0.007874015748031496,0.5984251968503937,0.5826771653543307,0.023622047244094488,0.4645669291338583,0.48031496062992124,0.0
2024-08-29T16:16:48.846613,interface,0.1889763779527559,0.007874015748031496,0.5984251968503937,0.5826771653543307,0.023622047244094488,0.4645669291338583,0.48031496062992124,0.0
2024-08-29T16:16:48.856452,interface,0.18110236220472442,0.007874015748031496,0.5984251968503937,0.5826771653543307,0.023622047244094488,0.4645669291338583,0.48031496062992124,0.0
2024-08-29T16:16:48.866455,interface,0.16535433070866143,0.007874015748031496,0.5984251968503937,0.5826771653543307,0.023622047244094488,0.4645669291338583,0.48031496062992124,0.0
2024-08-29T16:16:48.867639,interface,0.14960629921259844,0.007874015748031496,0.5984251968503937,0.5826771653543307,0.023622047244094488,0.4645669291338583,0.48031496062992124,0.0
2024-08-29T16:16:48.878128,interface,0.13385826771653545,0.007874015748031496,0.5984251968503937,0.5826771653543307,0.023622047244094488,0.4645669291338583,0.48031496062992124,0.0
2024-08-29T16:16:48.881646,interface,0.11811023622047244,0.007874015748031496,0.5984251968503937,0.5826771653543307,0.023622047244094488,0.4645669291338583,0.48031496062992124,0.0
2024-08-29T16:16:48.899715,interface,0.10236220472440945,0.007874015748031496,0.5984251968503937,0.5826771653543307,0.023622047244094488,0.4645669291338583,0.48031496062992124,0.0
2024-08-29T16:16:48.903148,interface,0.07874015748031496,0.007874015748031496,0.5984251968503937,0.5826771653543307,0.023622047244094488,0.4645669291338583,0.48031496062992124,0.0
2024-08-29T16:16:48.906468,interface,0.06299212598425197,0.007874015748031496,0.5984251968503937,0.5826771653543307,0.023622047244094488,0.4645669291338583,0.48031496062992124,0.0
2024-08-29T16:16:48.917742,interface,0.047244094488188976,0.007874015748031496,0.5984251968503937,0.5826771653543307,0.023622047244094488,0.4645669291338583,0.48031496062992124,0.0
2024-08-29T16:16:48.926451,interface,0.031496062992125984,0.007874015748031496,0.5984251968503937,0.5826771653543307,0.023622047244094488,0.4645669291338583,0.48031496062992124,0.0
2024-08-29T16:16:48.937280,interface,0.023622047244094488,0.007874015748031496,0.5984251968503937,0.5826771653543307,0.023622047244094488,0.4645669291338583,0.48031496062992124,0.0
2024-08-29T16:16:48.946754,interface,0.007874015748031496,0.007874015748031496,0.5984251968503937,0.5826771653543307,0.023622047244094488,0.4645669291338583,0.48031496062992124,0.0
2024-08-29T16:16:48.950081,interface,0.007874015748031496,0.007874015748031496,0.5984251968503937,0.5826771653543307,0.023622047244094488,0.4645669291338583,0.48031496062992124,0.0
2024-08-29T16:16:48.953690,interface,0.0,0.007874015748031496,0.5984251968503937,0.5826771653543307,0.023622047244094488,0.4645669291338583,0.48031496062992124,0.0
2024-08-29T16:16:48.978644,interface,0.0,0.007874015748031496,0.5984251968503937,0.5826771653543307,0.023622047244094488,0.4645669291338583,0.48031496062992124,0.0
2024-08-29T16:16:49.935874,interface,0.0,0.007874015748031496,0.5984251968503937,0.5826771653543307,0.023622047244094488,0.4645669291338583,0.4645669291338583,0.0
2024-08-29T16:16:49.951811,interface,0.0,0.007874015748031496,0.5984251968503937,0.5826771653543307,0.023622047244094488,0.4645669291338583,0.4645669291338583,0.0
2024-08-29T16:16:49.967814,interface,0.0,0.007874015748031496,0.5984251968503937,0.5826771653543307,0.023622047244094488,0.4645669291338583,0.4566929133858268,0.0
2024-08-29T16:16:49.983795,interface,0.0,0.007874015748031496,0.5984251968503937,0.5826771653543307,0.023622047244094488,0.4645669291338583,0.4566929133858268,0.0
2024-08-29T16:16:49.999813,interface,0.0,0.007874015748031496,0.5984251968503937,0.5826771653543307,0.023622047244094488,0.4645669291338583,0.44881889763779526,0.0
2024-08-29T16:16:50.015799,interface,0.0,0.007874015748031496,0.5984251968503937,0.5826771653543307,0.023622047244094488,0.4645669291338583,0.44881889763779526,0.0
2024-08-29T16:16:50.029631,interface,0.0,0.007874015748031496,0.5984251968503937,0.5826771653543307,0.023622047244094488,0.4645669291338583,0.4409448818897638,0.0
2024-08-29T16:16:50.032930,interface,0.0,0.007874015748031496,0.5984251968503937,0.5826771653543307,0.023622047244094488,0.4645669291338583,0.4409448818897638,0.0
2024-08-29T16:16:50.036408,interface,0.0,0.007874015748031496,0.5984251968503937,0.5826771653543307,0.023622047244094488,0.4645669291338583,0.4330708661417323,0.0
2024-08-29T16:16:50.047975,interface,0.0,0.007874015748031496,0.5984251968503937,0.5826771653543307,0.023622047244094488,0.4645669291338583,0.4251968503937008,0.0
2024-08-29T16:16:50.061764,interface,0.0,0.007874015748031496,0.5984251968503937,0.5826771653543307,0.023622047244094488,0.4645669291338583,0.4251968503937008,0.0
2024-08-29T16:16:50.062913,interface,0.0,0.007874015748031496,0.5984251968503937,0.5826771653543307,0.023622047244094488,0.4645669291338583,0.41732283464566927,0.0
2024-08-29T16:16:50.077031,interface,0.0,0.007874015748031496,0.5984251968503937,0.5826771653543307,0.023622047244094488,0.4645669291338583,0.41732283464566927,0.0
2024-08-29T16:16:50.078176,interface,0.0,0.007874015748031496,0.5984251968503937,0.5826771653543307,0.023622047244094488,0.4645669291338583,0.4094488188976378,0.0
2024-08-29T16:16:50.083690,interface,0.0,0.007874015748031496,0.5984251968503937,0.5826771653543307,0.023622047244094488,0.4645669291338583,0.4094488188976378,0.0
2024-08-29T16:16:50.099938,interface,0.0,0.007874015748031496,0.5984251968503937,0.5826771653543307,0.023622047244094488,0.4645669291338583,0.4015748031496063,0.0
2024-08-29T16:16:50.103301,interface,0.0,0.007874015748031496,0.5984251968503937,0.5826771653543307,0.023622047244094488,0.4645669291338583,0.3937007874015748,0.0
2024-08-29T16:16:50.116384,interface,0.0,0.007874015748031496,0.5984251968503937,0.5826771653543307,0.023622047244094488,0.4645669291338583,0.3937007874015748,0.0
2024-08-29T16:16:50.117597,interface,0.0,0.007874015748031496,0.5984251968503937,0.5826771653543307,0.023622047244094488,0.4645669291338583,0.3858267716535433,0.0
2024-08-29T16:16:50.128405,interface,0.0,0.007874015748031496,0.5984251968503937,0.5826771653543307,0.023622047244094488,0.4645669291338583,0.3779527559055118,0.0
2024-08-29T16:16:50.143900,interface,0.0,0.007874015748031496,0.5984251968503937,0.5826771653543307,0.023622047244094488,0.4645669291338583,0.3779527559055118,0.0
2024-08-29T16:16:50.159833,interface,0.0,0.007874015748031496,0.5984251968503937,0.5826771653543307,0.023622047244094488,0.4645669291338583,0.3700787401574803,0.0
2024-08-29T16:16:50.183992,interface,0.0,0.007874015748031496,0.5984251968503937,0.5826771653543307,0.023622047244094488,0.4645669291338583,0.3700787401574803,0.0
2024-08-29T16:16:50.236543,interface,0.0,0.007874015748031496,0.5984251968503937,0.5826771653543307,0.023622047244094488,0.4645669291338583,0.36220472440944884,0.0
2024-08-29T16:16:50.271871,interface,0.0,0.007874015748031496,0.5984251968503937,0.5826771653543307,0.023622047244094488,0.4645669291338583,0.36220472440944884,0.0
2024-08-29T16:16:50.289510,interface,0.0,0.007874015748031496,0.5984251968503937,0.5826771653543307,0.023622047244094488,0.4645669291338583,0.3543307086614173,0.0
2024-08-29T16:16:50.303988,interface,0.0,0.007874015748031496,0.5984251968503937,0.5826771653543307,0.023622047244094488,0.4645669291338583,0.3543307086614173,0.0
2024-08-29T16:16:50.319982,interface,0.0,0.007874015748031496,0.5984251968503937,0.5826771653543307,0.023622047244094488,0.4645669291338583,0.3464566929133858,0.0
2024-08-29T16:16:50.323645,interface,0.0,0.007874015748031496,0.5984251968503937,0.5826771653543307,0.023622047244094488,0.4645669291338583,0.33858267716535434,0.0
2024-08-29T16:16:50.336210,interface,0.0,0.007874015748031496,0.5984251968503937,0.5826771653543307,0.023622047244094488,0.4645669291338583,0.33070866141732286,0.0
2024-08-29T16:16:50.346224,interface,0.0,0.007874015748031496,0.5984251968503937,0.5826771653543307,0.023622047244094488,0.4645669291338583,0.33070866141732286,0.0
2024-08-29T16:16:50.356452,interface,0.0,0.007874015748031496,0.5984251968503937,0.5826771653543307,0.023622047244094488,0.4645669291338583,0.3228346456692913,0.0
2024-08-29T16:16:50.357721,interface,0.0,0.007874015748031496,0.5984251968503937,0.5826771653543307,0.023622047244094488,0.4645669291338583,0.3228346456692913,0.0
2024-08-29T16:16:50.368124,interface,0.0,0.007874015748031496,0.5984251968503937,0.5826771653543307,0.023622047244094488,0.4645669291338583,0.31496062992125984,0.0
2024-08-29T16:16:50.377654,interface,0.0,0.007874015748031496,0.5984251968503937,0.5826771653543307,0.023622047244094488,0.4645669291338583,0.31496062992125984,0.0
2024-08-29T16:16:50.386770,interface,0.0,0.007874015748031496,0.5984251968503937,0.5826771653543307,0.023622047244094488,0.4645669291338583,0.30708661417322836,0.0
2024-08-29T16:16:50.400024,interface,0.0,0.007874015748031496,0.5984251968503937,0.5826771653543307,0.023622047244094488,0.4645669291338583,0.2992125984251969,0.0
2024-08-29T16:16:50.415928,interface,0.0,0.007874015748031496,0.5984251968503937,0.5826771653543307,0.023622047244094488,0.4645669291338583,0.29133858267716534,0.0
2024-08-29T16:16:50.432015,interface,0.0,0.007874015748031496,0.5984251968503937,0.5826771653543307,0.023622047244094488,0.4645669291338583,0.29133858267716534,0.0
2024-08-29T16:16:50.459627,interface,0.0,0.007874015748031496,0.5984251968503937,0.5826771653543307,0.023622047244094488,0.4645669291338583,0.28346456692913385,0.0
2024-08-29T16:16:50.912105,interface,0.0,0.007874015748031496,0.5984251968503937,0.5826771653543307,0.023622047244094488,0.4645669291338583,0.28346456692913385,0.0
2024-08-29T16:16:50.928231,interface,0.0,0.007874015748031496,0.5984251968503937,0.5826771653543307,0.023622047244094488,0.4645669291338583,0.2755905511811024,0.0
2024-08-29T16:16:50.937137,interface,0.0,0.007874015748031496,0.5984251968503937,0.5826771653543307,0.023622047244094488,0.4645669291338583,0.2677165354330709,0.0
2024-08-29T16:16:50.947628,interface,0.0,0.007874015748031496,0.5984251968503937,0.5826771653543307,0.023622047244094488,0.4645669291338583,0.2677165354330709,0.0
2024-08-29T16:16:50.956305,interface,0.0,0.007874015748031496,0.5984251968503937,0.5826771653543307,0.023622047244094488,0.4645669291338583,0.25984251968503935,0.0
2024-08-29T16:16:50.957446,interface,0.0,0.007874015748031496,0.5984251968503937,0.5826771653543307,0.023622047244094488,0.4645669291338583,0.25196850393700787,0.0
2024-08-29T16:16:50.968061,interface,0.0,0.007874015748031496,0.5984251968503937,0.5826771653543307,0.023622047244094488,0.4645669291338583,0.25196850393700787,0.0
2024-08-29T16:16:50.976877,interface,0.0,0.007874015748031496,0.5984251968503937,0.5826771653543307,0.023622047244094488,0.4645669291338583,0.2440944881889764,0.0
2024-08-29T16:16:50.987078,interface,0.0,0.007874015748031496,0.5984251968503937,0.5826771653543307,0.023622047244094488,0.4645669291338583,0.23622047244094488,0.0
2024-08-29T16:16:50.996383,interface,0.0,0.007874015748031496,0.5984251968503937,0.5826771653543307,0.023622047244094488,0.4645669291338583,0.2283464566929134,0.0
2024-08-29T16:16:50.997638,interface,0.0,0.007874015748031496,0.5984251968503937,0.5826771653543307,0.023622047244094488,0.4645669291338583,0.2204724409448819,0.0
2024-08-29T16:16:51.008137,interface,0.0,0.007874015748031496,0.5984251968503937,0.5826771653543307,0.023622047244094488,0.4645669291338583,0.2125984251968504,0.0
2024-08-29T16:16:51.016961,interface,0.0,0.007874015748031496,0.5984251968503937,0.5826771653543307,0.023622047244094488,0.4645669291338583,0.2047244094488189,0.0
2024-08-29T16:16:51.026917,interface,0.0,0.007874015748031496,0.5984251968503937,0.5826771653543307,0.023622047244094488,0.4645669291338583,0.1889763779527559,0.0
2024-08-29T16:16:51.037306,interface,0.0,0.007874015748031496,0.5984251968503937,0.5826771653543307,0.023622047244094488,0.4645669291338583,0.18110236220472442,0.0
2024-08-29T16:16:51.038749,interface,0.0,0.007874015748031496,0.5984251968503937,0.5826771653543307,0.023622047244094488,0.4645669291338583,0.16535433070866143,0.0
2024-08-29T16:16:51.052004,interface,0.0,0.007874015748031496,0.5984251968503937,0.5826771653543307,0.023622047244094488,0.4645669291338583,0.15748031496062992,0.0
2024-08-29T16:16:51.053151,interface,0.0,0.007874015748031496,0.5984251968503937,0.5826771653543307,0.023622047244094488,0.4645669291338583,0.14173228346456693,0.0
2024-08-29T16:16:51.066909,interface,0.0,0.007874015748031496,0.5984251968503937,0.5826771653543307,0.023622047244094488,0.4645669291338583,0.13385826771653545,0.0
2024-08-29T16:16:51.080836,interface,0.0,0.007874015748031496,0.5984251968503937,0.5826771653543307,0.023622047244094488,0.4645669291338583,0.11811023622047244,0.0
2024-08-29T16:16:51.082181,interface,0.0,0.007874015748031496,0.5984251968503937,0.5826771653543307,0.023622047244094488,0.4645669291338583,0.10236220472440945,0.0
2024-08-29T16:16:51.083313,interface,0.0,0.007874015748031496,0.5984251968503937,0.5826771653543307,0.023622047244094488,0.4645669291338583,0.09448818897637795,0.0
2024-08-29T16:16:51.096837,interface,0.0,0.007874015748031496,0.5984251968503937,0.5826771653543307,0.023622047244094488,0.4645669291338583,0.07874015748031496,0.0
2024-08-29T16:16:51.106216,interface,0.0,0.007874015748031496,0.5984251968503937,0.5826771653543307,0.023622047244094488,0.4645669291338583,0.06299212598425197,0.0
2024-08-29T16:16:51.117122,interface,0.0,0.007874015748031496,0.5984251968503937,0.5826771653543307,0.023622047244094488,0.4645669291338583,0.05511811023622047,0.0
2024-08-29T16:16:51.118405,interface,0.0,0.007874015748031496,0.5984251968503937,0.5826771653543307,0.023622047244094488,0.4645669291338583,0.047244094488188976,0.0
2024-08-29T16:16:51.123900,interface,0.0,0.007874015748031496,0.5984251968503937,0.5826771653543307,0.023622047244094488,0.4645669291338583,0.031496062992125984,0.0
2024-08-29T16:16:51.137186,interface,0.0,0.007874015748031496,0.5984251968503937,0.5826771653543307,0.023622047244094488,0.4645669291338583,0.023622047244094488,0.0
2024-08-29T16:16:51.146056,interface,0.0,0.007874015748031496,0.5984251968503937,0.5826771653543307,0.023622047244094488,0.4645669291338583,0.015748031496062992,0.0
2024-08-29T16:16:51.160778,interface,0.0,0.007874015748031496,0.5984251968503937,0.5826771653543307,0.023622047244094488,0.4645669291338583,0.007874015748031496,0.0
2024-08-29T16:16:51.161878,interface,0.0,0.007874015748031496,0.5984251968503937,0.5826771653543307,0.023622047244094488,0.4645669291338583,0.007874015748031496,0.0
2024-08-29T16:16:51.175952,interface,0.0,0.007874015748031496,0.5984251968503937,0.5826771653543307,0.023622047244094488,0.4645669291338583,0.0,0.0
2024-08-29T16:16:51.192704,interface,0.0,0.007874015748031496,0.5984251968503937,0.5826771653543307,0.023622047244094488,0.4645669291338583,0.0,0.0
2024-08-29T16:16:54.258739,interface,0.0,0.007874015748031496,0.5984251968503937,0.5826771653543307,0.023622047244094488,0.4645669291338583,0.0,0.0
2024-08-29T16:16:54.274807,interface,0.007874015748031496,0.007874015748031496,0.5984251968503937,0.5826771653543307,0.023622047244094488,0.4645669291338583,0.0,0.0
2024-08-29T16:16:54.290870,interface,0.015748031496062992,0.007874015748031496,0.5984251968503937,0.5826771653543307,0.023622047244094488,0.4645669291338583,0.0,0.0
2024-08-29T16:16:54.302020,interface,0.023622047244094488,0.007874015748031496,0.5984251968503937,0.5826771653543307,0.023622047244094488,0.4645669291338583,0.0,0.0
2024-08-29T16:16:54.303397,interface,0.031496062992125984,0.007874015748031496,0.5984251968503937,0.5826771653543307,0.023622047244094488,0.4645669291338583,0.0,0.0
2024-08-29T16:16:54.316373,interface,0.03937007874015748,0.007874015748031496,0.5984251968503937,0.5826771653543307,0.023622047244094488,0.4645669291338583,0.0,0.0
2024-08-29T16:16:54.326902,interface,0.047244094488188976,0.007874015748031496,0.5984251968503937,0.5826771653543307,0.023622047244094488,0.4645669291338583,0.0,0.0
2024-08-29T16:16:54.328081,interface,0.05511811023622047,0.007874015748031496,0.5984251968503937,0.5826771653543307,0.023622047244094488,0.4645669291338583,0.0,0.0
2024-08-29T16:16:54.338822,interface,0.06299212598425197,0.007874015748031496,0.5984251968503937,0.5826771653543307,0.023622047244094488,0.4645669291338583,0.0,0.0
2024-08-29T16:16:54.342313,interface,0.07086614173228346,0.007874015748031496,0.5984251968503937,0.5826771653543307,0.023622047244094488,0.4645669291338583,0.0,0.0
2024-08-29T16:16:54.356274,interface,0.08661417322834646,0.007874015748031496,0.5984251968503937,0.5826771653543307,0.023622047244094488,0.4645669291338583,0.0,0.0
2024-08-29T16:16:54.367441,interface,0.10236220472440945,0.007874015748031496,0.5984251968503937,0.5826771653543307,0.023622047244094488,0.4645669291338583,0.0,0.0
2024-08-29T16:16:54.368679,interface,0.11023622047244094,0.007874015748031496,0.5984251968503937,0.5826771653543307,0.023622047244094488,0.4645669291338583,0.0,0.0
2024-08-29T16:16:54.374066,interface,0.12598425196850394,0.007874015748031496,0.5984251968503937,0.5826771653543307,0.023622047244094488,0.4645669291338583,0.0,0.0
2024-08-29T16:16:54.387213,interface,0.13385826771653545,0.007874015748031496,0.5984251968503937,0.5826771653543307,0.023622047244094488,0.4645669291338583,0.0,0.0
2024-08-29T16:16:54.396650,interface,0.14173228346456693,0.007874015748031496,0.5984251968503937,0.5826771653543307,0.023622047244094488,0.4645669291338583,0.0,0.0
2024-08-29T16:16:54.407093,interface,0.15748031496062992,0.007874015748031496,0.5984251968503937,0.5826771653543307,0.023622047244094488,0.4645669291338583,0.0,0.0
2024-08-29T16:16:54.408256,interface,0.16535433070866143,0.007874015748031496,0.5984251968503937,0.5826771653543307,0.023622047244094488,0.4645669291338583,0.0,0.0
2024-08-29T16:16:54.419244,interface,0.1732283464566929,0.007874015748031496,0.5984251968503937,0.5826771653543307,0.023622047244094488,0.4645669291338583,0.0,0.0
2024-08-29T16:16:54.422721,interface,0.18110236220472442,0.007874015748031496,0.5984251968503937,0.5826771653543307,0.023622047244094488,0.4645669291338583,0.0,0.0
2024-08-29T16:16:54.440800,interface,0.1889763779527559,0.007874015748031496,0.5984251968503937,0.5826771653543307,0.023622047244094488,0.4645669291338583,0.0,0.0
2024-08-29T16:16:54.441972,interface,0.1968503937007874,0.007874015748031496,0.5984251968503937,0.5826771653543307,0.023622047244094488,0.4645669291338583,0.0,0.0
2024-08-29T16:16:54.447495,interface,0.2047244094488189,0.007874015748031496,0.5984251968503937,0.5826771653543307,0.023622047244094488,0.4645669291338583,0.0,0.0
2024-08-29T16:16:54.458773,interface,0.2125984251968504,0.007874015748031496,0.5984251968503937,0.5826771653543307,0.023622047244094488,0.4645669291338583,0.0,0.0
2024-08-29T16:16:54.467386,interface,0.2204724409448819,0.007874015748031496,0.5984251968503937,0.5826771653543307,0.023622047244094488,0.4645669291338583,0.0,0.0
2024-08-29T16:16:54.476643,interface,0.2283464566929134,0.007874015748031496,0.5984251968503937,0.5826771653543307,0.023622047244094488,0.4645669291338583,0.0,0.0
2024-08-29T16:16:54.486258,interface,0.23622047244094488,0.007874015748031496,0.5984251968503937,0.5826771653543307,0.023622047244094488,0.4645669291338583,0.0,0.0
2024-08-29T16:16:54.489586,interface,0.2440944881889764,0.007874015748031496,0.5984251968503937,0.5826771653543307,0.023622047244094488,0.4645669291338583,0.0,0.0
2024-08-29T16:16:54.498869,interface,0.25196850393700787,0.007874015748031496,0.5984251968503937,0.5826771653543307,0.023622047244094488,0.4645669291338583,0.0,0.0
2024-08-29T16:16:54.502376,interface,0.25984251968503935,0.007874015748031496,0.5984251968503937,0.5826771653543307,0.023622047244094488,0.4645669291338583,0.0,0.0
2024-08-29T16:16:54.520775,interface,0.2677165354330709,0.007874015748031496,0.5984251968503937,0.5826771653543307,0.023622047244094488,0.4645669291338583,0.0,0.0
2024-08-29T16:16:54.521947,interface,0.2677165354330709,0.007874015748031496,0.5984251968503937,0.5826771653543307,0.023622047244094488,0.4645669291338583,0.0,0.0
2024-08-29T16:16:54.527442,interface,0.2755905511811024,0.007874015748031496,0.5984251968503937,0.5826771653543307,0.023622047244094488,0.4645669291338583,0.0,0.0
2024-08-29T16:16:54.539338,interface,0.28346456692913385,0.007874015748031496,0.5984251968503937,0.5826771653543307,0.023622047244094488,0.4645669291338583,0.0,0.0
2024-08-29T16:16:54.542913,interface,0.29133858267716534,0.007874015748031496,0.5984251968503937,0.5826771653543307,0.023622047244094488,0.4645669291338583,0.0,0.0
2024-08-29T16:16:54.556126,interface,0.2992125984251969,0.007874015748031496,0.5984251968503937,0.5826771653543307,0.023622047244094488,0.4645669291338583,0.0,0.0
2024-08-29T16:16:54.566459,interface,0.30708661417322836,0.007874015748031496,0.5984251968503937,0.5826771653543307,0.023622047244094488,0.4645669291338583,0.0,0.0
2024-08-29T16:16:54.567629,interface,0.30708661417322836,0.007874015748031496,0.5984251968503937,0.5826771653543307,0.023622047244094488,0.4645669291338583,0.0,0.0
2024-08-29T16:16:54.583782,interface,0.31496062992125984,0.007874015748031496,0.5984251968503937,0.5826771653543307,0.023622047244094488,0.4645669291338583,0.0,0.0
2024-08-29T16:16:54.584922,interface,0.31496062992125984,0.007874015748031496,0.5984251968503937,0.5826771653543307,0.023622047244094488,0.4645669291338583,0.0,0.0
2024-08-29T16:16:54.615636,interface,0.3228346456692913,0.007874015748031496,0.5984251968503937,0.5826771653543307,0.023622047244094488,0.4645669291338583,0.0,0.0
2024-08-29T16:16:54.647639,interface,0.31496062992125984,0.007874015748031496,0.5984251968503937,0.5826771653543307,0.023622047244094488,0.4645669291338583,0.0,0.0
2024-08-29T16:16:54.648783,interface,0.31496062992125984,0.007874015748031496,0.5984251968503937,0.5826771653543307,0.023622047244094488,0.4645669291338583,0.0,0.0
2024-08-29T16:16:54.654243,interface,0.30708661417322836,0.007874015748031496,0.5984251968503937,0.5826771653543307,0.023622047244094488,0.4645669291338583,0.0,0.0
2024-08-29T16:16:54.666982,interface,0.2992125984251969,0.007874015748031496,0.5984251968503937,0.5826771653543307,0.023622047244094488,0.4645669291338583,0.0,0.0
2024-08-29T16:16:54.676258,interface,0.29133858267716534,0.007874015748031496,0.5984251968503937,0.5826771653543307,0.023622047244094488,0.4645669291338583,0.0,0.0
2024-08-29T16:16:54.684967,interface,0.2755905511811024,0.007874015748031496,0.5984251968503937,0.5826771653543307,0.023622047244094488,0.4645669291338583,0.0,0.0
2024-08-29T16:16:54.686257,interface,0.2677165354330709,0.007874015748031496,0.5984251968503937,0.5826771653543307,0.023622047244094488,0.4645669291338583,0.0,0.0
2024-08-29T16:16:54.698820,interface,0.25984251968503935,0.007874015748031496,0.5984251968503937,0.5826771653543307,0.023622047244094488,0.4645669291338583,0.0,0.0
2024-08-29T16:16:54.702407,interface,0.2440944881889764,0.007874015748031496,0.5984251968503937,0.5826771653543307,0.023622047244094488,0.4645669291338583,0.0,0.0
2024-08-29T16:16:54.716482,interface,0.2283464566929134,0.007874015748031496,0.5984251968503937,0.5826771653543307,0.023622047244094488,0.4645669291338583,0.0,0.0
2024-08-29T16:16:54.726950,interface,0.2204724409448819,0.007874015748031496,0.5984251968503937,0.5826771653543307,0.023622047244094488,0.4645669291338583,0.0,0.0
2024-08-29T16:16:54.728138,interface,0.2047244094488189,0.007874015748031496,0.5984251968503937,0.5826771653543307,0.023622047244094488,0.4645669291338583,0.0,0.0
2024-08-29T16:16:54.743854,interface,0.18110236220472442,0.007874015748031496,0.5984251968503937,0.5826771653543307,0.023622047244094488,0.4645669291338583,0.0,0.0
2024-08-29T16:16:54.745004,interface,0.16535433070866143,0.007874015748031496,0.5984251968503937,0.5826771653543307,0.023622047244094488,0.4645669291338583,0.0,0.0
2024-08-29T16:16:54.756545,interface,0.14960629921259844,0.007874015748031496,0.5984251968503937,0.5826771653543307,0.023622047244094488,0.4645669291338583,0.0,0.0
2024-08-29T16:16:54.766995,interface,0.12598425196850394,0.007874015748031496,0.5984251968503937,0.5826771653543307,0.023622047244094488,0.4645669291338583,0.0,0.0
2024-08-29T16:16:54.768300,interface,0.10236220472440945,0.007874015748031496,0.5984251968503937,0.5826771653543307,0.023622047244094488,0.4645669291338583,0.0,0.0
2024-08-29T16:16:54.778814,interface,0.07874015748031496,0.007874015748031496,0.5984251968503937,0.5826771653543307,0.023622047244094488,0.4645669291338583,0.0,0.0
2024-08-29T16:16:54.782338,interface,0.06299212598425197,0.007874015748031496,0.5984251968503937,0.5826771653543307,0.023622047244094488,0.4645669291338583,0.0,0.0
2024-08-29T16:16:54.798319,interface,0.047244094488188976,0.007874015748031496,0.5984251968503937,0.5826771653543307,0.023622047244094488,0.4645669291338583,0.0,0.0
2024-08-29T16:16:54.807001,interface,0.031496062992125984,0.007874015748031496,0.5984251968503937,0.5826771653543307,0.023622047244094488,0.4645669291338583,0.0,0.0
2024-08-29T16:16:54.808197,interface,0.015748031496062992,0.007874015748031496,0.5984251968503937,0.5826771653543307,0.023622047244094488,0.4645669291338583,0.0,0.0
2024-08-29T16:16:54.818765,interface,0.007874015748031496,0.007874015748031496,0.5984251968503937,0.5826771653543307,0.023622047244094488,0.4645669291338583,0.0,0.0
2024-08-29T16:16:54.822221,interface,0.007874015748031496,0.007874015748031496,0.5984251968503937,0.5826771653543307,0.023622047244094488,0.4645669291338583,0.0,0.0
2024-08-29T16:16:54.842645,interface,0.0,0.007874015748031496,0.5984251968503937,0.5826771653543307,0.023622047244094488,0.4645669291338583,0.0,0.0
2024-08-29T16:16:54.858817,interface,0.0,0.007874015748031496,0.5984251968503937,0.5826771653543307,0.023622047244094488,0.4645669291338583,0.0,0.0
2024-08-29T16:16:55.412488,interface,0.0,0.007874015748031496,0.5984251968503937,0.5826771653543307,0.023622047244094488,0.4645669291338583,0.0,0.0
2024-08-29T16:16:55.427649,interface,0.007874015748031496,0.007874015748031496,0.5984251968503937,0.5826771653543307,0.023622047244094488,0.4645669291338583,0.0,0.0
2024-08-29T16:16:55.436925,interface,0.015748031496062992,0.007874015748031496,0.5984251968503937,0.5826771653543307,0.023622047244094488,0.4645669291338583,0.0,0.0
2024-08-29T16:16:55.446837,interface,0.023622047244094488,0.007874015748031496,0.5984251968503937,0.5826771653543307,0.023622047244094488,0.4645669291338583,0.0,0.0
2024-08-29T16:16:55.450337,interface,0.03937007874015748,0.007874015748031496,0.5984251968503937,0.5826771653543307,0.023622047244094488,0.4645669291338583,0.0,0.0
2024-08-29T16:16:55.458916,interface,0.047244094488188976,0.007874015748031496,0.5984251968503937,0.5826771653543307,0.023622047244094488,0.4645669291338583,0.0,0.0
2024-08-29T16:16:55.462367,interface,0.06299212598425197,0.007874015748031496,0.5984251968503937,0.5826771653543307,0.023622047244094488,0.4645669291338583,0.0,0.0
2024-08-29T16:16:55.476562,interface,0.08661417322834646,0.007874015748031496,0.5984251968503937,0.5826771653543307,0.023622047244094488,0.4645669291338583,0.0,0.0
2024-08-29T16:16:55.491773,interface,0.10236220472440945,0.007874015748031496,0.5984251968503937,0.5826771653543307,0.023622047244094488,0.4645669291338583,0.0,0.0
2024-08-29T16:16:55.493100,interface,0.12598425196850394,0.007874015748031496,0.5984251968503937,0.5826771653543307,0.023622047244094488,0.4645669291338583,0.0,0.0
2024-08-29T16:16:55.494177,interface,0.14960629921259844,0.007874015748031496,0.5984251968503937,0.5826771653543307,0.023622047244094488,0.4645669291338583,0.0,0.0
2024-08-29T16:16:55.507497,interface,0.16535433070866143,0.007874015748031496,0.5984251968503937,0.5826771653543307,0.023622047244094488,0.4645669291338583,0.0,0.0
2024-08-29T16:16:55.516991,interface,0.1889763779527559,0.007874015748031496,0.5984251968503937,0.5826771653543307,0.023622047244094488,0.4645669291338583,0.0,0.0
2024-08-29T16:16:55.526038,interface,0.2047244094488189,0.007874015748031496,0.5984251968503937,0.5826771653543307,0.023622047244094488,0.4645669291338583,0.0,0.0
2024-08-29T16:16:55.539801,interface,0.2204724409448819,0.007874015748031496,0.5984251968503937,0.5826771653543307,0.023622047244094488,0.4645669291338583,0.0,0.0
2024-08-29T16:16:55.541105,interface,0.2440944881889764,0.007874015748031496,0.5984251968503937,0.5826771653543307,0.023622047244094488,0.4645669291338583,0.0,0.0
2024-08-29T16:16:55.542193,interface,0.25984251968503935,0.007874015748031496,0.5984251968503937,0.5826771653543307,0.023622047244094488,0.4645669291338583,0.0,0.0
2024-08-29T16:16:55.556884,interface,0.2755905511811024,0.007874015748031496,0.5984251968503937,0.5826771653543307,0.023622047244094488,0.4645669291338583,0.0,0.0
2024-08-29T16:16:55.571839,interface,0.2992125984251969,0.007874015748031496,0.5984251968503937,0.5826771653543307,0.023622047244094488,0.4645669291338583,0.0,0.0
2024-08-29T16:16:55.573202,interface,0.31496062992125984,0.007874015748031496,0.5984251968503937,0.5826771653543307,0.023622047244094488,0.4645669291338583,0.0,0.0
2024-08-29T16:16:55.574286,interface,0.33070866141732286,0.007874015748031496,0.5984251968503937,0.5826771653543307,0.023622047244094488,0.4645669291338583,0.0,0.0
2024-08-29T16:16:55.587284,interface,0.3543307086614173,0.007874015748031496,0.5984251968503937,0.5826771653543307,0.023622047244094488,0.4645669291338583,0.0,0.0
2024-08-29T16:16:55.596979,interface,0.3700787401574803,0.007874015748031496,0.5984251968503937,0.5826771653543307,0.023622047244094488,0.4645669291338583,0.0,0.0
2024-08-29T16:16:55.606662,interface,0.3858267716535433,0.007874015748031496,0.5984251968503937,0.5826771653543307,0.023622047244094488,0.4645669291338583,0.0,0.0
2024-08-29T16:16:55.616857,interface,0.4015748031496063,0.007874015748031496,0.5984251968503937,0.5826771653543307,0.023622047244094488,0.4645669291338583,0.0,0.0
2024-08-29T16:16:55.618000,interface,0.41732283464566927,0.007874015748031496,0.5984251968503937,0.5826771653543307,0.023622047244094488,0.4645669291338583,0.0,0.0
2024-08-29T16:16:55.623253,interface,0.4251968503937008,0.007874015748031496,0.5984251968503937,0.5826771653543307,0.023622047244094488,0.4645669291338583,0.0,0.0
2024-08-29T16:16:55.636380,interface,0.4330708661417323,0.007874015748031496,0.5984251968503937,0.5826771653543307,0.023622047244094488,0.4645669291338583,0.0,0.0
2024-08-29T16:16:55.639992,interface,0.4409448818897638,0.007874015748031496,0.5984251968503937,0.5826771653543307,0.023622047244094488,0.4645669291338583,0.0,0.0
2024-08-29T16:16:55.656415,interface,0.44881889763779526,0.007874015748031496,0.5984251968503937,0.5826771653543307,0.023622047244094488,0.4645669291338583,0.0,0.0
2024-08-29T16:16:55.666924,interface,0.44881889763779526,0.007874015748031496,0.5984251968503937,0.5826771653543307,0.023622047244094488,0.4645669291338583,0.0,0.0
2024-08-29T16:16:55.738962,interface,0.44881889763779526,0.007874015748031496,0.5984251968503937,0.5826771653543307,0.023622047244094488,0.4645669291338583,0.0,0.0
2024-08-29T16:16:55.755086,interface,0.4409448818897638,0.007874015748031496,0.5984251968503937,0.5826771653543307,0.023622047244094488,0.4645669291338583,0.0,0.0
2024-08-29T16:16:55.766363,interface,0.4409448818897638,0.007874015748031496,0.5984251968503937,0.5826771653543307,0.023622047244094488,0.4645669291338583,0.0,0.0
2024-08-29T16:16:55.776830,interface,0.4330708661417323,0.007874015748031496,0.5984251968503937,0.5826771653543307,0.023622047244094488,0.4645669291338583,0.0,0.0
2024-08-29T16:16:55.777973,interface,0.4330708661417323,0.007874015748031496,0.5984251968503937,0.5826771653543307,0.023622047244094488,0.4645669291338583,0.0,0.0
2024-08-29T16:16:55.783257,interface,0.4251968503937008,0.007874015748031496,0.5984251968503937,0.5826771653543307,0.023622047244094488,0.4645669291338583,0.0,0.0
2024-08-29T16:16:55.796898,interface,0.41732283464566927,0.007874015748031496,0.5984251968503937,0.5826771653543307,0.023622047244094488,0.4645669291338583,0.0,0.0
2024-08-29T16:16:55.810772,interface,0.4094488188976378,0.007874015748031496,0.5984251968503937,0.5826771653543307,0.023622047244094488,0.4645669291338583,0.0,0.0
2024-08-29T16:16:55.811971,interface,0.4094488188976378,0.007874015748031496,0.5984251968503937,0.5826771653543307,0.023622047244094488,0.4645669291338583,0.0,0.0
2024-08-29T16:16:55.815260,interface,0.4015748031496063,0.007874015748031496,0.5984251968503937,0.5826771653543307,0.023622047244094488,0.4645669291338583,0.0,0.0
2024-08-29T16:16:55.829980,interface,0.3937007874015748,0.007874015748031496,0.5984251968503937,0.5826771653543307,0.023622047244094488,0.4645669291338583,0.0,0.0
2024-08-29T16:16:55.833393,interface,0.3937007874015748,0.007874015748031496,0.5984251968503937,0.5826771653543307,0.023622047244094488,0.4645669291338583,0.0,0.0
2024-08-29T16:16:55.851410,interface,0.3858267716535433,0.007874015748031496,0.5984251968503937,0.5826771653543307,0.023622047244094488,0.4645669291338583,0.0,0.0
2024-08-29T16:16:56.537030,interface,0.3937007874015748,0.007874015748031496,0.5984251968503937,0.5826771653543307,0.023622047244094488,0.4645669291338583,0.0,0.0
2024-08-29T16:16:56.547794,interface,0.4015748031496063,0.007874015748031496,0.5984251968503937,0.5826771653543307,0.023622047244094488,0.4645669291338583,0.0,0.0
2024-08-29T16:16:56.557268,interface,0.4094488188976378,0.007874015748031496,0.5984251968503937,0.5826771653543307,0.023622047244094488,0.4645669291338583,0.0,0.0
2024-08-29T16:16:56.566970,interface,0.41732283464566927,0.007874015748031496,0.5984251968503937,0.5826771653543307,0.023622047244094488,0.4645669291338583,0.0,0.0
2024-08-29T16:16:56.568236,interface,0.4251968503937008,0.007874015748031496,0.5984251968503937,0.5826771653543307,0.023622047244094488,0.4645669291338583,0.0,0.0
2024-08-29T16:16:56.573486,interface,0.4330708661417323,0.007874015748031496,0.5984251968503937,0.5826771653543307,0.023622047244094488,0.4645669291338583,0.0,0.0
2024-08-29T16:16:56.590745,interface,0.44881889763779526,0.007874015748031496,0.5984251968503937,0.5826771653543307,0.023622047244094488,0.4645669291338583,0.0,0.0
2024-08-29T16:16:56.591931,interface,0.4566929133858268,0.007874015748031496,0.5984251968503937,0.5826771653543307,0.023622047244094488,0.4645669291338583,0.0,0.0
2024-08-29T16:16:56.606966,interface,0.47244094488188976,0.007874015748031496,0.5984251968503937,0.5826771653543307,0.023622047244094488,0.4645669291338583,0.0,0.0
2024-08-29T16:16:56.608156,interface,0.48031496062992124,0.007874015748031496,0.5984251968503937,0.5826771653543307,0.023622047244094488,0.4645669291338583,0.0,0.0
2024-08-29T16:16:56.613652,interface,0.4881889763779528,0.007874015748031496,0.5984251968503937,0.5826771653543307,0.023622047244094488,0.4645669291338583,0.0,0.0
2024-08-29T16:16:56.626771,interface,0.5039370078740157,0.007874015748031496,0.5984251968503937,0.5826771653543307,0.023622047244094488,0.4645669291338583,0.0,0.0
2024-08-29T16:16:56.636727,interface,0.5196850393700787,0.007874015748031496,0.5984251968503937,0.5826771653543307,0.023622047244094488,0.4645669291338583,0.0,0.0
2024-08-29T16:16:56.646923,interface,0.5354330708661418,0.007874015748031496,0.5984251968503937,0.5826771653543307,0.023622047244094488,0.4645669291338583,0.0,0.0
2024-08-29T16:16:56.648192,interface,0.5511811023622047,0.007874015748031496,0.5984251968503937,0.5826771653543307,0.023622047244094488,0.4645669291338583,0.0,0.0
2024-08-29T16:16:56.653467,interface,0.5669291338582677,0.007874015748031496,0.5984251968503937,0.5826771653543307,0.023622047244094488,0.4645669291338583,0.0,0.0
2024-08-29T16:16:56.669767,interface,0.5826771653543307,0.007874015748031496,0.5984251968503937,0.5826771653543307,0.023622047244094488,0.4645669291338583,0.0,0.0
2024-08-29T16:16:56.673081,interface,0.5984251968503937,0.007874015748031496,0.5984251968503937,0.5826771653543307,0.023622047244094488,0.4645669291338583,0.0,0.0
2024-08-29T16:16:56.687286,interface,0.6141732283464567,0.007874015748031496,0.5984251968503937,0.5826771653543307,0.023622047244094488,0.4645669291338583,0.0,0.0
2024-08-29T16:16:56.688431,interface,0.6377952755905512,0.007874015748031496,0.5984251968503937,0.5826771653543307,0.023622047244094488,0.4645669291338583,0.0,0.0
2024-08-29T16:16:56.693769,interface,0.6535433070866141,0.007874015748031496,0.5984251968503937,0.5826771653543307,0.023622047244094488,0.4645669291338583,0.0,0.0
2024-08-29T16:16:56.706246,interface,0.6692913385826772,0.007874015748031496,0.5984251968503937,0.5826771653543307,0.023622047244094488,0.4645669291338583,0.0,0.0
2024-08-29T16:16:56.717691,interface,0.6850393700787402,0.007874015748031496,0.5984251968503937,0.5826771653543307,0.023622047244094488,0.4645669291338583,0.0,0.0
2024-08-29T16:16:56.726824,interface,0.7007874015748031,0.007874015748031496,0.5984251968503937,0.5826771653543307,0.023622047244094488,0.4645669291338583,0.0,0.0
2024-08-29T16:16:56.728154,interface,0.7086614173228346,0.007874015748031496,0.5984251968503937,0.5826771653543307,0.023622047244094488,0.4645669291338583,0.0,0.0
2024-08-29T16:16:56.733551,interface,0.7244094488188977,0.007874015748031496,0.5984251968503937,0.5826771653543307,0.023622047244094488,0.4645669291338583,0.0,0.0
2024-08-29T16:16:56.749688,interface,0.7322834645669292,0.007874015748031496,0.5984251968503937,0.5826771653543307,0.023622047244094488,0.4645669291338583,0.0,0.0
2024-08-29T16:16:56.752998,interface,0.7401574803149606,0.007874015748031496,0.5984251968503937,0.5826771653543307,0.023622047244094488,0.4645669291338583,0.0,0.0
2024-08-29T16:16:56.766743,interface,0.7480314960629921,0.007874015748031496,0.5984251968503937,0.5826771653543307,0.023622047244094488,0.4645669291338583,0.0,0.0
2024-08-29T16:16:56.767925,interface,0.7559055118110236,0.007874015748031496,0.5984251968503937,0.5826771653543307,0.023622047244094488,0.4645669291338583,0.0,0.0
2024-08-29T16:16:56.773389,interface,0.7637795275590551,0.007874015748031496,0.5984251968503937,0.5826771653543307,0.023622047244094488,0.4645669291338583,0.0,0.0
2024-08-29T16:16:56.786089,interface,0.7716535433070866,0.007874015748031496,0.5984251968503937,0.5826771653543307,0.023622047244094488,0.4645669291338583,0.0,0.0
2024-08-29T16:16:57.265031,interface,0.7716535433070866,0.007874015748031496,0.5984251968503937,0.5826771653543307,0.023622047244094488,0.4645669291338583,0.0,0.0
2024-08-29T16:16:57.281462,interface,0.7795275590551181,0.007874015748031496,0.5984251968503937,0.5826771653543307,0.023622047244094488,0.4645669291338583,0.0,0.0
2024-08-29T16:16:57.284938,interface,0.7874015748031497,0.007874015748031496,0.5984251968503937,0.5826771653543307,0.023622047244094488,0.4645669291338583,0.0,0.0
2024-08-29T16:16:57.298321,interface,0.7874015748031497,0.007874015748031496,0.5984251968503937,0.5826771653543307,0.023622047244094488,0.4645669291338583,0.0,0.0
2024-08-29T16:16:57.307055,interface,0.7952755905511811,0.007874015748031496,0.5984251968503937,0.5826771653543307,0.023622047244094488,0.4645669291338583,0.0,0.0
2024-08-29T16:16:57.316366,interface,0.8110236220472441,0.007874015748031496,0.5984251968503937,0.5826771653543307,0.023622047244094488,0.4645669291338583,0.0,0.0
2024-08-29T16:16:57.326389,interface,0.8188976377952756,0.007874015748031496,0.5984251968503937,0.5826771653543307,0.023622047244094488,0.4645669291338583,0.0,0.0
2024-08-29T16:16:57.327737,interface,0.8346456692913385,0.007874015748031496,0.5984251968503937,0.5826771653543307,0.023622047244094488,0.4645669291338583,0.0,0.0
2024-08-29T16:16:57.338205,interface,0.8503937007874016,0.007874015748031496,0.5984251968503937,0.5826771653543307,0.023622047244094488,0.4645669291338583,0.0,0.0
2024-08-29T16:16:57.341679,interface,0.8740157480314961,0.007874015748031496,0.5984251968503937,0.5826771653543307,0.023622047244094488,0.4645669291338583,0.0,0.0
2024-08-29T16:16:57.357729,interface,0.889763779527559,0.007874015748031496,0.5984251968503937,0.5826771653543307,0.023622047244094488,0.4645669291338583,0.0,0.0
2024-08-29T16:16:57.361171,interface,0.9133858267716536,0.007874015748031496,0.5984251968503937,0.5826771653543307,0.023622047244094488,0.4645669291338583,0.0,0.0
2024-08-29T16:16:57.364636,interface,0.937007874015748,0.007874015748031496,0.5984251968503937,0.5826771653543307,0.023622047244094488,0.4645669291338583,0.0,0.0
2024-08-29T16:16:57.377349,interface,0.9606299212598425,0.007874015748031496,0.5984251968503937,0.5826771653543307,0.023622047244094488,0.4645669291338583,0.0,0.0
2024-08-29T16:16:57.387418,interface,0.9763779527559056,0.007874015748031496,0.5984251968503937,0.5826771653543307,0.023622047244094488,0.4645669291338583,0.0,0.0
2024-08-29T16:16:57.396092,interface,0.9921259842519685,0.007874015748031496,0.5984251968503937,0.5826771653543307,0.023622047244094488,0.4645669291338583,0.0,0.0
2024-08-29T16:16:57.407549,interface,0.9921259842519685,0.007874015748031496,0.5984251968503937,0.5826771653543307,0.023622047244094488,0.4645669291338583,0.0,0.0
2024-08-29T16:16:57.408777,interface,1.0,0.007874015748031496,0.5984251968503937,0.5826771653543307,0.023622047244094488,0.4645669291338583,0.0,0.0
2024-08-29T16:16:57.785005,interface,0.9921259842519685,0.007874015748031496,0.5984251968503937,0.5826771653543307,0.023622047244094488,0.4645669291338583,0.0,0.0
2024-08-29T16:16:57.801159,interface,0.9921259842519685,0.007874015748031496,0.5984251968503937,0.5826771653543307,0.023622047244094488,0.4645669291338583,0.0,0.0
2024-08-29T16:16:57.804633,interface,0.984251968503937,0.007874015748031496,0.5984251968503937,0.5826771653543307,0.023622047244094488,0.4645669291338583,0.0,0.0
2024-08-29T16:16:57.817134,interface,0.968503937007874,0.007874015748031496,0.5984251968503937,0.5826771653543307,0.023622047244094488,0.4645669291338583,0.0,0.0
2024-08-29T16:16:57.827305,interface,0.952755905511811,0.007874015748031496,0.5984251968503937,0.5826771653543307,0.023622047244094488,0.4645669291338583,0.0,0.0
2024-08-29T16:16:57.836149,interface,0.937007874015748,0.007874015748031496,0.5984251968503937,0.5826771653543307,0.023622047244094488,0.4645669291338583,0.0,0.0
2024-08-29T16:16:57.847366,interface,0.9212598425196851,0.007874015748031496,0.5984251968503937,0.5826771653543307,0.023622047244094488,0.4645669291338583,0.0,0.0
2024-08-29T16:16:57.848517,interface,0.905511811023622,0.007874015748031496,0.5984251968503937,0.5826771653543307,0.023622047244094488,0.4645669291338583,0.0,0.0
2024-08-29T16:16:57.853918,interface,0.889763779527559,0.007874015748031496,0.5984251968503937,0.5826771653543307,0.023622047244094488,0.4645669291338583,0.0,0.0
2024-08-29T16:16:57.866787,interface,0.8740157480314961,0.007874015748031496,0.5984251968503937,0.5826771653543307,0.023622047244094488,0.4645669291338583,0.0,0.0
2024-08-29T16:16:57.880678,interface,0.8582677165354331,0.007874015748031496,0.5984251968503937,0.5826771653543307,0.023622047244094488,0.4645669291338583,0.0,0.0
2024-08-29T16:16:57.884275,interface,0.84251968503937,0.007874015748031496,0.5984251968503937,0.5826771653543307,0.023622047244094488,0.4645669291338583,0.0,0.0
2024-08-29T16:16:57.885560,interface,0.8346456692913385,0.007874015748031496,0.5984251968503937,0.5826771653543307,0.023622047244094488,0.4645669291338583,0.0,0.0
2024-08-29T16:16:57.897161,interface,0.8267716535433071,0.007874015748031496,0.5984251968503937,0.5826771653543307,0.023622047244094488,0.4645669291338583,0.0,0.0
2024-08-29T16:16:57.906403,interface,0.8188976377952756,0.007874015748031496,0.5984251968503937,0.5826771653543307,0.023622047244094488,0.4645669291338583,0.0,0.0
2024-08-29T16:16:57.917078,interface,0.8110236220472441,0.007874015748031496,0.5984251968503937,0.5826771653543307,0.023622047244094488,0.4645669291338583,0.0,0.0
2024-08-29T16:16:57.926300,interface,0.7952755905511811,0.007874015748031496,0.5984251968503937,0.5826771653543307,0.023622047244094488,0.4645669291338583,0.0,0.0
2024-08-29T16:16:57.929647,interface,0.7874015748031497,0.007874015748031496,0.5984251968503937,0.5826771653543307,0.023622047244094488,0.4645669291338583,0.0,0.0
2024-08-29T16:16:57.933290,interface,0.7795275590551181,0.007874015748031496,0.5984251968503937,0.5826771653543307,0.023622047244094488,0.4645669291338583,0.0,0.0
2024-08-29T16:16:57.948007,interface,0.7795275590551181,0.007874015748031496,0.5984251968503937,0.5826771653543307,0.023622047244094488,0.4645669291338583,0.0,0.0
2024-08-29T16:16:57.956711,interface,0.7716535433070866,0.007874015748031496,0.5984251968503937,0.5826771653543307,0.023622047244094488,0.4645669291338583,0.0,0.0
2024-08-29T16:16:57.966043,interface,0.7637795275590551,0.007874015748031496,0.5984251968503937,0.5826771653543307,0.023622047244094488,0.4645669291338583,0.0,0.0
2024-08-29T16:16:57.967297,interface,0.7559055118110236,0.007874015748031496,0.5984251968503937,0.5826771653543307,0.023622047244094488,0.4645669291338583,0.0,0.0
2024-08-29T16:16:57.972632,interface,0.7559055118110236,0.007874015748031496,0.5984251968503937,0.5826771653543307,0.023622047244094488,0.4645669291338583,0.0,0.0
2024-08-29T16:16:57.986511,interface,0.7480314960629921,0.007874015748031496,0.5984251968503937,0.5826771653543307,0.023622047244094488,0.4645669291338583,0.0,0.0
2024-08-29T16:16:58.265378,interface,0.7559055118110236,0.007874015748031496,0.5984251968503937,0.5826771653543307,0.023622047244094488,0.4645669291338583,0.0,0.0
2024-08-29T16:16:58.277388,interface,0.7637795275590551,0.007874015748031496,0.5984251968503937,0.5826771653543307,0.023622047244094488,0.4645669291338583,0.0,0.0
2024-08-29T16:16:58.287170,interface,0.7716535433070866,0.007874015748031496,0.5984251968503937,0.5826771653543307,0.023622047244094488,0.4645669291338583,0.0,0.0
2024-08-29T16:16:58.288549,interface,0.7952755905511811,0.007874015748031496,0.5984251968503937,0.5826771653543307,0.023622047244094488,0.4645669291338583,0.0,0.0
2024-08-29T16:16:58.299212,interface,0.8110236220472441,0.007874015748031496,0.5984251968503937,0.5826771653543307,0.023622047244094488,0.4645669291338583,0.0,0.0
2024-08-29T16:16:58.303149,interface,0.8346456692913385,0.007874015748031496,0.5984251968503937,0.5826771653543307,0.023622047244094488,0.4645669291338583,0.0,0.0
2024-08-29T16:16:58.316855,interface,0.8582677165354331,0.007874015748031496,0.5984251968503937,0.5826771653543307,0.023622047244094488,0.4645669291338583,0.0,0.0
2024-08-29T16:16:58.326828,interface,0.8818897637795275,0.007874015748031496,0.5984251968503937,0.5826771653543307,0.023622047244094488,0.4645669291338583,0.0,0.0
2024-08-29T16:16:58.328014,interface,0.8976377952755905,0.007874015748031496,0.5984251968503937,0.5826771653543307,0.023622047244094488,0.4645669291338583,0.0,0.0
2024-08-29T16:16:58.333559,interface,0.9133858267716536,0.007874015748031496,0.5984251968503937,0.5826771653543307,0.023622047244094488,0.4645669291338583,0.0,0.0
2024-08-29T16:16:58.346900,interface,0.937007874015748,0.007874015748031496,0.5984251968503937,0.5826771653543307,0.023622047244094488,0.4645669291338583,0.0,0.0
2024-08-29T16:16:58.356732,interface,0.952755905511811,0.007874015748031496,0.5984251968503937,0.5826771653543307,0.023622047244094488,0.4645669291338583,0.0,0.0
2024-08-29T16:16:58.367100,interface,0.968503937007874,0.007874015748031496,0.5984251968503937,0.5826771653543307,0.023622047244094488,0.4645669291338583,0.0,0.0
2024-08-29T16:16:58.368381,interface,0.9763779527559056,0.007874015748031496,0.5984251968503937,0.5826771653543307,0.023622047244094488,0.4645669291338583,0.0,0.0
2024-08-29T16:16:58.373630,interface,0.984251968503937,0.007874015748031496,0.5984251968503937,0.5826771653543307,0.023622047244094488,0.4645669291338583,0.0,0.0
2024-08-29T16:16:58.389628,interface,0.9921259842519685,0.007874015748031496,0.5984251968503937,0.5826771653543307,0.023622047244094488,0.4645669291338583,0.0,0.0
2024-08-29T16:16:58.405648,interface,0.9921259842519685,0.007874015748031496,0.5984251968503937,0.5826771653543307,0.023622047244094488,0.4645669291338583,0.0,0.0
2024-08-29T16:16:58.437475,interface,1.0,0.007874015748031496,0.5984251968503937,0.5826771653543307,0.023622047244094488,0.4645669291338583,0.0,0.0
2024-08-29T16:16:58.617152,interface,1.0,0.007874015748031496,0.5984251968503937,0.5826771653543307,0.023622047244094488,0.4645669291338583,0.0,0.0
2024-08-29T16:16:58.649169,interface,0.9921259842519685,0.007874015748031496,0.5984251968503937,0.5826771653543307,0.023622047244094488,0.4645669291338583,0.0,0.0
2024-08-29T16:17:01.463935,interface,1.0,0.007874015748031496,0.5984251968503937,0.5826771653543307,0.023622047244094488,0.4645669291338583,0.0,0.0
2024-08-29T16:17:01.599985,interface,1.0,0.007874015748031496,0.5984251968503937,0.5826771653543307,0.023622047244094488,0.4645669291338583,0.0,0.0
2024-08-29T16:17:08.701293,interface,0.9921259842519685,0.007874015748031496,0.5984251968503937,0.5826771653543307,0.023622047244094488,0.4645669291338583,0.0,0.0
2024-08-29T16:17:08.705009,interface,0.9921259842519685,0.007874015748031496,0.5984251968503937,0.5826771653543307,0.023622047244094488,0.4645669291338583,0.0,0.0
2024-08-29T16:17:08.724760,interface,0.984251968503937,0.007874015748031496,0.5984251968503937,0.5826771653543307,0.023622047244094488,0.4645669291338583,0.0,0.0
2024-08-29T16:17:08.725915,interface,0.968503937007874,0.007874015748031496,0.5984251968503937,0.5826771653543307,0.023622047244094488,0.4645669291338583,0.0,0.0
2024-08-29T16:17:08.737323,interface,0.937007874015748,0.007874015748031496,0.5984251968503937,0.5826771653543307,0.023622047244094488,0.4645669291338583,0.0,0.0
2024-08-29T16:17:08.747297,interface,0.905511811023622,0.007874015748031496,0.5984251968503937,0.5826771653543307,0.023622047244094488,0.4645669291338583,0.0,0.0
2024-08-29T16:17:08.748531,interface,0.8740157480314961,0.007874015748031496,0.5984251968503937,0.5826771653543307,0.023622047244094488,0.4645669291338583,0.0,0.0
2024-08-29T16:17:08.753760,interface,0.8346456692913385,0.007874015748031496,0.5984251968503937,0.5826771653543307,0.023622047244094488,0.4645669291338583,0.0,0.0
2024-08-29T16:17:08.771939,interface,0.7952755905511811,0.007874015748031496,0.5984251968503937,0.5826771653543307,0.023622047244094488,0.4645669291338583,0.0,0.0
2024-08-29T16:17:08.773084,interface,0.7637795275590551,0.007874015748031496,0.5984251968503937,0.5826771653543307,0.023622047244094488,0.4645669291338583,0.0,0.0
2024-08-29T16:17:08.788426,interface,0.7244094488188977,0.007874015748031496,0.5984251968503937,0.5826771653543307,0.023622047244094488,0.4645669291338583,0.0,0.0
2024-08-29T16:17:08.789568,interface,0.6771653543307087,0.007874015748031496,0.5984251968503937,0.5826771653543307,0.023622047244094488,0.4645669291338583,0.0,0.0
2024-08-29T16:17:08.793149,interface,0.6377952755905512,0.007874015748031496,0.5984251968503937,0.5826771653543307,0.023622047244094488,0.4645669291338583,0.0,0.0
2024-08-29T16:17:08.806873,interface,0.5984251968503937,0.007874015748031496,0.5984251968503937,0.5826771653543307,0.023622047244094488,0.4645669291338583,0.0,0.0
2024-08-29T16:17:08.816144,interface,0.5511811023622047,0.007874015748031496,0.5984251968503937,0.5826771653543307,0.023622047244094488,0.4645669291338583,0.0,0.0
2024-08-29T16:17:08.825327,interface,0.5039370078740157,0.007874015748031496,0.5984251968503937,0.5826771653543307,0.023622047244094488,0.4645669291338583,0.0,0.0
2024-08-29T16:17:08.826544,interface,0.4409448818897638,0.007874015748031496,0.5984251968503937,0.5826771653543307,0.023622047244094488,0.4645669291338583,0.0,0.0
2024-08-29T16:17:08.837336,interface,0.3858267716535433,0.007874015748031496,0.5984251968503937,0.5826771653543307,0.023622047244094488,0.4645669291338583,0.0,0.0
2024-08-29T16:17:08.851895,interface,0.3228346456692913,0.007874015748031496,0.5984251968503937,0.5826771653543307,0.023622047244094488,0.4645669291338583,0.0,0.0
2024-08-29T16:17:08.853039,interface,0.2677165354330709,0.007874015748031496,0.5984251968503937,0.5826771653543307,0.023622047244094488,0.4645669291338583,0.0,0.0
2024-08-29T16:17:08.866901,interface,0.2204724409448819,0.007874015748031496,0.5984251968503937,0.5826771653543307,0.023622047244094488,0.4645669291338583,0.0,0.0
2024-08-29T16:17:08.868084,interface,0.1732283464566929,0.007874015748031496,0.5984251968503937,0.5826771653543307,0.023622047244094488,0.4645669291338583,0.0,0.0
2024-08-29T16:17:08.873536,interface,0.11811023622047244,0.007874015748031496,0.5984251968503937,0.5826771653543307,0.023622047244094488,0.4645669291338583,0.0,0.0
2024-08-29T16:17:08.886969,interface,0.07086614173228346,0.007874015748031496,0.5984251968503937,0.5826771653543307,0.023622047244094488,0.4645669291338583,0.0,0.0
2024-08-29T16:17:08.897579,interface,0.031496062992125984,0.007874015748031496,0.5984251968503937,0.5826771653543307,0.023622047244094488,0.4645669291338583,0.0,0.0
2024-08-29T16:17:08.906240,interface,0.007874015748031496,0.007874015748031496,0.5984251968503937,0.5826771653543307,0.023622047244094488,0.4645669291338583,0.0,0.0
2024-08-29T16:17:08.907496,interface,0.0,0.007874015748031496,0.5984251968503937,0.5826771653543307,0.023622047244094488,0.4645669291338583,0.0,0.0
2024-08-29T16:17:08.912838,interface,0.0,0.007874015748031496,0.5984251968503937,0.5826771653543307,0.023622047244094488,0.4645669291338583,0.0,0.0
2024-08-29T16:23:05.116621,interface,0.0,0.007874015748031496,0.5984251968503937,0.5826771653543307,0.007874015748031496,0.4645669291338583,0.0,0.0
2024-08-29T16:23:05.132696,interface,0.0,0.007874015748031496,0.5984251968503937,0.5826771653543307,0.007874015748031496,0.4645669291338583,0.0,0.0
2024-08-29T16:23:05.148719,interface,0.0,0.007874015748031496,0.5984251968503937,0.5826771653543307,0.0,0.4645669291338583,0.0,0.0
2024-08-29T16:23:05.173497,interface,0.0,0.007874015748031496,0.5984251968503937,0.5826771653543307,0.0,0.4645669291338583,0.0,0.0
2024-08-29T16:23:56.829697,interface,0.0,0.015748031496062992,0.5984251968503937,0.5826771653543307,0.0,0.4645669291338583,0.0,0.0
2024-08-29T16:23:56.845658,interface,0.0,0.023622047244094488,0.5984251968503937,0.5826771653543307,0.0,0.4645669291338583,0.0,0.0
2024-08-29T16:23:56.861624,interface,0.0,0.031496062992125984,0.5984251968503937,0.5826771653543307,0.0,0.4645669291338583,0.0,0.0
2024-08-29T16:23:56.877631,interface,0.0,0.031496062992125984,0.5984251968503937,0.5826771653543307,0.0,0.4645669291338583,0.0,0.0
2024-08-29T16:23:56.893626,interface,0.0,0.03937007874015748,0.5984251968503937,0.5826771653543307,0.0,0.4645669291338583,0.0,0.0
2024-08-29T16:23:56.909635,interface,0.0,0.047244094488188976,0.5984251968503937,0.5826771653543307,0.0,0.4645669291338583,0.0,0.0
2024-08-29T16:23:56.925629,interface,0.0,0.05511811023622047,0.5984251968503937,0.5826771653543307,0.0,0.4645669291338583,0.0,0.0
2024-08-29T16:23:56.941642,interface,0.0,0.05511811023622047,0.5984251968503937,0.5826771653543307,0.0,0.4645669291338583,0.0,0.0
2024-08-29T16:23:56.957645,interface,0.0,0.06299212598425197,0.5984251968503937,0.5826771653543307,0.0,0.4645669291338583,0.0,0.0
2024-08-29T16:23:56.975062,interface,0.0,0.07086614173228346,0.5984251968503937,0.5826771653543307,0.0,0.4645669291338583,0.0,0.0
2024-08-29T16:23:56.989696,interface,0.0,0.07874015748031496,0.5984251968503937,0.5826771653543307,0.0,0.4645669291338583,0.0,0.0
2024-08-29T16:23:57.005646,interface,0.0,0.08661417322834646,0.5984251968503937,0.5826771653543307,0.0,0.4645669291338583,0.0,0.0
2024-08-29T16:23:57.021643,interface,0.0,0.08661417322834646,0.5984251968503937,0.5826771653543307,0.0,0.4645669291338583,0.0,0.0
2024-08-29T16:23:57.030280,interface,0.0,0.09448818897637795,0.5984251968503937,0.5826771653543307,0.0,0.4645669291338583,0.0,0.0
2024-08-29T16:23:57.033832,interface,0.0,0.10236220472440945,0.5984251968503937,0.5826771653543307,0.0,0.4645669291338583,0.0,0.0
2024-08-29T16:23:57.046141,interface,0.0,0.10236220472440945,0.5984251968503937,0.5826771653543307,0.0,0.4645669291338583,0.0,0.0
2024-08-29T16:23:57.056692,interface,0.0,0.11023622047244094,0.5984251968503937,0.5826771653543307,0.0,0.4645669291338583,0.0,0.0
2024-08-29T16:23:57.066657,interface,0.0,0.11811023622047244,0.5984251968503937,0.5826771653543307,0.0,0.4645669291338583,0.0,0.0
2024-08-29T16:23:57.067846,interface,0.0,0.12598425196850394,0.5984251968503937,0.5826771653543307,0.0,0.4645669291338583,0.0,0.0
2024-08-29T16:23:57.073348,interface,0.0,0.13385826771653545,0.5984251968503937,0.5826771653543307,0.0,0.4645669291338583,0.0,0.0
2024-08-29T16:23:57.086827,interface,0.0,0.14173228346456693,0.5984251968503937,0.5826771653543307,0.0,0.4645669291338583,0.0,0.0
2024-08-29T16:23:57.096799,interface,0.0,0.14173228346456693,0.5984251968503937,0.5826771653543307,0.0,0.4645669291338583,0.0,0.0
2024-08-29T16:23:57.106821,interface,0.0,0.14960629921259844,0.5984251968503937,0.5826771653543307,0.0,0.4645669291338583,0.0,0.0
2024-08-29T16:23:57.108088,interface,0.0,0.15748031496062992,0.5984251968503937,0.5826771653543307,0.0,0.4645669291338583,0.0,0.0
2024-08-29T16:23:57.113477,interface,0.0,0.16535433070866143,0.5984251968503937,0.5826771653543307,0.0,0.4645669291338583,0.0,0.0
2024-08-29T16:23:57.131660,interface,0.0,0.16535433070866143,0.5984251968503937,0.5826771653543307,0.0,0.4645669291338583,0.0,0.0
2024-08-29T16:23:57.132801,interface,0.0,0.1732283464566929,0.5984251968503937,0.5826771653543307,0.0,0.4645669291338583,0.0,0.0
2024-08-29T16:23:57.146646,interface,0.0,0.18110236220472442,0.5984251968503937,0.5826771653543307,0.0,0.4645669291338583,0.0,0.0
2024-08-29T16:23:57.147830,interface,0.0,0.1889763779527559,0.5984251968503937,0.5826771653543307,0.0,0.4645669291338583,0.0,0.0
2024-08-29T16:23:57.153342,interface,0.0,0.1889763779527559,0.5984251968503937,0.5826771653543307,0.0,0.4645669291338583,0.0,0.0
2024-08-29T16:23:57.169605,interface,0.0,0.1968503937007874,0.5984251968503937,0.5826771653543307,0.0,0.4645669291338583,0.0,0.0
2024-08-29T16:23:57.173078,interface,0.0,0.2047244094488189,0.5984251968503937,0.5826771653543307,0.0,0.4645669291338583,0.0,0.0
2024-08-29T16:23:57.186433,interface,0.0,0.2047244094488189,0.5984251968503937,0.5826771653543307,0.0,0.4645669291338583,0.0,0.0
2024-08-29T16:23:57.187691,interface,0.0,0.2125984251968504,0.5984251968503937,0.5826771653543307,0.0,0.4645669291338583,0.0,0.0
2024-08-29T16:23:57.193114,interface,0.0,0.2204724409448819,0.5984251968503937,0.5826771653543307,0.0,0.4645669291338583,0.0,0.0
2024-08-29T16:23:57.206182,interface,0.0,0.2283464566929134,0.5984251968503937,0.5826771653543307,0.0,0.4645669291338583,0.0,0.0
2024-08-29T16:23:57.215856,interface,0.0,0.23622047244094488,0.5984251968503937,0.5826771653543307,0.0,0.4645669291338583,0.0,0.0
2024-08-29T16:23:57.226665,interface,0.0,0.23622047244094488,0.5984251968503937,0.5826771653543307,0.0,0.4645669291338583,0.0,0.0
2024-08-29T16:23:57.227861,interface,0.0,0.2440944881889764,0.5984251968503937,0.5826771653543307,0.0,0.4645669291338583,0.0,0.0
2024-08-29T16:23:57.233382,interface,0.0,0.25196850393700787,0.5984251968503937,0.5826771653543307,0.0,0.4645669291338583,0.0,0.0
2024-08-29T16:23:57.246198,interface,0.0,0.25984251968503935,0.5984251968503937,0.5826771653543307,0.0,0.4645669291338583,0.0,0.0
2024-08-29T16:23:57.259905,interface,0.0,0.2677165354330709,0.5984251968503937,0.5826771653543307,0.0,0.4645669291338583,0.0,0.0
2024-08-29T16:23:57.263247,interface,0.0,0.2755905511811024,0.5984251968503937,0.5826771653543307,0.0,0.4645669291338583,0.0,0.0
2024-08-29T16:23:57.266574,interface,0.0,0.28346456692913385,0.5984251968503937,0.5826771653543307,0.0,0.4645669291338583,0.0,0.0
2024-08-29T16:23:57.277917,interface,0.0,0.28346456692913385,0.5984251968503937,0.5826771653543307,0.0,0.4645669291338583,0.0,0.0
2024-08-29T16:23:57.286672,interface,0.0,0.29133858267716534,0.5984251968503937,0.5826771653543307,0.0,0.4645669291338583,0.0,0.0
2024-08-29T16:23:57.296243,interface,0.0,0.2992125984251969,0.5984251968503937,0.5826771653543307,0.0,0.4645669291338583,0.0,0.0
2024-08-29T16:23:57.307056,interface,0.0,0.30708661417322836,0.5984251968503937,0.5826771653543307,0.0,0.4645669291338583,0.0,0.0
2024-08-29T16:23:57.308209,interface,0.0,0.31496062992125984,0.5984251968503937,0.5826771653543307,0.0,0.4645669291338583,0.0,0.0
2024-08-29T16:23:57.313610,interface,0.0,0.3228346456692913,0.5984251968503937,0.5826771653543307,0.0,0.4645669291338583,0.0,0.0
2024-08-29T16:23:57.326913,interface,0.0,0.33070866141732286,0.5984251968503937,0.5826771653543307,0.0,0.4645669291338583,0.0,0.0
2024-08-29T16:23:57.337191,interface,0.0,0.33858267716535434,0.5984251968503937,0.5826771653543307,0.0,0.4645669291338583,0.0,0.0
2024-08-29T16:23:57.346620,interface,0.0,0.3464566929133858,0.5984251968503937,0.5826771653543307,0.0,0.4645669291338583,0.0,0.0
2024-08-29T16:23:57.347941,interface,0.0,0.3464566929133858,0.5984251968503937,0.5826771653543307,0.0,0.4645669291338583,0.0,0.0
2024-08-29T16:23:57.360667,interface,0.0,0.3543307086614173,0.5984251968503937,0.5826771653543307,0.0,0.4645669291338583,0.0,0.0
2024-08-29T16:23:57.364188,interface,0.0,0.36220472440944884,0.5984251968503937,0.5826771653543307,0.0,0.4645669291338583,0.0,0.0
2024-08-29T16:23:57.376342,interface,0.0,0.3700787401574803,0.5984251968503937,0.5826771653543307,0.0,0.4645669291338583,0.0,0.0
2024-08-29T16:23:57.386866,interface,0.0,0.3700787401574803,0.5984251968503937,0.5826771653543307,0.0,0.4645669291338583,0.0,0.0
2024-08-29T16:23:57.388070,interface,0.0,0.3779527559055118,0.5984251968503937,0.5826771653543307,0.0,0.4645669291338583,0.0,0.0
2024-08-29T16:23:57.393578,interface,0.0,0.3858267716535433,0.5984251968503937,0.5826771653543307,0.0,0.4645669291338583,0.0,0.0
2024-08-29T16:23:57.406235,interface,0.0,0.3937007874015748,0.5984251968503937,0.5826771653543307,0.0,0.4645669291338583,0.0,0.0
2024-08-29T16:23:57.417840,interface,0.0,0.4015748031496063,0.5984251968503937,0.5826771653543307,0.0,0.4645669291338583,0.0,0.0
2024-08-29T16:23:57.421343,interface,0.0,0.4094488188976378,0.5984251968503937,0.5826771653543307,0.0,0.4645669291338583,0.0,0.0
2024-08-29T16:23:57.430119,interface,0.0,0.41732283464566927,0.5984251968503937,0.5826771653543307,0.0,0.4645669291338583,0.0,0.0
2024-08-29T16:23:57.433615,interface,0.0,0.4251968503937008,0.5984251968503937,0.5826771653543307,0.0,0.4645669291338583,0.0,0.0
2024-08-29T16:23:57.450544,interface,0.0,0.4330708661417323,0.5984251968503937,0.5826771653543307,0.0,0.4645669291338583,0.0,0.0
2024-08-29T16:23:57.451920,interface,0.0,0.4409448818897638,0.5984251968503937,0.5826771653543307,0.0,0.4645669291338583,0.0,0.0
2024-08-29T16:23:57.466806,interface,0.0,0.4409448818897638,0.5984251968503937,0.5826771653543307,0.0,0.4645669291338583,0.0,0.0
2024-08-29T16:23:57.467990,interface,0.0,0.44881889763779526,0.5984251968503937,0.5826771653543307,0.0,0.4645669291338583,0.0,0.0
2024-08-29T16:23:57.473527,interface,0.0,0.4566929133858268,0.5984251968503937,0.5826771653543307,0.0,0.4645669291338583,0.0,0.0
2024-08-29T16:23:57.486876,interface,0.0,0.4645669291338583,0.5984251968503937,0.5826771653543307,0.0,0.4645669291338583,0.0,0.0
2024-08-29T16:23:57.496547,interface,0.0,0.47244094488188976,0.5984251968503937,0.5826771653543307,0.0,0.4645669291338583,0.0,0.0
2024-08-29T16:23:57.507665,interface,0.0,0.48031496062992124,0.5984251968503937,0.5826771653543307,0.0,0.4645669291338583,0.0,0.0
2024-08-29T16:23:57.508943,interface,0.0,0.4881889763779528,0.5984251968503937,0.5826771653543307,0.0,0.4645669291338583,0.0,0.0
2024-08-29T16:23:57.514228,interface,0.0,0.49606299212598426,0.5984251968503937,0.5826771653543307,0.0,0.4645669291338583,0.0,0.0
2024-08-29T16:23:57.529530,interface,0.0,0.5039370078740157,0.5984251968503937,0.5826771653543307,0.0,0.4645669291338583,0.0,0.0
2024-08-29T16:23:57.530853,interface,0.0,0.5118110236220472,0.5984251968503937,0.5826771653543307,0.0,0.4645669291338583,0.0,0.0
2024-08-29T16:23:57.546651,interface,0.0,0.5196850393700787,0.5984251968503937,0.5826771653543307,0.0,0.4645669291338583,0.0,0.0
2024-08-29T16:23:57.549963,interface,0.0,0.5196850393700787,0.5984251968503937,0.5826771653543307,0.0,0.4645669291338583,0.0,0.0
2024-08-29T16:23:57.553542,interface,0.0,0.5275590551181102,0.5984251968503937,0.5826771653543307,0.0,0.4645669291338583,0.0,0.0
2024-08-29T16:23:57.566932,interface,0.0,0.5354330708661418,0.5984251968503937,0.5826771653543307,0.0,0.4645669291338583,0.0,0.0
2024-08-29T16:23:57.576889,interface,0.0,0.5433070866141733,0.5984251968503937,0.5826771653543307,0.0,0.4645669291338583,0.0,0.0
2024-08-29T16:23:57.586118,interface,0.0,0.5511811023622047,0.5984251968503937,0.5826771653543307,0.0,0.4645669291338583,0.0,0.0
2024-08-29T16:23:57.587431,interface,0.0,0.5590551181102362,0.5984251968503937,0.5826771653543307,0.0,0.4645669291338583,0.0,0.0
2024-08-29T16:23:57.597883,interface,0.0,0.5669291338582677,0.5984251968503937,0.5826771653543307,0.0,0.4645669291338583,0.0,0.0
2024-08-29T16:23:57.606732,interface,0.0,0.5748031496062992,0.5984251968503937,0.5826771653543307,0.0,0.4645669291338583,0.0,0.0
2024-08-29T16:23:57.616664,interface,0.0,0.5826771653543307,0.5984251968503937,0.5826771653543307,0.0,0.4645669291338583,0.0,0.0
2024-08-29T16:23:57.626387,interface,0.0,0.5826771653543307,0.5984251968503937,0.5826771653543307,0.0,0.4645669291338583,0.0,0.0
2024-08-29T16:23:57.627573,interface,0.0,0.5905511811023622,0.5984251968503937,0.5826771653543307,0.0,0.4645669291338583,0.0,0.0
2024-08-29T16:23:57.638113,interface,0.0,0.5984251968503937,0.5984251968503937,0.5826771653543307,0.0,0.4645669291338583,0.0,0.0
2024-08-29T16:23:57.646769,interface,0.0,0.6062992125984252,0.5984251968503937,0.5826771653543307,0.0,0.4645669291338583,0.0,0.0
2024-08-29T16:23:57.656535,interface,0.0,0.6141732283464567,0.5984251968503937,0.5826771653543307,0.0,0.4645669291338583,0.0,0.0
2024-08-29T16:23:57.666639,interface,0.0,0.6220472440944882,0.5984251968503937,0.5826771653543307,0.0,0.4645669291338583,0.0,0.0
2024-08-29T16:23:57.667946,interface,0.0,0.6299212598425197,0.5984251968503937,0.5826771653543307,0.0,0.4645669291338583,0.0,0.0
2024-08-29T16:23:57.673254,interface,0.0,0.6377952755905512,0.5984251968503937,0.5826771653543307,0.0,0.4645669291338583,0.0,0.0
2024-08-29T16:23:57.689553,interface,0.0,0.6456692913385826,0.5984251968503937,0.5826771653543307,0.0,0.4645669291338583,0.0,0.0
2024-08-29T16:23:57.692872,interface,0.0,0.6535433070866141,0.5984251968503937,0.5826771653543307,0.0,0.4645669291338583,0.0,0.0
2024-08-29T16:23:57.706980,interface,0.0,0.6535433070866141,0.5984251968503937,0.5826771653543307,0.0,0.4645669291338583,0.0,0.0
2024-08-29T16:23:57.708156,interface,0.0,0.6614173228346457,0.5984251968503937,0.5826771653543307,0.0,0.4645669291338583,0.0,0.0
2024-08-29T16:23:57.713708,interface,0.0,0.6692913385826772,0.5984251968503937,0.5826771653543307,0.0,0.4645669291338583,0.0,0.0
2024-08-29T16:23:57.728010,interface,0.0,0.6771653543307087,0.5984251968503937,0.5826771653543307,0.0,0.4645669291338583,0.0,0.0
2024-08-29T16:23:57.736920,interface,0.0,0.6850393700787402,0.5984251968503937,0.5826771653543307,0.0,0.4645669291338583,0.0,0.0
2024-08-29T16:23:57.740496,interface,0.0,0.6929133858267716,0.5984251968503937,0.5826771653543307,0.0,0.4645669291338583,0.0,0.0
2024-08-29T16:23:57.749904,interface,0.0,0.7007874015748031,0.5984251968503937,0.5826771653543307,0.0,0.4645669291338583,0.0,0.0
2024-08-29T16:23:57.753392,interface,0.0,0.7086614173228346,0.5984251968503937,0.5826771653543307,0.0,0.4645669291338583,0.0,0.0
2024-08-29T16:23:57.768545,interface,0.0,0.7244094488188977,0.5984251968503937,0.5826771653543307,0.0,0.4645669291338583,0.0,0.0
2024-08-29T16:23:57.772077,interface,0.0,0.7322834645669292,0.5984251968503937,0.5826771653543307,0.0,0.4645669291338583,0.0,0.0
2024-08-29T16:23:57.786664,interface,0.0,0.7401574803149606,0.5984251968503937,0.5826771653543307,0.0,0.4645669291338583,0.0,0.0
2024-08-29T16:23:57.787846,interface,0.0,0.7559055118110236,0.5984251968503937,0.5826771653543307,0.0,0.4645669291338583,0.0,0.0
2024-08-29T16:23:57.793534,interface,0.0,0.7637795275590551,0.5984251968503937,0.5826771653543307,0.0,0.4645669291338583,0.0,0.0
2024-08-29T16:23:57.806919,interface,0.0,0.7795275590551181,0.5984251968503937,0.5826771653543307,0.0,0.4645669291338583,0.0,0.0
2024-08-29T16:23:57.816539,interface,0.0,0.7874015748031497,0.5984251968503937,0.5826771653543307,0.0,0.4645669291338583,0.0,0.0
2024-08-29T16:23:57.832779,interface,0.0,0.8031496062992126,0.5984251968503937,0.5826771653543307,0.0,0.4645669291338583,0.0,0.0
2024-08-29T16:23:57.834027,interface,0.0,0.8110236220472441,0.5984251968503937,0.5826771653543307,0.0,0.4645669291338583,0.0,0.0
2024-08-29T16:23:57.835076,interface,0.0,0.8267716535433071,0.5984251968503937,0.5826771653543307,0.0,0.4645669291338583,0.0,0.0
2024-08-29T16:23:57.847622,interface,0.0,0.84251968503937,0.5984251968503937,0.5826771653543307,0.0,0.4645669291338583,0.0,0.0
2024-08-29T16:23:57.856745,interface,0.0,0.8503937007874016,0.5984251968503937,0.5826771653543307,0.0,0.4645669291338583,0.0,0.0
2024-08-29T16:23:57.866313,interface,0.0,0.8582677165354331,0.5984251968503937,0.5826771653543307,0.0,0.4645669291338583,0.0,0.0
2024-08-29T16:23:57.867499,interface,0.0,0.8661417322834646,0.5984251968503937,0.5826771653543307,0.0,0.4645669291338583,0.0,0.0
2024-08-29T16:23:57.878189,interface,0.0,0.8740157480314961,0.5984251968503937,0.5826771653543307,0.0,0.4645669291338583,0.0,0.0
2024-08-29T16:23:57.886825,interface,0.0,0.8818897637795275,0.5984251968503937,0.5826771653543307,0.0,0.4645669291338583,0.0,0.0
2024-08-29T16:23:57.927331,interface,0.0,0.8740157480314961,0.5984251968503937,0.5826771653543307,0.0,0.4645669291338583,0.0,0.0
2024-08-29T16:23:57.930682,interface,0.0,0.8582677165354331,0.5984251968503937,0.5826771653543307,0.0,0.4645669291338583,0.0,0.0
2024-08-29T16:23:57.947803,interface,0.0,0.8503937007874016,0.5984251968503937,0.5826771653543307,0.0,0.4645669291338583,0.0,0.0
2024-08-29T16:23:57.949117,interface,0.0,0.84251968503937,0.5984251968503937,0.5826771653543307,0.0,0.4645669291338583,0.0,0.0
2024-08-29T16:23:57.954421,interface,0.0,0.8267716535433071,0.5984251968503937,0.5826771653543307,0.0,0.4645669291338583,0.0,0.0
2024-08-29T16:23:57.966926,interface,0.0,0.8110236220472441,0.5984251968503937,0.5826771653543307,0.0,0.4645669291338583,0.0,0.0
2024-08-29T16:23:57.977612,interface,0.0,0.8031496062992126,0.5984251968503937,0.5826771653543307,0.0,0.4645669291338583,0.0,0.0
2024-08-29T16:23:57.986327,interface,0.0,0.7874015748031497,0.5984251968503937,0.5826771653543307,0.0,0.4645669291338583,0.0,0.0
2024-08-29T16:23:57.987626,interface,0.0,0.7716535433070866,0.5984251968503937,0.5826771653543307,0.0,0.4645669291338583,0.0,0.0
2024-08-29T16:23:57.998738,interface,0.0,0.7637795275590551,0.5984251968503937,0.5826771653543307,0.0,0.4645669291338583,0.0,0.0
2024-08-29T16:23:58.002223,interface,0.0,0.7480314960629921,0.5984251968503937,0.5826771653543307,0.0,0.4645669291338583,0.0,0.0
2024-08-29T16:23:58.016134,interface,0.0,0.7322834645669292,0.5984251968503937,0.5826771653543307,0.0,0.4645669291338583,0.0,0.0
2024-08-29T16:23:58.026383,interface,0.0,0.7244094488188977,0.5984251968503937,0.5826771653543307,0.0,0.4645669291338583,0.0,0.0
2024-08-29T16:23:58.027576,interface,0.0,0.7086614173228346,0.5984251968503937,0.5826771653543307,0.0,0.4645669291338583,0.0,0.0
2024-08-29T16:23:58.033018,interface,0.0,0.6929133858267716,0.5984251968503937,0.5826771653543307,0.0,0.4645669291338583,0.0,0.0
2024-08-29T16:23:58.047163,interface,0.0,0.6771653543307087,0.5984251968503937,0.5826771653543307,0.0,0.4645669291338583,0.0,0.0
2024-08-29T16:23:58.056723,interface,0.0,0.6614173228346457,0.5984251968503937,0.5826771653543307,0.0,0.4645669291338583,0.0,0.0
2024-08-29T16:23:58.071667,interface,0.0,0.6456692913385826,0.5984251968503937,0.5826771653543307,0.0,0.4645669291338583,0.0,0.0
2024-08-29T16:23:58.072936,interface,0.0,0.6299212598425197,0.5984251968503937,0.5826771653543307,0.0,0.4645669291338583,0.0,0.0
2024-08-29T16:23:58.073955,interface,0.0,0.6141732283464567,0.5984251968503937,0.5826771653543307,0.0,0.4645669291338583,0.0,0.0
2024-08-29T16:23:58.086992,interface,0.0,0.5984251968503937,0.5984251968503937,0.5826771653543307,0.0,0.4645669291338583,0.0,0.0
2024-08-29T16:23:58.096187,interface,0.0,0.5905511811023622,0.5984251968503937,0.5826771653543307,0.0,0.4645669291338583,0.0,0.0
2024-08-29T16:23:58.106311,interface,0.0,0.5748031496062992,0.5984251968503937,0.5826771653543307,0.0,0.4645669291338583,0.0,0.0
2024-08-29T16:23:58.107503,interface,0.0,0.5590551181102362,0.5984251968503937,0.5826771653543307,0.0,0.4645669291338583,0.0,0.0
2024-08-29T16:23:58.117982,interface,0.0,0.5511811023622047,0.5984251968503937,0.5826771653543307,0.0,0.4645669291338583,0.0,0.0
2024-08-29T16:23:58.121455,interface,0.0,0.5354330708661418,0.5984251968503937,0.5826771653543307,0.0,0.4645669291338583,0.0,0.0
2024-08-29T16:23:58.136714,interface,0.0,0.5275590551181102,0.5984251968503937,0.5826771653543307,0.0,0.4645669291338583,0.0,0.0
2024-08-29T16:23:58.150649,interface,0.0,0.5118110236220472,0.5984251968503937,0.5826771653543307,0.0,0.4645669291338583,0.0,0.0
2024-08-29T16:23:58.152014,interface,0.0,0.49606299212598426,0.5984251968503937,0.5826771653543307,0.0,0.4645669291338583,0.0,0.0
2024-08-29T16:23:58.153133,interface,0.0,0.4881889763779528,0.5984251968503937,0.5826771653543307,0.0,0.4645669291338583,0.0,0.0
2024-08-29T16:23:58.166720,interface,0.0,0.47244094488188976,0.5984251968503937,0.5826771653543307,0.0,0.4645669291338583,0.0,0.0
2024-08-29T16:23:58.176662,interface,0.0,0.4566929133858268,0.5984251968503937,0.5826771653543307,0.0,0.4645669291338583,0.0,0.0
2024-08-29T16:23:58.187275,interface,0.0,0.4409448818897638,0.5984251968503937,0.5826771653543307,0.0,0.4645669291338583,0.0,0.0
2024-08-29T16:23:58.188508,interface,0.0,0.4251968503937008,0.5984251968503937,0.5826771653543307,0.0,0.4645669291338583,0.0,0.0
2024-08-29T16:23:58.193967,interface,0.0,0.4015748031496063,0.5984251968503937,0.5826771653543307,0.0,0.4645669291338583,0.0,0.0
2024-08-29T16:23:58.206654,interface,0.0,0.3858267716535433,0.5984251968503937,0.5826771653543307,0.0,0.4645669291338583,0.0,0.0
2024-08-29T16:23:58.217345,interface,0.0,0.3700787401574803,0.5984251968503937,0.5826771653543307,0.0,0.4645669291338583,0.0,0.0
2024-08-29T16:23:58.226690,interface,0.0,0.3543307086614173,0.5984251968503937,0.5826771653543307,0.0,0.4645669291338583,0.0,0.0
2024-08-29T16:23:58.227890,interface,0.0,0.33858267716535434,0.5984251968503937,0.5826771653543307,0.0,0.4645669291338583,0.0,0.0
2024-08-29T16:23:58.233238,interface,0.0,0.33070866141732286,0.5984251968503937,0.5826771653543307,0.0,0.4645669291338583,0.0,0.0
2024-08-29T16:23:58.246671,interface,0.0,0.31496062992125984,0.5984251968503937,0.5826771653543307,0.0,0.4645669291338583,0.0,0.0
2024-08-29T16:23:58.256178,interface,0.0,0.30708661417322836,0.5984251968503937,0.5826771653543307,0.0,0.4645669291338583,0.0,0.0
2024-08-29T16:23:58.267345,interface,0.0,0.2992125984251969,0.5984251968503937,0.5826771653543307,0.0,0.4645669291338583,0.0,0.0
2024-08-29T16:23:58.268582,interface,0.0,0.29133858267716534,0.5984251968503937,0.5826771653543307,0.0,0.4645669291338583,0.0,0.0
2024-08-29T16:23:58.273926,interface,0.0,0.28346456692913385,0.5984251968503937,0.5826771653543307,0.0,0.4645669291338583,0.0,0.0
2024-08-29T16:23:58.287112,interface,0.0,0.2755905511811024,0.5984251968503937,0.5826771653543307,0.0,0.4645669291338583,0.0,0.0
2024-08-29T16:23:58.296250,interface,0.0,0.2677165354330709,0.5984251968503937,0.5826771653543307,0.0,0.4645669291338583,0.0,0.0
2024-08-29T16:23:58.310765,interface,0.0,0.25984251968503935,0.5984251968503937,0.5826771653543307,0.0,0.4645669291338583,0.0,0.0
2024-08-29T16:23:58.312174,interface,0.0,0.25196850393700787,0.5984251968503937,0.5826771653543307,0.0,0.4645669291338583,0.0,0.0
2024-08-29T16:23:58.313278,interface,0.0,0.23622047244094488,0.5984251968503937,0.5826771653543307,0.0,0.4645669291338583,0.0,0.0
2024-08-29T16:23:58.327566,interface,0.0,0.2283464566929134,0.5984251968503937,0.5826771653543307,0.0,0.4645669291338583,0.0,0.0
2024-08-29T16:23:58.341720,interface,0.0,0.2204724409448819,0.5984251968503937,0.5826771653543307,0.0,0.4645669291338583,0.0,0.0
2024-08-29T16:23:58.342864,interface,0.0,0.2047244094488189,0.5984251968503937,0.5826771653543307,0.0,0.4645669291338583,0.0,0.0
2024-08-29T16:23:58.346124,interface,0.0,0.1968503937007874,0.5984251968503937,0.5826771653543307,0.0,0.4645669291338583,0.0,0.0
2024-08-29T16:23:58.358198,interface,0.0,0.1889763779527559,0.5984251968503937,0.5826771653543307,0.0,0.4645669291338583,0.0,0.0
2024-08-29T16:23:58.367517,interface,0.0,0.18110236220472442,0.5984251968503937,0.5826771653543307,0.0,0.4645669291338583,0.0,0.0
2024-08-29T16:23:58.376010,interface,0.0,0.16535433070866143,0.5984251968503937,0.5826771653543307,0.0,0.4645669291338583,0.0,0.0
2024-08-29T16:23:58.386671,interface,0.0,0.15748031496062992,0.5984251968503937,0.5826771653543307,0.0,0.4645669291338583,0.0,0.0
2024-08-29T16:23:58.387844,interface,0.0,0.14960629921259844,0.5984251968503937,0.5826771653543307,0.0,0.4645669291338583,0.0,0.0
2024-08-29T16:23:58.398343,interface,0.0,0.13385826771653545,0.5984251968503937,0.5826771653543307,0.0,0.4645669291338583,0.0,0.0
2024-08-29T16:23:58.401889,interface,0.0,0.12598425196850394,0.5984251968503937,0.5826771653543307,0.0,0.4645669291338583,0.0,0.0
2024-08-29T16:23:58.421667,interface,0.0,0.11023622047244094,0.5984251968503937,0.5826771653543307,0.0,0.4645669291338583,0.0,0.0
2024-08-29T16:23:58.422809,interface,0.0,0.10236220472440945,0.5984251968503937,0.5826771653543307,0.0,0.4645669291338583,0.0,0.0
2024-08-29T16:23:58.426061,interface,0.0,0.09448818897637795,0.5984251968503937,0.5826771653543307,0.0,0.4645669291338583,0.0,0.0
2024-08-29T16:23:58.437919,interface,0.0,0.08661417322834646,0.5984251968503937,0.5826771653543307,0.0,0.4645669291338583,0.0,0.0
2024-08-29T16:23:58.447173,interface,0.0,0.07086614173228346,0.5984251968503937,0.5826771653543307,0.0,0.4645669291338583,0.0,0.0
2024-08-29T16:23:58.457774,interface,0.0,0.06299212598425197,0.5984251968503937,0.5826771653543307,0.0,0.4645669291338583,0.0,0.0
2024-08-29T16:23:58.466632,interface,0.0,0.05511811023622047,0.5984251968503937,0.5826771653543307,0.0,0.4645669291338583,0.0,0.0
2024-08-29T16:23:58.467818,interface,0.0,0.047244094488188976,0.5984251968503937,0.5826771653543307,0.0,0.4645669291338583,0.0,0.0
2024-08-29T16:23:58.478317,interface,0.0,0.03937007874015748,0.5984251968503937,0.5826771653543307,0.0,0.4645669291338583,0.0,0.0
2024-08-29T16:23:58.486834,interface,0.0,0.03937007874015748,0.5984251968503937,0.5826771653543307,0.0,0.4645669291338583,0.0,0.0
2024-08-29T16:23:58.501660,interface,0.0,0.031496062992125984,0.5984251968503937,0.5826771653543307,0.0,0.4645669291338583,0.0,0.0
2024-08-29T16:23:58.502799,interface,0.0,0.023622047244094488,0.5984251968503937,0.5826771653543307,0.0,0.4645669291338583,0.0,0.0
2024-08-29T16:23:58.514078,interface,0.0,0.023622047244094488,0.5984251968503937,0.5826771653543307,0.0,0.4645669291338583,0.0,0.0
2024-08-29T16:23:58.515252,interface,0.0,0.015748031496062992,0.5984251968503937,0.5826771653543307,0.0,0.4645669291338583,0.0,0.0
2024-08-29T16:23:58.526784,interface,0.0,0.007874015748031496,0.5984251968503937,0.5826771653543307,0.0,0.4645669291338583,0.0,0.0
2024-08-29T16:23:58.549744,interface,0.0,0.007874015748031496,0.5984251968503937,0.5826771653543307,0.0,0.4645669291338583,0.0,0.0
2024-08-29T16:23:58.565746,interface,0.0,0.0,0.5984251968503937,0.5826771653543307,0.0,0.4645669291338583,0.0,0.0
2024-08-29T16:23:58.613762,interface,0.0,0.0,0.5984251968503937,0.5826771653543307,0.0,0.4645669291338583,0.0,0.0
2024-08-29T16:23:59.123905,interface,0.0,0.0,0.5984251968503937,0.5826771653543307,0.0,0.4645669291338583,0.0,0.0
2024-08-29T16:23:59.139812,interface,0.0,0.007874015748031496,0.5984251968503937,0.5826771653543307,0.0,0.4645669291338583,0.0,0.0
2024-08-29T16:23:59.155847,interface,0.0,0.015748031496062992,0.5984251968503937,0.5826771653543307,0.0,0.4645669291338583,0.0,0.0
2024-08-29T16:23:59.169532,interface,0.0,0.023622047244094488,0.5984251968503937,0.5826771653543307,0.0,0.4645669291338583,0.0,0.0
2024-08-29T16:23:59.172864,interface,0.0,0.031496062992125984,0.5984251968503937,0.5826771653543307,0.0,0.4645669291338583,0.0,0.0
2024-08-29T16:23:59.176299,interface,0.0,0.03937007874015748,0.5984251968503937,0.5826771653543307,0.0,0.4645669291338583,0.0,0.0
2024-08-29T16:23:59.187994,interface,0.0,0.047244094488188976,0.5984251968503937,0.5826771653543307,0.0,0.4645669291338583,0.0,0.0
2024-08-29T16:23:59.201770,interface,0.0,0.05511811023622047,0.5984251968503937,0.5826771653543307,0.0,0.4645669291338583,0.0,0.0
2024-08-29T16:23:59.202927,interface,0.0,0.06299212598425197,0.5984251968503937,0.5826771653543307,0.0,0.4645669291338583,0.0,0.0
2024-08-29T16:23:59.216923,interface,0.0,0.07874015748031496,0.5984251968503937,0.5826771653543307,0.0,0.4645669291338583,0.0,0.0
2024-08-29T16:23:59.218060,interface,0.0,0.09448818897637795,0.5984251968503937,0.5826771653543307,0.0,0.4645669291338583,0.0,0.0
2024-08-29T16:23:59.223510,interface,0.0,0.10236220472440945,0.5984251968503937,0.5826771653543307,0.0,0.4645669291338583,0.0,0.0
2024-08-29T16:23:59.236680,interface,0.0,0.11811023622047244,0.5984251968503937,0.5826771653543307,0.0,0.4645669291338583,0.0,0.0
2024-08-29T16:23:59.246666,interface,0.0,0.14173228346456693,0.5984251968503937,0.5826771653543307,0.0,0.4645669291338583,0.0,0.0
2024-08-29T16:23:59.257052,interface,0.0,0.15748031496062992,0.5984251968503937,0.5826771653543307,0.0,0.4645669291338583,0.0,0.0
2024-08-29T16:23:59.258270,interface,0.0,0.1732283464566929,0.5984251968503937,0.5826771653543307,0.0,0.4645669291338583,0.0,0.0
2024-08-29T16:23:59.272123,interface,0.0,0.18110236220472442,0.5984251968503937,0.5826771653543307,0.0,0.4645669291338583,0.0,0.0
2024-08-29T16:23:59.273332,interface,0.0,0.1968503937007874,0.5984251968503937,0.5826771653543307,0.0,0.4645669291338583,0.0,0.0
2024-08-29T16:23:59.287045,interface,0.0,0.2125984251968504,0.5984251968503937,0.5826771653543307,0.0,0.4645669291338583,0.0,0.0
2024-08-29T16:23:59.296679,interface,0.0,0.2204724409448819,0.5984251968503937,0.5826771653543307,0.0,0.4645669291338583,0.0,0.0
2024-08-29T16:23:59.297821,interface,0.0,0.23622047244094488,0.5984251968503937,0.5826771653543307,0.0,0.4645669291338583,0.0,0.0
2024-08-29T16:23:59.308333,interface,0.0,0.2440944881889764,0.5984251968503937,0.5826771653543307,0.0,0.4645669291338583,0.0,0.0
2024-08-29T16:23:59.316833,interface,0.0,0.25196850393700787,0.5984251968503937,0.5826771653543307,0.0,0.4645669291338583,0.0,0.0
2024-08-29T16:23:59.326460,interface,0.0,0.25984251968503935,0.5984251968503937,0.5826771653543307,0.0,0.4645669291338583,0.0,0.0
2024-08-29T16:23:59.336800,interface,0.0,0.2677165354330709,0.5984251968503937,0.5826771653543307,0.0,0.4645669291338583,0.0,0.0
2024-08-29T16:23:59.338008,interface,0.0,0.2755905511811024,0.5984251968503937,0.5826771653543307,0.0,0.4645669291338583,0.0,0.0
2024-08-29T16:23:59.343439,interface,0.0,0.28346456692913385,0.5984251968503937,0.5826771653543307,0.0,0.4645669291338583,0.0,0.0
2024-08-29T16:23:59.361796,interface,0.0,0.29133858267716534,0.5984251968503937,0.5826771653543307,0.0,0.4645669291338583,0.0,0.0
2024-08-29T16:23:59.362942,interface,0.0,0.2992125984251969,0.5984251968503937,0.5826771653543307,0.0,0.4645669291338583,0.0,0.0
2024-08-29T16:23:59.376998,interface,0.0,0.2992125984251969,0.5984251968503937,0.5826771653543307,0.0,0.4645669291338583,0.0,0.0
2024-08-29T16:23:59.378154,interface,0.0,0.30708661417322836,0.5984251968503937,0.5826771653543307,0.0,0.4645669291338583,0.0,0.0
2024-08-29T16:23:59.383716,interface,0.0,0.31496062992125984,0.5984251968503937,0.5826771653543307,0.0,0.4645669291338583,0.0,0.0
2024-08-29T16:23:59.397231,interface,0.0,0.3228346456692913,0.5984251968503937,0.5826771653543307,0.0,0.4645669291338583,0.0,0.0
2024-08-29T16:23:59.406972,interface,0.0,0.3228346456692913,0.5984251968503937,0.5826771653543307,0.0,0.4645669291338583,0.0,0.0
2024-08-29T16:23:59.424594,interface,0.0,0.33070866141732286,0.5984251968503937,0.5826771653543307,0.0,0.4645669291338583,0.0,0.0
2024-08-29T16:23:59.456608,interface,0.0,0.3228346456692913,0.5984251968503937,0.5826771653543307,0.0,0.4645669291338583,0.0,0.0
2024-08-29T16:23:59.457745,interface,0.0,0.30708661417322836,0.5984251968503937,0.5826771653543307,0.0,0.4645669291338583,0.0,0.0
2024-08-29T16:23:59.468286,interface,0.0,0.29133858267716534,0.5984251968503937,0.5826771653543307,0.0,0.4645669291338583,0.0,0.0
2024-08-29T16:23:59.476757,interface,0.0,0.2677165354330709,0.5984251968503937,0.5826771653543307,0.0,0.4645669291338583,0.0,0.0
2024-08-29T16:23:59.487654,interface,0.0,0.2440944881889764,0.5984251968503937,0.5826771653543307,0.0,0.4645669291338583,0.0,0.0
2024-08-29T16:23:59.496711,interface,0.0,0.2125984251968504,0.5984251968503937,0.5826771653543307,0.0,0.4645669291338583,0.0,0.0
2024-08-29T16:23:59.497969,interface,0.0,0.18110236220472442,0.5984251968503937,0.5826771653543307,0.0,0.4645669291338583,0.0,0.0
2024-08-29T16:23:59.508345,interface,0.0,0.15748031496062992,0.5984251968503937,0.5826771653543307,0.0,0.4645669291338583,0.0,0.0
2024-08-29T16:23:59.517013,interface,0.0,0.12598425196850394,0.5984251968503937,0.5826771653543307,0.0,0.4645669291338583,0.0,0.0
2024-08-29T16:23:59.527082,interface,0.0,0.09448818897637795,0.5984251968503937,0.5826771653543307,0.0,0.4645669291338583,0.0,0.0
2024-08-29T16:23:59.537766,interface,0.0,0.06299212598425197,0.5984251968503937,0.5826771653543307,0.0,0.4645669291338583,0.0,0.0
2024-08-29T16:23:59.538908,interface,0.0,0.03937007874015748,0.5984251968503937,0.5826771653543307,0.0,0.4645669291338583,0.0,0.0
2024-08-29T16:23:59.544297,interface,0.0,0.023622047244094488,0.5984251968503937,0.5826771653543307,0.0,0.4645669291338583,0.0,0.0
2024-08-29T16:23:59.556279,interface,0.0,0.015748031496062992,0.5984251968503937,0.5826771653543307,0.0,0.4645669291338583,0.0,0.0
2024-08-29T16:23:59.566654,interface,0.0,0.007874015748031496,0.5984251968503937,0.5826771653543307,0.0,0.4645669291338583,0.0,0.0
2024-08-29T16:23:59.583602,interface,0.0,0.0,0.5984251968503937,0.5826771653543307,0.0,0.4645669291338583,0.0,0.0
2024-08-29T16:23:59.619888,interface,0.0,0.007874015748031496,0.5984251968503937,0.5826771653543307,0.0,0.4645669291338583,0.0,0.0
2024-08-29T16:23:59.623445,interface,0.0,0.007874015748031496,0.5984251968503937,0.5826771653543307,0.0,0.4645669291338583,0.0,0.0
2024-08-29T16:23:59.636636,interface,0.0,0.023622047244094488,0.5984251968503937,0.5826771653543307,0.0,0.4645669291338583,0.0,0.0
2024-08-29T16:23:59.646732,interface,0.0,0.03937007874015748,0.5984251968503937,0.5826771653543307,0.0,0.4645669291338583,0.0,0.0
2024-08-29T16:23:59.650188,interface,0.0,0.06299212598425197,0.5984251968503937,0.5826771653543307,0.0,0.4645669291338583,0.0,0.0
2024-08-29T16:23:59.664099,interface,0.0,0.09448818897637795,0.5984251968503937,0.5826771653543307,0.0,0.4645669291338583,0.0,0.0
2024-08-29T16:23:59.665235,interface,0.0,0.12598425196850394,0.5984251968503937,0.5826771653543307,0.0,0.4645669291338583,0.0,0.0
2024-08-29T16:23:59.676968,interface,0.0,0.16535433070866143,0.5984251968503937,0.5826771653543307,0.0,0.4645669291338583,0.0,0.0
2024-08-29T16:23:59.686904,interface,0.0,0.1889763779527559,0.5984251968503937,0.5826771653543307,0.0,0.4645669291338583,0.0,0.0
2024-08-29T16:23:59.697004,interface,0.0,0.2204724409448819,0.5984251968503937,0.5826771653543307,0.0,0.4645669291338583,0.0,0.0
2024-08-29T16:23:59.698160,interface,0.0,0.2440944881889764,0.5984251968503937,0.5826771653543307,0.0,0.4645669291338583,0.0,0.0
2024-08-29T16:23:59.703837,interface,0.0,0.2677165354330709,0.5984251968503937,0.5826771653543307,0.0,0.4645669291338583,0.0,0.0
2024-08-29T16:23:59.716643,interface,0.0,0.29133858267716534,0.5984251968503937,0.5826771653543307,0.0,0.4645669291338583,0.0,0.0
2024-08-29T16:23:59.727264,interface,0.0,0.30708661417322836,0.5984251968503937,0.5826771653543307,0.0,0.4645669291338583,0.0,0.0
2024-08-29T16:23:59.736017,interface,0.0,0.3228346456692913,0.5984251968503937,0.5826771653543307,0.0,0.4645669291338583,0.0,0.0
2024-08-29T16:23:59.737287,interface,0.0,0.33858267716535434,0.5984251968503937,0.5826771653543307,0.0,0.4645669291338583,0.0,0.0
2024-08-29T16:23:59.748067,interface,0.0,0.3464566929133858,0.5984251968503937,0.5826771653543307,0.0,0.4645669291338583,0.0,0.0
2024-08-29T16:23:59.751709,interface,0.0,0.3464566929133858,0.5984251968503937,0.5826771653543307,0.0,0.4645669291338583,0.0,0.0
2024-08-29T16:23:59.780384,interface,0.0,0.33858267716535434,0.5984251968503937,0.5826771653543307,0.0,0.4645669291338583,0.0,0.0
2024-08-29T16:23:59.783913,interface,0.0,0.33070866141732286,0.5984251968503937,0.5826771653543307,0.0,0.4645669291338583,0.0,0.0
2024-08-29T16:23:59.797004,interface,0.0,0.3228346456692913,0.5984251968503937,0.5826771653543307,0.0,0.4645669291338583,0.0,0.0
2024-08-29T16:23:59.806896,interface,0.0,0.2992125984251969,0.5984251968503937,0.5826771653543307,0.0,0.4645669291338583,0.0,0.0
2024-08-29T16:23:59.817489,interface,0.0,0.28346456692913385,0.5984251968503937,0.5826771653543307,0.0,0.4645669291338583,0.0,0.0
2024-08-29T16:23:59.818750,interface,0.0,0.25984251968503935,0.5984251968503937,0.5826771653543307,0.0,0.4645669291338583,0.0,0.0
2024-08-29T16:23:59.824129,interface,0.0,0.23622047244094488,0.5984251968503937,0.5826771653543307,0.0,0.4645669291338583,0.0,0.0
2024-08-29T16:23:59.838506,interface,0.0,0.2125984251968504,0.5984251968503937,0.5826771653543307,0.0,0.4645669291338583,0.0,0.0
2024-08-29T16:23:59.841828,interface,0.0,0.1968503937007874,0.5984251968503937,0.5826771653543307,0.0,0.4645669291338583,0.0,0.0
2024-08-29T16:23:59.856805,interface,0.0,0.18110236220472442,0.5984251968503937,0.5826771653543307,0.0,0.4645669291338583,0.0,0.0
2024-08-29T16:23:59.857948,interface,0.0,0.1732283464566929,0.5984251968503937,0.5826771653543307,0.0,0.4645669291338583,0.0,0.0
2024-08-29T16:23:59.863589,interface,0.0,0.15748031496062992,0.5984251968503937,0.5826771653543307,0.0,0.4645669291338583,0.0,0.0
2024-08-29T16:23:59.876621,interface,0.0,0.14960629921259844,0.5984251968503937,0.5826771653543307,0.0,0.4645669291338583,0.0,0.0
2024-08-29T16:23:59.908173,interface,0.0,0.15748031496062992,0.5984251968503937,0.5826771653543307,0.0,0.4645669291338583,0.0,0.0
2024-08-29T16:23:59.917228,interface,0.0,0.1732283464566929,0.5984251968503937,0.5826771653543307,0.0,0.4645669291338583,0.0,0.0
2024-08-29T16:23:59.926159,interface,0.0,0.18110236220472442,0.5984251968503937,0.5826771653543307,0.0,0.4645669291338583,0.0,0.0
2024-08-29T16:23:59.936383,interface,0.0,0.1968503937007874,0.5984251968503937,0.5826771653543307,0.0,0.4645669291338583,0.0,0.0
2024-08-29T16:23:59.937527,interface,0.0,0.2204724409448819,0.5984251968503937,0.5826771653543307,0.0,0.4645669291338583,0.0,0.0
2024-08-29T16:23:59.948507,interface,0.0,0.2440944881889764,0.5984251968503937,0.5826771653543307,0.0,0.4645669291338583,0.0,0.0
2024-08-29T16:23:59.951994,interface,0.0,0.25984251968503935,0.5984251968503937,0.5826771653543307,0.0,0.4645669291338583,0.0,0.0
2024-08-29T16:23:59.966747,interface,0.0,0.28346456692913385,0.5984251968503937,0.5826771653543307,0.0,0.4645669291338583,0.0,0.0
2024-08-29T16:23:59.977365,interface,0.0,0.30708661417322836,0.5984251968503937,0.5826771653543307,0.0,0.4645669291338583,0.0,0.0
2024-08-29T16:23:59.978619,interface,0.0,0.3228346456692913,0.5984251968503937,0.5826771653543307,0.0,0.4645669291338583,0.0,0.0
2024-08-29T16:23:59.984014,interface,0.0,0.33858267716535434,0.5984251968503937,0.5826771653543307,0.0,0.4645669291338583,0.0,0.0
2024-08-29T16:23:59.996441,interface,0.0,0.3543307086614173,0.5984251968503937,0.5826771653543307,0.0,0.4645669291338583,0.0,0.0
2024-08-29T16:24:00.006876,interface,0.0,0.36220472440944884,0.5984251968503937,0.5826771653543307,0.0,0.4645669291338583,0.0,0.0
2024-08-29T16:24:00.016385,interface,0.0,0.3700787401574803,0.5984251968503937,0.5826771653543307,0.0,0.4645669291338583,0.0,0.0
2024-08-29T16:24:00.017558,interface,0.0,0.3779527559055118,0.5984251968503937,0.5826771653543307,0.0,0.4645669291338583,0.0,0.0
2024-08-29T16:24:00.045520,interface,0.0,0.3700787401574803,0.5984251968503937,0.5826771653543307,0.0,0.4645669291338583,0.0,0.0
2024-08-29T16:24:00.055999,interface,0.0,0.36220472440944884,0.5984251968503937,0.5826771653543307,0.0,0.4645669291338583,0.0,0.0
2024-08-29T16:24:00.057264,interface,0.0,0.3543307086614173,0.5984251968503937,0.5826771653543307,0.0,0.4645669291338583,0.0,0.0
2024-08-29T16:24:00.068278,interface,0.0,0.33858267716535434,0.5984251968503937,0.5826771653543307,0.0,0.4645669291338583,0.0,0.0
2024-08-29T16:24:00.076853,interface,0.0,0.3228346456692913,0.5984251968503937,0.5826771653543307,0.0,0.4645669291338583,0.0,0.0
2024-08-29T16:24:00.086367,interface,0.0,0.2992125984251969,0.5984251968503937,0.5826771653543307,0.0,0.4645669291338583,0.0,0.0
2024-08-29T16:24:00.097285,interface,0.0,0.28346456692913385,0.5984251968503937,0.5826771653543307,0.0,0.4645669291338583,0.0,0.0
2024-08-29T16:24:00.098604,interface,0.0,0.2677165354330709,0.5984251968503937,0.5826771653543307,0.0,0.4645669291338583,0.0,0.0
2024-08-29T16:24:00.104031,interface,0.0,0.25196850393700787,0.5984251968503937,0.5826771653543307,0.0,0.4645669291338583,0.0,0.0
2024-08-29T16:24:00.116807,interface,0.0,0.2440944881889764,0.5984251968503937,0.5826771653543307,0.0,0.4645669291338583,0.0,0.0
2024-08-29T16:24:00.127001,interface,0.0,0.23622047244094488,0.5984251968503937,0.5826771653543307,0.0,0.4645669291338583,0.0,0.0
2024-08-29T16:24:00.141584,interface,0.0,0.2283464566929134,0.5984251968503937,0.5826771653543307,0.0,0.4645669291338583,0.0,0.0
2024-08-29T16:24:00.164142,interface,0.0,0.23622047244094488,0.5984251968503937,0.5826771653543307,0.0,0.4645669291338583,0.0,0.0
2024-08-29T16:24:00.176766,interface,0.0,0.2440944881889764,0.5984251968503937,0.5826771653543307,0.0,0.4645669291338583,0.0,0.0
2024-08-29T16:24:00.177906,interface,0.0,0.25984251968503935,0.5984251968503937,0.5826771653543307,0.0,0.4645669291338583,0.0,0.0
2024-08-29T16:24:00.188347,interface,0.0,0.2677165354330709,0.5984251968503937,0.5826771653543307,0.0,0.4645669291338583,0.0,0.0
2024-08-29T16:24:00.196952,interface,0.0,0.28346456692913385,0.5984251968503937,0.5826771653543307,0.0,0.4645669291338583,0.0,0.0
2024-08-29T16:24:00.207616,interface,0.0,0.2992125984251969,0.5984251968503937,0.5826771653543307,0.0,0.4645669291338583,0.0,0.0
2024-08-29T16:24:00.216441,interface,0.0,0.31496062992125984,0.5984251968503937,0.5826771653543307,0.0,0.4645669291338583,0.0,0.0
2024-08-29T16:24:00.226055,interface,0.0,0.33070866141732286,0.5984251968503937,0.5826771653543307,0.0,0.4645669291338583,0.0,0.0
2024-08-29T16:24:00.227303,interface,0.0,0.3464566929133858,0.5984251968503937,0.5826771653543307,0.0,0.4645669291338583,0.0,0.0
2024-08-29T16:24:00.232685,interface,0.0,0.3543307086614173,0.5984251968503937,0.5826771653543307,0.0,0.4645669291338583,0.0,0.0
2024-08-29T16:24:00.246588,interface,0.0,0.36220472440944884,0.5984251968503937,0.5826771653543307,0.0,0.4645669291338583,0.0,0.0
2024-08-29T16:24:00.276160,interface,0.0,0.3543307086614173,0.5984251968503937,0.5826771653543307,0.0,0.4645669291338583,0.0,0.0
2024-08-29T16:24:00.286231,interface,0.0,0.3464566929133858,0.5984251968503937,0.5826771653543307,0.0,0.4645669291338583,0.0,0.0
2024-08-29T16:24:00.300692,interface,0.0,0.33070866141732286,0.5984251968503937,0.5826771653543307,0.0,0.4645669291338583,0.0,0.0
2024-08-29T16:24:00.301837,interface,0.0,0.31496062992125984,0.5984251968503937,0.5826771653543307,0.0,0.4645669291338583,0.0,0.0
2024-08-29T16:24:00.303131,interface,0.0,0.2992125984251969,0.5984251968503937,0.5826771653543307,0.0,0.4645669291338583,0.0,0.0
2024-08-29T16:24:00.317033,interface,0.0,0.28346456692913385,0.5984251968503937,0.5826771653543307,0.0,0.4645669291338583,0.0,0.0
2024-08-29T16:24:00.326163,interface,0.0,0.2677165354330709,0.5984251968503937,0.5826771653543307,0.0,0.4645669291338583,0.0,0.0
2024-08-29T16:24:00.337480,interface,0.0,0.25984251968503935,0.5984251968503937,0.5826771653543307,0.0,0.4645669291338583,0.0,0.0
2024-08-29T16:24:00.338716,interface,0.0,0.2440944881889764,0.5984251968503937,0.5826771653543307,0.0,0.4645669291338583,0.0,0.0
2024-08-29T16:24:00.344112,interface,0.0,0.2440944881889764,0.5984251968503937,0.5826771653543307,0.0,0.4645669291338583,0.0,0.0
2024-08-29T16:24:00.356628,interface,0.0,0.23622047244094488,0.5984251968503937,0.5826771653543307,0.0,0.4645669291338583,0.0,0.0
2024-08-29T16:24:00.414645,interface,0.0,0.2440944881889764,0.5984251968503937,0.5826771653543307,0.0,0.4645669291338583,0.0,0.0
2024-08-29T16:24:00.415846,interface,0.0,0.2440944881889764,0.5984251968503937,0.5826771653543307,0.0,0.4645669291338583,0.0,0.0
2024-08-29T16:24:00.428191,interface,0.0,0.25196850393700787,0.5984251968503937,0.5826771653543307,0.0,0.4645669291338583,0.0,0.0
2024-08-29T16:24:00.436811,interface,0.0,0.25196850393700787,0.5984251968503937,0.5826771653543307,0.0,0.4645669291338583,0.0,0.0
2024-08-29T16:24:00.452302,interface,0.0,0.25984251968503935,0.5984251968503937,0.5826771653543307,0.0,0.4645669291338583,0.0,0.0
2024-08-29T16:24:00.508079,interface,0.0,0.25196850393700787,0.5984251968503937,0.5826771653543307,0.0,0.4645669291338583,0.0,0.0
2024-08-29T16:24:00.516943,interface,0.0,0.2440944881889764,0.5984251968503937,0.5826771653543307,0.0,0.4645669291338583,0.0,0.0
2024-08-29T16:24:00.525970,interface,0.0,0.2440944881889764,0.5984251968503937,0.5826771653543307,0.0,0.4645669291338583,0.0,0.0
2024-08-29T16:24:00.536626,interface,0.0,0.23622047244094488,0.5984251968503937,0.5826771653543307,0.0,0.4645669291338583,0.0,0.0
2024-08-29T16:24:00.537771,interface,0.0,0.2283464566929134,0.5984251968503937,0.5826771653543307,0.0,0.4645669291338583,0.0,0.0
2024-08-29T16:24:00.548376,interface,0.0,0.2204724409448819,0.5984251968503937,0.5826771653543307,0.0,0.4645669291338583,0.0,0.0
2024-08-29T16:24:00.564314,interface,0.0,0.2204724409448819,0.5984251968503937,0.5826771653543307,0.0,0.4645669291338583,0.0,0.0
2024-08-29T16:24:00.844124,interface,0.0,0.2125984251968504,0.5984251968503937,0.5826771653543307,0.0,0.4645669291338583,0.0,0.0
2024-08-29T16:24:00.868265,interface,0.0,0.2125984251968504,0.5984251968503937,0.5826771653543307,0.0,0.4645669291338583,0.0,0.0
2024-08-29T16:24:00.892160,interface,0.0,0.2047244094488189,0.5984251968503937,0.5826771653543307,0.0,0.4645669291338583,0.0,0.0
2024-08-29T16:27:29.051907,interface,0.007874015748031496,0.2047244094488189,0.5984251968503937,0.5826771653543307,0.0,0.4645669291338583,0.0,0.0
2024-08-29T16:27:29.056535,interface,0.031496062992125984,0.2047244094488189,0.5984251968503937,0.5826771653543307,0.0,0.4645669291338583,0.0,0.0
2024-08-29T16:27:29.083522,interface,0.08661417322834646,0.2047244094488189,0.5984251968503937,0.5826771653543307,0.0,0.4645669291338583,0.0,0.0
2024-08-29T16:27:29.084866,interface,0.13385826771653545,0.2047244094488189,0.5984251968503937,0.5826771653543307,0.0,0.4645669291338583,0.0,0.0
2024-08-29T16:27:29.085976,interface,0.18110236220472442,0.2047244094488189,0.5984251968503937,0.5826771653543307,0.0,0.4645669291338583,0.0,0.0
2024-08-29T16:27:29.089369,interface,0.2125984251968504,0.2047244094488189,0.5984251968503937,0.5826771653543307,0.0,0.4645669291338583,0.0,0.0
2024-08-29T16:27:29.106875,interface,0.2204724409448819,0.2047244094488189,0.5984251968503937,0.5826771653543307,0.0,0.4645669291338583,0.0,0.0
2024-08-29T16:27:29.131397,interface,0.2125984251968504,0.2047244094488189,0.5984251968503937,0.5826771653543307,0.0,0.4645669291338583,0.0,0.0
2024-08-29T16:27:29.134838,interface,0.2047244094488189,0.2047244094488189,0.5984251968503937,0.5826771653543307,0.0,0.4645669291338583,0.0,0.0
2024-08-29T16:27:29.147288,interface,0.1889763779527559,0.2047244094488189,0.5984251968503937,0.5826771653543307,0.0,0.4645669291338583,0.0,0.0
2024-08-29T16:27:29.157132,interface,0.1889763779527559,0.2047244094488189,0.5984251968503937,0.5826771653543307,0.0,0.4645669291338583,0.0,0.0
2024-08-29T16:27:29.171143,interface,0.1889763779527559,0.2047244094488189,0.5984251968503937,0.5826771653543307,0.0,0.4645669291338583,0.0,0.0
2024-08-29T16:27:29.174755,interface,0.2047244094488189,0.2047244094488189,0.5984251968503937,0.5826771653543307,0.0,0.4645669291338583,0.0,0.0
2024-08-29T16:27:29.187168,interface,0.2283464566929134,0.2047244094488189,0.5984251968503937,0.5826771653543307,0.0,0.4645669291338583,0.0,0.0
2024-08-29T16:27:29.195992,interface,0.25984251968503935,0.2047244094488189,0.5984251968503937,0.5826771653543307,0.0,0.4645669291338583,0.0,0.0
2024-08-29T16:27:29.205898,interface,0.30708661417322836,0.2047244094488189,0.5984251968503937,0.5826771653543307,0.0,0.4645669291338583,0.0,0.0
2024-08-29T16:27:29.217284,interface,0.3700787401574803,0.2047244094488189,0.5984251968503937,0.5826771653543307,0.0,0.4645669291338583,0.0,0.0
2024-08-29T16:27:29.218412,interface,0.4330708661417323,0.2047244094488189,0.5984251968503937,0.5826771653543307,0.0,0.4645669291338583,0.0,0.0
2024-08-29T16:27:29.223719,interface,0.4881889763779528,0.2047244094488189,0.5984251968503937,0.5826771653543307,0.0,0.4645669291338583,0.0,0.0
2024-08-29T16:27:29.237031,interface,0.5196850393700787,0.2047244094488189,0.5984251968503937,0.5826771653543307,0.0,0.4645669291338583,0.0,0.0
2024-08-29T16:27:29.247536,interface,0.5433070866141733,0.2047244094488189,0.5984251968503937,0.5826771653543307,0.0,0.4645669291338583,0.0,0.0
2024-08-29T16:27:29.256081,interface,0.5511811023622047,0.2047244094488189,0.5984251968503937,0.5826771653543307,0.0,0.4645669291338583,0.0,0.0
2024-08-29T16:27:29.257286,interface,0.5669291338582677,0.2047244094488189,0.5984251968503937,0.5826771653543307,0.0,0.4645669291338583,0.0,0.0
2024-08-29T16:27:29.267617,interface,0.5669291338582677,0.2047244094488189,0.5984251968503937,0.5826771653543307,0.0,0.4645669291338583,0.0,0.0
2024-08-29T16:27:29.299005,interface,0.5669291338582677,0.2047244094488189,0.5984251968503937,0.5826771653543307,0.0,0.4645669291338583,0.0,0.0
2024-08-29T16:27:29.302591,interface,0.5590551181102362,0.2047244094488189,0.5984251968503937,0.5826771653543307,0.0,0.4645669291338583,0.0,0.0
2024-08-29T16:27:29.316600,interface,0.5511811023622047,0.2047244094488189,0.5984251968503937,0.5826771653543307,0.0,0.4645669291338583,0.0,0.0
2024-08-29T16:27:29.326591,interface,0.5433070866141733,0.2047244094488189,0.5984251968503937,0.5826771653543307,0.0,0.4645669291338583,0.0,0.0
2024-08-29T16:27:29.336284,interface,0.5354330708661418,0.2047244094488189,0.5984251968503937,0.5826771653543307,0.0,0.4645669291338583,0.0,0.0
2024-08-29T16:27:29.337473,interface,0.5275590551181102,0.2047244094488189,0.5984251968503937,0.5826771653543307,0.0,0.4645669291338583,0.0,0.0
2024-08-29T16:27:29.342747,interface,0.5275590551181102,0.2047244094488189,0.5984251968503937,0.5826771653543307,0.0,0.4645669291338583,0.0,0.0
2024-08-29T16:27:29.356276,interface,0.5196850393700787,0.2047244094488189,0.5984251968503937,0.5826771653543307,0.0,0.4645669291338583,0.0,0.0
2024-08-29T16:27:29.366165,interface,0.5196850393700787,0.2047244094488189,0.5984251968503937,0.5826771653543307,0.0,0.4645669291338583,0.0,0.0
2024-08-29T16:27:29.376502,interface,0.5118110236220472,0.2047244094488189,0.5984251968503937,0.5826771653543307,0.0,0.4645669291338583,0.0,0.0
2024-08-29T16:27:29.377618,interface,0.5039370078740157,0.2047244094488189,0.5984251968503937,0.5826771653543307,0.0,0.4645669291338583,0.0,0.0
2024-08-29T16:27:29.383000,interface,0.49606299212598426,0.2047244094488189,0.5984251968503937,0.5826771653543307,0.0,0.4645669291338583,0.0,0.0
2024-08-29T16:27:29.396080,interface,0.48031496062992124,0.2047244094488189,0.5984251968503937,0.5826771653543307,0.0,0.4645669291338583,0.0,0.0
2024-08-29T16:27:29.406711,interface,0.44881889763779526,0.2047244094488189,0.5984251968503937,0.5826771653543307,0.0,0.4645669291338583,0.0,0.0
2024-08-29T16:27:29.417699,interface,0.4251968503937008,0.2047244094488189,0.5984251968503937,0.5826771653543307,0.0,0.4645669291338583,0.0,0.0
2024-08-29T16:27:29.418945,interface,0.3937007874015748,0.2047244094488189,0.5984251968503937,0.5826771653543307,0.0,0.4645669291338583,0.0,0.0
2024-08-29T16:27:29.424203,interface,0.3543307086614173,0.2047244094488189,0.5984251968503937,0.5826771653543307,0.0,0.4645669291338583,0.0,0.0
2024-08-29T16:27:29.440350,interface,0.3228346456692913,0.2047244094488189,0.5984251968503937,0.5826771653543307,0.0,0.4645669291338583,0.0,0.0
2024-08-29T16:27:29.441666,interface,0.29133858267716534,0.2047244094488189,0.5984251968503937,0.5826771653543307,0.0,0.4645669291338583,0.0,0.0
2024-08-29T16:27:29.457284,interface,0.2677165354330709,0.2047244094488189,0.5984251968503937,0.5826771653543307,0.0,0.4645669291338583,0.0,0.0
2024-08-29T16:27:29.460721,interface,0.2440944881889764,0.2047244094488189,0.5984251968503937,0.5826771653543307,0.0,0.4645669291338583,0.0,0.0
2024-08-29T16:27:29.464044,interface,0.2204724409448819,0.2047244094488189,0.5984251968503937,0.5826771653543307,0.0,0.4645669291338583,0.0,0.0
2024-08-29T16:27:29.476033,interface,0.2047244094488189,0.2047244094488189,0.5984251968503937,0.5826771653543307,0.0,0.4645669291338583,0.0,0.0
2024-08-29T16:27:29.486652,interface,0.1889763779527559,0.2047244094488189,0.5984251968503937,0.5826771653543307,0.0,0.4645669291338583,0.0,0.0
2024-08-29T16:27:29.497283,interface,0.18110236220472442,0.2047244094488189,0.5984251968503937,0.5826771653543307,0.0,0.4645669291338583,0.0,0.0
2024-08-29T16:27:29.498521,interface,0.18110236220472442,0.2047244094488189,0.5984251968503937,0.5826771653543307,0.0,0.4645669291338583,0.0,0.0
2024-08-29T16:27:30.026331,interface,0.18110236220472442,0.2125984251968504,0.5984251968503937,0.5826771653543307,0.0,0.4645669291338583,0.0,0.0
2024-08-29T16:27:30.046588,interface,0.18110236220472442,0.2204724409448819,0.5984251968503937,0.5826771653543307,0.0,0.4645669291338583,0.0,0.0
2024-08-29T16:27:30.047764,interface,0.18110236220472442,0.2283464566929134,0.5984251968503937,0.5826771653543307,0.0,0.4645669291338583,0.0,0.0
2024-08-29T16:27:30.052976,interface,0.18110236220472442,0.23622047244094488,0.5984251968503937,0.5826771653543307,0.0,0.4645669291338583,0.0,0.0
2024-08-29T16:27:30.066613,interface,0.18110236220472442,0.2440944881889764,0.5984251968503937,0.5826771653543307,0.0,0.4645669291338583,0.0,0.0
2024-08-29T16:27:30.076706,interface,0.18110236220472442,0.25196850393700787,0.5984251968503937,0.5826771653543307,0.0,0.4645669291338583,0.0,0.0
2024-08-29T16:27:30.077831,interface,0.18110236220472442,0.25984251968503935,0.5984251968503937,0.5826771653543307,0.0,0.4645669291338583,0.0,0.0
2024-08-29T16:27:30.083354,interface,0.18110236220472442,0.2677165354330709,0.5984251968503937,0.5826771653543307,0.0,0.4645669291338583,0.0,0.0
2024-08-29T16:27:30.095895,interface,0.18110236220472442,0.2755905511811024,0.5984251968503937,0.5826771653543307,0.0,0.4645669291338583,0.0,0.0
2024-08-29T16:27:30.109378,interface,0.18110236220472442,0.28346456692913385,0.5984251968503937,0.5826771653543307,0.0,0.4645669291338583,0.0,0.0
2024-08-29T16:27:30.112671,interface,0.18110236220472442,0.29133858267716534,0.5984251968503937,0.5826771653543307,0.0,0.4645669291338583,0.0,0.0
2024-08-29T16:27:30.116090,interface,0.18110236220472442,0.29133858267716534,0.5984251968503937,0.5826771653543307,0.0,0.4645669291338583,0.0,0.0
2024-08-29T16:27:30.151526,interface,0.18110236220472442,0.28346456692913385,0.5984251968503937,0.5826771653543307,0.0,0.4645669291338583,0.0,0.0
2024-08-29T16:27:30.154911,interface,0.18110236220472442,0.2755905511811024,0.5984251968503937,0.5826771653543307,0.0,0.4645669291338583,0.0,0.0
2024-08-29T16:27:30.167642,interface,0.18110236220472442,0.25196850393700787,0.5984251968503937,0.5826771653543307,0.0,0.4645669291338583,0.0,0.0
2024-08-29T16:27:30.177378,interface,0.18110236220472442,0.23622047244094488,0.5984251968503937,0.5826771653543307,0.0,0.4645669291338583,0.0,0.0
2024-08-29T16:27:30.186588,interface,0.18110236220472442,0.2047244094488189,0.5984251968503937,0.5826771653543307,0.0,0.4645669291338583,0.0,0.0
2024-08-29T16:27:30.196590,interface,0.18110236220472442,0.18110236220472442,0.5984251968503937,0.5826771653543307,0.0,0.4645669291338583,0.0,0.0
2024-08-29T16:27:30.197805,interface,0.18110236220472442,0.14960629921259844,0.5984251968503937,0.5826771653543307,0.0,0.4645669291338583,0.0,0.0
2024-08-29T16:27:30.203140,interface,0.18110236220472442,0.12598425196850394,0.5984251968503937,0.5826771653543307,0.0,0.4645669291338583,0.0,0.0
2024-08-29T16:27:30.220527,interface,0.18110236220472442,0.09448818897637795,0.5984251968503937,0.5826771653543307,0.0,0.4645669291338583,0.0,0.0
2024-08-29T16:27:30.221657,interface,0.18110236220472442,0.07874015748031496,0.5984251968503937,0.5826771653543307,0.0,0.4645669291338583,0.0,0.0
2024-08-29T16:27:30.236697,interface,0.18110236220472442,0.06299212598425197,0.5984251968503937,0.5826771653543307,0.0,0.4645669291338583,0.0,0.0
2024-08-29T16:27:30.237826,interface,0.18110236220472442,0.06299212598425197,0.5984251968503937,0.5826771653543307,0.0,0.4645669291338583,0.0,0.0
2024-08-29T16:27:30.271424,interface,0.18110236220472442,0.07086614173228346,0.5984251968503937,0.5826771653543307,0.0,0.4645669291338583,0.0,0.0
2024-08-29T16:27:30.279971,interface,0.18110236220472442,0.08661417322834646,0.5984251968503937,0.5826771653543307,0.0,0.4645669291338583,0.0,0.0
2024-08-29T16:27:30.283353,interface,0.18110236220472442,0.11023622047244094,0.5984251968503937,0.5826771653543307,0.0,0.4645669291338583,0.0,0.0
2024-08-29T16:27:30.300616,interface,0.18110236220472442,0.13385826771653545,0.5984251968503937,0.5826771653543307,0.0,0.4645669291338583,0.0,0.0
2024-08-29T16:27:30.301750,interface,0.18110236220472442,0.16535433070866143,0.5984251968503937,0.5826771653543307,0.0,0.4645669291338583,0.0,0.0
2024-08-29T16:27:30.317631,interface,0.18110236220472442,0.18110236220472442,0.5984251968503937,0.5826771653543307,0.0,0.4645669291338583,0.0,0.0
2024-08-29T16:27:30.318761,interface,0.18110236220472442,0.1968503937007874,0.5984251968503937,0.5826771653543307,0.0,0.4645669291338583,0.0,0.0
2024-08-29T16:27:30.323984,interface,0.18110236220472442,0.2125984251968504,0.5984251968503937,0.5826771653543307,0.0,0.4645669291338583,0.0,0.0
2024-08-29T16:27:30.335942,interface,0.18110236220472442,0.2204724409448819,0.5984251968503937,0.5826771653543307,0.0,0.4645669291338583,0.0,0.0
2024-08-29T16:27:30.346595,interface,0.18110236220472442,0.23622047244094488,0.5984251968503937,0.5826771653543307,0.0,0.4645669291338583,0.0,0.0
2024-08-29T16:27:30.356583,interface,0.18110236220472442,0.23622047244094488,0.5984251968503937,0.5826771653543307,0.0,0.4645669291338583,0.0,0.0
2024-08-29T16:27:30.604230,interface,0.18110236220472442,0.23622047244094488,0.5748031496062992,0.5826771653543307,0.0,0.4645669291338583,0.0,0.0
2024-08-29T16:27:30.605410,interface,0.18110236220472442,0.23622047244094488,0.5669291338582677,0.5826771653543307,0.0,0.4645669291338583,0.0,0.0
2024-08-29T16:27:30.618174,interface,0.18110236220472442,0.23622047244094488,0.5511811023622047,0.5826771653543307,0.0,0.4645669291338583,0.0,0.0
2024-08-29T16:27:30.621955,interface,0.18110236220472442,0.23622047244094488,0.5354330708661418,0.5826771653543307,0.0,0.4645669291338583,0.0,0.0
2024-08-29T16:27:30.636730,interface,0.18110236220472442,0.23622047244094488,0.5196850393700787,0.5826771653543307,0.0,0.4645669291338583,0.0,0.0
2024-08-29T16:27:30.650485,interface,0.18110236220472442,0.23622047244094488,0.5039370078740157,0.5826771653543307,0.0,0.4645669291338583,0.0,0.0
2024-08-29T16:27:30.651817,interface,0.18110236220472442,0.23622047244094488,0.4881889763779528,0.5826771653543307,0.0,0.4645669291338583,0.0,0.0
2024-08-29T16:27:30.652924,interface,0.18110236220472442,0.23622047244094488,0.48031496062992124,0.5826771653543307,0.0,0.4645669291338583,0.0,0.0
2024-08-29T16:27:30.666729,interface,0.18110236220472442,0.23622047244094488,0.47244094488188976,0.5826771653543307,0.0,0.4645669291338583,0.0,0.0
2024-08-29T16:27:30.705570,interface,0.18110236220472442,0.23622047244094488,0.4881889763779528,0.5826771653543307,0.0,0.4645669291338583,0.0,0.0
2024-08-29T16:27:30.716404,interface,0.18110236220472442,0.23622047244094488,0.49606299212598426,0.5826771653543307,0.0,0.4645669291338583,0.0,0.0
2024-08-29T16:27:30.730444,interface,0.18110236220472442,0.23622047244094488,0.5118110236220472,0.5826771653543307,0.0,0.4645669291338583,0.0,0.0
2024-08-29T16:27:30.731770,interface,0.18110236220472442,0.23622047244094488,0.5275590551181102,0.5826771653543307,0.0,0.4645669291338583,0.0,0.0
2024-08-29T16:27:30.732865,interface,0.18110236220472442,0.23622047244094488,0.5433070866141733,0.5826771653543307,0.0,0.4645669291338583,0.0,0.0
2024-08-29T16:27:30.746583,interface,0.18110236220472442,0.23622047244094488,0.5511811023622047,0.5826771653543307,0.0,0.4645669291338583,0.0,0.0
2024-08-29T16:27:30.762506,interface,0.18110236220472442,0.23622047244094488,0.5590551181102362,0.5826771653543307,0.0,0.4645669291338583,0.0,0.0
2024-08-29T16:27:30.763683,interface,0.18110236220472442,0.23622047244094488,0.5669291338582677,0.5826771653543307,0.0,0.4645669291338583,0.0,0.0
2024-08-29T16:27:30.785656,interface,0.18110236220472442,0.23622047244094488,0.5669291338582677,0.5826771653543307,0.0,0.4645669291338583,0.0,0.0
2024-08-29T16:27:30.796062,interface,0.18110236220472442,0.23622047244094488,0.5511811023622047,0.5826771653543307,0.0,0.4645669291338583,0.0,0.0
2024-08-29T16:27:30.799483,interface,0.18110236220472442,0.23622047244094488,0.5433070866141733,0.5826771653543307,0.0,0.4645669291338583,0.0,0.0
2024-08-29T16:27:30.809614,interface,0.18110236220472442,0.23622047244094488,0.5275590551181102,0.5826771653543307,0.0,0.4645669291338583,0.0,0.0
2024-08-29T16:27:30.813016,interface,0.18110236220472442,0.23622047244094488,0.5039370078740157,0.5826771653543307,0.0,0.4645669291338583,0.0,0.0
2024-08-29T16:27:30.826588,interface,0.18110236220472442,0.23622047244094488,0.4881889763779528,0.5826771653543307,0.0,0.4645669291338583,0.0,0.0
2024-08-29T16:27:30.835874,interface,0.18110236220472442,0.23622047244094488,0.47244094488188976,0.5826771653543307,0.0,0.4645669291338583,0.0,0.0
2024-08-29T16:27:30.846519,interface,0.18110236220472442,0.23622047244094488,0.44881889763779526,0.5826771653543307,0.0,0.4645669291338583,0.0,0.0
2024-08-29T16:27:30.847770,interface,0.18110236220472442,0.23622047244094488,0.4330708661417323,0.5826771653543307,0.0,0.4645669291338583,0.0,0.0
2024-08-29T16:27:30.858072,interface,0.18110236220472442,0.23622047244094488,0.4251968503937008,0.5826771653543307,0.0,0.4645669291338583,0.0,0.0
2024-08-29T16:27:30.867865,interface,0.18110236220472442,0.23622047244094488,0.4094488188976378,0.5826771653543307,0.0,0.4645669291338583,0.0,0.0
2024-08-29T16:27:30.871264,interface,0.18110236220472442,0.23622047244094488,0.4094488188976378,0.5826771653543307,0.0,0.4645669291338583,0.0,0.0
2024-08-29T16:27:30.889373,interface,0.18110236220472442,0.23622047244094488,0.4015748031496063,0.5826771653543307,0.0,0.4645669291338583,0.0,0.0
2024-08-29T16:27:31.574320,interface,0.18110236220472442,0.23622047244094488,0.4015748031496063,0.5826771653543307,0.0,0.4645669291338583,0.0,0.0
2024-08-29T16:27:31.654576,interface,0.18110236220472442,0.23622047244094488,0.4015748031496063,0.5826771653543307,0.0,0.4645669291338583,0.0,0.0
2024-08-29T16:27:31.733640,interface,0.18110236220472442,0.23622047244094488,0.4015748031496063,0.5826771653543307,0.0,0.4645669291338583,0.0,0.0
2024-08-29T16:27:33.093842,interface,0.18110236220472442,0.2440944881889764,0.4015748031496063,0.5826771653543307,0.0,0.4645669291338583,0.0,0.0
2024-08-29T16:27:43.729824,interface,0.18110236220472442,0.23622047244094488,0.4015748031496063,0.5826771653543307,0.0,0.4645669291338583,0.0,0.0
2024-08-29T16:27:43.745878,interface,0.18110236220472442,0.2283464566929134,0.4015748031496063,0.5826771653543307,0.0,0.4645669291338583,0.0,0.0
2024-08-29T16:27:43.761879,interface,0.18110236220472442,0.2204724409448819,0.4015748031496063,0.5826771653543307,0.0,0.4645669291338583,0.0,0.0
2024-08-29T16:27:43.777876,interface,0.18110236220472442,0.2204724409448819,0.4015748031496063,0.5826771653543307,0.0,0.4645669291338583,0.0,0.0
2024-08-29T16:27:43.803394,interface,0.18110236220472442,0.2125984251968504,0.4015748031496063,0.5826771653543307,0.0,0.4645669291338583,0.0,0.0
2024-08-29T16:27:43.819392,interface,0.18110236220472442,0.2047244094488189,0.4015748031496063,0.5826771653543307,0.0,0.4645669291338583,0.0,0.0
2024-08-29T16:27:43.841768,interface,0.18110236220472442,0.2047244094488189,0.4015748031496063,0.5826771653543307,0.0,0.4645669291338583,0.0,0.0
2024-08-29T16:27:43.899309,interface,0.18110236220472442,0.2047244094488189,0.4015748031496063,0.5826771653543307,0.0,0.4645669291338583,0.0,0.0
2024-08-29T16:27:43.915402,interface,0.18110236220472442,0.2125984251968504,0.4015748031496063,0.5826771653543307,0.0,0.4645669291338583,0.0,0.0
2024-08-29T16:27:43.931396,interface,0.18110236220472442,0.2204724409448819,0.4015748031496063,0.5826771653543307,0.0,0.4645669291338583,0.0,0.0
2024-08-29T16:27:43.932714,interface,0.18110236220472442,0.2283464566929134,0.4015748031496063,0.5826771653543307,0.0,0.4645669291338583,0.0,0.0
2024-08-29T16:27:43.945972,interface,0.18110236220472442,0.2283464566929134,0.4015748031496063,0.5826771653543307,0.0,0.4645669291338583,0.0,0.0
2024-08-29T16:27:43.956009,interface,0.18110236220472442,0.23622047244094488,0.4015748031496063,0.5826771653543307,0.0,0.4645669291338583,0.0,0.0
2024-08-29T16:27:43.966591,interface,0.18110236220472442,0.23622047244094488,0.4015748031496063,0.5826771653543307,0.0,0.4645669291338583,0.0,0.0
2024-08-29T16:27:43.967931,interface,0.18110236220472442,0.2440944881889764,0.4015748031496063,0.5826771653543307,0.0,0.4645669291338583,0.0,0.0
2024-08-29T16:27:43.981769,interface,0.18110236220472442,0.2440944881889764,0.4015748031496063,0.5826771653543307,0.0,0.4645669291338583,0.0,0.0
2024-08-29T16:27:43.982911,interface,0.18110236220472442,0.25196850393700787,0.4015748031496063,0.5826771653543307,0.0,0.4645669291338583,0.0,0.0
2024-08-29T16:27:43.996457,interface,0.18110236220472442,0.25984251968503935,0.4015748031496063,0.5826771653543307,0.0,0.4645669291338583,0.0,0.0
2024-08-29T16:27:44.010478,interface,0.18110236220472442,0.25984251968503935,0.4015748031496063,0.5826771653543307,0.0,0.4645669291338583,0.0,0.0
2024-08-29T16:27:44.013807,interface,0.18110236220472442,0.2677165354330709,0.4015748031496063,0.5826771653543307,0.0,0.4645669291338583,0.0,0.0
2024-08-29T16:27:44.031889,interface,0.18110236220472442,0.2755905511811024,0.4015748031496063,0.5826771653543307,0.0,0.4645669291338583,0.0,0.0
2024-08-29T16:27:44.047971,interface,0.18110236220472442,0.28346456692913385,0.4015748031496063,0.5826771653543307,0.0,0.4645669291338583,0.0,0.0
2024-08-29T16:27:44.063959,interface,0.18110236220472442,0.28346456692913385,0.4015748031496063,0.5826771653543307,0.0,0.4645669291338583,0.0,0.0
2024-08-29T16:27:44.079946,interface,0.18110236220472442,0.29133858267716534,0.4015748031496063,0.5826771653543307,0.0,0.4645669291338583,0.0,0.0
2024-08-29T16:27:44.095936,interface,0.18110236220472442,0.2992125984251969,0.4015748031496063,0.5826771653543307,0.0,0.4645669291338583,0.0,0.0
2024-08-29T16:27:44.106038,interface,0.18110236220472442,0.2992125984251969,0.4015748031496063,0.5826771653543307,0.0,0.4645669291338583,0.0,0.0
2024-08-29T16:27:44.122699,interface,0.18110236220472442,0.30708661417322836,0.4015748031496063,0.5826771653543307,0.0,0.4645669291338583,0.0,0.0
2024-08-29T16:27:44.123866,interface,0.18110236220472442,0.31496062992125984,0.4015748031496063,0.5826771653543307,0.0,0.4645669291338583,0.0,0.0
2024-08-29T16:27:44.137398,interface,0.18110236220472442,0.31496062992125984,0.4015748031496063,0.5826771653543307,0.0,0.4645669291338583,0.0,0.0
2024-08-29T16:27:44.146532,interface,0.18110236220472442,0.3228346456692913,0.4015748031496063,0.5826771653543307,0.0,0.4645669291338583,0.0,0.0
2024-08-29T16:27:44.156686,interface,0.18110236220472442,0.3228346456692913,0.4015748031496063,0.5826771653543307,0.0,0.4645669291338583,0.0,0.0
2024-08-29T16:27:44.157816,interface,0.18110236220472442,0.33070866141732286,0.4015748031496063,0.5826771653543307,0.0,0.4645669291338583,0.0,0.0
2024-08-29T16:27:44.163180,interface,0.18110236220472442,0.33070866141732286,0.4015748031496063,0.5826771653543307,0.0,0.4645669291338583,0.0,0.0
2024-08-29T16:27:44.175960,interface,0.18110236220472442,0.33858267716535434,0.4015748031496063,0.5826771653543307,0.0,0.4645669291338583,0.0,0.0
2024-08-29T16:27:44.186052,interface,0.18110236220472442,0.33858267716535434,0.4015748031496063,0.5826771653543307,0.0,0.4645669291338583,0.0,0.0
2024-08-29T16:27:44.201567,interface,0.18110236220472442,0.3464566929133858,0.4015748031496063,0.5826771653543307,0.0,0.4645669291338583,0.0,0.0
2024-08-29T16:27:44.202881,interface,0.18110236220472442,0.3543307086614173,0.4015748031496063,0.5826771653543307,0.0,0.4645669291338583,0.0,0.0
2024-08-29T16:27:44.203954,interface,0.18110236220472442,0.3543307086614173,0.4015748031496063,0.5826771653543307,0.0,0.4645669291338583,0.0,0.0
2024-08-29T16:27:44.216694,interface,0.18110236220472442,0.36220472440944884,0.4015748031496063,0.5826771653543307,0.0,0.4645669291338583,0.0,0.0
2024-08-29T16:27:44.226209,interface,0.18110236220472442,0.3700787401574803,0.4015748031496063,0.5826771653543307,0.0,0.4645669291338583,0.0,0.0
2024-08-29T16:27:44.236056,interface,0.18110236220472442,0.3779527559055118,0.4015748031496063,0.5826771653543307,0.0,0.4645669291338583,0.0,0.0
2024-08-29T16:27:44.237204,interface,0.18110236220472442,0.3779527559055118,0.4015748031496063,0.5826771653543307,0.0,0.4645669291338583,0.0,0.0
2024-08-29T16:27:44.247848,interface,0.18110236220472442,0.3858267716535433,0.4015748031496063,0.5826771653543307,0.0,0.4645669291338583,0.0,0.0
2024-08-29T16:27:44.256503,interface,0.18110236220472442,0.3937007874015748,0.4015748031496063,0.5826771653543307,0.0,0.4645669291338583,0.0,0.0
2024-08-29T16:27:44.267665,interface,0.18110236220472442,0.4015748031496063,0.4015748031496063,0.5826771653543307,0.0,0.4645669291338583,0.0,0.0
2024-08-29T16:27:44.276294,interface,0.18110236220472442,0.4094488188976378,0.4015748031496063,0.5826771653543307,0.0,0.4645669291338583,0.0,0.0
2024-08-29T16:27:44.277542,interface,0.18110236220472442,0.4094488188976378,0.4015748031496063,0.5826771653543307,0.0,0.4645669291338583,0.0,0.0
2024-08-29T16:27:44.288034,interface,0.18110236220472442,0.41732283464566927,0.4015748031496063,0.5826771653543307,0.0,0.4645669291338583,0.0,0.0
2024-08-29T16:27:44.296711,interface,0.18110236220472442,0.4251968503937008,0.4015748031496063,0.5826771653543307,0.0,0.4645669291338583,0.0,0.0
2024-08-29T16:27:44.306545,interface,0.18110236220472442,0.4251968503937008,0.4015748031496063,0.5826771653543307,0.0,0.4645669291338583,0.0,0.0
2024-08-29T16:27:44.316046,interface,0.18110236220472442,0.4330708661417323,0.4015748031496063,0.5826771653543307,0.0,0.4645669291338583,0.0,0.0
2024-08-29T16:27:44.317175,interface,0.18110236220472442,0.4330708661417323,0.4015748031496063,0.5826771653543307,0.0,0.4645669291338583,0.0,0.0
2024-08-29T16:27:44.328383,interface,0.18110236220472442,0.4409448818897638,0.4015748031496063,0.5826771653543307,0.0,0.4645669291338583,0.0,0.0
2024-08-29T16:27:44.336963,interface,0.18110236220472442,0.4409448818897638,0.4015748031496063,0.5826771653543307,0.0,0.4645669291338583,0.0,0.0
2024-08-29T16:27:44.346431,interface,0.18110236220472442,0.44881889763779526,0.4015748031496063,0.5826771653543307,0.0,0.4645669291338583,0.0,0.0
2024-08-29T16:27:44.361494,interface,0.18110236220472442,0.4566929133858268,0.4015748031496063,0.5826771653543307,0.0,0.4645669291338583,0.0,0.0
2024-08-29T16:27:44.376496,interface,0.18110236220472442,0.4566929133858268,0.4015748031496063,0.5826771653543307,0.0,0.4645669291338583,0.0,0.0
2024-08-29T16:27:44.392446,interface,0.18110236220472442,0.4645669291338583,0.4015748031496063,0.5826771653543307,0.0,0.4645669291338583,0.0,0.0
2024-08-29T16:27:44.408491,interface,0.18110236220472442,0.47244094488188976,0.4015748031496063,0.5826771653543307,0.0,0.4645669291338583,0.0,0.0
2024-08-29T16:27:44.424449,interface,0.18110236220472442,0.48031496062992124,0.4015748031496063,0.5826771653543307,0.0,0.4645669291338583,0.0,0.0
2024-08-29T16:27:44.440380,interface,0.18110236220472442,0.48031496062992124,0.4015748031496063,0.5826771653543307,0.0,0.4645669291338583,0.0,0.0
2024-08-29T16:27:44.456452,interface,0.18110236220472442,0.4881889763779528,0.4015748031496063,0.5826771653543307,0.0,0.4645669291338583,0.0,0.0
2024-08-29T16:27:44.472453,interface,0.18110236220472442,0.49606299212598426,0.4015748031496063,0.5826771653543307,0.0,0.4645669291338583,0.0,0.0
2024-08-29T16:27:44.488456,interface,0.18110236220472442,0.5039370078740157,0.4015748031496063,0.5826771653543307,0.0,0.4645669291338583,0.0,0.0
2024-08-29T16:27:44.504459,interface,0.18110236220472442,0.5039370078740157,0.4015748031496063,0.5826771653543307,0.0,0.4645669291338583,0.0,0.0
2024-08-29T16:27:44.520501,interface,0.18110236220472442,0.5118110236220472,0.4015748031496063,0.5826771653543307,0.0,0.4645669291338583,0.0,0.0
2024-08-29T16:27:44.523914,interface,0.18110236220472442,0.5196850393700787,0.4015748031496063,0.5826771653543307,0.0,0.4645669291338583,0.0,0.0
2024-08-29T16:27:44.543944,interface,0.18110236220472442,0.5275590551181102,0.4015748031496063,0.5826771653543307,0.0,0.4645669291338583,0.0,0.0
2024-08-29T16:27:44.560048,interface,0.18110236220472442,0.5354330708661418,0.4015748031496063,0.5826771653543307,0.0,0.4645669291338583,0.0,0.0
2024-08-29T16:27:44.563476,interface,0.18110236220472442,0.5354330708661418,0.4015748031496063,0.5826771653543307,0.0,0.4645669291338583,0.0,0.0
2024-08-29T16:27:44.576939,interface,0.18110236220472442,0.5433070866141733,0.4015748031496063,0.5826771653543307,0.0,0.4645669291338583,0.0,0.0
2024-08-29T16:27:44.586448,interface,0.18110236220472442,0.5433070866141733,0.4015748031496063,0.5826771653543307,0.0,0.4645669291338583,0.0,0.0
2024-08-29T16:27:44.596322,interface,0.18110236220472442,0.5511811023622047,0.4015748031496063,0.5826771653543307,0.0,0.4645669291338583,0.0,0.0
2024-08-29T16:27:44.608031,interface,0.18110236220472442,0.5590551181102362,0.4015748031496063,0.5826771653543307,0.0,0.4645669291338583,0.0,0.0
2024-08-29T16:27:44.616600,interface,0.18110236220472442,0.5590551181102362,0.4015748031496063,0.5826771653543307,0.0,0.4645669291338583,0.0,0.0
2024-08-29T16:27:44.625975,interface,0.18110236220472442,0.5669291338582677,0.4015748031496063,0.5826771653543307,0.0,0.4645669291338583,0.0,0.0
2024-08-29T16:27:44.640032,interface,0.18110236220472442,0.5669291338582677,0.4015748031496063,0.5826771653543307,0.0,0.4645669291338583,0.0,0.0
2024-08-29T16:27:44.643458,interface,0.18110236220472442,0.5748031496062992,0.4015748031496063,0.5826771653543307,0.0,0.4645669291338583,0.0,0.0
2024-08-29T16:27:44.663787,interface,0.18110236220472442,0.5826771653543307,0.4015748031496063,0.5826771653543307,0.0,0.4645669291338583,0.0,0.0
2024-08-29T16:27:44.679376,interface,0.18110236220472442,0.5826771653543307,0.4015748031496063,0.5826771653543307,0.0,0.4645669291338583,0.0,0.0
2024-08-29T16:27:44.688047,interface,0.18110236220472442,0.5905511811023622,0.4015748031496063,0.5826771653543307,0.0,0.4645669291338583,0.0,0.0
2024-08-29T16:27:44.704047,interface,0.18110236220472442,0.5984251968503937,0.4015748031496063,0.5826771653543307,0.0,0.4645669291338583,0.0,0.0
2024-08-29T16:27:44.720065,interface,0.18110236220472442,0.6062992125984252,0.4015748031496063,0.5826771653543307,0.0,0.4645669291338583,0.0,0.0
2024-08-29T16:27:44.736050,interface,0.18110236220472442,0.6062992125984252,0.4015748031496063,0.5826771653543307,0.0,0.4645669291338583,0.0,0.0
2024-08-29T16:27:44.746103,interface,0.18110236220472442,0.6141732283464567,0.4015748031496063,0.5826771653543307,0.0,0.4645669291338583,0.0,0.0
2024-08-29T16:27:44.759836,interface,0.18110236220472442,0.6220472440944882,0.4015748031496063,0.5826771653543307,0.0,0.4645669291338583,0.0,0.0
2024-08-29T16:27:44.768345,interface,0.18110236220472442,0.6220472440944882,0.4015748031496063,0.5826771653543307,0.0,0.4645669291338583,0.0,0.0
2024-08-29T16:27:44.784077,interface,0.18110236220472442,0.6299212598425197,0.4015748031496063,0.5826771653543307,0.0,0.4645669291338583,0.0,0.0
2024-08-29T16:27:44.800056,interface,0.18110236220472442,0.6377952755905512,0.4015748031496063,0.5826771653543307,0.0,0.4645669291338583,0.0,0.0
2024-08-29T16:27:44.803461,interface,0.18110236220472442,0.6456692913385826,0.4015748031496063,0.5826771653543307,0.0,0.4645669291338583,0.0,0.0
2024-08-29T16:27:44.823851,interface,0.18110236220472442,0.6535433070866141,0.4015748031496063,0.5826771653543307,0.0,0.4645669291338583,0.0,0.0
2024-08-29T16:27:44.839826,interface,0.18110236220472442,0.6535433070866141,0.4015748031496063,0.5826771653543307,0.0,0.4645669291338583,0.0,0.0
2024-08-29T16:27:44.848347,interface,0.18110236220472442,0.6614173228346457,0.4015748031496063,0.5826771653543307,0.0,0.4645669291338583,0.0,0.0
2024-08-29T16:27:44.864090,interface,0.18110236220472442,0.6692913385826772,0.4015748031496063,0.5826771653543307,0.0,0.4645669291338583,0.0,0.0
2024-08-29T16:27:44.877249,interface,0.18110236220472442,0.6692913385826772,0.4015748031496063,0.5826771653543307,0.0,0.4645669291338583,0.0,0.0
2024-08-29T16:27:44.878600,interface,0.18110236220472442,0.6771653543307087,0.4015748031496063,0.5826771653543307,0.0,0.4645669291338583,0.0,0.0
2024-08-29T16:27:44.884214,interface,0.18110236220472442,0.6771653543307087,0.4015748031496063,0.5826771653543307,0.0,0.4645669291338583,0.0,0.0
2024-08-29T16:27:44.903868,interface,0.18110236220472442,0.6850393700787402,0.4015748031496063,0.5826771653543307,0.0,0.4645669291338583,0.0,0.0
2024-08-29T16:27:44.919852,interface,0.18110236220472442,0.6929133858267716,0.4015748031496063,0.5826771653543307,0.0,0.4645669291338583,0.0,0.0
2024-08-29T16:27:44.923440,interface,0.18110236220472442,0.6929133858267716,0.4015748031496063,0.5826771653543307,0.0,0.4645669291338583,0.0,0.0
2024-08-29T16:27:44.940065,interface,0.18110236220472442,0.7007874015748031,0.4015748031496063,0.5826771653543307,0.0,0.4645669291338583,0.0,0.0
2024-08-29T16:27:44.951985,interface,0.18110236220472442,0.7086614173228346,0.4015748031496063,0.5826771653543307,0.0,0.4645669291338583,0.0,0.0
2024-08-29T16:27:44.967846,interface,0.18110236220472442,0.7086614173228346,0.4015748031496063,0.5826771653543307,0.0,0.4645669291338583,0.0,0.0
2024-08-29T16:27:44.983860,interface,0.18110236220472442,0.7165354330708661,0.4015748031496063,0.5826771653543307,0.0,0.4645669291338583,0.0,0.0
2024-08-29T16:27:44.999857,interface,0.18110236220472442,0.7244094488188977,0.4015748031496063,0.5826771653543307,0.0,0.4645669291338583,0.0,0.0
2024-08-29T16:27:45.015897,interface,0.18110236220472442,0.7322834645669292,0.4015748031496063,0.5826771653543307,0.0,0.4645669291338583,0.0,0.0
2024-08-29T16:27:45.031936,interface,0.18110236220472442,0.7322834645669292,0.4015748031496063,0.5826771653543307,0.0,0.4645669291338583,0.0,0.0
2024-08-29T16:27:45.047897,interface,0.18110236220472442,0.7401574803149606,0.4015748031496063,0.5826771653543307,0.0,0.4645669291338583,0.0,0.0
2024-08-29T16:27:45.063880,interface,0.18110236220472442,0.7480314960629921,0.4015748031496063,0.5826771653543307,0.0,0.4645669291338583,0.0,0.0
2024-08-29T16:27:45.079883,interface,0.18110236220472442,0.7480314960629921,0.4015748031496063,0.5826771653543307,0.0,0.4645669291338583,0.0,0.0
2024-08-29T16:27:45.095867,interface,0.18110236220472442,0.7559055118110236,0.4015748031496063,0.5826771653543307,0.0,0.4645669291338583,0.0,0.0
2024-08-29T16:27:45.111883,interface,0.18110236220472442,0.7559055118110236,0.4015748031496063,0.5826771653543307,0.0,0.4645669291338583,0.0,0.0
2024-08-29T16:27:45.135993,interface,0.18110236220472442,0.7637795275590551,0.4015748031496063,0.5826771653543307,0.0,0.4645669291338583,0.0,0.0
2024-08-29T16:27:45.309389,interface,0.18110236220472442,0.7559055118110236,0.4015748031496063,0.5826771653543307,0.0,0.4645669291338583,0.0,0.0
2024-08-29T16:27:45.342862,interface,0.18110236220472442,0.7480314960629921,0.4015748031496063,0.5826771653543307,0.0,0.4645669291338583,0.0,0.0
2024-08-29T16:27:45.344073,interface,0.18110236220472442,0.7480314960629921,0.4015748031496063,0.5826771653543307,0.0,0.4645669291338583,0.0,0.0
2024-08-29T16:27:45.364894,interface,0.18110236220472442,0.7401574803149606,0.4015748031496063,0.5826771653543307,0.0,0.4645669291338583,0.0,0.0
2024-08-29T16:27:45.366092,interface,0.18110236220472442,0.7401574803149606,0.4015748031496063,0.5826771653543307,0.0,0.4645669291338583,0.0,0.0
2024-08-29T16:27:45.384076,interface,0.18110236220472442,0.7322834645669292,0.4015748031496063,0.5826771653543307,0.0,0.4645669291338583,0.0,0.0
2024-08-29T16:27:45.400035,interface,0.18110236220472442,0.7244094488188977,0.4015748031496063,0.5826771653543307,0.0,0.4645669291338583,0.0,0.0
2024-08-29T16:27:45.416347,interface,0.18110236220472442,0.7165354330708661,0.4015748031496063,0.5826771653543307,0.0,0.4645669291338583,0.0,0.0
2024-08-29T16:27:45.432247,interface,0.18110236220472442,0.7086614173228346,0.4015748031496063,0.5826771653543307,0.0,0.4645669291338583,0.0,0.0
2024-08-29T16:27:45.448228,interface,0.18110236220472442,0.7007874015748031,0.4015748031496063,0.5826771653543307,0.0,0.4645669291338583,0.0,0.0
2024-08-29T16:27:45.457575,interface,0.18110236220472442,0.7007874015748031,0.4015748031496063,0.5826771653543307,0.0,0.4645669291338583,0.0,0.0
2024-08-29T16:27:45.466326,interface,0.18110236220472442,0.6929133858267716,0.4015748031496063,0.5826771653543307,0.0,0.4645669291338583,0.0,0.0
2024-08-29T16:27:45.476804,interface,0.18110236220472442,0.6929133858267716,0.4015748031496063,0.5826771653543307,0.0,0.4645669291338583,0.0,0.0
2024-08-29T16:27:45.491526,interface,0.18110236220472442,0.6850393700787402,0.4015748031496063,0.5826771653543307,0.0,0.4645669291338583,0.0,0.0
2024-08-29T16:27:45.507534,interface,0.18110236220472442,0.6771653543307087,0.4015748031496063,0.5826771653543307,0.0,0.4645669291338583,0.0,0.0
2024-08-29T16:27:45.508673,interface,0.18110236220472442,0.6771653543307087,0.4015748031496063,0.5826771653543307,0.0,0.4645669291338583,0.0,0.0
2024-08-29T16:27:45.520032,interface,0.18110236220472442,0.6692913385826772,0.4015748031496063,0.5826771653543307,0.0,0.4645669291338583,0.0,0.0
2024-08-29T16:27:45.523459,interface,0.18110236220472442,0.6692913385826772,0.4015748031496063,0.5826771653543307,0.0,0.4645669291338583,0.0,0.0
2024-08-29T16:27:45.543963,interface,0.18110236220472442,0.6614173228346457,0.4015748031496063,0.5826771653543307,0.0,0.4645669291338583,0.0,0.0
2024-08-29T16:27:45.557124,interface,0.18110236220472442,0.6535433070866141,0.4015748031496063,0.5826771653543307,0.0,0.4645669291338583,0.0,0.0
2024-08-29T16:27:45.571432,interface,0.18110236220472442,0.6535433070866141,0.4015748031496063,0.5826771653543307,0.0,0.4645669291338583,0.0,0.0
2024-08-29T16:27:45.587438,interface,0.18110236220472442,0.6456692913385826,0.4015748031496063,0.5826771653543307,0.0,0.4645669291338583,0.0,0.0
2024-08-29T16:27:45.603383,interface,0.18110236220472442,0.6456692913385826,0.4015748031496063,0.5826771653543307,0.0,0.4645669291338583,0.0,0.0
2024-08-29T16:27:45.619426,interface,0.18110236220472442,0.6377952755905512,0.4015748031496063,0.5826771653543307,0.0,0.4645669291338583,0.0,0.0
2024-08-29T16:27:45.634434,interface,0.18110236220472442,0.6299212598425197,0.4015748031496063,0.5826771653543307,0.0,0.4645669291338583,0.0,0.0
2024-08-29T16:27:45.650387,interface,0.18110236220472442,0.6299212598425197,0.4015748031496063,0.5826771653543307,0.0,0.4645669291338583,0.0,0.0
2024-08-29T16:27:45.666374,interface,0.18110236220472442,0.6220472440944882,0.4015748031496063,0.5826771653543307,0.0,0.4645669291338583,0.0,0.0
2024-08-29T16:27:45.682453,interface,0.18110236220472442,0.6141732283464567,0.4015748031496063,0.5826771653543307,0.0,0.4645669291338583,0.0,0.0
2024-08-29T16:27:45.698428,interface,0.18110236220472442,0.6062992125984252,0.4015748031496063,0.5826771653543307,0.0,0.4645669291338583,0.0,0.0
2024-08-29T16:27:45.720148,interface,0.18110236220472442,0.6062992125984252,0.4015748031496063,0.5826771653543307,0.0,0.4645669291338583,0.0,0.0
2024-08-29T16:27:45.752190,interface,0.18110236220472442,0.5984251968503937,0.4015748031496063,0.5826771653543307,0.0,0.4645669291338583,0.0,0.0
2024-08-29T16:27:45.855928,interface,0.18110236220472442,0.5984251968503937,0.4015748031496063,0.5826771653543307,0.0,0.4645669291338583,0.0,0.0
2024-08-29T16:27:45.880258,interface,0.18110236220472442,0.5905511811023622,0.4015748031496063,0.5826771653543307,0.0,0.4645669291338583,0.0,0.0
2024-08-29T16:27:46.484228,interface,0.18110236220472442,0.5905511811023622,0.4015748031496063,0.5905511811023622,0.0,0.4645669291338583,0.0,0.0
2024-08-29T16:27:46.502549,interface,0.18110236220472442,0.5905511811023622,0.4015748031496063,0.5984251968503937,0.0,0.4645669291338583,0.0,0.0
2024-08-29T16:27:46.518438,interface,0.18110236220472442,0.5905511811023622,0.4015748031496063,0.5984251968503937,0.0,0.4645669291338583,0.0,0.0
2024-08-29T16:27:46.542426,interface,0.18110236220472442,0.5905511811023622,0.4015748031496063,0.6062992125984252,0.0,0.4645669291338583,0.0,0.0
2024-08-29T16:27:46.566650,interface,0.18110236220472442,0.5905511811023622,0.4015748031496063,0.6062992125984252,0.0,0.4645669291338583,0.0,0.0
2024-08-29T16:27:46.590576,interface,0.18110236220472442,0.5905511811023622,0.4015748031496063,0.6141732283464567,0.0,0.4645669291338583,0.0,0.0
2024-08-29T16:27:46.614482,interface,0.18110236220472442,0.5905511811023622,0.4015748031496063,0.6141732283464567,0.0,0.4645669291338583,0.0,0.0
2024-08-29T16:27:46.662446,interface,0.18110236220472442,0.5905511811023622,0.4015748031496063,0.6220472440944882,0.0,0.4645669291338583,0.0,0.0
2024-08-29T16:27:46.717258,interface,0.18110236220472442,0.5905511811023622,0.4015748031496063,0.6220472440944882,0.0,0.4645669291338583,0.0,0.0
2024-08-29T16:27:47.808700,interface,0.18110236220472442,0.5905511811023622,0.4015748031496063,0.6220472440944882,0.0,0.47244094488188976,0.0,0.0
2024-08-29T16:27:47.824759,interface,0.18110236220472442,0.5905511811023622,0.4015748031496063,0.6220472440944882,0.0,0.48031496062992124,0.0,0.0
2024-08-29T16:27:47.840771,interface,0.18110236220472442,0.5905511811023622,0.4015748031496063,0.6220472440944882,0.0,0.48031496062992124,0.0,0.0
2024-08-29T16:27:47.856747,interface,0.18110236220472442,0.5905511811023622,0.4015748031496063,0.6220472440944882,0.0,0.4881889763779528,0.0,0.0
2024-08-29T16:27:47.872751,interface,0.18110236220472442,0.5905511811023622,0.4015748031496063,0.6220472440944882,0.0,0.49606299212598426,0.0,0.0
2024-08-29T16:27:47.876159,interface,0.18110236220472442,0.5905511811023622,0.4015748031496063,0.6220472440944882,0.0,0.49606299212598426,0.0,0.0
2024-08-29T16:27:47.888776,interface,0.18110236220472442,0.5905511811023622,0.4015748031496063,0.6220472440944882,0.0,0.5039370078740157,0.0,0.0
2024-08-29T16:27:47.892251,interface,0.18110236220472442,0.5905511811023622,0.4015748031496063,0.6220472440944882,0.0,0.5039370078740157,0.0,0.0
2024-08-29T16:27:47.905913,interface,0.18110236220472442,0.5905511811023622,0.4015748031496063,0.6220472440944882,0.0,0.5118110236220472,0.0,0.0
2024-08-29T16:27:47.916834,interface,0.18110236220472442,0.5905511811023622,0.4015748031496063,0.6220472440944882,0.0,0.5118110236220472,0.0,0.0
2024-08-29T16:27:47.918032,interface,0.18110236220472442,0.5905511811023622,0.4015748031496063,0.6220472440944882,0.0,0.5196850393700787,0.0,0.0
2024-08-29T16:27:47.928810,interface,0.18110236220472442,0.5905511811023622,0.4015748031496063,0.6220472440944882,0.0,0.5275590551181102,0.0,0.0
2024-08-29T16:27:47.932777,interface,0.18110236220472442,0.5905511811023622,0.4015748031496063,0.6220472440944882,0.0,0.5275590551181102,0.0,0.0
2024-08-29T16:27:47.946199,interface,0.18110236220472442,0.5905511811023622,0.4015748031496063,0.6220472440944882,0.0,0.5354330708661418,0.0,0.0
2024-08-29T16:27:47.956304,interface,0.18110236220472442,0.5905511811023622,0.4015748031496063,0.6220472440944882,0.0,0.5433070866141733,0.0,0.0
2024-08-29T16:27:47.957468,interface,0.18110236220472442,0.5905511811023622,0.4015748031496063,0.6220472440944882,0.0,0.5511811023622047,0.0,0.0
2024-08-29T16:27:47.969068,interface,0.18110236220472442,0.5905511811023622,0.4015748031496063,0.6220472440944882,0.0,0.5590551181102362,0.0,0.0
2024-08-29T16:27:47.972554,interface,0.18110236220472442,0.5905511811023622,0.4015748031496063,0.6220472440944882,0.0,0.5669291338582677,0.0,0.0
2024-08-29T16:27:47.991844,interface,0.18110236220472442,0.5905511811023622,0.4015748031496063,0.6220472440944882,0.0,0.5748031496062992,0.0,0.0
2024-08-29T16:27:47.993007,interface,0.18110236220472442,0.5905511811023622,0.4015748031496063,0.6220472440944882,0.0,0.5748031496062992,0.0,0.0
2024-08-29T16:27:48.004517,interface,0.18110236220472442,0.5905511811023622,0.4015748031496063,0.6220472440944882,0.0,0.5826771653543307,0.0,0.0
2024-08-29T16:27:48.005672,interface,0.18110236220472442,0.5905511811023622,0.4015748031496063,0.6220472440944882,0.0,0.5905511811023622,0.0,0.0
2024-08-29T16:27:48.016940,interface,0.18110236220472442,0.5905511811023622,0.4015748031496063,0.6220472440944882,0.0,0.5984251968503937,0.0,0.0
2024-08-29T16:27:48.026031,interface,0.18110236220472442,0.5905511811023622,0.4015748031496063,0.6220472440944882,0.0,0.6062992125984252,0.0,0.0
2024-08-29T16:27:48.036904,interface,0.18110236220472442,0.5905511811023622,0.4015748031496063,0.6220472440944882,0.0,0.6141732283464567,0.0,0.0
2024-08-29T16:27:48.046299,interface,0.18110236220472442,0.5905511811023622,0.4015748031496063,0.6220472440944882,0.0,0.6220472440944882,0.0,0.0
2024-08-29T16:27:48.047556,interface,0.18110236220472442,0.5905511811023622,0.4015748031496063,0.6220472440944882,0.0,0.6220472440944882,0.0,0.0
2024-08-29T16:27:48.052711,interface,0.18110236220472442,0.5905511811023622,0.4015748031496063,0.6220472440944882,0.0,0.6299212598425197,0.0,0.0
2024-08-29T16:27:48.071569,interface,0.18110236220472442,0.5905511811023622,0.4015748031496063,0.6220472440944882,0.0,0.6377952755905512,0.0,0.0
2024-08-29T16:27:48.072728,interface,0.18110236220472442,0.5905511811023622,0.4015748031496063,0.6220472440944882,0.0,0.6456692913385826,0.0,0.0
2024-08-29T16:27:48.086536,interface,0.18110236220472442,0.5905511811023622,0.4015748031496063,0.6220472440944882,0.0,0.6535433070866141,0.0,0.0
2024-08-29T16:27:48.087705,interface,0.18110236220472442,0.5905511811023622,0.4015748031496063,0.6220472440944882,0.0,0.6614173228346457,0.0,0.0
2024-08-29T16:27:48.093014,interface,0.18110236220472442,0.5905511811023622,0.4015748031496063,0.6220472440944882,0.0,0.6614173228346457,0.0,0.0
2024-08-29T16:27:48.105726,interface,0.18110236220472442,0.5905511811023622,0.4015748031496063,0.6220472440944882,0.0,0.6692913385826772,0.0,0.0
2024-08-29T16:27:48.119378,interface,0.18110236220472442,0.5905511811023622,0.4015748031496063,0.6220472440944882,0.0,0.6850393700787402,0.0,0.0
2024-08-29T16:27:48.122796,interface,0.18110236220472442,0.5905511811023622,0.4015748031496063,0.6220472440944882,0.0,0.6929133858267716,0.0,0.0
2024-08-29T16:27:48.124145,interface,0.18110236220472442,0.5905511811023622,0.4015748031496063,0.6220472440944882,0.0,0.7007874015748031,0.0,0.0
2024-08-29T16:27:48.136680,interface,0.18110236220472442,0.5905511811023622,0.4015748031496063,0.6220472440944882,0.0,0.7086614173228346,0.0,0.0
2024-08-29T16:27:48.150539,interface,0.18110236220472442,0.5905511811023622,0.4015748031496063,0.6220472440944882,0.0,0.7165354330708661,0.0,0.0
2024-08-29T16:27:48.151707,interface,0.18110236220472442,0.5905511811023622,0.4015748031496063,0.6220472440944882,0.0,0.7244094488188977,0.0,0.0
2024-08-29T16:27:48.166540,interface,0.18110236220472442,0.5905511811023622,0.4015748031496063,0.6220472440944882,0.0,0.7244094488188977,0.0,0.0
2024-08-29T16:27:48.167727,interface,0.18110236220472442,0.5905511811023622,0.4015748031496063,0.6220472440944882,0.0,0.7322834645669292,0.0,0.0
2024-08-29T16:27:48.173037,interface,0.18110236220472442,0.5905511811023622,0.4015748031496063,0.6220472440944882,0.0,0.7401574803149606,0.0,0.0
2024-08-29T16:27:48.186351,interface,0.18110236220472442,0.5905511811023622,0.4015748031496063,0.6220472440944882,0.0,0.7401574803149606,0.0,0.0
2024-08-29T16:27:48.189647,interface,0.18110236220472442,0.5905511811023622,0.4015748031496063,0.6220472440944882,0.0,0.7480314960629921,0.0,0.0
2024-08-29T16:27:48.206717,interface,0.18110236220472442,0.5905511811023622,0.4015748031496063,0.6220472440944882,0.0,0.7480314960629921,0.0,0.0
2024-08-29T16:27:48.216688,interface,0.18110236220472442,0.5905511811023622,0.4015748031496063,0.6220472440944882,0.0,0.7559055118110236,0.0,0.0
2024-08-29T16:27:48.230385,interface,0.18110236220472442,0.5905511811023622,0.4015748031496063,0.6220472440944882,0.0,0.7637795275590551,0.0,0.0
2024-08-29T16:27:48.241110,interface,0.18110236220472442,0.5905511811023622,0.4015748031496063,0.6220472440944882,0.0,0.7716535433070866,0.0,0.0
2024-08-29T16:27:48.304732,interface,0.18110236220472442,0.5905511811023622,0.4015748031496063,0.6220472440944882,0.0,0.7637795275590551,0.0,0.0
2024-08-29T16:27:48.321104,interface,0.18110236220472442,0.5905511811023622,0.4015748031496063,0.6220472440944882,0.0,0.7559055118110236,0.0,0.0
2024-08-29T16:27:48.324561,interface,0.18110236220472442,0.5905511811023622,0.4015748031496063,0.6220472440944882,0.0,0.7559055118110236,0.0,0.0
2024-08-29T16:27:48.344613,interface,0.18110236220472442,0.5905511811023622,0.4015748031496063,0.6220472440944882,0.0,0.7480314960629921,0.0,0.0
2024-08-29T16:27:48.360925,interface,0.18110236220472442,0.5905511811023622,0.4015748031496063,0.6220472440944882,0.0,0.7401574803149606,0.0,0.0
2024-08-29T16:27:48.380001,interface,0.18110236220472442,0.5905511811023622,0.4015748031496063,0.6220472440944882,0.0,0.7401574803149606,0.0,0.0
2024-08-29T16:27:48.405436,interface,0.18110236220472442,0.5905511811023622,0.4015748031496063,0.6220472440944882,0.0,0.7322834645669292,0.0,0.0
2024-08-29T16:27:48.536608,interface,0.18110236220472442,0.5905511811023622,0.4015748031496063,0.6220472440944882,0.0,0.7322834645669292,0.0,0.0
2024-08-29T16:27:48.552734,interface,0.18110236220472442,0.5905511811023622,0.4015748031496063,0.6220472440944882,0.0,0.7244094488188977,0.0,0.0
2024-08-29T16:27:48.569816,interface,0.18110236220472442,0.5905511811023622,0.4015748031496063,0.6220472440944882,0.0,0.7165354330708661,0.0,0.0
2024-08-29T16:27:48.584792,interface,0.18110236220472442,0.5905511811023622,0.4015748031496063,0.6220472440944882,0.0,0.7165354330708661,0.0,0.0
2024-08-29T16:27:48.601184,interface,0.18110236220472442,0.5905511811023622,0.4015748031496063,0.6220472440944882,0.0,0.7086614173228346,0.0,0.0
2024-08-29T16:27:48.604642,interface,0.18110236220472442,0.5905511811023622,0.4015748031496063,0.6220472440944882,0.0,0.7086614173228346,0.0,0.0
2024-08-29T16:27:48.616751,interface,0.18110236220472442,0.5905511811023622,0.4015748031496063,0.6220472440944882,0.0,0.7007874015748031,0.0,0.0
2024-08-29T16:27:48.627447,interface,0.18110236220472442,0.5905511811023622,0.4015748031496063,0.6220472440944882,0.0,0.7007874015748031,0.0,0.0
2024-08-29T16:27:48.636091,interface,0.18110236220472442,0.5905511811023622,0.4015748031496063,0.6220472440944882,0.0,0.6929133858267716,0.0,0.0
2024-08-29T16:27:48.645831,interface,0.18110236220472442,0.5905511811023622,0.4015748031496063,0.6220472440944882,0.0,0.6850393700787402,0.0,0.0
2024-08-29T16:27:48.646951,interface,0.18110236220472442,0.5905511811023622,0.4015748031496063,0.6220472440944882,0.0,0.6850393700787402,0.0,0.0
2024-08-29T16:27:48.652512,interface,0.18110236220472442,0.5905511811023622,0.4015748031496063,0.6220472440944882,0.0,0.6771653543307087,0.0,0.0
2024-08-29T16:27:48.666219,interface,0.18110236220472442,0.5905511811023622,0.4015748031496063,0.6220472440944882,0.0,0.6771653543307087,0.0,0.0
2024-08-29T16:27:48.676489,interface,0.18110236220472442,0.5905511811023622,0.4015748031496063,0.6220472440944882,0.0,0.6692913385826772,0.0,0.0
2024-08-29T16:27:48.686683,interface,0.18110236220472442,0.5905511811023622,0.4015748031496063,0.6220472440944882,0.0,0.6614173228346457,0.0,0.0
2024-08-29T16:27:48.687967,interface,0.18110236220472442,0.5905511811023622,0.4015748031496063,0.6220472440944882,0.0,0.6614173228346457,0.0,0.0
2024-08-29T16:27:48.698403,interface,0.18110236220472442,0.5905511811023622,0.4015748031496063,0.6220472440944882,0.0,0.6535433070866141,0.0,0.0
2024-08-29T16:27:48.706883,interface,0.18110236220472442,0.5905511811023622,0.4015748031496063,0.6220472440944882,0.0,0.6535433070866141,0.0,0.0
2024-08-29T16:27:48.724349,interface,0.18110236220472442,0.5905511811023622,0.4015748031496063,0.6220472440944882,0.0,0.6456692913385826,0.0,0.0
2024-08-29T16:27:49.048792,interface,0.18110236220472442,0.5905511811023622,0.4015748031496063,0.6220472440944882,0.0,0.6456692913385826,0.0,0.0
2024-08-29T16:27:49.064915,interface,0.18110236220472442,0.5905511811023622,0.4015748031496063,0.6220472440944882,0.0,0.6377952755905512,0.0,0.0
2024-08-29T16:27:49.081166,interface,0.18110236220472442,0.5905511811023622,0.4015748031496063,0.6220472440944882,0.0,0.6377952755905512,0.0,0.0
2024-08-29T16:27:49.096904,interface,0.18110236220472442,0.5905511811023622,0.4015748031496063,0.6220472440944882,0.0,0.6299212598425197,0.0,0.0
2024-08-29T16:27:49.112949,interface,0.18110236220472442,0.5905511811023622,0.4015748031496063,0.6220472440944882,0.0,0.6220472440944882,0.0,0.0
2024-08-29T16:27:49.128869,interface,0.18110236220472442,0.5905511811023622,0.4015748031496063,0.6220472440944882,0.0,0.6220472440944882,0.0,0.0
2024-08-29T16:27:49.144969,interface,0.18110236220472442,0.5905511811023622,0.4015748031496063,0.6220472440944882,0.0,0.6141732283464567,0.0,0.0
2024-08-29T16:27:49.161270,interface,0.18110236220472442,0.5905511811023622,0.4015748031496063,0.6220472440944882,0.0,0.6062992125984252,0.0,0.0
2024-08-29T16:27:49.176866,interface,0.18110236220472442,0.5905511811023622,0.4015748031496063,0.6220472440944882,0.0,0.5984251968503937,0.0,0.0
2024-08-29T16:27:49.192858,interface,0.18110236220472442,0.5905511811023622,0.4015748031496063,0.6220472440944882,0.0,0.5905511811023622,0.0,0.0
2024-08-29T16:27:49.206195,interface,0.18110236220472442,0.5905511811023622,0.4015748031496063,0.6220472440944882,0.0,0.5905511811023622,0.0,0.0
2024-08-29T16:27:49.207453,interface,0.18110236220472442,0.5905511811023622,0.4015748031496063,0.6220472440944882,0.0,0.5826771653543307,0.0,0.0
2024-08-29T16:27:49.212741,interface,0.18110236220472442,0.5905511811023622,0.4015748031496063,0.6220472440944882,0.0,0.5826771653543307,0.0,0.0
2024-08-29T16:27:49.225941,interface,0.18110236220472442,0.5905511811023622,0.4015748031496063,0.6220472440944882,0.0,0.5748031496062992,0.0,0.0
2024-08-29T16:27:49.236468,interface,0.18110236220472442,0.5905511811023622,0.4015748031496063,0.6220472440944882,0.0,0.5748031496062992,0.0,0.0
2024-08-29T16:27:49.247076,interface,0.18110236220472442,0.5905511811023622,0.4015748031496063,0.6220472440944882,0.0,0.5669291338582677,0.0,0.0
2024-08-29T16:27:49.248231,interface,0.18110236220472442,0.5905511811023622,0.4015748031496063,0.6220472440944882,0.0,0.5590551181102362,0.0,0.0
2024-08-29T16:27:49.253367,interface,0.18110236220472442,0.5905511811023622,0.4015748031496063,0.6220472440944882,0.0,0.5590551181102362,0.0,0.0
2024-08-29T16:27:49.266498,interface,0.18110236220472442,0.5905511811023622,0.4015748031496063,0.6220472440944882,0.0,0.5511811023622047,0.0,0.0
2024-08-29T16:27:49.281696,interface,0.18110236220472442,0.5905511811023622,0.4015748031496063,0.6220472440944882,0.0,0.5511811023622047,0.0,0.0
2024-08-29T16:27:49.283011,interface,0.18110236220472442,0.5905511811023622,0.4015748031496063,0.6220472440944882,0.0,0.5433070866141733,0.0,0.0
2024-08-29T16:27:49.284145,interface,0.18110236220472442,0.5905511811023622,0.4015748031496063,0.6220472440944882,0.0,0.5354330708661418,0.0,0.0
2024-08-29T16:27:49.297404,interface,0.18110236220472442,0.5905511811023622,0.4015748031496063,0.6220472440944882,0.0,0.5354330708661418,0.0,0.0
2024-08-29T16:27:49.313450,interface,0.18110236220472442,0.5905511811023622,0.4015748031496063,0.6220472440944882,0.0,0.5275590551181102,0.0,0.0
2024-08-29T16:27:49.332449,interface,0.18110236220472442,0.5905511811023622,0.4015748031496063,0.6220472440944882,0.0,0.5275590551181102,0.0,0.0
2024-08-29T16:27:49.346583,interface,0.18110236220472442,0.5905511811023622,0.4015748031496063,0.6220472440944882,0.0,0.5196850393700787,0.0,0.0
2024-08-29T16:27:49.361513,interface,0.18110236220472442,0.5905511811023622,0.4015748031496063,0.6220472440944882,0.0,0.5118110236220472,0.0,0.0
2024-08-29T16:27:49.878865,interface,0.18110236220472442,0.5905511811023622,0.4015748031496063,0.6220472440944882,0.0,0.5196850393700787,0.0,0.0
2024-08-29T16:27:49.894950,interface,0.18110236220472442,0.5905511811023622,0.4015748031496063,0.6220472440944882,0.0,0.5275590551181102,0.0,0.0
2024-08-29T16:27:49.911246,interface,0.18110236220472442,0.5905511811023622,0.4015748031496063,0.6220472440944882,0.0,0.5275590551181102,0.0,0.0
2024-08-29T16:27:49.934705,interface,0.18110236220472442,0.5905511811023622,0.4015748031496063,0.6220472440944882,0.0,0.5354330708661418,0.0,0.0
2024-08-29T16:27:49.950943,interface,0.18110236220472442,0.5905511811023622,0.4015748031496063,0.6220472440944882,0.0,0.5433070866141733,0.0,0.0
2024-08-29T16:27:49.966936,interface,0.18110236220472442,0.5905511811023622,0.4015748031496063,0.6220472440944882,0.0,0.5511811023622047,0.0,0.0
2024-08-29T16:27:49.976461,interface,0.18110236220472442,0.5905511811023622,0.4015748031496063,0.6220472440944882,0.0,0.5511811023622047,0.0,0.0
2024-08-29T16:27:49.986612,interface,0.18110236220472442,0.5905511811023622,0.4015748031496063,0.6220472440944882,0.0,0.5590551181102362,0.0,0.0
2024-08-29T16:27:49.997186,interface,0.18110236220472442,0.5905511811023622,0.4015748031496063,0.6220472440944882,0.0,0.5590551181102362,0.0,0.0
2024-08-29T16:27:49.998324,interface,0.18110236220472442,0.5905511811023622,0.4015748031496063,0.6220472440944882,0.0,0.5669291338582677,0.0,0.0
2024-08-29T16:27:50.003706,interface,0.18110236220472442,0.5905511811023622,0.4015748031496063,0.6220472440944882,0.0,0.5669291338582677,0.0,0.0
2024-08-29T16:27:50.016080,interface,0.18110236220472442,0.5905511811023622,0.4015748031496063,0.6220472440944882,0.0,0.5748031496062992,0.0,0.0
2024-08-29T16:27:50.029697,interface,0.18110236220472442,0.5905511811023622,0.4015748031496063,0.6220472440944882,0.0,0.5748031496062992,0.0,0.0
2024-08-29T16:27:50.033171,interface,0.18110236220472442,0.5905511811023622,0.4015748031496063,0.6220472440944882,0.0,0.5826771653543307,0.0,0.0
2024-08-29T16:27:50.034477,interface,0.18110236220472442,0.5905511811023622,0.4015748031496063,0.6220472440944882,0.0,0.5905511811023622,0.0,0.0
2024-08-29T16:27:50.047388,interface,0.18110236220472442,0.5905511811023622,0.4015748031496063,0.6220472440944882,0.0,0.5984251968503937,0.0,0.0
2024-08-29T16:27:50.056173,interface,0.18110236220472442,0.5905511811023622,0.4015748031496063,0.6220472440944882,0.0,0.5984251968503937,0.0,0.0
2024-08-29T16:27:50.065848,interface,0.18110236220472442,0.5905511811023622,0.4015748031496063,0.6220472440944882,0.0,0.6062992125984252,0.0,0.0
2024-08-29T16:27:50.076657,interface,0.18110236220472442,0.5905511811023622,0.4015748031496063,0.6220472440944882,0.0,0.6141732283464567,0.0,0.0
2024-08-29T16:27:50.077788,interface,0.18110236220472442,0.5905511811023622,0.4015748031496063,0.6220472440944882,0.0,0.6299212598425197,0.0,0.0
2024-08-29T16:27:50.083136,interface,0.18110236220472442,0.5905511811023622,0.4015748031496063,0.6220472440944882,0.0,0.6377952755905512,0.0,0.0
2024-08-29T16:27:50.096074,interface,0.18110236220472442,0.5905511811023622,0.4015748031496063,0.6220472440944882,0.0,0.6456692913385826,0.0,0.0
2024-08-29T16:27:50.099618,interface,0.18110236220472442,0.5905511811023622,0.4015748031496063,0.6220472440944882,0.0,0.6535433070866141,0.0,0.0
2024-08-29T16:27:50.116587,interface,0.18110236220472442,0.5905511811023622,0.4015748031496063,0.6220472440944882,0.0,0.6614173228346457,0.0,0.0
2024-08-29T16:27:50.117785,interface,0.18110236220472442,0.5905511811023622,0.4015748031496063,0.6220472440944882,0.0,0.6692913385826772,0.0,0.0
2024-08-29T16:27:50.128417,interface,0.18110236220472442,0.5905511811023622,0.4015748031496063,0.6220472440944882,0.0,0.6771653543307087,0.0,0.0
2024-08-29T16:27:50.131920,interface,0.18110236220472442,0.5905511811023622,0.4015748031496063,0.6220472440944882,0.0,0.6850393700787402,0.0,0.0
2024-08-29T16:27:50.145844,interface,0.18110236220472442,0.5905511811023622,0.4015748031496063,0.6220472440944882,0.0,0.6929133858267716,0.0,0.0
2024-08-29T16:27:50.156126,interface,0.18110236220472442,0.5905511811023622,0.4015748031496063,0.6220472440944882,0.0,0.6929133858267716,0.0,0.0
2024-08-29T16:27:50.166964,interface,0.18110236220472442,0.5905511811023622,0.4015748031496063,0.6220472440944882,0.0,0.7007874015748031,0.0,0.0
2024-08-29T16:27:50.459346,interface,0.18110236220472442,0.5905511811023622,0.4015748031496063,0.6220472440944882,0.0,0.6929133858267716,0.0,0.0
2024-08-29T16:27:50.475403,interface,0.18110236220472442,0.5905511811023622,0.4015748031496063,0.6220472440944882,0.0,0.6929133858267716,0.0,0.0
2024-08-29T16:27:50.491446,interface,0.18110236220472442,0.5905511811023622,0.4015748031496063,0.6220472440944882,0.0,0.6850393700787402,0.0,0.0
2024-08-29T16:27:50.507384,interface,0.18110236220472442,0.5905511811023622,0.4015748031496063,0.6220472440944882,0.0,0.6771653543307087,0.0,0.0
2024-08-29T16:27:50.523438,interface,0.18110236220472442,0.5905511811023622,0.4015748031496063,0.6220472440944882,0.0,0.6692913385826772,0.0,0.0
2024-08-29T16:27:50.539416,interface,0.18110236220472442,0.5905511811023622,0.4015748031496063,0.6220472440944882,0.0,0.6692913385826772,0.0,0.0
2024-08-29T16:27:50.542667,interface,0.18110236220472442,0.5905511811023622,0.4015748031496063,0.6220472440944882,0.0,0.6614173228346457,0.0,0.0
2024-08-29T16:27:50.558838,interface,0.18110236220472442,0.5905511811023622,0.4015748031496063,0.6220472440944882,0.0,0.6535433070866141,0.0,0.0
2024-08-29T16:27:50.574866,interface,0.18110236220472442,0.5905511811023622,0.4015748031496063,0.6220472440944882,0.0,0.6535433070866141,0.0,0.0
2024-08-29T16:27:50.603351,interface,0.18110236220472442,0.5905511811023622,0.4015748031496063,0.6220472440944882,0.0,0.6456692913385826,0.0,0.0
2024-08-29T16:27:50.634302,interface,0.18110236220472442,0.5905511811023622,0.4015748031496063,0.6220472440944882,0.0,0.6377952755905512,0.0,0.0
2024-08-29T16:27:50.682210,interface,0.18110236220472442,0.5905511811023622,0.4015748031496063,0.6220472440944882,0.0,0.6377952755905512,0.0,0.0
2024-08-29T16:27:50.702863,interface,0.18110236220472442,0.5905511811023622,0.4015748031496063,0.6220472440944882,0.0,0.6299212598425197,0.0,0.0
2024-08-29T16:27:50.719009,interface,0.18110236220472442,0.5905511811023622,0.4015748031496063,0.6220472440944882,0.0,0.6299212598425197,0.0,0.0
2024-08-29T16:27:50.734999,interface,0.18110236220472442,0.5905511811023622,0.4015748031496063,0.6220472440944882,0.0,0.6220472440944882,0.0,0.0
2024-08-29T16:27:50.751288,interface,0.18110236220472442,0.5905511811023622,0.4015748031496063,0.6220472440944882,0.0,0.6220472440944882,0.0,0.0
2024-08-29T16:27:50.754704,interface,0.18110236220472442,0.5905511811023622,0.4015748031496063,0.6220472440944882,0.0,0.6141732283464567,0.0,0.0
2024-08-29T16:27:50.778402,interface,0.18110236220472442,0.5905511811023622,0.4015748031496063,0.6220472440944882,0.0,0.6141732283464567,0.0,0.0
2024-08-29T16:27:50.794375,interface,0.18110236220472442,0.5905511811023622,0.4015748031496063,0.6220472440944882,0.0,0.6062992125984252,0.0,0.0
2024-08-29T16:27:50.810358,interface,0.18110236220472442,0.5905511811023622,0.4015748031496063,0.6220472440944882,0.0,0.5984251968503937,0.0,0.0
2024-08-29T16:27:50.826876,interface,0.18110236220472442,0.5905511811023622,0.4015748031496063,0.6220472440944882,0.0,0.5984251968503937,0.0,0.0
2024-08-29T16:27:50.841406,interface,0.18110236220472442,0.5905511811023622,0.4015748031496063,0.6220472440944882,0.0,0.5905511811023622,0.0,0.0
2024-08-29T16:27:50.857332,interface,0.18110236220472442,0.5905511811023622,0.4015748031496063,0.6220472440944882,0.0,0.5905511811023622,0.0,0.0
2024-08-29T16:27:50.873331,interface,0.18110236220472442,0.5905511811023622,0.4015748031496063,0.6220472440944882,0.0,0.5826771653543307,0.0,0.0
2024-08-29T16:27:50.889372,interface,0.18110236220472442,0.5905511811023622,0.4015748031496063,0.6220472440944882,0.0,0.5826771653543307,0.0,0.0
2024-08-29T16:27:50.905329,interface,0.18110236220472442,0.5905511811023622,0.4015748031496063,0.6220472440944882,0.0,0.5748031496062992,0.0,0.0
2024-08-29T16:27:50.921366,interface,0.18110236220472442,0.5905511811023622,0.4015748031496063,0.6220472440944882,0.0,0.5748031496062992,0.0,0.0
2024-08-29T16:27:50.937450,interface,0.18110236220472442,0.5905511811023622,0.4015748031496063,0.6220472440944882,0.0,0.5669291338582677,0.0,0.0
2024-08-29T16:27:50.953414,interface,0.18110236220472442,0.5905511811023622,0.4015748031496063,0.6220472440944882,0.0,0.5669291338582677,0.0,0.0
2024-08-29T16:27:50.969421,interface,0.18110236220472442,0.5905511811023622,0.4015748031496063,0.6220472440944882,0.0,0.5590551181102362,0.0,0.0
2024-08-29T16:27:50.985669,interface,0.18110236220472442,0.5905511811023622,0.4015748031496063,0.6220472440944882,0.0,0.5590551181102362,0.0,0.0
2024-08-29T16:27:51.001555,interface,0.18110236220472442,0.5905511811023622,0.4015748031496063,0.6220472440944882,0.0,0.5511811023622047,0.0,0.0
2024-08-29T16:27:51.017433,interface,0.18110236220472442,0.5905511811023622,0.4015748031496063,0.6220472440944882,0.0,0.5511811023622047,0.0,0.0
2024-08-29T16:27:51.033530,interface,0.18110236220472442,0.5905511811023622,0.4015748031496063,0.6220472440944882,0.0,0.5433070866141733,0.0,0.0
2024-08-29T16:27:51.055050,interface,0.18110236220472442,0.5905511811023622,0.4015748031496063,0.6220472440944882,0.0,0.5433070866141733,0.0,0.0
2024-08-29T16:27:51.071202,interface,0.18110236220472442,0.5905511811023622,0.4015748031496063,0.6220472440944882,0.0,0.5354330708661418,0.0,0.0
2024-08-29T16:27:51.087240,interface,0.18110236220472442,0.5905511811023622,0.4015748031496063,0.6220472440944882,0.0,0.5275590551181102,0.0,0.0
2024-08-29T16:27:51.103163,interface,0.18110236220472442,0.5905511811023622,0.4015748031496063,0.6220472440944882,0.0,0.5275590551181102,0.0,0.0
2024-08-29T16:27:51.116129,interface,0.18110236220472442,0.5905511811023622,0.4015748031496063,0.6220472440944882,0.0,0.5196850393700787,0.0,0.0
2024-08-29T16:27:51.127004,interface,0.18110236220472442,0.5905511811023622,0.4015748031496063,0.6220472440944882,0.0,0.5118110236220472,0.0,0.0
2024-08-29T16:27:51.136313,interface,0.18110236220472442,0.5905511811023622,0.4015748031496063,0.6220472440944882,0.0,0.5118110236220472,0.0,0.0
2024-08-29T16:27:51.146501,interface,0.18110236220472442,0.5905511811023622,0.4015748031496063,0.6220472440944882,0.0,0.5039370078740157,0.0,0.0
2024-08-29T16:27:51.160549,interface,0.18110236220472442,0.5905511811023622,0.4015748031496063,0.6220472440944882,0.0,0.5039370078740157,0.0,0.0
2024-08-29T16:27:51.161878,interface,0.18110236220472442,0.5905511811023622,0.4015748031496063,0.6220472440944882,0.0,0.49606299212598426,0.0,0.0
2024-08-29T16:27:51.162944,interface,0.18110236220472442,0.5905511811023622,0.4015748031496063,0.6220472440944882,0.0,0.49606299212598426,0.0,0.0
2024-08-29T16:27:51.176963,interface,0.18110236220472442,0.5905511811023622,0.4015748031496063,0.6220472440944882,0.0,0.4881889763779528,0.0,0.0
2024-08-29T16:27:51.186513,interface,0.18110236220472442,0.5905511811023622,0.4015748031496063,0.6220472440944882,0.0,0.48031496062992124,0.0,0.0
2024-08-29T16:27:51.196223,interface,0.18110236220472442,0.5905511811023622,0.4015748031496063,0.6220472440944882,0.0,0.48031496062992124,0.0,0.0
2024-08-29T16:27:51.197517,interface,0.18110236220472442,0.5905511811023622,0.4015748031496063,0.6220472440944882,0.0,0.47244094488188976,0.0,0.0
2024-08-29T16:27:51.202862,interface,0.18110236220472442,0.5905511811023622,0.4015748031496063,0.6220472440944882,0.0,0.47244094488188976,0.0,0.0
2024-08-29T16:27:51.216513,interface,0.18110236220472442,0.5905511811023622,0.4015748031496063,0.6220472440944882,0.0,0.4645669291338583,0.0,0.0
2024-08-29T16:27:51.226856,interface,0.18110236220472442,0.5905511811023622,0.4015748031496063,0.6220472440944882,0.0,0.4566929133858268,0.0,0.0
2024-08-29T16:27:51.236838,interface,0.18110236220472442,0.5905511811023622,0.4015748031496063,0.6220472440944882,0.0,0.44881889763779526,0.0,0.0
2024-08-29T16:27:51.237965,interface,0.18110236220472442,0.5905511811023622,0.4015748031496063,0.6220472440944882,0.0,0.44881889763779526,0.0,0.0
2024-08-29T16:27:51.243381,interface,0.18110236220472442,0.5905511811023622,0.4015748031496063,0.6220472440944882,0.0,0.4409448818897638,0.0,0.0
2024-08-29T16:27:51.256619,interface,0.18110236220472442,0.5905511811023622,0.4015748031496063,0.6220472440944882,0.0,0.4330708661417323,0.0,0.0
2024-08-29T16:27:51.266170,interface,0.18110236220472442,0.5905511811023622,0.4015748031496063,0.6220472440944882,0.0,0.4330708661417323,0.0,0.0
2024-08-29T16:27:51.276730,interface,0.18110236220472442,0.5905511811023622,0.4015748031496063,0.6220472440944882,0.0,0.4251968503937008,0.0,0.0
2024-08-29T16:27:51.277947,interface,0.18110236220472442,0.5905511811023622,0.4015748031496063,0.6220472440944882,0.0,0.41732283464566927,0.0,0.0
2024-08-29T16:27:51.283330,interface,0.18110236220472442,0.5905511811023622,0.4015748031496063,0.6220472440944882,0.0,0.4094488188976378,0.0,0.0
2024-08-29T16:27:51.295806,interface,0.18110236220472442,0.5905511811023622,0.4015748031496063,0.6220472440944882,0.0,0.4015748031496063,0.0,0.0
2024-08-29T16:27:51.305840,interface,0.18110236220472442,0.5905511811023622,0.4015748031496063,0.6220472440944882,0.0,0.3937007874015748,0.0,0.0
2024-08-29T16:27:51.319586,interface,0.18110236220472442,0.5905511811023622,0.4015748031496063,0.6220472440944882,0.0,0.3937007874015748,0.0,0.0
2024-08-29T16:27:51.320724,interface,0.18110236220472442,0.5905511811023622,0.4015748031496063,0.6220472440944882,0.0,0.3779527559055118,0.0,0.0
2024-08-29T16:27:51.323954,interface,0.18110236220472442,0.5905511811023622,0.4015748031496063,0.6220472440944882,0.0,0.3779527559055118,0.0,0.0
2024-08-29T16:27:51.336987,interface,0.18110236220472442,0.5905511811023622,0.4015748031496063,0.6220472440944882,0.0,0.36220472440944884,0.0,0.0
2024-08-29T16:27:51.346316,interface,0.18110236220472442,0.5905511811023622,0.4015748031496063,0.6220472440944882,0.0,0.3543307086614173,0.0,0.0
2024-08-29T16:27:51.356242,interface,0.18110236220472442,0.5905511811023622,0.4015748031496063,0.6220472440944882,0.0,0.3464566929133858,0.0,0.0
2024-08-29T16:27:51.357451,interface,0.18110236220472442,0.5905511811023622,0.4015748031496063,0.6220472440944882,0.0,0.33858267716535434,0.0,0.0
2024-08-29T16:27:51.362778,interface,0.18110236220472442,0.5905511811023622,0.4015748031496063,0.6220472440944882,0.0,0.33070866141732286,0.0,0.0
2024-08-29T16:27:51.376273,interface,0.18110236220472442,0.5905511811023622,0.4015748031496063,0.6220472440944882,0.0,0.3228346456692913,0.0,0.0
2024-08-29T16:27:51.386578,interface,0.18110236220472442,0.5905511811023622,0.4015748031496063,0.6220472440944882,0.0,0.30708661417322836,0.0,0.0
2024-08-29T16:27:51.397739,interface,0.18110236220472442,0.5905511811023622,0.4015748031496063,0.6220472440944882,0.0,0.2992125984251969,0.0,0.0
2024-08-29T16:27:51.398871,interface,0.18110236220472442,0.5905511811023622,0.4015748031496063,0.6220472440944882,0.0,0.29133858267716534,0.0,0.0
2024-08-29T16:27:51.404255,interface,0.18110236220472442,0.5905511811023622,0.4015748031496063,0.6220472440944882,0.0,0.28346456692913385,0.0,0.0
2024-08-29T16:27:51.416954,interface,0.18110236220472442,0.5905511811023622,0.4015748031496063,0.6220472440944882,0.0,0.2677165354330709,0.0,0.0
2024-08-29T16:27:51.431605,interface,0.18110236220472442,0.5905511811023622,0.4015748031496063,0.6220472440944882,0.0,0.25984251968503935,0.0,0.0
2024-08-29T16:27:51.432736,interface,0.18110236220472442,0.5905511811023622,0.4015748031496063,0.6220472440944882,0.0,0.25196850393700787,0.0,0.0
2024-08-29T16:27:51.436345,interface,0.18110236220472442,0.5905511811023622,0.4015748031496063,0.6220472440944882,0.0,0.2440944881889764,0.0,0.0
2024-08-29T16:27:51.447830,interface,0.18110236220472442,0.5905511811023622,0.4015748031496063,0.6220472440944882,0.0,0.23622047244094488,0.0,0.0
2024-08-29T16:27:51.456592,interface,0.18110236220472442,0.5905511811023622,0.4015748031496063,0.6220472440944882,0.0,0.2283464566929134,0.0,0.0
2024-08-29T16:27:51.465921,interface,0.18110236220472442,0.5905511811023622,0.4015748031496063,0.6220472440944882,0.0,0.2125984251968504,0.0,0.0
2024-08-29T16:27:51.476458,interface,0.18110236220472442,0.5905511811023622,0.4015748031496063,0.6220472440944882,0.0,0.2047244094488189,0.0,0.0
2024-08-29T16:27:51.477593,interface,0.18110236220472442,0.5905511811023622,0.4015748031496063,0.6220472440944882,0.0,0.1968503937007874,0.0,0.0
2024-08-29T16:27:51.482907,interface,0.18110236220472442,0.5905511811023622,0.4015748031496063,0.6220472440944882,0.0,0.1889763779527559,0.0,0.0
2024-08-29T16:27:51.496932,interface,0.18110236220472442,0.5905511811023622,0.4015748031496063,0.6220472440944882,0.0,0.18110236220472442,0.0,0.0
2024-08-29T16:27:51.510667,interface,0.18110236220472442,0.5905511811023622,0.4015748031496063,0.6220472440944882,0.0,0.1732283464566929,0.0,0.0
2024-08-29T16:27:51.511841,interface,0.18110236220472442,0.5905511811023622,0.4015748031496063,0.6220472440944882,0.0,0.1732283464566929,0.0,0.0
2024-08-29T16:27:51.515322,interface,0.18110236220472442,0.5905511811023622,0.4015748031496063,0.6220472440944882,0.0,0.16535433070866143,0.0,0.0
2024-08-29T16:27:51.527138,interface,0.18110236220472442,0.5905511811023622,0.4015748031496063,0.6220472440944882,0.0,0.15748031496062992,0.0,0.0
2024-08-29T16:27:51.536239,interface,0.18110236220472442,0.5905511811023622,0.4015748031496063,0.6220472440944882,0.0,0.14960629921259844,0.0,0.0
2024-08-29T16:27:51.546908,interface,0.18110236220472442,0.5905511811023622,0.4015748031496063,0.6220472440944882,0.0,0.14173228346456693,0.0,0.0
2024-08-29T16:27:51.556705,interface,0.18110236220472442,0.5905511811023622,0.4015748031496063,0.6220472440944882,0.0,0.14173228346456693,0.0,0.0
2024-08-29T16:27:51.557846,interface,0.18110236220472442,0.5905511811023622,0.4015748031496063,0.6220472440944882,0.0,0.13385826771653545,0.0,0.0
2024-08-29T16:27:51.563313,interface,0.18110236220472442,0.5905511811023622,0.4015748031496063,0.6220472440944882,0.0,0.12598425196850394,0.0,0.0
2024-08-29T16:27:51.576029,interface,0.18110236220472442,0.5905511811023622,0.4015748031496063,0.6220472440944882,0.0,0.11811023622047244,0.0,0.0
2024-08-29T16:27:51.590410,interface,0.18110236220472442,0.5905511811023622,0.4015748031496063,0.6220472440944882,0.0,0.11023622047244094,0.0,0.0
2024-08-29T16:27:51.591766,interface,0.18110236220472442,0.5905511811023622,0.4015748031496063,0.6220472440944882,0.0,0.11023622047244094,0.0,0.0
2024-08-29T16:27:51.595315,interface,0.18110236220472442,0.5905511811023622,0.4015748031496063,0.6220472440944882,0.0,0.10236220472440945,0.0,0.0
2024-08-29T16:27:51.607150,interface,0.18110236220472442,0.5905511811023622,0.4015748031496063,0.6220472440944882,0.0,0.09448818897637795,0.0,0.0
2024-08-29T16:27:51.615821,interface,0.18110236220472442,0.5905511811023622,0.4015748031496063,0.6220472440944882,0.0,0.09448818897637795,0.0,0.0
2024-08-29T16:27:51.626045,interface,0.18110236220472442,0.5905511811023622,0.4015748031496063,0.6220472440944882,0.0,0.08661417322834646,0.0,0.0
2024-08-29T16:27:51.629573,interface,0.18110236220472442,0.5905511811023622,0.4015748031496063,0.6220472440944882,0.0,0.07874015748031496,0.0,0.0
2024-08-29T16:27:51.639190,interface,0.18110236220472442,0.5905511811023622,0.4015748031496063,0.6220472440944882,0.0,0.07086614173228346,0.0,0.0
2024-08-29T16:27:51.647809,interface,0.18110236220472442,0.5905511811023622,0.4015748031496063,0.6220472440944882,0.0,0.07086614173228346,0.0,0.0
2024-08-29T16:27:51.651227,interface,0.18110236220472442,0.5905511811023622,0.4015748031496063,0.6220472440944882,0.0,0.06299212598425197,0.0,0.0
2024-08-29T16:27:51.669379,interface,0.18110236220472442,0.5905511811023622,0.4015748031496063,0.6220472440944882,0.0,0.05511811023622047,0.0,0.0
2024-08-29T16:27:51.672685,interface,0.18110236220472442,0.5905511811023622,0.4015748031496063,0.6220472440944882,0.0,0.05511811023622047,0.0,0.0
2024-08-29T16:27:51.676162,interface,0.18110236220472442,0.5905511811023622,0.4015748031496063,0.6220472440944882,0.0,0.047244094488188976,0.0,0.0
2024-08-29T16:27:51.687216,interface,0.18110236220472442,0.5905511811023622,0.4015748031496063,0.6220472440944882,0.0,0.047244094488188976,0.0,0.0
2024-08-29T16:27:51.695985,interface,0.18110236220472442,0.5905511811023622,0.4015748031496063,0.6220472440944882,0.0,0.03937007874015748,0.0,0.0
2024-08-29T16:27:51.706737,interface,0.18110236220472442,0.5905511811023622,0.4015748031496063,0.6220472440944882,0.0,0.03937007874015748,0.0,0.0
2024-08-29T16:27:51.719171,interface,0.18110236220472442,0.5905511811023622,0.4015748031496063,0.6220472440944882,0.0,0.031496062992125984,0.0,0.0
2024-08-29T16:27:51.734999,interface,0.18110236220472442,0.5905511811023622,0.4015748031496063,0.6220472440944882,0.0,0.023622047244094488,0.0,0.0
2024-08-29T16:27:51.751189,interface,0.18110236220472442,0.5905511811023622,0.4015748031496063,0.6220472440944882,0.0,0.023622047244094488,0.0,0.0
2024-08-29T16:27:51.754727,interface,0.18110236220472442,0.5905511811023622,0.4015748031496063,0.6220472440944882,0.0,0.015748031496062992,0.0,0.0
2024-08-29T16:27:51.775535,interface,0.18110236220472442,0.5905511811023622,0.4015748031496063,0.6220472440944882,0.0,0.007874015748031496,0.0,0.0
2024-08-29T16:27:51.815917,interface,0.18110236220472442,0.5905511811023622,0.4015748031496063,0.6220472440944882,0.0,0.007874015748031496,0.0,0.0
2024-08-29T16:27:52.087370,interface,0.18110236220472442,0.5905511811023622,0.4015748031496063,0.6220472440944882,0.0,0.007874015748031496,0.0,0.0
2024-08-29T16:27:52.096449,interface,0.18110236220472442,0.5905511811023622,0.4015748031496063,0.6220472440944882,0.0,0.015748031496062992,0.0,0.0
2024-08-29T16:27:52.106250,interface,0.18110236220472442,0.5905511811023622,0.4015748031496063,0.6220472440944882,0.0,0.023622047244094488,0.0,0.0
2024-08-29T16:27:52.116927,interface,0.18110236220472442,0.5905511811023622,0.4015748031496063,0.6220472440944882,0.0,0.023622047244094488,0.0,0.0
2024-08-29T16:27:52.118056,interface,0.18110236220472442,0.5905511811023622,0.4015748031496063,0.6220472440944882,0.0,0.031496062992125984,0.0,0.0
2024-08-29T16:27:52.123497,interface,0.18110236220472442,0.5905511811023622,0.4015748031496063,0.6220472440944882,0.0,0.031496062992125984,0.0,0.0
2024-08-29T16:27:52.135851,interface,0.18110236220472442,0.5905511811023622,0.4015748031496063,0.6220472440944882,0.0,0.03937007874015748,0.0,0.0
2024-08-29T16:27:52.146950,interface,0.18110236220472442,0.5905511811023622,0.4015748031496063,0.6220472440944882,0.0,0.047244094488188976,0.0,0.0
2024-08-29T16:27:52.156239,interface,0.18110236220472442,0.5905511811023622,0.4015748031496063,0.6220472440944882,0.0,0.05511811023622047,0.0,0.0
2024-08-29T16:27:52.157487,interface,0.18110236220472442,0.5905511811023622,0.4015748031496063,0.6220472440944882,0.0,0.06299212598425197,0.0,0.0
2024-08-29T16:27:52.162748,interface,0.18110236220472442,0.5905511811023622,0.4015748031496063,0.6220472440944882,0.0,0.07086614173228346,0.0,0.0
2024-08-29T16:27:52.179496,interface,0.18110236220472442,0.5905511811023622,0.4015748031496063,0.6220472440944882,0.0,0.07874015748031496,0.0,0.0
2024-08-29T16:27:52.182863,interface,0.18110236220472442,0.5905511811023622,0.4015748031496063,0.6220472440944882,0.0,0.09448818897637795,0.0,0.0
2024-08-29T16:27:52.196415,interface,0.18110236220472442,0.5905511811023622,0.4015748031496063,0.6220472440944882,0.0,0.10236220472440945,0.0,0.0
2024-08-29T16:27:52.199690,interface,0.18110236220472442,0.5905511811023622,0.4015748031496063,0.6220472440944882,0.0,0.11023622047244094,0.0,0.0
2024-08-29T16:27:52.203176,interface,0.18110236220472442,0.5905511811023622,0.4015748031496063,0.6220472440944882,0.0,0.12598425196850394,0.0,0.0
2024-08-29T16:27:52.217106,interface,0.18110236220472442,0.5905511811023622,0.4015748031496063,0.6220472440944882,0.0,0.14173228346456693,0.0,0.0
2024-08-29T16:27:52.226526,interface,0.18110236220472442,0.5905511811023622,0.4015748031496063,0.6220472440944882,0.0,0.14960629921259844,0.0,0.0
2024-08-29T16:27:52.235933,interface,0.18110236220472442,0.5905511811023622,0.4015748031496063,0.6220472440944882,0.0,0.15748031496062992,0.0,0.0
2024-08-29T16:27:52.237196,interface,0.18110236220472442,0.5905511811023622,0.4015748031496063,0.6220472440944882,0.0,0.1732283464566929,0.0,0.0
2024-08-29T16:27:52.247514,interface,0.18110236220472442,0.5905511811023622,0.4015748031496063,0.6220472440944882,0.0,0.18110236220472442,0.0,0.0
2024-08-29T16:27:52.256789,interface,0.18110236220472442,0.5905511811023622,0.4015748031496063,0.6220472440944882,0.0,0.1889763779527559,0.0,0.0
2024-08-29T16:27:52.265786,interface,0.18110236220472442,0.5905511811023622,0.4015748031496063,0.6220472440944882,0.0,0.1968503937007874,0.0,0.0
2024-08-29T16:27:52.276906,interface,0.18110236220472442,0.5905511811023622,0.4015748031496063,0.6220472440944882,0.0,0.2047244094488189,0.0,0.0
2024-08-29T16:27:52.278033,interface,0.18110236220472442,0.5905511811023622,0.4015748031496063,0.6220472440944882,0.0,0.2125984251968504,0.0,0.0
2024-08-29T16:27:52.283675,interface,0.18110236220472442,0.5905511811023622,0.4015748031496063,0.6220472440944882,0.0,0.2204724409448819,0.0,0.0
2024-08-29T16:27:52.295881,interface,0.18110236220472442,0.5905511811023622,0.4015748031496063,0.6220472440944882,0.0,0.2283464566929134,0.0,0.0
2024-08-29T16:27:52.306045,interface,0.18110236220472442,0.5905511811023622,0.4015748031496063,0.6220472440944882,0.0,0.23622047244094488,0.0,0.0
2024-08-29T16:27:52.316116,interface,0.18110236220472442,0.5905511811023622,0.4015748031496063,0.6220472440944882,0.0,0.2440944881889764,0.0,0.0
2024-08-29T16:27:52.317366,interface,0.18110236220472442,0.5905511811023622,0.4015748031496063,0.6220472440944882,0.0,0.25196850393700787,0.0,0.0
2024-08-29T16:27:52.327878,interface,0.18110236220472442,0.5905511811023622,0.4015748031496063,0.6220472440944882,0.0,0.25196850393700787,0.0,0.0
2024-08-29T16:27:52.336694,interface,0.18110236220472442,0.5905511811023622,0.4015748031496063,0.6220472440944882,0.0,0.25984251968503935,0.0,0.0
2024-08-29T16:27:52.346459,interface,0.18110236220472442,0.5905511811023622,0.4015748031496063,0.6220472440944882,0.0,0.2677165354330709,0.0,0.0
2024-08-29T16:27:52.356600,interface,0.18110236220472442,0.5905511811023622,0.4015748031496063,0.6220472440944882,0.0,0.2677165354330709,0.0,0.0
2024-08-29T16:27:52.357726,interface,0.18110236220472442,0.5905511811023622,0.4015748031496063,0.6220472440944882,0.0,0.2755905511811024,0.0,0.0
2024-08-29T16:27:52.375583,interface,0.18110236220472442,0.5905511811023622,0.4015748031496063,0.6220472440944882,0.0,0.28346456692913385,0.0,0.0
2024-08-29T16:27:52.391646,interface,0.18110236220472442,0.5905511811023622,0.4015748031496063,0.6220472440944882,0.0,0.28346456692913385,0.0,0.0
2024-08-29T16:27:52.407598,interface,0.18110236220472442,0.5905511811023622,0.4015748031496063,0.6220472440944882,0.0,0.29133858267716534,0.0,0.0
2024-08-29T16:27:52.416449,interface,0.18110236220472442,0.5905511811023622,0.4015748031496063,0.6220472440944882,0.0,0.2992125984251969,0.0,0.0
2024-08-29T16:27:52.425761,interface,0.18110236220472442,0.5905511811023622,0.4015748031496063,0.6220472440944882,0.0,0.2992125984251969,0.0,0.0
2024-08-29T16:27:52.436706,interface,0.18110236220472442,0.5905511811023622,0.4015748031496063,0.6220472440944882,0.0,0.30708661417322836,0.0,0.0
2024-08-29T16:27:52.437856,interface,0.18110236220472442,0.5905511811023622,0.4015748031496063,0.6220472440944882,0.0,0.31496062992125984,0.0,0.0
2024-08-29T16:27:52.443440,interface,0.18110236220472442,0.5905511811023622,0.4015748031496063,0.6220472440944882,0.0,0.31496062992125984,0.0,0.0
2024-08-29T16:27:52.456463,interface,0.18110236220472442,0.5905511811023622,0.4015748031496063,0.6220472440944882,0.0,0.3228346456692913,0.0,0.0
2024-08-29T16:27:52.466554,interface,0.18110236220472442,0.5905511811023622,0.4015748031496063,0.6220472440944882,0.0,0.33070866141732286,0.0,0.0
2024-08-29T16:27:52.476218,interface,0.18110236220472442,0.5905511811023622,0.4015748031496063,0.6220472440944882,0.0,0.33070866141732286,0.0,0.0
2024-08-29T16:27:52.477465,interface,0.18110236220472442,0.5905511811023622,0.4015748031496063,0.6220472440944882,0.0,0.33858267716535434,0.0,0.0
2024-08-29T16:27:52.487963,interface,0.18110236220472442,0.5905511811023622,0.4015748031496063,0.6220472440944882,0.0,0.33858267716535434,0.0,0.0
2024-08-29T16:27:52.497259,interface,0.18110236220472442,0.5905511811023622,0.4015748031496063,0.6220472440944882,0.0,0.3464566929133858,0.0,0.0
2024-08-29T16:27:52.506476,interface,0.18110236220472442,0.5905511811023622,0.4015748031496063,0.6220472440944882,0.0,0.3543307086614173,0.0,0.0
2024-08-29T16:27:52.516258,interface,0.18110236220472442,0.5905511811023622,0.4015748031496063,0.6220472440944882,0.0,0.3543307086614173,0.0,0.0
2024-08-29T16:27:52.517384,interface,0.18110236220472442,0.5905511811023622,0.4015748031496063,0.6220472440944882,0.0,0.36220472440944884,0.0,0.0
2024-08-29T16:27:52.527848,interface,0.18110236220472442,0.5905511811023622,0.4015748031496063,0.6220472440944882,0.0,0.3700787401574803,0.0,0.0
2024-08-29T16:27:52.536662,interface,0.18110236220472442,0.5905511811023622,0.4015748031496063,0.6220472440944882,0.0,0.3700787401574803,0.0,0.0
2024-08-29T16:27:52.546561,interface,0.18110236220472442,0.5905511811023622,0.4015748031496063,0.6220472440944882,0.0,0.3779527559055118,0.0,0.0
2024-08-29T16:27:52.561510,interface,0.18110236220472442,0.5905511811023622,0.4015748031496063,0.6220472440944882,0.0,0.3858267716535433,0.0,0.0
2024-08-29T16:27:52.562732,interface,0.18110236220472442,0.5905511811023622,0.4015748031496063,0.6220472440944882,0.0,0.3937007874015748,0.0,0.0
2024-08-29T16:27:52.563783,interface,0.18110236220472442,0.5905511811023622,0.4015748031496063,0.6220472440944882,0.0,0.3937007874015748,0.0,0.0
2024-08-29T16:27:52.576825,interface,0.18110236220472442,0.5905511811023622,0.4015748031496063,0.6220472440944882,0.0,0.4015748031496063,0.0,0.0
2024-08-29T16:27:52.580107,interface,0.18110236220472442,0.5905511811023622,0.4015748031496063,0.6220472440944882,0.0,0.4094488188976378,0.0,0.0
2024-08-29T16:27:52.596252,interface,0.18110236220472442,0.5905511811023622,0.4015748031496063,0.6220472440944882,0.0,0.41732283464566927,0.0,0.0
2024-08-29T16:27:52.597434,interface,0.18110236220472442,0.5905511811023622,0.4015748031496063,0.6220472440944882,0.0,0.41732283464566927,0.0,0.0
2024-08-29T16:27:52.602914,interface,0.18110236220472442,0.5905511811023622,0.4015748031496063,0.6220472440944882,0.0,0.4251968503937008,0.0,0.0
2024-08-29T16:27:52.615997,interface,0.18110236220472442,0.5905511811023622,0.4015748031496063,0.6220472440944882,0.0,0.4330708661417323,0.0,0.0
2024-08-29T16:27:52.627586,interface,0.18110236220472442,0.5905511811023622,0.4015748031496063,0.6220472440944882,0.0,0.4409448818897638,0.0,0.0
2024-08-29T16:27:52.636193,interface,0.18110236220472442,0.5905511811023622,0.4015748031496063,0.6220472440944882,0.0,0.44881889763779526,0.0,0.0
2024-08-29T16:27:52.637435,interface,0.18110236220472442,0.5905511811023622,0.4015748031496063,0.6220472440944882,0.0,0.4566929133858268,0.0,0.0
2024-08-29T16:27:52.647907,interface,0.18110236220472442,0.5905511811023622,0.4015748031496063,0.6220472440944882,0.0,0.4566929133858268,0.0,0.0
2024-08-29T16:27:52.656952,interface,0.18110236220472442,0.5905511811023622,0.4015748031496063,0.6220472440944882,0.0,0.4645669291338583,0.0,0.0
2024-08-29T16:27:52.665945,interface,0.18110236220472442,0.5905511811023622,0.4015748031496063,0.6220472440944882,0.0,0.47244094488188976,0.0,0.0
2024-08-29T16:27:52.677525,interface,0.18110236220472442,0.5905511811023622,0.4015748031496063,0.6220472440944882,0.0,0.48031496062992124,0.0,0.0
2024-08-29T16:27:52.678829,interface,0.18110236220472442,0.5905511811023622,0.4015748031496063,0.6220472440944882,0.0,0.48031496062992124,0.0,0.0
2024-08-29T16:27:52.684052,interface,0.18110236220472442,0.5905511811023622,0.4015748031496063,0.6220472440944882,0.0,0.4881889763779528,0.0,0.0
2024-08-29T16:27:52.696031,interface,0.18110236220472442,0.5905511811023622,0.4015748031496063,0.6220472440944882,0.0,0.49606299212598426,0.0,0.0
2024-08-29T16:27:52.706102,interface,0.18110236220472442,0.5905511811023622,0.4015748031496063,0.6220472440944882,0.0,0.49606299212598426,0.0,0.0
2024-08-29T16:27:52.720507,interface,0.18110236220472442,0.5905511811023622,0.4015748031496063,0.6220472440944882,0.0,0.5039370078740157,0.0,0.0
2024-08-29T16:27:52.721825,interface,0.18110236220472442,0.5905511811023622,0.4015748031496063,0.6220472440944882,0.0,0.5118110236220472,0.0,0.0
2024-08-29T16:27:52.722901,interface,0.18110236220472442,0.5905511811023622,0.4015748031496063,0.6220472440944882,0.0,0.5196850393700787,0.0,0.0
2024-08-29T16:27:52.736575,interface,0.18110236220472442,0.5905511811023622,0.4015748031496063,0.6220472440944882,0.0,0.5196850393700787,0.0,0.0
2024-08-29T16:27:52.745952,interface,0.18110236220472442,0.5905511811023622,0.4015748031496063,0.6220472440944882,0.0,0.5275590551181102,0.0,0.0
2024-08-29T16:27:52.756045,interface,0.18110236220472442,0.5905511811023622,0.4015748031496063,0.6220472440944882,0.0,0.5354330708661418,0.0,0.0
2024-08-29T16:27:52.757326,interface,0.18110236220472442,0.5905511811023622,0.4015748031496063,0.6220472440944882,0.0,0.5433070866141733,0.0,0.0
2024-08-29T16:27:52.767751,interface,0.18110236220472442,0.5905511811023622,0.4015748031496063,0.6220472440944882,0.0,0.5511811023622047,0.0,0.0
2024-08-29T16:27:52.771205,interface,0.18110236220472442,0.5905511811023622,0.4015748031496063,0.6220472440944882,0.0,0.5590551181102362,0.0,0.0
2024-08-29T16:27:52.785947,interface,0.18110236220472442,0.5905511811023622,0.4015748031496063,0.6220472440944882,0.0,0.5669291338582677,0.0,0.0
2024-08-29T16:27:52.800539,interface,0.18110236220472442,0.5905511811023622,0.4015748031496063,0.6220472440944882,0.0,0.5748031496062992,0.0,0.0
2024-08-29T16:27:52.801862,interface,0.18110236220472442,0.5905511811023622,0.4015748031496063,0.6220472440944882,0.0,0.5748031496062992,0.0,0.0
2024-08-29T16:27:52.803000,interface,0.18110236220472442,0.5905511811023622,0.4015748031496063,0.6220472440944882,0.0,0.5826771653543307,0.0,0.0
2024-08-29T16:27:52.816757,interface,0.18110236220472442,0.5905511811023622,0.4015748031496063,0.6220472440944882,0.0,0.5905511811023622,0.0,0.0
2024-08-29T16:27:52.827076,interface,0.18110236220472442,0.5905511811023622,0.4015748031496063,0.6220472440944882,0.0,0.5984251968503937,0.0,0.0
2024-08-29T16:27:52.836790,interface,0.18110236220472442,0.5905511811023622,0.4015748031496063,0.6220472440944882,0.0,0.6062992125984252,0.0,0.0
2024-08-29T16:27:52.838106,interface,0.18110236220472442,0.5905511811023622,0.4015748031496063,0.6220472440944882,0.0,0.6141732283464567,0.0,0.0
2024-08-29T16:27:52.843523,interface,0.18110236220472442,0.5905511811023622,0.4015748031496063,0.6220472440944882,0.0,0.6220472440944882,0.0,0.0
2024-08-29T16:27:52.855892,interface,0.18110236220472442,0.5905511811023622,0.4015748031496063,0.6220472440944882,0.0,0.6299212598425197,0.0,0.0
2024-08-29T16:27:52.865907,interface,0.18110236220472442,0.5905511811023622,0.4015748031496063,0.6220472440944882,0.0,0.6377952755905512,0.0,0.0
2024-08-29T16:27:52.880483,interface,0.18110236220472442,0.5905511811023622,0.4015748031496063,0.6220472440944882,0.0,0.6456692913385826,0.0,0.0
2024-08-29T16:27:52.881793,interface,0.18110236220472442,0.5905511811023622,0.4015748031496063,0.6220472440944882,0.0,0.6535433070866141,0.0,0.0
2024-08-29T16:27:52.882870,interface,0.18110236220472442,0.5905511811023622,0.4015748031496063,0.6220472440944882,0.0,0.6614173228346457,0.0,0.0
2024-08-29T16:27:52.896150,interface,0.18110236220472442,0.5905511811023622,0.4015748031496063,0.6220472440944882,0.0,0.6614173228346457,0.0,0.0
2024-08-29T16:27:52.905950,interface,0.18110236220472442,0.5905511811023622,0.4015748031496063,0.6220472440944882,0.0,0.6692913385826772,0.0,0.0
2024-08-29T16:27:52.921622,interface,0.18110236220472442,0.5905511811023622,0.4015748031496063,0.6220472440944882,0.0,0.6771653543307087,0.0,0.0
2024-08-29T16:27:52.923111,interface,0.18110236220472442,0.5905511811023622,0.4015748031496063,0.6220472440944882,0.0,0.6850393700787402,0.0,0.0
2024-08-29T16:27:52.924636,interface,0.18110236220472442,0.5905511811023622,0.4015748031496063,0.6220472440944882,0.0,0.6850393700787402,0.0,0.0
2024-08-29T16:27:52.933101,interface,0.18110236220472442,0.5905511811023622,0.4015748031496063,0.6220472440944882,0.0,0.6929133858267716,0.0,0.0
2024-08-29T16:27:52.946468,interface,0.18110236220472442,0.5905511811023622,0.4015748031496063,0.6220472440944882,0.0,0.7007874015748031,0.0,0.0
2024-08-29T16:27:52.956302,interface,0.18110236220472442,0.5905511811023622,0.4015748031496063,0.6220472440944882,0.0,0.7086614173228346,0.0,0.0
2024-08-29T16:27:52.965490,interface,0.18110236220472442,0.5905511811023622,0.4015748031496063,0.6220472440944882,0.0,0.7165354330708661,0.0,0.0
2024-08-29T16:27:52.966706,interface,0.18110236220472442,0.5905511811023622,0.4015748031496063,0.6220472440944882,0.0,0.7244094488188977,0.0,0.0
2024-08-29T16:27:52.977014,interface,0.18110236220472442,0.5905511811023622,0.4015748031496063,0.6220472440944882,0.0,0.7322834645669292,0.0,0.0
2024-08-29T16:27:52.991599,interface,0.18110236220472442,0.5905511811023622,0.4015748031496063,0.6220472440944882,0.0,0.7322834645669292,0.0,0.0
2024-08-29T16:27:52.992828,interface,0.18110236220472442,0.5905511811023622,0.4015748031496063,0.6220472440944882,0.0,0.7401574803149606,0.0,0.0
2024-08-29T16:27:52.993834,interface,0.18110236220472442,0.5905511811023622,0.4015748031496063,0.6220472440944882,0.0,0.7480314960629921,0.0,0.0
2024-08-29T16:27:53.006950,interface,0.18110236220472442,0.5905511811023622,0.4015748031496063,0.6220472440944882,0.0,0.7480314960629921,0.0,0.0
2024-08-29T16:27:53.016818,interface,0.18110236220472442,0.5905511811023622,0.4015748031496063,0.6220472440944882,0.0,0.7559055118110236,0.0,0.0
2024-08-29T16:27:53.026401,interface,0.18110236220472442,0.5905511811023622,0.4015748031496063,0.6220472440944882,0.0,0.7637795275590551,0.0,0.0
2024-08-29T16:27:53.027684,interface,0.18110236220472442,0.5905511811023622,0.4015748031496063,0.6220472440944882,0.0,0.7716535433070866,0.0,0.0
2024-08-29T16:27:53.033643,interface,0.18110236220472442,0.5905511811023622,0.4015748031496063,0.6220472440944882,0.0,0.7795275590551181,0.0,0.0
2024-08-29T16:27:53.046175,interface,0.18110236220472442,0.5905511811023622,0.4015748031496063,0.6220472440944882,0.0,0.7874015748031497,0.0,0.0
2024-08-29T16:27:53.057911,interface,0.18110236220472442,0.5905511811023622,0.4015748031496063,0.6220472440944882,0.0,0.7874015748031497,0.0,0.0
2024-08-29T16:27:53.071747,interface,0.18110236220472442,0.5905511811023622,0.4015748031496063,0.6220472440944882,0.0,0.7952755905511811,0.0,0.0
2024-08-29T16:27:53.072993,interface,0.18110236220472442,0.5905511811023622,0.4015748031496063,0.6220472440944882,0.0,0.8031496062992126,0.0,0.0
2024-08-29T16:27:53.074010,interface,0.18110236220472442,0.5905511811023622,0.4015748031496063,0.6220472440944882,0.0,0.8031496062992126,0.0,0.0
2024-08-29T16:27:53.086545,interface,0.18110236220472442,0.5905511811023622,0.4015748031496063,0.6220472440944882,0.0,0.8110236220472441,0.0,0.0
2024-08-29T16:27:53.096516,interface,0.18110236220472442,0.5905511811023622,0.4015748031496063,0.6220472440944882,0.0,0.8188976377952756,0.0,0.0
2024-08-29T16:27:53.106486,interface,0.18110236220472442,0.5905511811023622,0.4015748031496063,0.6220472440944882,0.0,0.8267716535433071,0.0,0.0
2024-08-29T16:27:53.107681,interface,0.18110236220472442,0.5905511811023622,0.4015748031496063,0.6220472440944882,0.0,0.8346456692913385,0.0,0.0
2024-08-29T16:27:53.113023,interface,0.18110236220472442,0.5905511811023622,0.4015748031496063,0.6220472440944882,0.0,0.84251968503937,0.0,0.0
2024-08-29T16:27:53.126718,interface,0.18110236220472442,0.5905511811023622,0.4015748031496063,0.6220472440944882,0.0,0.84251968503937,0.0,0.0
2024-08-29T16:27:53.136078,interface,0.18110236220472442,0.5905511811023622,0.4015748031496063,0.6220472440944882,0.0,0.8503937007874016,0.0,0.0
2024-08-29T16:27:53.150492,interface,0.18110236220472442,0.5905511811023622,0.4015748031496063,0.6220472440944882,0.0,0.8582677165354331,0.0,0.0
2024-08-29T16:27:53.151655,interface,0.18110236220472442,0.5905511811023622,0.4015748031496063,0.6220472440944882,0.0,0.8661417322834646,0.0,0.0
2024-08-29T16:27:53.157090,interface,0.18110236220472442,0.5905511811023622,0.4015748031496063,0.6220472440944882,0.0,0.8740157480314961,0.0,0.0
2024-08-29T16:27:53.165547,interface,0.18110236220472442,0.5905511811023622,0.4015748031496063,0.6220472440944882,0.0,0.8740157480314961,0.0,0.0
2024-08-29T16:27:53.176249,interface,0.18110236220472442,0.5905511811023622,0.4015748031496063,0.6220472440944882,0.0,0.8818897637795275,0.0,0.0
2024-08-29T16:27:53.185959,interface,0.18110236220472442,0.5905511811023622,0.4015748031496063,0.6220472440944882,0.0,0.889763779527559,0.0,0.0
2024-08-29T16:27:53.187277,interface,0.18110236220472442,0.5905511811023622,0.4015748031496063,0.6220472440944882,0.0,0.8976377952755905,0.0,0.0
2024-08-29T16:27:53.197656,interface,0.18110236220472442,0.5905511811023622,0.4015748031496063,0.6220472440944882,0.0,0.905511811023622,0.0,0.0
2024-08-29T16:27:53.206228,interface,0.18110236220472442,0.5905511811023622,0.4015748031496063,0.6220472440944882,0.0,0.9133858267716536,0.0,0.0
2024-08-29T16:27:53.216022,interface,0.18110236220472442,0.5905511811023622,0.4015748031496063,0.6220472440944882,0.0,0.9212598425196851,0.0,0.0
2024-08-29T16:27:53.230469,interface,0.18110236220472442,0.5905511811023622,0.4015748031496063,0.6220472440944882,0.0,0.9291338582677166,0.0,0.0
2024-08-29T16:27:53.231809,interface,0.18110236220472442,0.5905511811023622,0.4015748031496063,0.6220472440944882,0.0,0.937007874015748,0.0,0.0
2024-08-29T16:27:53.232906,interface,0.18110236220472442,0.5905511811023622,0.4015748031496063,0.6220472440944882,0.0,0.9448818897637795,0.0,0.0
2024-08-29T16:27:53.246711,interface,0.18110236220472442,0.5905511811023622,0.4015748031496063,0.6220472440944882,0.0,0.9448818897637795,0.0,0.0
2024-08-29T16:27:53.256521,interface,0.18110236220472442,0.5905511811023622,0.4015748031496063,0.6220472440944882,0.0,0.952755905511811,0.0,0.0
2024-08-29T16:27:53.266177,interface,0.18110236220472442,0.5905511811023622,0.4015748031496063,0.6220472440944882,0.0,0.9606299212598425,0.0,0.0
2024-08-29T16:27:53.267514,interface,0.18110236220472442,0.5905511811023622,0.4015748031496063,0.6220472440944882,0.0,0.968503937007874,0.0,0.0
2024-08-29T16:27:53.272845,interface,0.18110236220472442,0.5905511811023622,0.4015748031496063,0.6220472440944882,0.0,0.968503937007874,0.0,0.0
2024-08-29T16:27:53.286751,interface,0.18110236220472442,0.5905511811023622,0.4015748031496063,0.6220472440944882,0.0,0.9763779527559056,0.0,0.0
2024-08-29T16:27:53.296385,interface,0.18110236220472442,0.5905511811023622,0.4015748031496063,0.6220472440944882,0.0,0.9763779527559056,0.0,0.0
2024-08-29T16:27:53.310380,interface,0.18110236220472442,0.5905511811023622,0.4015748031496063,0.6220472440944882,0.0,0.984251968503937,0.0,0.0
2024-08-29T16:27:53.349607,interface,0.18110236220472442,0.5905511811023622,0.4015748031496063,0.6220472440944882,0.0,0.9921259842519685,0.0,0.0
2024-08-29T16:27:53.421485,interface,0.18110236220472442,0.5905511811023622,0.4015748031496063,0.6220472440944882,0.0,0.984251968503937,0.0,0.0
2024-08-29T16:27:53.437468,interface,0.18110236220472442,0.5905511811023622,0.4015748031496063,0.6220472440944882,0.0,0.9763779527559056,0.0,0.0
2024-08-29T16:27:53.446162,interface,0.18110236220472442,0.5905511811023622,0.4015748031496063,0.6220472440944882,0.0,0.968503937007874,0.0,0.0
2024-08-29T16:27:53.455763,interface,0.18110236220472442,0.5905511811023622,0.4015748031496063,0.6220472440944882,0.0,0.9606299212598425,0.0,0.0
2024-08-29T16:27:53.469519,interface,0.18110236220472442,0.5905511811023622,0.4015748031496063,0.6220472440944882,0.0,0.952755905511811,0.0,0.0
2024-08-29T16:27:53.470649,interface,0.18110236220472442,0.5905511811023622,0.4015748031496063,0.6220472440944882,0.0,0.9448818897637795,0.0,0.0
2024-08-29T16:27:53.473858,interface,0.18110236220472442,0.5905511811023622,0.4015748031496063,0.6220472440944882,0.0,0.937007874015748,0.0,0.0
2024-08-29T16:27:53.486727,interface,0.18110236220472442,0.5905511811023622,0.4015748031496063,0.6220472440944882,0.0,0.9212598425196851,0.0,0.0
2024-08-29T16:27:53.496007,interface,0.18110236220472442,0.5905511811023622,0.4015748031496063,0.6220472440944882,0.0,0.9133858267716536,0.0,0.0
2024-08-29T16:27:53.505969,interface,0.18110236220472442,0.5905511811023622,0.4015748031496063,0.6220472440944882,0.0,0.905511811023622,0.0,0.0
2024-08-29T16:27:53.507238,interface,0.18110236220472442,0.5905511811023622,0.4015748031496063,0.6220472440944882,0.0,0.8976377952755905,0.0,0.0
2024-08-29T16:27:53.517663,interface,0.18110236220472442,0.5905511811023622,0.4015748031496063,0.6220472440944882,0.0,0.889763779527559,0.0,0.0
2024-08-29T16:27:53.526255,interface,0.18110236220472442,0.5905511811023622,0.4015748031496063,0.6220472440944882,0.0,0.8818897637795275,0.0,0.0
2024-08-29T16:27:53.536465,interface,0.18110236220472442,0.5905511811023622,0.4015748031496063,0.6220472440944882,0.0,0.8740157480314961,0.0,0.0
2024-08-29T16:27:53.539966,interface,0.18110236220472442,0.5905511811023622,0.4015748031496063,0.6220472440944882,0.0,0.8661417322834646,0.0,0.0
2024-08-29T16:27:53.549624,interface,0.18110236220472442,0.5905511811023622,0.4015748031496063,0.6220472440944882,0.0,0.8582677165354331,0.0,0.0
2024-08-29T16:27:53.553045,interface,0.18110236220472442,0.5905511811023622,0.4015748031496063,0.6220472440944882,0.0,0.8503937007874016,0.0,0.0
2024-08-29T16:27:53.566589,interface,0.18110236220472442,0.5905511811023622,0.4015748031496063,0.6220472440944882,0.0,0.84251968503937,0.0,0.0
2024-08-29T16:27:53.580576,interface,0.18110236220472442,0.5905511811023622,0.4015748031496063,0.6220472440944882,0.0,0.84251968503937,0.0,0.0
2024-08-29T16:27:53.581710,interface,0.18110236220472442,0.5905511811023622,0.4015748031496063,0.6220472440944882,0.0,0.8346456692913385,0.0,0.0
2024-08-29T16:27:53.585244,interface,0.18110236220472442,0.5905511811023622,0.4015748031496063,0.6220472440944882,0.0,0.8346456692913385,0.0,0.0
2024-08-29T16:27:53.597680,interface,0.18110236220472442,0.5905511811023622,0.4015748031496063,0.6220472440944882,0.0,0.8267716535433071,0.0,0.0
2024-08-29T16:27:53.606819,interface,0.18110236220472442,0.5905511811023622,0.4015748031496063,0.6220472440944882,0.0,0.8267716535433071,0.0,0.0
2024-08-29T16:27:53.616407,interface,0.18110236220472442,0.5905511811023622,0.4015748031496063,0.6220472440944882,0.0,0.8188976377952756,0.0,0.0
2024-08-29T16:27:53.627624,interface,0.18110236220472442,0.5905511811023622,0.4015748031496063,0.6220472440944882,0.0,0.8188976377952756,0.0,0.0
2024-08-29T16:27:53.628760,interface,0.18110236220472442,0.5905511811023622,0.4015748031496063,0.6220472440944882,0.0,0.8110236220472441,0.0,0.0
2024-08-29T16:27:53.634103,interface,0.18110236220472442,0.5905511811023622,0.4015748031496063,0.6220472440944882,0.0,0.8031496062992126,0.0,0.0
2024-08-29T16:27:53.646614,interface,0.18110236220472442,0.5905511811023622,0.4015748031496063,0.6220472440944882,0.0,0.8031496062992126,0.0,0.0
2024-08-29T16:27:53.660410,interface,0.18110236220472442,0.5905511811023622,0.4015748031496063,0.6220472440944882,0.0,0.7952755905511811,0.0,0.0
2024-08-29T16:27:53.661729,interface,0.18110236220472442,0.5905511811023622,0.4015748031496063,0.6220472440944882,0.0,0.7874015748031497,0.0,0.0
2024-08-29T16:27:53.665277,interface,0.18110236220472442,0.5905511811023622,0.4015748031496063,0.6220472440944882,0.0,0.7795275590551181,0.0,0.0
2024-08-29T16:27:53.678742,interface,0.18110236220472442,0.5905511811023622,0.4015748031496063,0.6220472440944882,0.0,0.7716535433070866,0.0,0.0
2024-08-29T16:27:53.682289,interface,0.18110236220472442,0.5905511811023622,0.4015748031496063,0.6220472440944882,0.0,0.7637795275590551,0.0,0.0
2024-08-29T16:27:53.696389,interface,0.18110236220472442,0.5905511811023622,0.4015748031496063,0.6220472440944882,0.0,0.7559055118110236,0.0,0.0
2024-08-29T16:27:53.706576,interface,0.18110236220472442,0.5905511811023622,0.4015748031496063,0.6220472440944882,0.0,0.7480314960629921,0.0,0.0
2024-08-29T16:27:53.707755,interface,0.18110236220472442,0.5905511811023622,0.4015748031496063,0.6220472440944882,0.0,0.7401574803149606,0.0,0.0
2024-08-29T16:27:53.713031,interface,0.18110236220472442,0.5905511811023622,0.4015748031496063,0.6220472440944882,0.0,0.7322834645669292,0.0,0.0
2024-08-29T16:27:53.729451,interface,0.18110236220472442,0.5905511811023622,0.4015748031496063,0.6220472440944882,0.0,0.7244094488188977,0.0,0.0
2024-08-29T16:27:53.732757,interface,0.18110236220472442,0.5905511811023622,0.4015748031496063,0.6220472440944882,0.0,0.7165354330708661,0.0,0.0
2024-08-29T16:27:53.746667,interface,0.18110236220472442,0.5905511811023622,0.4015748031496063,0.6220472440944882,0.0,0.7086614173228346,0.0,0.0
2024-08-29T16:27:53.747898,interface,0.18110236220472442,0.5905511811023622,0.4015748031496063,0.6220472440944882,0.0,0.7007874015748031,0.0,0.0
2024-08-29T16:27:53.753180,interface,0.18110236220472442,0.5905511811023622,0.4015748031496063,0.6220472440944882,0.0,0.6850393700787402,0.0,0.0
2024-08-29T16:27:53.766200,interface,0.18110236220472442,0.5905511811023622,0.4015748031496063,0.6220472440944882,0.0,0.6771653543307087,0.0,0.0
2024-08-29T16:27:53.775851,interface,0.18110236220472442,0.5905511811023622,0.4015748031496063,0.6220472440944882,0.0,0.6692913385826772,0.0,0.0
2024-08-29T16:27:53.786662,interface,0.18110236220472442,0.5905511811023622,0.4015748031496063,0.6220472440944882,0.0,0.6614173228346457,0.0,0.0
2024-08-29T16:27:53.787834,interface,0.18110236220472442,0.5905511811023622,0.4015748031496063,0.6220472440944882,0.0,0.6535433070866141,0.0,0.0
2024-08-29T16:27:53.793251,interface,0.18110236220472442,0.5905511811023622,0.4015748031496063,0.6220472440944882,0.0,0.6377952755905512,0.0,0.0
2024-08-29T16:27:53.806404,interface,0.18110236220472442,0.5905511811023622,0.4015748031496063,0.6220472440944882,0.0,0.6299212598425197,0.0,0.0
2024-08-29T16:27:53.816454,interface,0.18110236220472442,0.5905511811023622,0.4015748031496063,0.6220472440944882,0.0,0.6220472440944882,0.0,0.0
2024-08-29T16:27:53.826559,interface,0.18110236220472442,0.5905511811023622,0.4015748031496063,0.6220472440944882,0.0,0.6141732283464567,0.0,0.0
2024-08-29T16:27:53.827797,interface,0.18110236220472442,0.5905511811023622,0.4015748031496063,0.6220472440944882,0.0,0.6062992125984252,0.0,0.0
2024-08-29T16:27:53.833122,interface,0.18110236220472442,0.5905511811023622,0.4015748031496063,0.6220472440944882,0.0,0.5984251968503937,0.0,0.0
2024-08-29T16:27:53.851524,interface,0.18110236220472442,0.5905511811023622,0.4015748031496063,0.6220472440944882,0.0,0.5905511811023622,0.0,0.0
2024-08-29T16:27:53.852666,interface,0.18110236220472442,0.5905511811023622,0.4015748031496063,0.6220472440944882,0.0,0.5826771653543307,0.0,0.0
2024-08-29T16:27:53.866734,interface,0.18110236220472442,0.5905511811023622,0.4015748031496063,0.6220472440944882,0.0,0.5748031496062992,0.0,0.0
2024-08-29T16:27:53.867917,interface,0.18110236220472442,0.5905511811023622,0.4015748031496063,0.6220472440944882,0.0,0.5669291338582677,0.0,0.0
2024-08-29T16:27:53.873372,interface,0.18110236220472442,0.5905511811023622,0.4015748031496063,0.6220472440944882,0.0,0.5669291338582677,0.0,0.0
2024-08-29T16:27:53.886095,interface,0.18110236220472442,0.5905511811023622,0.4015748031496063,0.6220472440944882,0.0,0.5590551181102362,0.0,0.0
2024-08-29T16:27:53.896465,interface,0.18110236220472442,0.5905511811023622,0.4015748031496063,0.6220472440944882,0.0,0.5590551181102362,0.0,0.0
2024-08-29T16:27:53.905942,interface,0.18110236220472442,0.5905511811023622,0.4015748031496063,0.6220472440944882,0.0,0.5511811023622047,0.0,0.0
2024-08-29T16:27:53.920489,interface,0.18110236220472442,0.5905511811023622,0.4015748031496063,0.6220472440944882,0.0,0.5433070866141733,0.0,0.0
2024-08-29T16:27:53.933668,interface,0.18110236220472442,0.5905511811023622,0.4015748031496063,0.6220472440944882,0.0,0.5433070866141733,0.0,0.0
2024-08-29T16:27:55.787939,interface,0.18110236220472442,0.5905511811023622,0.4015748031496063,0.6220472440944882,0.0,0.5433070866141733,0.0,0.007874015748031496
2024-08-29T16:27:55.799122,interface,0.18110236220472442,0.5905511811023622,0.4015748031496063,0.6220472440944882,0.0,0.5433070866141733,0.0,0.007874015748031496
2024-08-29T16:27:55.802533,interface,0.18110236220472442,0.5905511811023622,0.4015748031496063,0.6220472440944882,0.0,0.5433070866141733,0.0,0.023622047244094488
2024-08-29T16:27:55.816278,interface,0.18110236220472442,0.5905511811023622,0.4015748031496063,0.6220472440944882,0.0,0.5433070866141733,0.0,0.03937007874015748
2024-08-29T16:27:55.817508,interface,0.18110236220472442,0.5905511811023622,0.4015748031496063,0.6220472440944882,0.0,0.5433070866141733,0.0,0.05511811023622047
2024-08-29T16:27:55.830888,interface,0.18110236220472442,0.5905511811023622,0.4015748031496063,0.6220472440944882,0.0,0.5433070866141733,0.0,0.07874015748031496
2024-08-29T16:27:55.839542,interface,0.18110236220472442,0.5905511811023622,0.4015748031496063,0.6220472440944882,0.0,0.5433070866141733,0.0,0.10236220472440945
2024-08-29T16:27:55.842956,interface,0.18110236220472442,0.5905511811023622,0.4015748031496063,0.6220472440944882,0.0,0.5433070866141733,0.0,0.12598425196850394
2024-08-29T16:27:55.857487,interface,0.18110236220472442,0.5905511811023622,0.4015748031496063,0.6220472440944882,0.0,0.5433070866141733,0.0,0.14173228346456693
2024-08-29T16:27:55.858615,interface,0.18110236220472442,0.5905511811023622,0.4015748031496063,0.6220472440944882,0.0,0.5433070866141733,0.0,0.16535433070866143
2024-08-29T16:27:55.863988,interface,0.18110236220472442,0.5905511811023622,0.4015748031496063,0.6220472440944882,0.0,0.5433070866141733,0.0,0.18110236220472442
2024-08-29T16:27:55.876720,interface,0.18110236220472442,0.5905511811023622,0.4015748031496063,0.6220472440944882,0.0,0.5433070866141733,0.0,0.1968503937007874
2024-08-29T16:27:55.886809,interface,0.18110236220472442,0.5905511811023622,0.4015748031496063,0.6220472440944882,0.0,0.5433070866141733,0.0,0.2125984251968504
2024-08-29T16:27:55.896796,interface,0.18110236220472442,0.5905511811023622,0.4015748031496063,0.6220472440944882,0.0,0.5433070866141733,0.0,0.2283464566929134
2024-08-29T16:27:55.897993,interface,0.18110236220472442,0.5905511811023622,0.4015748031496063,0.6220472440944882,0.0,0.5433070866141733,0.0,0.2440944881889764
2024-08-29T16:27:55.908306,interface,0.18110236220472442,0.5905511811023622,0.4015748031496063,0.6220472440944882,0.0,0.5433070866141733,0.0,0.25984251968503935
2024-08-29T16:27:55.916831,interface,0.18110236220472442,0.5905511811023622,0.4015748031496063,0.6220472440944882,0.0,0.5433070866141733,0.0,0.2755905511811024
2024-08-29T16:27:55.926995,interface,0.18110236220472442,0.5905511811023622,0.4015748031496063,0.6220472440944882,0.0,0.5433070866141733,0.0,0.29133858267716534
2024-08-29T16:27:55.936649,interface,0.18110236220472442,0.5905511811023622,0.4015748031496063,0.6220472440944882,0.0,0.5433070866141733,0.0,0.2992125984251969
2024-08-29T16:27:55.937780,interface,0.18110236220472442,0.5905511811023622,0.4015748031496063,0.6220472440944882,0.0,0.5433070866141733,0.0,0.31496062992125984
2024-08-29T16:27:55.948251,interface,0.18110236220472442,0.5905511811023622,0.4015748031496063,0.6220472440944882,0.0,0.5433070866141733,0.0,0.3228346456692913
2024-08-29T16:27:55.956733,interface,0.18110236220472442,0.5905511811023622,0.4015748031496063,0.6220472440944882,0.0,0.5433070866141733,0.0,0.33070866141732286
2024-08-29T16:27:55.966360,interface,0.18110236220472442,0.5905511811023622,0.4015748031496063,0.6220472440944882,0.0,0.5433070866141733,0.0,0.3464566929133858
2024-08-29T16:27:55.976158,interface,0.18110236220472442,0.5905511811023622,0.4015748031496063,0.6220472440944882,0.0,0.5433070866141733,0.0,0.3543307086614173
2024-08-29T16:27:55.977262,interface,0.18110236220472442,0.5905511811023622,0.4015748031496063,0.6220472440944882,0.0,0.5433070866141733,0.0,0.36220472440944884
2024-08-29T16:27:55.987988,interface,0.18110236220472442,0.5905511811023622,0.4015748031496063,0.6220472440944882,0.0,0.5433070866141733,0.0,0.3779527559055118
2024-08-29T16:27:56.001668,interface,0.18110236220472442,0.5905511811023622,0.4015748031496063,0.6220472440944882,0.0,0.5433070866141733,0.0,0.3858267716535433
2024-08-29T16:27:56.002795,interface,0.18110236220472442,0.5905511811023622,0.4015748031496063,0.6220472440944882,0.0,0.5433070866141733,0.0,0.4015748031496063
2024-08-29T16:27:56.017783,interface,0.18110236220472442,0.5905511811023622,0.4015748031496063,0.6220472440944882,0.0,0.5433070866141733,0.0,0.4094488188976378
2024-08-29T16:27:56.021100,interface,0.18110236220472442,0.5905511811023622,0.4015748031496063,0.6220472440944882,0.0,0.5433070866141733,0.0,0.41732283464566927
2024-08-29T16:27:56.024424,interface,0.18110236220472442,0.5905511811023622,0.4015748031496063,0.6220472440944882,0.0,0.5433070866141733,0.0,0.4251968503937008
2024-08-29T16:27:56.036432,interface,0.18110236220472442,0.5905511811023622,0.4015748031496063,0.6220472440944882,0.0,0.5433070866141733,0.0,0.4409448818897638
2024-08-29T16:27:56.047677,interface,0.18110236220472442,0.5905511811023622,0.4015748031496063,0.6220472440944882,0.0,0.5433070866141733,0.0,0.44881889763779526
2024-08-29T16:27:56.056747,interface,0.18110236220472442,0.5905511811023622,0.4015748031496063,0.6220472440944882,0.0,0.5433070866141733,0.0,0.4566929133858268
2024-08-29T16:27:56.058008,interface,0.18110236220472442,0.5905511811023622,0.4015748031496063,0.6220472440944882,0.0,0.5433070866141733,0.0,0.4566929133858268
2024-08-29T16:27:56.068316,interface,0.18110236220472442,0.5905511811023622,0.4015748031496063,0.6220472440944882,0.0,0.5433070866141733,0.0,0.4645669291338583
2024-08-29T16:27:56.071820,interface,0.18110236220472442,0.5905511811023622,0.4015748031496063,0.6220472440944882,0.0,0.5433070866141733,0.0,0.47244094488188976
2024-08-29T16:27:56.087930,interface,0.18110236220472442,0.5905511811023622,0.4015748031496063,0.6220472440944882,0.0,0.5433070866141733,0.0,0.48031496062992124
2024-08-29T16:27:56.097089,interface,0.18110236220472442,0.5905511811023622,0.4015748031496063,0.6220472440944882,0.0,0.5433070866141733,0.0,0.4881889763779528
2024-08-29T16:27:56.098217,interface,0.18110236220472442,0.5905511811023622,0.4015748031496063,0.6220472440944882,0.0,0.5433070866141733,0.0,0.4881889763779528
2024-08-29T16:27:56.103649,interface,0.18110236220472442,0.5905511811023622,0.4015748031496063,0.6220472440944882,0.0,0.5433070866141733,0.0,0.49606299212598426
2024-08-29T16:27:56.116726,interface,0.18110236220472442,0.5905511811023622,0.4015748031496063,0.6220472440944882,0.0,0.5433070866141733,0.0,0.5039370078740157
2024-08-29T16:27:56.126395,interface,0.18110236220472442,0.5905511811023622,0.4015748031496063,0.6220472440944882,0.0,0.5433070866141733,0.0,0.5118110236220472
2024-08-29T16:27:56.136882,interface,0.18110236220472442,0.5905511811023622,0.4015748031496063,0.6220472440944882,0.0,0.5433070866141733,0.0,0.5196850393700787
2024-08-29T16:27:56.138156,interface,0.18110236220472442,0.5905511811023622,0.4015748031496063,0.6220472440944882,0.0,0.5433070866141733,0.0,0.5275590551181102
2024-08-29T16:27:56.143494,interface,0.18110236220472442,0.5905511811023622,0.4015748031496063,0.6220472440944882,0.0,0.5433070866141733,0.0,0.5354330708661418
2024-08-29T16:27:56.160521,interface,0.18110236220472442,0.5905511811023622,0.4015748031496063,0.6220472440944882,0.0,0.5433070866141733,0.0,0.5433070866141733
2024-08-29T16:27:56.161654,interface,0.18110236220472442,0.5905511811023622,0.4015748031496063,0.6220472440944882,0.0,0.5433070866141733,0.0,0.5590551181102362
2024-08-29T16:27:56.177561,interface,0.18110236220472442,0.5905511811023622,0.4015748031496063,0.6220472440944882,0.0,0.5433070866141733,0.0,0.5590551181102362
2024-08-29T16:27:56.178697,interface,0.18110236220472442,0.5905511811023622,0.4015748031496063,0.6220472440944882,0.0,0.5433070866141733,0.0,0.5748031496062992
2024-08-29T16:27:56.184138,interface,0.18110236220472442,0.5905511811023622,0.4015748031496063,0.6220472440944882,0.0,0.5433070866141733,0.0,0.5826771653543307
2024-08-29T16:27:56.196099,interface,0.18110236220472442,0.5905511811023622,0.4015748031496063,0.6220472440944882,0.0,0.5433070866141733,0.0,0.5905511811023622
2024-08-29T16:27:56.206722,interface,0.18110236220472442,0.5905511811023622,0.4015748031496063,0.6220472440944882,0.0,0.5433070866141733,0.0,0.5905511811023622
2024-08-29T16:27:56.210091,interface,0.18110236220472442,0.5905511811023622,0.4015748031496063,0.6220472440944882,0.0,0.5433070866141733,0.0,0.5984251968503937
2024-08-29T16:27:56.224565,interface,0.18110236220472442,0.5905511811023622,0.4015748031496063,0.6220472440944882,0.0,0.5433070866141733,0.0,0.6062992125984252
2024-08-29T16:27:56.225691,interface,0.18110236220472442,0.5905511811023622,0.4015748031496063,0.6220472440944882,0.0,0.5433070866141733,0.0,0.6141732283464567
2024-08-29T16:27:56.237015,interface,0.18110236220472442,0.5905511811023622,0.4015748031496063,0.6220472440944882,0.0,0.5433070866141733,0.0,0.6220472440944882
2024-08-29T16:27:56.245855,interface,0.18110236220472442,0.5905511811023622,0.4015748031496063,0.6220472440944882,0.0,0.5433070866141733,0.0,0.6220472440944882
2024-08-29T16:27:56.256557,interface,0.18110236220472442,0.5905511811023622,0.4015748031496063,0.6220472440944882,0.0,0.5433070866141733,0.0,0.6299212598425197
2024-08-29T16:27:56.257685,interface,0.18110236220472442,0.5905511811023622,0.4015748031496063,0.6220472440944882,0.0,0.5433070866141733,0.0,0.6299212598425197
2024-08-29T16:27:56.276026,interface,0.18110236220472442,0.5905511811023622,0.4015748031496063,0.6220472440944882,0.0,0.5433070866141733,0.0,0.6377952755905512
2024-08-29T16:27:56.292179,interface,0.18110236220472442,0.5905511811023622,0.4015748031496063,0.6220472440944882,0.0,0.5433070866141733,0.0,0.6456692913385826
2024-08-29T16:27:56.308191,interface,0.18110236220472442,0.5905511811023622,0.4015748031496063,0.6220472440944882,0.0,0.5433070866141733,0.0,0.6456692913385826
2024-08-29T16:27:56.339929,interface,0.18110236220472442,0.5905511811023622,0.4015748031496063,0.6220472440944882,0.0,0.5433070866141733,0.0,0.6535433070866141
2024-08-29T16:27:56.367439,interface,0.18110236220472442,0.5905511811023622,0.4015748031496063,0.6220472440944882,0.0,0.5433070866141733,0.0,0.6535433070866141
2024-08-29T16:27:56.383369,interface,0.18110236220472442,0.5905511811023622,0.4015748031496063,0.6220472440944882,0.0,0.5433070866141733,0.0,0.6614173228346457
2024-08-29T16:27:56.399399,interface,0.18110236220472442,0.5905511811023622,0.4015748031496063,0.6220472440944882,0.0,0.5433070866141733,0.0,0.6692913385826772
2024-08-29T16:27:56.478258,interface,0.18110236220472442,0.5905511811023622,0.4015748031496063,0.6220472440944882,0.0,0.5433070866141733,0.0,0.6614173228346457
2024-08-29T16:27:56.487664,interface,0.18110236220472442,0.5905511811023622,0.4015748031496063,0.6220472440944882,0.0,0.5433070866141733,0.0,0.6614173228346457
2024-08-29T16:27:56.496274,interface,0.18110236220472442,0.5905511811023622,0.4015748031496063,0.6220472440944882,0.0,0.5433070866141733,0.0,0.6535433070866141
2024-08-29T16:27:56.497410,interface,0.18110236220472442,0.5905511811023622,0.4015748031496063,0.6220472440944882,0.0,0.5433070866141733,0.0,0.6456692913385826
2024-08-29T16:27:56.508136,interface,0.18110236220472442,0.5905511811023622,0.4015748031496063,0.6220472440944882,0.0,0.5433070866141733,0.0,0.6377952755905512
2024-08-29T16:27:56.517002,interface,0.18110236220472442,0.5905511811023622,0.4015748031496063,0.6220472440944882,0.0,0.5433070866141733,0.0,0.6299212598425197
2024-08-29T16:27:56.526643,interface,0.18110236220472442,0.5905511811023622,0.4015748031496063,0.6220472440944882,0.0,0.5433070866141733,0.0,0.6141732283464567
2024-08-29T16:27:56.536646,interface,0.18110236220472442,0.5905511811023622,0.4015748031496063,0.6220472440944882,0.0,0.5433070866141733,0.0,0.6062992125984252
2024-08-29T16:27:56.537886,interface,0.18110236220472442,0.5905511811023622,0.4015748031496063,0.6220472440944882,0.0,0.5433070866141733,0.0,0.5905511811023622
2024-08-29T16:27:56.548314,interface,0.18110236220472442,0.5905511811023622,0.4015748031496063,0.6220472440944882,0.0,0.5433070866141733,0.0,0.5748031496062992
2024-08-29T16:27:56.557113,interface,0.18110236220472442,0.5905511811023622,0.4015748031496063,0.6220472440944882,0.0,0.5433070866141733,0.0,0.5590551181102362
2024-08-29T16:27:56.566007,interface,0.18110236220472442,0.5905511811023622,0.4015748031496063,0.6220472440944882,0.0,0.5433070866141733,0.0,0.5511811023622047
2024-08-29T16:27:56.576291,interface,0.18110236220472442,0.5905511811023622,0.4015748031496063,0.6220472440944882,0.0,0.5433070866141733,0.0,0.5354330708661418
2024-08-29T16:27:56.577436,interface,0.18110236220472442,0.5905511811023622,0.4015748031496063,0.6220472440944882,0.0,0.5433070866141733,0.0,0.5196850393700787
2024-08-29T16:27:56.588114,interface,0.18110236220472442,0.5905511811023622,0.4015748031496063,0.6220472440944882,0.0,0.5433070866141733,0.0,0.5039370078740157
2024-08-29T16:27:56.591540,interface,0.18110236220472442,0.5905511811023622,0.4015748031496063,0.6220472440944882,0.0,0.5433070866141733,0.0,0.49606299212598426
2024-08-29T16:27:56.606467,interface,0.18110236220472442,0.5905511811023622,0.4015748031496063,0.6220472440944882,0.0,0.5433070866141733,0.0,0.48031496062992124
2024-08-29T16:27:56.616243,interface,0.18110236220472442,0.5905511811023622,0.4015748031496063,0.6220472440944882,0.0,0.5433070866141733,0.0,0.4645669291338583
2024-08-29T16:27:56.617493,interface,0.18110236220472442,0.5905511811023622,0.4015748031496063,0.6220472440944882,0.0,0.5433070866141733,0.0,0.4566929133858268
2024-08-29T16:27:56.628491,interface,0.18110236220472442,0.5905511811023622,0.4015748031496063,0.6220472440944882,0.0,0.5433070866141733,0.0,0.4409448818897638
2024-08-29T16:27:56.631938,interface,0.18110236220472442,0.5905511811023622,0.4015748031496063,0.6220472440944882,0.0,0.5433070866141733,0.0,0.4330708661417323
2024-08-29T16:27:56.646231,interface,0.18110236220472442,0.5905511811023622,0.4015748031496063,0.6220472440944882,0.0,0.5433070866141733,0.0,0.41732283464566927
2024-08-29T16:27:56.657215,interface,0.18110236220472442,0.5905511811023622,0.4015748031496063,0.6220472440944882,0.0,0.5433070866141733,0.0,0.4094488188976378
2024-08-29T16:27:56.658518,interface,0.18110236220472442,0.5905511811023622,0.4015748031496063,0.6220472440944882,0.0,0.5433070866141733,0.0,0.3937007874015748
2024-08-29T16:27:56.663869,interface,0.18110236220472442,0.5905511811023622,0.4015748031496063,0.6220472440944882,0.0,0.5433070866141733,0.0,0.3779527559055118
2024-08-29T16:27:56.677274,interface,0.18110236220472442,0.5905511811023622,0.4015748031496063,0.6220472440944882,0.0,0.5433070866141733,0.0,0.36220472440944884
2024-08-29T16:27:56.686430,interface,0.18110236220472442,0.5905511811023622,0.4015748031496063,0.6220472440944882,0.0,0.5433070866141733,0.0,0.3543307086614173
2024-08-29T16:27:56.696262,interface,0.18110236220472442,0.5905511811023622,0.4015748031496063,0.6220472440944882,0.0,0.5433070866141733,0.0,0.33858267716535434
2024-08-29T16:27:56.697522,interface,0.18110236220472442,0.5905511811023622,0.4015748031496063,0.6220472440944882,0.0,0.5433070866141733,0.0,0.3228346456692913
2024-08-29T16:27:56.708313,interface,0.18110236220472442,0.5905511811023622,0.4015748031496063,0.6220472440944882,0.0,0.5433070866141733,0.0,0.31496062992125984
2024-08-29T16:27:56.716753,interface,0.18110236220472442,0.5905511811023622,0.4015748031496063,0.6220472440944882,0.0,0.5433070866141733,0.0,0.2992125984251969
2024-08-29T16:27:56.726936,interface,0.18110236220472442,0.5905511811023622,0.4015748031496063,0.6220472440944882,0.0,0.5433070866141733,0.0,0.28346456692913385
2024-08-29T16:27:56.736289,interface,0.18110236220472442,0.5905511811023622,0.4015748031496063,0.6220472440944882,0.0,0.5433070866141733,0.0,0.2755905511811024
2024-08-29T16:27:56.737431,interface,0.18110236220472442,0.5905511811023622,0.4015748031496063,0.6220472440944882,0.0,0.5433070866141733,0.0,0.25984251968503935
2024-08-29T16:27:56.748581,interface,0.18110236220472442,0.5905511811023622,0.4015748031496063,0.6220472440944882,0.0,0.5433070866141733,0.0,0.2440944881889764
2024-08-29T16:27:56.752005,interface,0.18110236220472442,0.5905511811023622,0.4015748031496063,0.6220472440944882,0.0,0.5433070866141733,0.0,0.23622047244094488
2024-08-29T16:27:56.766462,interface,0.18110236220472442,0.5905511811023622,0.4015748031496063,0.6220472440944882,0.0,0.5433070866141733,0.0,0.2204724409448819
2024-08-29T16:27:56.781429,interface,0.18110236220472442,0.5905511811023622,0.4015748031496063,0.6220472440944882,0.0,0.5433070866141733,0.0,0.2047244094488189
2024-08-29T16:27:56.782526,interface,0.18110236220472442,0.5905511811023622,0.4015748031496063,0.6220472440944882,0.0,0.5433070866141733,0.0,0.1968503937007874
2024-08-29T16:27:56.787878,interface,0.18110236220472442,0.5905511811023622,0.4015748031496063,0.6220472440944882,0.0,0.5433070866141733,0.0,0.1889763779527559
2024-08-29T16:27:56.796338,interface,0.18110236220472442,0.5905511811023622,0.4015748031496063,0.6220472440944882,0.0,0.5433070866141733,0.0,0.18110236220472442
2024-08-29T16:27:56.806761,interface,0.18110236220472442,0.5905511811023622,0.4015748031496063,0.6220472440944882,0.0,0.5433070866141733,0.0,0.1732283464566929
2024-08-29T16:27:56.816591,interface,0.18110236220472442,0.5905511811023622,0.4015748031496063,0.6220472440944882,0.0,0.5433070866141733,0.0,0.16535433070866143
2024-08-29T16:27:56.817786,interface,0.18110236220472442,0.5905511811023622,0.4015748031496063,0.6220472440944882,0.0,0.5433070866141733,0.0,0.15748031496062992
2024-08-29T16:27:56.828193,interface,0.18110236220472442,0.5905511811023622,0.4015748031496063,0.6220472440944882,0.0,0.5433070866141733,0.0,0.14960629921259844
2024-08-29T16:27:56.837063,interface,0.18110236220472442,0.5905511811023622,0.4015748031496063,0.6220472440944882,0.0,0.5433070866141733,0.0,0.14173228346456693
2024-08-29T16:27:56.846432,interface,0.18110236220472442,0.5905511811023622,0.4015748031496063,0.6220472440944882,0.0,0.5433070866141733,0.0,0.13385826771653545
2024-08-29T16:27:56.861399,interface,0.18110236220472442,0.5905511811023622,0.4015748031496063,0.6220472440944882,0.0,0.5433070866141733,0.0,0.12598425196850394
2024-08-29T16:27:56.862719,interface,0.18110236220472442,0.5905511811023622,0.4015748031496063,0.6220472440944882,0.0,0.5433070866141733,0.0,0.11811023622047244
2024-08-29T16:27:56.863846,interface,0.18110236220472442,0.5905511811023622,0.4015748031496063,0.6220472440944882,0.0,0.5433070866141733,0.0,0.10236220472440945
2024-08-29T16:27:56.876940,interface,0.18110236220472442,0.5905511811023622,0.4015748031496063,0.6220472440944882,0.0,0.5433070866141733,0.0,0.09448818897637795
2024-08-29T16:27:56.886245,interface,0.18110236220472442,0.5905511811023622,0.4015748031496063,0.6220472440944882,0.0,0.5433070866141733,0.0,0.07874015748031496
2024-08-29T16:27:56.896052,interface,0.18110236220472442,0.5905511811023622,0.4015748031496063,0.6220472440944882,0.0,0.5433070866141733,0.0,0.07086614173228346
2024-08-29T16:27:56.897343,interface,0.18110236220472442,0.5905511811023622,0.4015748031496063,0.6220472440944882,0.0,0.5433070866141733,0.0,0.05511811023622047
2024-08-29T16:27:56.908877,interface,0.18110236220472442,0.5905511811023622,0.4015748031496063,0.6220472440944882,0.0,0.5433070866141733,0.0,0.047244094488188976
2024-08-29T16:27:56.912268,interface,0.18110236220472442,0.5905511811023622,0.4015748031496063,0.6220472440944882,0.0,0.5433070866141733,0.0,0.03937007874015748
2024-08-29T16:27:56.926078,interface,0.18110236220472442,0.5905511811023622,0.4015748031496063,0.6220472440944882,0.0,0.5433070866141733,0.0,0.023622047244094488
2024-08-29T16:27:56.940549,interface,0.18110236220472442,0.5905511811023622,0.4015748031496063,0.6220472440944882,0.0,0.5433070866141733,0.0,0.015748031496062992
2024-08-29T16:27:56.941678,interface,0.18110236220472442,0.5905511811023622,0.4015748031496063,0.6220472440944882,0.0,0.5433070866141733,0.0,0.007874015748031496
2024-08-29T16:27:56.956127,interface,0.18110236220472442,0.5905511811023622,0.4015748031496063,0.6220472440944882,0.0,0.5433070866141733,0.0,0.007874015748031496
2024-08-29T16:27:56.980180,interface,0.18110236220472442,0.5905511811023622,0.4015748031496063,0.6220472440944882,0.0,0.5433070866141733,0.0,0.0
2024-08-29T16:27:57.010288,interface,0.18110236220472442,0.5905511811023622,0.4015748031496063,0.6220472440944882,0.0,0.5433070866141733,0.0,0.0
2024-08-29T16:28:17.848336,interface,0.18110236220472442,0.6062992125984252,0.4015748031496063,0.6220472440944882,0.0,0.5433070866141733,0.0,0.0
2024-08-29T16:28:17.859128,interface,0.18110236220472442,0.6062992125984252,0.4015748031496063,0.6220472440944882,0.0,0.5433070866141733,0.0,0.0
2024-08-29T16:28:17.862354,interface,0.18110236220472442,0.6141732283464567,0.4015748031496063,0.6220472440944882,0.0,0.5433070866141733,0.0,0.0
2024-08-29T16:28:17.880392,interface,0.18110236220472442,0.6220472440944882,0.4015748031496063,0.6220472440944882,0.0,0.5433070866141733,0.0,0.0
2024-08-29T16:28:17.883826,interface,0.18110236220472442,0.6220472440944882,0.4015748031496063,0.6220472440944882,0.0,0.5433070866141733,0.0,0.0
2024-08-29T16:28:17.896372,interface,0.18110236220472442,0.6299212598425197,0.4015748031496063,0.6220472440944882,0.0,0.5433070866141733,0.0,0.0
2024-08-29T16:28:17.906539,interface,0.18110236220472442,0.6377952755905512,0.4015748031496063,0.6220472440944882,0.0,0.5433070866141733,0.0,0.0
2024-08-29T16:28:17.916719,interface,0.18110236220472442,0.6456692913385826,0.4015748031496063,0.6220472440944882,0.0,0.5433070866141733,0.0,0.0
2024-08-29T16:28:17.917931,interface,0.18110236220472442,0.6456692913385826,0.4015748031496063,0.6220472440944882,0.0,0.5433070866141733,0.0,0.0
2024-08-29T16:28:17.923293,interface,0.18110236220472442,0.6535433070866141,0.4015748031496063,0.6220472440944882,0.0,0.5433070866141733,0.0,0.0
2024-08-29T16:28:17.936767,interface,0.18110236220472442,0.6614173228346457,0.4015748031496063,0.6220472440944882,0.0,0.5433070866141733,0.0,0.0
2024-08-29T16:28:17.946443,interface,0.18110236220472442,0.6614173228346457,0.4015748031496063,0.6220472440944882,0.0,0.5433070866141733,0.0,0.0
2024-08-29T16:28:17.956464,interface,0.18110236220472442,0.6692913385826772,0.4015748031496063,0.6220472440944882,0.0,0.5433070866141733,0.0,0.0
2024-08-29T16:28:17.957588,interface,0.18110236220472442,0.6771653543307087,0.4015748031496063,0.6220472440944882,0.0,0.5433070866141733,0.0,0.0
2024-08-29T16:28:17.968041,interface,0.18110236220472442,0.6850393700787402,0.4015748031496063,0.6220472440944882,0.0,0.5433070866141733,0.0,0.0
2024-08-29T16:28:17.976527,interface,0.18110236220472442,0.6929133858267716,0.4015748031496063,0.6220472440944882,0.0,0.5433070866141733,0.0,0.0
2024-08-29T16:28:17.991520,interface,0.18110236220472442,0.7007874015748031,0.4015748031496063,0.6220472440944882,0.0,0.5433070866141733,0.0,0.0
2024-08-29T16:28:17.992647,interface,0.18110236220472442,0.7086614173228346,0.4015748031496063,0.6220472440944882,0.0,0.5433070866141733,0.0,0.0
2024-08-29T16:28:18.004597,interface,0.18110236220472442,0.7165354330708661,0.4015748031496063,0.6220472440944882,0.0,0.5433070866141733,0.0,0.0
2024-08-29T16:28:18.005726,interface,0.18110236220472442,0.7244094488188977,0.4015748031496063,0.6220472440944882,0.0,0.5433070866141733,0.0,0.0
2024-08-29T16:28:18.016928,interface,0.18110236220472442,0.7322834645669292,0.4015748031496063,0.6220472440944882,0.0,0.5433070866141733,0.0,0.0
2024-08-29T16:28:18.026378,interface,0.18110236220472442,0.7401574803149606,0.4015748031496063,0.6220472440944882,0.0,0.5433070866141733,0.0,0.0
2024-08-29T16:28:18.036437,interface,0.18110236220472442,0.7559055118110236,0.4015748031496063,0.6220472440944882,0.0,0.5433070866141733,0.0,0.0
2024-08-29T16:28:18.037563,interface,0.18110236220472442,0.7637795275590551,0.4015748031496063,0.6220472440944882,0.0,0.5433070866141733,0.0,0.0
2024-08-29T16:28:18.042700,interface,0.18110236220472442,0.7716535433070866,0.4015748031496063,0.6220472440944882,0.0,0.5433070866141733,0.0,0.0
2024-08-29T16:28:18.056426,interface,0.18110236220472442,0.7795275590551181,0.4015748031496063,0.6220472440944882,0.0,0.5433070866141733,0.0,0.0
2024-08-29T16:28:18.065942,interface,0.18110236220472442,0.7952755905511811,0.4015748031496063,0.6220472440944882,0.0,0.5433070866141733,0.0,0.0
2024-08-29T16:28:18.078241,interface,0.18110236220472442,0.8031496062992126,0.4015748031496063,0.6220472440944882,0.0,0.5433070866141733,0.0,0.0
2024-08-29T16:28:18.079472,interface,0.18110236220472442,0.8110236220472441,0.4015748031496063,0.6220472440944882,0.0,0.5433070866141733,0.0,0.0
2024-08-29T16:28:18.082779,interface,0.18110236220472442,0.8188976377952756,0.4015748031496063,0.6220472440944882,0.0,0.5433070866141733,0.0,0.0
2024-08-29T16:28:18.096136,interface,0.18110236220472442,0.8267716535433071,0.4015748031496063,0.6220472440944882,0.0,0.5433070866141733,0.0,0.0
2024-08-29T16:28:18.106584,interface,0.18110236220472442,0.8346456692913385,0.4015748031496063,0.6220472440944882,0.0,0.5433070866141733,0.0,0.0
2024-08-29T16:28:18.116615,interface,0.18110236220472442,0.84251968503937,0.4015748031496063,0.6220472440944882,0.0,0.5433070866141733,0.0,0.0
2024-08-29T16:28:18.117731,interface,0.18110236220472442,0.8503937007874016,0.4015748031496063,0.6220472440944882,0.0,0.5433070866141733,0.0,0.0
2024-08-29T16:28:18.122850,interface,0.18110236220472442,0.8582677165354331,0.4015748031496063,0.6220472440944882,0.0,0.5433070866141733,0.0,0.0
2024-08-29T16:28:18.136347,interface,0.18110236220472442,0.8661417322834646,0.4015748031496063,0.6220472440944882,0.0,0.5433070866141733,0.0,0.0
2024-08-29T16:28:18.150608,interface,0.18110236220472442,0.8740157480314961,0.4015748031496063,0.6220472440944882,0.0,0.5433070866141733,0.0,0.0
2024-08-29T16:28:18.151776,interface,0.18110236220472442,0.8818897637795275,0.4015748031496063,0.6220472440944882,0.0,0.5433070866141733,0.0,0.0
2024-08-29T16:28:18.157162,interface,0.18110236220472442,0.889763779527559,0.4015748031496063,0.6220472440944882,0.0,0.5433070866141733,0.0,0.0
2024-08-29T16:28:18.167838,interface,0.18110236220472442,0.8976377952755905,0.4015748031496063,0.6220472440944882,0.0,0.5433070866141733,0.0,0.0
2024-08-29T16:28:18.171345,interface,0.18110236220472442,0.905511811023622,0.4015748031496063,0.6220472440944882,0.0,0.5433070866141733,0.0,0.0
2024-08-29T16:28:18.186592,interface,0.18110236220472442,0.9212598425196851,0.4015748031496063,0.6220472440944882,0.0,0.5433070866141733,0.0,0.0
2024-08-29T16:28:18.189878,interface,0.18110236220472442,0.9291338582677166,0.4015748031496063,0.6220472440944882,0.0,0.5433070866141733,0.0,0.0
2024-08-29T16:28:18.193313,interface,0.18110236220472442,0.9291338582677166,0.4015748031496063,0.6220472440944882,0.0,0.5433070866141733,0.0,0.0
2024-08-29T16:28:18.206647,interface,0.18110236220472442,0.937007874015748,0.4015748031496063,0.6220472440944882,0.0,0.5433070866141733,0.0,0.0
2024-08-29T16:28:18.215899,interface,0.18110236220472442,0.9448818897637795,0.4015748031496063,0.6220472440944882,0.0,0.5433070866141733,0.0,0.0
2024-08-29T16:28:18.230631,interface,0.18110236220472442,0.952755905511811,0.4015748031496063,0.6220472440944882,0.0,0.5433070866141733,0.0,0.0
2024-08-29T16:28:18.231970,interface,0.18110236220472442,0.9606299212598425,0.4015748031496063,0.6220472440944882,0.0,0.5433070866141733,0.0,0.0
2024-08-29T16:28:18.233070,interface,0.18110236220472442,0.968503937007874,0.4015748031496063,0.6220472440944882,0.0,0.5433070866141733,0.0,0.0
2024-08-29T16:28:18.246651,interface,0.18110236220472442,0.968503937007874,0.4015748031496063,0.6220472440944882,0.0,0.5433070866141733,0.0,0.0
2024-08-29T16:28:18.256741,interface,0.18110236220472442,0.9763779527559056,0.4015748031496063,0.6220472440944882,0.0,0.5433070866141733,0.0,0.0
2024-08-29T16:28:18.265826,interface,0.18110236220472442,0.984251968503937,0.4015748031496063,0.6220472440944882,0.0,0.5433070866141733,0.0,0.0
2024-08-29T16:28:18.277758,interface,0.18110236220472442,0.984251968503937,0.4015748031496063,0.6220472440944882,0.0,0.5433070866141733,0.0,0.0
2024-08-29T16:28:18.294464,interface,0.18110236220472442,0.9921259842519685,0.4015748031496063,0.6220472440944882,0.0,0.5433070866141733,0.0,0.0
2024-08-29T16:28:18.310486,interface,0.18110236220472442,0.9921259842519685,0.4015748031496063,0.6220472440944882,0.0,0.5433070866141733,0.0,0.0
2024-08-29T16:28:18.333826,interface,0.18110236220472442,1.0,0.4015748031496063,0.6220472440944882,0.0,0.5433070866141733,0.0,0.0
2024-08-29T16:28:18.357748,interface,0.18110236220472442,1.0,0.4015748031496063,0.6220472440944882,0.0,0.5433070866141733,0.0,0.0
2024-08-29T16:28:18.781983,interface,0.18110236220472442,1.0,0.4015748031496063,0.6220472440944882,0.0,0.5433070866141733,0.0,0.0
2024-08-29T16:28:18.805855,interface,0.18110236220472442,0.9921259842519685,0.4015748031496063,0.6220472440944882,0.0,0.5433070866141733,0.0,0.0
2024-08-29T16:28:18.821818,interface,0.18110236220472442,0.9921259842519685,0.4015748031496063,0.6220472440944882,0.0,0.5433070866141733,0.0,0.0
2024-08-29T16:28:18.837832,interface,0.18110236220472442,0.984251968503937,0.4015748031496063,0.6220472440944882,0.0,0.5433070866141733,0.0,0.0
2024-08-29T16:28:18.851665,interface,0.18110236220472442,0.984251968503937,0.4015748031496063,0.6220472440944882,0.0,0.5433070866141733,0.0,0.0
2024-08-29T16:28:18.852870,interface,0.18110236220472442,0.968503937007874,0.4015748031496063,0.6220472440944882,0.0,0.5433070866141733,0.0,0.0
2024-08-29T16:28:18.867144,interface,0.18110236220472442,0.9606299212598425,0.4015748031496063,0.6220472440944882,0.0,0.5433070866141733,0.0,0.0
2024-08-29T16:28:18.868317,interface,0.18110236220472442,0.952755905511811,0.4015748031496063,0.6220472440944882,0.0,0.5433070866141733,0.0,0.0
2024-08-29T16:28:18.873722,interface,0.18110236220472442,0.9448818897637795,0.4015748031496063,0.6220472440944882,0.0,0.5433070866141733,0.0,0.0
2024-08-29T16:28:18.886464,interface,0.18110236220472442,0.937007874015748,0.4015748031496063,0.6220472440944882,0.0,0.5433070866141733,0.0,0.0
2024-08-29T16:28:18.896703,interface,0.18110236220472442,0.9291338582677166,0.4015748031496063,0.6220472440944882,0.0,0.5433070866141733,0.0,0.0
2024-08-29T16:28:18.905865,interface,0.18110236220472442,0.9133858267716536,0.4015748031496063,0.6220472440944882,0.0,0.5433070866141733,0.0,0.0
2024-08-29T16:28:18.907134,interface,0.18110236220472442,0.905511811023622,0.4015748031496063,0.6220472440944882,0.0,0.5433070866141733,0.0,0.0
2024-08-29T16:28:18.918003,interface,0.18110236220472442,0.8976377952755905,0.4015748031496063,0.6220472440944882,0.0,0.5433070866141733,0.0,0.0
2024-08-29T16:28:18.927434,interface,0.18110236220472442,0.889763779527559,0.4015748031496063,0.6220472440944882,0.0,0.5433070866141733,0.0,0.0
2024-08-29T16:28:18.935861,interface,0.18110236220472442,0.8740157480314961,0.4015748031496063,0.6220472440944882,0.0,0.5433070866141733,0.0,0.0
2024-08-29T16:28:18.946550,interface,0.18110236220472442,0.8661417322834646,0.4015748031496063,0.6220472440944882,0.0,0.5433070866141733,0.0,0.0
2024-08-29T16:28:18.949809,interface,0.18110236220472442,0.8582677165354331,0.4015748031496063,0.6220472440944882,0.0,0.5433070866141733,0.0,0.0
2024-08-29T16:28:18.953381,interface,0.18110236220472442,0.8503937007874016,0.4015748031496063,0.6220472440944882,0.0,0.5433070866141733,0.0,0.0
2024-08-29T16:28:18.966829,interface,0.18110236220472442,0.8503937007874016,0.4015748031496063,0.6220472440944882,0.0,0.5433070866141733,0.0,0.0
2024-08-29T16:28:18.976831,interface,0.18110236220472442,0.84251968503937,0.4015748031496063,0.6220472440944882,0.0,0.5433070866141733,0.0,0.0
2024-08-29T16:28:18.986477,interface,0.18110236220472442,0.8346456692913385,0.4015748031496063,0.6220472440944882,0.0,0.5433070866141733,0.0,0.0
2024-08-29T16:28:18.997980,interface,0.18110236220472442,0.8267716535433071,0.4015748031496063,0.6220472440944882,0.0,0.5433070866141733,0.0,0.0
2024-08-29T16:28:19.013958,interface,0.18110236220472442,0.8267716535433071,0.4015748031496063,0.6220472440944882,0.0,0.5433070866141733,0.0,0.0
2024-08-29T16:28:19.138450,interface,0.18110236220472442,0.8188976377952756,0.4015748031496063,0.6220472440944882,0.0,0.5433070866141733,0.0,0.0
