2024-08-29T13:56:14.287939,interface,0.4015748031496063,0.19656784642199798,0.3965008404593483,0.3426870612643317,0.102776766923241,0.927119150623129,0.4562448556789197,0.49539476457905696
2024-08-29T13:56:14.297574,interface,0.4094488188976378,0.19656784642199798,0.3965008404593483,0.3426870612643317,0.102776766923241,0.927119150623129,0.4562448556789197,0.49539476457905696
2024-08-29T13:56:14.300927,interface,0.41732283464566927,0.19656784642199798,0.3965008404593483,0.3426870612643317,0.102776766923241,0.927119150623129,0.4562448556789197,0.49539476457905696
2024-08-29T13:56:14.318563,interface,0.4330708661417323,0.19656784642199798,0.3965008404593483,0.3426870612643317,0.102776766923241,0.927119150623129,0.4562448556789197,0.49539476457905696
2024-08-29T13:56:14.322277,interface,0.4409448818897638,0.19656784642199798,0.3965008404593483,0.3426870612643317,0.102776766923241,0.927119150623129,0.4562448556789197,0.49539476457905696
2024-08-29T13:56:14.323501,interface,0.4566929133858268,0.19656784642199798,0.3965008404593483,0.3426870612643317,0.102776766923241,0.927119150623129,0.4562448556789197,0.49539476457905696
2024-08-29T13:56:14.335960,interface,0.47244094488188976,0.19656784642199798,0.3965008404593483,0.3426870612643317,0.102776766923241,0.927119150623129,0.4562448556789197,0.49539476457905696
2024-08-29T13:56:14.346158,interface,0.4881889763779528,0.19656784642199798,0.3965008404593483,0.3426870612643317,0.102776766923241,0.927119150623129,0.4562448556789197,0.49539476457905696
2024-08-29T13:56:14.355480,interface,0.5039370078740157,0.19656784642199798,0.3965008404593483,0.3426870612643317,0.102776766923241,0.927119150623129,0.4562448556789197,0.49539476457905696
2024-08-29T13:56:14.365734,interface,0.5196850393700787,0.19656784642199798,0.3965008404593483,0.3426870612643317,0.102776766923241,0.927119150623129,0.4562448556789197,0.49539476457905696
2024-08-29T13:56:14.366900,interface,0.5354330708661418,0.19656784642199798,0.3965008404593483,0.3426870612643317,0.102776766923241,0.927119150623129,0.4562448556789197,0.49539476457905696
2024-08-29T13:56:14.372151,interface,0.5511811023622047,0.19656784642199798,0.3965008404593483,0.3426870612643317,0.102776766923241,0.927119150623129,0.4562448556789197,0.49539476457905696
2024-08-29T13:56:14.385958,interface,0.5669291338582677,0.19656784642199798,0.3965008404593483,0.3426870612643317,0.102776766923241,0.927119150623129,0.4562448556789197,0.49539476457905696
2024-08-29T13:56:14.395510,interface,0.5748031496062992,0.19656784642199798,0.3965008404593483,0.3426870612643317,0.102776766923241,0.927119150623129,0.4562448556789197,0.49539476457905696
2024-08-29T13:56:14.405418,interface,0.5826771653543307,0.19656784642199798,0.3965008404593483,0.3426870612643317,0.102776766923241,0.927119150623129,0.4562448556789197,0.49539476457905696
2024-08-29T13:56:14.406569,interface,0.5826771653543307,0.19656784642199798,0.3965008404593483,0.3426870612643317,0.102776766923241,0.927119150623129,0.4562448556789197,0.49539476457905696
2024-08-29T13:56:14.455645,interface,0.5748031496062992,0.19656784642199798,0.3965008404593483,0.3426870612643317,0.102776766923241,0.927119150623129,0.4562448556789197,0.49539476457905696
2024-08-29T13:56:14.465420,interface,0.5748031496062992,0.19656784642199798,0.3965008404593483,0.3426870612643317,0.102776766923241,0.927119150623129,0.4562448556789197,0.49539476457905696
2024-08-29T13:56:14.480120,interface,0.5669291338582677,0.19656784642199798,0.3965008404593483,0.3426870612643317,0.102776766923241,0.927119150623129,0.4562448556789197,0.49539476457905696
2024-08-29T13:56:14.483657,interface,0.5669291338582677,0.19656784642199798,0.3965008404593483,0.3426870612643317,0.102776766923241,0.927119150623129,0.4562448556789197,0.49539476457905696
2024-08-29T13:56:14.503775,interface,0.5590551181102362,0.19656784642199798,0.3965008404593483,0.3426870612643317,0.102776766923241,0.927119150623129,0.4562448556789197,0.49539476457905696
2024-08-29T13:57:10.300018,interface,0.5748031496062992,0.19656784642199798,0.3965008404593483,0.3426870612643317,0.102776766923241,0.927119150623129,0.4562448556789197,0.49539476457905696
2024-08-29T13:57:10.303692,interface,0.5826771653543307,0.19656784642199798,0.3965008404593483,0.3426870612643317,0.102776766923241,0.927119150623129,0.4562448556789197,0.49539476457905696
2024-08-29T13:57:10.318483,interface,0.5905511811023622,0.19656784642199798,0.3965008404593483,0.3426870612643317,0.102776766923241,0.927119150623129,0.4562448556789197,0.49539476457905696
2024-08-29T13:57:10.321939,interface,0.6062992125984252,0.19656784642199798,0.3965008404593483,0.3426870612643317,0.102776766923241,0.927119150623129,0.4562448556789197,0.49539476457905696
2024-08-29T13:57:10.334928,interface,0.6141732283464567,0.19656784642199798,0.3965008404593483,0.3426870612643317,0.102776766923241,0.927119150623129,0.4562448556789197,0.49539476457905696
2024-08-29T13:57:10.345240,interface,0.6299212598425197,0.19656784642199798,0.3965008404593483,0.3426870612643317,0.102776766923241,0.927119150623129,0.4562448556789197,0.49539476457905696
2024-08-29T13:57:10.346402,interface,0.6456692913385826,0.19656784642199798,0.3965008404593483,0.3426870612643317,0.102776766923241,0.927119150623129,0.4562448556789197,0.49539476457905696
2024-08-29T13:57:10.351722,interface,0.6535433070866141,0.19656784642199798,0.3965008404593483,0.3426870612643317,0.102776766923241,0.927119150623129,0.4562448556789197,0.49539476457905696
2024-08-29T13:57:10.368419,interface,0.6692913385826772,0.19656784642199798,0.3965008404593483,0.3426870612643317,0.102776766923241,0.927119150623129,0.4562448556789197,0.49539476457905696
2024-08-29T13:57:10.371813,interface,0.6850393700787402,0.19656784642199798,0.3965008404593483,0.3426870612643317,0.102776766923241,0.927119150623129,0.4562448556789197,0.49539476457905696
2024-08-29T13:57:10.385797,interface,0.7007874015748031,0.19656784642199798,0.3965008404593483,0.3426870612643317,0.102776766923241,0.927119150623129,0.4562448556789197,0.49539476457905696
2024-08-29T13:57:10.387045,interface,0.7165354330708661,0.19656784642199798,0.3965008404593483,0.3426870612643317,0.102776766923241,0.927119150623129,0.4562448556789197,0.49539476457905696
2024-08-29T13:57:10.392413,interface,0.7244094488188977,0.19656784642199798,0.3965008404593483,0.3426870612643317,0.102776766923241,0.927119150623129,0.4562448556789197,0.49539476457905696
2024-08-29T13:57:10.405209,interface,0.7322834645669292,0.19656784642199798,0.3965008404593483,0.3426870612643317,0.102776766923241,0.927119150623129,0.4562448556789197,0.49539476457905696
2024-08-29T13:57:10.415684,interface,0.7401574803149606,0.19656784642199798,0.3965008404593483,0.3426870612643317,0.102776766923241,0.927119150623129,0.4562448556789197,0.49539476457905696
2024-08-29T13:57:10.424948,interface,0.7480314960629921,0.19656784642199798,0.3965008404593483,0.3426870612643317,0.102776766923241,0.927119150623129,0.4562448556789197,0.49539476457905696
2024-08-29T13:57:10.426110,interface,0.7559055118110236,0.19656784642199798,0.3965008404593483,0.3426870612643317,0.102776766923241,0.927119150623129,0.4562448556789197,0.49539476457905696
2024-08-29T13:57:10.431403,interface,0.7559055118110236,0.19656784642199798,0.3965008404593483,0.3426870612643317,0.102776766923241,0.927119150623129,0.4562448556789197,0.49539476457905696
2024-08-29T13:57:10.444809,interface,0.7637795275590551,0.19656784642199798,0.3965008404593483,0.3426870612643317,0.102776766923241,0.927119150623129,0.4562448556789197,0.49539476457905696
2024-08-29T13:57:10.460102,interface,0.7637795275590551,0.19656784642199798,0.3965008404593483,0.3426870612643317,0.102776766923241,0.927119150623129,0.4562448556789197,0.49539476457905696
2024-08-29T13:57:11.557931,interface,0.7637795275590551,0.19656784642199798,0.3965008404593483,0.4409448818897638,0.102776766923241,0.927119150623129,0.4562448556789197,0.49539476457905696
2024-08-29T13:57:11.573949,interface,0.7637795275590551,0.19656784642199798,0.3965008404593483,0.44881889763779526,0.102776766923241,0.927119150623129,0.4562448556789197,0.49539476457905696
2024-08-29T13:57:11.585835,interface,0.7637795275590551,0.19656784642199798,0.3965008404593483,0.44881889763779526,0.102776766923241,0.927119150623129,0.4562448556789197,0.49539476457905696
2024-08-29T13:57:11.595225,interface,0.7637795275590551,0.19656784642199798,0.3965008404593483,0.4566929133858268,0.102776766923241,0.927119150623129,0.4562448556789197,0.49539476457905696
2024-08-29T13:57:11.596372,interface,0.7637795275590551,0.19656784642199798,0.3965008404593483,0.47244094488188976,0.102776766923241,0.927119150623129,0.4562448556789197,0.49539476457905696
2024-08-29T13:57:11.606704,interface,0.7637795275590551,0.19656784642199798,0.3965008404593483,0.48031496062992124,0.102776766923241,0.927119150623129,0.4562448556789197,0.49539476457905696
2024-08-29T13:57:11.615670,interface,0.7637795275590551,0.19656784642199798,0.3965008404593483,0.4881889763779528,0.102776766923241,0.927119150623129,0.4562448556789197,0.49539476457905696
2024-08-29T13:57:11.625486,interface,0.7637795275590551,0.19656784642199798,0.3965008404593483,0.49606299212598426,0.102776766923241,0.927119150623129,0.4562448556789197,0.49539476457905696
2024-08-29T13:57:11.635632,interface,0.7637795275590551,0.19656784642199798,0.3965008404593483,0.5118110236220472,0.102776766923241,0.927119150623129,0.4562448556789197,0.49539476457905696
2024-08-29T13:57:11.636897,interface,0.7637795275590551,0.19656784642199798,0.3965008404593483,0.5196850393700787,0.102776766923241,0.927119150623129,0.4562448556789197,0.49539476457905696
2024-08-29T13:57:11.642141,interface,0.7637795275590551,0.19656784642199798,0.3965008404593483,0.5275590551181102,0.102776766923241,0.927119150623129,0.4562448556789197,0.49539476457905696
2024-08-29T13:57:11.654867,interface,0.7637795275590551,0.19656784642199798,0.3965008404593483,0.5433070866141733,0.102776766923241,0.927119150623129,0.4562448556789197,0.49539476457905696
2024-08-29T13:57:11.668476,interface,0.7637795275590551,0.19656784642199798,0.3965008404593483,0.5511811023622047,0.102776766923241,0.927119150623129,0.4562448556789197,0.49539476457905696
2024-08-29T13:57:11.672034,interface,0.7637795275590551,0.19656784642199798,0.3965008404593483,0.5590551181102362,0.102776766923241,0.927119150623129,0.4562448556789197,0.49539476457905696
2024-08-29T13:57:11.673229,interface,0.7637795275590551,0.19656784642199798,0.3965008404593483,0.5669291338582677,0.102776766923241,0.927119150623129,0.4562448556789197,0.49539476457905696
2024-08-29T13:57:11.686056,interface,0.7637795275590551,0.19656784642199798,0.3965008404593483,0.5669291338582677,0.102776766923241,0.927119150623129,0.4562448556789197,0.49539476457905696
2024-08-29T13:57:11.701943,interface,0.7637795275590551,0.19656784642199798,0.3965008404593483,0.5748031496062992,0.102776766923241,0.927119150623129,0.4562448556789197,0.49539476457905696
2024-08-29T13:57:11.718454,interface,0.7637795275590551,0.19656784642199798,0.3965008404593483,0.5826771653543307,0.102776766923241,0.927119150623129,0.4562448556789197,0.49539476457905696
2024-08-29T13:57:11.734081,interface,0.7637795275590551,0.19656784642199798,0.3965008404593483,0.5826771653543307,0.102776766923241,0.927119150623129,0.4562448556789197,0.49539476457905696
2024-08-29T13:57:11.744966,interface,0.7637795275590551,0.19656784642199798,0.3965008404593483,0.5905511811023622,0.102776766923241,0.927119150623129,0.4562448556789197,0.49539476457905696
2024-08-29T13:57:11.756111,interface,0.7637795275590551,0.19656784642199798,0.3965008404593483,0.5984251968503937,0.102776766923241,0.927119150623129,0.4562448556789197,0.49539476457905696
2024-08-29T13:57:11.757446,interface,0.7637795275590551,0.19656784642199798,0.3965008404593483,0.5984251968503937,0.102776766923241,0.927119150623129,0.4562448556789197,0.49539476457905696
2024-08-29T13:57:11.762739,interface,0.7637795275590551,0.19656784642199798,0.3965008404593483,0.6062992125984252,0.102776766923241,0.927119150623129,0.4562448556789197,0.49539476457905696
2024-08-29T13:57:11.775115,interface,0.7637795275590551,0.19656784642199798,0.3965008404593483,0.6062992125984252,0.102776766923241,0.927119150623129,0.4562448556789197,0.49539476457905696
2024-08-29T13:57:11.785172,interface,0.7637795275590551,0.19656784642199798,0.3965008404593483,0.6141732283464567,0.102776766923241,0.927119150623129,0.4562448556789197,0.49539476457905696
2024-08-29T13:57:11.795653,interface,0.7637795275590551,0.19656784642199798,0.3965008404593483,0.6220472440944882,0.102776766923241,0.927119150623129,0.4562448556789197,0.49539476457905696
2024-08-29T13:57:11.796798,interface,0.7637795275590551,0.19656784642199798,0.3965008404593483,0.6299212598425197,0.102776766923241,0.927119150623129,0.4562448556789197,0.49539476457905696
2024-08-29T13:57:11.802055,interface,0.7637795275590551,0.19656784642199798,0.3965008404593483,0.6377952755905512,0.102776766923241,0.927119150623129,0.4562448556789197,0.49539476457905696
2024-08-29T13:57:11.818340,interface,0.7637795275590551,0.19656784642199798,0.3965008404593483,0.6456692913385826,0.102776766923241,0.927119150623129,0.4562448556789197,0.49539476457905696
2024-08-29T13:57:11.821664,interface,0.7637795275590551,0.19656784642199798,0.3965008404593483,0.6535433070866141,0.102776766923241,0.927119150623129,0.4562448556789197,0.49539476457905696
2024-08-29T13:57:11.835603,interface,0.7637795275590551,0.19656784642199798,0.3965008404593483,0.6614173228346457,0.102776766923241,0.927119150623129,0.4562448556789197,0.49539476457905696
2024-08-29T13:57:11.884009,interface,0.7637795275590551,0.19656784642199798,0.3965008404593483,0.6535433070866141,0.102776766923241,0.927119150623129,0.4562448556789197,0.49539476457905696
2024-08-29T13:57:11.894715,interface,0.7637795275590551,0.19656784642199798,0.3965008404593483,0.6456692913385826,0.102776766923241,0.927119150623129,0.4562448556789197,0.49539476457905696
2024-08-29T13:57:11.904826,interface,0.7637795275590551,0.19656784642199798,0.3965008404593483,0.6456692913385826,0.102776766923241,0.927119150623129,0.4562448556789197,0.49539476457905696
2024-08-29T13:57:11.906029,interface,0.7637795275590551,0.19656784642199798,0.3965008404593483,0.6377952755905512,0.102776766923241,0.927119150623129,0.4562448556789197,0.49539476457905696
2024-08-29T13:57:11.911441,interface,0.7637795275590551,0.19656784642199798,0.3965008404593483,0.6299212598425197,0.102776766923241,0.927119150623129,0.4562448556789197,0.49539476457905696
2024-08-29T13:57:11.925155,interface,0.7637795275590551,0.19656784642199798,0.3965008404593483,0.6220472440944882,0.102776766923241,0.927119150623129,0.4562448556789197,0.49539476457905696
2024-08-29T13:57:11.935749,interface,0.7637795275590551,0.19656784642199798,0.3965008404593483,0.6141732283464567,0.102776766923241,0.927119150623129,0.4562448556789197,0.49539476457905696
2024-08-29T13:57:11.945021,interface,0.7637795275590551,0.19656784642199798,0.3965008404593483,0.6141732283464567,0.102776766923241,0.927119150623129,0.4562448556789197,0.49539476457905696
2024-08-29T13:57:11.946182,interface,0.7637795275590551,0.19656784642199798,0.3965008404593483,0.6062992125984252,0.102776766923241,0.927119150623129,0.4562448556789197,0.49539476457905696
2024-08-29T13:57:11.951496,interface,0.7637795275590551,0.19656784642199798,0.3965008404593483,0.5984251968503937,0.102776766923241,0.927119150623129,0.4562448556789197,0.49539476457905696
2024-08-29T13:57:11.968336,interface,0.7637795275590551,0.19656784642199798,0.3965008404593483,0.5984251968503937,0.102776766923241,0.927119150623129,0.4562448556789197,0.49539476457905696
2024-08-29T13:57:11.971632,interface,0.7637795275590551,0.19656784642199798,0.3965008404593483,0.5905511811023622,0.102776766923241,0.927119150623129,0.4562448556789197,0.49539476457905696
2024-08-29T13:57:11.988211,interface,0.7637795275590551,0.19656784642199798,0.3965008404593483,0.5905511811023622,0.102776766923241,0.927119150623129,0.4562448556789197,0.49539476457905696
2024-08-29T13:57:12.084058,interface,0.7637795275590551,0.19656784642199798,0.3965008404593483,0.5905511811023622,0.102776766923241,0.927119150623129,0.4562448556789197,0.49539476457905696
2024-08-29T13:57:12.473946,interface,0.7637795275590551,0.19656784642199798,0.3965008404593483,0.5905511811023622,0.5196850393700787,0.927119150623129,0.4562448556789197,0.49539476457905696
2024-08-29T13:57:12.486079,interface,0.7637795275590551,0.19656784642199798,0.3965008404593483,0.5905511811023622,0.5275590551181102,0.927119150623129,0.4562448556789197,0.49539476457905696
2024-08-29T13:57:12.494974,interface,0.7637795275590551,0.19656784642199798,0.3965008404593483,0.5905511811023622,0.5354330708661418,0.927119150623129,0.4562448556789197,0.49539476457905696
2024-08-29T13:57:12.496122,interface,0.7637795275590551,0.19656784642199798,0.3965008404593483,0.5905511811023622,0.5433070866141733,0.927119150623129,0.4562448556789197,0.49539476457905696
2024-08-29T13:57:12.501457,interface,0.7637795275590551,0.19656784642199798,0.3965008404593483,0.5905511811023622,0.5511811023622047,0.927119150623129,0.4562448556789197,0.49539476457905696
2024-08-29T13:57:12.518334,interface,0.7637795275590551,0.19656784642199798,0.3965008404593483,0.5905511811023622,0.5590551181102362,0.927119150623129,0.4562448556789197,0.49539476457905696
2024-08-29T13:57:12.521655,interface,0.7637795275590551,0.19656784642199798,0.3965008404593483,0.5905511811023622,0.5748031496062992,0.927119150623129,0.4562448556789197,0.49539476457905696
2024-08-29T13:57:12.535209,interface,0.7637795275590551,0.19656784642199798,0.3965008404593483,0.5905511811023622,0.5826771653543307,0.927119150623129,0.4562448556789197,0.49539476457905696
2024-08-29T13:57:12.536453,interface,0.7637795275590551,0.19656784642199798,0.3965008404593483,0.5905511811023622,0.5826771653543307,0.927119150623129,0.4562448556789197,0.49539476457905696
2024-08-29T13:57:12.541792,interface,0.7637795275590551,0.19656784642199798,0.3965008404593483,0.5905511811023622,0.5905511811023622,0.927119150623129,0.4562448556789197,0.49539476457905696
2024-08-29T13:57:12.944196,interface,0.7637795275590551,0.19656784642199798,0.3965008404593483,0.5905511811023622,0.5826771653543307,0.927119150623129,0.4562448556789197,0.49539476457905696
2024-08-29T13:57:12.960453,interface,0.7637795275590551,0.19656784642199798,0.3965008404593483,0.5905511811023622,0.5826771653543307,0.927119150623129,0.4562448556789197,0.49539476457905696
2024-08-29T13:57:12.976319,interface,0.7637795275590551,0.19656784642199798,0.3965008404593483,0.5905511811023622,0.5748031496062992,0.927119150623129,0.4562448556789197,0.49539476457905696
2024-08-29T13:57:12.993334,interface,0.7637795275590551,0.19656784642199798,0.3965008404593483,0.5905511811023622,0.5669291338582677,0.927119150623129,0.4562448556789197,0.49539476457905696
2024-08-29T13:57:13.004806,interface,0.7637795275590551,0.19656784642199798,0.3965008404593483,0.5905511811023622,0.5669291338582677,0.927119150623129,0.4562448556789197,0.49539476457905696
2024-08-29T13:57:13.006062,interface,0.7637795275590551,0.19656784642199798,0.3965008404593483,0.5905511811023622,0.5590551181102362,0.927119150623129,0.4562448556789197,0.49539476457905696
2024-08-29T13:57:13.012041,interface,0.7637795275590551,0.19656784642199798,0.3965008404593483,0.5905511811023622,0.5590551181102362,0.927119150623129,0.4562448556789197,0.49539476457905696
2024-08-29T13:57:13.025062,interface,0.7637795275590551,0.19656784642199798,0.3965008404593483,0.5905511811023622,0.5511811023622047,0.927119150623129,0.4562448556789197,0.49539476457905696
2024-08-29T13:57:13.035224,interface,0.7637795275590551,0.19656784642199798,0.3965008404593483,0.5905511811023622,0.5433070866141733,0.927119150623129,0.4562448556789197,0.49539476457905696
2024-08-29T13:57:13.046064,interface,0.7637795275590551,0.19656784642199798,0.3965008404593483,0.5905511811023622,0.5354330708661418,0.927119150623129,0.4562448556789197,0.49539476457905696
2024-08-29T13:57:13.047220,interface,0.7637795275590551,0.19656784642199798,0.3965008404593483,0.5905511811023622,0.5275590551181102,0.927119150623129,0.4562448556789197,0.49539476457905696
2024-08-29T13:57:13.052441,interface,0.7637795275590551,0.19656784642199798,0.3965008404593483,0.5905511811023622,0.5196850393700787,0.927119150623129,0.4562448556789197,0.49539476457905696
2024-08-29T13:57:13.068379,interface,0.7637795275590551,0.19656784642199798,0.3965008404593483,0.5905511811023622,0.5196850393700787,0.927119150623129,0.4562448556789197,0.49539476457905696
2024-08-29T13:57:13.071685,interface,0.7637795275590551,0.19656784642199798,0.3965008404593483,0.5905511811023622,0.5118110236220472,0.927119150623129,0.4562448556789197,0.49539476457905696
2024-08-29T13:57:13.085429,interface,0.7637795275590551,0.19656784642199798,0.3965008404593483,0.5905511811023622,0.5039370078740157,0.927119150623129,0.4562448556789197,0.49539476457905696
2024-08-29T13:57:13.086715,interface,0.7637795275590551,0.19656784642199798,0.3965008404593483,0.5905511811023622,0.49606299212598426,0.927119150623129,0.4562448556789197,0.49539476457905696
2024-08-29T13:57:13.092040,interface,0.7637795275590551,0.19656784642199798,0.3965008404593483,0.5905511811023622,0.49606299212598426,0.927119150623129,0.4562448556789197,0.49539476457905696
2024-08-29T13:57:13.105665,interface,0.7637795275590551,0.19656784642199798,0.3965008404593483,0.5905511811023622,0.4881889763779528,0.927119150623129,0.4562448556789197,0.49539476457905696
2024-08-29T13:57:13.115013,interface,0.7637795275590551,0.19656784642199798,0.3965008404593483,0.5905511811023622,0.4881889763779528,0.927119150623129,0.4562448556789197,0.49539476457905696
2024-08-29T13:57:13.128342,interface,0.7637795275590551,0.19656784642199798,0.3965008404593483,0.5905511811023622,0.48031496062992124,0.927119150623129,0.4562448556789197,0.49539476457905696
2024-08-29T13:57:13.131744,interface,0.7637795275590551,0.19656784642199798,0.3965008404593483,0.5905511811023622,0.47244094488188976,0.927119150623129,0.4562448556789197,0.49539476457905696
2024-08-29T13:57:13.145810,interface,0.7637795275590551,0.19656784642199798,0.3965008404593483,0.5905511811023622,0.47244094488188976,0.927119150623129,0.4562448556789197,0.49539476457905696
2024-08-29T13:57:13.155377,interface,0.7637795275590551,0.19656784642199798,0.3965008404593483,0.5905511811023622,0.4645669291338583,0.927119150623129,0.4562448556789197,0.49539476457905696
2024-08-29T13:57:13.166721,interface,0.7637795275590551,0.19656784642199798,0.3965008404593483,0.5905511811023622,0.4645669291338583,0.927119150623129,0.4562448556789197,0.49539476457905696
2024-08-29T13:57:13.167865,interface,0.7637795275590551,0.19656784642199798,0.3965008404593483,0.5905511811023622,0.4566929133858268,0.927119150623129,0.4562448556789197,0.49539476457905696
2024-08-29T13:57:13.173138,interface,0.7637795275590551,0.19656784642199798,0.3965008404593483,0.5905511811023622,0.4566929133858268,0.927119150623129,0.4562448556789197,0.49539476457905696
2024-08-29T13:57:13.185767,interface,0.7637795275590551,0.19656784642199798,0.3965008404593483,0.5905511811023622,0.44881889763779526,0.927119150623129,0.4562448556789197,0.49539476457905696
2024-08-29T13:57:13.194700,interface,0.7637795275590551,0.19656784642199798,0.3965008404593483,0.5905511811023622,0.44881889763779526,0.927119150623129,0.4562448556789197,0.49539476457905696
2024-08-29T13:57:13.205197,interface,0.7637795275590551,0.19656784642199798,0.3965008404593483,0.5905511811023622,0.4409448818897638,0.927119150623129,0.4562448556789197,0.49539476457905696
2024-08-29T13:57:13.206353,interface,0.7637795275590551,0.19656784642199798,0.3965008404593483,0.5905511811023622,0.4330708661417323,0.927119150623129,0.4562448556789197,0.49539476457905696
2024-08-29T13:57:13.211752,interface,0.7637795275590551,0.19656784642199798,0.3965008404593483,0.5905511811023622,0.4330708661417323,0.927119150623129,0.4562448556789197,0.49539476457905696
2024-08-29T13:57:13.225427,interface,0.7637795275590551,0.19656784642199798,0.3965008404593483,0.5905511811023622,0.4251968503937008,0.927119150623129,0.4562448556789197,0.49539476457905696
2024-08-29T13:57:13.236170,interface,0.7637795275590551,0.19656784642199798,0.3965008404593483,0.5905511811023622,0.4251968503937008,0.927119150623129,0.4562448556789197,0.49539476457905696
2024-08-29T13:57:13.245004,interface,0.7637795275590551,0.19656784642199798,0.3965008404593483,0.5905511811023622,0.41732283464566927,0.927119150623129,0.4562448556789197,0.49539476457905696
2024-08-29T13:57:13.246200,interface,0.7637795275590551,0.19656784642199798,0.3965008404593483,0.5905511811023622,0.4094488188976378,0.927119150623129,0.4562448556789197,0.49539476457905696
2024-08-29T13:57:13.256562,interface,0.7637795275590551,0.19656784642199798,0.3965008404593483,0.5905511811023622,0.4094488188976378,0.927119150623129,0.4562448556789197,0.49539476457905696
2024-08-29T13:57:13.265674,interface,0.7637795275590551,0.19656784642199798,0.3965008404593483,0.5905511811023622,0.4015748031496063,0.927119150623129,0.4562448556789197,0.49539476457905696
2024-08-29T13:57:13.275057,interface,0.7637795275590551,0.19656784642199798,0.3965008404593483,0.5905511811023622,0.4015748031496063,0.927119150623129,0.4562448556789197,0.49539476457905696
2024-08-29T13:57:13.291463,interface,0.7637795275590551,0.19656784642199798,0.3965008404593483,0.5905511811023622,0.3937007874015748,0.927119150623129,0.4562448556789197,0.49539476457905696
2024-08-29T13:57:13.304394,interface,0.7637795275590551,0.19656784642199798,0.3965008404593483,0.5905511811023622,0.3858267716535433,0.927119150623129,0.4562448556789197,0.49539476457905696
2024-08-29T13:57:13.320275,interface,0.7637795275590551,0.19656784642199798,0.3965008404593483,0.5905511811023622,0.3779527559055118,0.927119150623129,0.4562448556789197,0.49539476457905696
2024-08-29T13:57:13.336472,interface,0.7637795275590551,0.19656784642199798,0.3965008404593483,0.5905511811023622,0.3779527559055118,0.927119150623129,0.4562448556789197,0.49539476457905696
2024-08-29T13:57:13.352361,interface,0.7637795275590551,0.19656784642199798,0.3965008404593483,0.5905511811023622,0.3700787401574803,0.927119150623129,0.4562448556789197,0.49539476457905696
2024-08-29T13:57:13.368345,interface,0.7637795275590551,0.19656784642199798,0.3965008404593483,0.5905511811023622,0.36220472440944884,0.927119150623129,0.4562448556789197,0.49539476457905696
2024-08-29T13:57:13.393368,interface,0.7637795275590551,0.19656784642199798,0.3965008404593483,0.5905511811023622,0.36220472440944884,0.927119150623129,0.4562448556789197,0.49539476457905696
2024-08-29T13:57:13.418325,interface,0.7637795275590551,0.19656784642199798,0.3965008404593483,0.5905511811023622,0.3543307086614173,0.927119150623129,0.4562448556789197,0.49539476457905696
2024-08-29T13:57:13.472257,interface,0.7637795275590551,0.19656784642199798,0.3965008404593483,0.5905511811023622,0.3543307086614173,0.927119150623129,0.4562448556789197,0.49539476457905696
2024-08-29T13:57:15.612810,interface,0.7637795275590551,0.19656784642199798,0.3965008404593483,0.5905511811023622,0.3543307086614173,0.927119150623129,0.4562448556789197,0.5669291338582677
2024-08-29T13:57:15.628748,interface,0.7637795275590551,0.19656784642199798,0.3965008404593483,0.5905511811023622,0.3543307086614173,0.927119150623129,0.4562448556789197,0.5590551181102362
2024-08-29T13:57:15.652673,interface,0.7637795275590551,0.19656784642199798,0.3965008404593483,0.5905511811023622,0.3543307086614173,0.927119150623129,0.4562448556789197,0.5511811023622047
2024-08-29T13:57:15.676652,interface,0.7637795275590551,0.19656784642199798,0.3965008404593483,0.5905511811023622,0.3543307086614173,0.927119150623129,0.4562448556789197,0.5511811023622047
2024-08-29T13:57:15.693427,interface,0.7637795275590551,0.19656784642199798,0.3965008404593483,0.5905511811023622,0.3543307086614173,0.927119150623129,0.4562448556789197,0.5433070866141733
2024-08-29T13:57:15.718325,interface,0.7637795275590551,0.19656784642199798,0.3965008404593483,0.5905511811023622,0.3543307086614173,0.927119150623129,0.4562448556789197,0.5433070866141733
2024-08-29T13:57:15.772690,interface,0.7637795275590551,0.19656784642199798,0.3965008404593483,0.5905511811023622,0.3543307086614173,0.927119150623129,0.4562448556789197,0.5354330708661418
2024-08-29T13:57:15.828672,interface,0.7637795275590551,0.19656784642199798,0.3965008404593483,0.5905511811023622,0.3543307086614173,0.927119150623129,0.4562448556789197,0.5354330708661418
2024-08-29T13:57:15.860817,interface,0.7637795275590551,0.19656784642199798,0.3965008404593483,0.5905511811023622,0.3543307086614173,0.927119150623129,0.4562448556789197,0.5275590551181102
2024-08-29T13:57:15.918262,interface,0.7637795275590551,0.19656784642199798,0.3965008404593483,0.5905511811023622,0.3543307086614173,0.927119150623129,0.4562448556789197,0.5275590551181102
2024-08-29T13:57:15.956637,interface,0.7637795275590551,0.19656784642199798,0.3965008404593483,0.5905511811023622,0.3543307086614173,0.927119150623129,0.4562448556789197,0.5196850393700787
2024-08-29T13:57:17.170755,interface,0.7637795275590551,0.19656784642199798,0.3965008404593483,0.5905511811023622,0.3543307086614173,0.6614173228346457,0.4562448556789197,0.5196850393700787
2024-08-29T13:57:17.188068,interface,0.7637795275590551,0.19656784642199798,0.3965008404593483,0.5905511811023622,0.3543307086614173,0.6692913385826772,0.4562448556789197,0.5196850393700787
2024-08-29T13:57:17.202815,interface,0.7637795275590551,0.19656784642199798,0.3965008404593483,0.5905511811023622,0.3543307086614173,0.6771653543307087,0.4562448556789197,0.5196850393700787
2024-08-29T13:57:17.218513,interface,0.7637795275590551,0.19656784642199798,0.3965008404593483,0.5905511811023622,0.3543307086614173,0.6771653543307087,0.4562448556789197,0.5196850393700787
2024-08-29T13:57:17.219671,interface,0.7637795275590551,0.19656784642199798,0.3965008404593483,0.5905511811023622,0.3543307086614173,0.6850393700787402,0.4562448556789197,0.5196850393700787
2024-08-29T13:57:17.234962,interface,0.7637795275590551,0.19656784642199798,0.3965008404593483,0.5905511811023622,0.3543307086614173,0.6850393700787402,0.4562448556789197,0.5196850393700787
2024-08-29T13:57:17.250798,interface,0.7637795275590551,0.19656784642199798,0.3965008404593483,0.5905511811023622,0.3543307086614173,0.7007874015748031,0.4562448556789197,0.5196850393700787
2024-08-29T13:57:17.268345,interface,0.7637795275590551,0.19656784642199798,0.3965008404593483,0.5905511811023622,0.3543307086614173,0.7007874015748031,0.4562448556789197,0.5196850393700787
2024-08-29T13:57:17.271644,interface,0.7637795275590551,0.19656784642199798,0.3965008404593483,0.5905511811023622,0.3543307086614173,0.7086614173228346,0.4562448556789197,0.5196850393700787
2024-08-29T13:57:17.286013,interface,0.7637795275590551,0.19656784642199798,0.3965008404593483,0.5905511811023622,0.3543307086614173,0.7165354330708661,0.4562448556789197,0.5196850393700787
2024-08-29T13:57:17.295142,interface,0.7637795275590551,0.19656784642199798,0.3965008404593483,0.5905511811023622,0.3543307086614173,0.7165354330708661,0.4562448556789197,0.5196850393700787
2024-08-29T13:57:17.296285,interface,0.7637795275590551,0.19656784642199798,0.3965008404593483,0.5905511811023622,0.3543307086614173,0.7244094488188977,0.4562448556789197,0.5196850393700787
2024-08-29T13:57:17.306830,interface,0.7637795275590551,0.19656784642199798,0.3965008404593483,0.5905511811023622,0.3543307086614173,0.7244094488188977,0.4562448556789197,0.5196850393700787
2024-08-29T13:57:17.315532,interface,0.7637795275590551,0.19656784642199798,0.3965008404593483,0.5905511811023622,0.3543307086614173,0.7322834645669292,0.4562448556789197,0.5196850393700787
2024-08-29T13:57:17.324678,interface,0.7637795275590551,0.19656784642199798,0.3965008404593483,0.5905511811023622,0.3543307086614173,0.7322834645669292,0.4562448556789197,0.5196850393700787
2024-08-29T13:57:17.335675,interface,0.7637795275590551,0.19656784642199798,0.3965008404593483,0.5905511811023622,0.3543307086614173,0.7401574803149606,0.4562448556789197,0.5196850393700787
2024-08-29T13:57:17.336981,interface,0.7637795275590551,0.19656784642199798,0.3965008404593483,0.5905511811023622,0.3543307086614173,0.7480314960629921,0.4562448556789197,0.5196850393700787
2024-08-29T13:57:17.342288,interface,0.7637795275590551,0.19656784642199798,0.3965008404593483,0.5905511811023622,0.3543307086614173,0.7480314960629921,0.4562448556789197,0.5196850393700787
2024-08-29T13:57:17.355679,interface,0.7637795275590551,0.19656784642199798,0.3965008404593483,0.5905511811023622,0.3543307086614173,0.7559055118110236,0.4562448556789197,0.5196850393700787
2024-08-29T13:57:17.370793,interface,0.7637795275590551,0.19656784642199798,0.3965008404593483,0.5905511811023622,0.3543307086614173,0.7559055118110236,0.4562448556789197,0.5196850393700787
2024-08-29T13:57:17.386957,interface,0.7637795275590551,0.19656784642199798,0.3965008404593483,0.5905511811023622,0.3543307086614173,0.7637795275590551,0.4562448556789197,0.5196850393700787
2024-08-29T13:57:17.402828,interface,0.7637795275590551,0.19656784642199798,0.3965008404593483,0.5905511811023622,0.3543307086614173,0.7716535433070866,0.4562448556789197,0.5196850393700787
2024-08-29T13:57:17.418431,interface,0.7637795275590551,0.19656784642199798,0.3965008404593483,0.5905511811023622,0.3543307086614173,0.7795275590551181,0.4562448556789197,0.5196850393700787
2024-08-29T13:57:17.419578,interface,0.7637795275590551,0.19656784642199798,0.3965008404593483,0.5905511811023622,0.3543307086614173,0.7795275590551181,0.4562448556789197,0.5196850393700787
2024-08-29T13:57:17.422860,interface,0.7637795275590551,0.19656784642199798,0.3965008404593483,0.5905511811023622,0.3543307086614173,0.7874015748031497,0.4562448556789197,0.5196850393700787
2024-08-29T13:57:17.437104,interface,0.7637795275590551,0.19656784642199798,0.3965008404593483,0.5905511811023622,0.3543307086614173,0.7874015748031497,0.4562448556789197,0.5196850393700787
2024-08-29T13:57:17.445590,interface,0.7637795275590551,0.19656784642199798,0.3965008404593483,0.5905511811023622,0.3543307086614173,0.7952755905511811,0.4562448556789197,0.5196850393700787
2024-08-29T13:57:17.455517,interface,0.7637795275590551,0.19656784642199798,0.3965008404593483,0.5905511811023622,0.3543307086614173,0.7952755905511811,0.4562448556789197,0.5196850393700787
2024-08-29T13:57:17.466795,interface,0.7637795275590551,0.19656784642199798,0.3965008404593483,0.5905511811023622,0.3543307086614173,0.8031496062992126,0.4562448556789197,0.5196850393700787
2024-08-29T13:57:17.482962,interface,0.7637795275590551,0.19656784642199798,0.3965008404593483,0.5905511811023622,0.3543307086614173,0.8110236220472441,0.4562448556789197,0.5196850393700787
2024-08-29T13:57:17.494649,interface,0.7637795275590551,0.19656784642199798,0.3965008404593483,0.5905511811023622,0.3543307086614173,0.8110236220472441,0.4562448556789197,0.5196850393700787
2024-08-29T13:57:17.506901,interface,0.7637795275590551,0.19656784642199798,0.3965008404593483,0.5905511811023622,0.3543307086614173,0.8188976377952756,0.4562448556789197,0.5196850393700787
2024-08-29T13:57:17.522877,interface,0.7637795275590551,0.19656784642199798,0.3965008404593483,0.5905511811023622,0.3543307086614173,0.8267716535433071,0.4562448556789197,0.5196850393700787
2024-08-29T13:57:17.536096,interface,0.7637795275590551,0.19656784642199798,0.3965008404593483,0.5905511811023622,0.3543307086614173,0.8267716535433071,0.4562448556789197,0.5196850393700787
2024-08-29T13:57:17.537380,interface,0.7637795275590551,0.19656784642199798,0.3965008404593483,0.5905511811023622,0.3543307086614173,0.8346456692913385,0.4562448556789197,0.5196850393700787
2024-08-29T13:57:17.554862,interface,0.7637795275590551,0.19656784642199798,0.3965008404593483,0.5905511811023622,0.3543307086614173,0.8346456692913385,0.4562448556789197,0.5196850393700787
2024-08-29T13:57:17.570730,interface,0.7637795275590551,0.19656784642199798,0.3965008404593483,0.5905511811023622,0.3543307086614173,0.84251968503937,0.4562448556789197,0.5196850393700787
2024-08-29T13:57:17.587011,interface,0.7637795275590551,0.19656784642199798,0.3965008404593483,0.5905511811023622,0.3543307086614173,0.8503937007874016,0.4562448556789197,0.5196850393700787
2024-08-29T13:57:17.602885,interface,0.7637795275590551,0.19656784642199798,0.3965008404593483,0.5905511811023622,0.3543307086614173,0.8582677165354331,0.4562448556789197,0.5196850393700787
2024-08-29T13:57:17.618722,interface,0.7637795275590551,0.19656784642199798,0.3965008404593483,0.5905511811023622,0.3543307086614173,0.8582677165354331,0.4562448556789197,0.5196850393700787
2024-08-29T13:57:17.922864,interface,0.7637795275590551,0.19656784642199798,0.3965008404593483,0.5905511811023622,0.3543307086614173,0.8661417322834646,0.4562448556789197,0.5196850393700787
2024-08-29T13:57:17.943321,interface,0.7637795275590551,0.19656784642199798,0.3965008404593483,0.5905511811023622,0.3543307086614173,0.8661417322834646,0.4562448556789197,0.5196850393700787
2024-08-29T13:57:17.954991,interface,0.7637795275590551,0.19656784642199798,0.3965008404593483,0.5905511811023622,0.3543307086614173,0.8740157480314961,0.4562448556789197,0.5196850393700787
2024-08-29T13:57:17.970866,interface,0.7637795275590551,0.19656784642199798,0.3965008404593483,0.5905511811023622,0.3543307086614173,0.8818897637795275,0.4562448556789197,0.5196850393700787
2024-08-29T13:57:17.974325,interface,0.7637795275590551,0.19656784642199798,0.3965008404593483,0.5905511811023622,0.3543307086614173,0.8818897637795275,0.4562448556789197,0.5196850393700787
2024-08-29T13:57:17.987073,interface,0.7637795275590551,0.19656784642199798,0.3965008404593483,0.5905511811023622,0.3543307086614173,0.889763779527559,0.4562448556789197,0.5196850393700787
2024-08-29T13:57:17.990543,interface,0.7637795275590551,0.19656784642199798,0.3965008404593483,0.5905511811023622,0.3543307086614173,0.889763779527559,0.4562448556789197,0.5196850393700787
2024-08-29T13:57:18.011084,interface,0.7637795275590551,0.19656784642199798,0.3965008404593483,0.5905511811023622,0.3543307086614173,0.8976377952755905,0.4562448556789197,0.5196850393700787
2024-08-29T13:57:18.014573,interface,0.7637795275590551,0.19656784642199798,0.3965008404593483,0.5905511811023622,0.3543307086614173,0.8976377952755905,0.4562448556789197,0.5196850393700787
2024-08-29T13:57:18.035097,interface,0.7637795275590551,0.19656784642199798,0.3965008404593483,0.5905511811023622,0.3543307086614173,0.905511811023622,0.4562448556789197,0.5196850393700787
2024-08-29T13:57:18.050984,interface,0.7637795275590551,0.19656784642199798,0.3965008404593483,0.5905511811023622,0.3543307086614173,0.9133858267716536,0.4562448556789197,0.5196850393700787
2024-08-29T13:57:18.068338,interface,0.7637795275590551,0.19656784642199798,0.3965008404593483,0.5905511811023622,0.3543307086614173,0.9133858267716536,0.4562448556789197,0.5196850393700787
2024-08-29T13:57:18.083139,interface,0.7637795275590551,0.19656784642199798,0.3965008404593483,0.5905511811023622,0.3543307086614173,0.9212598425196851,0.4562448556789197,0.5196850393700787
2024-08-29T13:57:18.098991,interface,0.7637795275590551,0.19656784642199798,0.3965008404593483,0.5905511811023622,0.3543307086614173,0.9212598425196851,0.4562448556789197,0.5196850393700787
2024-08-29T13:57:18.123083,interface,0.7637795275590551,0.19656784642199798,0.3965008404593483,0.5905511811023622,0.3543307086614173,0.9291338582677166,0.4562448556789197,0.5196850393700787
2024-08-29T13:57:18.146877,interface,0.7637795275590551,0.19656784642199798,0.3965008404593483,0.5905511811023622,0.3543307086614173,0.9291338582677166,0.4562448556789197,0.5196850393700787
2024-08-29T13:57:18.178926,interface,0.7637795275590551,0.19656784642199798,0.3965008404593483,0.5905511811023622,0.3543307086614173,0.937007874015748,0.4562448556789197,0.5196850393700787
2024-08-29T13:57:18.218882,interface,0.7637795275590551,0.19656784642199798,0.3965008404593483,0.5905511811023622,0.3543307086614173,0.937007874015748,0.4562448556789197,0.5196850393700787
2024-08-29T13:57:18.268301,interface,0.7637795275590551,0.19656784642199798,0.3965008404593483,0.5905511811023622,0.3543307086614173,0.9448818897637795,0.4562448556789197,0.5196850393700787
2024-08-29T13:57:18.306917,interface,0.7637795275590551,0.19656784642199798,0.3965008404593483,0.5905511811023622,0.3543307086614173,0.9448818897637795,0.4562448556789197,0.5196850393700787
2024-08-29T13:57:18.343330,interface,0.7637795275590551,0.19656784642199798,0.3965008404593483,0.5905511811023622,0.3543307086614173,0.952755905511811,0.4562448556789197,0.5196850393700787
2024-08-29T13:57:18.370907,interface,0.7637795275590551,0.19656784642199798,0.3965008404593483,0.5905511811023622,0.3543307086614173,0.9606299212598425,0.4562448556789197,0.5196850393700787
2024-08-29T13:57:18.394926,interface,0.7637795275590551,0.19656784642199798,0.3965008404593483,0.5905511811023622,0.3543307086614173,0.9606299212598425,0.4562448556789197,0.5196850393700787
2024-08-29T13:57:19.131338,interface,0.7637795275590551,0.19656784642199798,0.3965008404593483,0.5905511811023622,0.3543307086614173,0.9606299212598425,0.0,0.5196850393700787
2024-08-29T13:57:19.175354,interface,0.7637795275590551,0.19656784642199798,0.3965008404593483,0.5905511811023622,0.3543307086614173,0.9606299212598425,0.007874015748031496,0.5196850393700787
2024-08-29T13:57:19.207372,interface,0.7637795275590551,0.19656784642199798,0.3965008404593483,0.5905511811023622,0.3543307086614173,0.9606299212598425,0.007874015748031496,0.5196850393700787
2024-08-29T13:57:19.223349,interface,0.7637795275590551,0.19656784642199798,0.3965008404593483,0.5905511811023622,0.3543307086614173,0.9606299212598425,0.015748031496062992,0.5196850393700787
2024-08-29T13:57:19.243321,interface,0.7637795275590551,0.19656784642199798,0.3965008404593483,0.5905511811023622,0.3543307086614173,0.9606299212598425,0.023622047244094488,0.5196850393700787
2024-08-29T13:57:19.268302,interface,0.7637795275590551,0.19656784642199798,0.3965008404593483,0.5905511811023622,0.3543307086614173,0.9606299212598425,0.023622047244094488,0.5196850393700787
2024-08-29T13:57:19.287519,interface,0.7637795275590551,0.19656784642199798,0.3965008404593483,0.5905511811023622,0.3543307086614173,0.9606299212598425,0.031496062992125984,0.5196850393700787
2024-08-29T13:57:19.303368,interface,0.7637795275590551,0.19656784642199798,0.3965008404593483,0.5905511811023622,0.3543307086614173,0.9606299212598425,0.031496062992125984,0.5196850393700787
2024-08-29T13:57:19.319232,interface,0.7637795275590551,0.19656784642199798,0.3965008404593483,0.5905511811023622,0.3543307086614173,0.9606299212598425,0.03937007874015748,0.5196850393700787
2024-08-29T13:57:19.335499,interface,0.7637795275590551,0.19656784642199798,0.3965008404593483,0.5905511811023622,0.3543307086614173,0.9606299212598425,0.03937007874015748,0.5196850393700787
2024-08-29T13:57:19.351371,interface,0.7637795275590551,0.19656784642199798,0.3965008404593483,0.5905511811023622,0.3543307086614173,0.9606299212598425,0.047244094488188976,0.5196850393700787
2024-08-29T13:57:19.375298,interface,0.7637795275590551,0.19656784642199798,0.3965008404593483,0.5905511811023622,0.3543307086614173,0.9606299212598425,0.05511811023622047,0.5196850393700787
2024-08-29T13:57:19.393377,interface,0.7637795275590551,0.19656784642199798,0.3965008404593483,0.5905511811023622,0.3543307086614173,0.9606299212598425,0.05511811023622047,0.5196850393700787
2024-08-29T13:57:19.407502,interface,0.7637795275590551,0.19656784642199798,0.3965008404593483,0.5905511811023622,0.3543307086614173,0.9606299212598425,0.06299212598425197,0.5196850393700787
2024-08-29T13:57:19.431437,interface,0.7637795275590551,0.19656784642199798,0.3965008404593483,0.5905511811023622,0.3543307086614173,0.9606299212598425,0.07086614173228346,0.5196850393700787
2024-08-29T13:57:19.447381,interface,0.7637795275590551,0.19656784642199798,0.3965008404593483,0.5905511811023622,0.3543307086614173,0.9606299212598425,0.07086614173228346,0.5196850393700787
2024-08-29T13:57:19.468302,interface,0.7637795275590551,0.19656784642199798,0.3965008404593483,0.5905511811023622,0.3543307086614173,0.9606299212598425,0.07874015748031496,0.5196850393700787
2024-08-29T13:57:19.479404,interface,0.7637795275590551,0.19656784642199798,0.3965008404593483,0.5905511811023622,0.3543307086614173,0.9606299212598425,0.07874015748031496,0.5196850393700787
2024-08-29T13:57:19.495288,interface,0.7637795275590551,0.19656784642199798,0.3965008404593483,0.5905511811023622,0.3543307086614173,0.9606299212598425,0.08661417322834646,0.5196850393700787
2024-08-29T13:57:19.511572,interface,0.7637795275590551,0.19656784642199798,0.3965008404593483,0.5905511811023622,0.3543307086614173,0.9606299212598425,0.08661417322834646,0.5196850393700787
2024-08-29T13:57:19.527399,interface,0.7637795275590551,0.19656784642199798,0.3965008404593483,0.5905511811023622,0.3543307086614173,0.9606299212598425,0.09448818897637795,0.5196850393700787
2024-08-29T13:57:19.551288,interface,0.7637795275590551,0.19656784642199798,0.3965008404593483,0.5905511811023622,0.3543307086614173,0.9606299212598425,0.09448818897637795,0.5196850393700787
2024-08-29T13:57:19.575285,interface,0.7637795275590551,0.19656784642199798,0.3965008404593483,0.5905511811023622,0.3543307086614173,0.9606299212598425,0.10236220472440945,0.5196850393700787
2024-08-29T13:57:19.599291,interface,0.7637795275590551,0.19656784642199798,0.3965008404593483,0.5905511811023622,0.3543307086614173,0.9606299212598425,0.10236220472440945,0.5196850393700787
2024-08-29T13:57:19.623281,interface,0.7637795275590551,0.19656784642199798,0.3965008404593483,0.5905511811023622,0.3543307086614173,0.9606299212598425,0.11023622047244094,0.5196850393700787
2024-08-29T13:57:19.655296,interface,0.7637795275590551,0.19656784642199798,0.3965008404593483,0.5905511811023622,0.3543307086614173,0.9606299212598425,0.11811023622047244,0.5196850393700787
2024-08-29T13:57:19.687481,interface,0.7637795275590551,0.19656784642199798,0.3965008404593483,0.5905511811023622,0.3543307086614173,0.9606299212598425,0.11811023622047244,0.5196850393700787
2024-08-29T13:57:19.719360,interface,0.7637795275590551,0.19656784642199798,0.3965008404593483,0.5905511811023622,0.3543307086614173,0.9606299212598425,0.12598425196850394,0.5196850393700787
2024-08-29T13:57:19.751320,interface,0.7637795275590551,0.19656784642199798,0.3965008404593483,0.5905511811023622,0.3543307086614173,0.9606299212598425,0.12598425196850394,0.5196850393700787
2024-08-29T13:57:19.775338,interface,0.7637795275590551,0.19656784642199798,0.3965008404593483,0.5905511811023622,0.3543307086614173,0.9606299212598425,0.13385826771653545,0.5196850393700787
2024-08-29T13:57:19.799400,interface,0.7637795275590551,0.19656784642199798,0.3965008404593483,0.5905511811023622,0.3543307086614173,0.9606299212598425,0.13385826771653545,0.5196850393700787
2024-08-29T13:57:19.831337,interface,0.7637795275590551,0.19656784642199798,0.3965008404593483,0.5905511811023622,0.3543307086614173,0.9606299212598425,0.14173228346456693,0.5196850393700787
2024-08-29T13:57:19.868340,interface,0.7637795275590551,0.19656784642199798,0.3965008404593483,0.5905511811023622,0.3543307086614173,0.9606299212598425,0.14173228346456693,0.5196850393700787
2024-08-29T13:57:19.911486,interface,0.7637795275590551,0.19656784642199798,0.3965008404593483,0.5905511811023622,0.3543307086614173,0.9606299212598425,0.14960629921259844,0.5196850393700787
2024-08-29T13:57:40.598880,interface,0.7637795275590551,0.19656784642199798,0.3965008404593483,0.5905511811023622,0.33858267716535434,0.9606299212598425,0.14960629921259844,0.5196850393700787
2024-08-29T13:57:40.608150,interface,0.7637795275590551,0.19656784642199798,0.3965008404593483,0.5905511811023622,0.33858267716535434,0.9606299212598425,0.14960629921259844,0.5196850393700787
2024-08-29T13:57:40.611634,interface,0.7637795275590551,0.19656784642199798,0.3965008404593483,0.5905511811023622,0.33070866141732286,0.9606299212598425,0.14960629921259844,0.5196850393700787
2024-08-29T13:57:40.624912,interface,0.7637795275590551,0.19656784642199798,0.3965008404593483,0.5905511811023622,0.33070866141732286,0.9606299212598425,0.14960629921259844,0.5196850393700787
2024-08-29T13:57:40.635170,interface,0.7637795275590551,0.19656784642199798,0.3965008404593483,0.5905511811023622,0.31496062992125984,0.9606299212598425,0.14960629921259844,0.5196850393700787
2024-08-29T13:57:40.636447,interface,0.7637795275590551,0.19656784642199798,0.3965008404593483,0.5905511811023622,0.30708661417322836,0.9606299212598425,0.14960629921259844,0.5196850393700787
2024-08-29T13:57:40.647049,interface,0.7637795275590551,0.19656784642199798,0.3965008404593483,0.5905511811023622,0.29133858267716534,0.9606299212598425,0.14960629921259844,0.5196850393700787
2024-08-29T13:57:40.655501,interface,0.7637795275590551,0.19656784642199798,0.3965008404593483,0.5905511811023622,0.2755905511811024,0.9606299212598425,0.14960629921259844,0.5196850393700787
2024-08-29T13:57:40.665761,interface,0.7637795275590551,0.19656784642199798,0.3965008404593483,0.5905511811023622,0.25984251968503935,0.9606299212598425,0.14960629921259844,0.5196850393700787
2024-08-29T13:57:40.677139,interface,0.7637795275590551,0.19656784642199798,0.3965008404593483,0.5905511811023622,0.23622047244094488,0.9606299212598425,0.14960629921259844,0.5196850393700787
2024-08-29T13:57:40.678298,interface,0.7637795275590551,0.19656784642199798,0.3965008404593483,0.5905511811023622,0.2125984251968504,0.9606299212598425,0.14960629921259844,0.5196850393700787
2024-08-29T13:57:40.683655,interface,0.7637795275590551,0.19656784642199798,0.3965008404593483,0.5905511811023622,0.1889763779527559,0.9606299212598425,0.14960629921259844,0.5196850393700787
2024-08-29T13:57:40.695579,interface,0.7637795275590551,0.19656784642199798,0.3965008404593483,0.5905511811023622,0.16535433070866143,0.9606299212598425,0.14960629921259844,0.5196850393700787
2024-08-29T13:57:40.704924,interface,0.7637795275590551,0.19656784642199798,0.3965008404593483,0.5905511811023622,0.14173228346456693,0.9606299212598425,0.14960629921259844,0.5196850393700787
2024-08-29T13:57:40.718748,interface,0.7637795275590551,0.19656784642199798,0.3965008404593483,0.5905511811023622,0.11811023622047244,0.9606299212598425,0.14960629921259844,0.5196850393700787
2024-08-29T13:57:40.719952,interface,0.7637795275590551,0.19656784642199798,0.3965008404593483,0.5905511811023622,0.10236220472440945,0.9606299212598425,0.14960629921259844,0.5196850393700787
2024-08-29T13:57:40.723257,interface,0.7637795275590551,0.19656784642199798,0.3965008404593483,0.5905511811023622,0.07874015748031496,0.9606299212598425,0.14960629921259844,0.5196850393700787
2024-08-29T13:57:40.736181,interface,0.7637795275590551,0.19656784642199798,0.3965008404593483,0.5905511811023622,0.06299212598425197,0.9606299212598425,0.14960629921259844,0.5196850393700787
2024-08-29T13:57:40.745804,interface,0.7637795275590551,0.19656784642199798,0.3965008404593483,0.5905511811023622,0.047244094488188976,0.9606299212598425,0.14960629921259844,0.5196850393700787
2024-08-29T13:57:40.755048,interface,0.7637795275590551,0.19656784642199798,0.3965008404593483,0.5905511811023622,0.03937007874015748,0.9606299212598425,0.14960629921259844,0.5196850393700787
2024-08-29T13:57:40.756246,interface,0.7637795275590551,0.19656784642199798,0.3965008404593483,0.5905511811023622,0.023622047244094488,0.9606299212598425,0.14960629921259844,0.5196850393700787
2024-08-29T13:57:40.767140,interface,0.7637795275590551,0.19656784642199798,0.3965008404593483,0.5905511811023622,0.015748031496062992,0.9606299212598425,0.14960629921259844,0.5196850393700787
2024-08-29T13:57:40.775699,interface,0.7637795275590551,0.19656784642199798,0.3965008404593483,0.5905511811023622,0.007874015748031496,0.9606299212598425,0.14960629921259844,0.5196850393700787
2024-08-29T13:57:40.793371,interface,0.7637795275590551,0.19656784642199798,0.3965008404593483,0.5905511811023622,0.0,0.9606299212598425,0.14960629921259844,0.5196850393700787
2024-08-29T13:57:40.807222,interface,0.7637795275590551,0.19656784642199798,0.3965008404593483,0.5905511811023622,0.0,0.9606299212598425,0.14960629921259844,0.5196850393700787
2024-08-29T13:57:41.451186,interface,0.7637795275590551,0.5905511811023622,0.3965008404593483,0.5905511811023622,0.0,0.9606299212598425,0.14960629921259844,0.5196850393700787
2024-08-29T13:57:41.468296,interface,0.7637795275590551,0.5984251968503937,0.3965008404593483,0.5905511811023622,0.0,0.9606299212598425,0.14960629921259844,0.5196850393700787
2024-08-29T13:57:41.471747,interface,0.7637795275590551,0.5984251968503937,0.3965008404593483,0.5905511811023622,0.0,0.9606299212598425,0.14960629921259844,0.5196850393700787
2024-08-29T13:57:41.484991,interface,0.7637795275590551,0.6062992125984252,0.3965008404593483,0.5905511811023622,0.0,0.9606299212598425,0.14960629921259844,0.5196850393700787
2024-08-29T13:57:41.495110,interface,0.7637795275590551,0.6062992125984252,0.3965008404593483,0.5905511811023622,0.0,0.9606299212598425,0.14960629921259844,0.5196850393700787
2024-08-29T13:57:41.496300,interface,0.7637795275590551,0.6141732283464567,0.3965008404593483,0.5905511811023622,0.0,0.9606299212598425,0.14960629921259844,0.5196850393700787
2024-08-29T13:57:41.507493,interface,0.7637795275590551,0.6141732283464567,0.3965008404593483,0.5905511811023622,0.0,0.9606299212598425,0.14960629921259844,0.5196850393700787
2024-08-29T13:57:41.523321,interface,0.7637795275590551,0.6220472440944882,0.3965008404593483,0.5905511811023622,0.0,0.9606299212598425,0.14960629921259844,0.5196850393700787
2024-08-29T13:57:41.543714,interface,0.7637795275590551,0.6299212598425197,0.3965008404593483,0.5905511811023622,0.0,0.9606299212598425,0.14960629921259844,0.5196850393700787
2024-08-29T13:57:41.545007,interface,0.7637795275590551,0.6377952755905512,0.3965008404593483,0.5905511811023622,0.0,0.9606299212598425,0.14960629921259844,0.5196850393700787
2024-08-29T13:57:41.559419,interface,0.7637795275590551,0.6377952755905512,0.3965008404593483,0.5905511811023622,0.0,0.9606299212598425,0.14960629921259844,0.5196850393700787
2024-08-29T13:57:41.560680,interface,0.7637795275590551,0.6456692913385826,0.3965008404593483,0.5905511811023622,0.0,0.9606299212598425,0.14960629921259844,0.5196850393700787
2024-08-29T13:57:41.575158,interface,0.7637795275590551,0.6535433070866141,0.3965008404593483,0.5905511811023622,0.0,0.9606299212598425,0.14960629921259844,0.5196850393700787
2024-08-29T13:57:41.576308,interface,0.7637795275590551,0.6535433070866141,0.3965008404593483,0.5905511811023622,0.0,0.9606299212598425,0.14960629921259844,0.5196850393700787
2024-08-29T13:57:41.587433,interface,0.7637795275590551,0.6614173228346457,0.3965008404593483,0.5905511811023622,0.0,0.9606299212598425,0.14960629921259844,0.5196850393700787
2024-08-29T13:57:41.590875,interface,0.7637795275590551,0.6692913385826772,0.3965008404593483,0.5905511811023622,0.0,0.9606299212598425,0.14960629921259844,0.5196850393700787
2024-08-29T13:57:41.611443,interface,0.7637795275590551,0.6692913385826772,0.3965008404593483,0.5905511811023622,0.0,0.9606299212598425,0.14960629921259844,0.5196850393700787
2024-08-29T13:57:41.635577,interface,0.7637795275590551,0.6771653543307087,0.3965008404593483,0.5905511811023622,0.0,0.9606299212598425,0.14960629921259844,0.5196850393700787
2024-08-29T13:57:42.053321,interface,0.7637795275590551,0.6771653543307087,0.7322834645669292,0.5905511811023622,0.0,0.9606299212598425,0.14960629921259844,0.5196850393700787
2024-08-29T13:57:42.069283,interface,0.7637795275590551,0.6771653543307087,0.7401574803149606,0.5905511811023622,0.0,0.9606299212598425,0.14960629921259844,0.5196850393700787
2024-08-29T13:57:42.077775,interface,0.7637795275590551,0.6771653543307087,0.7480314960629921,0.5905511811023622,0.0,0.9606299212598425,0.14960629921259844,0.5196850393700787
2024-08-29T13:57:42.081184,interface,0.7637795275590551,0.6771653543307087,0.7480314960629921,0.5905511811023622,0.0,0.9606299212598425,0.14960629921259844,0.5196850393700787
2024-08-29T13:57:42.095427,interface,0.7637795275590551,0.6771653543307087,0.7559055118110236,0.5905511811023622,0.0,0.9606299212598425,0.14960629921259844,0.5196850393700787
2024-08-29T13:57:42.096576,interface,0.7637795275590551,0.6771653543307087,0.7637795275590551,0.5905511811023622,0.0,0.9606299212598425,0.14960629921259844,0.5196850393700787
2024-08-29T13:57:42.107554,interface,0.7637795275590551,0.6771653543307087,0.7637795275590551,0.5905511811023622,0.0,0.9606299212598425,0.14960629921259844,0.5196850393700787
2024-08-29T13:57:42.111037,interface,0.7637795275590551,0.6771653543307087,0.7716535433070866,0.5905511811023622,0.0,0.9606299212598425,0.14960629921259844,0.5196850393700787
2024-08-29T13:57:42.125313,interface,0.7637795275590551,0.6771653543307087,0.7795275590551181,0.5905511811023622,0.0,0.9606299212598425,0.14960629921259844,0.5196850393700787
2024-08-29T13:57:42.135029,interface,0.7637795275590551,0.6771653543307087,0.7874015748031497,0.5905511811023622,0.0,0.9606299212598425,0.14960629921259844,0.5196850393700787
2024-08-29T13:57:42.136298,interface,0.7637795275590551,0.6771653543307087,0.7952755905511811,0.5905511811023622,0.0,0.9606299212598425,0.14960629921259844,0.5196850393700787
2024-08-29T13:57:42.147757,interface,0.7637795275590551,0.6771653543307087,0.8031496062992126,0.5905511811023622,0.0,0.9606299212598425,0.14960629921259844,0.5196850393700787
2024-08-29T13:57:42.151228,interface,0.7637795275590551,0.6771653543307087,0.8110236220472441,0.5905511811023622,0.0,0.9606299212598425,0.14960629921259844,0.5196850393700787
2024-08-29T13:57:42.168354,interface,0.7637795275590551,0.6771653543307087,0.8188976377952756,0.5905511811023622,0.0,0.9606299212598425,0.14960629921259844,0.5196850393700787
2024-08-29T13:57:42.171646,interface,0.7637795275590551,0.6771653543307087,0.8267716535433071,0.5905511811023622,0.0,0.9606299212598425,0.14960629921259844,0.5196850393700787
2024-08-29T13:57:42.175054,interface,0.7637795275590551,0.6771653543307087,0.8267716535433071,0.5905511811023622,0.0,0.9606299212598425,0.14960629921259844,0.5196850393700787
2024-08-29T13:57:42.187556,interface,0.7637795275590551,0.6771653543307087,0.8346456692913385,0.5905511811023622,0.0,0.9606299212598425,0.14960629921259844,0.5196850393700787
2024-08-29T13:57:42.203440,interface,0.7637795275590551,0.6771653543307087,0.8346456692913385,0.5905511811023622,0.0,0.9606299212598425,0.14960629921259844,0.5196850393700787
2024-08-29T13:57:42.219293,interface,0.7637795275590551,0.6771653543307087,0.84251968503937,0.5905511811023622,0.0,0.9606299212598425,0.14960629921259844,0.5196850393700787
2024-08-29T13:57:42.235577,interface,0.7637795275590551,0.6771653543307087,0.8503937007874016,0.5905511811023622,0.0,0.9606299212598425,0.14960629921259844,0.5196850393700787
2024-08-29T13:57:42.245441,interface,0.7637795275590551,0.6771653543307087,0.8503937007874016,0.5905511811023622,0.0,0.9606299212598425,0.14960629921259844,0.5196850393700787
2024-08-29T13:57:42.255606,interface,0.7637795275590551,0.6771653543307087,0.8582677165354331,0.5905511811023622,0.0,0.9606299212598425,0.14960629921259844,0.5196850393700787
2024-08-29T13:57:42.256743,interface,0.7637795275590551,0.6771653543307087,0.8661417322834646,0.5905511811023622,0.0,0.9606299212598425,0.14960629921259844,0.5196850393700787
2024-08-29T13:57:42.267762,interface,0.7637795275590551,0.6771653543307087,0.8740157480314961,0.5905511811023622,0.0,0.9606299212598425,0.14960629921259844,0.5196850393700787
2024-08-29T13:57:42.271258,interface,0.7637795275590551,0.6771653543307087,0.8818897637795275,0.5905511811023622,0.0,0.9606299212598425,0.14960629921259844,0.5196850393700787
2024-08-29T13:57:42.285623,interface,0.7637795275590551,0.6771653543307087,0.889763779527559,0.5905511811023622,0.0,0.9606299212598425,0.14960629921259844,0.5196850393700787
2024-08-29T13:57:42.295448,interface,0.7637795275590551,0.6771653543307087,0.8976377952755905,0.5905511811023622,0.0,0.9606299212598425,0.14960629921259844,0.5196850393700787
2024-08-29T13:57:42.296593,interface,0.7637795275590551,0.6771653543307087,0.8976377952755905,0.5905511811023622,0.0,0.9606299212598425,0.14960629921259844,0.5196850393700787
2024-08-29T13:57:42.307566,interface,0.7637795275590551,0.6771653543307087,0.905511811023622,0.5905511811023622,0.0,0.9606299212598425,0.14960629921259844,0.5196850393700787
2024-08-29T13:57:42.316028,interface,0.7637795275590551,0.6771653543307087,0.9133858267716536,0.5905511811023622,0.0,0.9606299212598425,0.14960629921259844,0.5196850393700787
2024-08-29T13:57:42.325009,interface,0.7637795275590551,0.6771653543307087,0.9212598425196851,0.5905511811023622,0.0,0.9606299212598425,0.14960629921259844,0.5196850393700787
2024-08-29T13:57:42.335147,interface,0.7637795275590551,0.6771653543307087,0.9291338582677166,0.5905511811023622,0.0,0.9606299212598425,0.14960629921259844,0.5196850393700787
2024-08-29T13:57:42.336417,interface,0.7637795275590551,0.6771653543307087,0.9291338582677166,0.5905511811023622,0.0,0.9606299212598425,0.14960629921259844,0.5196850393700787
2024-08-29T13:57:42.347437,interface,0.7637795275590551,0.6771653543307087,0.937007874015748,0.5905511811023622,0.0,0.9606299212598425,0.14960629921259844,0.5196850393700787
2024-08-29T13:57:42.350886,interface,0.7637795275590551,0.6771653543307087,0.9448818897637795,0.5905511811023622,0.0,0.9606299212598425,0.14960629921259844,0.5196850393700787
2024-08-29T13:57:42.368329,interface,0.7637795275590551,0.6771653543307087,0.9448818897637795,0.5905511811023622,0.0,0.9606299212598425,0.14960629921259844,0.5196850393700787
2024-08-29T13:57:42.379459,interface,0.7637795275590551,0.6771653543307087,0.952755905511811,0.5905511811023622,0.0,0.9606299212598425,0.14960629921259844,0.5196850393700787
2024-08-29T13:57:42.383001,interface,0.7637795275590551,0.6771653543307087,0.9606299212598425,0.5905511811023622,0.0,0.9606299212598425,0.14960629921259844,0.5196850393700787
2024-08-29T13:57:42.395753,interface,0.7637795275590551,0.6771653543307087,0.9606299212598425,0.5905511811023622,0.0,0.9606299212598425,0.14960629921259844,0.5196850393700787
2024-08-29T13:57:42.404994,interface,0.7637795275590551,0.6771653543307087,0.968503937007874,0.5905511811023622,0.0,0.9606299212598425,0.14960629921259844,0.5196850393700787
2024-08-29T13:57:42.418735,interface,0.7637795275590551,0.6771653543307087,0.968503937007874,0.5905511811023622,0.0,0.9606299212598425,0.14960629921259844,0.5196850393700787
2024-08-29T13:57:42.419877,interface,0.7637795275590551,0.6771653543307087,0.9763779527559056,0.5905511811023622,0.0,0.9606299212598425,0.14960629921259844,0.5196850393700787
2024-08-29T13:57:42.423265,interface,0.7637795275590551,0.6771653543307087,0.9763779527559056,0.5905511811023622,0.0,0.9606299212598425,0.14960629921259844,0.5196850393700787
2024-08-29T13:57:42.443361,interface,0.7637795275590551,0.6771653543307087,0.984251968503937,0.5905511811023622,0.0,0.9606299212598425,0.14960629921259844,0.5196850393700787
2024-08-29T13:57:42.468375,interface,0.7637795275590551,0.6771653543307087,0.984251968503937,0.5905511811023622,0.0,0.9606299212598425,0.14960629921259844,0.5196850393700787
2024-08-29T13:57:42.499392,interface,0.7637795275590551,0.6771653543307087,0.9921259842519685,0.5905511811023622,0.0,0.9606299212598425,0.14960629921259844,0.5196850393700787
2024-08-29T13:57:43.331531,interface,0.7637795275590551,0.6771653543307087,0.984251968503937,0.5905511811023622,0.0,0.9606299212598425,0.14960629921259844,0.5196850393700787
2024-08-29T13:57:43.347647,interface,0.7637795275590551,0.6771653543307087,0.984251968503937,0.5905511811023622,0.0,0.9606299212598425,0.14960629921259844,0.5196850393700787
2024-08-29T13:57:43.368317,interface,0.7637795275590551,0.6771653543307087,0.9763779527559056,0.5905511811023622,0.0,0.9606299212598425,0.14960629921259844,0.5196850393700787
2024-08-29T13:57:43.371617,interface,0.7637795275590551,0.6771653543307087,0.968503937007874,0.5905511811023622,0.0,0.9606299212598425,0.14960629921259844,0.5196850393700787
2024-08-29T13:57:43.384641,interface,0.7637795275590551,0.6771653543307087,0.9606299212598425,0.5905511811023622,0.0,0.9606299212598425,0.14960629921259844,0.5196850393700787
2024-08-29T13:57:43.385883,interface,0.7637795275590551,0.6771653543307087,0.9606299212598425,0.5905511811023622,0.0,0.9606299212598425,0.14960629921259844,0.5196850393700787
2024-08-29T13:57:43.391271,interface,0.7637795275590551,0.6771653543307087,0.952755905511811,0.5905511811023622,0.0,0.9606299212598425,0.14960629921259844,0.5196850393700787
2024-08-29T13:57:43.405524,interface,0.7637795275590551,0.6771653543307087,0.9448818897637795,0.5905511811023622,0.0,0.9606299212598425,0.14960629921259844,0.5196850393700787
2024-08-29T13:57:43.415723,interface,0.7637795275590551,0.6771653543307087,0.937007874015748,0.5905511811023622,0.0,0.9606299212598425,0.14960629921259844,0.5196850393700787
2024-08-29T13:57:43.425858,interface,0.7637795275590551,0.6771653543307087,0.9291338582677166,0.5905511811023622,0.0,0.9606299212598425,0.14960629921259844,0.5196850393700787
2024-08-29T13:57:43.427009,interface,0.7637795275590551,0.6771653543307087,0.9291338582677166,0.5905511811023622,0.0,0.9606299212598425,0.14960629921259844,0.5196850393700787
2024-08-29T13:57:43.432385,interface,0.7637795275590551,0.6771653543307087,0.9212598425196851,0.5905511811023622,0.0,0.9606299212598425,0.14960629921259844,0.5196850393700787
2024-08-29T13:57:43.445345,interface,0.7637795275590551,0.6771653543307087,0.9133858267716536,0.5905511811023622,0.0,0.9606299212598425,0.14960629921259844,0.5196850393700787
2024-08-29T13:57:43.455032,interface,0.7637795275590551,0.6771653543307087,0.9133858267716536,0.5905511811023622,0.0,0.9606299212598425,0.14960629921259844,0.5196850393700787
2024-08-29T13:57:43.465363,interface,0.7637795275590551,0.6771653543307087,0.905511811023622,0.5905511811023622,0.0,0.9606299212598425,0.14960629921259844,0.5196850393700787
2024-08-29T13:57:43.466510,interface,0.7637795275590551,0.6771653543307087,0.905511811023622,0.5905511811023622,0.0,0.9606299212598425,0.14960629921259844,0.5196850393700787
2024-08-29T13:57:43.471679,interface,0.7637795275590551,0.6771653543307087,0.8976377952755905,0.5905511811023622,0.0,0.9606299212598425,0.14960629921259844,0.5196850393700787
2024-08-29T13:57:43.485792,interface,0.7637795275590551,0.6771653543307087,0.8976377952755905,0.5905511811023622,0.0,0.9606299212598425,0.14960629921259844,0.5196850393700787
2024-08-29T13:57:43.499929,interface,0.7637795275590551,0.6771653543307087,0.889763779527559,0.5905511811023622,0.0,0.9606299212598425,0.14960629921259844,0.5196850393700787
2024-08-29T13:57:43.503354,interface,0.7637795275590551,0.6771653543307087,0.8818897637795275,0.5905511811023622,0.0,0.9606299212598425,0.14960629921259844,0.5196850393700787
2024-08-29T13:57:43.523531,interface,0.7637795275590551,0.6771653543307087,0.8818897637795275,0.5905511811023622,0.0,0.9606299212598425,0.14960629921259844,0.5196850393700787
2024-08-29T13:57:43.535246,interface,0.7637795275590551,0.6771653543307087,0.8740157480314961,0.5905511811023622,0.0,0.9606299212598425,0.14960629921259844,0.5196850393700787
2024-08-29T13:57:43.547674,interface,0.7637795275590551,0.6771653543307087,0.8661417322834646,0.5905511811023622,0.0,0.9606299212598425,0.14960629921259844,0.5196850393700787
2024-08-29T13:57:44.061797,interface,0.7637795275590551,0.6771653543307087,0.8661417322834646,0.5826771653543307,0.0,0.9606299212598425,0.14960629921259844,0.5196850393700787
2024-08-29T13:57:44.078607,interface,0.7637795275590551,0.6771653543307087,0.8661417322834646,0.5748031496062992,0.0,0.9606299212598425,0.14960629921259844,0.5196850393700787
2024-08-29T13:57:44.079750,interface,0.7637795275590551,0.6771653543307087,0.8661417322834646,0.5748031496062992,0.0,0.9606299212598425,0.14960629921259844,0.5196850393700787
2024-08-29T13:57:44.083163,interface,0.7637795275590551,0.6771653543307087,0.8661417322834646,0.5669291338582677,0.0,0.9606299212598425,0.14960629921259844,0.5196850393700787
2024-08-29T13:57:44.095472,interface,0.7637795275590551,0.6771653543307087,0.8661417322834646,0.5590551181102362,0.0,0.9606299212598425,0.14960629921259844,0.5196850393700787
2024-08-29T13:57:44.105684,interface,0.7637795275590551,0.6771653543307087,0.8661417322834646,0.5511811023622047,0.0,0.9606299212598425,0.14960629921259844,0.5196850393700787
2024-08-29T13:57:44.115652,interface,0.7637795275590551,0.6771653543307087,0.8661417322834646,0.5354330708661418,0.0,0.9606299212598425,0.14960629921259844,0.5196850393700787
2024-08-29T13:57:44.116817,interface,0.7637795275590551,0.6771653543307087,0.8661417322834646,0.5275590551181102,0.0,0.9606299212598425,0.14960629921259844,0.5196850393700787
2024-08-29T13:57:44.122054,interface,0.7637795275590551,0.6771653543307087,0.8661417322834646,0.5196850393700787,0.0,0.9606299212598425,0.14960629921259844,0.5196850393700787
2024-08-29T13:57:44.135710,interface,0.7637795275590551,0.6771653543307087,0.8661417322834646,0.5118110236220472,0.0,0.9606299212598425,0.14960629921259844,0.5196850393700787
2024-08-29T13:57:44.145153,interface,0.7637795275590551,0.6771653543307087,0.8661417322834646,0.49606299212598426,0.0,0.9606299212598425,0.14960629921259844,0.5196850393700787
2024-08-29T13:57:44.155812,interface,0.7637795275590551,0.6771653543307087,0.8661417322834646,0.4881889763779528,0.0,0.9606299212598425,0.14960629921259844,0.5196850393700787
2024-08-29T13:57:44.157032,interface,0.7637795275590551,0.6771653543307087,0.8661417322834646,0.48031496062992124,0.0,0.9606299212598425,0.14960629921259844,0.5196850393700787
2024-08-29T13:57:44.162465,interface,0.7637795275590551,0.6771653543307087,0.8661417322834646,0.47244094488188976,0.0,0.9606299212598425,0.14960629921259844,0.5196850393700787
2024-08-29T13:57:44.175124,interface,0.7637795275590551,0.6771653543307087,0.8661417322834646,0.4566929133858268,0.0,0.9606299212598425,0.14960629921259844,0.5196850393700787
2024-08-29T13:57:44.186522,interface,0.7637795275590551,0.6771653543307087,0.8661417322834646,0.44881889763779526,0.0,0.9606299212598425,0.14960629921259844,0.5196850393700787
2024-08-29T13:57:44.195536,interface,0.7637795275590551,0.6771653543307087,0.8661417322834646,0.4409448818897638,0.0,0.9606299212598425,0.14960629921259844,0.5196850393700787
2024-08-29T13:57:44.196678,interface,0.7637795275590551,0.6771653543307087,0.8661417322834646,0.4251968503937008,0.0,0.9606299212598425,0.14960629921259844,0.5196850393700787
2024-08-29T13:57:44.201982,interface,0.7637795275590551,0.6771653543307087,0.8661417322834646,0.41732283464566927,0.0,0.9606299212598425,0.14960629921259844,0.5196850393700787
2024-08-29T13:57:44.218433,interface,0.7637795275590551,0.6771653543307087,0.8661417322834646,0.4015748031496063,0.0,0.9606299212598425,0.14960629921259844,0.5196850393700787
2024-08-29T13:57:44.221743,interface,0.7637795275590551,0.6771653543307087,0.8661417322834646,0.3937007874015748,0.0,0.9606299212598425,0.14960629921259844,0.5196850393700787
2024-08-29T13:57:44.235292,interface,0.7637795275590551,0.6771653543307087,0.8661417322834646,0.3858267716535433,0.0,0.9606299212598425,0.14960629921259844,0.5196850393700787
2024-08-29T13:57:44.236507,interface,0.7637795275590551,0.6771653543307087,0.8661417322834646,0.3779527559055118,0.0,0.9606299212598425,0.14960629921259844,0.5196850393700787
2024-08-29T13:57:44.241830,interface,0.7637795275590551,0.6771653543307087,0.8661417322834646,0.3779527559055118,0.0,0.9606299212598425,0.14960629921259844,0.5196850393700787
2024-08-29T13:57:44.293651,interface,0.7637795275590551,0.6771653543307087,0.8661417322834646,0.3858267716535433,0.0,0.9606299212598425,0.14960629921259844,0.5196850393700787
2024-08-29T13:57:44.304646,interface,0.7637795275590551,0.6771653543307087,0.8661417322834646,0.3858267716535433,0.0,0.9606299212598425,0.14960629921259844,0.5196850393700787
2024-08-29T13:57:44.318578,interface,0.7637795275590551,0.6771653543307087,0.8661417322834646,0.3937007874015748,0.0,0.9606299212598425,0.14960629921259844,0.5196850393700787
2024-08-29T13:57:44.319743,interface,0.7637795275590551,0.6771653543307087,0.8661417322834646,0.4015748031496063,0.0,0.9606299212598425,0.14960629921259844,0.5196850393700787
2024-08-29T13:57:44.322982,interface,0.7637795275590551,0.6771653543307087,0.8661417322834646,0.41732283464566927,0.0,0.9606299212598425,0.14960629921259844,0.5196850393700787
2024-08-29T13:57:44.335252,interface,0.7637795275590551,0.6771653543307087,0.8661417322834646,0.4251968503937008,0.0,0.9606299212598425,0.14960629921259844,0.5196850393700787
2024-08-29T13:57:44.345143,interface,0.7637795275590551,0.6771653543307087,0.8661417322834646,0.4409448818897638,0.0,0.9606299212598425,0.14960629921259844,0.5196850393700787
2024-08-29T13:57:44.356464,interface,0.7637795275590551,0.6771653543307087,0.8661417322834646,0.4566929133858268,0.0,0.9606299212598425,0.14960629921259844,0.5196850393700787
2024-08-29T13:57:44.357800,interface,0.7637795275590551,0.6771653543307087,0.8661417322834646,0.4645669291338583,0.0,0.9606299212598425,0.14960629921259844,0.5196850393700787
2024-08-29T13:57:44.361256,interface,0.7637795275590551,0.6771653543307087,0.8661417322834646,0.48031496062992124,0.0,0.9606299212598425,0.14960629921259844,0.5196850393700787
2024-08-29T13:57:44.376513,interface,0.7637795275590551,0.6771653543307087,0.8661417322834646,0.4881889763779528,0.0,0.9606299212598425,0.14960629921259844,0.5196850393700787
2024-08-29T13:57:44.385628,interface,0.7637795275590551,0.6771653543307087,0.8661417322834646,0.5039370078740157,0.0,0.9606299212598425,0.14960629921259844,0.5196850393700787
2024-08-29T13:57:44.395024,interface,0.7637795275590551,0.6771653543307087,0.8661417322834646,0.5118110236220472,0.0,0.9606299212598425,0.14960629921259844,0.5196850393700787
2024-08-29T13:57:44.396172,interface,0.7637795275590551,0.6771653543307087,0.8661417322834646,0.5196850393700787,0.0,0.9606299212598425,0.14960629921259844,0.5196850393700787
2024-08-29T13:57:44.401503,interface,0.7637795275590551,0.6771653543307087,0.8661417322834646,0.5275590551181102,0.0,0.9606299212598425,0.14960629921259844,0.5196850393700787
2024-08-29T13:57:44.418404,interface,0.7637795275590551,0.6771653543307087,0.8661417322834646,0.5354330708661418,0.0,0.9606299212598425,0.14960629921259844,0.5196850393700787
2024-08-29T13:57:44.421727,interface,0.7637795275590551,0.6771653543307087,0.8661417322834646,0.5433070866141733,0.0,0.9606299212598425,0.14960629921259844,0.5196850393700787
2024-08-29T13:57:44.434959,interface,0.7637795275590551,0.6771653543307087,0.8661417322834646,0.5511811023622047,0.0,0.9606299212598425,0.14960629921259844,0.5196850393700787
2024-08-29T13:57:44.436175,interface,0.7637795275590551,0.6771653543307087,0.8661417322834646,0.5511811023622047,0.0,0.9606299212598425,0.14960629921259844,0.5196850393700787
2024-08-29T13:57:44.446538,interface,0.7637795275590551,0.6771653543307087,0.8661417322834646,0.5590551181102362,0.0,0.9606299212598425,0.14960629921259844,0.5196850393700787
2024-08-29T13:57:44.455582,interface,0.7637795275590551,0.6771653543307087,0.8661417322834646,0.5590551181102362,0.0,0.9606299212598425,0.14960629921259844,0.5196850393700787
2024-08-29T13:57:44.465398,interface,0.7637795275590551,0.6771653543307087,0.8661417322834646,0.5669291338582677,0.0,0.9606299212598425,0.14960629921259844,0.5196850393700787
2024-08-29T13:57:44.475286,interface,0.7637795275590551,0.6771653543307087,0.8661417322834646,0.5669291338582677,0.0,0.9606299212598425,0.14960629921259844,0.5196850393700787
2024-08-29T13:57:44.476515,interface,0.7637795275590551,0.6771653543307087,0.8661417322834646,0.5748031496062992,0.0,0.9606299212598425,0.14960629921259844,0.5196850393700787
2024-08-29T13:57:44.481827,interface,0.7637795275590551,0.6771653543307087,0.8661417322834646,0.5826771653543307,0.0,0.9606299212598425,0.14960629921259844,0.5196850393700787
2024-08-29T13:57:44.495468,interface,0.7637795275590551,0.6771653543307087,0.8661417322834646,0.5826771653543307,0.0,0.9606299212598425,0.14960629921259844,0.5196850393700787
2024-08-29T13:57:44.504807,interface,0.7637795275590551,0.6771653543307087,0.8661417322834646,0.5905511811023622,0.0,0.9606299212598425,0.14960629921259844,0.5196850393700787
2024-08-29T13:57:44.518539,interface,0.7637795275590551,0.6771653543307087,0.8661417322834646,0.5984251968503937,0.0,0.9606299212598425,0.14960629921259844,0.5196850393700787
2024-08-29T13:57:44.519835,interface,0.7637795275590551,0.6771653543307087,0.8661417322834646,0.6062992125984252,0.0,0.9606299212598425,0.14960629921259844,0.5196850393700787
2024-08-29T13:57:44.520964,interface,0.7637795275590551,0.6771653543307087,0.8661417322834646,0.6062992125984252,0.0,0.9606299212598425,0.14960629921259844,0.5196850393700787
2024-08-29T13:57:44.535271,interface,0.7637795275590551,0.6771653543307087,0.8661417322834646,0.6141732283464567,0.0,0.9606299212598425,0.14960629921259844,0.5196850393700787
2024-08-29T13:57:44.545460,interface,0.7637795275590551,0.6771653543307087,0.8661417322834646,0.6220472440944882,0.0,0.9606299212598425,0.14960629921259844,0.5196850393700787
2024-08-29T13:57:44.555536,interface,0.7637795275590551,0.6771653543307087,0.8661417322834646,0.6299212598425197,0.0,0.9606299212598425,0.14960629921259844,0.5196850393700787
2024-08-29T13:57:44.556676,interface,0.7637795275590551,0.6771653543307087,0.8661417322834646,0.6299212598425197,0.0,0.9606299212598425,0.14960629921259844,0.5196850393700787
2024-08-29T13:57:44.562063,interface,0.7637795275590551,0.6771653543307087,0.8661417322834646,0.6377952755905512,0.0,0.9606299212598425,0.14960629921259844,0.5196850393700787
2024-08-29T13:57:44.575674,interface,0.7637795275590551,0.6771653543307087,0.8661417322834646,0.6456692913385826,0.0,0.9606299212598425,0.14960629921259844,0.5196850393700787
2024-08-29T13:57:44.593322,interface,0.7637795275590551,0.6771653543307087,0.8661417322834646,0.6456692913385826,0.0,0.9606299212598425,0.14960629921259844,0.5196850393700787
2024-08-29T13:57:44.621771,interface,0.7637795275590551,0.6771653543307087,0.8661417322834646,0.6535433070866141,0.0,0.9606299212598425,0.14960629921259844,0.5196850393700787
2024-08-29T13:58:01.410022,interface,0.7559055118110236,0.6771653543307087,0.8661417322834646,0.6535433070866141,0.0,0.9606299212598425,0.14960629921259844,0.5196850393700787
2024-08-29T13:58:01.411186,interface,0.7480314960629921,0.6771653543307087,0.8661417322834646,0.6535433070866141,0.0,0.9606299212598425,0.14960629921259844,0.5196850393700787
2024-08-29T13:58:01.426741,interface,0.7480314960629921,0.6771653543307087,0.8661417322834646,0.6535433070866141,0.0,0.9606299212598425,0.14960629921259844,0.5196850393700787
2024-08-29T13:58:01.443428,interface,0.7401574803149606,0.6771653543307087,0.8661417322834646,0.6535433070866141,0.0,0.9606299212598425,0.14960629921259844,0.5196850393700787
2024-08-29T13:58:01.468370,interface,0.7401574803149606,0.6771653543307087,0.8661417322834646,0.6535433070866141,0.0,0.9606299212598425,0.14960629921259844,0.5196850393700787
2024-08-29T13:58:01.493463,interface,0.7322834645669292,0.6771653543307087,0.8661417322834646,0.6535433070866141,0.0,0.9606299212598425,0.14960629921259844,0.5196850393700787
2024-08-29T13:58:01.522554,interface,0.7322834645669292,0.6771653543307087,0.8661417322834646,0.6535433070866141,0.0,0.9606299212598425,0.14960629921259844,0.5196850393700787
2024-08-29T13:58:01.546544,interface,0.7244094488188977,0.6771653543307087,0.8661417322834646,0.6535433070866141,0.0,0.9606299212598425,0.14960629921259844,0.5196850393700787
2024-08-29T13:58:01.570552,interface,0.7165354330708661,0.6771653543307087,0.8661417322834646,0.6535433070866141,0.0,0.9606299212598425,0.14960629921259844,0.5196850393700787
2024-08-29T13:58:01.586774,interface,0.7165354330708661,0.6771653543307087,0.8661417322834646,0.6535433070866141,0.0,0.9606299212598425,0.14960629921259844,0.5196850393700787
2024-08-29T13:58:01.610787,interface,0.7086614173228346,0.6771653543307087,0.8661417322834646,0.6535433070866141,0.0,0.9606299212598425,0.14960629921259844,0.5196850393700787
2024-08-29T13:58:01.634792,interface,0.7086614173228346,0.6771653543307087,0.8661417322834646,0.6535433070866141,0.0,0.9606299212598425,0.14960629921259844,0.5196850393700787
2024-08-29T13:58:01.668249,interface,0.7007874015748031,0.6771653543307087,0.8661417322834646,0.6535433070866141,0.0,0.9606299212598425,0.14960629921259844,0.5196850393700787
2024-08-29T13:58:01.693411,interface,0.7007874015748031,0.6771653543307087,0.8661417322834646,0.6535433070866141,0.0,0.9606299212598425,0.14960629921259844,0.5196850393700787
2024-08-29T13:58:01.722589,interface,0.6929133858267716,0.6771653543307087,0.8661417322834646,0.6535433070866141,0.0,0.9606299212598425,0.14960629921259844,0.5196850393700787
2024-08-29T13:58:01.770579,interface,0.6929133858267716,0.6771653543307087,0.8661417322834646,0.6535433070866141,0.0,0.9606299212598425,0.14960629921259844,0.5196850393700787
2024-08-29T13:58:01.808719,interface,0.6850393700787402,0.6771653543307087,0.8661417322834646,0.6535433070866141,0.0,0.9606299212598425,0.14960629921259844,0.5196850393700787
2024-08-29T13:58:01.843381,interface,0.6771653543307087,0.6771653543307087,0.8661417322834646,0.6535433070866141,0.0,0.9606299212598425,0.14960629921259844,0.5196850393700787
2024-08-29T13:58:01.880655,interface,0.6771653543307087,0.6771653543307087,0.8661417322834646,0.6535433070866141,0.0,0.9606299212598425,0.14960629921259844,0.5196850393700787
2024-08-29T13:58:01.938407,interface,0.6692913385826772,0.6771653543307087,0.8661417322834646,0.6535433070866141,0.0,0.9606299212598425,0.14960629921259844,0.5196850393700787
2024-08-29T13:58:01.984725,interface,0.6692913385826772,0.6771653543307087,0.8661417322834646,0.6535433070866141,0.0,0.9606299212598425,0.14960629921259844,0.5196850393700787
2024-08-29T13:58:02.032749,interface,0.6614173228346457,0.6771653543307087,0.8661417322834646,0.6535433070866141,0.0,0.9606299212598425,0.14960629921259844,0.5196850393700787
2024-08-29T13:58:02.080636,interface,0.6614173228346457,0.6771653543307087,0.8661417322834646,0.6535433070866141,0.0,0.9606299212598425,0.14960629921259844,0.5196850393700787
2024-08-29T13:58:02.136740,interface,0.6535433070866141,0.6771653543307087,0.8661417322834646,0.6535433070866141,0.0,0.9606299212598425,0.14960629921259844,0.5196850393700787
2024-08-29T13:58:02.208755,interface,0.6535433070866141,0.6771653543307087,0.8661417322834646,0.6535433070866141,0.0,0.9606299212598425,0.14960629921259844,0.5196850393700787
2024-08-29T13:58:02.272652,interface,0.6456692913385826,0.6771653543307087,0.8661417322834646,0.6535433070866141,0.0,0.9606299212598425,0.14960629921259844,0.5196850393700787
2024-08-29T13:58:02.328668,interface,0.6456692913385826,0.6771653543307087,0.8661417322834646,0.6535433070866141,0.0,0.9606299212598425,0.14960629921259844,0.5196850393700787
2024-08-29T13:58:02.376673,interface,0.6377952755905512,0.6771653543307087,0.8661417322834646,0.6535433070866141,0.0,0.9606299212598425,0.14960629921259844,0.5196850393700787
2024-08-29T13:58:02.418143,interface,0.6377952755905512,0.6771653543307087,0.8661417322834646,0.6535433070866141,0.0,0.9606299212598425,0.14960629921259844,0.5196850393700787
2024-08-29T13:58:02.456691,interface,0.6299212598425197,0.6771653543307087,0.8661417322834646,0.6535433070866141,0.0,0.9606299212598425,0.14960629921259844,0.5196850393700787
2024-08-29T13:58:02.496714,interface,0.6299212598425197,0.6771653543307087,0.8661417322834646,0.6535433070866141,0.0,0.9606299212598425,0.14960629921259844,0.5196850393700787
2024-08-29T13:58:02.536814,interface,0.6220472440944882,0.6771653543307087,0.8661417322834646,0.6535433070866141,0.0,0.9606299212598425,0.14960629921259844,0.5196850393700787
2024-08-29T13:58:02.560959,interface,0.6220472440944882,0.6771653543307087,0.8661417322834646,0.6535433070866141,0.0,0.9606299212598425,0.14960629921259844,0.5196850393700787
2024-08-29T13:58:02.584968,interface,0.6141732283464567,0.6771653543307087,0.8661417322834646,0.6535433070866141,0.0,0.9606299212598425,0.14960629921259844,0.5196850393700787
2024-08-29T13:58:02.609006,interface,0.6141732283464567,0.6771653543307087,0.8661417322834646,0.6535433070866141,0.0,0.9606299212598425,0.14960629921259844,0.5196850393700787
2024-08-29T13:58:02.633014,interface,0.6062992125984252,0.6771653543307087,0.8661417322834646,0.6535433070866141,0.0,0.9606299212598425,0.14960629921259844,0.5196850393700787
2024-08-29T13:58:02.656834,interface,0.6062992125984252,0.6771653543307087,0.8661417322834646,0.6535433070866141,0.0,0.9606299212598425,0.14960629921259844,0.5196850393700787
2024-08-29T13:58:02.680837,interface,0.5984251968503937,0.6771653543307087,0.8661417322834646,0.6535433070866141,0.0,0.9606299212598425,0.14960629921259844,0.5196850393700787
2024-08-29T13:58:02.704813,interface,0.5905511811023622,0.6771653543307087,0.8661417322834646,0.6535433070866141,0.0,0.9606299212598425,0.14960629921259844,0.5196850393700787
2024-08-29T13:58:02.728721,interface,0.5905511811023622,0.6771653543307087,0.8661417322834646,0.6535433070866141,0.0,0.9606299212598425,0.14960629921259844,0.5196850393700787
2024-08-29T13:58:02.744756,interface,0.5826771653543307,0.6771653543307087,0.8661417322834646,0.6535433070866141,0.0,0.9606299212598425,0.14960629921259844,0.5196850393700787
2024-08-29T13:58:02.761001,interface,0.5826771653543307,0.6771653543307087,0.8661417322834646,0.6535433070866141,0.0,0.9606299212598425,0.14960629921259844,0.5196850393700787
2024-08-29T13:58:02.776918,interface,0.5748031496062992,0.6771653543307087,0.8661417322834646,0.6535433070866141,0.0,0.9606299212598425,0.14960629921259844,0.5196850393700787
2024-08-29T13:58:02.793279,interface,0.5748031496062992,0.6771653543307087,0.8661417322834646,0.6535433070866141,0.0,0.9606299212598425,0.14960629921259844,0.5196850393700787
2024-08-29T13:58:02.809051,interface,0.5669291338582677,0.6771653543307087,0.8661417322834646,0.6535433070866141,0.0,0.9606299212598425,0.14960629921259844,0.5196850393700787
2024-08-29T14:01:22.782447,interface,0.5590551181102362,0.6771653543307087,0.8661417322834646,0.6535433070866141,0.0,0.9606299212598425,0.14960629921259844,0.5196850393700787
2024-08-29T14:01:22.796991,interface,0.5511811023622047,0.6771653543307087,0.8661417322834646,0.6535433070866141,0.0,0.9606299212598425,0.14960629921259844,0.5196850393700787
2024-08-29T14:01:22.798140,interface,0.5511811023622047,0.6771653543307087,0.8661417322834646,0.6535433070866141,0.0,0.9606299212598425,0.14960629921259844,0.5196850393700787
2024-08-29T14:01:22.803328,interface,0.5433070866141733,0.6771653543307087,0.8661417322834646,0.6535433070866141,0.0,0.9606299212598425,0.14960629921259844,0.5196850393700787
2024-08-29T14:01:22.818095,interface,0.5433070866141733,0.6771653543307087,0.8661417322834646,0.6535433070866141,0.0,0.9606299212598425,0.14960629921259844,0.5196850393700787
2024-08-29T14:01:22.821354,interface,0.5354330708661418,0.6771653543307087,0.8661417322834646,0.6535433070866141,0.0,0.9606299212598425,0.14960629921259844,0.5196850393700787
2024-08-29T14:01:22.835349,interface,0.5354330708661418,0.6771653543307087,0.8661417322834646,0.6535433070866141,0.0,0.9606299212598425,0.14960629921259844,0.5196850393700787
2024-08-29T14:01:22.836594,interface,0.5275590551181102,0.6771653543307087,0.8661417322834646,0.6535433070866141,0.0,0.9606299212598425,0.14960629921259844,0.5196850393700787
2024-08-29T14:01:22.841798,interface,0.5275590551181102,0.6771653543307087,0.8661417322834646,0.6535433070866141,0.0,0.9606299212598425,0.14960629921259844,0.5196850393700787
2024-08-29T14:01:22.855127,interface,0.5196850393700787,0.6771653543307087,0.8661417322834646,0.6535433070866141,0.0,0.9606299212598425,0.14960629921259844,0.5196850393700787
2024-08-29T14:01:22.865624,interface,0.5118110236220472,0.6771653543307087,0.8661417322834646,0.6535433070866141,0.0,0.9606299212598425,0.14960629921259844,0.5196850393700787
2024-08-29T14:01:22.875322,interface,0.5118110236220472,0.6771653543307087,0.8661417322834646,0.6535433070866141,0.0,0.9606299212598425,0.14960629921259844,0.5196850393700787
2024-08-29T14:01:22.876449,interface,0.5039370078740157,0.6771653543307087,0.8661417322834646,0.6535433070866141,0.0,0.9606299212598425,0.14960629921259844,0.5196850393700787
2024-08-29T14:01:22.894236,interface,0.49606299212598426,0.6771653543307087,0.8661417322834646,0.6535433070866141,0.0,0.9606299212598425,0.14960629921259844,0.5196850393700787
2024-08-29T14:01:22.904497,interface,0.49606299212598426,0.6771653543307087,0.8661417322834646,0.6535433070866141,0.0,0.9606299212598425,0.14960629921259844,0.5196850393700787
2024-08-29T14:01:22.918207,interface,0.4881889763779528,0.6771653543307087,0.8661417322834646,0.6535433070866141,0.0,0.9606299212598425,0.14960629921259844,0.5196850393700787
2024-08-29T14:01:22.919340,interface,0.48031496062992124,0.6771653543307087,0.8661417322834646,0.6535433070866141,0.0,0.9606299212598425,0.14960629921259844,0.5196850393700787
2024-08-29T14:01:22.922537,interface,0.48031496062992124,0.6771653543307087,0.8661417322834646,0.6535433070866141,0.0,0.9606299212598425,0.14960629921259844,0.5196850393700787
2024-08-29T14:01:22.934929,interface,0.47244094488188976,0.6771653543307087,0.8661417322834646,0.6535433070866141,0.0,0.9606299212598425,0.14960629921259844,0.5196850393700787
2024-08-29T14:01:22.945203,interface,0.47244094488188976,0.6771653543307087,0.8661417322834646,0.6535433070866141,0.0,0.9606299212598425,0.14960629921259844,0.5196850393700787
2024-08-29T14:01:22.955249,interface,0.4645669291338583,0.6771653543307087,0.8661417322834646,0.6535433070866141,0.0,0.9606299212598425,0.14960629921259844,0.5196850393700787
2024-08-29T14:01:22.956380,interface,0.4566929133858268,0.6771653543307087,0.8661417322834646,0.6535433070866141,0.0,0.9606299212598425,0.14960629921259844,0.5196850393700787
2024-08-29T14:01:22.966770,interface,0.44881889763779526,0.6771653543307087,0.8661417322834646,0.6535433070866141,0.0,0.9606299212598425,0.14960629921259844,0.5196850393700787
2024-08-29T14:01:22.975282,interface,0.44881889763779526,0.6771653543307087,0.8661417322834646,0.6535433070866141,0.0,0.9606299212598425,0.14960629921259844,0.5196850393700787
2024-08-29T14:01:22.984821,interface,0.4409448818897638,0.6771653543307087,0.8661417322834646,0.6535433070866141,0.0,0.9606299212598425,0.14960629921259844,0.5196850393700787
2024-08-29T14:01:22.995375,interface,0.4330708661417323,0.6771653543307087,0.8661417322834646,0.6535433070866141,0.0,0.9606299212598425,0.14960629921259844,0.5196850393700787
2024-08-29T14:01:22.996501,interface,0.4251968503937008,0.6771653543307087,0.8661417322834646,0.6535433070866141,0.0,0.9606299212598425,0.14960629921259844,0.5196850393700787
2024-08-29T14:01:23.006708,interface,0.4251968503937008,0.6771653543307087,0.8661417322834646,0.6535433070866141,0.0,0.9606299212598425,0.14960629921259844,0.5196850393700787
2024-08-29T14:01:23.010301,interface,0.41732283464566927,0.6771653543307087,0.8661417322834646,0.6535433070866141,0.0,0.9606299212598425,0.14960629921259844,0.5196850393700787
2024-08-29T14:01:23.024415,interface,0.4094488188976378,0.6771653543307087,0.8661417322834646,0.6535433070866141,0.0,0.9606299212598425,0.14960629921259844,0.5196850393700787
2024-08-29T14:01:23.034549,interface,0.4094488188976378,0.6771653543307087,0.8661417322834646,0.6535433070866141,0.0,0.9606299212598425,0.14960629921259844,0.5196850393700787
2024-08-29T14:01:23.035829,interface,0.4015748031496063,0.6771653543307087,0.8661417322834646,0.6535433070866141,0.0,0.9606299212598425,0.14960629921259844,0.5196850393700787
2024-08-29T14:01:23.046433,interface,0.4015748031496063,0.6771653543307087,0.8661417322834646,0.6535433070866141,0.0,0.9606299212598425,0.14960629921259844,0.5196850393700787
2024-08-29T14:01:23.049841,interface,0.3937007874015748,0.6771653543307087,0.8661417322834646,0.6535433070866141,0.0,0.9606299212598425,0.14960629921259844,0.5196850393700787
2024-08-29T14:01:23.068320,interface,0.3858267716535433,0.6771653543307087,0.8661417322834646,0.6535433070866141,0.0,0.9606299212598425,0.14960629921259844,0.5196850393700787
2024-08-29T14:01:23.084536,interface,0.3858267716535433,0.6771653543307087,0.8661417322834646,0.6535433070866141,0.0,0.9606299212598425,0.14960629921259844,0.5196850393700787
2024-08-29T14:01:23.094647,interface,0.3779527559055118,0.6771653543307087,0.8661417322834646,0.6535433070866141,0.0,0.9606299212598425,0.14960629921259844,0.5196850393700787
2024-08-29T14:01:23.105272,interface,0.3700787401574803,0.6771653543307087,0.8661417322834646,0.6535433070866141,0.0,0.9606299212598425,0.14960629921259844,0.5196850393700787
2024-08-29T14:01:23.106402,interface,0.3700787401574803,0.6771653543307087,0.8661417322834646,0.6535433070866141,0.0,0.9606299212598425,0.14960629921259844,0.5196850393700787
2024-08-29T14:01:23.111726,interface,0.36220472440944884,0.6771653543307087,0.8661417322834646,0.6535433070866141,0.0,0.9606299212598425,0.14960629921259844,0.5196850393700787
2024-08-29T14:01:23.125256,interface,0.36220472440944884,0.6771653543307087,0.8661417322834646,0.6535433070866141,0.0,0.9606299212598425,0.14960629921259844,0.5196850393700787
2024-08-29T14:01:23.134708,interface,0.3543307086614173,0.6771653543307087,0.8661417322834646,0.6535433070866141,0.0,0.9606299212598425,0.14960629921259844,0.5196850393700787
2024-08-29T14:01:23.148461,interface,0.3543307086614173,0.6771653543307087,0.8661417322834646,0.6535433070866141,0.0,0.9606299212598425,0.14960629921259844,0.5196850393700787
2024-08-29T14:01:23.196324,interface,0.3543307086614173,0.6771653543307087,0.8661417322834646,0.6535433070866141,0.0,0.9606299212598425,0.14960629921259844,0.5196850393700787
2024-08-29T14:01:23.205391,interface,0.36220472440944884,0.6771653543307087,0.8661417322834646,0.6535433070866141,0.0,0.9606299212598425,0.14960629921259844,0.5196850393700787
2024-08-29T14:01:23.215456,interface,0.3700787401574803,0.6771653543307087,0.8661417322834646,0.6535433070866141,0.0,0.9606299212598425,0.14960629921259844,0.5196850393700787
2024-08-29T14:01:23.225448,interface,0.3779527559055118,0.6771653543307087,0.8661417322834646,0.6535433070866141,0.0,0.9606299212598425,0.14960629921259844,0.5196850393700787
2024-08-29T14:01:23.226574,interface,0.3858267716535433,0.6771653543307087,0.8661417322834646,0.6535433070866141,0.0,0.9606299212598425,0.14960629921259844,0.5196850393700787
2024-08-29T14:01:23.231787,interface,0.3937007874015748,0.6771653543307087,0.8661417322834646,0.6535433070866141,0.0,0.9606299212598425,0.14960629921259844,0.5196850393700787
2024-08-29T14:01:23.246353,interface,0.4094488188976378,0.6771653543307087,0.8661417322834646,0.6535433070866141,0.0,0.9606299212598425,0.14960629921259844,0.5196850393700787
2024-08-29T14:01:23.254734,interface,0.41732283464566927,0.6771653543307087,0.8661417322834646,0.6535433070866141,0.0,0.9606299212598425,0.14960629921259844,0.5196850393700787
2024-08-29T14:01:23.268446,interface,0.4251968503937008,0.6771653543307087,0.8661417322834646,0.6535433070866141,0.0,0.9606299212598425,0.14960629921259844,0.5196850393700787
2024-08-29T14:01:23.269606,interface,0.4409448818897638,0.6771653543307087,0.8661417322834646,0.6535433070866141,0.0,0.9606299212598425,0.14960629921259844,0.5196850393700787
2024-08-29T14:01:23.272769,interface,0.44881889763779526,0.6771653543307087,0.8661417322834646,0.6535433070866141,0.0,0.9606299212598425,0.14960629921259844,0.5196850393700787
2024-08-29T14:01:23.285500,interface,0.4645669291338583,0.6771653543307087,0.8661417322834646,0.6535433070866141,0.0,0.9606299212598425,0.14960629921259844,0.5196850393700787
2024-08-29T14:01:23.294560,interface,0.47244094488188976,0.6771653543307087,0.8661417322834646,0.6535433070866141,0.0,0.9606299212598425,0.14960629921259844,0.5196850393700787
2024-08-29T14:01:23.305658,interface,0.48031496062992124,0.6771653543307087,0.8661417322834646,0.6535433070866141,0.0,0.9606299212598425,0.14960629921259844,0.5196850393700787
2024-08-29T14:01:23.306917,interface,0.4881889763779528,0.6771653543307087,0.8661417322834646,0.6535433070866141,0.0,0.9606299212598425,0.14960629921259844,0.5196850393700787
2024-08-29T14:01:23.312186,interface,0.49606299212598426,0.6771653543307087,0.8661417322834646,0.6535433070866141,0.0,0.9606299212598425,0.14960629921259844,0.5196850393700787
2024-08-29T14:01:23.325419,interface,0.5039370078740157,0.6771653543307087,0.8661417322834646,0.6535433070866141,0.0,0.9606299212598425,0.14960629921259844,0.5196850393700787
2024-08-29T14:01:23.334695,interface,0.5118110236220472,0.6771653543307087,0.8661417322834646,0.6535433070866141,0.0,0.9606299212598425,0.14960629921259844,0.5196850393700787
2024-08-29T14:01:23.345438,interface,0.5196850393700787,0.6771653543307087,0.8661417322834646,0.6535433070866141,0.0,0.9606299212598425,0.14960629921259844,0.5196850393700787
2024-08-29T14:01:23.346562,interface,0.5196850393700787,0.6771653543307087,0.8661417322834646,0.6535433070866141,0.0,0.9606299212598425,0.14960629921259844,0.5196850393700787
2024-08-29T14:01:23.356963,interface,0.5275590551181102,0.6771653543307087,0.8661417322834646,0.6535433070866141,0.0,0.9606299212598425,0.14960629921259844,0.5196850393700787
2024-08-29T14:01:23.365384,interface,0.5275590551181102,0.6771653543307087,0.8661417322834646,0.6535433070866141,0.0,0.9606299212598425,0.14960629921259844,0.5196850393700787
2024-08-29T14:01:23.374849,interface,0.5354330708661418,0.6771653543307087,0.8661417322834646,0.6535433070866141,0.0,0.9606299212598425,0.14960629921259844,0.5196850393700787
2024-08-29T14:01:23.393232,interface,0.5433070866141733,0.6771653543307087,0.8661417322834646,0.6535433070866141,0.0,0.9606299212598425,0.14960629921259844,0.5196850393700787
2024-08-29T14:01:23.404501,interface,0.5433070866141733,0.6771653543307087,0.8661417322834646,0.6535433070866141,0.0,0.9606299212598425,0.14960629921259844,0.5196850393700787
2024-08-29T14:01:23.436442,interface,0.5511811023622047,0.6771653543307087,0.8661417322834646,0.6535433070866141,0.0,0.9606299212598425,0.14960629921259844,0.5196850393700787
2024-08-29T14:01:23.676670,interface,0.5433070866141733,0.6771653543307087,0.8661417322834646,0.6535433070866141,0.0,0.9606299212598425,0.14960629921259844,0.5196850393700787
2024-08-29T14:01:23.693209,interface,0.5433070866141733,0.6771653543307087,0.8661417322834646,0.6535433070866141,0.0,0.9606299212598425,0.14960629921259844,0.5196850393700787
2024-08-29T14:01:23.708572,interface,0.5354330708661418,0.6771653543307087,0.8661417322834646,0.6535433070866141,0.0,0.9606299212598425,0.14960629921259844,0.5196850393700787
2024-08-29T14:01:23.711954,interface,0.5275590551181102,0.6771653543307087,0.8661417322834646,0.6535433070866141,0.0,0.9606299212598425,0.14960629921259844,0.5196850393700787
2024-08-29T14:01:23.724744,interface,0.5275590551181102,0.6771653543307087,0.8661417322834646,0.6535433070866141,0.0,0.9606299212598425,0.14960629921259844,0.5196850393700787
2024-08-29T14:01:23.734889,interface,0.5196850393700787,0.6771653543307087,0.8661417322834646,0.6535433070866141,0.0,0.9606299212598425,0.14960629921259844,0.5196850393700787
2024-08-29T14:01:23.744919,interface,0.5118110236220472,0.6771653543307087,0.8661417322834646,0.6535433070866141,0.0,0.9606299212598425,0.14960629921259844,0.5196850393700787
2024-08-29T14:01:23.746067,interface,0.5118110236220472,0.6771653543307087,0.8661417322834646,0.6535433070866141,0.0,0.9606299212598425,0.14960629921259844,0.5196850393700787
2024-08-29T14:01:23.768066,interface,0.5039370078740157,0.6771653543307087,0.8661417322834646,0.6535433070866141,0.0,0.9606299212598425,0.14960629921259844,0.5196850393700787
2024-08-29T14:01:23.780556,interface,0.49606299212598426,0.6771653543307087,0.8661417322834646,0.6535433070866141,0.0,0.9606299212598425,0.14960629921259844,0.5196850393700787
2024-08-29T14:01:23.804404,interface,0.49606299212598426,0.6771653543307087,0.8661417322834646,0.6535433070866141,0.0,0.9606299212598425,0.14960629921259844,0.5196850393700787
2024-08-29T14:01:24.044349,interface,0.49606299212598426,0.6771653543307087,0.8661417322834646,0.6535433070866141,0.0,0.9606299212598425,0.14960629921259844,0.5196850393700787
2024-08-29T14:01:24.068304,interface,0.5039370078740157,0.6771653543307087,0.8661417322834646,0.6535433070866141,0.0,0.9606299212598425,0.14960629921259844,0.5196850393700787
2024-08-29T14:01:24.093170,interface,0.5039370078740157,0.6771653543307087,0.8661417322834646,0.6535433070866141,0.0,0.9606299212598425,0.14960629921259844,0.5196850393700787
2024-08-29T14:01:24.118071,interface,0.5118110236220472,0.6771653543307087,0.8661417322834646,0.6535433070866141,0.0,0.9606299212598425,0.14960629921259844,0.5196850393700787
2024-08-29T14:01:24.132547,interface,0.5118110236220472,0.6771653543307087,0.8661417322834646,0.6535433070866141,0.0,0.9606299212598425,0.14960629921259844,0.5196850393700787
2024-08-29T14:01:24.148464,interface,0.5196850393700787,0.6771653543307087,0.8661417322834646,0.6535433070866141,0.0,0.9606299212598425,0.14960629921259844,0.5196850393700787
2024-08-29T14:01:24.168097,interface,0.5275590551181102,0.6771653543307087,0.8661417322834646,0.6535433070866141,0.0,0.9606299212598425,0.14960629921259844,0.5196850393700787
2024-08-29T14:01:24.193157,interface,0.5275590551181102,0.6771653543307087,0.8661417322834646,0.6535433070866141,0.0,0.9606299212598425,0.14960629921259844,0.5196850393700787
2024-08-29T14:01:24.236458,interface,0.5354330708661418,0.6771653543307087,0.8661417322834646,0.6535433070866141,0.0,0.9606299212598425,0.14960629921259844,0.5196850393700787
2024-08-29T14:01:24.368066,interface,0.5354330708661418,0.6771653543307087,0.8661417322834646,0.6535433070866141,0.0,0.9606299212598425,0.14960629921259844,0.5196850393700787
2024-08-29T14:01:24.396329,interface,0.5433070866141733,0.6771653543307087,0.8661417322834646,0.6535433070866141,0.0,0.9606299212598425,0.14960629921259844,0.5196850393700787
2024-08-29T14:01:24.420355,interface,0.5433070866141733,0.6771653543307087,0.8661417322834646,0.6535433070866141,0.0,0.9606299212598425,0.14960629921259844,0.5196850393700787
2024-08-29T14:01:24.444346,interface,0.5511811023622047,0.6771653543307087,0.8661417322834646,0.6535433070866141,0.0,0.9606299212598425,0.14960629921259844,0.5196850393700787
2024-08-29T14:01:24.484466,interface,0.5511811023622047,0.6771653543307087,0.8661417322834646,0.6535433070866141,0.0,0.9606299212598425,0.14960629921259844,0.5196850393700787
2024-08-29T14:01:25.170532,interface,0.5511811023622047,0.6771653543307087,0.8661417322834646,0.6535433070866141,0.0,0.9606299212598425,0.14960629921259844,0.5196850393700787
2024-08-29T14:01:25.202550,interface,0.5433070866141733,0.6771653543307087,0.8661417322834646,0.6535433070866141,0.0,0.9606299212598425,0.14960629921259844,0.5196850393700787
2024-08-29T14:01:25.218462,interface,0.5433070866141733,0.6771653543307087,0.8661417322834646,0.6535433070866141,0.0,0.9606299212598425,0.14960629921259844,0.5196850393700787
2024-08-29T14:01:25.234725,interface,0.5354330708661418,0.6771653543307087,0.8661417322834646,0.6535433070866141,0.0,0.9606299212598425,0.14960629921259844,0.5196850393700787
2024-08-29T14:01:25.258766,interface,0.5275590551181102,0.6771653543307087,0.8661417322834646,0.6535433070866141,0.0,0.9606299212598425,0.14960629921259844,0.5196850393700787
2024-08-29T14:01:25.274658,interface,0.5275590551181102,0.6771653543307087,0.8661417322834646,0.6535433070866141,0.0,0.9606299212598425,0.14960629921259844,0.5196850393700787
2024-08-29T14:01:25.293080,interface,0.5196850393700787,0.6771653543307087,0.8661417322834646,0.6535433070866141,0.0,0.9606299212598425,0.14960629921259844,0.5196850393700787
2024-08-29T14:01:25.306660,interface,0.5196850393700787,0.6771653543307087,0.8661417322834646,0.6535433070866141,0.0,0.9606299212598425,0.14960629921259844,0.5196850393700787
2024-08-29T14:01:25.322645,interface,0.5118110236220472,0.6771653543307087,0.8661417322834646,0.6535433070866141,0.0,0.9606299212598425,0.14960629921259844,0.5196850393700787
2024-08-29T14:01:25.343089,interface,0.5118110236220472,0.6771653543307087,0.8661417322834646,0.6535433070866141,0.0,0.9606299212598425,0.14960629921259844,0.5196850393700787
2024-08-29T14:01:25.354656,interface,0.5039370078740157,0.6771653543307087,0.8661417322834646,0.6535433070866141,0.0,0.9606299212598425,0.14960629921259844,0.5196850393700787
2024-08-29T14:01:25.370527,interface,0.5039370078740157,0.6771653543307087,0.8661417322834646,0.6535433070866141,0.0,0.9606299212598425,0.14960629921259844,0.5196850393700787
2024-08-29T14:01:25.386789,interface,0.49606299212598426,0.6771653543307087,0.8661417322834646,0.6535433070866141,0.0,0.9606299212598425,0.14960629921259844,0.5196850393700787
2024-08-29T14:01:25.402684,interface,0.49606299212598426,0.6771653543307087,0.8661417322834646,0.6535433070866141,0.0,0.9606299212598425,0.14960629921259844,0.5196850393700787
2024-08-29T14:01:25.418603,interface,0.4881889763779528,0.6771653543307087,0.8661417322834646,0.6535433070866141,0.0,0.9606299212598425,0.14960629921259844,0.5196850393700787
2024-08-29T14:01:25.434831,interface,0.48031496062992124,0.6771653543307087,0.8661417322834646,0.6535433070866141,0.0,0.9606299212598425,0.14960629921259844,0.5196850393700787
2024-08-29T14:01:25.450692,interface,0.48031496062992124,0.6771653543307087,0.8661417322834646,0.6535433070866141,0.0,0.9606299212598425,0.14960629921259844,0.5196850393700787
2024-08-29T14:01:25.468087,interface,0.47244094488188976,0.6771653543307087,0.8661417322834646,0.6535433070866141,0.0,0.9606299212598425,0.14960629921259844,0.5196850393700787
2024-08-29T14:01:25.482821,interface,0.4645669291338583,0.6771653543307087,0.8661417322834646,0.6535433070866141,0.0,0.9606299212598425,0.14960629921259844,0.5196850393700787
2024-08-29T14:01:25.498763,interface,0.4645669291338583,0.6771653543307087,0.8661417322834646,0.6535433070866141,0.0,0.9606299212598425,0.14960629921259844,0.5196850393700787
2024-08-29T14:01:25.518117,interface,0.4566929133858268,0.6771653543307087,0.8661417322834646,0.6535433070866141,0.0,0.9606299212598425,0.14960629921259844,0.5196850393700787
2024-08-29T14:01:25.530768,interface,0.44881889763779526,0.6771653543307087,0.8661417322834646,0.6535433070866141,0.0,0.9606299212598425,0.14960629921259844,0.5196850393700787
2024-08-29T14:01:25.546742,interface,0.4409448818897638,0.6771653543307087,0.8661417322834646,0.6535433070866141,0.0,0.9606299212598425,0.14960629921259844,0.5196850393700787
2024-08-29T14:01:25.562813,interface,0.4409448818897638,0.6771653543307087,0.8661417322834646,0.6535433070866141,0.0,0.9606299212598425,0.14960629921259844,0.5196850393700787
2024-08-29T14:01:25.578771,interface,0.4330708661417323,0.6771653543307087,0.8661417322834646,0.6535433070866141,0.0,0.9606299212598425,0.14960629921259844,0.5196850393700787
2024-08-29T14:01:25.594622,interface,0.4251968503937008,0.6771653543307087,0.8661417322834646,0.6535433070866141,0.0,0.9606299212598425,0.14960629921259844,0.5196850393700787
2024-08-29T14:01:25.610880,interface,0.41732283464566927,0.6771653543307087,0.8661417322834646,0.6535433070866141,0.0,0.9606299212598425,0.14960629921259844,0.5196850393700787
2024-08-29T14:01:25.626789,interface,0.4094488188976378,0.6771653543307087,0.8661417322834646,0.6535433070866141,0.0,0.9606299212598425,0.14960629921259844,0.5196850393700787
2024-08-29T14:01:25.643090,interface,0.4094488188976378,0.6771653543307087,0.8661417322834646,0.6535433070866141,0.0,0.9606299212598425,0.14960629921259844,0.5196850393700787
2024-08-29T14:01:25.658899,interface,0.4015748031496063,0.6771653543307087,0.8661417322834646,0.6535433070866141,0.0,0.9606299212598425,0.14960629921259844,0.5196850393700787
2024-08-29T14:01:25.674789,interface,0.3937007874015748,0.6771653543307087,0.8661417322834646,0.6535433070866141,0.0,0.9606299212598425,0.14960629921259844,0.5196850393700787
2024-08-29T14:01:25.693072,interface,0.3858267716535433,0.6771653543307087,0.8661417322834646,0.6535433070866141,0.0,0.9606299212598425,0.14960629921259844,0.5196850393700787
2024-08-29T14:01:25.707321,interface,0.3779527559055118,0.6771653543307087,0.8661417322834646,0.6535433070866141,0.0,0.9606299212598425,0.14960629921259844,0.5196850393700787
2024-08-29T14:01:25.722893,interface,0.3700787401574803,0.6771653543307087,0.8661417322834646,0.6535433070866141,0.0,0.9606299212598425,0.14960629921259844,0.5196850393700787
2024-08-29T14:01:25.743070,interface,0.3700787401574803,0.6771653543307087,0.8661417322834646,0.6535433070866141,0.0,0.9606299212598425,0.14960629921259844,0.5196850393700787
2024-08-29T14:01:25.754804,interface,0.36220472440944884,0.6771653543307087,0.8661417322834646,0.6535433070866141,0.0,0.9606299212598425,0.14960629921259844,0.5196850393700787
2024-08-29T14:01:25.770685,interface,0.3543307086614173,0.6771653543307087,0.8661417322834646,0.6535433070866141,0.0,0.9606299212598425,0.14960629921259844,0.5196850393700787
2024-08-29T14:01:25.786917,interface,0.3543307086614173,0.6771653543307087,0.8661417322834646,0.6535433070866141,0.0,0.9606299212598425,0.14960629921259844,0.5196850393700787
2024-08-29T14:01:25.802810,interface,0.3464566929133858,0.6771653543307087,0.8661417322834646,0.6535433070866141,0.0,0.9606299212598425,0.14960629921259844,0.5196850393700787
2024-08-29T14:01:25.818688,interface,0.33858267716535434,0.6771653543307087,0.8661417322834646,0.6535433070866141,0.0,0.9606299212598425,0.14960629921259844,0.5196850393700787
2024-08-29T14:01:25.822082,interface,0.33858267716535434,0.6771653543307087,0.8661417322834646,0.6535433070866141,0.0,0.9606299212598425,0.14960629921259844,0.5196850393700787
2024-08-29T14:01:25.843060,interface,0.33070866141732286,0.6771653543307087,0.8661417322834646,0.6535433070866141,0.0,0.9606299212598425,0.14960629921259844,0.5196850393700787
2024-08-29T14:01:25.858916,interface,0.3228346456692913,0.6771653543307087,0.8661417322834646,0.6535433070866141,0.0,0.9606299212598425,0.14960629921259844,0.5196850393700787
2024-08-29T14:01:25.874807,interface,0.3228346456692913,0.6771653543307087,0.8661417322834646,0.6535433070866141,0.0,0.9606299212598425,0.14960629921259844,0.5196850393700787
2024-08-29T14:01:25.893055,interface,0.31496062992125984,0.6771653543307087,0.8661417322834646,0.6535433070866141,0.0,0.9606299212598425,0.14960629921259844,0.5196850393700787
2024-08-29T14:01:25.906983,interface,0.31496062992125984,0.6771653543307087,0.8661417322834646,0.6535433070866141,0.0,0.9606299212598425,0.14960629921259844,0.5196850393700787
2024-08-29T14:01:25.922822,interface,0.30708661417322836,0.6771653543307087,0.8661417322834646,0.6535433070866141,0.0,0.9606299212598425,0.14960629921259844,0.5196850393700787
2024-08-29T14:01:25.943071,interface,0.2992125984251969,0.6771653543307087,0.8661417322834646,0.6535433070866141,0.0,0.9606299212598425,0.14960629921259844,0.5196850393700787
2024-08-29T14:01:25.954816,interface,0.2992125984251969,0.6771653543307087,0.8661417322834646,0.6535433070866141,0.0,0.9606299212598425,0.14960629921259844,0.5196850393700787
2024-08-29T14:01:25.970732,interface,0.29133858267716534,0.6771653543307087,0.8661417322834646,0.6535433070866141,0.0,0.9606299212598425,0.14960629921259844,0.5196850393700787
2024-08-29T14:01:25.986965,interface,0.28346456692913385,0.6771653543307087,0.8661417322834646,0.6535433070866141,0.0,0.9606299212598425,0.14960629921259844,0.5196850393700787
2024-08-29T14:01:26.002867,interface,0.28346456692913385,0.6771653543307087,0.8661417322834646,0.6535433070866141,0.0,0.9606299212598425,0.14960629921259844,0.5196850393700787
2024-08-29T14:01:26.018755,interface,0.2755905511811024,0.6771653543307087,0.8661417322834646,0.6535433070866141,0.0,0.9606299212598425,0.14960629921259844,0.5196850393700787
2024-08-29T14:01:26.034951,interface,0.2677165354330709,0.6771653543307087,0.8661417322834646,0.6535433070866141,0.0,0.9606299212598425,0.14960629921259844,0.5196850393700787
2024-08-29T14:01:26.050878,interface,0.25984251968503935,0.6771653543307087,0.8661417322834646,0.6535433070866141,0.0,0.9606299212598425,0.14960629921259844,0.5196850393700787
2024-08-29T14:01:26.068055,interface,0.25984251968503935,0.6771653543307087,0.8661417322834646,0.6535433070866141,0.0,0.9606299212598425,0.14960629921259844,0.5196850393700787
2024-08-29T14:01:26.082953,interface,0.25196850393700787,0.6771653543307087,0.8661417322834646,0.6535433070866141,0.0,0.9606299212598425,0.14960629921259844,0.5196850393700787
2024-08-29T14:01:26.098850,interface,0.2440944881889764,0.6771653543307087,0.8661417322834646,0.6535433070866141,0.0,0.9606299212598425,0.14960629921259844,0.5196850393700787
2024-08-29T14:01:26.118047,interface,0.2440944881889764,0.6771653543307087,0.8661417322834646,0.6535433070866141,0.0,0.9606299212598425,0.14960629921259844,0.5196850393700787
2024-08-29T14:01:26.130854,interface,0.23622047244094488,0.6771653543307087,0.8661417322834646,0.6535433070866141,0.0,0.9606299212598425,0.14960629921259844,0.5196850393700787
2024-08-29T14:01:26.134284,interface,0.2283464566929134,0.6771653543307087,0.8661417322834646,0.6535433070866141,0.0,0.9606299212598425,0.14960629921259844,0.5196850393700787
2024-08-29T14:01:26.154902,interface,0.2204724409448819,0.6771653543307087,0.8661417322834646,0.6535433070866141,0.0,0.9606299212598425,0.14960629921259844,0.5196850393700787
2024-08-29T14:01:26.168458,interface,0.2204724409448819,0.6771653543307087,0.8661417322834646,0.6535433070866141,0.0,0.9606299212598425,0.14960629921259844,0.5196850393700787
2024-08-29T14:01:26.171682,interface,0.2125984251968504,0.6771653543307087,0.8661417322834646,0.6535433070866141,0.0,0.9606299212598425,0.14960629921259844,0.5196850393700787
2024-08-29T14:01:26.174973,interface,0.2125984251968504,0.6771653543307087,0.8661417322834646,0.6535433070866141,0.0,0.9606299212598425,0.14960629921259844,0.5196850393700787
2024-08-29T14:01:26.194719,interface,0.2047244094488189,0.6771653543307087,0.8661417322834646,0.6535433070866141,0.0,0.9606299212598425,0.14960629921259844,0.5196850393700787
2024-08-29T14:01:26.204690,interface,0.2047244094488189,0.6771653543307087,0.8661417322834646,0.6535433070866141,0.0,0.9606299212598425,0.14960629921259844,0.5196850393700787
2024-08-29T14:01:26.218781,interface,0.1968503937007874,0.6771653543307087,0.8661417322834646,0.6535433070866141,0.0,0.9606299212598425,0.14960629921259844,0.5196850393700787
2024-08-29T14:01:26.227270,interface,0.1889763779527559,0.6771653543307087,0.8661417322834646,0.6535433070866141,0.0,0.9606299212598425,0.14960629921259844,0.5196850393700787
2024-08-29T14:01:26.230674,interface,0.1889763779527559,0.6771653543307087,0.8661417322834646,0.6535433070866141,0.0,0.9606299212598425,0.14960629921259844,0.5196850393700787
2024-08-29T14:01:26.244551,interface,0.18110236220472442,0.6771653543307087,0.8661417322834646,0.6535433070866141,0.0,0.9606299212598425,0.14960629921259844,0.5196850393700787
2024-08-29T14:01:26.255143,interface,0.18110236220472442,0.6771653543307087,0.8661417322834646,0.6535433070866141,0.0,0.9606299212598425,0.14960629921259844,0.5196850393700787
2024-08-29T14:01:26.266787,interface,0.1732283464566929,0.6771653543307087,0.8661417322834646,0.6535433070866141,0.0,0.9606299212598425,0.14960629921259844,0.5196850393700787
2024-08-29T14:01:26.275342,interface,0.16535433070866143,0.6771653543307087,0.8661417322834646,0.6535433070866141,0.0,0.9606299212598425,0.14960629921259844,0.5196850393700787
2024-08-29T14:01:26.284826,interface,0.16535433070866143,0.6771653543307087,0.8661417322834646,0.6535433070866141,0.0,0.9606299212598425,0.14960629921259844,0.5196850393700787
2024-08-29T14:01:26.298883,interface,0.15748031496062992,0.6771653543307087,0.8661417322834646,0.6535433070866141,0.0,0.9606299212598425,0.14960629921259844,0.5196850393700787
2024-08-29T14:01:26.343070,interface,0.16535433070866143,0.6771653543307087,0.8661417322834646,0.6535433070866141,0.0,0.9606299212598425,0.14960629921259844,0.5196850393700787
2024-08-29T14:01:26.344199,interface,0.16535433070866143,0.6771653543307087,0.8661417322834646,0.6535433070866141,0.0,0.9606299212598425,0.14960629921259844,0.5196850393700787
2024-08-29T14:01:26.354900,interface,0.1732283464566929,0.6771653543307087,0.8661417322834646,0.6535433070866141,0.0,0.9606299212598425,0.14960629921259844,0.5196850393700787
2024-08-29T14:01:26.368498,interface,0.18110236220472442,0.6771653543307087,0.8661417322834646,0.6535433070866141,0.0,0.9606299212598425,0.14960629921259844,0.5196850393700787
2024-08-29T14:01:26.371697,interface,0.1968503937007874,0.6771653543307087,0.8661417322834646,0.6535433070866141,0.0,0.9606299212598425,0.14960629921259844,0.5196850393700787
2024-08-29T14:01:26.374916,interface,0.2125984251968504,0.6771653543307087,0.8661417322834646,0.6535433070866141,0.0,0.9606299212598425,0.14960629921259844,0.5196850393700787
2024-08-29T14:01:26.387000,interface,0.2204724409448819,0.6771653543307087,0.8661417322834646,0.6535433070866141,0.0,0.9606299212598425,0.14960629921259844,0.5196850393700787
2024-08-29T14:01:26.390442,interface,0.23622047244094488,0.6771653543307087,0.8661417322834646,0.6535433070866141,0.0,0.9606299212598425,0.14960629921259844,0.5196850393700787
2024-08-29T14:01:26.405199,interface,0.2440944881889764,0.6771653543307087,0.8661417322834646,0.6535433070866141,0.0,0.9606299212598425,0.14960629921259844,0.5196850393700787
2024-08-29T14:01:26.415279,interface,0.25196850393700787,0.6771653543307087,0.8661417322834646,0.6535433070866141,0.0,0.9606299212598425,0.14960629921259844,0.5196850393700787
2024-08-29T14:01:26.416407,interface,0.25984251968503935,0.6771653543307087,0.8661417322834646,0.6535433070866141,0.0,0.9606299212598425,0.14960629921259844,0.5196850393700787
2024-08-29T14:01:26.426913,interface,0.2755905511811024,0.6771653543307087,0.8661417322834646,0.6535433070866141,0.0,0.9606299212598425,0.14960629921259844,0.5196850393700787
2024-08-29T14:01:26.435999,interface,0.28346456692913385,0.6771653543307087,0.8661417322834646,0.6535433070866141,0.0,0.9606299212598425,0.14960629921259844,0.5196850393700787
2024-08-29T14:01:26.444738,interface,0.2992125984251969,0.6771653543307087,0.8661417322834646,0.6535433070866141,0.0,0.9606299212598425,0.14960629921259844,0.5196850393700787
2024-08-29T14:01:26.454961,interface,0.30708661417322836,0.6771653543307087,0.8661417322834646,0.6535433070866141,0.0,0.9606299212598425,0.14960629921259844,0.5196850393700787
2024-08-29T14:01:26.456086,interface,0.31496062992125984,0.6771653543307087,0.8661417322834646,0.6535433070866141,0.0,0.9606299212598425,0.14960629921259844,0.5196850393700787
2024-08-29T14:01:26.467577,interface,0.3228346456692913,0.6771653543307087,0.8661417322834646,0.6535433070866141,0.0,0.9606299212598425,0.14960629921259844,0.5196850393700787
2024-08-29T14:01:26.470934,interface,0.3228346456692913,0.6771653543307087,0.8661417322834646,0.6535433070866141,0.0,0.9606299212598425,0.14960629921259844,0.5196850393700787
2024-08-29T14:01:26.493122,interface,0.33070866141732286,0.6771653543307087,0.8661417322834646,0.6535433070866141,0.0,0.9606299212598425,0.14960629921259844,0.5196850393700787
2024-08-29T14:01:26.611230,interface,0.33070866141732286,0.6771653543307087,0.8661417322834646,0.6535433070866141,0.0,0.9606299212598425,0.14960629921259844,0.5196850393700787
2024-08-29T14:01:26.627074,interface,0.3228346456692913,0.6771653543307087,0.8661417322834646,0.6535433070866141,0.0,0.9606299212598425,0.14960629921259844,0.5196850393700787
2024-08-29T14:01:26.630484,interface,0.3228346456692913,0.6771653543307087,0.8661417322834646,0.6535433070866141,0.0,0.9606299212598425,0.14960629921259844,0.5196850393700787
2024-08-29T14:01:26.644465,interface,0.31496062992125984,0.6771653543307087,0.8661417322834646,0.6535433070866141,0.0,0.9606299212598425,0.14960629921259844,0.5196850393700787
2024-08-29T14:01:26.655332,interface,0.30708661417322836,0.6771653543307087,0.8661417322834646,0.6535433070866141,0.0,0.9606299212598425,0.14960629921259844,0.5196850393700787
2024-08-29T14:01:26.656458,interface,0.30708661417322836,0.6771653543307087,0.8661417322834646,0.6535433070866141,0.0,0.9606299212598425,0.14960629921259844,0.5196850393700787
2024-08-29T14:01:26.667463,interface,0.2992125984251969,0.6771653543307087,0.8661417322834646,0.6535433070866141,0.0,0.9606299212598425,0.14960629921259844,0.5196850393700787
2024-08-29T14:01:26.670835,interface,0.2992125984251969,0.6771653543307087,0.8661417322834646,0.6535433070866141,0.0,0.9606299212598425,0.14960629921259844,0.5196850393700787
2024-08-29T14:01:26.685380,interface,0.29133858267716534,0.6771653543307087,0.8661417322834646,0.6535433070866141,0.0,0.9606299212598425,0.14960629921259844,0.5196850393700787
2024-08-29T14:01:26.695265,interface,0.28346456692913385,0.6771653543307087,0.8661417322834646,0.6535433070866141,0.0,0.9606299212598425,0.14960629921259844,0.5196850393700787
2024-08-29T14:01:26.696388,interface,0.28346456692913385,0.6771653543307087,0.8661417322834646,0.6535433070866141,0.0,0.9606299212598425,0.14960629921259844,0.5196850393700787
2024-08-29T14:01:26.707231,interface,0.2755905511811024,0.6771653543307087,0.8661417322834646,0.6535433070866141,0.0,0.9606299212598425,0.14960629921259844,0.5196850393700787
2024-08-29T14:01:26.710598,interface,0.2677165354330709,0.6771653543307087,0.8661417322834646,0.6535433070866141,0.0,0.9606299212598425,0.14960629921259844,0.5196850393700787
2024-08-29T14:01:26.726186,interface,0.25984251968503935,0.6771653543307087,0.8661417322834646,0.6535433070866141,0.0,0.9606299212598425,0.14960629921259844,0.5196850393700787
2024-08-29T14:01:26.730207,interface,0.25196850393700787,0.6771653543307087,0.8661417322834646,0.6535433070866141,0.0,0.9606299212598425,0.14960629921259844,0.5196850393700787
2024-08-29T14:01:26.739231,interface,0.2440944881889764,0.6771653543307087,0.8661417322834646,0.6535433070866141,0.0,0.9606299212598425,0.14960629921259844,0.5196850393700787
2024-08-29T14:01:26.742636,interface,0.23622047244094488,0.6771653543307087,0.8661417322834646,0.6535433070866141,0.0,0.9606299212598425,0.14960629921259844,0.5196850393700787
2024-08-29T14:01:26.755210,interface,0.2283464566929134,0.6771653543307087,0.8661417322834646,0.6535433070866141,0.0,0.9606299212598425,0.14960629921259844,0.5196850393700787
2024-08-29T14:01:26.765738,interface,0.2204724409448819,0.6771653543307087,0.8661417322834646,0.6535433070866141,0.0,0.9606299212598425,0.14960629921259844,0.5196850393700787
2024-08-29T14:01:26.774724,interface,0.2125984251968504,0.6771653543307087,0.8661417322834646,0.6535433070866141,0.0,0.9606299212598425,0.14960629921259844,0.5196850393700787
2024-08-29T14:01:26.775903,interface,0.2047244094488189,0.6771653543307087,0.8661417322834646,0.6535433070866141,0.0,0.9606299212598425,0.14960629921259844,0.5196850393700787
2024-08-29T14:01:26.787535,interface,0.1968503937007874,0.6771653543307087,0.8661417322834646,0.6535433070866141,0.0,0.9606299212598425,0.14960629921259844,0.5196850393700787
2024-08-29T14:01:26.790979,interface,0.1889763779527559,0.6771653543307087,0.8661417322834646,0.6535433070866141,0.0,0.9606299212598425,0.14960629921259844,0.5196850393700787
2024-08-29T14:01:26.805475,interface,0.1889763779527559,0.6771653543307087,0.8661417322834646,0.6535433070866141,0.0,0.9606299212598425,0.14960629921259844,0.5196850393700787
2024-08-29T14:01:26.815195,interface,0.18110236220472442,0.6771653543307087,0.8661417322834646,0.6535433070866141,0.0,0.9606299212598425,0.14960629921259844,0.5196850393700787
2024-08-29T14:01:26.816323,interface,0.1732283464566929,0.6771653543307087,0.8661417322834646,0.6535433070866141,0.0,0.9606299212598425,0.14960629921259844,0.5196850393700787
2024-08-29T14:01:26.827139,interface,0.1732283464566929,0.6771653543307087,0.8661417322834646,0.6535433070866141,0.0,0.9606299212598425,0.14960629921259844,0.5196850393700787
2024-08-29T14:01:26.830527,interface,0.16535433070866143,0.6771653543307087,0.8661417322834646,0.6535433070866141,0.0,0.9606299212598425,0.14960629921259844,0.5196850393700787
2024-08-29T14:01:26.844737,interface,0.16535433070866143,0.6771653543307087,0.8661417322834646,0.6535433070866141,0.0,0.9606299212598425,0.14960629921259844,0.5196850393700787
2024-08-29T14:01:26.854520,interface,0.15748031496062992,0.6771653543307087,0.8661417322834646,0.6535433070866141,0.0,0.9606299212598425,0.14960629921259844,0.5196850393700787
2024-08-29T14:01:26.868110,interface,0.15748031496062992,0.6771653543307087,0.8661417322834646,0.6535433070866141,0.0,0.9606299212598425,0.14960629921259844,0.5196850393700787
2024-08-29T14:01:26.893125,interface,0.14960629921259844,0.6771653543307087,0.8661417322834646,0.6535433070866141,0.0,0.9606299212598425,0.14960629921259844,0.5196850393700787
2024-08-29T14:01:26.918109,interface,0.14960629921259844,0.6771653543307087,0.8661417322834646,0.6535433070866141,0.0,0.9606299212598425,0.14960629921259844,0.5196850393700787
2024-08-29T14:01:27.305076,interface,0.14173228346456693,0.6771653543307087,0.8661417322834646,0.6535433070866141,0.0,0.9606299212598425,0.14960629921259844,0.5196850393700787
2024-08-29T14:01:29.319689,interface,0.14173228346456693,0.6771653543307087,0.8661417322834646,0.6535433070866141,0.0,0.9606299212598425,0.14960629921259844,0.5196850393700787
2024-08-29T14:01:29.343338,interface,0.13385826771653545,0.6771653543307087,0.8661417322834646,0.6535433070866141,0.0,0.9606299212598425,0.14960629921259844,0.5196850393700787
2024-08-29T14:01:29.359837,interface,0.12598425196850394,0.6771653543307087,0.8661417322834646,0.6535433070866141,0.0,0.9606299212598425,0.14960629921259844,0.5196850393700787
2024-08-29T14:01:29.375453,interface,0.11811023622047244,0.6771653543307087,0.8661417322834646,0.6535433070866141,0.0,0.9606299212598425,0.14960629921259844,0.5196850393700787
2024-08-29T14:01:29.384807,interface,0.11811023622047244,0.6771653543307087,0.8661417322834646,0.6535433070866141,0.0,0.9606299212598425,0.14960629921259844,0.5196850393700787
2024-08-29T14:01:29.395176,interface,0.11023622047244094,0.6771653543307087,0.8661417322834646,0.6535433070866141,0.0,0.9606299212598425,0.14960629921259844,0.5196850393700787
2024-08-29T14:01:29.405554,interface,0.10236220472440945,0.6771653543307087,0.8661417322834646,0.6535433070866141,0.0,0.9606299212598425,0.14960629921259844,0.5196850393700787
2024-08-29T14:01:29.406694,interface,0.10236220472440945,0.6771653543307087,0.8661417322834646,0.6535433070866141,0.0,0.9606299212598425,0.14960629921259844,0.5196850393700787
2024-08-29T14:01:29.411878,interface,0.09448818897637795,0.6771653543307087,0.8661417322834646,0.6535433070866141,0.0,0.9606299212598425,0.14960629921259844,0.5196850393700787
2024-08-29T14:01:29.424356,interface,0.09448818897637795,0.6771653543307087,0.8661417322834646,0.6535433070866141,0.0,0.9606299212598425,0.14960629921259844,0.5196850393700787
2024-08-29T14:01:29.434984,interface,0.08661417322834646,0.6771653543307087,0.8661417322834646,0.6535433070866141,0.0,0.9606299212598425,0.14960629921259844,0.5196850393700787
2024-08-29T14:01:29.445514,interface,0.07874015748031496,0.6771653543307087,0.8661417322834646,0.6535433070866141,0.0,0.9606299212598425,0.14960629921259844,0.5196850393700787
2024-08-29T14:01:29.446649,interface,0.07086614173228346,0.6771653543307087,0.8661417322834646,0.6535433070866141,0.0,0.9606299212598425,0.14960629921259844,0.5196850393700787
2024-08-29T14:01:29.451903,interface,0.07086614173228346,0.6771653543307087,0.8661417322834646,0.6535433070866141,0.0,0.9606299212598425,0.14960629921259844,0.5196850393700787
2024-08-29T14:01:29.468201,interface,0.06299212598425197,0.6771653543307087,0.8661417322834646,0.6535433070866141,0.0,0.9606299212598425,0.14960629921259844,0.5196850393700787
2024-08-29T14:01:29.471460,interface,0.06299212598425197,0.6771653543307087,0.8661417322834646,0.6535433070866141,0.0,0.9606299212598425,0.14960629921259844,0.5196850393700787
2024-08-29T14:01:29.485451,interface,0.05511811023622047,0.6771653543307087,0.8661417322834646,0.6535433070866141,0.0,0.9606299212598425,0.14960629921259844,0.5196850393700787
2024-08-29T14:01:29.486681,interface,0.05511811023622047,0.6771653543307087,0.8661417322834646,0.6535433070866141,0.0,0.9606299212598425,0.14960629921259844,0.5196850393700787
2024-08-29T14:01:29.491786,interface,0.047244094488188976,0.6771653543307087,0.8661417322834646,0.6535433070866141,0.0,0.9606299212598425,0.14960629921259844,0.5196850393700787
2024-08-29T14:01:29.505288,interface,0.03937007874015748,0.6771653543307087,0.8661417322834646,0.6535433070866141,0.0,0.9606299212598425,0.14960629921259844,0.5196850393700787
2024-08-29T14:01:29.515542,interface,0.03937007874015748,0.6771653543307087,0.8661417322834646,0.6535433070866141,0.0,0.9606299212598425,0.14960629921259844,0.5196850393700787
2024-08-29T14:01:29.525099,interface,0.031496062992125984,0.6771653543307087,0.8661417322834646,0.6535433070866141,0.0,0.9606299212598425,0.14960629921259844,0.5196850393700787
2024-08-29T14:01:29.526235,interface,0.031496062992125984,0.6771653543307087,0.8661417322834646,0.6535433070866141,0.0,0.9606299212598425,0.14960629921259844,0.5196850393700787
2024-08-29T14:01:29.531458,interface,0.023622047244094488,0.6771653543307087,0.8661417322834646,0.6535433070866141,0.0,0.9606299212598425,0.14960629921259844,0.5196850393700787
2024-08-29T14:01:29.544380,interface,0.015748031496062992,0.6771653543307087,0.8661417322834646,0.6535433070866141,0.0,0.9606299212598425,0.14960629921259844,0.5196850393700787
2024-08-29T14:01:29.554378,interface,0.015748031496062992,0.6771653543307087,0.8661417322834646,0.6535433070866141,0.0,0.9606299212598425,0.14960629921259844,0.5196850393700787
2024-08-29T14:01:29.568297,interface,0.007874015748031496,0.6771653543307087,0.8661417322834646,0.6535433070866141,0.0,0.9606299212598425,0.14960629921259844,0.5196850393700787
2024-08-29T14:01:29.583607,interface,0.007874015748031496,0.6771653543307087,0.8661417322834646,0.6535433070866141,0.0,0.9606299212598425,0.14960629921259844,0.5196850393700787
2024-08-29T14:01:29.607679,interface,0.0,0.6771653543307087,0.8661417322834646,0.6535433070866141,0.0,0.9606299212598425,0.14960629921259844,0.5196850393700787
2024-08-29T14:01:29.643161,interface,0.0,0.6771653543307087,0.8661417322834646,0.6535433070866141,0.0,0.9606299212598425,0.14960629921259844,0.5196850393700787
2024-08-29T14:01:30.207548,interface,0.007874015748031496,0.6771653543307087,0.8661417322834646,0.6535433070866141,0.0,0.9606299212598425,0.14960629921259844,0.5196850393700787
2024-08-29T14:01:30.231510,interface,0.007874015748031496,0.6771653543307087,0.8661417322834646,0.6535433070866141,0.0,0.9606299212598425,0.14960629921259844,0.5196850393700787
2024-08-29T14:01:30.247499,interface,0.015748031496062992,0.6771653543307087,0.8661417322834646,0.6535433070866141,0.0,0.9606299212598425,0.14960629921259844,0.5196850393700787
2024-08-29T14:01:30.250911,interface,0.023622047244094488,0.6771653543307087,0.8661417322834646,0.6535433070866141,0.0,0.9606299212598425,0.14960629921259844,0.5196850393700787
2024-08-29T14:01:30.268151,interface,0.031496062992125984,0.6771653543307087,0.8661417322834646,0.6535433070866141,0.0,0.9606299212598425,0.14960629921259844,0.5196850393700787
2024-08-29T14:01:30.271407,interface,0.031496062992125984,0.6771653543307087,0.8661417322834646,0.6535433070866141,0.0,0.9606299212598425,0.14960629921259844,0.5196850393700787
2024-08-29T14:01:30.284673,interface,0.03937007874015748,0.6771653543307087,0.8661417322834646,0.6535433070866141,0.0,0.9606299212598425,0.14960629921259844,0.5196850393700787
2024-08-29T14:01:30.285930,interface,0.03937007874015748,0.6771653543307087,0.8661417322834646,0.6535433070866141,0.0,0.9606299212598425,0.14960629921259844,0.5196850393700787
2024-08-29T14:01:30.291196,interface,0.047244094488188976,0.6771653543307087,0.8661417322834646,0.6535433070866141,0.0,0.9606299212598425,0.14960629921259844,0.5196850393700787
2024-08-29T14:01:30.304733,interface,0.05511811023622047,0.6771653543307087,0.8661417322834646,0.6535433070866141,0.0,0.9606299212598425,0.14960629921259844,0.5196850393700787
2024-08-29T14:01:30.318371,interface,0.05511811023622047,0.6771653543307087,0.8661417322834646,0.6535433070866141,0.0,0.9606299212598425,0.14960629921259844,0.5196850393700787
2024-08-29T14:01:30.321831,interface,0.06299212598425197,0.6771653543307087,0.8661417322834646,0.6535433070866141,0.0,0.9606299212598425,0.14960629921259844,0.5196850393700787
2024-08-29T14:01:30.322973,interface,0.07086614173228346,0.6771653543307087,0.8661417322834646,0.6535433070866141,0.0,0.9606299212598425,0.14960629921259844,0.5196850393700787
2024-08-29T14:01:30.335660,interface,0.07874015748031496,0.6771653543307087,0.8661417322834646,0.6535433070866141,0.0,0.9606299212598425,0.14960629921259844,0.5196850393700787
2024-08-29T14:01:30.345572,interface,0.07874015748031496,0.6771653543307087,0.8661417322834646,0.6535433070866141,0.0,0.9606299212598425,0.14960629921259844,0.5196850393700787
2024-08-29T14:01:30.355205,interface,0.08661417322834646,0.6771653543307087,0.8661417322834646,0.6535433070866141,0.0,0.9606299212598425,0.14960629921259844,0.5196850393700787
2024-08-29T14:01:30.365335,interface,0.09448818897637795,0.6771653543307087,0.8661417322834646,0.6535433070866141,0.0,0.9606299212598425,0.14960629921259844,0.5196850393700787
2024-08-29T14:01:30.366468,interface,0.10236220472440945,0.6771653543307087,0.8661417322834646,0.6535433070866141,0.0,0.9606299212598425,0.14960629921259844,0.5196850393700787
2024-08-29T14:01:30.371522,interface,0.10236220472440945,0.6771653543307087,0.8661417322834646,0.6535433070866141,0.0,0.9606299212598425,0.14960629921259844,0.5196850393700787
2024-08-29T14:01:30.385429,interface,0.11023622047244094,0.6771653543307087,0.8661417322834646,0.6535433070866141,0.0,0.9606299212598425,0.14960629921259844,0.5196850393700787
2024-08-29T14:01:30.394626,interface,0.11811023622047244,0.6771653543307087,0.8661417322834646,0.6535433070866141,0.0,0.9606299212598425,0.14960629921259844,0.5196850393700787
2024-08-29T14:01:30.405648,interface,0.12598425196850394,0.6771653543307087,0.8661417322834646,0.6535433070866141,0.0,0.9606299212598425,0.14960629921259844,0.5196850393700787
2024-08-29T14:01:30.406783,interface,0.12598425196850394,0.6771653543307087,0.8661417322834646,0.6535433070866141,0.0,0.9606299212598425,0.14960629921259844,0.5196850393700787
2024-08-29T14:01:30.412083,interface,0.13385826771653545,0.6771653543307087,0.8661417322834646,0.6535433070866141,0.0,0.9606299212598425,0.14960629921259844,0.5196850393700787
2024-08-29T14:01:30.424727,interface,0.13385826771653545,0.6771653543307087,0.8661417322834646,0.6535433070866141,0.0,0.9606299212598425,0.14960629921259844,0.5196850393700787
2024-08-29T14:01:30.434848,interface,0.14173228346456693,0.6771653543307087,0.8661417322834646,0.6535433070866141,0.0,0.9606299212598425,0.14960629921259844,0.5196850393700787
2024-08-29T14:01:30.444462,interface,0.14173228346456693,0.6771653543307087,0.8661417322834646,0.6535433070866141,0.0,0.9606299212598425,0.14960629921259844,0.5196850393700787
2024-08-29T14:01:30.445649,interface,0.14960629921259844,0.6771653543307087,0.8661417322834646,0.6535433070866141,0.0,0.9606299212598425,0.14960629921259844,0.5196850393700787
2024-08-29T14:01:30.450899,interface,0.14960629921259844,0.6771653543307087,0.8661417322834646,0.6535433070866141,0.0,0.9606299212598425,0.14960629921259844,0.5196850393700787
2024-08-29T14:01:30.468139,interface,0.15748031496062992,0.6771653543307087,0.8661417322834646,0.6535433070866141,0.0,0.9606299212598425,0.14960629921259844,0.5196850393700787
2024-08-29T14:01:30.479821,interface,0.16535433070866143,0.6771653543307087,0.8661417322834646,0.6535433070866141,0.0,0.9606299212598425,0.14960629921259844,0.5196850393700787
2024-08-29T14:01:30.483294,interface,0.16535433070866143,0.6771653543307087,0.8661417322834646,0.6535433070866141,0.0,0.9606299212598425,0.14960629921259844,0.5196850393700787
2024-08-29T14:01:30.503532,interface,0.1732283464566929,0.6771653543307087,0.8661417322834646,0.6535433070866141,0.0,0.9606299212598425,0.14960629921259844,0.5196850393700787
2024-08-29T14:01:30.519640,interface,0.18110236220472442,0.6771653543307087,0.8661417322834646,0.6535433070866141,0.0,0.9606299212598425,0.14960629921259844,0.5196850393700787
2024-08-29T14:01:30.535683,interface,0.18110236220472442,0.6771653543307087,0.8661417322834646,0.6535433070866141,0.0,0.9606299212598425,0.14960629921259844,0.5196850393700787
2024-08-29T14:01:30.551570,interface,0.1889763779527559,0.6771653543307087,0.8661417322834646,0.6535433070866141,0.0,0.9606299212598425,0.14960629921259844,0.5196850393700787
2024-08-29T14:01:30.568053,interface,0.1968503937007874,0.6771653543307087,0.8661417322834646,0.6535433070866141,0.0,0.9606299212598425,0.14960629921259844,0.5196850393700787
2024-08-29T14:01:30.583682,interface,0.2047244094488189,0.6771653543307087,0.8661417322834646,0.6535433070866141,0.0,0.9606299212598425,0.14960629921259844,0.5196850393700787
2024-08-29T14:01:30.599745,interface,0.2047244094488189,0.6771653543307087,0.8661417322834646,0.6535433070866141,0.0,0.9606299212598425,0.14960629921259844,0.5196850393700787
2024-08-29T14:01:30.618091,interface,0.2125984251968504,0.6771653543307087,0.8661417322834646,0.6535433070866141,0.0,0.9606299212598425,0.14960629921259844,0.5196850393700787
2024-08-29T14:01:30.643069,interface,0.2125984251968504,0.6771653543307087,0.8661417322834646,0.6535433070866141,0.0,0.9606299212598425,0.14960629921259844,0.5196850393700787
2024-08-29T14:01:30.668087,interface,0.2204724409448819,0.6771653543307087,0.8661417322834646,0.6535433070866141,0.0,0.9606299212598425,0.14960629921259844,0.5196850393700787
2024-08-29T14:01:30.719605,interface,0.2204724409448819,0.6771653543307087,0.8661417322834646,0.6535433070866141,0.0,0.9606299212598425,0.14960629921259844,0.5196850393700787
2024-08-29T14:01:30.818203,interface,0.2283464566929134,0.6771653543307087,0.8661417322834646,0.6535433070866141,0.0,0.9606299212598425,0.14960629921259844,0.5196850393700787
2024-08-29T14:01:32.045812,interface,0.2204724409448819,0.6771653543307087,0.8661417322834646,0.6535433070866141,0.0,0.9606299212598425,0.14960629921259844,0.5196850393700787
2024-08-29T14:01:32.117916,interface,0.2204724409448819,0.6771653543307087,0.8661417322834646,0.6535433070866141,0.0,0.9606299212598425,0.14960629921259844,0.5196850393700787
2024-08-29T14:01:32.349961,interface,0.2125984251968504,0.6771653543307087,0.8661417322834646,0.6535433070866141,0.0,0.9606299212598425,0.14960629921259844,0.5196850393700787
2024-08-29T14:01:32.758114,interface,0.2125984251968504,0.6771653543307087,0.8661417322834646,0.6535433070866141,0.0,0.9606299212598425,0.14960629921259844,0.5196850393700787
2024-08-29T14:01:32.886299,interface,0.2047244094488189,0.6771653543307087,0.8661417322834646,0.6535433070866141,0.0,0.9606299212598425,0.14960629921259844,0.5196850393700787
2024-08-29T14:01:33.060235,interface,0.2047244094488189,0.6771653543307087,0.8661417322834646,0.6535433070866141,0.0,0.9606299212598425,0.14960629921259844,0.5196850393700787
2024-08-29T14:01:33.163671,interface,0.1968503937007874,0.6771653543307087,0.8661417322834646,0.6535433070866141,0.0,0.9606299212598425,0.14960629921259844,0.5196850393700787
2024-08-29T14:01:33.220097,interface,0.1968503937007874,0.6771653543307087,0.8661417322834646,0.6535433070866141,0.0,0.9606299212598425,0.14960629921259844,0.5196850393700787
2024-08-29T14:01:33.276104,interface,0.1889763779527559,0.6771653543307087,0.8661417322834646,0.6535433070866141,0.0,0.9606299212598425,0.14960629921259844,0.5196850393700787
2024-08-29T14:01:33.308207,interface,0.1889763779527559,0.6771653543307087,0.8661417322834646,0.6535433070866141,0.0,0.9606299212598425,0.14960629921259844,0.5196850393700787
2024-08-29T14:01:33.367908,interface,0.18110236220472442,0.6771653543307087,0.8661417322834646,0.6535433070866141,0.0,0.9606299212598425,0.14960629921259844,0.5196850393700787
2024-08-29T14:01:33.428104,interface,0.18110236220472442,0.6771653543307087,0.8661417322834646,0.6535433070866141,0.0,0.9606299212598425,0.14960629921259844,0.5196850393700787
2024-08-29T14:01:33.517946,interface,0.1732283464566929,0.6771653543307087,0.8661417322834646,0.6535433070866141,0.0,0.9606299212598425,0.14960629921259844,0.5196850393700787
2024-08-29T14:01:33.621461,interface,0.1732283464566929,0.6771653543307087,0.8661417322834646,0.6535433070866141,0.0,0.9606299212598425,0.14960629921259844,0.5196850393700787
2024-08-29T14:01:33.684283,interface,0.16535433070866143,0.6771653543307087,0.8661417322834646,0.6535433070866141,0.0,0.9606299212598425,0.14960629921259844,0.5196850393700787
2024-08-29T14:01:33.804304,interface,0.16535433070866143,0.6771653543307087,0.8661417322834646,0.6535433070866141,0.0,0.9606299212598425,0.14960629921259844,0.5196850393700787
2024-08-29T14:01:33.876425,interface,0.15748031496062992,0.6771653543307087,0.8661417322834646,0.6535433070866141,0.0,0.9606299212598425,0.14960629921259844,0.5196850393700787
2024-08-29T14:01:33.932372,interface,0.15748031496062992,0.6771653543307087,0.8661417322834646,0.6535433070866141,0.0,0.9606299212598425,0.14960629921259844,0.5196850393700787
2024-08-29T14:01:33.993026,interface,0.14960629921259844,0.6771653543307087,0.8661417322834646,0.6535433070866141,0.0,0.9606299212598425,0.14960629921259844,0.5196850393700787
2024-08-29T14:01:34.052229,interface,0.14960629921259844,0.6771653543307087,0.8661417322834646,0.6535433070866141,0.0,0.9606299212598425,0.14960629921259844,0.5196850393700787
2024-08-29T14:01:34.124236,interface,0.14173228346456693,0.6771653543307087,0.8661417322834646,0.6535433070866141,0.0,0.9606299212598425,0.14960629921259844,0.5196850393700787
2024-08-29T14:01:34.212384,interface,0.14173228346456693,0.6771653543307087,0.8661417322834646,0.6535433070866141,0.0,0.9606299212598425,0.14960629921259844,0.5196850393700787
2024-08-29T14:01:35.162469,interface,0.14173228346456693,0.6771653543307087,0.8661417322834646,0.6535433070866141,0.0,0.9606299212598425,0.14960629921259844,0.5196850393700787
2024-08-29T14:01:35.175321,interface,0.14960629921259844,0.6771653543307087,0.8661417322834646,0.6535433070866141,0.0,0.9606299212598425,0.14960629921259844,0.5196850393700787
2024-08-29T14:01:35.176456,interface,0.15748031496062992,0.6771653543307087,0.8661417322834646,0.6535433070866141,0.0,0.9606299212598425,0.14960629921259844,0.5196850393700787
2024-08-29T14:01:35.186790,interface,0.15748031496062992,0.6771653543307087,0.8661417322834646,0.6535433070866141,0.0,0.9606299212598425,0.14960629921259844,0.5196850393700787
2024-08-29T14:01:35.195233,interface,0.16535433070866143,0.6771653543307087,0.8661417322834646,0.6535433070866141,0.0,0.9606299212598425,0.14960629921259844,0.5196850393700787
2024-08-29T14:01:35.204682,interface,0.1732283464566929,0.6771653543307087,0.8661417322834646,0.6535433070866141,0.0,0.9606299212598425,0.14960629921259844,0.5196850393700787
2024-08-29T14:01:35.218325,interface,0.18110236220472442,0.6771653543307087,0.8661417322834646,0.6535433070866141,0.0,0.9606299212598425,0.14960629921259844,0.5196850393700787
2024-08-29T14:01:35.219468,interface,0.1889763779527559,0.6771653543307087,0.8661417322834646,0.6535433070866141,0.0,0.9606299212598425,0.14960629921259844,0.5196850393700787
2024-08-29T14:01:35.222652,interface,0.1968503937007874,0.6771653543307087,0.8661417322834646,0.6535433070866141,0.0,0.9606299212598425,0.14960629921259844,0.5196850393700787
2024-08-29T14:01:35.235319,interface,0.1968503937007874,0.6771653543307087,0.8661417322834646,0.6535433070866141,0.0,0.9606299212598425,0.14960629921259844,0.5196850393700787
2024-08-29T14:01:35.245087,interface,0.2047244094488189,0.6771653543307087,0.8661417322834646,0.6535433070866141,0.0,0.9606299212598425,0.14960629921259844,0.5196850393700787
2024-08-29T14:01:35.254916,interface,0.2125984251968504,0.6771653543307087,0.8661417322834646,0.6535433070866141,0.0,0.9606299212598425,0.14960629921259844,0.5196850393700787
2024-08-29T14:01:35.256051,interface,0.2125984251968504,0.6771653543307087,0.8661417322834646,0.6535433070866141,0.0,0.9606299212598425,0.14960629921259844,0.5196850393700787
2024-08-29T14:01:35.266473,interface,0.2204724409448819,0.6771653543307087,0.8661417322834646,0.6535433070866141,0.0,0.9606299212598425,0.14960629921259844,0.5196850393700787
2024-08-29T14:01:35.282527,interface,0.2283464566929134,0.6771653543307087,0.8661417322834646,0.6535433070866141,0.0,0.9606299212598425,0.14960629921259844,0.5196850393700787
2024-08-29T14:01:35.298414,interface,0.2283464566929134,0.6771653543307087,0.8661417322834646,0.6535433070866141,0.0,0.9606299212598425,0.14960629921259844,0.5196850393700787
2024-08-29T14:01:35.318046,interface,0.23622047244094488,0.6771653543307087,0.8661417322834646,0.6535433070866141,0.0,0.9606299212598425,0.14960629921259844,0.5196850393700787
2024-08-29T14:01:35.330429,interface,0.2440944881889764,0.6771653543307087,0.8661417322834646,0.6535433070866141,0.0,0.9606299212598425,0.14960629921259844,0.5196850393700787
2024-08-29T14:01:35.346397,interface,0.25196850393700787,0.6771653543307087,0.8661417322834646,0.6535433070866141,0.0,0.9606299212598425,0.14960629921259844,0.5196850393700787
2024-08-29T14:01:35.355353,interface,0.25196850393700787,0.6771653543307087,0.8661417322834646,0.6535433070866141,0.0,0.9606299212598425,0.14960629921259844,0.5196850393700787
2024-08-29T14:01:35.365119,interface,0.25984251968503935,0.6771653543307087,0.8661417322834646,0.6535433070866141,0.0,0.9606299212598425,0.14960629921259844,0.5196850393700787
2024-08-29T14:01:35.374557,interface,0.25984251968503935,0.6771653543307087,0.8661417322834646,0.6535433070866141,0.0,0.9606299212598425,0.14960629921259844,0.5196850393700787
2024-08-29T14:01:35.375689,interface,0.2677165354330709,0.6771653543307087,0.8661417322834646,0.6535433070866141,0.0,0.9606299212598425,0.14960629921259844,0.5196850393700787
2024-08-29T14:01:35.386565,interface,0.2755905511811024,0.6771653543307087,0.8661417322834646,0.6535433070866141,0.0,0.9606299212598425,0.14960629921259844,0.5196850393700787
2024-08-29T14:01:35.395876,interface,0.28346456692913385,0.6771653543307087,0.8661417322834646,0.6535433070866141,0.0,0.9606299212598425,0.14960629921259844,0.5196850393700787
2024-08-29T14:01:35.404748,interface,0.29133858267716534,0.6771653543307087,0.8661417322834646,0.6535433070866141,0.0,0.9606299212598425,0.14960629921259844,0.5196850393700787
2024-08-29T14:01:35.418520,interface,0.2992125984251969,0.6771653543307087,0.8661417322834646,0.6535433070866141,0.0,0.9606299212598425,0.14960629921259844,0.5196850393700787
2024-08-29T14:01:35.419663,interface,0.30708661417322836,0.6771653543307087,0.8661417322834646,0.6535433070866141,0.0,0.9606299212598425,0.14960629921259844,0.5196850393700787
2024-08-29T14:01:35.422839,interface,0.31496062992125984,0.6771653543307087,0.8661417322834646,0.6535433070866141,0.0,0.9606299212598425,0.14960629921259844,0.5196850393700787
2024-08-29T14:01:35.435409,interface,0.3228346456692913,0.6771653543307087,0.8661417322834646,0.6535433070866141,0.0,0.9606299212598425,0.14960629921259844,0.5196850393700787
2024-08-29T14:01:35.444704,interface,0.3228346456692913,0.6771653543307087,0.8661417322834646,0.6535433070866141,0.0,0.9606299212598425,0.14960629921259844,0.5196850393700787
2024-08-29T14:01:35.454662,interface,0.33070866141732286,0.6771653543307087,0.8661417322834646,0.6535433070866141,0.0,0.9606299212598425,0.14960629921259844,0.5196850393700787
2024-08-29T14:01:35.455789,interface,0.33858267716535434,0.6771653543307087,0.8661417322834646,0.6535433070866141,0.0,0.9606299212598425,0.14960629921259844,0.5196850393700787
2024-08-29T14:01:35.466445,interface,0.3464566929133858,0.6771653543307087,0.8661417322834646,0.6535433070866141,0.0,0.9606299212598425,0.14960629921259844,0.5196850393700787
2024-08-29T14:01:35.474872,interface,0.3464566929133858,0.6771653543307087,0.8661417322834646,0.6535433070866141,0.0,0.9606299212598425,0.14960629921259844,0.5196850393700787
2024-08-29T14:01:35.484624,interface,0.3543307086614173,0.6771653543307087,0.8661417322834646,0.6535433070866141,0.0,0.9606299212598425,0.14960629921259844,0.5196850393700787
2024-08-29T14:01:35.495395,interface,0.36220472440944884,0.6771653543307087,0.8661417322834646,0.6535433070866141,0.0,0.9606299212598425,0.14960629921259844,0.5196850393700787
2024-08-29T14:01:35.496536,interface,0.3700787401574803,0.6771653543307087,0.8661417322834646,0.6535433070866141,0.0,0.9606299212598425,0.14960629921259844,0.5196850393700787
2024-08-29T14:01:35.506724,interface,0.3700787401574803,0.6771653543307087,0.8661417322834646,0.6535433070866141,0.0,0.9606299212598425,0.14960629921259844,0.5196850393700787
2024-08-29T14:01:35.515324,interface,0.3779527559055118,0.6771653543307087,0.8661417322834646,0.6535433070866141,0.0,0.9606299212598425,0.14960629921259844,0.5196850393700787
2024-08-29T14:01:35.525213,interface,0.3858267716535433,0.6771653543307087,0.8661417322834646,0.6535433070866141,0.0,0.9606299212598425,0.14960629921259844,0.5196850393700787
2024-08-29T14:01:35.534673,interface,0.3937007874015748,0.6771653543307087,0.8661417322834646,0.6535433070866141,0.0,0.9606299212598425,0.14960629921259844,0.5196850393700787
2024-08-29T14:01:35.535915,interface,0.4015748031496063,0.6771653543307087,0.8661417322834646,0.6535433070866141,0.0,0.9606299212598425,0.14960629921259844,0.5196850393700787
2024-08-29T14:01:35.546503,interface,0.4094488188976378,0.6771653543307087,0.8661417322834646,0.6535433070866141,0.0,0.9606299212598425,0.14960629921259844,0.5196850393700787
2024-08-29T14:01:35.554920,interface,0.41732283464566927,0.6771653543307087,0.8661417322834646,0.6535433070866141,0.0,0.9606299212598425,0.14960629921259844,0.5196850393700787
2024-08-29T14:01:35.565288,interface,0.4251968503937008,0.6771653543307087,0.8661417322834646,0.6535433070866141,0.0,0.9606299212598425,0.14960629921259844,0.5196850393700787
2024-08-29T14:01:35.574703,interface,0.4330708661417323,0.6771653543307087,0.8661417322834646,0.6535433070866141,0.0,0.9606299212598425,0.14960629921259844,0.5196850393700787
2024-08-29T14:01:35.575826,interface,0.4409448818897638,0.6771653543307087,0.8661417322834646,0.6535433070866141,0.0,0.9606299212598425,0.14960629921259844,0.5196850393700787
2024-08-29T14:01:35.586579,interface,0.44881889763779526,0.6771653543307087,0.8661417322834646,0.6535433070866141,0.0,0.9606299212598425,0.14960629921259844,0.5196850393700787
2024-08-29T14:01:35.595477,interface,0.44881889763779526,0.6771653543307087,0.8661417322834646,0.6535433070866141,0.0,0.9606299212598425,0.14960629921259844,0.5196850393700787
2024-08-29T14:01:35.610555,interface,0.4566929133858268,0.6771653543307087,0.8661417322834646,0.6535433070866141,0.0,0.9606299212598425,0.14960629921259844,0.5196850393700787
2024-08-29T14:01:35.682473,interface,0.44881889763779526,0.6771653543307087,0.8661417322834646,0.6535433070866141,0.0,0.9606299212598425,0.14960629921259844,0.5196850393700787
2024-08-29T14:01:35.694508,interface,0.4409448818897638,0.6771653543307087,0.8661417322834646,0.6535433070866141,0.0,0.9606299212598425,0.14960629921259844,0.5196850393700787
2024-08-29T14:01:35.695673,interface,0.4409448818897638,0.6771653543307087,0.8661417322834646,0.6535433070866141,0.0,0.9606299212598425,0.14960629921259844,0.5196850393700787
2024-08-29T14:01:35.706536,interface,0.4330708661417323,0.6771653543307087,0.8661417322834646,0.6535433070866141,0.0,0.9606299212598425,0.14960629921259844,0.5196850393700787
2024-08-29T14:01:35.715205,interface,0.4251968503937008,0.6771653543307087,0.8661417322834646,0.6535433070866141,0.0,0.9606299212598425,0.14960629921259844,0.5196850393700787
2024-08-29T14:01:35.725279,interface,0.41732283464566927,0.6771653543307087,0.8661417322834646,0.6535433070866141,0.0,0.9606299212598425,0.14960629921259844,0.5196850393700787
2024-08-29T14:01:35.734551,interface,0.4094488188976378,0.6771653543307087,0.8661417322834646,0.6535433070866141,0.0,0.9606299212598425,0.14960629921259844,0.5196850393700787
2024-08-29T14:01:35.735798,interface,0.4015748031496063,0.6771653543307087,0.8661417322834646,0.6535433070866141,0.0,0.9606299212598425,0.14960629921259844,0.5196850393700787
2024-08-29T14:01:35.746534,interface,0.3937007874015748,0.6771653543307087,0.8661417322834646,0.6535433070866141,0.0,0.9606299212598425,0.14960629921259844,0.5196850393700787
2024-08-29T14:01:35.755216,interface,0.3858267716535433,0.6771653543307087,0.8661417322834646,0.6535433070866141,0.0,0.9606299212598425,0.14960629921259844,0.5196850393700787
2024-08-29T14:01:35.766398,interface,0.3779527559055118,0.6771653543307087,0.8661417322834646,0.6535433070866141,0.0,0.9606299212598425,0.14960629921259844,0.5196850393700787
2024-08-29T14:01:35.774917,interface,0.3700787401574803,0.6771653543307087,0.8661417322834646,0.6535433070866141,0.0,0.9606299212598425,0.14960629921259844,0.5196850393700787
2024-08-29T14:01:35.776049,interface,0.36220472440944884,0.6771653543307087,0.8661417322834646,0.6535433070866141,0.0,0.9606299212598425,0.14960629921259844,0.5196850393700787
2024-08-29T14:01:35.786628,interface,0.3543307086614173,0.6771653543307087,0.8661417322834646,0.6535433070866141,0.0,0.9606299212598425,0.14960629921259844,0.5196850393700787
2024-08-29T14:01:35.795200,interface,0.3464566929133858,0.6771653543307087,0.8661417322834646,0.6535433070866141,0.0,0.9606299212598425,0.14960629921259844,0.5196850393700787
2024-08-29T14:01:35.804802,interface,0.33858267716535434,0.6771653543307087,0.8661417322834646,0.6535433070866141,0.0,0.9606299212598425,0.14960629921259844,0.5196850393700787
2024-08-29T14:01:35.814774,interface,0.33070866141732286,0.6771653543307087,0.8661417322834646,0.6535433070866141,0.0,0.9606299212598425,0.14960629921259844,0.5196850393700787
2024-08-29T14:01:35.815905,interface,0.3228346456692913,0.6771653543307087,0.8661417322834646,0.6535433070866141,0.0,0.9606299212598425,0.14960629921259844,0.5196850393700787
2024-08-29T14:01:35.826512,interface,0.31496062992125984,0.6771653543307087,0.8661417322834646,0.6535433070866141,0.0,0.9606299212598425,0.14960629921259844,0.5196850393700787
2024-08-29T14:01:35.835050,interface,0.31496062992125984,0.6771653543307087,0.8661417322834646,0.6535433070866141,0.0,0.9606299212598425,0.14960629921259844,0.5196850393700787
2024-08-29T14:01:35.845052,interface,0.30708661417322836,0.6771653543307087,0.8661417322834646,0.6535433070866141,0.0,0.9606299212598425,0.14960629921259844,0.5196850393700787
2024-08-29T14:01:35.855399,interface,0.2992125984251969,0.6771653543307087,0.8661417322834646,0.6535433070866141,0.0,0.9606299212598425,0.14960629921259844,0.5196850393700787
2024-08-29T14:01:35.856532,interface,0.29133858267716534,0.6771653543307087,0.8661417322834646,0.6535433070866141,0.0,0.9606299212598425,0.14960629921259844,0.5196850393700787
2024-08-29T14:01:35.861862,interface,0.28346456692913385,0.6771653543307087,0.8661417322834646,0.6535433070866141,0.0,0.9606299212598425,0.14960629921259844,0.5196850393700787
2024-08-29T14:01:35.874849,interface,0.28346456692913385,0.6771653543307087,0.8661417322834646,0.6535433070866141,0.0,0.9606299212598425,0.14960629921259844,0.5196850393700787
2024-08-29T14:01:35.884615,interface,0.2755905511811024,0.6771653543307087,0.8661417322834646,0.6535433070866141,0.0,0.9606299212598425,0.14960629921259844,0.5196850393700787
2024-08-29T14:01:35.895117,interface,0.2677165354330709,0.6771653543307087,0.8661417322834646,0.6535433070866141,0.0,0.9606299212598425,0.14960629921259844,0.5196850393700787
2024-08-29T14:01:35.896351,interface,0.25984251968503935,0.6771653543307087,0.8661417322834646,0.6535433070866141,0.0,0.9606299212598425,0.14960629921259844,0.5196850393700787
2024-08-29T14:01:35.902104,interface,0.25196850393700787,0.6771653543307087,0.8661417322834646,0.6535433070866141,0.0,0.9606299212598425,0.14960629921259844,0.5196850393700787
2024-08-29T14:01:35.918124,interface,0.25196850393700787,0.6771653543307087,0.8661417322834646,0.6535433070866141,0.0,0.9606299212598425,0.14960629921259844,0.5196850393700787
2024-08-29T14:01:35.921406,interface,0.2440944881889764,0.6771653543307087,0.8661417322834646,0.6535433070866141,0.0,0.9606299212598425,0.14960629921259844,0.5196850393700787
2024-08-29T14:01:35.934863,interface,0.23622047244094488,0.6771653543307087,0.8661417322834646,0.6535433070866141,0.0,0.9606299212598425,0.14960629921259844,0.5196850393700787
2024-08-29T14:01:35.936134,interface,0.23622047244094488,0.6771653543307087,0.8661417322834646,0.6535433070866141,0.0,0.9606299212598425,0.14960629921259844,0.5196850393700787
2024-08-29T14:01:35.946572,interface,0.2283464566929134,0.6771653543307087,0.8661417322834646,0.6535433070866141,0.0,0.9606299212598425,0.14960629921259844,0.5196850393700787
2024-08-29T14:01:35.962622,interface,0.2204724409448819,0.6771653543307087,0.8661417322834646,0.6535433070866141,0.0,0.9606299212598425,0.14960629921259844,0.5196850393700787
2024-08-29T14:01:35.974677,interface,0.2204724409448819,0.6771653543307087,0.8661417322834646,0.6535433070866141,0.0,0.9606299212598425,0.14960629921259844,0.5196850393700787
2024-08-29T14:01:35.975819,interface,0.2125984251968504,0.6771653543307087,0.8661417322834646,0.6535433070866141,0.0,0.9606299212598425,0.14960629921259844,0.5196850393700787
2024-08-29T14:01:35.994370,interface,0.2125984251968504,0.6771653543307087,0.8661417322834646,0.6535433070866141,0.0,0.9606299212598425,0.14960629921259844,0.5196850393700787
2024-08-29T14:01:36.004701,interface,0.2047244094488189,0.6771653543307087,0.8661417322834646,0.6535433070866141,0.0,0.9606299212598425,0.14960629921259844,0.5196850393700787
2024-08-29T14:01:36.018394,interface,0.1968503937007874,0.6771653543307087,0.8661417322834646,0.6535433070866141,0.0,0.9606299212598425,0.14960629921259844,0.5196850393700787
2024-08-29T14:01:36.034633,interface,0.1968503937007874,0.6771653543307087,0.8661417322834646,0.6535433070866141,0.0,0.9606299212598425,0.14960629921259844,0.5196850393700787
2024-08-29T14:01:36.050523,interface,0.1889763779527559,0.6771653543307087,0.8661417322834646,0.6535433070866141,0.0,0.9606299212598425,0.14960629921259844,0.5196850393700787
2024-08-29T14:01:36.068044,interface,0.18110236220472442,0.6771653543307087,0.8661417322834646,0.6535433070866141,0.0,0.9606299212598425,0.14960629921259844,0.5196850393700787
2024-08-29T14:01:36.082684,interface,0.18110236220472442,0.6771653543307087,0.8661417322834646,0.6535433070866141,0.0,0.9606299212598425,0.14960629921259844,0.5196850393700787
2024-08-29T14:01:36.098534,interface,0.1732283464566929,0.6771653543307087,0.8661417322834646,0.6535433070866141,0.0,0.9606299212598425,0.14960629921259844,0.5196850393700787
2024-08-29T14:01:36.118097,interface,0.1732283464566929,0.6771653543307087,0.8661417322834646,0.6535433070866141,0.0,0.9606299212598425,0.14960629921259844,0.5196850393700787
2024-08-29T14:01:36.130548,interface,0.16535433070866143,0.6771653543307087,0.8661417322834646,0.6535433070866141,0.0,0.9606299212598425,0.14960629921259844,0.5196850393700787
2024-08-29T14:01:36.146545,interface,0.15748031496062992,0.6771653543307087,0.8661417322834646,0.6535433070866141,0.0,0.9606299212598425,0.14960629921259844,0.5196850393700787
2024-08-29T14:01:36.162656,interface,0.15748031496062992,0.6771653543307087,0.8661417322834646,0.6535433070866141,0.0,0.9606299212598425,0.14960629921259844,0.5196850393700787
2024-08-29T14:01:36.178593,interface,0.14960629921259844,0.6771653543307087,0.8661417322834646,0.6535433070866141,0.0,0.9606299212598425,0.14960629921259844,0.5196850393700787
2024-08-29T14:01:36.194411,interface,0.14173228346456693,0.6771653543307087,0.8661417322834646,0.6535433070866141,0.0,0.9606299212598425,0.14960629921259844,0.5196850393700787
2024-08-29T14:01:36.210662,interface,0.14173228346456693,0.6771653543307087,0.8661417322834646,0.6535433070866141,0.0,0.9606299212598425,0.14960629921259844,0.5196850393700787
2024-08-29T14:01:36.226573,interface,0.13385826771653545,0.6771653543307087,0.8661417322834646,0.6535433070866141,0.0,0.9606299212598425,0.14960629921259844,0.5196850393700787
2024-08-29T14:01:36.346515,interface,0.14173228346456693,0.6771653543307087,0.8661417322834646,0.6535433070866141,0.0,0.9606299212598425,0.14960629921259844,0.5196850393700787
2024-08-29T14:01:36.350351,interface,0.14173228346456693,0.6771653543307087,0.8661417322834646,0.6535433070866141,0.0,0.9606299212598425,0.14960629921259844,0.5196850393700787
2024-08-29T14:01:36.368101,interface,0.14960629921259844,0.6771653543307087,0.8661417322834646,0.6535433070866141,0.0,0.9606299212598425,0.14960629921259844,0.5196850393700787
2024-08-29T14:01:36.371347,interface,0.15748031496062992,0.6771653543307087,0.8661417322834646,0.6535433070866141,0.0,0.9606299212598425,0.14960629921259844,0.5196850393700787
2024-08-29T14:01:36.374622,interface,0.16535433070866143,0.6771653543307087,0.8661417322834646,0.6535433070866141,0.0,0.9606299212598425,0.14960629921259844,0.5196850393700787
2024-08-29T14:01:36.386701,interface,0.1732283464566929,0.6771653543307087,0.8661417322834646,0.6535433070866141,0.0,0.9606299212598425,0.14960629921259844,0.5196850393700787
2024-08-29T14:01:36.395505,interface,0.1732283464566929,0.6771653543307087,0.8661417322834646,0.6535433070866141,0.0,0.9606299212598425,0.14960629921259844,0.5196850393700787
2024-08-29T14:01:36.404704,interface,0.18110236220472442,0.6771653543307087,0.8661417322834646,0.6535433070866141,0.0,0.9606299212598425,0.14960629921259844,0.5196850393700787
2024-08-29T14:01:36.418416,interface,0.1968503937007874,0.6771653543307087,0.8661417322834646,0.6535433070866141,0.0,0.9606299212598425,0.14960629921259844,0.5196850393700787
2024-08-29T14:01:36.419555,interface,0.2047244094488189,0.6771653543307087,0.8661417322834646,0.6535433070866141,0.0,0.9606299212598425,0.14960629921259844,0.5196850393700787
2024-08-29T14:01:36.422727,interface,0.2125984251968504,0.6771653543307087,0.8661417322834646,0.6535433070866141,0.0,0.9606299212598425,0.14960629921259844,0.5196850393700787
2024-08-29T14:01:36.435677,interface,0.2204724409448819,0.6771653543307087,0.8661417322834646,0.6535433070866141,0.0,0.9606299212598425,0.14960629921259844,0.5196850393700787
2024-08-29T14:01:36.444821,interface,0.2283464566929134,0.6771653543307087,0.8661417322834646,0.6535433070866141,0.0,0.9606299212598425,0.14960629921259844,0.5196850393700787
2024-08-29T14:01:36.454632,interface,0.2440944881889764,0.6771653543307087,0.8661417322834646,0.6535433070866141,0.0,0.9606299212598425,0.14960629921259844,0.5196850393700787
2024-08-29T14:01:36.455764,interface,0.25196850393700787,0.6771653543307087,0.8661417322834646,0.6535433070866141,0.0,0.9606299212598425,0.14960629921259844,0.5196850393700787
2024-08-29T14:01:36.466704,interface,0.25984251968503935,0.6771653543307087,0.8661417322834646,0.6535433070866141,0.0,0.9606299212598425,0.14960629921259844,0.5196850393700787
2024-08-29T14:01:36.475342,interface,0.2677165354330709,0.6771653543307087,0.8661417322834646,0.6535433070866141,0.0,0.9606299212598425,0.14960629921259844,0.5196850393700787
2024-08-29T14:01:36.484443,interface,0.2755905511811024,0.6771653543307087,0.8661417322834646,0.6535433070866141,0.0,0.9606299212598425,0.14960629921259844,0.5196850393700787
2024-08-29T14:01:36.495534,interface,0.28346456692913385,0.6771653543307087,0.8661417322834646,0.6535433070866141,0.0,0.9606299212598425,0.14960629921259844,0.5196850393700787
2024-08-29T14:01:36.496690,interface,0.29133858267716534,0.6771653543307087,0.8661417322834646,0.6535433070866141,0.0,0.9606299212598425,0.14960629921259844,0.5196850393700787
2024-08-29T14:01:36.506993,interface,0.2992125984251969,0.6771653543307087,0.8661417322834646,0.6535433070866141,0.0,0.9606299212598425,0.14960629921259844,0.5196850393700787
2024-08-29T14:01:36.515426,interface,0.30708661417322836,0.6771653543307087,0.8661417322834646,0.6535433070866141,0.0,0.9606299212598425,0.14960629921259844,0.5196850393700787
2024-08-29T14:01:36.524717,interface,0.3228346456692913,0.6771653543307087,0.8661417322834646,0.6535433070866141,0.0,0.9606299212598425,0.14960629921259844,0.5196850393700787
2024-08-29T14:01:36.535936,interface,0.33070866141732286,0.6771653543307087,0.8661417322834646,0.6535433070866141,0.0,0.9606299212598425,0.14960629921259844,0.5196850393700787
2024-08-29T14:01:36.537218,interface,0.33858267716535434,0.6771653543307087,0.8661417322834646,0.6535433070866141,0.0,0.9606299212598425,0.14960629921259844,0.5196850393700787
2024-08-29T14:01:36.542449,interface,0.3543307086614173,0.6771653543307087,0.8661417322834646,0.6535433070866141,0.0,0.9606299212598425,0.14960629921259844,0.5196850393700787
2024-08-29T14:01:36.554764,interface,0.3700787401574803,0.6771653543307087,0.8661417322834646,0.6535433070866141,0.0,0.9606299212598425,0.14960629921259844,0.5196850393700787
2024-08-29T14:01:36.568449,interface,0.3779527559055118,0.6771653543307087,0.8661417322834646,0.6535433070866141,0.0,0.9606299212598425,0.14960629921259844,0.5196850393700787
2024-08-29T14:01:36.571723,interface,0.3937007874015748,0.6771653543307087,0.8661417322834646,0.6535433070866141,0.0,0.9606299212598425,0.14960629921259844,0.5196850393700787
2024-08-29T14:01:36.574977,interface,0.4094488188976378,0.6771653543307087,0.8661417322834646,0.6535433070866141,0.0,0.9606299212598425,0.14960629921259844,0.5196850393700787
2024-08-29T14:01:36.586767,interface,0.4251968503937008,0.6771653543307087,0.8661417322834646,0.6535433070866141,0.0,0.9606299212598425,0.14960629921259844,0.5196850393700787
2024-08-29T14:01:36.595223,interface,0.4330708661417323,0.6771653543307087,0.8661417322834646,0.6535433070866141,0.0,0.9606299212598425,0.14960629921259844,0.5196850393700787
2024-08-29T14:01:36.606390,interface,0.44881889763779526,0.6771653543307087,0.8661417322834646,0.6535433070866141,0.0,0.9606299212598425,0.14960629921259844,0.5196850393700787
2024-08-29T14:01:36.607681,interface,0.4566929133858268,0.6771653543307087,0.8661417322834646,0.6535433070866141,0.0,0.9606299212598425,0.14960629921259844,0.5196850393700787
2024-08-29T14:01:36.612808,interface,0.47244094488188976,0.6771653543307087,0.8661417322834646,0.6535433070866141,0.0,0.9606299212598425,0.14960629921259844,0.5196850393700787
2024-08-29T14:01:36.625783,interface,0.48031496062992124,0.6771653543307087,0.8661417322834646,0.6535433070866141,0.0,0.9606299212598425,0.14960629921259844,0.5196850393700787
2024-08-29T14:01:36.634851,interface,0.4881889763779528,0.6771653543307087,0.8661417322834646,0.6535433070866141,0.0,0.9606299212598425,0.14960629921259844,0.5196850393700787
2024-08-29T14:01:36.644652,interface,0.49606299212598426,0.6771653543307087,0.8661417322834646,0.6535433070866141,0.0,0.9606299212598425,0.14960629921259844,0.5196850393700787
2024-08-29T14:01:36.645817,interface,0.5039370078740157,0.6771653543307087,0.8661417322834646,0.6535433070866141,0.0,0.9606299212598425,0.14960629921259844,0.5196850393700787
2024-08-29T14:01:36.656727,interface,0.5118110236220472,0.6771653543307087,0.8661417322834646,0.6535433070866141,0.0,0.9606299212598425,0.14960629921259844,0.5196850393700787
2024-08-29T14:01:36.665729,interface,0.5118110236220472,0.6771653543307087,0.8661417322834646,0.6535433070866141,0.0,0.9606299212598425,0.14960629921259844,0.5196850393700787
2024-08-29T14:01:36.675167,interface,0.5196850393700787,0.6771653543307087,0.8661417322834646,0.6535433070866141,0.0,0.9606299212598425,0.14960629921259844,0.5196850393700787
2024-08-29T14:01:36.693072,interface,0.5196850393700787,0.6771653543307087,0.8661417322834646,0.6535433070866141,0.0,0.9606299212598425,0.14960629921259844,0.5196850393700787
2024-08-29T14:01:36.744541,interface,0.5196850393700787,0.6771653543307087,0.8661417322834646,0.6535433070866141,0.0,0.9606299212598425,0.14960629921259844,0.5196850393700787
2024-08-29T14:01:36.754523,interface,0.5118110236220472,0.6771653543307087,0.8661417322834646,0.6535433070866141,0.0,0.9606299212598425,0.14960629921259844,0.5196850393700787
2024-08-29T14:01:36.768198,interface,0.5118110236220472,0.6771653543307087,0.8661417322834646,0.6535433070866141,0.0,0.9606299212598425,0.14960629921259844,0.5196850393700787
2024-08-29T14:01:36.769384,interface,0.5039370078740157,0.6771653543307087,0.8661417322834646,0.6535433070866141,0.0,0.9606299212598425,0.14960629921259844,0.5196850393700787
2024-08-29T14:01:36.772752,interface,0.49606299212598426,0.6771653543307087,0.8661417322834646,0.6535433070866141,0.0,0.9606299212598425,0.14960629921259844,0.5196850393700787
2024-08-29T14:01:36.785152,interface,0.4881889763779528,0.6771653543307087,0.8661417322834646,0.6535433070866141,0.0,0.9606299212598425,0.14960629921259844,0.5196850393700787
2024-08-29T14:01:36.795051,interface,0.48031496062992124,0.6771653543307087,0.8661417322834646,0.6535433070866141,0.0,0.9606299212598425,0.14960629921259844,0.5196850393700787
2024-08-29T14:01:36.804677,interface,0.47244094488188976,0.6771653543307087,0.8661417322834646,0.6535433070866141,0.0,0.9606299212598425,0.14960629921259844,0.5196850393700787
2024-08-29T14:01:36.805864,interface,0.4645669291338583,0.6771653543307087,0.8661417322834646,0.6535433070866141,0.0,0.9606299212598425,0.14960629921259844,0.5196850393700787
2024-08-29T14:01:36.817219,interface,0.44881889763779526,0.6771653543307087,0.8661417322834646,0.6535433070866141,0.0,0.9606299212598425,0.14960629921259844,0.5196850393700787
2024-08-29T14:01:36.820572,interface,0.4409448818897638,0.6771653543307087,0.8661417322834646,0.6535433070866141,0.0,0.9606299212598425,0.14960629921259844,0.5196850393700787
2024-08-29T14:01:36.835178,interface,0.4251968503937008,0.6771653543307087,0.8661417322834646,0.6535433070866141,0.0,0.9606299212598425,0.14960629921259844,0.5196850393700787
2024-08-29T14:01:36.845938,interface,0.4094488188976378,0.6771653543307087,0.8661417322834646,0.6535433070866141,0.0,0.9606299212598425,0.14960629921259844,0.5196850393700787
2024-08-29T14:01:36.847066,interface,0.3937007874015748,0.6771653543307087,0.8661417322834646,0.6535433070866141,0.0,0.9606299212598425,0.14960629921259844,0.5196850393700787
2024-08-29T14:01:36.852291,interface,0.3779527559055118,0.6771653543307087,0.8661417322834646,0.6535433070866141,0.0,0.9606299212598425,0.14960629921259844,0.5196850393700787
2024-08-29T14:01:36.868110,interface,0.36220472440944884,0.6771653543307087,0.8661417322834646,0.6535433070866141,0.0,0.9606299212598425,0.14960629921259844,0.5196850393700787
2024-08-29T14:01:36.871372,interface,0.3464566929133858,0.6771653543307087,0.8661417322834646,0.6535433070866141,0.0,0.9606299212598425,0.14960629921259844,0.5196850393700787
2024-08-29T14:01:36.885309,interface,0.33858267716535434,0.6771653543307087,0.8661417322834646,0.6535433070866141,0.0,0.9606299212598425,0.14960629921259844,0.5196850393700787
2024-08-29T14:01:36.886566,interface,0.3228346456692913,0.6771653543307087,0.8661417322834646,0.6535433070866141,0.0,0.9606299212598425,0.14960629921259844,0.5196850393700787
2024-08-29T14:01:36.896848,interface,0.30708661417322836,0.6771653543307087,0.8661417322834646,0.6535433070866141,0.0,0.9606299212598425,0.14960629921259844,0.5196850393700787
2024-08-29T14:01:36.905911,interface,0.2992125984251969,0.6771653543307087,0.8661417322834646,0.6535433070866141,0.0,0.9606299212598425,0.14960629921259844,0.5196850393700787
2024-08-29T14:01:36.915410,interface,0.28346456692913385,0.6771653543307087,0.8661417322834646,0.6535433070866141,0.0,0.9606299212598425,0.14960629921259844,0.5196850393700787
2024-08-29T14:01:36.925077,interface,0.2755905511811024,0.6771653543307087,0.8661417322834646,0.6535433070866141,0.0,0.9606299212598425,0.14960629921259844,0.5196850393700787
2024-08-29T14:01:36.926276,interface,0.2677165354330709,0.6771653543307087,0.8661417322834646,0.6535433070866141,0.0,0.9606299212598425,0.14960629921259844,0.5196850393700787
2024-08-29T14:01:36.936847,interface,0.25984251968503935,0.6771653543307087,0.8661417322834646,0.6535433070866141,0.0,0.9606299212598425,0.14960629921259844,0.5196850393700787
2024-08-29T14:01:36.940249,interface,0.2440944881889764,0.6771653543307087,0.8661417322834646,0.6535433070866141,0.0,0.9606299212598425,0.14960629921259844,0.5196850393700787
2024-08-29T14:01:36.954753,interface,0.23622047244094488,0.6771653543307087,0.8661417322834646,0.6535433070866141,0.0,0.9606299212598425,0.14960629921259844,0.5196850393700787
2024-08-29T14:01:36.968460,interface,0.23622047244094488,0.6771653543307087,0.8661417322834646,0.6535433070866141,0.0,0.9606299212598425,0.14960629921259844,0.5196850393700787
2024-08-29T14:01:36.969634,interface,0.2283464566929134,0.6771653543307087,0.8661417322834646,0.6535433070866141,0.0,0.9606299212598425,0.14960629921259844,0.5196850393700787
2024-08-29T14:01:36.972798,interface,0.2204724409448819,0.6771653543307087,0.8661417322834646,0.6535433070866141,0.0,0.9606299212598425,0.14960629921259844,0.5196850393700787
2024-08-29T14:01:36.984931,interface,0.2125984251968504,0.6771653543307087,0.8661417322834646,0.6535433070866141,0.0,0.9606299212598425,0.14960629921259844,0.5196850393700787
2024-08-29T14:01:36.995056,interface,0.2047244094488189,0.6771653543307087,0.8661417322834646,0.6535433070866141,0.0,0.9606299212598425,0.14960629921259844,0.5196850393700787
2024-08-29T14:01:37.005344,interface,0.1968503937007874,0.6771653543307087,0.8661417322834646,0.6535433070866141,0.0,0.9606299212598425,0.14960629921259844,0.5196850393700787
2024-08-29T14:01:37.006481,interface,0.1889763779527559,0.6771653543307087,0.8661417322834646,0.6535433070866141,0.0,0.9606299212598425,0.14960629921259844,0.5196850393700787
2024-08-29T14:01:37.017143,interface,0.18110236220472442,0.6771653543307087,0.8661417322834646,0.6535433070866141,0.0,0.9606299212598425,0.14960629921259844,0.5196850393700787
2024-08-29T14:01:37.020547,interface,0.1732283464566929,0.6771653543307087,0.8661417322834646,0.6535433070866141,0.0,0.9606299212598425,0.14960629921259844,0.5196850393700787
2024-08-29T14:01:37.035237,interface,0.16535433070866143,0.6771653543307087,0.8661417322834646,0.6535433070866141,0.0,0.9606299212598425,0.14960629921259844,0.5196850393700787
2024-08-29T14:01:37.044630,interface,0.16535433070866143,0.6771653543307087,0.8661417322834646,0.6535433070866141,0.0,0.9606299212598425,0.14960629921259844,0.5196850393700787
2024-08-29T14:01:37.045800,interface,0.15748031496062992,0.6771653543307087,0.8661417322834646,0.6535433070866141,0.0,0.9606299212598425,0.14960629921259844,0.5196850393700787
2024-08-29T14:01:37.056927,interface,0.14960629921259844,0.6771653543307087,0.8661417322834646,0.6535433070866141,0.0,0.9606299212598425,0.14960629921259844,0.5196850393700787
2024-08-29T14:01:37.065547,interface,0.14173228346456693,0.6771653543307087,0.8661417322834646,0.6535433070866141,0.0,0.9606299212598425,0.14960629921259844,0.5196850393700787
2024-08-29T14:01:37.075079,interface,0.13385826771653545,0.6771653543307087,0.8661417322834646,0.6535433070866141,0.0,0.9606299212598425,0.14960629921259844,0.5196850393700787
2024-08-29T14:01:37.085364,interface,0.12598425196850394,0.6771653543307087,0.8661417322834646,0.6535433070866141,0.0,0.9606299212598425,0.14960629921259844,0.5196850393700787
2024-08-29T14:01:37.086685,interface,0.12598425196850394,0.6771653543307087,0.8661417322834646,0.6535433070866141,0.0,0.9606299212598425,0.14960629921259844,0.5196850393700787
2024-08-29T14:01:37.092108,interface,0.11811023622047244,0.6771653543307087,0.8661417322834646,0.6535433070866141,0.0,0.9606299212598425,0.14960629921259844,0.5196850393700787
2024-08-29T14:01:37.105222,interface,0.11023622047244094,0.6771653543307087,0.8661417322834646,0.6535433070866141,0.0,0.9606299212598425,0.14960629921259844,0.5196850393700787
2024-08-29T14:01:37.115609,interface,0.11023622047244094,0.6771653543307087,0.8661417322834646,0.6535433070866141,0.0,0.9606299212598425,0.14960629921259844,0.5196850393700787
2024-08-29T14:01:37.124501,interface,0.10236220472440945,0.6771653543307087,0.8661417322834646,0.6535433070866141,0.0,0.9606299212598425,0.14960629921259844,0.5196850393700787
2024-08-29T14:01:37.136934,interface,0.09448818897637795,0.6771653543307087,0.8661417322834646,0.6535433070866141,0.0,0.9606299212598425,0.14960629921259844,0.5196850393700787
2024-08-29T14:01:37.160892,interface,0.09448818897637795,0.6771653543307087,0.8661417322834646,0.6535433070866141,0.0,0.9606299212598425,0.14960629921259844,0.5196850393700787
2024-08-29T14:01:37.224662,interface,0.10236220472440945,0.6771653543307087,0.8661417322834646,0.6535433070866141,0.0,0.9606299212598425,0.14960629921259844,0.5196850393700787
2024-08-29T14:01:37.235219,interface,0.10236220472440945,0.6771653543307087,0.8661417322834646,0.6535433070866141,0.0,0.9606299212598425,0.14960629921259844,0.5196850393700787
2024-08-29T14:01:37.245395,interface,0.11023622047244094,0.6771653543307087,0.8661417322834646,0.6535433070866141,0.0,0.9606299212598425,0.14960629921259844,0.5196850393700787
2024-08-29T14:01:37.246549,interface,0.12598425196850394,0.6771653543307087,0.8661417322834646,0.6535433070866141,0.0,0.9606299212598425,0.14960629921259844,0.5196850393700787
2024-08-29T14:01:37.251810,interface,0.13385826771653545,0.6771653543307087,0.8661417322834646,0.6535433070866141,0.0,0.9606299212598425,0.14960629921259844,0.5196850393700787
2024-08-29T14:01:37.268063,interface,0.14173228346456693,0.6771653543307087,0.8661417322834646,0.6535433070866141,0.0,0.9606299212598425,0.14960629921259844,0.5196850393700787
2024-08-29T14:01:37.271321,interface,0.15748031496062992,0.6771653543307087,0.8661417322834646,0.6535433070866141,0.0,0.9606299212598425,0.14960629921259844,0.5196850393700787
2024-08-29T14:01:37.285224,interface,0.1732283464566929,0.6771653543307087,0.8661417322834646,0.6535433070866141,0.0,0.9606299212598425,0.14960629921259844,0.5196850393700787
2024-08-29T14:01:37.286468,interface,0.1889763779527559,0.6771653543307087,0.8661417322834646,0.6535433070866141,0.0,0.9606299212598425,0.14960629921259844,0.5196850393700787
2024-08-29T14:01:37.296833,interface,0.2047244094488189,0.6771653543307087,0.8661417322834646,0.6535433070866141,0.0,0.9606299212598425,0.14960629921259844,0.5196850393700787
2024-08-29T14:01:37.305393,interface,0.2204724409448819,0.6771653543307087,0.8661417322834646,0.6535433070866141,0.0,0.9606299212598425,0.14960629921259844,0.5196850393700787
2024-08-29T14:01:37.315124,interface,0.23622047244094488,0.6771653543307087,0.8661417322834646,0.6535433070866141,0.0,0.9606299212598425,0.14960629921259844,0.5196850393700787
2024-08-29T14:01:37.324893,interface,0.25196850393700787,0.6771653543307087,0.8661417322834646,0.6535433070866141,0.0,0.9606299212598425,0.14960629921259844,0.5196850393700787
2024-08-29T14:01:37.326038,interface,0.2677165354330709,0.6771653543307087,0.8661417322834646,0.6535433070866141,0.0,0.9606299212598425,0.14960629921259844,0.5196850393700787
2024-08-29T14:01:37.336935,interface,0.28346456692913385,0.6771653543307087,0.8661417322834646,0.6535433070866141,0.0,0.9606299212598425,0.14960629921259844,0.5196850393700787
2024-08-29T14:01:37.345702,interface,0.2992125984251969,0.6771653543307087,0.8661417322834646,0.6535433070866141,0.0,0.9606299212598425,0.14960629921259844,0.5196850393700787
2024-08-29T14:01:37.354521,interface,0.31496062992125984,0.6771653543307087,0.8661417322834646,0.6535433070866141,0.0,0.9606299212598425,0.14960629921259844,0.5196850393700787
2024-08-29T14:01:37.368192,interface,0.33858267716535434,0.6771653543307087,0.8661417322834646,0.6535433070866141,0.0,0.9606299212598425,0.14960629921259844,0.5196850393700787
2024-08-29T14:01:37.369360,interface,0.3543307086614173,0.6771653543307087,0.8661417322834646,0.6535433070866141,0.0,0.9606299212598425,0.14960629921259844,0.5196850393700787
2024-08-29T14:01:37.372667,interface,0.3700787401574803,0.6771653543307087,0.8661417322834646,0.6535433070866141,0.0,0.9606299212598425,0.14960629921259844,0.5196850393700787
2024-08-29T14:01:37.385336,interface,0.3779527559055118,0.6771653543307087,0.8661417322834646,0.6535433070866141,0.0,0.9606299212598425,0.14960629921259844,0.5196850393700787
2024-08-29T14:01:37.394704,interface,0.4015748031496063,0.6771653543307087,0.8661417322834646,0.6535433070866141,0.0,0.9606299212598425,0.14960629921259844,0.5196850393700787
2024-08-29T14:01:37.406428,interface,0.4094488188976378,0.6771653543307087,0.8661417322834646,0.6535433070866141,0.0,0.9606299212598425,0.14960629921259844,0.5196850393700787
2024-08-29T14:01:37.407733,interface,0.4251968503937008,0.6771653543307087,0.8661417322834646,0.6535433070866141,0.0,0.9606299212598425,0.14960629921259844,0.5196850393700787
2024-08-29T14:01:37.412890,interface,0.4330708661417323,0.6771653543307087,0.8661417322834646,0.6535433070866141,0.0,0.9606299212598425,0.14960629921259844,0.5196850393700787
2024-08-29T14:01:37.426125,interface,0.4409448818897638,0.6771653543307087,0.8661417322834646,0.6535433070866141,0.0,0.9606299212598425,0.14960629921259844,0.5196850393700787
2024-08-29T14:01:37.434852,interface,0.44881889763779526,0.6771653543307087,0.8661417322834646,0.6535433070866141,0.0,0.9606299212598425,0.14960629921259844,0.5196850393700787
2024-08-29T14:01:37.444510,interface,0.4566929133858268,0.6771653543307087,0.8661417322834646,0.6535433070866141,0.0,0.9606299212598425,0.14960629921259844,0.5196850393700787
2024-08-29T14:01:37.456963,interface,0.4566929133858268,0.6771653543307087,0.8661417322834646,0.6535433070866141,0.0,0.9606299212598425,0.14960629921259844,0.5196850393700787
2024-08-29T14:01:37.512885,interface,0.44881889763779526,0.6771653543307087,0.8661417322834646,0.6535433070866141,0.0,0.9606299212598425,0.14960629921259844,0.5196850393700787
2024-08-29T14:01:37.525208,interface,0.4409448818897638,0.6771653543307087,0.8661417322834646,0.6535433070866141,0.0,0.9606299212598425,0.14960629921259844,0.5196850393700787
2024-08-29T14:01:37.526362,interface,0.4330708661417323,0.6771653543307087,0.8661417322834646,0.6535433070866141,0.0,0.9606299212598425,0.14960629921259844,0.5196850393700787
2024-08-29T14:01:37.536993,interface,0.4251968503937008,0.6771653543307087,0.8661417322834646,0.6535433070866141,0.0,0.9606299212598425,0.14960629921259844,0.5196850393700787
2024-08-29T14:01:37.546101,interface,0.4094488188976378,0.6771653543307087,0.8661417322834646,0.6535433070866141,0.0,0.9606299212598425,0.14960629921259844,0.5196850393700787
2024-08-29T14:01:37.554561,interface,0.3937007874015748,0.6771653543307087,0.8661417322834646,0.6535433070866141,0.0,0.9606299212598425,0.14960629921259844,0.5196850393700787
2024-08-29T14:01:37.568258,interface,0.3779527559055118,0.6771653543307087,0.8661417322834646,0.6535433070866141,0.0,0.9606299212598425,0.14960629921259844,0.5196850393700787
2024-08-29T14:01:37.569430,interface,0.36220472440944884,0.6771653543307087,0.8661417322834646,0.6535433070866141,0.0,0.9606299212598425,0.14960629921259844,0.5196850393700787
2024-08-29T14:01:37.572760,interface,0.3464566929133858,0.6771653543307087,0.8661417322834646,0.6535433070866141,0.0,0.9606299212598425,0.14960629921259844,0.5196850393700787
2024-08-29T14:01:37.585271,interface,0.33070866141732286,0.6771653543307087,0.8661417322834646,0.6535433070866141,0.0,0.9606299212598425,0.14960629921259844,0.5196850393700787
2024-08-29T14:01:37.594533,interface,0.31496062992125984,0.6771653543307087,0.8661417322834646,0.6535433070866141,0.0,0.9606299212598425,0.14960629921259844,0.5196850393700787
2024-08-29T14:01:37.605408,interface,0.2992125984251969,0.6771653543307087,0.8661417322834646,0.6535433070866141,0.0,0.9606299212598425,0.14960629921259844,0.5196850393700787
2024-08-29T14:01:37.606557,interface,0.29133858267716534,0.6771653543307087,0.8661417322834646,0.6535433070866141,0.0,0.9606299212598425,0.14960629921259844,0.5196850393700787
2024-08-29T14:01:37.617086,interface,0.2755905511811024,0.6771653543307087,0.8661417322834646,0.6535433070866141,0.0,0.9606299212598425,0.14960629921259844,0.5196850393700787
2024-08-29T14:01:37.620486,interface,0.2677165354330709,0.6771653543307087,0.8661417322834646,0.6535433070866141,0.0,0.9606299212598425,0.14960629921259844,0.5196850393700787
2024-08-29T14:01:37.636530,interface,0.25196850393700787,0.6771653543307087,0.8661417322834646,0.6535433070866141,0.0,0.9606299212598425,0.14960629921259844,0.5196850393700787
2024-08-29T14:01:37.639922,interface,0.2440944881889764,0.6771653543307087,0.8661417322834646,0.6535433070866141,0.0,0.9606299212598425,0.14960629921259844,0.5196850393700787
2024-08-29T14:01:37.648901,interface,0.23622047244094488,0.6771653543307087,0.8661417322834646,0.6535433070866141,0.0,0.9606299212598425,0.14960629921259844,0.5196850393700787
2024-08-29T14:01:37.657439,interface,0.23622047244094488,0.6771653543307087,0.8661417322834646,0.6535433070866141,0.0,0.9606299212598425,0.14960629921259844,0.5196850393700787
2024-08-29T14:01:37.660790,interface,0.2283464566929134,0.6771653543307087,0.8661417322834646,0.6535433070866141,0.0,0.9606299212598425,0.14960629921259844,0.5196850393700787
2024-08-29T14:01:37.674600,interface,0.2204724409448819,0.6771653543307087,0.8661417322834646,0.6535433070866141,0.0,0.9606299212598425,0.14960629921259844,0.5196850393700787
2024-08-29T14:01:37.684598,interface,0.2125984251968504,0.6771653543307087,0.8661417322834646,0.6535433070866141,0.0,0.9606299212598425,0.14960629921259844,0.5196850393700787
2024-08-29T14:01:37.685879,interface,0.2047244094488189,0.6771653543307087,0.8661417322834646,0.6535433070866141,0.0,0.9606299212598425,0.14960629921259844,0.5196850393700787
2024-08-29T14:01:37.697107,interface,0.1968503937007874,0.6771653543307087,0.8661417322834646,0.6535433070866141,0.0,0.9606299212598425,0.14960629921259844,0.5196850393700787
2024-08-29T14:01:37.700448,interface,0.1889763779527559,0.6771653543307087,0.8661417322834646,0.6535433070866141,0.0,0.9606299212598425,0.14960629921259844,0.5196850393700787
2024-08-29T14:01:37.718145,interface,0.18110236220472442,0.6771653543307087,0.8661417322834646,0.6535433070866141,0.0,0.9606299212598425,0.14960629921259844,0.5196850393700787
2024-08-29T14:01:37.721533,interface,0.1732283464566929,0.6771653543307087,0.8661417322834646,0.6535433070866141,0.0,0.9606299212598425,0.14960629921259844,0.5196850393700787
2024-08-29T14:01:37.724957,interface,0.16535433070866143,0.6771653543307087,0.8661417322834646,0.6535433070866141,0.0,0.9606299212598425,0.14960629921259844,0.5196850393700787
2024-08-29T14:01:37.737181,interface,0.14960629921259844,0.6771653543307087,0.8661417322834646,0.6535433070866141,0.0,0.9606299212598425,0.14960629921259844,0.5196850393700787
2024-08-29T14:01:37.745598,interface,0.14173228346456693,0.6771653543307087,0.8661417322834646,0.6535433070866141,0.0,0.9606299212598425,0.14960629921259844,0.5196850393700787
2024-08-29T14:01:37.754734,interface,0.12598425196850394,0.6771653543307087,0.8661417322834646,0.6535433070866141,0.0,0.9606299212598425,0.14960629921259844,0.5196850393700787
2024-08-29T14:01:37.768432,interface,0.11023622047244094,0.6771653543307087,0.8661417322834646,0.6535433070866141,0.0,0.9606299212598425,0.14960629921259844,0.5196850393700787
2024-08-29T14:01:37.769592,interface,0.10236220472440945,0.6771653543307087,0.8661417322834646,0.6535433070866141,0.0,0.9606299212598425,0.14960629921259844,0.5196850393700787
2024-08-29T14:01:37.772936,interface,0.08661417322834646,0.6771653543307087,0.8661417322834646,0.6535433070866141,0.0,0.9606299212598425,0.14960629921259844,0.5196850393700787
2024-08-29T14:01:37.785297,interface,0.07086614173228346,0.6771653543307087,0.8661417322834646,0.6535433070866141,0.0,0.9606299212598425,0.14960629921259844,0.5196850393700787
2024-08-29T14:01:37.795689,interface,0.06299212598425197,0.6771653543307087,0.8661417322834646,0.6535433070866141,0.0,0.9606299212598425,0.14960629921259844,0.5196850393700787
2024-08-29T14:01:37.804815,interface,0.05511811023622047,0.6771653543307087,0.8661417322834646,0.6535433070866141,0.0,0.9606299212598425,0.14960629921259844,0.5196850393700787
2024-08-29T14:01:37.806013,interface,0.03937007874015748,0.6771653543307087,0.8661417322834646,0.6535433070866141,0.0,0.9606299212598425,0.14960629921259844,0.5196850393700787
2024-08-29T14:01:37.817079,interface,0.031496062992125984,0.6771653543307087,0.8661417322834646,0.6535433070866141,0.0,0.9606299212598425,0.14960629921259844,0.5196850393700787
2024-08-29T14:01:37.825554,interface,0.023622047244094488,0.6771653543307087,0.8661417322834646,0.6535433070866141,0.0,0.9606299212598425,0.14960629921259844,0.5196850393700787
2024-08-29T14:01:37.834856,interface,0.015748031496062992,0.6771653543307087,0.8661417322834646,0.6535433070866141,0.0,0.9606299212598425,0.14960629921259844,0.5196850393700787
2024-08-29T14:01:37.845104,interface,0.007874015748031496,0.6771653543307087,0.8661417322834646,0.6535433070866141,0.0,0.9606299212598425,0.14960629921259844,0.5196850393700787
2024-08-29T14:01:37.868057,interface,0.007874015748031496,0.6771653543307087,0.8661417322834646,0.6535433070866141,0.0,0.9606299212598425,0.14960629921259844,0.5196850393700787
2024-08-29T14:01:37.920935,interface,0.015748031496062992,0.6771653543307087,0.8661417322834646,0.6535433070866141,0.0,0.9606299212598425,0.14960629921259844,0.5196850393700787
2024-08-29T14:01:37.929547,interface,0.023622047244094488,0.6771653543307087,0.8661417322834646,0.6535433070866141,0.0,0.9606299212598425,0.14960629921259844,0.5196850393700787
2024-08-29T14:01:37.933562,interface,0.031496062992125984,0.6771653543307087,0.8661417322834646,0.6535433070866141,0.0,0.9606299212598425,0.14960629921259844,0.5196850393700787
2024-08-29T14:01:37.945351,interface,0.047244094488188976,0.6771653543307087,0.8661417322834646,0.6535433070866141,0.0,0.9606299212598425,0.14960629921259844,0.5196850393700787
2024-08-29T14:01:37.955238,interface,0.07086614173228346,0.6771653543307087,0.8661417322834646,0.6535433070866141,0.0,0.9606299212598425,0.14960629921259844,0.5196850393700787
2024-08-29T14:01:37.965114,interface,0.09448818897637795,0.6771653543307087,0.8661417322834646,0.6535433070866141,0.0,0.9606299212598425,0.14960629921259844,0.5196850393700787
2024-08-29T14:01:37.966272,interface,0.11811023622047244,0.6771653543307087,0.8661417322834646,0.6535433070866141,0.0,0.9606299212598425,0.14960629921259844,0.5196850393700787
2024-08-29T14:01:37.977195,interface,0.14960629921259844,0.6771653543307087,0.8661417322834646,0.6535433070866141,0.0,0.9606299212598425,0.14960629921259844,0.5196850393700787
2024-08-29T14:01:37.985728,interface,0.1732283464566929,0.6771653543307087,0.8661417322834646,0.6535433070866141,0.0,0.9606299212598425,0.14960629921259844,0.5196850393700787
2024-08-29T14:01:37.995480,interface,0.1968503937007874,0.6771653543307087,0.8661417322834646,0.6535433070866141,0.0,0.9606299212598425,0.14960629921259844,0.5196850393700787
2024-08-29T14:01:38.005743,interface,0.2125984251968504,0.6771653543307087,0.8661417322834646,0.6535433070866141,0.0,0.9606299212598425,0.14960629921259844,0.5196850393700787
2024-08-29T14:01:38.007013,interface,0.23622047244094488,0.6771653543307087,0.8661417322834646,0.6535433070866141,0.0,0.9606299212598425,0.14960629921259844,0.5196850393700787
2024-08-29T14:01:38.017340,interface,0.25984251968503935,0.6771653543307087,0.8661417322834646,0.6535433070866141,0.0,0.9606299212598425,0.14960629921259844,0.5196850393700787
2024-08-29T14:01:38.025748,interface,0.2755905511811024,0.6771653543307087,0.8661417322834646,0.6535433070866141,0.0,0.9606299212598425,0.14960629921259844,0.5196850393700787
2024-08-29T14:01:38.036733,interface,0.2992125984251969,0.6771653543307087,0.8661417322834646,0.6535433070866141,0.0,0.9606299212598425,0.14960629921259844,0.5196850393700787
2024-08-29T14:01:38.045495,interface,0.31496062992125984,0.6771653543307087,0.8661417322834646,0.6535433070866141,0.0,0.9606299212598425,0.14960629921259844,0.5196850393700787
2024-08-29T14:01:38.046634,interface,0.33070866141732286,0.6771653543307087,0.8661417322834646,0.6535433070866141,0.0,0.9606299212598425,0.14960629921259844,0.5196850393700787
2024-08-29T14:01:38.057251,interface,0.3464566929133858,0.6771653543307087,0.8661417322834646,0.6535433070866141,0.0,0.9606299212598425,0.14960629921259844,0.5196850393700787
2024-08-29T14:01:38.060662,interface,0.36220472440944884,0.6771653543307087,0.8661417322834646,0.6535433070866141,0.0,0.9606299212598425,0.14960629921259844,0.5196850393700787
2024-08-29T14:01:38.075141,interface,0.3779527559055118,0.6771653543307087,0.8661417322834646,0.6535433070866141,0.0,0.9606299212598425,0.14960629921259844,0.5196850393700787
2024-08-29T14:01:38.084670,interface,0.3937007874015748,0.6771653543307087,0.8661417322834646,0.6535433070866141,0.0,0.9606299212598425,0.14960629921259844,0.5196850393700787
2024-08-29T14:01:38.085955,interface,0.4015748031496063,0.6771653543307087,0.8661417322834646,0.6535433070866141,0.0,0.9606299212598425,0.14960629921259844,0.5196850393700787
2024-08-29T14:01:38.097125,interface,0.41732283464566927,0.6771653543307087,0.8661417322834646,0.6535433070866141,0.0,0.9606299212598425,0.14960629921259844,0.5196850393700787
2024-08-29T14:01:38.100494,interface,0.4251968503937008,0.6771653543307087,0.8661417322834646,0.6535433070866141,0.0,0.9606299212598425,0.14960629921259844,0.5196850393700787
2024-08-29T14:01:38.118088,interface,0.4330708661417323,0.6771653543307087,0.8661417322834646,0.6535433070866141,0.0,0.9606299212598425,0.14960629921259844,0.5196850393700787
2024-08-29T14:01:38.121381,interface,0.4330708661417323,0.6771653543307087,0.8661417322834646,0.6535433070866141,0.0,0.9606299212598425,0.14960629921259844,0.5196850393700787
2024-08-29T14:01:38.137325,interface,0.4409448818897638,0.6771653543307087,0.8661417322834646,0.6535433070866141,0.0,0.9606299212598425,0.14960629921259844,0.5196850393700787
2024-08-29T14:01:38.201006,interface,0.4330708661417323,0.6771653543307087,0.8661417322834646,0.6535433070866141,0.0,0.9606299212598425,0.14960629921259844,0.5196850393700787
2024-08-29T14:01:38.209547,interface,0.4251968503937008,0.6771653543307087,0.8661417322834646,0.6535433070866141,0.0,0.9606299212598425,0.14960629921259844,0.5196850393700787
2024-08-29T14:01:38.212956,interface,0.4094488188976378,0.6771653543307087,0.8661417322834646,0.6535433070866141,0.0,0.9606299212598425,0.14960629921259844,0.5196850393700787
2024-08-29T14:01:38.225140,interface,0.4015748031496063,0.6771653543307087,0.8661417322834646,0.6535433070866141,0.0,0.9606299212598425,0.14960629921259844,0.5196850393700787
2024-08-29T14:01:38.235276,interface,0.3858267716535433,0.6771653543307087,0.8661417322834646,0.6535433070866141,0.0,0.9606299212598425,0.14960629921259844,0.5196850393700787
2024-08-29T14:01:38.246341,interface,0.3700787401574803,0.6771653543307087,0.8661417322834646,0.6535433070866141,0.0,0.9606299212598425,0.14960629921259844,0.5196850393700787
2024-08-29T14:01:38.247472,interface,0.36220472440944884,0.6771653543307087,0.8661417322834646,0.6535433070866141,0.0,0.9606299212598425,0.14960629921259844,0.5196850393700787
2024-08-29T14:01:38.252691,interface,0.3464566929133858,0.6771653543307087,0.8661417322834646,0.6535433070866141,0.0,0.9606299212598425,0.14960629921259844,0.5196850393700787
2024-08-29T14:01:38.268048,interface,0.33070866141732286,0.6771653543307087,0.8661417322834646,0.6535433070866141,0.0,0.9606299212598425,0.14960629921259844,0.5196850393700787
2024-08-29T14:01:38.271326,interface,0.3228346456692913,0.6771653543307087,0.8661417322834646,0.6535433070866141,0.0,0.9606299212598425,0.14960629921259844,0.5196850393700787
2024-08-29T14:01:38.285243,interface,0.31496062992125984,0.6771653543307087,0.8661417322834646,0.6535433070866141,0.0,0.9606299212598425,0.14960629921259844,0.5196850393700787
2024-08-29T14:01:38.286521,interface,0.2992125984251969,0.6771653543307087,0.8661417322834646,0.6535433070866141,0.0,0.9606299212598425,0.14960629921259844,0.5196850393700787
2024-08-29T14:01:38.297446,interface,0.29133858267716534,0.6771653543307087,0.8661417322834646,0.6535433070866141,0.0,0.9606299212598425,0.14960629921259844,0.5196850393700787
2024-08-29T14:01:38.300799,interface,0.2755905511811024,0.6771653543307087,0.8661417322834646,0.6535433070866141,0.0,0.9606299212598425,0.14960629921259844,0.5196850393700787
2024-08-29T14:01:38.318055,interface,0.2677165354330709,0.6771653543307087,0.8661417322834646,0.6535433070866141,0.0,0.9606299212598425,0.14960629921259844,0.5196850393700787
2024-08-29T14:01:38.326566,interface,0.25984251968503935,0.6771653543307087,0.8661417322834646,0.6535433070866141,0.0,0.9606299212598425,0.14960629921259844,0.5196850393700787
2024-08-29T14:01:38.327690,interface,0.25196850393700787,0.6771653543307087,0.8661417322834646,0.6535433070866141,0.0,0.9606299212598425,0.14960629921259844,0.5196850393700787
2024-08-29T14:01:38.333068,interface,0.23622047244094488,0.6771653543307087,0.8661417322834646,0.6535433070866141,0.0,0.9606299212598425,0.14960629921259844,0.5196850393700787
2024-08-29T14:01:38.345216,interface,0.23622047244094488,0.6771653543307087,0.8661417322834646,0.6535433070866141,0.0,0.9606299212598425,0.14960629921259844,0.5196850393700787
2024-08-29T14:01:38.355047,interface,0.2204724409448819,0.6771653543307087,0.8661417322834646,0.6535433070866141,0.0,0.9606299212598425,0.14960629921259844,0.5196850393700787
2024-08-29T14:01:38.365520,interface,0.2204724409448819,0.6771653543307087,0.8661417322834646,0.6535433070866141,0.0,0.9606299212598425,0.14960629921259844,0.5196850393700787
2024-08-29T14:01:38.366655,interface,0.2125984251968504,0.6771653543307087,0.8661417322834646,0.6535433070866141,0.0,0.9606299212598425,0.14960629921259844,0.5196850393700787
2024-08-29T14:01:38.377169,interface,0.2047244094488189,0.6771653543307087,0.8661417322834646,0.6535433070866141,0.0,0.9606299212598425,0.14960629921259844,0.5196850393700787
2024-08-29T14:01:38.385700,interface,0.1968503937007874,0.6771653543307087,0.8661417322834646,0.6535433070866141,0.0,0.9606299212598425,0.14960629921259844,0.5196850393700787
2024-08-29T14:01:38.395195,interface,0.1889763779527559,0.6771653543307087,0.8661417322834646,0.6535433070866141,0.0,0.9606299212598425,0.14960629921259844,0.5196850393700787
2024-08-29T14:01:38.405580,interface,0.18110236220472442,0.6771653543307087,0.8661417322834646,0.6535433070866141,0.0,0.9606299212598425,0.14960629921259844,0.5196850393700787
2024-08-29T14:01:38.406727,interface,0.18110236220472442,0.6771653543307087,0.8661417322834646,0.6535433070866141,0.0,0.9606299212598425,0.14960629921259844,0.5196850393700787
2024-08-29T14:01:38.412146,interface,0.1732283464566929,0.6771653543307087,0.8661417322834646,0.6535433070866141,0.0,0.9606299212598425,0.14960629921259844,0.5196850393700787
2024-08-29T14:01:38.425351,interface,0.16535433070866143,0.6771653543307087,0.8661417322834646,0.6535433070866141,0.0,0.9606299212598425,0.14960629921259844,0.5196850393700787
2024-08-29T14:01:38.434876,interface,0.16535433070866143,0.6771653543307087,0.8661417322834646,0.6535433070866141,0.0,0.9606299212598425,0.14960629921259844,0.5196850393700787
2024-08-29T14:01:38.444620,interface,0.15748031496062992,0.6771653543307087,0.8661417322834646,0.6535433070866141,0.0,0.9606299212598425,0.14960629921259844,0.5196850393700787
2024-08-29T14:01:38.445819,interface,0.14960629921259844,0.6771653543307087,0.8661417322834646,0.6535433070866141,0.0,0.9606299212598425,0.14960629921259844,0.5196850393700787
2024-08-29T14:01:38.457376,interface,0.14960629921259844,0.6771653543307087,0.8661417322834646,0.6535433070866141,0.0,0.9606299212598425,0.14960629921259844,0.5196850393700787
2024-08-29T14:01:38.460760,interface,0.14173228346456693,0.6771653543307087,0.8661417322834646,0.6535433070866141,0.0,0.9606299212598425,0.14960629921259844,0.5196850393700787
2024-08-29T14:01:38.475047,interface,0.13385826771653545,0.6771653543307087,0.8661417322834646,0.6535433070866141,0.0,0.9606299212598425,0.14960629921259844,0.5196850393700787
2024-08-29T14:01:38.485205,interface,0.13385826771653545,0.6771653543307087,0.8661417322834646,0.6535433070866141,0.0,0.9606299212598425,0.14960629921259844,0.5196850393700787
2024-08-29T14:01:38.486452,interface,0.12598425196850394,0.6771653543307087,0.8661417322834646,0.6535433070866141,0.0,0.9606299212598425,0.14960629921259844,0.5196850393700787
2024-08-29T14:01:38.497185,interface,0.11811023622047244,0.6771653543307087,0.8661417322834646,0.6535433070866141,0.0,0.9606299212598425,0.14960629921259844,0.5196850393700787
2024-08-29T14:01:38.500518,interface,0.11811023622047244,0.6771653543307087,0.8661417322834646,0.6535433070866141,0.0,0.9606299212598425,0.14960629921259844,0.5196850393700787
2024-08-29T14:01:38.518178,interface,0.11023622047244094,0.6771653543307087,0.8661417322834646,0.6535433070866141,0.0,0.9606299212598425,0.14960629921259844,0.5196850393700787
2024-08-29T14:01:38.519310,interface,0.10236220472440945,0.6771653543307087,0.8661417322834646,0.6535433070866141,0.0,0.9606299212598425,0.14960629921259844,0.5196850393700787
2024-08-29T14:01:38.522629,interface,0.10236220472440945,0.6771653543307087,0.8661417322834646,0.6535433070866141,0.0,0.9606299212598425,0.14960629921259844,0.5196850393700787
2024-08-29T14:01:38.543054,interface,0.09448818897637795,0.6771653543307087,0.8661417322834646,0.6535433070866141,0.0,0.9606299212598425,0.14960629921259844,0.5196850393700787
2024-08-29T14:01:38.559372,interface,0.08661417322834646,0.6771653543307087,0.8661417322834646,0.6535433070866141,0.0,0.9606299212598425,0.14960629921259844,0.5196850393700787
2024-08-29T14:01:38.643029,interface,0.08661417322834646,0.6771653543307087,0.8661417322834646,0.6535433070866141,0.0,0.9606299212598425,0.14960629921259844,0.5196850393700787
2024-08-29T14:01:38.644225,interface,0.09448818897637795,0.6771653543307087,0.8661417322834646,0.6535433070866141,0.0,0.9606299212598425,0.14960629921259844,0.5196850393700787
2024-08-29T14:01:38.655247,interface,0.10236220472440945,0.6771653543307087,0.8661417322834646,0.6535433070866141,0.0,0.9606299212598425,0.14960629921259844,0.5196850393700787
2024-08-29T14:01:38.665376,interface,0.11811023622047244,0.6771653543307087,0.8661417322834646,0.6535433070866141,0.0,0.9606299212598425,0.14960629921259844,0.5196850393700787
2024-08-29T14:01:38.675440,interface,0.13385826771653545,0.6771653543307087,0.8661417322834646,0.6535433070866141,0.0,0.9606299212598425,0.14960629921259844,0.5196850393700787
2024-08-29T14:01:38.676569,interface,0.14960629921259844,0.6771653543307087,0.8661417322834646,0.6535433070866141,0.0,0.9606299212598425,0.14960629921259844,0.5196850393700787
2024-08-29T14:01:38.687346,interface,0.16535433070866143,0.6771653543307087,0.8661417322834646,0.6535433070866141,0.0,0.9606299212598425,0.14960629921259844,0.5196850393700787
2024-08-29T14:01:38.690796,interface,0.1732283464566929,0.6771653543307087,0.8661417322834646,0.6535433070866141,0.0,0.9606299212598425,0.14960629921259844,0.5196850393700787
2024-08-29T14:01:38.705037,interface,0.1889763779527559,0.6771653543307087,0.8661417322834646,0.6535433070866141,0.0,0.9606299212598425,0.14960629921259844,0.5196850393700787
2024-08-29T14:01:38.715080,interface,0.2047244094488189,0.6771653543307087,0.8661417322834646,0.6535433070866141,0.0,0.9606299212598425,0.14960629921259844,0.5196850393700787
2024-08-29T14:01:38.716209,interface,0.2204724409448819,0.6771653543307087,0.8661417322834646,0.6535433070866141,0.0,0.9606299212598425,0.14960629921259844,0.5196850393700787
2024-08-29T14:01:38.727232,interface,0.23622047244094488,0.6771653543307087,0.8661417322834646,0.6535433070866141,0.0,0.9606299212598425,0.14960629921259844,0.5196850393700787
2024-08-29T14:01:38.730584,interface,0.25196850393700787,0.6771653543307087,0.8661417322834646,0.6535433070866141,0.0,0.9606299212598425,0.14960629921259844,0.5196850393700787
2024-08-29T14:01:38.744499,interface,0.25984251968503935,0.6771653543307087,0.8661417322834646,0.6535433070866141,0.0,0.9606299212598425,0.14960629921259844,0.5196850393700787
2024-08-29T14:01:38.754897,interface,0.2677165354330709,0.6771653543307087,0.8661417322834646,0.6535433070866141,0.0,0.9606299212598425,0.14960629921259844,0.5196850393700787
2024-08-29T14:01:38.756021,interface,0.28346456692913385,0.6771653543307087,0.8661417322834646,0.6535433070866141,0.0,0.9606299212598425,0.14960629921259844,0.5196850393700787
2024-08-29T14:01:38.767737,interface,0.29133858267716534,0.6771653543307087,0.8661417322834646,0.6535433070866141,0.0,0.9606299212598425,0.14960629921259844,0.5196850393700787
2024-08-29T14:01:38.771187,interface,0.2992125984251969,0.6771653543307087,0.8661417322834646,0.6535433070866141,0.0,0.9606299212598425,0.14960629921259844,0.5196850393700787
2024-08-29T14:01:38.785164,interface,0.2992125984251969,0.6771653543307087,0.8661417322834646,0.6535433070866141,0.0,0.9606299212598425,0.14960629921259844,0.5196850393700787
2024-08-29T14:01:38.795197,interface,0.30708661417322836,0.6771653543307087,0.8661417322834646,0.6535433070866141,0.0,0.9606299212598425,0.14960629921259844,0.5196850393700787
2024-08-29T14:01:38.807373,interface,0.31496062992125984,0.6771653543307087,0.8661417322834646,0.6535433070866141,0.0,0.9606299212598425,0.14960629921259844,0.5196850393700787
2024-08-29T14:01:38.879261,interface,0.30708661417322836,0.6771653543307087,0.8661417322834646,0.6535433070866141,0.0,0.9606299212598425,0.14960629921259844,0.5196850393700787
2024-08-29T14:01:38.882855,interface,0.2992125984251969,0.6771653543307087,0.8661417322834646,0.6535433070866141,0.0,0.9606299212598425,0.14960629921259844,0.5196850393700787
2024-08-29T14:01:38.895325,interface,0.29133858267716534,0.6771653543307087,0.8661417322834646,0.6535433070866141,0.0,0.9606299212598425,0.14960629921259844,0.5196850393700787
2024-08-29T14:01:38.905104,interface,0.28346456692913385,0.6771653543307087,0.8661417322834646,0.6535433070866141,0.0,0.9606299212598425,0.14960629921259844,0.5196850393700787
2024-08-29T14:01:38.915067,interface,0.2755905511811024,0.6771653543307087,0.8661417322834646,0.6535433070866141,0.0,0.9606299212598425,0.14960629921259844,0.5196850393700787
2024-08-29T14:01:38.916197,interface,0.25984251968503935,0.6771653543307087,0.8661417322834646,0.6535433070866141,0.0,0.9606299212598425,0.14960629921259844,0.5196850393700787
2024-08-29T14:01:38.927240,interface,0.25196850393700787,0.6771653543307087,0.8661417322834646,0.6535433070866141,0.0,0.9606299212598425,0.14960629921259844,0.5196850393700787
2024-08-29T14:01:38.930657,interface,0.2440944881889764,0.6771653543307087,0.8661417322834646,0.6535433070866141,0.0,0.9606299212598425,0.14960629921259844,0.5196850393700787
2024-08-29T14:01:38.945046,interface,0.2283464566929134,0.6771653543307087,0.8661417322834646,0.6535433070866141,0.0,0.9606299212598425,0.14960629921259844,0.5196850393700787
2024-08-29T14:01:38.955586,interface,0.2204724409448819,0.6771653543307087,0.8661417322834646,0.6535433070866141,0.0,0.9606299212598425,0.14960629921259844,0.5196850393700787
2024-08-29T14:01:38.957038,interface,0.2047244094488189,0.6771653543307087,0.8661417322834646,0.6535433070866141,0.0,0.9606299212598425,0.14960629921259844,0.5196850393700787
2024-08-29T14:01:38.962777,interface,0.1889763779527559,0.6771653543307087,0.8661417322834646,0.6535433070866141,0.0,0.9606299212598425,0.14960629921259844,0.5196850393700787
2024-08-29T14:01:38.975434,interface,0.1732283464566929,0.6771653543307087,0.8661417322834646,0.6535433070866141,0.0,0.9606299212598425,0.14960629921259844,0.5196850393700787
2024-08-29T14:01:38.984691,interface,0.16535433070866143,0.6771653543307087,0.8661417322834646,0.6535433070866141,0.0,0.9606299212598425,0.14960629921259844,0.5196850393700787
2024-08-29T14:01:38.995171,interface,0.14960629921259844,0.6771653543307087,0.8661417322834646,0.6535433070866141,0.0,0.9606299212598425,0.14960629921259844,0.5196850393700787
2024-08-29T14:01:38.996306,interface,0.13385826771653545,0.6771653543307087,0.8661417322834646,0.6535433070866141,0.0,0.9606299212598425,0.14960629921259844,0.5196850393700787
2024-08-29T14:01:39.007436,interface,0.12598425196850394,0.6771653543307087,0.8661417322834646,0.6535433070866141,0.0,0.9606299212598425,0.14960629921259844,0.5196850393700787
2024-08-29T14:01:39.010865,interface,0.11023622047244094,0.6771653543307087,0.8661417322834646,0.6535433070866141,0.0,0.9606299212598425,0.14960629921259844,0.5196850393700787
2024-08-29T14:01:39.025447,interface,0.10236220472440945,0.6771653543307087,0.8661417322834646,0.6535433070866141,0.0,0.9606299212598425,0.14960629921259844,0.5196850393700787
2024-08-29T14:01:39.034866,interface,0.10236220472440945,0.6771653543307087,0.8661417322834646,0.6535433070866141,0.0,0.9606299212598425,0.14960629921259844,0.5196850393700787
2024-08-29T14:01:39.036102,interface,0.09448818897637795,0.6771653543307087,0.8661417322834646,0.6535433070866141,0.0,0.9606299212598425,0.14960629921259844,0.5196850393700787
2024-08-29T14:01:39.047269,interface,0.09448818897637795,0.6771653543307087,0.8661417322834646,0.6535433070866141,0.0,0.9606299212598425,0.14960629921259844,0.5196850393700787
2024-08-29T14:01:39.068058,interface,0.08661417322834646,0.6771653543307087,0.8661417322834646,0.6535433070866141,0.0,0.9606299212598425,0.14960629921259844,0.5196850393700787
2024-08-29T14:01:39.183408,interface,0.09448818897637795,0.6771653543307087,0.8661417322834646,0.6535433070866141,0.0,0.9606299212598425,0.14960629921259844,0.5196850393700787
2024-08-29T14:01:39.199380,interface,0.09448818897637795,0.6771653543307087,0.8661417322834646,0.6535433070866141,0.0,0.9606299212598425,0.14960629921259844,0.5196850393700787
2024-08-29T14:01:39.202774,interface,0.10236220472440945,0.6771653543307087,0.8661417322834646,0.6535433070866141,0.0,0.9606299212598425,0.14960629921259844,0.5196850393700787
2024-08-29T14:01:39.218059,interface,0.10236220472440945,0.6771653543307087,0.8661417322834646,0.6535433070866141,0.0,0.9606299212598425,0.14960629921259844,0.5196850393700787
2024-08-29T14:01:39.221312,interface,0.11023622047244094,0.6771653543307087,0.8661417322834646,0.6535433070866141,0.0,0.9606299212598425,0.14960629921259844,0.5196850393700787
2024-08-29T14:01:39.234662,interface,0.11811023622047244,0.6771653543307087,0.8661417322834646,0.6535433070866141,0.0,0.9606299212598425,0.14960629921259844,0.5196850393700787
2024-08-29T14:01:39.235991,interface,0.12598425196850394,0.6771653543307087,0.8661417322834646,0.6535433070866141,0.0,0.9606299212598425,0.14960629921259844,0.5196850393700787
2024-08-29T14:01:39.247297,interface,0.12598425196850394,0.6771653543307087,0.8661417322834646,0.6535433070866141,0.0,0.9606299212598425,0.14960629921259844,0.5196850393700787
2024-08-29T14:01:39.250682,interface,0.13385826771653545,0.6771653543307087,0.8661417322834646,0.6535433070866141,0.0,0.9606299212598425,0.14960629921259844,0.5196850393700787
2024-08-29T14:01:39.268051,interface,0.13385826771653545,0.6771653543307087,0.8661417322834646,0.6535433070866141,0.0,0.9606299212598425,0.14960629921259844,0.5196850393700787
2024-08-29T14:01:39.279308,interface,0.14173228346456693,0.6771653543307087,0.8661417322834646,0.6535433070866141,0.0,0.9606299212598425,0.14960629921259844,0.5196850393700787
2024-08-29T14:01:39.295238,interface,0.14960629921259844,0.6771653543307087,0.8661417322834646,0.6535433070866141,0.0,0.9606299212598425,0.14960629921259844,0.5196850393700787
2024-08-29T14:01:39.319181,interface,0.14960629921259844,0.6771653543307087,0.8661417322834646,0.6535433070866141,0.0,0.9606299212598425,0.14960629921259844,0.5196850393700787
2024-08-29T14:01:48.443114,interface,0.16535433070866143,0.6771653543307087,0.8661417322834646,0.6535433070866141,0.0,0.9606299212598425,0.14960629921259844,0.5196850393700787
2024-08-29T14:01:48.444360,interface,0.1732283464566929,0.6771653543307087,0.8661417322834646,0.6535433070866141,0.0,0.9606299212598425,0.14960629921259844,0.5196850393700787
2024-08-29T14:01:48.459299,interface,0.18110236220472442,0.6771653543307087,0.8661417322834646,0.6535433070866141,0.0,0.9606299212598425,0.14960629921259844,0.5196850393700787
2024-08-29T14:01:48.462577,interface,0.1889763779527559,0.6771653543307087,0.8661417322834646,0.6535433070866141,0.0,0.9606299212598425,0.14960629921259844,0.5196850393700787
2024-08-29T14:01:48.474412,interface,0.1968503937007874,0.6771653543307087,0.8661417322834646,0.6535433070866141,0.0,0.9606299212598425,0.14960629921259844,0.5196850393700787
2024-08-29T14:01:48.485294,interface,0.2047244094488189,0.6771653543307087,0.8661417322834646,0.6535433070866141,0.0,0.9606299212598425,0.14960629921259844,0.5196850393700787
2024-08-29T14:01:48.486557,interface,0.2047244094488189,0.6771653543307087,0.8661417322834646,0.6535433070866141,0.0,0.9606299212598425,0.14960629921259844,0.5196850393700787
2024-08-29T14:01:48.496812,interface,0.2125984251968504,0.6771653543307087,0.8661417322834646,0.6535433070866141,0.0,0.9606299212598425,0.14960629921259844,0.5196850393700787
2024-08-29T14:01:48.500201,interface,0.2283464566929134,0.6771653543307087,0.8661417322834646,0.6535433070866141,0.0,0.9606299212598425,0.14960629921259844,0.5196850393700787
2024-08-29T14:01:48.518036,interface,0.23622047244094488,0.6771653543307087,0.8661417322834646,0.6535433070866141,0.0,0.9606299212598425,0.14960629921259844,0.5196850393700787
2024-08-29T14:01:48.521298,interface,0.2440944881889764,0.6771653543307087,0.8661417322834646,0.6535433070866141,0.0,0.9606299212598425,0.14960629921259844,0.5196850393700787
2024-08-29T14:01:48.524683,interface,0.25196850393700787,0.6771653543307087,0.8661417322834646,0.6535433070866141,0.0,0.9606299212598425,0.14960629921259844,0.5196850393700787
2024-08-29T14:01:48.537011,interface,0.25984251968503935,0.6771653543307087,0.8661417322834646,0.6535433070866141,0.0,0.9606299212598425,0.14960629921259844,0.5196850393700787
2024-08-29T14:01:48.545501,interface,0.2677165354330709,0.6771653543307087,0.8661417322834646,0.6535433070866141,0.0,0.9606299212598425,0.14960629921259844,0.5196850393700787
2024-08-29T14:01:48.554433,interface,0.2677165354330709,0.6771653543307087,0.8661417322834646,0.6535433070866141,0.0,0.9606299212598425,0.14960629921259844,0.5196850393700787
2024-08-29T14:01:48.568205,interface,0.2755905511811024,0.6771653543307087,0.8661417322834646,0.6535433070866141,0.0,0.9606299212598425,0.14960629921259844,0.5196850393700787
2024-08-29T14:01:48.569374,interface,0.28346456692913385,0.6771653543307087,0.8661417322834646,0.6535433070866141,0.0,0.9606299212598425,0.14960629921259844,0.5196850393700787
2024-08-29T14:01:48.584937,interface,0.28346456692913385,0.6771653543307087,0.8661417322834646,0.6535433070866141,0.0,0.9606299212598425,0.14960629921259844,0.5196850393700787
2024-08-29T14:01:48.646655,interface,0.28346456692913385,0.6771653543307087,0.8661417322834646,0.6535433070866141,0.0,0.9606299212598425,0.14960629921259844,0.5196850393700787
2024-08-29T14:01:48.662900,interface,0.2755905511811024,0.6771653543307087,0.8661417322834646,0.6535433070866141,0.0,0.9606299212598425,0.14960629921259844,0.5196850393700787
2024-08-29T14:01:48.674838,interface,0.2677165354330709,0.6771653543307087,0.8661417322834646,0.6535433070866141,0.0,0.9606299212598425,0.14960629921259844,0.5196850393700787
2024-08-29T14:01:48.675967,interface,0.2677165354330709,0.6771653543307087,0.8661417322834646,0.6535433070866141,0.0,0.9606299212598425,0.14960629921259844,0.5196850393700787
2024-08-29T14:01:48.686929,interface,0.25984251968503935,0.6771653543307087,0.8661417322834646,0.6535433070866141,0.0,0.9606299212598425,0.14960629921259844,0.5196850393700787
2024-08-29T14:01:48.690316,interface,0.25196850393700787,0.6771653543307087,0.8661417322834646,0.6535433070866141,0.0,0.9606299212598425,0.14960629921259844,0.5196850393700787
2024-08-29T14:01:48.704341,interface,0.2440944881889764,0.6771653543307087,0.8661417322834646,0.6535433070866141,0.0,0.9606299212598425,0.14960629921259844,0.5196850393700787
2024-08-29T14:01:48.718181,interface,0.23622047244094488,0.6771653543307087,0.8661417322834646,0.6535433070866141,0.0,0.9606299212598425,0.14960629921259844,0.5196850393700787
2024-08-29T14:01:48.719309,interface,0.2283464566929134,0.6771653543307087,0.8661417322834646,0.6535433070866141,0.0,0.9606299212598425,0.14960629921259844,0.5196850393700787
2024-08-29T14:01:48.722630,interface,0.2125984251968504,0.6771653543307087,0.8661417322834646,0.6535433070866141,0.0,0.9606299212598425,0.14960629921259844,0.5196850393700787
2024-08-29T14:01:48.735254,interface,0.2047244094488189,0.6771653543307087,0.8661417322834646,0.6535433070866141,0.0,0.9606299212598425,0.14960629921259844,0.5196850393700787
2024-08-29T14:01:48.745143,interface,0.1889763779527559,0.6771653543307087,0.8661417322834646,0.6535433070866141,0.0,0.9606299212598425,0.14960629921259844,0.5196850393700787
2024-08-29T14:01:48.755821,interface,0.18110236220472442,0.6771653543307087,0.8661417322834646,0.6535433070866141,0.0,0.9606299212598425,0.14960629921259844,0.5196850393700787
2024-08-29T14:01:48.757136,interface,0.16535433070866143,0.6771653543307087,0.8661417322834646,0.6535433070866141,0.0,0.9606299212598425,0.14960629921259844,0.5196850393700787
2024-08-29T14:01:48.762401,interface,0.15748031496062992,0.6771653543307087,0.8661417322834646,0.6535433070866141,0.0,0.9606299212598425,0.14960629921259844,0.5196850393700787
2024-08-29T14:01:48.775165,interface,0.14960629921259844,0.6771653543307087,0.8661417322834646,0.6535433070866141,0.0,0.9606299212598425,0.14960629921259844,0.5196850393700787
2024-08-29T14:01:48.785266,interface,0.13385826771653545,0.6771653543307087,0.8661417322834646,0.6535433070866141,0.0,0.9606299212598425,0.14960629921259844,0.5196850393700787
2024-08-29T14:01:48.794634,interface,0.12598425196850394,0.6771653543307087,0.8661417322834646,0.6535433070866141,0.0,0.9606299212598425,0.14960629921259844,0.5196850393700787
2024-08-29T14:01:48.795769,interface,0.11811023622047244,0.6771653543307087,0.8661417322834646,0.6535433070866141,0.0,0.9606299212598425,0.14960629921259844,0.5196850393700787
2024-08-29T14:01:48.806946,interface,0.11811023622047244,0.6771653543307087,0.8661417322834646,0.6535433070866141,0.0,0.9606299212598425,0.14960629921259844,0.5196850393700787
2024-08-29T14:01:48.815409,interface,0.11023622047244094,0.6771653543307087,0.8661417322834646,0.6535433070866141,0.0,0.9606299212598425,0.14960629921259844,0.5196850393700787
2024-08-29T14:01:48.824804,interface,0.10236220472440945,0.6771653543307087,0.8661417322834646,0.6535433070866141,0.0,0.9606299212598425,0.14960629921259844,0.5196850393700787
2024-08-29T14:01:48.835243,interface,0.10236220472440945,0.6771653543307087,0.8661417322834646,0.6535433070866141,0.0,0.9606299212598425,0.14960629921259844,0.5196850393700787
2024-08-29T14:01:48.846806,interface,0.09448818897637795,0.6771653543307087,0.8661417322834646,0.6535433070866141,0.0,0.9606299212598425,0.14960629921259844,0.5196850393700787
2024-08-29T14:01:48.862931,interface,0.08661417322834646,0.6771653543307087,0.8661417322834646,0.6535433070866141,0.0,0.9606299212598425,0.14960629921259844,0.5196850393700787
2024-08-29T14:01:48.878834,interface,0.07874015748031496,0.6771653543307087,0.8661417322834646,0.6535433070866141,0.0,0.9606299212598425,0.14960629921259844,0.5196850393700787
2024-08-29T14:01:48.934964,interface,0.08661417322834646,0.6771653543307087,0.8661417322834646,0.6535433070866141,0.0,0.9606299212598425,0.14960629921259844,0.5196850393700787
2024-08-29T14:01:48.944718,interface,0.09448818897637795,0.6771653543307087,0.8661417322834646,0.6535433070866141,0.0,0.9606299212598425,0.14960629921259844,0.5196850393700787
2024-08-29T14:01:48.954687,interface,0.10236220472440945,0.6771653543307087,0.8661417322834646,0.6535433070866141,0.0,0.9606299212598425,0.14960629921259844,0.5196850393700787
2024-08-29T14:01:48.955834,interface,0.11811023622047244,0.6771653543307087,0.8661417322834646,0.6535433070866141,0.0,0.9606299212598425,0.14960629921259844,0.5196850393700787
2024-08-29T14:01:48.967142,interface,0.13385826771653545,0.6771653543307087,0.8661417322834646,0.6535433070866141,0.0,0.9606299212598425,0.14960629921259844,0.5196850393700787
2024-08-29T14:01:48.975550,interface,0.14173228346456693,0.6771653543307087,0.8661417322834646,0.6535433070866141,0.0,0.9606299212598425,0.14960629921259844,0.5196850393700787
2024-08-29T14:01:48.984808,interface,0.15748031496062992,0.6771653543307087,0.8661417322834646,0.6535433070866141,0.0,0.9606299212598425,0.14960629921259844,0.5196850393700787
2024-08-29T14:01:48.995605,interface,0.16535433070866143,0.6771653543307087,0.8661417322834646,0.6535433070866141,0.0,0.9606299212598425,0.14960629921259844,0.5196850393700787
2024-08-29T14:01:48.996742,interface,0.18110236220472442,0.6771653543307087,0.8661417322834646,0.6535433070866141,0.0,0.9606299212598425,0.14960629921259844,0.5196850393700787
2024-08-29T14:01:49.007153,interface,0.1889763779527559,0.6771653543307087,0.8661417322834646,0.6535433070866141,0.0,0.9606299212598425,0.14960629921259844,0.5196850393700787
2024-08-29T14:01:49.010562,interface,0.2047244094488189,0.6771653543307087,0.8661417322834646,0.6535433070866141,0.0,0.9606299212598425,0.14960629921259844,0.5196850393700787
2024-08-29T14:01:49.025769,interface,0.2125984251968504,0.6771653543307087,0.8661417322834646,0.6535433070866141,0.0,0.9606299212598425,0.14960629921259844,0.5196850393700787
2024-08-29T14:01:49.035287,interface,0.2204724409448819,0.6771653543307087,0.8661417322834646,0.6535433070866141,0.0,0.9606299212598425,0.14960629921259844,0.5196850393700787
2024-08-29T14:01:49.036549,interface,0.2283464566929134,0.6771653543307087,0.8661417322834646,0.6535433070866141,0.0,0.9606299212598425,0.14960629921259844,0.5196850393700787
2024-08-29T14:01:49.047045,interface,0.23622047244094488,0.6771653543307087,0.8661417322834646,0.6535433070866141,0.0,0.9606299212598425,0.14960629921259844,0.5196850393700787
2024-08-29T14:01:49.050422,interface,0.2440944881889764,0.6771653543307087,0.8661417322834646,0.6535433070866141,0.0,0.9606299212598425,0.14960629921259844,0.5196850393700787
2024-08-29T14:01:49.068039,interface,0.2440944881889764,0.6771653543307087,0.8661417322834646,0.6535433070866141,0.0,0.9606299212598425,0.14960629921259844,0.5196850393700787
2024-08-29T14:01:49.079038,interface,0.25196850393700787,0.6771653543307087,0.8661417322834646,0.6535433070866141,0.0,0.9606299212598425,0.14960629921259844,0.5196850393700787
2024-08-29T14:01:49.271672,interface,0.2440944881889764,0.6771653543307087,0.8661417322834646,0.6535433070866141,0.0,0.9606299212598425,0.14960629921259844,0.5196850393700787
2024-08-29T14:01:49.393079,interface,0.2440944881889764,0.6771653543307087,0.8661417322834646,0.6535433070866141,0.0,0.9606299212598425,0.14960629921259844,0.5196850393700787
2024-08-29T14:01:51.325410,interface,0.2440944881889764,0.6771653543307087,0.8661417322834646,0.6535433070866141,0.0,0.9606299212598425,0.14960629921259844,0.5196850393700787
2024-08-29T14:01:51.343108,interface,0.25196850393700787,0.6771653543307087,0.8661417322834646,0.6535433070866141,0.0,0.9606299212598425,0.14960629921259844,0.5196850393700787
2024-08-29T14:01:51.357603,interface,0.25984251968503935,0.6771653543307087,0.8661417322834646,0.6535433070866141,0.0,0.9606299212598425,0.14960629921259844,0.5196850393700787
2024-08-29T14:01:51.373479,interface,0.25984251968503935,0.6771653543307087,0.8661417322834646,0.6535433070866141,0.0,0.9606299212598425,0.14960629921259844,0.5196850393700787
2024-08-29T14:01:51.385438,interface,0.2677165354330709,0.6771653543307087,0.8661417322834646,0.6535433070866141,0.0,0.9606299212598425,0.14960629921259844,0.5196850393700787
2024-08-29T14:01:51.395261,interface,0.2677165354330709,0.6771653543307087,0.8661417322834646,0.6535433070866141,0.0,0.9606299212598425,0.14960629921259844,0.5196850393700787
2024-08-29T14:01:51.396396,interface,0.2755905511811024,0.6771653543307087,0.8661417322834646,0.6535433070866141,0.0,0.9606299212598425,0.14960629921259844,0.5196850393700787
2024-08-29T14:01:51.406604,interface,0.28346456692913385,0.6771653543307087,0.8661417322834646,0.6535433070866141,0.0,0.9606299212598425,0.14960629921259844,0.5196850393700787
2024-08-29T14:01:51.415668,interface,0.29133858267716534,0.6771653543307087,0.8661417322834646,0.6535433070866141,0.0,0.9606299212598425,0.14960629921259844,0.5196850393700787
2024-08-29T14:01:51.425272,interface,0.2992125984251969,0.6771653543307087,0.8661417322834646,0.6535433070866141,0.0,0.9606299212598425,0.14960629921259844,0.5196850393700787
2024-08-29T14:01:51.435305,interface,0.30708661417322836,0.6771653543307087,0.8661417322834646,0.6535433070866141,0.0,0.9606299212598425,0.14960629921259844,0.5196850393700787
2024-08-29T14:01:51.436514,interface,0.31496062992125984,0.6771653543307087,0.8661417322834646,0.6535433070866141,0.0,0.9606299212598425,0.14960629921259844,0.5196850393700787
2024-08-29T14:01:51.441804,interface,0.31496062992125984,0.6771653543307087,0.8661417322834646,0.6535433070866141,0.0,0.9606299212598425,0.14960629921259844,0.5196850393700787
2024-08-29T14:01:51.455204,interface,0.3228346456692913,0.6771653543307087,0.8661417322834646,0.6535433070866141,0.0,0.9606299212598425,0.14960629921259844,0.5196850393700787
2024-08-29T14:01:51.465239,interface,0.33070866141732286,0.6771653543307087,0.8661417322834646,0.6535433070866141,0.0,0.9606299212598425,0.14960629921259844,0.5196850393700787
2024-08-29T14:01:51.474818,interface,0.33070866141732286,0.6771653543307087,0.8661417322834646,0.6535433070866141,0.0,0.9606299212598425,0.14960629921259844,0.5196850393700787
2024-08-29T14:01:51.485634,interface,0.33858267716535434,0.6771653543307087,0.8661417322834646,0.6535433070866141,0.0,0.9606299212598425,0.14960629921259844,0.5196850393700787
2024-08-29T14:01:51.501481,interface,0.3464566929133858,0.6771653543307087,0.8661417322834646,0.6535433070866141,0.0,0.9606299212598425,0.14960629921259844,0.5196850393700787
2024-08-29T14:01:51.518108,interface,0.3464566929133858,0.6771653543307087,0.8661417322834646,0.6535433070866141,0.0,0.9606299212598425,0.14960629921259844,0.5196850393700787
2024-08-29T14:01:51.533603,interface,0.3543307086614173,0.6771653543307087,0.8661417322834646,0.6535433070866141,0.0,0.9606299212598425,0.14960629921259844,0.5196850393700787
2024-08-29T14:01:51.545396,interface,0.36220472440944884,0.6771653543307087,0.8661417322834646,0.6535433070866141,0.0,0.9606299212598425,0.14960629921259844,0.5196850393700787
2024-08-29T14:01:51.557624,interface,0.36220472440944884,0.6771653543307087,0.8661417322834646,0.6535433070866141,0.0,0.9606299212598425,0.14960629921259844,0.5196850393700787
2024-08-29T14:01:51.573437,interface,0.3700787401574803,0.6771653543307087,0.8661417322834646,0.6535433070866141,0.0,0.9606299212598425,0.14960629921259844,0.5196850393700787
2024-08-29T14:01:51.593051,interface,0.3779527559055118,0.6771653543307087,0.8661417322834646,0.6535433070866141,0.0,0.9606299212598425,0.14960629921259844,0.5196850393700787
2024-08-29T14:01:51.605441,interface,0.3779527559055118,0.6771653543307087,0.8661417322834646,0.6535433070866141,0.0,0.9606299212598425,0.14960629921259844,0.5196850393700787
2024-08-29T14:01:51.621468,interface,0.3858267716535433,0.6771653543307087,0.8661417322834646,0.6535433070866141,0.0,0.9606299212598425,0.14960629921259844,0.5196850393700787
2024-08-29T14:01:51.637556,interface,0.3937007874015748,0.6771653543307087,0.8661417322834646,0.6535433070866141,0.0,0.9606299212598425,0.14960629921259844,0.5196850393700787
2024-08-29T14:01:51.646170,interface,0.4015748031496063,0.6771653543307087,0.8661417322834646,0.6535433070866141,0.0,0.9606299212598425,0.14960629921259844,0.5196850393700787
2024-08-29T14:01:51.655275,interface,0.4015748031496063,0.6771653543307087,0.8661417322834646,0.6535433070866141,0.0,0.9606299212598425,0.14960629921259844,0.5196850393700787
2024-08-29T14:01:51.665051,interface,0.4094488188976378,0.6771653543307087,0.8661417322834646,0.6535433070866141,0.0,0.9606299212598425,0.14960629921259844,0.5196850393700787
2024-08-29T14:01:51.677441,interface,0.41732283464566927,0.6771653543307087,0.8661417322834646,0.6535433070866141,0.0,0.9606299212598425,0.14960629921259844,0.5196850393700787
2024-08-29T14:01:51.680760,interface,0.41732283464566927,0.6771653543307087,0.8661417322834646,0.6535433070866141,0.0,0.9606299212598425,0.14960629921259844,0.5196850393700787
2024-08-29T14:01:51.695281,interface,0.4251968503937008,0.6771653543307087,0.8661417322834646,0.6535433070866141,0.0,0.9606299212598425,0.14960629921259844,0.5196850393700787
2024-08-29T14:01:51.709852,interface,0.4251968503937008,0.6771653543307087,0.8661417322834646,0.6535433070866141,0.0,0.9606299212598425,0.14960629921259844,0.5196850393700787
2024-08-29T14:01:51.725476,interface,0.4330708661417323,0.6771653543307087,0.8661417322834646,0.6535433070866141,0.0,0.9606299212598425,0.14960629921259844,0.5196850393700787
2024-08-29T14:01:51.743037,interface,0.4330708661417323,0.6771653543307087,0.8661417322834646,0.6535433070866141,0.0,0.9606299212598425,0.14960629921259844,0.5196850393700787
2024-08-29T14:01:54.107757,interface,0.4409448818897638,0.6771653543307087,0.8661417322834646,0.6535433070866141,0.0,0.9606299212598425,0.14960629921259844,0.5196850393700787
2024-08-29T14:01:54.118321,interface,0.44881889763779526,0.6771653543307087,0.8661417322834646,0.6535433070866141,0.0,0.9606299212598425,0.14960629921259844,0.5196850393700787
2024-08-29T14:01:54.121577,interface,0.4566929133858268,0.6771653543307087,0.8661417322834646,0.6535433070866141,0.0,0.9606299212598425,0.14960629921259844,0.5196850393700787
2024-08-29T14:01:54.135160,interface,0.4645669291338583,0.6771653543307087,0.8661417322834646,0.6535433070866141,0.0,0.9606299212598425,0.14960629921259844,0.5196850393700787
2024-08-29T14:01:54.144487,interface,0.47244094488188976,0.6771653543307087,0.8661417322834646,0.6535433070866141,0.0,0.9606299212598425,0.14960629921259844,0.5196850393700787
2024-08-29T14:01:54.145658,interface,0.4881889763779528,0.6771653543307087,0.8661417322834646,0.6535433070866141,0.0,0.9606299212598425,0.14960629921259844,0.5196850393700787
2024-08-29T14:01:54.156153,interface,0.5118110236220472,0.6771653543307087,0.8661417322834646,0.6535433070866141,0.0,0.9606299212598425,0.14960629921259844,0.5196850393700787
2024-08-29T14:01:54.165749,interface,0.5275590551181102,0.6771653543307087,0.8661417322834646,0.6535433070866141,0.0,0.9606299212598425,0.14960629921259844,0.5196850393700787
2024-08-29T14:01:54.174755,interface,0.5511811023622047,0.6771653543307087,0.8661417322834646,0.6535433070866141,0.0,0.9606299212598425,0.14960629921259844,0.5196850393700787
2024-08-29T14:01:54.186231,interface,0.5748031496062992,0.6771653543307087,0.8661417322834646,0.6535433070866141,0.0,0.9606299212598425,0.14960629921259844,0.5196850393700787
2024-08-29T14:01:54.187431,interface,0.5984251968503937,0.6771653543307087,0.8661417322834646,0.6535433070866141,0.0,0.9606299212598425,0.14960629921259844,0.5196850393700787
2024-08-29T14:01:54.192591,interface,0.6220472440944882,0.6771653543307087,0.8661417322834646,0.6535433070866141,0.0,0.9606299212598425,0.14960629921259844,0.5196850393700787
2024-08-29T14:01:54.204513,interface,0.6377952755905512,0.6771653543307087,0.8661417322834646,0.6535433070866141,0.0,0.9606299212598425,0.14960629921259844,0.5196850393700787
2024-08-29T14:01:54.218087,interface,0.6614173228346457,0.6771653543307087,0.8661417322834646,0.6535433070866141,0.0,0.9606299212598425,0.14960629921259844,0.5196850393700787
2024-08-29T14:01:54.221326,interface,0.6771653543307087,0.6771653543307087,0.8661417322834646,0.6535433070866141,0.0,0.9606299212598425,0.14960629921259844,0.5196850393700787
2024-08-29T14:01:54.224551,interface,0.7007874015748031,0.6771653543307087,0.8661417322834646,0.6535433070866141,0.0,0.9606299212598425,0.14960629921259844,0.5196850393700787
2024-08-29T14:01:54.236140,interface,0.7165354330708661,0.6771653543307087,0.8661417322834646,0.6535433070866141,0.0,0.9606299212598425,0.14960629921259844,0.5196850393700787
2024-08-29T14:01:54.245774,interface,0.7322834645669292,0.6771653543307087,0.8661417322834646,0.6535433070866141,0.0,0.9606299212598425,0.14960629921259844,0.5196850393700787
2024-08-29T14:01:54.254540,interface,0.7480314960629921,0.6771653543307087,0.8661417322834646,0.6535433070866141,0.0,0.9606299212598425,0.14960629921259844,0.5196850393700787
2024-08-29T14:01:54.268253,interface,0.7559055118110236,0.6771653543307087,0.8661417322834646,0.6535433070866141,0.0,0.9606299212598425,0.14960629921259844,0.5196850393700787
2024-08-29T14:01:54.269426,interface,0.7716535433070866,0.6771653543307087,0.8661417322834646,0.6535433070866141,0.0,0.9606299212598425,0.14960629921259844,0.5196850393700787
2024-08-29T14:01:54.272618,interface,0.7795275590551181,0.6771653543307087,0.8661417322834646,0.6535433070866141,0.0,0.9606299212598425,0.14960629921259844,0.5196850393700787
2024-08-29T14:01:54.284808,interface,0.7874015748031497,0.6771653543307087,0.8661417322834646,0.6535433070866141,0.0,0.9606299212598425,0.14960629921259844,0.5196850393700787
2024-08-29T14:01:54.296557,interface,0.7952755905511811,0.6771653543307087,0.8661417322834646,0.6535433070866141,0.0,0.9606299212598425,0.14960629921259844,0.5196850393700787
2024-08-29T14:01:54.305106,interface,0.8031496062992126,0.6771653543307087,0.8661417322834646,0.6535433070866141,0.0,0.9606299212598425,0.14960629921259844,0.5196850393700787
2024-08-29T14:01:54.306254,interface,0.8110236220472441,0.6771653543307087,0.8661417322834646,0.6535433070866141,0.0,0.9606299212598425,0.14960629921259844,0.5196850393700787
2024-08-29T14:01:54.311581,interface,0.8110236220472441,0.6771653543307087,0.8661417322834646,0.6535433070866141,0.0,0.9606299212598425,0.14960629921259844,0.5196850393700787
2024-08-29T14:01:54.325332,interface,0.8188976377952756,0.6771653543307087,0.8661417322834646,0.6535433070866141,0.0,0.9606299212598425,0.14960629921259844,0.5196850393700787
2024-08-29T14:01:54.335247,interface,0.8267716535433071,0.6771653543307087,0.8661417322834646,0.6535433070866141,0.0,0.9606299212598425,0.14960629921259844,0.5196850393700787
2024-08-29T14:01:54.345522,interface,0.8267716535433071,0.6771653543307087,0.8661417322834646,0.6535433070866141,0.0,0.9606299212598425,0.14960629921259844,0.5196850393700787
2024-08-29T14:01:54.346659,interface,0.8346456692913385,0.6771653543307087,0.8661417322834646,0.6535433070866141,0.0,0.9606299212598425,0.14960629921259844,0.5196850393700787
2024-08-29T14:01:54.351784,interface,0.84251968503937,0.6771653543307087,0.8661417322834646,0.6535433070866141,0.0,0.9606299212598425,0.14960629921259844,0.5196850393700787
2024-08-29T14:01:54.368097,interface,0.84251968503937,0.6771653543307087,0.8661417322834646,0.6535433070866141,0.0,0.9606299212598425,0.14960629921259844,0.5196850393700787
2024-08-29T14:01:54.371338,interface,0.8503937007874016,0.6771653543307087,0.8661417322834646,0.6535433070866141,0.0,0.9606299212598425,0.14960629921259844,0.5196850393700787
2024-08-29T14:01:54.384446,interface,0.8503937007874016,0.6771653543307087,0.8661417322834646,0.6535433070866141,0.0,0.9606299212598425,0.14960629921259844,0.5196850393700787
2024-08-29T14:01:54.403828,interface,0.8582677165354331,0.6771653543307087,0.8661417322834646,0.6535433070866141,0.0,0.9606299212598425,0.14960629921259844,0.5196850393700787
2024-08-29T14:01:54.419676,interface,0.8661417322834646,0.6771653543307087,0.8661417322834646,0.6535433070866141,0.0,0.9606299212598425,0.14960629921259844,0.5196850393700787
2024-08-29T14:01:54.435957,interface,0.8661417322834646,0.6771653543307087,0.8661417322834646,0.6535433070866141,0.0,0.9606299212598425,0.14960629921259844,0.5196850393700787
2024-08-29T14:01:54.451798,interface,0.8740157480314961,0.6771653543307087,0.8661417322834646,0.6535433070866141,0.0,0.9606299212598425,0.14960629921259844,0.5196850393700787
2024-08-29T14:01:54.475682,interface,0.8818897637795275,0.6771653543307087,0.8661417322834646,0.6535433070866141,0.0,0.9606299212598425,0.14960629921259844,0.5196850393700787
2024-08-29T14:01:54.923977,interface,0.8661417322834646,0.6771653543307087,0.8661417322834646,0.6535433070866141,0.0,0.9606299212598425,0.14960629921259844,0.5196850393700787
2024-08-29T14:01:54.934649,interface,0.8582677165354331,0.6771653543307087,0.8661417322834646,0.6535433070866141,0.0,0.9606299212598425,0.14960629921259844,0.5196850393700787
2024-08-29T14:01:54.946147,interface,0.8503937007874016,0.6771653543307087,0.8661417322834646,0.6535433070866141,0.0,0.9606299212598425,0.14960629921259844,0.5196850393700787
2024-08-29T14:01:54.947281,interface,0.8346456692913385,0.6771653543307087,0.8661417322834646,0.6535433070866141,0.0,0.9606299212598425,0.14960629921259844,0.5196850393700787
2024-08-29T14:01:54.952403,interface,0.8188976377952756,0.6771653543307087,0.8661417322834646,0.6535433070866141,0.0,0.9606299212598425,0.14960629921259844,0.5196850393700787
2024-08-29T14:01:54.968035,interface,0.7952755905511811,0.6771653543307087,0.8661417322834646,0.6535433070866141,0.0,0.9606299212598425,0.14960629921259844,0.5196850393700787
2024-08-29T14:01:54.971323,interface,0.7716535433070866,0.6771653543307087,0.8661417322834646,0.6535433070866141,0.0,0.9606299212598425,0.14960629921259844,0.5196850393700787
2024-08-29T14:01:54.986477,interface,0.7480314960629921,0.6771653543307087,0.8661417322834646,0.6535433070866141,0.0,0.9606299212598425,0.14960629921259844,0.5196850393700787
2024-08-29T14:01:54.987717,interface,0.7165354330708661,0.6771653543307087,0.8661417322834646,0.6535433070866141,0.0,0.9606299212598425,0.14960629921259844,0.5196850393700787
2024-08-29T14:01:54.991050,interface,0.6771653543307087,0.6771653543307087,0.8661417322834646,0.6535433070866141,0.0,0.9606299212598425,0.14960629921259844,0.5196850393700787
2024-08-29T14:01:55.005527,interface,0.6456692913385826,0.6771653543307087,0.8661417322834646,0.6535433070866141,0.0,0.9606299212598425,0.14960629921259844,0.5196850393700787
2024-08-29T14:01:55.016308,interface,0.5984251968503937,0.6771653543307087,0.8661417322834646,0.6535433070866141,0.0,0.9606299212598425,0.14960629921259844,0.5196850393700787
2024-08-29T14:01:55.025305,interface,0.5590551181102362,0.6771653543307087,0.8661417322834646,0.6535433070866141,0.0,0.9606299212598425,0.14960629921259844,0.5196850393700787
2024-08-29T14:01:55.026440,interface,0.5196850393700787,0.6771653543307087,0.8661417322834646,0.6535433070866141,0.0,0.9606299212598425,0.14960629921259844,0.5196850393700787
2024-08-29T14:01:55.031656,interface,0.49606299212598426,0.6771653543307087,0.8661417322834646,0.6535433070866141,0.0,0.9606299212598425,0.14960629921259844,0.5196850393700787
2024-08-29T14:01:55.045424,interface,0.47244094488188976,0.6771653543307087,0.8661417322834646,0.6535433070866141,0.0,0.9606299212598425,0.14960629921259844,0.5196850393700787
2024-08-29T14:01:55.054580,interface,0.44881889763779526,0.6771653543307087,0.8661417322834646,0.6535433070866141,0.0,0.9606299212598425,0.14960629921259844,0.5196850393700787
2024-08-29T14:01:55.068173,interface,0.4330708661417323,0.6771653543307087,0.8661417322834646,0.6535433070866141,0.0,0.9606299212598425,0.14960629921259844,0.5196850393700787
2024-08-29T14:01:55.069325,interface,0.4251968503937008,0.6771653543307087,0.8661417322834646,0.6535433070866141,0.0,0.9606299212598425,0.14960629921259844,0.5196850393700787
2024-08-29T14:01:55.072501,interface,0.41732283464566927,0.6771653543307087,0.8661417322834646,0.6535433070866141,0.0,0.9606299212598425,0.14960629921259844,0.5196850393700787
2024-08-29T14:01:55.084506,interface,0.4094488188976378,0.6771653543307087,0.8661417322834646,0.6535433070866141,0.0,0.9606299212598425,0.14960629921259844,0.5196850393700787
2024-08-29T14:01:55.095033,interface,0.4015748031496063,0.6771653543307087,0.8661417322834646,0.6535433070866141,0.0,0.9606299212598425,0.14960629921259844,0.5196850393700787
2024-08-29T14:01:55.108182,interface,0.4015748031496063,0.6771653543307087,0.8661417322834646,0.6535433070866141,0.0,0.9606299212598425,0.14960629921259844,0.5196850393700787
2024-08-29T14:01:55.218127,interface,0.3937007874015748,0.6771653543307087,0.8661417322834646,0.6535433070866141,0.0,0.9606299212598425,0.14960629921259844,0.5196850393700787
2024-08-29T14:01:55.426045,interface,0.4015748031496063,0.6771653543307087,0.8661417322834646,0.6535433070866141,0.0,0.9606299212598425,0.14960629921259844,0.5196850393700787
2024-08-29T14:01:55.435319,interface,0.4094488188976378,0.6771653543307087,0.8661417322834646,0.6535433070866141,0.0,0.9606299212598425,0.14960629921259844,0.5196850393700787
2024-08-29T14:01:55.445267,interface,0.41732283464566927,0.6771653543307087,0.8661417322834646,0.6535433070866141,0.0,0.9606299212598425,0.14960629921259844,0.5196850393700787
2024-08-29T14:01:55.455178,interface,0.4330708661417323,0.6771653543307087,0.8661417322834646,0.6535433070866141,0.0,0.9606299212598425,0.14960629921259844,0.5196850393700787
2024-08-29T14:01:55.456311,interface,0.44881889763779526,0.6771653543307087,0.8661417322834646,0.6535433070866141,0.0,0.9606299212598425,0.14960629921259844,0.5196850393700787
2024-08-29T14:01:55.466601,interface,0.4645669291338583,0.6771653543307087,0.8661417322834646,0.6535433070866141,0.0,0.9606299212598425,0.14960629921259844,0.5196850393700787
2024-08-29T14:01:55.470016,interface,0.4881889763779528,0.6771653543307087,0.8661417322834646,0.6535433070866141,0.0,0.9606299212598425,0.14960629921259844,0.5196850393700787
2024-08-29T14:01:55.485654,interface,0.5039370078740157,0.6771653543307087,0.8661417322834646,0.6535433070866141,0.0,0.9606299212598425,0.14960629921259844,0.5196850393700787
2024-08-29T14:01:55.494539,interface,0.5275590551181102,0.6771653543307087,0.8661417322834646,0.6535433070866141,0.0,0.9606299212598425,0.14960629921259844,0.5196850393700787
2024-08-29T14:01:55.495672,interface,0.5511811023622047,0.6771653543307087,0.8661417322834646,0.6535433070866141,0.0,0.9606299212598425,0.14960629921259844,0.5196850393700787
2024-08-29T14:01:55.506267,interface,0.5748031496062992,0.6771653543307087,0.8661417322834646,0.6535433070866141,0.0,0.9606299212598425,0.14960629921259844,0.5196850393700787
2024-08-29T14:01:55.515230,interface,0.6062992125984252,0.6771653543307087,0.8661417322834646,0.6535433070866141,0.0,0.9606299212598425,0.14960629921259844,0.5196850393700787
2024-08-29T14:01:55.525598,interface,0.6377952755905512,0.6771653543307087,0.8661417322834646,0.6535433070866141,0.0,0.9606299212598425,0.14960629921259844,0.5196850393700787
2024-08-29T14:01:55.535647,interface,0.6692913385826772,0.6771653543307087,0.8661417322834646,0.6535433070866141,0.0,0.9606299212598425,0.14960629921259844,0.5196850393700787
2024-08-29T14:01:55.536926,interface,0.7086614173228346,0.6771653543307087,0.8661417322834646,0.6535433070866141,0.0,0.9606299212598425,0.14960629921259844,0.5196850393700787
2024-08-29T14:01:55.542191,interface,0.7401574803149606,0.6771653543307087,0.8661417322834646,0.6535433070866141,0.0,0.9606299212598425,0.14960629921259844,0.5196850393700787
2024-08-29T14:01:55.554413,interface,0.7716535433070866,0.6771653543307087,0.8661417322834646,0.6535433070866141,0.0,0.9606299212598425,0.14960629921259844,0.5196850393700787
2024-08-29T14:01:55.568093,interface,0.7952755905511811,0.6771653543307087,0.8661417322834646,0.6535433070866141,0.0,0.9606299212598425,0.14960629921259844,0.5196850393700787
2024-08-29T14:01:55.576693,interface,0.8188976377952756,0.6771653543307087,0.8661417322834646,0.6535433070866141,0.0,0.9606299212598425,0.14960629921259844,0.5196850393700787
2024-08-29T14:01:55.577869,interface,0.84251968503937,0.6771653543307087,0.8661417322834646,0.6535433070866141,0.0,0.9606299212598425,0.14960629921259844,0.5196850393700787
2024-08-29T14:01:55.583189,interface,0.8503937007874016,0.6771653543307087,0.8661417322834646,0.6535433070866141,0.0,0.9606299212598425,0.14960629921259844,0.5196850393700787
2024-08-29T14:01:55.594752,interface,0.8582677165354331,0.6771653543307087,0.8661417322834646,0.6535433070866141,0.0,0.9606299212598425,0.14960629921259844,0.5196850393700787
2024-08-29T14:01:56.276584,interface,0.8582677165354331,0.6771653543307087,0.8661417322834646,0.6456692913385826,0.0,0.9606299212598425,0.14960629921259844,0.5196850393700787
2024-08-29T14:01:56.288003,interface,0.8582677165354331,0.6771653543307087,0.8661417322834646,0.6377952755905512,0.0,0.9606299212598425,0.14960629921259844,0.5196850393700787
2024-08-29T14:01:56.291443,interface,0.8582677165354331,0.6771653543307087,0.8661417322834646,0.6220472440944882,0.0,0.9606299212598425,0.14960629921259844,0.5196850393700787
2024-08-29T14:01:56.305550,interface,0.8582677165354331,0.6771653543307087,0.8661417322834646,0.6141732283464567,0.0,0.9606299212598425,0.14960629921259844,0.5196850393700787
2024-08-29T14:01:56.306700,interface,0.8582677165354331,0.6771653543307087,0.8661417322834646,0.5984251968503937,0.0,0.9606299212598425,0.14960629921259844,0.5196850393700787
2024-08-29T14:01:56.312162,interface,0.8582677165354331,0.6771653543307087,0.8661417322834646,0.5748031496062992,0.0,0.9606299212598425,0.14960629921259844,0.5196850393700787
2024-08-29T14:01:56.326048,interface,0.8582677165354331,0.6771653543307087,0.8661417322834646,0.5590551181102362,0.0,0.9606299212598425,0.14960629921259844,0.5196850393700787
2024-08-29T14:01:56.334839,interface,0.8582677165354331,0.6771653543307087,0.8661417322834646,0.5433070866141733,0.0,0.9606299212598425,0.14960629921259844,0.5196850393700787
2024-08-29T14:01:56.345488,interface,0.8582677165354331,0.6771653543307087,0.8661417322834646,0.5196850393700787,0.0,0.9606299212598425,0.14960629921259844,0.5196850393700787
2024-08-29T14:01:56.346626,interface,0.8582677165354331,0.6771653543307087,0.8661417322834646,0.5039370078740157,0.0,0.9606299212598425,0.14960629921259844,0.5196850393700787
2024-08-29T14:01:56.351830,interface,0.8582677165354331,0.6771653543307087,0.8661417322834646,0.48031496062992124,0.0,0.9606299212598425,0.14960629921259844,0.5196850393700787
2024-08-29T14:01:56.368091,interface,0.8582677165354331,0.6771653543307087,0.8661417322834646,0.4566929133858268,0.0,0.9606299212598425,0.14960629921259844,0.5196850393700787
2024-08-29T14:01:56.371480,interface,0.8582677165354331,0.6771653543307087,0.8661417322834646,0.4409448818897638,0.0,0.9606299212598425,0.14960629921259844,0.5196850393700787
2024-08-29T14:01:56.385281,interface,0.8582677165354331,0.6771653543307087,0.8661417322834646,0.41732283464566927,0.0,0.9606299212598425,0.14960629921259844,0.5196850393700787
2024-08-29T14:01:56.386542,interface,0.8582677165354331,0.6771653543307087,0.8661417322834646,0.3937007874015748,0.0,0.9606299212598425,0.14960629921259844,0.5196850393700787
2024-08-29T14:01:56.396812,interface,0.8582677165354331,0.6771653543307087,0.8661417322834646,0.3700787401574803,0.0,0.9606299212598425,0.14960629921259844,0.5196850393700787
2024-08-29T14:01:56.406176,interface,0.8582677165354331,0.6771653543307087,0.8661417322834646,0.3543307086614173,0.0,0.9606299212598425,0.14960629921259844,0.5196850393700787
2024-08-29T14:01:56.415693,interface,0.8582677165354331,0.6771653543307087,0.8661417322834646,0.3464566929133858,0.0,0.9606299212598425,0.14960629921259844,0.5196850393700787
2024-08-29T14:01:56.425502,interface,0.8582677165354331,0.6771653543307087,0.8661417322834646,0.33858267716535434,0.0,0.9606299212598425,0.14960629921259844,0.5196850393700787
2024-08-29T14:01:56.426634,interface,0.8582677165354331,0.6771653543307087,0.8661417322834646,0.33858267716535434,0.0,0.9606299212598425,0.14960629921259844,0.5196850393700787
2024-08-29T14:01:56.431935,interface,0.8582677165354331,0.6771653543307087,0.8661417322834646,0.33070866141732286,0.0,0.9606299212598425,0.14960629921259844,0.5196850393700787
2024-08-29T14:01:56.452440,interface,0.8582677165354331,0.6771653543307087,0.8661417322834646,0.33070866141732286,0.0,0.9606299212598425,0.14960629921259844,0.5196850393700787
2024-08-29T14:01:56.676738,interface,0.8582677165354331,0.6771653543307087,0.8661417322834646,0.33070866141732286,0.0,0.9606299212598425,0.14960629921259844,0.5196850393700787
2024-08-29T14:01:56.677915,interface,0.8582677165354331,0.6771653543307087,0.8661417322834646,0.33858267716535434,0.0,0.9606299212598425,0.14960629921259844,0.5196850393700787
2024-08-29T14:01:56.681433,interface,0.8582677165354331,0.6771653543307087,0.8661417322834646,0.33858267716535434,0.0,0.9606299212598425,0.14960629921259844,0.5196850393700787
2024-08-29T14:01:56.695541,interface,0.8582677165354331,0.6771653543307087,0.8661417322834646,0.3464566929133858,0.0,0.9606299212598425,0.14960629921259844,0.5196850393700787
2024-08-29T14:01:56.704745,interface,0.8582677165354331,0.6771653543307087,0.8661417322834646,0.3543307086614173,0.0,0.9606299212598425,0.14960629921259844,0.5196850393700787
2024-08-29T14:01:56.705894,interface,0.8582677165354331,0.6771653543307087,0.8661417322834646,0.3700787401574803,0.0,0.9606299212598425,0.14960629921259844,0.5196850393700787
2024-08-29T14:01:56.716466,interface,0.8582677165354331,0.6771653543307087,0.8661417322834646,0.3779527559055118,0.0,0.9606299212598425,0.14960629921259844,0.5196850393700787
2024-08-29T14:01:56.725254,interface,0.8582677165354331,0.6771653543307087,0.8661417322834646,0.3937007874015748,0.0,0.9606299212598425,0.14960629921259844,0.5196850393700787
2024-08-29T14:01:56.736360,interface,0.8582677165354331,0.6771653543307087,0.8661417322834646,0.4015748031496063,0.0,0.9606299212598425,0.14960629921259844,0.5196850393700787
2024-08-29T14:01:56.744994,interface,0.8582677165354331,0.6771653543307087,0.8661417322834646,0.41732283464566927,0.0,0.9606299212598425,0.14960629921259844,0.5196850393700787
2024-08-29T14:01:56.746128,interface,0.8582677165354331,0.6771653543307087,0.8661417322834646,0.4330708661417323,0.0,0.9606299212598425,0.14960629921259844,0.5196850393700787
2024-08-29T14:01:56.756463,interface,0.8582677165354331,0.6771653543307087,0.8661417322834646,0.44881889763779526,0.0,0.9606299212598425,0.14960629921259844,0.5196850393700787
2024-08-29T14:01:56.765498,interface,0.8582677165354331,0.6771653543307087,0.8661417322834646,0.4566929133858268,0.0,0.9606299212598425,0.14960629921259844,0.5196850393700787
2024-08-29T14:01:56.774807,interface,0.8582677165354331,0.6771653543307087,0.8661417322834646,0.47244094488188976,0.0,0.9606299212598425,0.14960629921259844,0.5196850393700787
2024-08-29T14:01:56.785604,interface,0.8582677165354331,0.6771653543307087,0.8661417322834646,0.4881889763779528,0.0,0.9606299212598425,0.14960629921259844,0.5196850393700787
2024-08-29T14:01:56.786859,interface,0.8582677165354331,0.6771653543307087,0.8661417322834646,0.49606299212598426,0.0,0.9606299212598425,0.14960629921259844,0.5196850393700787
2024-08-29T14:01:56.792062,interface,0.8582677165354331,0.6771653543307087,0.8661417322834646,0.5039370078740157,0.0,0.9606299212598425,0.14960629921259844,0.5196850393700787
2024-08-29T14:01:56.805105,interface,0.8582677165354331,0.6771653543307087,0.8661417322834646,0.5196850393700787,0.0,0.9606299212598425,0.14960629921259844,0.5196850393700787
2024-08-29T14:01:56.816021,interface,0.8582677165354331,0.6771653543307087,0.8661417322834646,0.5275590551181102,0.0,0.9606299212598425,0.14960629921259844,0.5196850393700787
2024-08-29T14:01:56.825413,interface,0.8582677165354331,0.6771653543307087,0.8661417322834646,0.5354330708661418,0.0,0.9606299212598425,0.14960629921259844,0.5196850393700787
2024-08-29T14:01:56.826545,interface,0.8582677165354331,0.6771653543307087,0.8661417322834646,0.5354330708661418,0.0,0.9606299212598425,0.14960629921259844,0.5196850393700787
2024-08-29T14:01:56.844325,interface,0.8582677165354331,0.6771653543307087,0.8661417322834646,0.5433070866141733,0.0,0.9606299212598425,0.14960629921259844,0.5196850393700787
2024-08-29T14:01:56.860609,interface,0.8582677165354331,0.6771653543307087,0.8661417322834646,0.5511811023622047,0.0,0.9606299212598425,0.14960629921259844,0.5196850393700787
2024-08-29T14:01:57.332519,interface,0.8582677165354331,0.6614173228346457,0.8661417322834646,0.5511811023622047,0.0,0.9606299212598425,0.14960629921259844,0.5196850393700787
2024-08-29T14:01:57.346495,interface,0.8582677165354331,0.6614173228346457,0.8661417322834646,0.5511811023622047,0.0,0.9606299212598425,0.14960629921259844,0.5196850393700787
2024-08-29T14:01:57.347633,interface,0.8582677165354331,0.6535433070866141,0.8661417322834646,0.5511811023622047,0.0,0.9606299212598425,0.14960629921259844,0.5196850393700787
2024-08-29T14:01:57.352773,interface,0.8582677165354331,0.6535433070866141,0.8661417322834646,0.5511811023622047,0.0,0.9606299212598425,0.14960629921259844,0.5196850393700787
2024-08-29T14:01:57.368077,interface,0.8582677165354331,0.6456692913385826,0.8661417322834646,0.5511811023622047,0.0,0.9606299212598425,0.14960629921259844,0.5196850393700787
2024-08-29T14:01:57.371347,interface,0.8582677165354331,0.6299212598425197,0.8661417322834646,0.5511811023622047,0.0,0.9606299212598425,0.14960629921259844,0.5196850393700787
2024-08-29T14:01:57.384649,interface,0.8582677165354331,0.6220472440944882,0.8661417322834646,0.5511811023622047,0.0,0.9606299212598425,0.14960629921259844,0.5196850393700787
2024-08-29T14:01:57.385953,interface,0.8582677165354331,0.6062992125984252,0.8661417322834646,0.5511811023622047,0.0,0.9606299212598425,0.14960629921259844,0.5196850393700787
2024-08-29T14:01:57.396455,interface,0.8582677165354331,0.5905511811023622,0.8661417322834646,0.5511811023622047,0.0,0.9606299212598425,0.14960629921259844,0.5196850393700787
2024-08-29T14:01:57.405370,interface,0.8582677165354331,0.5669291338582677,0.8661417322834646,0.5511811023622047,0.0,0.9606299212598425,0.14960629921259844,0.5196850393700787
2024-08-29T14:01:57.415998,interface,0.8582677165354331,0.5433070866141733,0.8661417322834646,0.5511811023622047,0.0,0.9606299212598425,0.14960629921259844,0.5196850393700787
2024-08-29T14:01:57.425493,interface,0.8582677165354331,0.5275590551181102,0.8661417322834646,0.5511811023622047,0.0,0.9606299212598425,0.14960629921259844,0.5196850393700787
2024-08-29T14:01:57.426634,interface,0.8582677165354331,0.5039370078740157,0.8661417322834646,0.5511811023622047,0.0,0.9606299212598425,0.14960629921259844,0.5196850393700787
2024-08-29T14:01:57.431990,interface,0.8582677165354331,0.48031496062992124,0.8661417322834646,0.5511811023622047,0.0,0.9606299212598425,0.14960629921259844,0.5196850393700787
2024-08-29T14:01:57.445082,interface,0.8582677165354331,0.4566929133858268,0.8661417322834646,0.5511811023622047,0.0,0.9606299212598425,0.14960629921259844,0.5196850393700787
2024-08-29T14:01:57.455883,interface,0.8582677165354331,0.4251968503937008,0.8661417322834646,0.5511811023622047,0.0,0.9606299212598425,0.14960629921259844,0.5196850393700787
2024-08-29T14:01:57.466393,interface,0.8582677165354331,0.4015748031496063,0.8661417322834646,0.5511811023622047,0.0,0.9606299212598425,0.14960629921259844,0.5196850393700787
2024-08-29T14:01:57.467533,interface,0.8582677165354331,0.3779527559055118,0.8661417322834646,0.5511811023622047,0.0,0.9606299212598425,0.14960629921259844,0.5196850393700787
2024-08-29T14:01:57.472626,interface,0.8582677165354331,0.3543307086614173,0.8661417322834646,0.5511811023622047,0.0,0.9606299212598425,0.14960629921259844,0.5196850393700787
2024-08-29T14:01:57.485163,interface,0.8582677165354331,0.33070866141732286,0.8661417322834646,0.5511811023622047,0.0,0.9606299212598425,0.14960629921259844,0.5196850393700787
2024-08-29T14:01:57.495321,interface,0.8582677165354331,0.31496062992125984,0.8661417322834646,0.5511811023622047,0.0,0.9606299212598425,0.14960629921259844,0.5196850393700787
2024-08-29T14:01:57.504846,interface,0.8582677165354331,0.29133858267716534,0.8661417322834646,0.5511811023622047,0.0,0.9606299212598425,0.14960629921259844,0.5196850393700787
2024-08-29T14:01:57.506023,interface,0.8582677165354331,0.2677165354330709,0.8661417322834646,0.5511811023622047,0.0,0.9606299212598425,0.14960629921259844,0.5196850393700787
2024-08-29T14:01:57.516439,interface,0.8582677165354331,0.25196850393700787,0.8661417322834646,0.5511811023622047,0.0,0.9606299212598425,0.14960629921259844,0.5196850393700787
2024-08-29T14:01:57.524854,interface,0.8582677165354331,0.23622047244094488,0.8661417322834646,0.5511811023622047,0.0,0.9606299212598425,0.14960629921259844,0.5196850393700787
2024-08-29T14:01:57.535318,interface,0.8582677165354331,0.23622047244094488,0.8661417322834646,0.5433070866141733,0.0,0.9606299212598425,0.14960629921259844,0.5196850393700787
2024-08-29T14:01:57.536533,interface,0.8582677165354331,0.2204724409448819,0.8661417322834646,0.5433070866141733,0.0,0.9606299212598425,0.14960629921259844,0.5196850393700787
2024-08-29T14:01:57.541708,interface,0.8582677165354331,0.2047244094488189,0.8661417322834646,0.5433070866141733,0.0,0.9606299212598425,0.14960629921259844,0.5196850393700787
2024-08-29T14:01:57.544923,interface,0.8582677165354331,0.1889763779527559,0.8661417322834646,0.5433070866141733,0.0,0.9606299212598425,0.14960629921259844,0.5196850393700787
2024-08-29T14:01:57.556434,interface,0.8582677165354331,0.1732283464566929,0.8661417322834646,0.5433070866141733,0.0,0.9606299212598425,0.14960629921259844,0.5196850393700787
2024-08-29T14:01:57.565187,interface,0.8582677165354331,0.16535433070866143,0.8661417322834646,0.5433070866141733,0.0,0.9606299212598425,0.14960629921259844,0.5196850393700787
2024-08-29T14:01:57.575198,interface,0.8582677165354331,0.14960629921259844,0.8661417322834646,0.5433070866141733,0.0,0.9606299212598425,0.14960629921259844,0.5196850393700787
2024-08-29T14:01:57.585787,interface,0.8582677165354331,0.14173228346456693,0.8661417322834646,0.5433070866141733,0.0,0.9606299212598425,0.14960629921259844,0.5196850393700787
2024-08-29T14:01:57.587066,interface,0.8582677165354331,0.12598425196850394,0.8661417322834646,0.5433070866141733,0.0,0.9606299212598425,0.14960629921259844,0.5196850393700787
2024-08-29T14:01:57.592372,interface,0.8582677165354331,0.11811023622047244,0.8661417322834646,0.5433070866141733,0.0,0.9606299212598425,0.14960629921259844,0.5196850393700787
2024-08-29T14:01:57.605227,interface,0.8582677165354331,0.11023622047244094,0.8661417322834646,0.5433070866141733,0.0,0.9606299212598425,0.14960629921259844,0.5196850393700787
2024-08-29T14:01:57.615273,interface,0.8582677165354331,0.10236220472440945,0.8661417322834646,0.5433070866141733,0.0,0.9606299212598425,0.14960629921259844,0.5196850393700787
2024-08-29T14:01:57.624556,interface,0.8582677165354331,0.09448818897637795,0.8661417322834646,0.5433070866141733,0.0,0.9606299212598425,0.14960629921259844,0.5196850393700787
2024-08-29T14:01:57.625729,interface,0.8582677165354331,0.08661417322834646,0.8661417322834646,0.5433070866141733,0.0,0.9606299212598425,0.14960629921259844,0.5196850393700787
2024-08-29T14:01:57.636588,interface,0.8582677165354331,0.07874015748031496,0.8661417322834646,0.5433070866141733,0.0,0.9606299212598425,0.14960629921259844,0.5196850393700787
2024-08-29T14:01:57.645271,interface,0.8582677165354331,0.07086614173228346,0.8661417322834646,0.5433070866141733,0.0,0.9606299212598425,0.14960629921259844,0.5196850393700787
2024-08-29T14:01:57.656130,interface,0.8582677165354331,0.07086614173228346,0.8661417322834646,0.5433070866141733,0.0,0.9606299212598425,0.14960629921259844,0.5196850393700787
2024-08-29T14:01:57.665284,interface,0.8582677165354331,0.06299212598425197,0.8661417322834646,0.5433070866141733,0.0,0.9606299212598425,0.14960629921259844,0.5196850393700787
2024-08-29T14:01:57.666421,interface,0.8582677165354331,0.05511811023622047,0.8661417322834646,0.5433070866141733,0.0,0.9606299212598425,0.14960629921259844,0.5196850393700787
2024-08-29T14:01:57.676708,interface,0.8582677165354331,0.047244094488188976,0.8661417322834646,0.5433070866141733,0.0,0.9606299212598425,0.14960629921259844,0.5196850393700787
2024-08-29T14:01:57.685347,interface,0.8582677165354331,0.03937007874015748,0.8661417322834646,0.5433070866141733,0.0,0.9606299212598425,0.14960629921259844,0.5196850393700787
2024-08-29T14:01:57.694746,interface,0.8582677165354331,0.031496062992125984,0.8661417322834646,0.5433070866141733,0.0,0.9606299212598425,0.14960629921259844,0.5196850393700787
2024-08-29T14:01:57.705507,interface,0.8582677165354331,0.031496062992125984,0.8661417322834646,0.5433070866141733,0.0,0.9606299212598425,0.14960629921259844,0.5196850393700787
2024-08-29T14:01:57.706648,interface,0.8582677165354331,0.023622047244094488,0.8661417322834646,0.5433070866141733,0.0,0.9606299212598425,0.14960629921259844,0.5196850393700787
2024-08-29T14:01:57.712094,interface,0.8582677165354331,0.015748031496062992,0.8661417322834646,0.5433070866141733,0.0,0.9606299212598425,0.14960629921259844,0.5196850393700787
2024-08-29T14:01:57.725453,interface,0.8582677165354331,0.007874015748031496,0.8661417322834646,0.5433070866141733,0.0,0.9606299212598425,0.14960629921259844,0.5196850393700787
2024-08-29T14:01:57.743128,interface,0.8582677165354331,0.007874015748031496,0.8661417322834646,0.5433070866141733,0.0,0.9606299212598425,0.14960629921259844,0.5196850393700787
2024-08-29T14:01:57.756431,interface,0.8582677165354331,0.0,0.8661417322834646,0.5433070866141733,0.0,0.9606299212598425,0.14960629921259844,0.5196850393700787
2024-08-29T14:01:57.780477,interface,0.8582677165354331,0.0,0.8661417322834646,0.5433070866141733,0.0,0.9606299212598425,0.14960629921259844,0.5196850393700787
2024-08-29T14:01:57.918033,interface,0.8582677165354331,0.0,0.8661417322834646,0.5433070866141733,0.0,0.9606299212598425,0.14960629921259844,0.5196850393700787
2024-08-29T14:01:57.932553,interface,0.8582677165354331,0.007874015748031496,0.8661417322834646,0.5433070866141733,0.0,0.9606299212598425,0.14960629921259844,0.5196850393700787
2024-08-29T14:01:57.944908,interface,0.8582677165354331,0.015748031496062992,0.8661417322834646,0.5433070866141733,0.0,0.9606299212598425,0.14960629921259844,0.5196850393700787
2024-08-29T14:01:57.946066,interface,0.8582677165354331,0.023622047244094488,0.8661417322834646,0.5433070866141733,0.0,0.9606299212598425,0.14960629921259844,0.5196850393700787
2024-08-29T14:01:57.956453,interface,0.8582677165354331,0.03937007874015748,0.8661417322834646,0.5433070866141733,0.0,0.9606299212598425,0.14960629921259844,0.5196850393700787
2024-08-29T14:01:57.965705,interface,0.8582677165354331,0.05511811023622047,0.8661417322834646,0.5433070866141733,0.0,0.9606299212598425,0.14960629921259844,0.5196850393700787
2024-08-29T14:01:57.975133,interface,0.8582677165354331,0.06299212598425197,0.8661417322834646,0.5433070866141733,0.0,0.9606299212598425,0.14960629921259844,0.5196850393700787
2024-08-29T14:01:57.984827,interface,0.8582677165354331,0.08661417322834646,0.8661417322834646,0.5433070866141733,0.0,0.9606299212598425,0.14960629921259844,0.5196850393700787
2024-08-29T14:01:57.986112,interface,0.8582677165354331,0.10236220472440945,0.8661417322834646,0.5433070866141733,0.0,0.9606299212598425,0.14960629921259844,0.5196850393700787
2024-08-29T14:01:57.997312,interface,0.8582677165354331,0.11811023622047244,0.8661417322834646,0.5433070866141733,0.0,0.9606299212598425,0.14960629921259844,0.5196850393700787
2024-08-29T14:01:58.000657,interface,0.8582677165354331,0.13385826771653545,0.8661417322834646,0.5433070866141733,0.0,0.9606299212598425,0.14960629921259844,0.5196850393700787
2024-08-29T14:01:58.018041,interface,0.8582677165354331,0.14960629921259844,0.8661417322834646,0.5433070866141733,0.0,0.9606299212598425,0.14960629921259844,0.5196850393700787
2024-08-29T14:01:58.021295,interface,0.8582677165354331,0.16535433070866143,0.8661417322834646,0.5433070866141733,0.0,0.9606299212598425,0.14960629921259844,0.5196850393700787
2024-08-29T14:01:58.024502,interface,0.8582677165354331,0.18110236220472442,0.8661417322834646,0.5433070866141733,0.0,0.9606299212598425,0.14960629921259844,0.5196850393700787
2024-08-29T14:01:58.036582,interface,0.8582677165354331,0.1889763779527559,0.8661417322834646,0.5433070866141733,0.0,0.9606299212598425,0.14960629921259844,0.5196850393700787
2024-08-29T14:01:58.045237,interface,0.8582677165354331,0.2047244094488189,0.8661417322834646,0.5433070866141733,0.0,0.9606299212598425,0.14960629921259844,0.5196850393700787
2024-08-29T14:01:58.055339,interface,0.8582677165354331,0.2204724409448819,0.8661417322834646,0.5433070866141733,0.0,0.9606299212598425,0.14960629921259844,0.5196850393700787
2024-08-29T14:01:58.065344,interface,0.8582677165354331,0.2283464566929134,0.8661417322834646,0.5433070866141733,0.0,0.9606299212598425,0.14960629921259844,0.5196850393700787
2024-08-29T14:01:58.066488,interface,0.8582677165354331,0.2440944881889764,0.8661417322834646,0.5433070866141733,0.0,0.9606299212598425,0.14960629921259844,0.5196850393700787
2024-08-29T14:01:58.076787,interface,0.8582677165354331,0.25984251968503935,0.8661417322834646,0.5433070866141733,0.0,0.9606299212598425,0.14960629921259844,0.5196850393700787
2024-08-29T14:01:58.085392,interface,0.8582677165354331,0.2677165354330709,0.8661417322834646,0.5433070866141733,0.0,0.9606299212598425,0.14960629921259844,0.5196850393700787
2024-08-29T14:01:58.094797,interface,0.8582677165354331,0.28346456692913385,0.8661417322834646,0.5433070866141733,0.0,0.9606299212598425,0.14960629921259844,0.5196850393700787
2024-08-29T14:01:58.106428,interface,0.8582677165354331,0.29133858267716534,0.8661417322834646,0.5433070866141733,0.0,0.9606299212598425,0.14960629921259844,0.5196850393700787
2024-08-29T14:01:58.107711,interface,0.8582677165354331,0.30708661417322836,0.8661417322834646,0.5433070866141733,0.0,0.9606299212598425,0.14960629921259844,0.5196850393700787
2024-08-29T14:01:58.112919,interface,0.8582677165354331,0.31496062992125984,0.8661417322834646,0.5433070866141733,0.0,0.9606299212598425,0.14960629921259844,0.5196850393700787
2024-08-29T14:01:58.126302,interface,0.8582677165354331,0.33070866141732286,0.8661417322834646,0.5433070866141733,0.0,0.9606299212598425,0.14960629921259844,0.5196850393700787
2024-08-29T14:01:58.134783,interface,0.8582677165354331,0.33858267716535434,0.8661417322834646,0.5433070866141733,0.0,0.9606299212598425,0.14960629921259844,0.5196850393700787
2024-08-29T14:01:58.144924,interface,0.8582677165354331,0.3464566929133858,0.8661417322834646,0.5433070866141733,0.0,0.9606299212598425,0.14960629921259844,0.5196850393700787
2024-08-29T14:01:58.146072,interface,0.8582677165354331,0.3464566929133858,0.8661417322834646,0.5433070866141733,0.0,0.9606299212598425,0.14960629921259844,0.5196850393700787
2024-08-29T14:01:58.172337,interface,0.8582677165354331,0.3543307086614173,0.8661417322834646,0.5433070866141733,0.0,0.9606299212598425,0.14960629921259844,0.5196850393700787
2024-08-29T14:01:58.722731,interface,0.8582677165354331,0.3543307086614173,0.8661417322834646,0.5433070866141733,0.0,0.9606299212598425,0.14960629921259844,0.5196850393700787
2024-08-29T14:01:58.723953,interface,0.8582677165354331,0.3464566929133858,0.8661417322834646,0.5433070866141733,0.0,0.9606299212598425,0.14960629921259844,0.5196850393700787
2024-08-29T14:01:58.735505,interface,0.8582677165354331,0.3464566929133858,0.8661417322834646,0.5433070866141733,0.0,0.9606299212598425,0.14960629921259844,0.5196850393700787
2024-08-29T14:01:58.744824,interface,0.8582677165354331,0.33858267716535434,0.8661417322834646,0.5433070866141733,0.0,0.9606299212598425,0.14960629921259844,0.5196850393700787
2024-08-29T14:01:58.746098,interface,0.8582677165354331,0.33858267716535434,0.8661417322834646,0.5354330708661418,0.0,0.9606299212598425,0.14960629921259844,0.5196850393700787
2024-08-29T14:01:58.747115,interface,0.8582677165354331,0.33070866141732286,0.8661417322834646,0.5354330708661418,0.0,0.9606299212598425,0.14960629921259844,0.5196850393700787
2024-08-29T14:01:58.752415,interface,0.8582677165354331,0.33070866141732286,0.8661417322834646,0.5354330708661418,0.0,0.9606299212598425,0.14960629921259844,0.5196850393700787
2024-08-29T14:01:58.768045,interface,0.8582677165354331,0.31496062992125984,0.8661417322834646,0.5354330708661418,0.0,0.9606299212598425,0.14960629921259844,0.5196850393700787
2024-08-29T14:01:58.771316,interface,0.8582677165354331,0.30708661417322836,0.8661417322834646,0.5354330708661418,0.0,0.9606299212598425,0.14960629921259844,0.5196850393700787
2024-08-29T14:01:58.774726,interface,0.8582677165354331,0.30708661417322836,0.8661417322834646,0.5275590551181102,0.0,0.9606299212598425,0.14960629921259844,0.5196850393700787
2024-08-29T14:01:58.787485,interface,0.8582677165354331,0.29133858267716534,0.8661417322834646,0.5275590551181102,0.0,0.9606299212598425,0.14960629921259844,0.5196850393700787
2024-08-29T14:01:58.788740,interface,0.8582677165354331,0.2755905511811024,0.8661417322834646,0.5275590551181102,0.0,0.9606299212598425,0.14960629921259844,0.5196850393700787
2024-08-29T14:01:58.794027,interface,0.8582677165354331,0.25984251968503935,0.8661417322834646,0.5275590551181102,0.0,0.9606299212598425,0.14960629921259844,0.5196850393700787
2024-08-29T14:01:58.805563,interface,0.8582677165354331,0.2440944881889764,0.8661417322834646,0.5275590551181102,0.0,0.9606299212598425,0.14960629921259844,0.5196850393700787
2024-08-29T14:01:58.815018,interface,0.8582677165354331,0.2283464566929134,0.8661417322834646,0.5275590551181102,0.0,0.9606299212598425,0.14960629921259844,0.5196850393700787
2024-08-29T14:01:58.824923,interface,0.8582677165354331,0.2047244094488189,0.8661417322834646,0.5275590551181102,0.0,0.9606299212598425,0.14960629921259844,0.5196850393700787
2024-08-29T14:01:58.826059,interface,0.8582677165354331,0.1889763779527559,0.8661417322834646,0.5275590551181102,0.0,0.9606299212598425,0.14960629921259844,0.5196850393700787
2024-08-29T14:01:58.836717,interface,0.8582677165354331,0.16535433070866143,0.8661417322834646,0.5275590551181102,0.0,0.9606299212598425,0.14960629921259844,0.5196850393700787
2024-08-29T14:01:58.845222,interface,0.8582677165354331,0.14173228346456693,0.8661417322834646,0.5275590551181102,0.0,0.9606299212598425,0.14960629921259844,0.5196850393700787
2024-08-29T14:01:58.855698,interface,0.8582677165354331,0.11811023622047244,0.8661417322834646,0.5275590551181102,0.0,0.9606299212598425,0.14960629921259844,0.5196850393700787
2024-08-29T14:01:58.864803,interface,0.8582677165354331,0.10236220472440945,0.8661417322834646,0.5275590551181102,0.0,0.9606299212598425,0.14960629921259844,0.5196850393700787
2024-08-29T14:01:58.865973,interface,0.8582677165354331,0.08661417322834646,0.8661417322834646,0.5275590551181102,0.0,0.9606299212598425,0.14960629921259844,0.5196850393700787
2024-08-29T14:01:58.876628,interface,0.8582677165354331,0.07874015748031496,0.8661417322834646,0.5275590551181102,0.0,0.9606299212598425,0.14960629921259844,0.5196850393700787
2024-08-29T14:01:58.885392,interface,0.8582677165354331,0.07086614173228346,0.8661417322834646,0.5275590551181102,0.0,0.9606299212598425,0.14960629921259844,0.5196850393700787
2024-08-29T14:01:58.895553,interface,0.8582677165354331,0.06299212598425197,0.8661417322834646,0.5275590551181102,0.0,0.9606299212598425,0.14960629921259844,0.5196850393700787
2024-08-29T14:01:58.908766,interface,0.8582677165354331,0.06299212598425197,0.8661417322834646,0.5275590551181102,0.0,0.9606299212598425,0.14960629921259844,0.5196850393700787
2024-08-29T14:01:59.935116,interface,0.8582677165354331,0.06299212598425197,0.8661417322834646,0.5275590551181102,0.0,0.9606299212598425,0.14960629921259844,0.5196850393700787
2024-08-29T14:01:59.948455,interface,0.8582677165354331,0.06299212598425197,0.8661417322834646,0.5275590551181102,0.007874015748031496,0.9606299212598425,0.14960629921259844,0.5196850393700787
2024-08-29T14:01:59.951685,interface,0.8582677165354331,0.06299212598425197,0.8661417322834646,0.5275590551181102,0.015748031496062992,0.9606299212598425,0.14960629921259844,0.5196850393700787
2024-08-29T14:01:59.955045,interface,0.8582677165354331,0.06299212598425197,0.8661417322834646,0.5275590551181102,0.023622047244094488,0.9606299212598425,0.14960629921259844,0.5196850393700787
2024-08-29T14:01:59.966973,interface,0.8582677165354331,0.06299212598425197,0.8661417322834646,0.5275590551181102,0.047244094488188976,0.9606299212598425,0.14960629921259844,0.5196850393700787
2024-08-29T14:01:59.975456,interface,0.8582677165354331,0.06299212598425197,0.8661417322834646,0.5275590551181102,0.06299212598425197,0.9606299212598425,0.14960629921259844,0.5196850393700787
2024-08-29T14:01:59.984862,interface,0.8582677165354331,0.06299212598425197,0.8661417322834646,0.5275590551181102,0.07874015748031496,0.9606299212598425,0.14960629921259844,0.5196850393700787
2024-08-29T14:01:59.996682,interface,0.8582677165354331,0.06299212598425197,0.8661417322834646,0.5275590551181102,0.09448818897637795,0.9606299212598425,0.14960629921259844,0.5196850393700787
2024-08-29T14:01:59.997863,interface,0.8582677165354331,0.06299212598425197,0.8661417322834646,0.5275590551181102,0.11023622047244094,0.9606299212598425,0.14960629921259844,0.5196850393700787
2024-08-29T14:02:00.003067,interface,0.8582677165354331,0.06299212598425197,0.8661417322834646,0.5275590551181102,0.12598425196850394,0.9606299212598425,0.14960629921259844,0.5196850393700787
2024-08-29T14:02:00.018030,interface,0.8582677165354331,0.06299212598425197,0.8661417322834646,0.5275590551181102,0.13385826771653545,0.9606299212598425,0.14960629921259844,0.5196850393700787
2024-08-29T14:02:00.021315,interface,0.8582677165354331,0.06299212598425197,0.8661417322834646,0.5275590551181102,0.14173228346456693,0.9606299212598425,0.14960629921259844,0.5196850393700787
2024-08-29T14:02:00.035244,interface,0.8582677165354331,0.06299212598425197,0.8661417322834646,0.5275590551181102,0.14960629921259844,0.9606299212598425,0.14960629921259844,0.5196850393700787
2024-08-29T14:02:00.036499,interface,0.8582677165354331,0.06299212598425197,0.8661417322834646,0.5275590551181102,0.15748031496062992,0.9606299212598425,0.14960629921259844,0.5196850393700787
2024-08-29T14:02:00.047048,interface,0.8582677165354331,0.06299212598425197,0.8661417322834646,0.5275590551181102,0.15748031496062992,0.9606299212598425,0.14960629921259844,0.5196850393700787
2024-08-29T14:02:00.198944,interface,0.8582677165354331,0.06299212598425197,0.8661417322834646,0.5275590551181102,0.14960629921259844,0.9606299212598425,0.14960629921259844,0.5196850393700787
2024-08-29T14:02:00.202436,interface,0.8582677165354331,0.06299212598425197,0.8661417322834646,0.5275590551181102,0.14173228346456693,0.9606299212598425,0.14960629921259844,0.5196850393700787
2024-08-29T14:02:00.218072,interface,0.8582677165354331,0.06299212598425197,0.8661417322834646,0.5275590551181102,0.12598425196850394,0.9606299212598425,0.14960629921259844,0.5196850393700787
2024-08-29T14:02:00.221361,interface,0.8582677165354331,0.06299212598425197,0.8661417322834646,0.5275590551181102,0.10236220472440945,0.9606299212598425,0.14960629921259844,0.5196850393700787
2024-08-29T14:02:00.235299,interface,0.8582677165354331,0.06299212598425197,0.8661417322834646,0.5275590551181102,0.07874015748031496,0.9606299212598425,0.14960629921259844,0.5196850393700787
2024-08-29T14:02:00.236543,interface,0.8582677165354331,0.06299212598425197,0.8661417322834646,0.5275590551181102,0.047244094488188976,0.9606299212598425,0.14960629921259844,0.5196850393700787
2024-08-29T14:02:00.247436,interface,0.8582677165354331,0.06299212598425197,0.8661417322834646,0.5275590551181102,0.015748031496062992,0.9606299212598425,0.14960629921259844,0.5196850393700787
2024-08-29T14:02:00.250834,interface,0.8582677165354331,0.06299212598425197,0.8661417322834646,0.5275590551181102,0.007874015748031496,0.9606299212598425,0.14960629921259844,0.5196850393700787
2024-08-29T14:02:00.268033,interface,0.8582677165354331,0.06299212598425197,0.8661417322834646,0.5275590551181102,0.0,0.9606299212598425,0.14960629921259844,0.5196850393700787
2024-08-29T14:02:01.525228,interface,0.8582677165354331,0.06299212598425197,0.8661417322834646,0.5275590551181102,0.0,0.9606299212598425,0.14960629921259844,0.5196850393700787
2024-08-29T14:02:01.543202,interface,0.8661417322834646,0.06299212598425197,0.8661417322834646,0.5275590551181102,0.0,0.9606299212598425,0.14960629921259844,0.5196850393700787
2024-08-29T14:02:01.544353,interface,0.8661417322834646,0.06299212598425197,0.8661417322834646,0.5275590551181102,0.0,0.9606299212598425,0.14960629921259844,0.5196850393700787
2024-08-29T14:02:01.557409,interface,0.8740157480314961,0.06299212598425197,0.8661417322834646,0.5275590551181102,0.0,0.9606299212598425,0.14960629921259844,0.5196850393700787
2024-08-29T14:02:01.560810,interface,0.8818897637795275,0.06299212598425197,0.8661417322834646,0.5275590551181102,0.0,0.9606299212598425,0.14960629921259844,0.5196850393700787
2024-08-29T14:02:01.575232,interface,0.8818897637795275,0.06299212598425197,0.8661417322834646,0.5275590551181102,0.0,0.9606299212598425,0.14960629921259844,0.5196850393700787
2024-08-29T14:02:01.584800,interface,0.889763779527559,0.06299212598425197,0.8661417322834646,0.5275590551181102,0.0,0.9606299212598425,0.14960629921259844,0.5196850393700787
2024-08-29T14:02:01.586076,interface,0.8976377952755905,0.06299212598425197,0.8661417322834646,0.5275590551181102,0.0,0.9606299212598425,0.14960629921259844,0.5196850393700787
2024-08-29T14:02:01.597269,interface,0.905511811023622,0.06299212598425197,0.8661417322834646,0.5275590551181102,0.0,0.9606299212598425,0.14960629921259844,0.5196850393700787
2024-08-29T14:02:01.600639,interface,0.9133858267716536,0.06299212598425197,0.8661417322834646,0.5275590551181102,0.0,0.9606299212598425,0.14960629921259844,0.5196850393700787
2024-08-29T14:02:01.618039,interface,0.9212598425196851,0.06299212598425197,0.8661417322834646,0.5275590551181102,0.0,0.9606299212598425,0.14960629921259844,0.5196850393700787
2024-08-29T14:02:01.621278,interface,0.9291338582677166,0.06299212598425197,0.8661417322834646,0.5275590551181102,0.0,0.9606299212598425,0.14960629921259844,0.5196850393700787
2024-08-29T14:02:01.624601,interface,0.937007874015748,0.06299212598425197,0.8661417322834646,0.5275590551181102,0.0,0.9606299212598425,0.14960629921259844,0.5196850393700787
2024-08-29T14:02:01.637375,interface,0.937007874015748,0.06299212598425197,0.8661417322834646,0.5275590551181102,0.0,0.9606299212598425,0.14960629921259844,0.5196850393700787
2024-08-29T14:02:01.640736,interface,0.9448818897637795,0.06299212598425197,0.8661417322834646,0.5275590551181102,0.0,0.9606299212598425,0.14960629921259844,0.5196850393700787
2024-08-29T14:02:01.655467,interface,0.952755905511811,0.06299212598425197,0.8661417322834646,0.5275590551181102,0.0,0.9606299212598425,0.14960629921259844,0.5196850393700787
2024-08-29T14:02:01.665601,interface,0.9606299212598425,0.06299212598425197,0.8661417322834646,0.5275590551181102,0.0,0.9606299212598425,0.14960629921259844,0.5196850393700787
2024-08-29T14:02:01.666739,interface,0.9606299212598425,0.06299212598425197,0.8661417322834646,0.5275590551181102,0.0,0.9606299212598425,0.14960629921259844,0.5196850393700787
2024-08-29T14:02:01.677337,interface,0.968503937007874,0.06299212598425197,0.8661417322834646,0.5275590551181102,0.0,0.9606299212598425,0.14960629921259844,0.5196850393700787
2024-08-29T14:02:01.680645,interface,0.968503937007874,0.06299212598425197,0.8661417322834646,0.5275590551181102,0.0,0.9606299212598425,0.14960629921259844,0.5196850393700787
2024-08-29T14:02:01.695145,interface,0.9763779527559056,0.06299212598425197,0.8661417322834646,0.5275590551181102,0.0,0.9606299212598425,0.14960629921259844,0.5196850393700787
2024-08-29T14:02:01.705090,interface,0.9763779527559056,0.06299212598425197,0.8661417322834646,0.5275590551181102,0.0,0.9606299212598425,0.14960629921259844,0.5196850393700787
2024-08-29T14:02:01.717212,interface,0.984251968503937,0.06299212598425197,0.8661417322834646,0.5275590551181102,0.0,0.9606299212598425,0.14960629921259844,0.5196850393700787
2024-08-29T14:02:01.871710,interface,0.9763779527559056,0.06299212598425197,0.8661417322834646,0.5275590551181102,0.0,0.9606299212598425,0.14960629921259844,0.5196850393700787
2024-08-29T14:02:01.887210,interface,0.968503937007874,0.06299212598425197,0.8661417322834646,0.5275590551181102,0.0,0.9606299212598425,0.14960629921259844,0.5196850393700787
2024-08-29T14:02:01.890501,interface,0.968503937007874,0.06299212598425197,0.8661417322834646,0.5275590551181102,0.0,0.9606299212598425,0.14960629921259844,0.5196850393700787
2024-08-29T14:02:01.909482,interface,0.9606299212598425,0.06299212598425197,0.8661417322834646,0.5275590551181102,0.0,0.9606299212598425,0.14960629921259844,0.5196850393700787
2024-08-29T14:02:01.925379,interface,0.952755905511811,0.06299212598425197,0.8661417322834646,0.5275590551181102,0.0,0.9606299212598425,0.14960629921259844,0.5196850393700787
2024-08-29T14:02:01.943038,interface,0.9448818897637795,0.06299212598425197,0.8661417322834646,0.5275590551181102,0.0,0.9606299212598425,0.14960629921259844,0.5196850393700787
2024-08-29T14:02:01.946318,interface,0.9448818897637795,0.06299212598425197,0.8661417322834646,0.5275590551181102,0.0,0.9606299212598425,0.14960629921259844,0.5196850393700787
2024-08-29T14:02:01.957448,interface,0.937007874015748,0.06299212598425197,0.8661417322834646,0.5275590551181102,0.0,0.9606299212598425,0.14960629921259844,0.5196850393700787
2024-08-29T14:02:01.960851,interface,0.9291338582677166,0.06299212598425197,0.8661417322834646,0.5275590551181102,0.0,0.9606299212598425,0.14960629921259844,0.5196850393700787
2024-08-29T14:02:01.974266,interface,0.9212598425196851,0.06299212598425197,0.8661417322834646,0.5275590551181102,0.0,0.9606299212598425,0.14960629921259844,0.5196850393700787
2024-08-29T14:02:01.985241,interface,0.9133858267716536,0.06299212598425197,0.8661417322834646,0.5275590551181102,0.0,0.9606299212598425,0.14960629921259844,0.5196850393700787
2024-08-29T14:02:01.986505,interface,0.905511811023622,0.06299212598425197,0.8661417322834646,0.5275590551181102,0.0,0.9606299212598425,0.14960629921259844,0.5196850393700787
2024-08-29T14:02:01.997382,interface,0.905511811023622,0.06299212598425197,0.8661417322834646,0.5275590551181102,0.0,0.9606299212598425,0.14960629921259844,0.5196850393700787
2024-08-29T14:02:02.000737,interface,0.8976377952755905,0.06299212598425197,0.8661417322834646,0.5275590551181102,0.0,0.9606299212598425,0.14960629921259844,0.5196850393700787
2024-08-29T14:02:02.021213,interface,0.889763779527559,0.06299212598425197,0.8661417322834646,0.5275590551181102,0.0,0.9606299212598425,0.14960629921259844,0.5196850393700787
2024-08-29T14:02:02.605448,interface,0.889763779527559,0.06299212598425197,0.8661417322834646,0.5275590551181102,0.0,0.9606299212598425,0.14960629921259844,0.5196850393700787
2024-08-29T14:02:02.621491,interface,0.8818897637795275,0.06299212598425197,0.8661417322834646,0.5275590551181102,0.0,0.9606299212598425,0.14960629921259844,0.5196850393700787
2024-08-29T14:02:02.635518,interface,0.8740157480314961,0.06299212598425197,0.8661417322834646,0.5275590551181102,0.0,0.9606299212598425,0.14960629921259844,0.5196850393700787
2024-08-29T14:02:02.636705,interface,0.8740157480314961,0.06299212598425197,0.8661417322834646,0.5275590551181102,0.0,0.9606299212598425,0.14960629921259844,0.5196850393700787
2024-08-29T14:02:02.641981,interface,0.8661417322834646,0.06299212598425197,0.8661417322834646,0.5275590551181102,0.0,0.9606299212598425,0.14960629921259844,0.5196850393700787
2024-08-29T14:02:02.654823,interface,0.8582677165354331,0.06299212598425197,0.8661417322834646,0.5275590551181102,0.0,0.9606299212598425,0.14960629921259844,0.5196850393700787
2024-08-29T14:02:02.666034,interface,0.84251968503937,0.06299212598425197,0.8661417322834646,0.5275590551181102,0.0,0.9606299212598425,0.14960629921259844,0.5196850393700787
2024-08-29T14:02:02.674641,interface,0.8346456692913385,0.06299212598425197,0.8661417322834646,0.5275590551181102,0.0,0.9606299212598425,0.14960629921259844,0.5196850393700787
2024-08-29T14:02:02.675787,interface,0.8188976377952756,0.06299212598425197,0.8661417322834646,0.5275590551181102,0.0,0.9606299212598425,0.14960629921259844,0.5196850393700787
2024-08-29T14:02:02.686330,interface,0.8031496062992126,0.06299212598425197,0.8661417322834646,0.5275590551181102,0.0,0.9606299212598425,0.14960629921259844,0.5196850393700787
2024-08-29T14:02:02.694832,interface,0.7952755905511811,0.06299212598425197,0.8661417322834646,0.5275590551181102,0.0,0.9606299212598425,0.14960629921259844,0.5196850393700787
2024-08-29T14:02:02.705138,interface,0.7795275590551181,0.06299212598425197,0.8661417322834646,0.5275590551181102,0.0,0.9606299212598425,0.14960629921259844,0.5196850393700787
2024-08-29T14:02:02.717401,interface,0.7716535433070866,0.06299212598425197,0.8661417322834646,0.5275590551181102,0.0,0.9606299212598425,0.14960629921259844,0.5196850393700787
2024-08-29T14:02:02.718566,interface,0.7559055118110236,0.06299212598425197,0.8661417322834646,0.5275590551181102,0.0,0.9606299212598425,0.14960629921259844,0.5196850393700787
2024-08-29T14:02:02.721811,interface,0.7480314960629921,0.06299212598425197,0.8661417322834646,0.5275590551181102,0.0,0.9606299212598425,0.14960629921259844,0.5196850393700787
2024-08-29T14:02:02.734935,interface,0.7322834645669292,0.06299212598425197,0.8661417322834646,0.5275590551181102,0.0,0.9606299212598425,0.14960629921259844,0.5196850393700787
2024-08-29T14:02:02.745431,interface,0.7244094488188977,0.06299212598425197,0.8661417322834646,0.5275590551181102,0.0,0.9606299212598425,0.14960629921259844,0.5196850393700787
2024-08-29T14:02:02.755282,interface,0.7244094488188977,0.06299212598425197,0.8661417322834646,0.5275590551181102,0.0,0.9606299212598425,0.14960629921259844,0.5196850393700787
2024-08-29T14:02:02.756447,interface,0.7165354330708661,0.06299212598425197,0.8661417322834646,0.5275590551181102,0.0,0.9606299212598425,0.14960629921259844,0.5196850393700787
2024-08-29T14:02:02.761761,interface,0.7086614173228346,0.06299212598425197,0.8661417322834646,0.5275590551181102,0.0,0.9606299212598425,0.14960629921259844,0.5196850393700787
2024-08-29T14:02:02.774816,interface,0.7007874015748031,0.06299212598425197,0.8661417322834646,0.5275590551181102,0.0,0.9606299212598425,0.14960629921259844,0.5196850393700787
2024-08-29T14:02:02.785850,interface,0.6929133858267716,0.06299212598425197,0.8661417322834646,0.5275590551181102,0.0,0.9606299212598425,0.14960629921259844,0.5196850393700787
2024-08-29T14:02:02.794678,interface,0.6850393700787402,0.06299212598425197,0.8661417322834646,0.5275590551181102,0.0,0.9606299212598425,0.14960629921259844,0.5196850393700787
2024-08-29T14:02:02.795809,interface,0.6771653543307087,0.06299212598425197,0.8661417322834646,0.5275590551181102,0.0,0.9606299212598425,0.14960629921259844,0.5196850393700787
2024-08-29T14:02:02.801103,interface,0.6771653543307087,0.06299212598425197,0.8661417322834646,0.5275590551181102,0.0,0.9606299212598425,0.14960629921259844,0.5196850393700787
2024-08-29T14:02:02.818153,interface,0.6692913385826772,0.06299212598425197,0.8661417322834646,0.5275590551181102,0.0,0.9606299212598425,0.14960629921259844,0.5196850393700787
2024-08-29T14:02:02.821364,interface,0.6614173228346457,0.06299212598425197,0.8661417322834646,0.5275590551181102,0.0,0.9606299212598425,0.14960629921259844,0.5196850393700787
2024-08-29T14:02:02.835652,interface,0.6535433070866141,0.06299212598425197,0.8661417322834646,0.5275590551181102,0.0,0.9606299212598425,0.14960629921259844,0.5196850393700787
2024-08-29T14:02:02.836888,interface,0.6456692913385826,0.06299212598425197,0.8661417322834646,0.5275590551181102,0.0,0.9606299212598425,0.14960629921259844,0.5196850393700787
2024-08-29T14:02:02.842077,interface,0.6377952755905512,0.06299212598425197,0.8661417322834646,0.5275590551181102,0.0,0.9606299212598425,0.14960629921259844,0.5196850393700787
2024-08-29T14:02:02.854482,interface,0.6377952755905512,0.06299212598425197,0.8661417322834646,0.5275590551181102,0.0,0.9606299212598425,0.14960629921259844,0.5196850393700787
2024-08-29T14:02:02.868118,interface,0.6299212598425197,0.06299212598425197,0.8661417322834646,0.5275590551181102,0.0,0.9606299212598425,0.14960629921259844,0.5196850393700787
2024-08-29T14:02:02.871524,interface,0.6299212598425197,0.06299212598425197,0.8661417322834646,0.5275590551181102,0.0,0.9606299212598425,0.14960629921259844,0.5196850393700787
2024-08-29T14:02:02.872658,interface,0.6220472440944882,0.06299212598425197,0.8661417322834646,0.5275590551181102,0.0,0.9606299212598425,0.14960629921259844,0.5196850393700787
2024-08-29T14:02:02.893277,interface,0.6141732283464567,0.06299212598425197,0.8661417322834646,0.5275590551181102,0.0,0.9606299212598425,0.14960629921259844,0.5196850393700787
2024-08-29T14:02:02.905227,interface,0.6141732283464567,0.06299212598425197,0.8661417322834646,0.5275590551181102,0.0,0.9606299212598425,0.14960629921259844,0.5196850393700787
2024-08-29T14:02:02.915658,interface,0.6062992125984252,0.06299212598425197,0.8661417322834646,0.5275590551181102,0.0,0.9606299212598425,0.14960629921259844,0.5196850393700787
2024-08-29T14:02:02.916785,interface,0.5984251968503937,0.06299212598425197,0.8661417322834646,0.5275590551181102,0.0,0.9606299212598425,0.14960629921259844,0.5196850393700787
2024-08-29T14:02:02.921943,interface,0.5905511811023622,0.06299212598425197,0.8661417322834646,0.5275590551181102,0.0,0.9606299212598425,0.14960629921259844,0.5196850393700787
2024-08-29T14:02:02.934916,interface,0.5826771653543307,0.06299212598425197,0.8661417322834646,0.5275590551181102,0.0,0.9606299212598425,0.14960629921259844,0.5196850393700787
2024-08-29T14:02:02.944730,interface,0.5748031496062992,0.06299212598425197,0.8661417322834646,0.5275590551181102,0.0,0.9606299212598425,0.14960629921259844,0.5196850393700787
2024-08-29T14:02:02.954480,interface,0.5669291338582677,0.06299212598425197,0.8661417322834646,0.5275590551181102,0.0,0.9606299212598425,0.14960629921259844,0.5196850393700787
2024-08-29T14:02:02.955610,interface,0.5590551181102362,0.06299212598425197,0.8661417322834646,0.5275590551181102,0.0,0.9606299212598425,0.14960629921259844,0.5196850393700787
2024-08-29T14:02:02.961129,interface,0.5590551181102362,0.06299212598425197,0.8661417322834646,0.5275590551181102,0.0,0.9606299212598425,0.14960629921259844,0.5196850393700787
2024-08-29T14:02:02.974484,interface,0.5511811023622047,0.06299212598425197,0.8661417322834646,0.5275590551181102,0.0,0.9606299212598425,0.14960629921259844,0.5196850393700787
2024-08-29T14:02:02.993026,interface,0.5433070866141733,0.06299212598425197,0.8661417322834646,0.5275590551181102,0.0,0.9606299212598425,0.14960629921259844,0.5196850393700787
2024-08-29T14:02:03.149578,interface,0.5511811023622047,0.06299212598425197,0.8661417322834646,0.5275590551181102,0.0,0.9606299212598425,0.14960629921259844,0.5196850393700787
2024-08-29T14:02:03.171513,interface,0.5511811023622047,0.06299212598425197,0.8661417322834646,0.5275590551181102,0.0,0.9606299212598425,0.14960629921259844,0.5196850393700787
2024-08-29T14:02:03.197279,interface,0.5590551181102362,0.06299212598425197,0.8661417322834646,0.5275590551181102,0.0,0.9606299212598425,0.14960629921259844,0.5196850393700787
2024-08-29T14:02:03.218182,interface,0.5669291338582677,0.06299212598425197,0.8661417322834646,0.5275590551181102,0.0,0.9606299212598425,0.14960629921259844,0.5196850393700787
2024-08-29T14:02:03.229729,interface,0.5669291338582677,0.06299212598425197,0.8661417322834646,0.5275590551181102,0.0,0.9606299212598425,0.14960629921259844,0.5196850393700787
2024-08-29T14:02:03.233196,interface,0.5748031496062992,0.06299212598425197,0.8661417322834646,0.5275590551181102,0.0,0.9606299212598425,0.14960629921259844,0.5196850393700787
2024-08-29T14:02:03.253410,interface,0.5826771653543307,0.06299212598425197,0.8661417322834646,0.5275590551181102,0.0,0.9606299212598425,0.14960629921259844,0.5196850393700787
2024-08-29T14:02:03.268144,interface,0.5826771653543307,0.06299212598425197,0.8661417322834646,0.5275590551181102,0.0,0.9606299212598425,0.14960629921259844,0.5196850393700787
2024-08-29T14:02:03.269468,interface,0.5905511811023622,0.06299212598425197,0.8661417322834646,0.5275590551181102,0.0,0.9606299212598425,0.14960629921259844,0.5196850393700787
2024-08-29T14:02:03.272777,interface,0.5984251968503937,0.06299212598425197,0.8661417322834646,0.5275590551181102,0.0,0.9606299212598425,0.14960629921259844,0.5196850393700787
2024-08-29T14:02:03.285871,interface,0.5984251968503937,0.06299212598425197,0.8661417322834646,0.5275590551181102,0.0,0.9606299212598425,0.14960629921259844,0.5196850393700787
2024-08-29T14:02:03.294547,interface,0.6062992125984252,0.06299212598425197,0.8661417322834646,0.5275590551181102,0.0,0.9606299212598425,0.14960629921259844,0.5196850393700787
2024-08-29T14:02:03.304584,interface,0.6141732283464567,0.06299212598425197,0.8661417322834646,0.5275590551181102,0.0,0.9606299212598425,0.14960629921259844,0.5196850393700787
2024-08-29T14:02:03.305760,interface,0.6220472440944882,0.06299212598425197,0.8661417322834646,0.5275590551181102,0.0,0.9606299212598425,0.14960629921259844,0.5196850393700787
2024-08-29T14:02:03.311082,interface,0.6299212598425197,0.06299212598425197,0.8661417322834646,0.5275590551181102,0.0,0.9606299212598425,0.14960629921259844,0.5196850393700787
2024-08-29T14:02:03.324535,interface,0.6299212598425197,0.06299212598425197,0.8661417322834646,0.5275590551181102,0.0,0.9606299212598425,0.14960629921259844,0.5196850393700787
2024-08-29T14:02:03.335333,interface,0.6377952755905512,0.06299212598425197,0.8661417322834646,0.5275590551181102,0.0,0.9606299212598425,0.14960629921259844,0.5196850393700787
2024-08-29T14:02:03.344844,interface,0.6456692913385826,0.06299212598425197,0.8661417322834646,0.5275590551181102,0.0,0.9606299212598425,0.14960629921259844,0.5196850393700787
2024-08-29T14:02:03.346019,interface,0.6456692913385826,0.06299212598425197,0.8661417322834646,0.5275590551181102,0.0,0.9606299212598425,0.14960629921259844,0.5196850393700787
2024-08-29T14:02:03.368159,interface,0.6535433070866141,0.06299212598425197,0.8661417322834646,0.5275590551181102,0.0,0.9606299212598425,0.14960629921259844,0.5196850393700787
2024-08-29T14:02:03.443398,interface,0.6456692913385826,0.06299212598425197,0.8661417322834646,0.5275590551181102,0.0,0.9606299212598425,0.14960629921259844,0.5196850393700787
2024-08-29T14:02:03.454300,interface,0.6456692913385826,0.06299212598425197,0.8661417322834646,0.5275590551181102,0.0,0.9606299212598425,0.14960629921259844,0.5196850393700787
2024-08-29T14:02:03.468159,interface,0.6377952755905512,0.06299212598425197,0.8661417322834646,0.5275590551181102,0.0,0.9606299212598425,0.14960629921259844,0.5196850393700787
2024-08-29T14:02:03.469471,interface,0.6299212598425197,0.06299212598425197,0.8661417322834646,0.5275590551181102,0.0,0.9606299212598425,0.14960629921259844,0.5196850393700787
2024-08-29T14:02:03.470574,interface,0.6220472440944882,0.06299212598425197,0.8661417322834646,0.5275590551181102,0.0,0.9606299212598425,0.14960629921259844,0.5196850393700787
2024-08-29T14:02:03.485310,interface,0.6220472440944882,0.06299212598425197,0.8661417322834646,0.5275590551181102,0.0,0.9606299212598425,0.14960629921259844,0.5196850393700787
2024-08-29T14:02:03.494482,interface,0.6141732283464567,0.06299212598425197,0.8661417322834646,0.5275590551181102,0.0,0.9606299212598425,0.14960629921259844,0.5196850393700787
2024-08-29T14:02:03.504465,interface,0.6062992125984252,0.06299212598425197,0.8661417322834646,0.5275590551181102,0.0,0.9606299212598425,0.14960629921259844,0.5196850393700787
2024-08-29T14:02:03.505624,interface,0.5984251968503937,0.06299212598425197,0.8661417322834646,0.5275590551181102,0.0,0.9606299212598425,0.14960629921259844,0.5196850393700787
2024-08-29T14:02:03.511116,interface,0.5905511811023622,0.06299212598425197,0.8661417322834646,0.5275590551181102,0.0,0.9606299212598425,0.14960629921259844,0.5196850393700787
2024-08-29T14:02:03.525291,interface,0.5826771653543307,0.06299212598425197,0.8661417322834646,0.5275590551181102,0.0,0.9606299212598425,0.14960629921259844,0.5196850393700787
2024-08-29T14:02:03.535707,interface,0.5748031496062992,0.06299212598425197,0.8661417322834646,0.5275590551181102,0.0,0.9606299212598425,0.14960629921259844,0.5196850393700787
2024-08-29T14:02:03.547429,interface,0.5748031496062992,0.06299212598425197,0.8661417322834646,0.5275590551181102,0.0,0.9606299212598425,0.14960629921259844,0.5196850393700787
2024-08-29T14:02:03.643294,interface,0.5669291338582677,0.06299212598425197,0.8661417322834646,0.5275590551181102,0.0,0.9606299212598425,0.14960629921259844,0.5196850393700787
2024-08-29T14:02:03.659903,interface,0.5590551181102362,0.06299212598425197,0.8661417322834646,0.5275590551181102,0.0,0.9606299212598425,0.14960629921259844,0.5196850393700787
2024-08-29T14:02:03.663346,interface,0.5590551181102362,0.06299212598425197,0.8661417322834646,0.5275590551181102,0.0,0.9606299212598425,0.14960629921259844,0.5196850393700787
2024-08-29T14:02:03.675412,interface,0.5511811023622047,0.06299212598425197,0.8661417322834646,0.5275590551181102,0.0,0.9606299212598425,0.14960629921259844,0.5196850393700787
2024-08-29T14:02:03.685476,interface,0.5511811023622047,0.06299212598425197,0.8661417322834646,0.5275590551181102,0.0,0.9606299212598425,0.14960629921259844,0.5196850393700787
2024-08-29T14:02:03.695102,interface,0.5433070866141733,0.06299212598425197,0.8661417322834646,0.5275590551181102,0.0,0.9606299212598425,0.14960629921259844,0.5196850393700787
2024-08-29T14:02:03.705670,interface,0.5433070866141733,0.06299212598425197,0.8661417322834646,0.5275590551181102,0.0,0.9606299212598425,0.14960629921259844,0.5196850393700787
2024-08-29T14:02:03.715384,interface,0.5354330708661418,0.06299212598425197,0.8661417322834646,0.5275590551181102,0.0,0.9606299212598425,0.14960629921259844,0.5196850393700787
2024-08-29T14:02:03.724335,interface,0.5275590551181102,0.06299212598425197,0.8661417322834646,0.5275590551181102,0.0,0.9606299212598425,0.14960629921259844,0.5196850393700787
2024-08-29T14:02:03.743162,interface,0.5196850393700787,0.06299212598425197,0.8661417322834646,0.5275590551181102,0.0,0.9606299212598425,0.14960629921259844,0.5196850393700787
2024-08-29T14:02:03.744293,interface,0.5196850393700787,0.06299212598425197,0.8661417322834646,0.5275590551181102,0.0,0.9606299212598425,0.14960629921259844,0.5196850393700787
2024-08-29T14:02:03.755428,interface,0.5118110236220472,0.06299212598425197,0.8661417322834646,0.5275590551181102,0.0,0.9606299212598425,0.14960629921259844,0.5196850393700787
2024-08-29T14:02:03.771333,interface,0.5039370078740157,0.06299212598425197,0.8661417322834646,0.5275590551181102,0.0,0.9606299212598425,0.14960629921259844,0.5196850393700787
2024-08-29T14:02:03.787566,interface,0.49606299212598426,0.06299212598425197,0.8661417322834646,0.5275590551181102,0.0,0.9606299212598425,0.14960629921259844,0.5196850393700787
2024-08-29T14:02:03.790970,interface,0.49606299212598426,0.06299212598425197,0.8661417322834646,0.5275590551181102,0.0,0.9606299212598425,0.14960629921259844,0.5196850393700787
2024-08-29T14:02:03.805262,interface,0.4881889763779528,0.06299212598425197,0.8661417322834646,0.5275590551181102,0.0,0.9606299212598425,0.14960629921259844,0.5196850393700787
2024-08-29T14:02:03.819620,interface,0.48031496062992124,0.06299212598425197,0.8661417322834646,0.5275590551181102,0.0,0.9606299212598425,0.14960629921259844,0.5196850393700787
2024-08-29T14:02:03.835565,interface,0.48031496062992124,0.06299212598425197,0.8661417322834646,0.5275590551181102,0.0,0.9606299212598425,0.14960629921259844,0.5196850393700787
2024-08-29T14:02:03.851421,interface,0.47244094488188976,0.06299212598425197,0.8661417322834646,0.5275590551181102,0.0,0.9606299212598425,0.14960629921259844,0.5196850393700787
2024-08-29T14:02:03.868180,interface,0.4645669291338583,0.06299212598425197,0.8661417322834646,0.5275590551181102,0.0,0.9606299212598425,0.14960629921259844,0.5196850393700787
2024-08-29T14:02:03.871606,interface,0.4566929133858268,0.06299212598425197,0.8661417322834646,0.5275590551181102,0.0,0.9606299212598425,0.14960629921259844,0.5196850393700787
2024-08-29T14:02:03.884571,interface,0.4566929133858268,0.06299212598425197,0.8661417322834646,0.5275590551181102,0.0,0.9606299212598425,0.14960629921259844,0.5196850393700787
2024-08-29T14:02:03.895279,interface,0.44881889763779526,0.06299212598425197,0.8661417322834646,0.5275590551181102,0.0,0.9606299212598425,0.14960629921259844,0.5196850393700787
2024-08-29T14:02:03.904392,interface,0.44881889763779526,0.06299212598425197,0.8661417322834646,0.5275590551181102,0.0,0.9606299212598425,0.14960629921259844,0.5196850393700787
2024-08-29T14:02:03.905571,interface,0.4409448818897638,0.06299212598425197,0.8661417322834646,0.5275590551181102,0.0,0.9606299212598425,0.14960629921259844,0.5196850393700787
2024-08-29T14:02:03.911046,interface,0.4330708661417323,0.06299212598425197,0.8661417322834646,0.5275590551181102,0.0,0.9606299212598425,0.14960629921259844,0.5196850393700787
2024-08-29T14:02:03.924634,interface,0.4251968503937008,0.06299212598425197,0.8661417322834646,0.5275590551181102,0.0,0.9606299212598425,0.14960629921259844,0.5196850393700787
2024-08-29T14:02:03.936352,interface,0.4094488188976378,0.06299212598425197,0.8661417322834646,0.5275590551181102,0.0,0.9606299212598425,0.14960629921259844,0.5196850393700787
2024-08-29T14:02:03.944935,interface,0.4015748031496063,0.06299212598425197,0.8661417322834646,0.5275590551181102,0.0,0.9606299212598425,0.14960629921259844,0.5196850393700787
2024-08-29T14:02:03.946089,interface,0.3858267716535433,0.06299212598425197,0.8661417322834646,0.5275590551181102,0.0,0.9606299212598425,0.14960629921259844,0.5196850393700787
2024-08-29T14:02:03.951336,interface,0.3779527559055118,0.06299212598425197,0.8661417322834646,0.5275590551181102,0.0,0.9606299212598425,0.14960629921259844,0.5196850393700787
2024-08-29T14:02:03.968093,interface,0.36220472440944884,0.06299212598425197,0.8661417322834646,0.5275590551181102,0.0,0.9606299212598425,0.14960629921259844,0.5196850393700787
2024-08-29T14:02:03.971340,interface,0.3543307086614173,0.06299212598425197,0.8661417322834646,0.5275590551181102,0.0,0.9606299212598425,0.14960629921259844,0.5196850393700787
2024-08-29T14:02:03.984780,interface,0.33858267716535434,0.06299212598425197,0.8661417322834646,0.5275590551181102,0.0,0.9606299212598425,0.14960629921259844,0.5196850393700787
2024-08-29T14:02:03.986038,interface,0.33070866141732286,0.06299212598425197,0.8661417322834646,0.5275590551181102,0.0,0.9606299212598425,0.14960629921259844,0.5196850393700787
2024-08-29T14:02:03.991344,interface,0.3228346456692913,0.06299212598425197,0.8661417322834646,0.5275590551181102,0.0,0.9606299212598425,0.14960629921259844,0.5196850393700787
2024-08-29T14:02:04.005112,interface,0.31496062992125984,0.06299212598425197,0.8661417322834646,0.5275590551181102,0.0,0.9606299212598425,0.14960629921259844,0.5196850393700787
2024-08-29T14:02:04.015230,interface,0.30708661417322836,0.06299212598425197,0.8661417322834646,0.5275590551181102,0.0,0.9606299212598425,0.14960629921259844,0.5196850393700787
2024-08-29T14:02:04.025459,interface,0.2992125984251969,0.06299212598425197,0.8661417322834646,0.5275590551181102,0.0,0.9606299212598425,0.14960629921259844,0.5196850393700787
2024-08-29T14:02:04.026597,interface,0.29133858267716534,0.06299212598425197,0.8661417322834646,0.5275590551181102,0.0,0.9606299212598425,0.14960629921259844,0.5196850393700787
2024-08-29T14:02:04.031712,interface,0.29133858267716534,0.06299212598425197,0.8661417322834646,0.5275590551181102,0.0,0.9606299212598425,0.14960629921259844,0.5196850393700787
2024-08-29T14:02:04.044722,interface,0.28346456692913385,0.06299212598425197,0.8661417322834646,0.5275590551181102,0.0,0.9606299212598425,0.14960629921259844,0.5196850393700787
2024-08-29T14:02:04.055254,interface,0.2755905511811024,0.06299212598425197,0.8661417322834646,0.5275590551181102,0.0,0.9606299212598425,0.14960629921259844,0.5196850393700787
2024-08-29T14:02:04.065319,interface,0.2677165354330709,0.06299212598425197,0.8661417322834646,0.5275590551181102,0.0,0.9606299212598425,0.14960629921259844,0.5196850393700787
2024-08-29T14:02:04.066468,interface,0.25984251968503935,0.06299212598425197,0.8661417322834646,0.5275590551181102,0.0,0.9606299212598425,0.14960629921259844,0.5196850393700787
2024-08-29T14:02:04.071695,interface,0.2440944881889764,0.06299212598425197,0.8661417322834646,0.5275590551181102,0.0,0.9606299212598425,0.14960629921259844,0.5196850393700787
2024-08-29T14:02:04.084762,interface,0.23622047244094488,0.06299212598425197,0.8661417322834646,0.5275590551181102,0.0,0.9606299212598425,0.14960629921259844,0.5196850393700787
2024-08-29T14:02:04.094673,interface,0.2204724409448819,0.06299212598425197,0.8661417322834646,0.5275590551181102,0.0,0.9606299212598425,0.14960629921259844,0.5196850393700787
2024-08-29T14:02:04.105280,interface,0.2125984251968504,0.06299212598425197,0.8661417322834646,0.5275590551181102,0.0,0.9606299212598425,0.14960629921259844,0.5196850393700787
2024-08-29T14:02:04.106415,interface,0.1968503937007874,0.06299212598425197,0.8661417322834646,0.5275590551181102,0.0,0.9606299212598425,0.14960629921259844,0.5196850393700787
2024-08-29T14:02:04.111535,interface,0.1889763779527559,0.06299212598425197,0.8661417322834646,0.5275590551181102,0.0,0.9606299212598425,0.14960629921259844,0.5196850393700787
2024-08-29T14:02:04.125644,interface,0.18110236220472442,0.06299212598425197,0.8661417322834646,0.5275590551181102,0.0,0.9606299212598425,0.14960629921259844,0.5196850393700787
2024-08-29T14:02:04.134631,interface,0.1732283464566929,0.06299212598425197,0.8661417322834646,0.5275590551181102,0.0,0.9606299212598425,0.14960629921259844,0.5196850393700787
2024-08-29T14:02:04.144854,interface,0.16535433070866143,0.06299212598425197,0.8661417322834646,0.5275590551181102,0.0,0.9606299212598425,0.14960629921259844,0.5196850393700787
2024-08-29T14:02:04.146019,interface,0.15748031496062992,0.06299212598425197,0.8661417322834646,0.5275590551181102,0.0,0.9606299212598425,0.14960629921259844,0.5196850393700787
2024-08-29T14:02:04.151259,interface,0.14960629921259844,0.06299212598425197,0.8661417322834646,0.5275590551181102,0.0,0.9606299212598425,0.14960629921259844,0.5196850393700787
2024-08-29T14:02:04.168109,interface,0.14173228346456693,0.06299212598425197,0.8661417322834646,0.5275590551181102,0.0,0.9606299212598425,0.14960629921259844,0.5196850393700787
2024-08-29T14:02:04.171338,interface,0.14173228346456693,0.06299212598425197,0.8661417322834646,0.5275590551181102,0.0,0.9606299212598425,0.14960629921259844,0.5196850393700787
2024-08-29T14:02:04.185437,interface,0.13385826771653545,0.06299212598425197,0.8661417322834646,0.5275590551181102,0.0,0.9606299212598425,0.14960629921259844,0.5196850393700787
2024-08-29T14:02:04.186656,interface,0.12598425196850394,0.06299212598425197,0.8661417322834646,0.5275590551181102,0.0,0.9606299212598425,0.14960629921259844,0.5196850393700787
2024-08-29T14:02:04.191791,interface,0.12598425196850394,0.06299212598425197,0.8661417322834646,0.5275590551181102,0.0,0.9606299212598425,0.14960629921259844,0.5196850393700787
2024-08-29T14:02:04.211599,interface,0.11811023622047244,0.06299212598425197,0.8661417322834646,0.5275590551181102,0.0,0.9606299212598425,0.14960629921259844,0.5196850393700787
2024-08-29T14:02:04.227475,interface,0.11811023622047244,0.06299212598425197,0.8661417322834646,0.5275590551181102,0.0,0.9606299212598425,0.14960629921259844,0.5196850393700787
2024-08-29T14:02:04.243362,interface,0.11023622047244094,0.06299212598425197,0.8661417322834646,0.5275590551181102,0.0,0.9606299212598425,0.14960629921259844,0.5196850393700787
2024-08-29T14:02:04.441200,interface,0.11023622047244094,0.06299212598425197,0.8661417322834646,0.5275590551181102,0.0,0.9606299212598425,0.14960629921259844,0.5196850393700787
2024-08-29T14:02:04.459986,interface,0.10236220472440945,0.06299212598425197,0.8661417322834646,0.5275590551181102,0.0,0.9606299212598425,0.14960629921259844,0.5196850393700787
2024-08-29T14:02:04.475553,interface,0.09448818897637795,0.06299212598425197,0.8661417322834646,0.5275590551181102,0.0,0.9606299212598425,0.14960629921259844,0.5196850393700787
2024-08-29T14:02:04.484457,interface,0.08661417322834646,0.06299212598425197,0.8661417322834646,0.5275590551181102,0.0,0.9606299212598425,0.14960629921259844,0.5196850393700787
2024-08-29T14:02:04.494494,interface,0.08661417322834646,0.06299212598425197,0.8661417322834646,0.5275590551181102,0.0,0.9606299212598425,0.14960629921259844,0.5196850393700787
2024-08-29T14:02:04.504594,interface,0.07874015748031496,0.06299212598425197,0.8661417322834646,0.5275590551181102,0.0,0.9606299212598425,0.14960629921259844,0.5196850393700787
2024-08-29T14:02:04.505758,interface,0.07086614173228346,0.06299212598425197,0.8661417322834646,0.5275590551181102,0.0,0.9606299212598425,0.14960629921259844,0.5196850393700787
2024-08-29T14:02:04.516317,interface,0.06299212598425197,0.06299212598425197,0.8661417322834646,0.5275590551181102,0.0,0.9606299212598425,0.14960629921259844,0.5196850393700787
2024-08-29T14:02:04.519692,interface,0.047244094488188976,0.06299212598425197,0.8661417322834646,0.5275590551181102,0.0,0.9606299212598425,0.14960629921259844,0.5196850393700787
2024-08-29T14:02:04.534779,interface,0.03937007874015748,0.06299212598425197,0.8661417322834646,0.5275590551181102,0.0,0.9606299212598425,0.14960629921259844,0.5196850393700787
2024-08-29T14:02:04.544763,interface,0.031496062992125984,0.06299212598425197,0.8661417322834646,0.5275590551181102,0.0,0.9606299212598425,0.14960629921259844,0.5196850393700787
2024-08-29T14:02:04.545929,interface,0.023622047244094488,0.06299212598425197,0.8661417322834646,0.5275590551181102,0.0,0.9606299212598425,0.14960629921259844,0.5196850393700787
2024-08-29T14:02:04.556184,interface,0.015748031496062992,0.06299212598425197,0.8661417322834646,0.5275590551181102,0.0,0.9606299212598425,0.14960629921259844,0.5196850393700787
2024-08-29T14:02:04.565488,interface,0.007874015748031496,0.06299212598425197,0.8661417322834646,0.5275590551181102,0.0,0.9606299212598425,0.14960629921259844,0.5196850393700787
2024-08-29T14:02:04.579700,interface,0.0,0.06299212598425197,0.8661417322834646,0.5275590551181102,0.0,0.9606299212598425,0.14960629921259844,0.5196850393700787
2024-08-29T14:02:04.611559,interface,0.0,0.06299212598425197,0.8661417322834646,0.5275590551181102,0.0,0.9606299212598425,0.14960629921259844,0.5196850393700787
2024-08-29T14:02:04.838805,interface,0.0,0.06299212598425197,0.8661417322834646,0.5275590551181102,0.0,0.9606299212598425,0.14960629921259844,0.5196850393700787
2024-08-29T14:02:04.875561,interface,0.007874015748031496,0.06299212598425197,0.8661417322834646,0.5275590551181102,0.0,0.9606299212598425,0.14960629921259844,0.5196850393700787
2024-08-29T14:02:05.267901,interface,0.0,0.06299212598425197,0.8661417322834646,0.5275590551181102,0.0,0.9606299212598425,0.14960629921259844,0.5196850393700787
2024-08-29T14:02:05.317917,interface,0.0,0.06299212598425197,0.8661417322834646,0.5275590551181102,0.0,0.9606299212598425,0.14960629921259844,0.5196850393700787
2024-08-29T14:02:05.697782,interface,0.0,0.06299212598425197,0.8661417322834646,0.5275590551181102,0.0,0.9606299212598425,0.14960629921259844,0.5196850393700787
2024-08-29T14:02:05.745887,interface,0.007874015748031496,0.06299212598425197,0.8661417322834646,0.5275590551181102,0.0,0.9606299212598425,0.14960629921259844,0.5196850393700787
2024-08-29T14:02:05.793722,interface,0.007874015748031496,0.06299212598425197,0.8661417322834646,0.5275590551181102,0.0,0.9606299212598425,0.14960629921259844,0.5196850393700787
2024-08-29T14:02:05.810125,interface,0.015748031496062992,0.06299212598425197,0.8661417322834646,0.5275590551181102,0.0,0.9606299212598425,0.14960629921259844,0.5196850393700787
2024-08-29T14:02:05.825987,interface,0.023622047244094488,0.06299212598425197,0.8661417322834646,0.5275590551181102,0.0,0.9606299212598425,0.14960629921259844,0.5196850393700787
2024-08-29T14:02:05.834495,interface,0.023622047244094488,0.06299212598425197,0.8661417322834646,0.5275590551181102,0.0,0.9606299212598425,0.14960629921259844,0.5196850393700787
2024-08-29T14:02:05.849989,interface,0.031496062992125984,0.06299212598425197,0.8661417322834646,0.5275590551181102,0.0,0.9606299212598425,0.14960629921259844,0.5196850393700787
2024-08-29T14:02:05.853336,interface,0.03937007874015748,0.06299212598425197,0.8661417322834646,0.5275590551181102,0.0,0.9606299212598425,0.14960629921259844,0.5196850393700787
2024-08-29T14:02:05.868036,interface,0.03937007874015748,0.06299212598425197,0.8661417322834646,0.5275590551181102,0.0,0.9606299212598425,0.14960629921259844,0.5196850393700787
2024-08-29T14:02:05.871311,interface,0.047244094488188976,0.06299212598425197,0.8661417322834646,0.5275590551181102,0.0,0.9606299212598425,0.14960629921259844,0.5196850393700787
2024-08-29T14:02:05.885285,interface,0.047244094488188976,0.06299212598425197,0.8661417322834646,0.5275590551181102,0.0,0.9606299212598425,0.14960629921259844,0.5196850393700787
2024-08-29T14:02:05.894672,interface,0.05511811023622047,0.06299212598425197,0.8661417322834646,0.5275590551181102,0.0,0.9606299212598425,0.14960629921259844,0.5196850393700787
2024-08-29T14:02:05.895801,interface,0.05511811023622047,0.06299212598425197,0.8661417322834646,0.5275590551181102,0.0,0.9606299212598425,0.14960629921259844,0.5196850393700787
2024-08-29T14:02:05.906094,interface,0.06299212598425197,0.06299212598425197,0.8661417322834646,0.5275590551181102,0.0,0.9606299212598425,0.14960629921259844,0.5196850393700787
2024-08-29T14:02:05.915516,interface,0.07086614173228346,0.06299212598425197,0.8661417322834646,0.5275590551181102,0.0,0.9606299212598425,0.14960629921259844,0.5196850393700787
2024-08-29T14:02:05.924524,interface,0.07874015748031496,0.06299212598425197,0.8661417322834646,0.5275590551181102,0.0,0.9606299212598425,0.14960629921259844,0.5196850393700787
2024-08-29T14:02:05.936164,interface,0.08661417322834646,0.06299212598425197,0.8661417322834646,0.5275590551181102,0.0,0.9606299212598425,0.14960629921259844,0.5196850393700787
2024-08-29T14:02:05.937437,interface,0.09448818897637795,0.06299212598425197,0.8661417322834646,0.5275590551181102,0.0,0.9606299212598425,0.14960629921259844,0.5196850393700787
2024-08-29T14:02:05.942546,interface,0.10236220472440945,0.06299212598425197,0.8661417322834646,0.5275590551181102,0.0,0.9606299212598425,0.14960629921259844,0.5196850393700787
2024-08-29T14:02:05.954999,interface,0.11023622047244094,0.06299212598425197,0.8661417322834646,0.5275590551181102,0.0,0.9606299212598425,0.14960629921259844,0.5196850393700787
2024-08-29T14:02:05.964932,interface,0.11811023622047244,0.06299212598425197,0.8661417322834646,0.5275590551181102,0.0,0.9606299212598425,0.14960629921259844,0.5196850393700787
2024-08-29T14:02:05.975456,interface,0.12598425196850394,0.06299212598425197,0.8661417322834646,0.5275590551181102,0.0,0.9606299212598425,0.14960629921259844,0.5196850393700787
2024-08-29T14:02:05.976615,interface,0.13385826771653545,0.06299212598425197,0.8661417322834646,0.5275590551181102,0.0,0.9606299212598425,0.14960629921259844,0.5196850393700787
2024-08-29T14:02:05.981968,interface,0.14173228346456693,0.06299212598425197,0.8661417322834646,0.5275590551181102,0.0,0.9606299212598425,0.14960629921259844,0.5196850393700787
2024-08-29T14:02:05.995085,interface,0.15748031496062992,0.06299212598425197,0.8661417322834646,0.5275590551181102,0.0,0.9606299212598425,0.14960629921259844,0.5196850393700787
2024-08-29T14:02:06.005573,interface,0.16535433070866143,0.06299212598425197,0.8661417322834646,0.5275590551181102,0.0,0.9606299212598425,0.14960629921259844,0.5196850393700787
2024-08-29T14:02:06.015329,interface,0.1732283464566929,0.06299212598425197,0.8661417322834646,0.5275590551181102,0.0,0.9606299212598425,0.14960629921259844,0.5196850393700787
2024-08-29T14:02:06.016462,interface,0.18110236220472442,0.06299212598425197,0.8661417322834646,0.5275590551181102,0.0,0.9606299212598425,0.14960629921259844,0.5196850393700787
2024-08-29T14:02:06.021712,interface,0.1889763779527559,0.06299212598425197,0.8661417322834646,0.5275590551181102,0.0,0.9606299212598425,0.14960629921259844,0.5196850393700787
2024-08-29T14:02:06.034559,interface,0.1968503937007874,0.06299212598425197,0.8661417322834646,0.5275590551181102,0.0,0.9606299212598425,0.14960629921259844,0.5196850393700787
2024-08-29T14:02:06.044656,interface,0.2047244094488189,0.06299212598425197,0.8661417322834646,0.5275590551181102,0.0,0.9606299212598425,0.14960629921259844,0.5196850393700787
2024-08-29T14:02:06.054819,interface,0.2047244094488189,0.06299212598425197,0.8661417322834646,0.5275590551181102,0.0,0.9606299212598425,0.14960629921259844,0.5196850393700787
2024-08-29T14:02:06.055954,interface,0.2125984251968504,0.06299212598425197,0.8661417322834646,0.5275590551181102,0.0,0.9606299212598425,0.14960629921259844,0.5196850393700787
2024-08-29T14:02:06.066291,interface,0.2204724409448819,0.06299212598425197,0.8661417322834646,0.5275590551181102,0.0,0.9606299212598425,0.14960629921259844,0.5196850393700787
2024-08-29T14:02:06.074665,interface,0.2204724409448819,0.06299212598425197,0.8661417322834646,0.5275590551181102,0.0,0.9606299212598425,0.14960629921259844,0.5196850393700787
2024-08-29T14:02:06.085288,interface,0.2283464566929134,0.06299212598425197,0.8661417322834646,0.5275590551181102,0.0,0.9606299212598425,0.14960629921259844,0.5196850393700787
2024-08-29T14:02:06.094606,interface,0.23622047244094488,0.06299212598425197,0.8661417322834646,0.5275590551181102,0.0,0.9606299212598425,0.14960629921259844,0.5196850393700787
2024-08-29T14:02:06.095740,interface,0.23622047244094488,0.06299212598425197,0.8661417322834646,0.5275590551181102,0.0,0.9606299212598425,0.14960629921259844,0.5196850393700787
2024-08-29T14:02:06.106049,interface,0.2440944881889764,0.06299212598425197,0.8661417322834646,0.5275590551181102,0.0,0.9606299212598425,0.14960629921259844,0.5196850393700787
2024-08-29T14:02:06.115623,interface,0.2440944881889764,0.06299212598425197,0.8661417322834646,0.5275590551181102,0.0,0.9606299212598425,0.14960629921259844,0.5196850393700787
2024-08-29T14:02:06.130014,interface,0.25196850393700787,0.06299212598425197,0.8661417322834646,0.5275590551181102,0.0,0.9606299212598425,0.14960629921259844,0.5196850393700787
2024-08-29T14:02:06.145971,interface,0.25984251968503935,0.06299212598425197,0.8661417322834646,0.5275590551181102,0.0,0.9606299212598425,0.14960629921259844,0.5196850393700787
2024-08-29T14:02:06.217890,interface,0.25196850393700787,0.06299212598425197,0.8661417322834646,0.5275590551181102,0.0,0.9606299212598425,0.14960629921259844,0.5196850393700787
2024-08-29T14:02:06.226275,interface,0.2440944881889764,0.06299212598425197,0.8661417322834646,0.5275590551181102,0.0,0.9606299212598425,0.14960629921259844,0.5196850393700787
2024-08-29T14:02:06.235146,interface,0.2283464566929134,0.06299212598425197,0.8661417322834646,0.5275590551181102,0.0,0.9606299212598425,0.14960629921259844,0.5196850393700787
2024-08-29T14:02:06.245337,interface,0.2125984251968504,0.06299212598425197,0.8661417322834646,0.5275590551181102,0.0,0.9606299212598425,0.14960629921259844,0.5196850393700787
2024-08-29T14:02:06.254711,interface,0.1968503937007874,0.06299212598425197,0.8661417322834646,0.5275590551181102,0.0,0.9606299212598425,0.14960629921259844,0.5196850393700787
2024-08-29T14:02:06.255837,interface,0.18110236220472442,0.06299212598425197,0.8661417322834646,0.5275590551181102,0.0,0.9606299212598425,0.14960629921259844,0.5196850393700787
2024-08-29T14:02:06.266159,interface,0.16535433070866143,0.06299212598425197,0.8661417322834646,0.5275590551181102,0.0,0.9606299212598425,0.14960629921259844,0.5196850393700787
2024-08-29T14:02:06.274684,interface,0.14173228346456693,0.06299212598425197,0.8661417322834646,0.5275590551181102,0.0,0.9606299212598425,0.14960629921259844,0.5196850393700787
2024-08-29T14:02:06.285687,interface,0.11811023622047244,0.06299212598425197,0.8661417322834646,0.5275590551181102,0.0,0.9606299212598425,0.14960629921259844,0.5196850393700787
2024-08-29T14:02:06.294591,interface,0.09448818897637795,0.06299212598425197,0.8661417322834646,0.5275590551181102,0.0,0.9606299212598425,0.14960629921259844,0.5196850393700787
2024-08-29T14:02:06.295724,interface,0.07086614173228346,0.06299212598425197,0.8661417322834646,0.5275590551181102,0.0,0.9606299212598425,0.14960629921259844,0.5196850393700787
2024-08-29T14:02:06.306100,interface,0.05511811023622047,0.06299212598425197,0.8661417322834646,0.5275590551181102,0.0,0.9606299212598425,0.14960629921259844,0.5196850393700787
2024-08-29T14:02:06.314687,interface,0.03937007874015748,0.06299212598425197,0.8661417322834646,0.5275590551181102,0.0,0.9606299212598425,0.14960629921259844,0.5196850393700787
2024-08-29T14:02:06.324993,interface,0.023622047244094488,0.06299212598425197,0.8661417322834646,0.5275590551181102,0.0,0.9606299212598425,0.14960629921259844,0.5196850393700787
2024-08-29T14:02:06.335486,interface,0.015748031496062992,0.06299212598425197,0.8661417322834646,0.5275590551181102,0.0,0.9606299212598425,0.14960629921259844,0.5196850393700787
2024-08-29T14:02:06.336730,interface,0.007874015748031496,0.06299212598425197,0.8661417322834646,0.5275590551181102,0.0,0.9606299212598425,0.14960629921259844,0.5196850393700787
2024-08-29T14:02:06.354069,interface,0.0,0.06299212598425197,0.8661417322834646,0.5275590551181102,0.0,0.9606299212598425,0.14960629921259844,0.5196850393700787
2024-08-29T14:02:06.377976,interface,0.0,0.06299212598425197,0.8661417322834646,0.5275590551181102,0.0,0.9606299212598425,0.14960629921259844,0.5196850393700787
2024-08-29T14:02:06.730044,interface,0.0,0.06299212598425197,0.8661417322834646,0.5275590551181102,0.0,0.9606299212598425,0.14960629921259844,0.5196850393700787
2024-08-29T14:02:06.746089,interface,0.007874015748031496,0.06299212598425197,0.8661417322834646,0.5275590551181102,0.0,0.9606299212598425,0.14960629921259844,0.5196850393700787
2024-08-29T14:02:06.755206,interface,0.007874015748031496,0.06299212598425197,0.8661417322834646,0.5275590551181102,0.0,0.9606299212598425,0.14960629921259844,0.5196850393700787
2024-08-29T14:02:06.764959,interface,0.015748031496062992,0.06299212598425197,0.8661417322834646,0.5275590551181102,0.0,0.9606299212598425,0.14960629921259844,0.5196850393700787
2024-08-29T14:02:06.774661,interface,0.023622047244094488,0.06299212598425197,0.8661417322834646,0.5275590551181102,0.0,0.9606299212598425,0.14960629921259844,0.5196850393700787
2024-08-29T14:02:06.775794,interface,0.031496062992125984,0.06299212598425197,0.8661417322834646,0.5275590551181102,0.0,0.9606299212598425,0.14960629921259844,0.5196850393700787
2024-08-29T14:02:06.786294,interface,0.03937007874015748,0.06299212598425197,0.8661417322834646,0.5275590551181102,0.0,0.9606299212598425,0.14960629921259844,0.5196850393700787
2024-08-29T14:02:06.795234,interface,0.047244094488188976,0.06299212598425197,0.8661417322834646,0.5275590551181102,0.0,0.9606299212598425,0.14960629921259844,0.5196850393700787
2024-08-29T14:02:06.804718,interface,0.06299212598425197,0.06299212598425197,0.8661417322834646,0.5275590551181102,0.0,0.9606299212598425,0.14960629921259844,0.5196850393700787
2024-08-29T14:02:06.818363,interface,0.07086614173228346,0.06299212598425197,0.8661417322834646,0.5275590551181102,0.0,0.9606299212598425,0.14960629921259844,0.5196850393700787
2024-08-29T14:02:06.819462,interface,0.07874015748031496,0.06299212598425197,0.8661417322834646,0.5275590551181102,0.0,0.9606299212598425,0.14960629921259844,0.5196850393700787
2024-08-29T14:02:06.822773,interface,0.09448818897637795,0.06299212598425197,0.8661417322834646,0.5275590551181102,0.0,0.9606299212598425,0.14960629921259844,0.5196850393700787
2024-08-29T14:02:06.834659,interface,0.10236220472440945,0.06299212598425197,0.8661417322834646,0.5275590551181102,0.0,0.9606299212598425,0.14960629921259844,0.5196850393700787
2024-08-29T14:02:06.844752,interface,0.11811023622047244,0.06299212598425197,0.8661417322834646,0.5275590551181102,0.0,0.9606299212598425,0.14960629921259844,0.5196850393700787
2024-08-29T14:02:06.855406,interface,0.12598425196850394,0.06299212598425197,0.8661417322834646,0.5275590551181102,0.0,0.9606299212598425,0.14960629921259844,0.5196850393700787
2024-08-29T14:02:06.856534,interface,0.14173228346456693,0.06299212598425197,0.8661417322834646,0.5275590551181102,0.0,0.9606299212598425,0.14960629921259844,0.5196850393700787
2024-08-29T14:02:06.861946,interface,0.14960629921259844,0.06299212598425197,0.8661417322834646,0.5275590551181102,0.0,0.9606299212598425,0.14960629921259844,0.5196850393700787
2024-08-29T14:02:06.874741,interface,0.16535433070866143,0.06299212598425197,0.8661417322834646,0.5275590551181102,0.0,0.9606299212598425,0.14960629921259844,0.5196850393700787
2024-08-29T14:02:06.885891,interface,0.1732283464566929,0.06299212598425197,0.8661417322834646,0.5275590551181102,0.0,0.9606299212598425,0.14960629921259844,0.5196850393700787
2024-08-29T14:02:06.895147,interface,0.18110236220472442,0.06299212598425197,0.8661417322834646,0.5275590551181102,0.0,0.9606299212598425,0.14960629921259844,0.5196850393700787
2024-08-29T14:02:06.896281,interface,0.1968503937007874,0.06299212598425197,0.8661417322834646,0.5275590551181102,0.0,0.9606299212598425,0.14960629921259844,0.5196850393700787
2024-08-29T14:02:06.901534,interface,0.2047244094488189,0.06299212598425197,0.8661417322834646,0.5275590551181102,0.0,0.9606299212598425,0.14960629921259844,0.5196850393700787
2024-08-29T14:02:06.918053,interface,0.2125984251968504,0.06299212598425197,0.8661417322834646,0.5275590551181102,0.0,0.9606299212598425,0.14960629921259844,0.5196850393700787
2024-08-29T14:02:06.921309,interface,0.2204724409448819,0.06299212598425197,0.8661417322834646,0.5275590551181102,0.0,0.9606299212598425,0.14960629921259844,0.5196850393700787
2024-08-29T14:02:06.935184,interface,0.23622047244094488,0.06299212598425197,0.8661417322834646,0.5275590551181102,0.0,0.9606299212598425,0.14960629921259844,0.5196850393700787
2024-08-29T14:02:06.936424,interface,0.2440944881889764,0.06299212598425197,0.8661417322834646,0.5275590551181102,0.0,0.9606299212598425,0.14960629921259844,0.5196850393700787
2024-08-29T14:02:06.941676,interface,0.25196850393700787,0.06299212598425197,0.8661417322834646,0.5275590551181102,0.0,0.9606299212598425,0.14960629921259844,0.5196850393700787
2024-08-29T14:02:06.955126,interface,0.25984251968503935,0.06299212598425197,0.8661417322834646,0.5275590551181102,0.0,0.9606299212598425,0.14960629921259844,0.5196850393700787
2024-08-29T14:02:06.965309,interface,0.2755905511811024,0.06299212598425197,0.8661417322834646,0.5275590551181102,0.0,0.9606299212598425,0.14960629921259844,0.5196850393700787
2024-08-29T14:02:06.976139,interface,0.28346456692913385,0.06299212598425197,0.8661417322834646,0.5275590551181102,0.0,0.9606299212598425,0.14960629921259844,0.5196850393700787
2024-08-29T14:02:06.977323,interface,0.2992125984251969,0.06299212598425197,0.8661417322834646,0.5275590551181102,0.0,0.9606299212598425,0.14960629921259844,0.5196850393700787
2024-08-29T14:02:06.982649,interface,0.31496062992125984,0.06299212598425197,0.8661417322834646,0.5275590551181102,0.0,0.9606299212598425,0.14960629921259844,0.5196850393700787
2024-08-29T14:02:06.995470,interface,0.3228346456692913,0.06299212598425197,0.8661417322834646,0.5275590551181102,0.0,0.9606299212598425,0.14960629921259844,0.5196850393700787
2024-08-29T14:02:07.004708,interface,0.33070866141732286,0.06299212598425197,0.8661417322834646,0.5275590551181102,0.0,0.9606299212598425,0.14960629921259844,0.5196850393700787
2024-08-29T14:02:07.018341,interface,0.3464566929133858,0.06299212598425197,0.8661417322834646,0.5275590551181102,0.0,0.9606299212598425,0.14960629921259844,0.5196850393700787
2024-08-29T14:02:07.019449,interface,0.3543307086614173,0.06299212598425197,0.8661417322834646,0.5275590551181102,0.0,0.9606299212598425,0.14960629921259844,0.5196850393700787
2024-08-29T14:02:07.022643,interface,0.3700787401574803,0.06299212598425197,0.8661417322834646,0.5275590551181102,0.0,0.9606299212598425,0.14960629921259844,0.5196850393700787
2024-08-29T14:02:07.034734,interface,0.3779527559055118,0.06299212598425197,0.8661417322834646,0.5275590551181102,0.0,0.9606299212598425,0.14960629921259844,0.5196850393700787
2024-08-29T14:02:07.045035,interface,0.3858267716535433,0.06299212598425197,0.8661417322834646,0.5275590551181102,0.0,0.9606299212598425,0.14960629921259844,0.5196850393700787
2024-08-29T14:02:07.054828,interface,0.4015748031496063,0.06299212598425197,0.8661417322834646,0.5275590551181102,0.0,0.9606299212598425,0.14960629921259844,0.5196850393700787
2024-08-29T14:02:07.055960,interface,0.4094488188976378,0.06299212598425197,0.8661417322834646,0.5275590551181102,0.0,0.9606299212598425,0.14960629921259844,0.5196850393700787
2024-08-29T14:02:07.066486,interface,0.41732283464566927,0.06299212598425197,0.8661417322834646,0.5275590551181102,0.0,0.9606299212598425,0.14960629921259844,0.5196850393700787
2024-08-29T14:02:07.075123,interface,0.4330708661417323,0.06299212598425197,0.8661417322834646,0.5275590551181102,0.0,0.9606299212598425,0.14960629921259844,0.5196850393700787
2024-08-29T14:02:07.085887,interface,0.4409448818897638,0.06299212598425197,0.8661417322834646,0.5275590551181102,0.0,0.9606299212598425,0.14960629921259844,0.5196850393700787
2024-08-29T14:02:07.094820,interface,0.44881889763779526,0.06299212598425197,0.8661417322834646,0.5275590551181102,0.0,0.9606299212598425,0.14960629921259844,0.5196850393700787
2024-08-29T14:02:07.095957,interface,0.4566929133858268,0.06299212598425197,0.8661417322834646,0.5275590551181102,0.0,0.9606299212598425,0.14960629921259844,0.5196850393700787
2024-08-29T14:02:07.106220,interface,0.4645669291338583,0.06299212598425197,0.8661417322834646,0.5275590551181102,0.0,0.9606299212598425,0.14960629921259844,0.5196850393700787
2024-08-29T14:02:07.114823,interface,0.4645669291338583,0.06299212598425197,0.8661417322834646,0.5275590551181102,0.0,0.9606299212598425,0.14960629921259844,0.5196850393700787
2024-08-29T14:02:07.124466,interface,0.47244094488188976,0.06299212598425197,0.8661417322834646,0.5275590551181102,0.0,0.9606299212598425,0.14960629921259844,0.5196850393700787
2024-08-29T14:02:07.136128,interface,0.47244094488188976,0.06299212598425197,0.8661417322834646,0.5275590551181102,0.0,0.9606299212598425,0.14960629921259844,0.5196850393700787
2024-08-29T14:02:07.146267,interface,0.48031496062992124,0.06299212598425197,0.8661417322834646,0.5275590551181102,0.0,0.9606299212598425,0.14960629921259844,0.5196850393700787
2024-08-29T14:02:07.178065,interface,0.4881889763779528,0.06299212598425197,0.8661417322834646,0.5275590551181102,0.0,0.9606299212598425,0.14960629921259844,0.5196850393700787
2024-08-29T14:02:07.456179,interface,0.48031496062992124,0.06299212598425197,0.8661417322834646,0.5275590551181102,0.0,0.9606299212598425,0.14960629921259844,0.5196850393700787
2024-08-29T14:02:07.472286,interface,0.47244094488188976,0.06299212598425197,0.8661417322834646,0.5275590551181102,0.0,0.9606299212598425,0.14960629921259844,0.5196850393700787
2024-08-29T14:02:07.485172,interface,0.4645669291338583,0.06299212598425197,0.8661417322834646,0.5275590551181102,0.0,0.9606299212598425,0.14960629921259844,0.5196850393700787
2024-08-29T14:02:07.486515,interface,0.4645669291338583,0.06299212598425197,0.8661417322834646,0.5275590551181102,0.0,0.9606299212598425,0.14960629921259844,0.5196850393700787
2024-08-29T14:02:07.492295,interface,0.44881889763779526,0.06299212598425197,0.8661417322834646,0.5275590551181102,0.0,0.9606299212598425,0.14960629921259844,0.5196850393700787
2024-08-29T14:02:07.504821,interface,0.4409448818897638,0.06299212598425197,0.8661417322834646,0.5275590551181102,0.0,0.9606299212598425,0.14960629921259844,0.5196850393700787
2024-08-29T14:02:07.514915,interface,0.4330708661417323,0.06299212598425197,0.8661417322834646,0.5275590551181102,0.0,0.9606299212598425,0.14960629921259844,0.5196850393700787
2024-08-29T14:02:07.525020,interface,0.41732283464566927,0.06299212598425197,0.8661417322834646,0.5275590551181102,0.0,0.9606299212598425,0.14960629921259844,0.5196850393700787
2024-08-29T14:02:07.526189,interface,0.4094488188976378,0.06299212598425197,0.8661417322834646,0.5275590551181102,0.0,0.9606299212598425,0.14960629921259844,0.5196850393700787
2024-08-29T14:02:07.536813,interface,0.3937007874015748,0.06299212598425197,0.8661417322834646,0.5275590551181102,0.0,0.9606299212598425,0.14960629921259844,0.5196850393700787
2024-08-29T14:02:07.540212,interface,0.3858267716535433,0.06299212598425197,0.8661417322834646,0.5275590551181102,0.0,0.9606299212598425,0.14960629921259844,0.5196850393700787
2024-08-29T14:02:07.556396,interface,0.3700787401574803,0.06299212598425197,0.8661417322834646,0.5275590551181102,0.0,0.9606299212598425,0.14960629921259844,0.5196850393700787
2024-08-29T14:02:07.565314,interface,0.36220472440944884,0.06299212598425197,0.8661417322834646,0.5275590551181102,0.0,0.9606299212598425,0.14960629921259844,0.5196850393700787
2024-08-29T14:02:07.566475,interface,0.3543307086614173,0.06299212598425197,0.8661417322834646,0.5275590551181102,0.0,0.9606299212598425,0.14960629921259844,0.5196850393700787
2024-08-29T14:02:07.571738,interface,0.3464566929133858,0.06299212598425197,0.8661417322834646,0.5275590551181102,0.0,0.9606299212598425,0.14960629921259844,0.5196850393700787
2024-08-29T14:02:07.585605,interface,0.3464566929133858,0.06299212598425197,0.8661417322834646,0.5275590551181102,0.0,0.9606299212598425,0.14960629921259844,0.5196850393700787
2024-08-29T14:02:07.594488,interface,0.33858267716535434,0.06299212598425197,0.8661417322834646,0.5275590551181102,0.0,0.9606299212598425,0.14960629921259844,0.5196850393700787
2024-08-29T14:02:07.608421,interface,0.33858267716535434,0.06299212598425197,0.8661417322834646,0.5275590551181102,0.0,0.9606299212598425,0.14960629921259844,0.5196850393700787
2024-08-29T14:02:07.643037,interface,0.33070866141732286,0.06299212598425197,0.8661417322834646,0.5275590551181102,0.0,0.9606299212598425,0.14960629921259844,0.5196850393700787
2024-08-29T14:02:07.832295,interface,0.33858267716535434,0.06299212598425197,0.8661417322834646,0.5275590551181102,0.0,0.9606299212598425,0.14960629921259844,0.5196850393700787
2024-08-29T14:02:07.845212,interface,0.33858267716535434,0.06299212598425197,0.8661417322834646,0.5275590551181102,0.0,0.9606299212598425,0.14960629921259844,0.5196850393700787
2024-08-29T14:02:07.846366,interface,0.3464566929133858,0.06299212598425197,0.8661417322834646,0.5275590551181102,0.0,0.9606299212598425,0.14960629921259844,0.5196850393700787
2024-08-29T14:02:07.856624,interface,0.3464566929133858,0.06299212598425197,0.8661417322834646,0.5275590551181102,0.0,0.9606299212598425,0.14960629921259844,0.5196850393700787
2024-08-29T14:02:07.865212,interface,0.3543307086614173,0.06299212598425197,0.8661417322834646,0.5275590551181102,0.0,0.9606299212598425,0.14960629921259844,0.5196850393700787
2024-08-29T14:02:07.875233,interface,0.36220472440944884,0.06299212598425197,0.8661417322834646,0.5275590551181102,0.0,0.9606299212598425,0.14960629921259844,0.5196850393700787
2024-08-29T14:02:07.884783,interface,0.3700787401574803,0.06299212598425197,0.8661417322834646,0.5275590551181102,0.0,0.9606299212598425,0.14960629921259844,0.5196850393700787
2024-08-29T14:02:07.886079,interface,0.3779527559055118,0.06299212598425197,0.8661417322834646,0.5275590551181102,0.0,0.9606299212598425,0.14960629921259844,0.5196850393700787
2024-08-29T14:02:07.896349,interface,0.3858267716535433,0.06299212598425197,0.8661417322834646,0.5275590551181102,0.0,0.9606299212598425,0.14960629921259844,0.5196850393700787
2024-08-29T14:02:07.905112,interface,0.3937007874015748,0.06299212598425197,0.8661417322834646,0.5275590551181102,0.0,0.9606299212598425,0.14960629921259844,0.5196850393700787
2024-08-29T14:02:07.916231,interface,0.4094488188976378,0.06299212598425197,0.8661417322834646,0.5275590551181102,0.0,0.9606299212598425,0.14960629921259844,0.5196850393700787
2024-08-29T14:02:07.924813,interface,0.41732283464566927,0.06299212598425197,0.8661417322834646,0.5275590551181102,0.0,0.9606299212598425,0.14960629921259844,0.5196850393700787
2024-08-29T14:02:07.925993,interface,0.4330708661417323,0.06299212598425197,0.8661417322834646,0.5275590551181102,0.0,0.9606299212598425,0.14960629921259844,0.5196850393700787
2024-08-29T14:02:07.936479,interface,0.4409448818897638,0.06299212598425197,0.8661417322834646,0.5275590551181102,0.0,0.9606299212598425,0.14960629921259844,0.5196850393700787
2024-08-29T14:02:07.945123,interface,0.4566929133858268,0.06299212598425197,0.8661417322834646,0.5275590551181102,0.0,0.9606299212598425,0.14960629921259844,0.5196850393700787
2024-08-29T14:02:07.954740,interface,0.4645669291338583,0.06299212598425197,0.8661417322834646,0.5275590551181102,0.0,0.9606299212598425,0.14960629921259844,0.5196850393700787
2024-08-29T14:02:07.968458,interface,0.47244094488188976,0.06299212598425197,0.8661417322834646,0.5275590551181102,0.0,0.9606299212598425,0.14960629921259844,0.5196850393700787
2024-08-29T14:02:07.969656,interface,0.48031496062992124,0.06299212598425197,0.8661417322834646,0.5275590551181102,0.0,0.9606299212598425,0.14960629921259844,0.5196850393700787
2024-08-29T14:02:07.972848,interface,0.4881889763779528,0.06299212598425197,0.8661417322834646,0.5275590551181102,0.0,0.9606299212598425,0.14960629921259844,0.5196850393700787
2024-08-29T14:02:07.985566,interface,0.49606299212598426,0.06299212598425197,0.8661417322834646,0.5275590551181102,0.0,0.9606299212598425,0.14960629921259844,0.5196850393700787
2024-08-29T14:02:07.995116,interface,0.49606299212598426,0.06299212598425197,0.8661417322834646,0.5275590551181102,0.0,0.9606299212598425,0.14960629921259844,0.5196850393700787
2024-08-29T14:02:08.005346,interface,0.5039370078740157,0.06299212598425197,0.8661417322834646,0.5275590551181102,0.0,0.9606299212598425,0.14960629921259844,0.5196850393700787
2024-08-29T14:02:08.006493,interface,0.5118110236220472,0.06299212598425197,0.8661417322834646,0.5275590551181102,0.0,0.9606299212598425,0.14960629921259844,0.5196850393700787
2024-08-29T14:02:08.011805,interface,0.5196850393700787,0.06299212598425197,0.8661417322834646,0.5275590551181102,0.0,0.9606299212598425,0.14960629921259844,0.5196850393700787
2024-08-29T14:02:08.025439,interface,0.5275590551181102,0.06299212598425197,0.8661417322834646,0.5275590551181102,0.0,0.9606299212598425,0.14960629921259844,0.5196850393700787
2024-08-29T14:02:08.035379,interface,0.5354330708661418,0.06299212598425197,0.8661417322834646,0.5275590551181102,0.0,0.9606299212598425,0.14960629921259844,0.5196850393700787
2024-08-29T14:02:08.045138,interface,0.5354330708661418,0.06299212598425197,0.8661417322834646,0.5275590551181102,0.0,0.9606299212598425,0.14960629921259844,0.5196850393700787
2024-08-29T14:02:08.046286,interface,0.5433070866141733,0.06299212598425197,0.8661417322834646,0.5275590551181102,0.0,0.9606299212598425,0.14960629921259844,0.5196850393700787
2024-08-29T14:02:08.056564,interface,0.5511811023622047,0.06299212598425197,0.8661417322834646,0.5275590551181102,0.0,0.9606299212598425,0.14960629921259844,0.5196850393700787
2024-08-29T14:02:08.065857,interface,0.5590551181102362,0.06299212598425197,0.8661417322834646,0.5275590551181102,0.0,0.9606299212598425,0.14960629921259844,0.5196850393700787
2024-08-29T14:02:08.074728,interface,0.5669291338582677,0.06299212598425197,0.8661417322834646,0.5275590551181102,0.0,0.9606299212598425,0.14960629921259844,0.5196850393700787
2024-08-29T14:02:08.084584,interface,0.5748031496062992,0.06299212598425197,0.8661417322834646,0.5275590551181102,0.0,0.9606299212598425,0.14960629921259844,0.5196850393700787
2024-08-29T14:02:08.085896,interface,0.5826771653543307,0.06299212598425197,0.8661417322834646,0.5275590551181102,0.0,0.9606299212598425,0.14960629921259844,0.5196850393700787
2024-08-29T14:02:08.096395,interface,0.5905511811023622,0.06299212598425197,0.8661417322834646,0.5275590551181102,0.0,0.9606299212598425,0.14960629921259844,0.5196850393700787
2024-08-29T14:02:08.105482,interface,0.5984251968503937,0.06299212598425197,0.8661417322834646,0.5275590551181102,0.0,0.9606299212598425,0.14960629921259844,0.5196850393700787
2024-08-29T14:02:08.115131,interface,0.5984251968503937,0.06299212598425197,0.8661417322834646,0.5275590551181102,0.0,0.9606299212598425,0.14960629921259844,0.5196850393700787
2024-08-29T14:02:08.124603,interface,0.6062992125984252,0.06299212598425197,0.8661417322834646,0.5275590551181102,0.0,0.9606299212598425,0.14960629921259844,0.5196850393700787
2024-08-29T14:02:08.125780,interface,0.6141732283464567,0.06299212598425197,0.8661417322834646,0.5275590551181102,0.0,0.9606299212598425,0.14960629921259844,0.5196850393700787
2024-08-29T14:02:08.136508,interface,0.6141732283464567,0.06299212598425197,0.8661417322834646,0.5275590551181102,0.0,0.9606299212598425,0.14960629921259844,0.5196850393700787
2024-08-29T14:02:08.145506,interface,0.6220472440944882,0.06299212598425197,0.8661417322834646,0.5275590551181102,0.0,0.9606299212598425,0.14960629921259844,0.5196850393700787
2024-08-29T14:02:08.155082,interface,0.6220472440944882,0.06299212598425197,0.8661417322834646,0.5275590551181102,0.0,0.9606299212598425,0.14960629921259844,0.5196850393700787
2024-08-29T14:02:08.165220,interface,0.6299212598425197,0.06299212598425197,0.8661417322834646,0.5275590551181102,0.0,0.9606299212598425,0.14960629921259844,0.5196850393700787
2024-08-29T14:02:08.166386,interface,0.6377952755905512,0.06299212598425197,0.8661417322834646,0.5275590551181102,0.0,0.9606299212598425,0.14960629921259844,0.5196850393700787
2024-08-29T14:02:08.171710,interface,0.6456692913385826,0.06299212598425197,0.8661417322834646,0.5275590551181102,0.0,0.9606299212598425,0.14960629921259844,0.5196850393700787
2024-08-29T14:02:08.185771,interface,0.6456692913385826,0.06299212598425197,0.8661417322834646,0.5275590551181102,0.0,0.9606299212598425,0.14960629921259844,0.5196850393700787
2024-08-29T14:02:08.194760,interface,0.6535433070866141,0.06299212598425197,0.8661417322834646,0.5275590551181102,0.0,0.9606299212598425,0.14960629921259844,0.5196850393700787
2024-08-29T14:02:08.204642,interface,0.6535433070866141,0.06299212598425197,0.8661417322834646,0.5275590551181102,0.0,0.9606299212598425,0.14960629921259844,0.5196850393700787
2024-08-29T14:02:08.205833,interface,0.6614173228346457,0.06299212598425197,0.8661417322834646,0.5275590551181102,0.0,0.9606299212598425,0.14960629921259844,0.5196850393700787
2024-08-29T14:02:08.216410,interface,0.6614173228346457,0.06299212598425197,0.8661417322834646,0.5275590551181102,0.0,0.9606299212598425,0.14960629921259844,0.5196850393700787
2024-08-29T14:02:08.224860,interface,0.6692913385826772,0.06299212598425197,0.8661417322834646,0.5275590551181102,0.0,0.9606299212598425,0.14960629921259844,0.5196850393700787
2024-08-29T14:02:08.243140,interface,0.6771653543307087,0.06299212598425197,0.8661417322834646,0.5275590551181102,0.0,0.9606299212598425,0.14960629921259844,0.5196850393700787
2024-08-29T14:02:08.256442,interface,0.6771653543307087,0.06299212598425197,0.8661417322834646,0.5275590551181102,0.0,0.9606299212598425,0.14960629921259844,0.5196850393700787
2024-08-29T14:02:08.280396,interface,0.6850393700787402,0.06299212598425197,0.8661417322834646,0.5275590551181102,0.0,0.9606299212598425,0.14960629921259844,0.5196850393700787
2024-08-29T14:02:08.368236,interface,0.6771653543307087,0.06299212598425197,0.8661417322834646,0.5275590551181102,0.0,0.9606299212598425,0.14960629921259844,0.5196850393700787
2024-08-29T14:02:08.376678,interface,0.6692913385826772,0.06299212598425197,0.8661417322834646,0.5275590551181102,0.0,0.9606299212598425,0.14960629921259844,0.5196850393700787
2024-08-29T14:02:08.385647,interface,0.6692913385826772,0.06299212598425197,0.8661417322834646,0.5275590551181102,0.0,0.9606299212598425,0.14960629921259844,0.5196850393700787
2024-08-29T14:02:08.395022,interface,0.6614173228346457,0.06299212598425197,0.8661417322834646,0.5275590551181102,0.0,0.9606299212598425,0.14960629921259844,0.5196850393700787
2024-08-29T14:02:08.405976,interface,0.6614173228346457,0.06299212598425197,0.8661417322834646,0.5275590551181102,0.0,0.9606299212598425,0.14960629921259844,0.5196850393700787
2024-08-29T14:02:08.407264,interface,0.6535433070866141,0.06299212598425197,0.8661417322834646,0.5275590551181102,0.0,0.9606299212598425,0.14960629921259844,0.5196850393700787
2024-08-29T14:02:08.412400,interface,0.6456692913385826,0.06299212598425197,0.8661417322834646,0.5275590551181102,0.0,0.9606299212598425,0.14960629921259844,0.5196850393700787
2024-08-29T14:02:08.424652,interface,0.6377952755905512,0.06299212598425197,0.8661417322834646,0.5275590551181102,0.0,0.9606299212598425,0.14960629921259844,0.5196850393700787
2024-08-29T14:02:08.434639,interface,0.6299212598425197,0.06299212598425197,0.8661417322834646,0.5275590551181102,0.0,0.9606299212598425,0.14960629921259844,0.5196850393700787
2024-08-29T14:02:08.444750,interface,0.6220472440944882,0.06299212598425197,0.8661417322834646,0.5275590551181102,0.0,0.9606299212598425,0.14960629921259844,0.5196850393700787
2024-08-29T14:02:08.445924,interface,0.6141732283464567,0.06299212598425197,0.8661417322834646,0.5275590551181102,0.0,0.9606299212598425,0.14960629921259844,0.5196850393700787
2024-08-29T14:02:08.456407,interface,0.5984251968503937,0.06299212598425197,0.8661417322834646,0.5275590551181102,0.0,0.9606299212598425,0.14960629921259844,0.5196850393700787
2024-08-29T14:02:08.465304,interface,0.5905511811023622,0.06299212598425197,0.8661417322834646,0.5275590551181102,0.0,0.9606299212598425,0.14960629921259844,0.5196850393700787
2024-08-29T14:02:08.474680,interface,0.5826771653543307,0.06299212598425197,0.8661417322834646,0.5275590551181102,0.0,0.9606299212598425,0.14960629921259844,0.5196850393700787
2024-08-29T14:02:08.485975,interface,0.5748031496062992,0.06299212598425197,0.8661417322834646,0.5275590551181102,0.0,0.9606299212598425,0.14960629921259844,0.5196850393700787
2024-08-29T14:02:08.487222,interface,0.5669291338582677,0.06299212598425197,0.8661417322834646,0.5275590551181102,0.0,0.9606299212598425,0.14960629921259844,0.5196850393700787
2024-08-29T14:02:08.492406,interface,0.5590551181102362,0.06299212598425197,0.8661417322834646,0.5275590551181102,0.0,0.9606299212598425,0.14960629921259844,0.5196850393700787
2024-08-29T14:02:08.505398,interface,0.5511811023622047,0.06299212598425197,0.8661417322834646,0.5275590551181102,0.0,0.9606299212598425,0.14960629921259844,0.5196850393700787
2024-08-29T14:02:08.515273,interface,0.5511811023622047,0.06299212598425197,0.8661417322834646,0.5275590551181102,0.0,0.9606299212598425,0.14960629921259844,0.5196850393700787
2024-08-29T14:02:08.524954,interface,0.5433070866141733,0.06299212598425197,0.8661417322834646,0.5275590551181102,0.0,0.9606299212598425,0.14960629921259844,0.5196850393700787
2024-08-29T14:02:08.526094,interface,0.5433070866141733,0.06299212598425197,0.8661417322834646,0.5275590551181102,0.0,0.9606299212598425,0.14960629921259844,0.5196850393700787
2024-08-29T14:02:08.544246,interface,0.5354330708661418,0.06299212598425197,0.8661417322834646,0.5275590551181102,0.0,0.9606299212598425,0.14960629921259844,0.5196850393700787
2024-08-29T14:02:08.568250,interface,0.5275590551181102,0.06299212598425197,0.8661417322834646,0.5275590551181102,0.0,0.9606299212598425,0.14960629921259844,0.5196850393700787
2024-08-29T14:02:08.600265,interface,0.5275590551181102,0.06299212598425197,0.8661417322834646,0.5275590551181102,0.0,0.9606299212598425,0.14960629921259844,0.5196850393700787
2024-08-29T14:02:08.656271,interface,0.5196850393700787,0.06299212598425197,0.8661417322834646,0.5275590551181102,0.0,0.9606299212598425,0.14960629921259844,0.5196850393700787
2024-08-29T14:02:08.893014,interface,0.5275590551181102,0.06299212598425197,0.8661417322834646,0.5275590551181102,0.0,0.9606299212598425,0.14960629921259844,0.5196850393700787
2024-08-29T14:02:08.904422,interface,0.5275590551181102,0.06299212598425197,0.8661417322834646,0.5275590551181102,0.0,0.9606299212598425,0.14960629921259844,0.5196850393700787
2024-08-29T14:02:08.920277,interface,0.5354330708661418,0.06299212598425197,0.8661417322834646,0.5275590551181102,0.0,0.9606299212598425,0.14960629921259844,0.5196850393700787
2024-08-29T14:02:08.936561,interface,0.5433070866141733,0.06299212598425197,0.8661417322834646,0.5275590551181102,0.0,0.9606299212598425,0.14960629921259844,0.5196850393700787
2024-08-29T14:02:08.952371,interface,0.5511811023622047,0.06299212598425197,0.8661417322834646,0.5275590551181102,0.0,0.9606299212598425,0.14960629921259844,0.5196850393700787
2024-08-29T14:02:08.968204,interface,0.5511811023622047,0.06299212598425197,0.8661417322834646,0.5275590551181102,0.0,0.9606299212598425,0.14960629921259844,0.5196850393700787
2024-08-29T14:02:08.969384,interface,0.5590551181102362,0.06299212598425197,0.8661417322834646,0.5275590551181102,0.0,0.9606299212598425,0.14960629921259844,0.5196850393700787
2024-08-29T14:02:08.972569,interface,0.5669291338582677,0.06299212598425197,0.8661417322834646,0.5275590551181102,0.0,0.9606299212598425,0.14960629921259844,0.5196850393700787
2024-08-29T14:02:08.985262,interface,0.5669291338582677,0.06299212598425197,0.8661417322834646,0.5275590551181102,0.0,0.9606299212598425,0.14960629921259844,0.5196850393700787
2024-08-29T14:02:09.000453,interface,0.5748031496062992,0.06299212598425197,0.8661417322834646,0.5275590551181102,0.0,0.9606299212598425,0.14960629921259844,0.5196850393700787
2024-08-29T14:02:09.018126,interface,0.5748031496062992,0.06299212598425197,0.8661417322834646,0.5275590551181102,0.0,0.9606299212598425,0.14960629921259844,0.5196850393700787
2024-08-29T14:02:09.032535,interface,0.5826771653543307,0.06299212598425197,0.8661417322834646,0.5275590551181102,0.0,0.9606299212598425,0.14960629921259844,0.5196850393700787
2024-08-29T14:02:09.048376,interface,0.5826771653543307,0.06299212598425197,0.8661417322834646,0.5275590551181102,0.0,0.9606299212598425,0.14960629921259844,0.5196850393700787
2024-08-29T14:02:09.072249,interface,0.5905511811023622,0.06299212598425197,0.8661417322834646,0.5275590551181102,0.0,0.9606299212598425,0.14960629921259844,0.5196850393700787
2024-08-29T14:02:09.093147,interface,0.5905511811023622,0.06299212598425197,0.8661417322834646,0.5275590551181102,0.0,0.9606299212598425,0.14960629921259844,0.5196850393700787
2024-08-29T14:02:09.104377,interface,0.5984251968503937,0.06299212598425197,0.8661417322834646,0.5275590551181102,0.0,0.9606299212598425,0.14960629921259844,0.5196850393700787
2024-08-29T14:02:09.120259,interface,0.6062992125984252,0.06299212598425197,0.8661417322834646,0.5275590551181102,0.0,0.9606299212598425,0.14960629921259844,0.5196850393700787
2024-08-29T14:02:09.136521,interface,0.6062992125984252,0.06299212598425197,0.8661417322834646,0.5275590551181102,0.0,0.9606299212598425,0.14960629921259844,0.5196850393700787
2024-08-29T14:02:09.152382,interface,0.6141732283464567,0.06299212598425197,0.8661417322834646,0.5275590551181102,0.0,0.9606299212598425,0.14960629921259844,0.5196850393700787
2024-08-29T14:02:09.184363,interface,0.6220472440944882,0.06299212598425197,0.8661417322834646,0.5275590551181102,0.0,0.9606299212598425,0.14960629921259844,0.5196850393700787
2024-08-29T14:02:09.358437,interface,0.6141732283464567,0.06299212598425197,0.8661417322834646,0.5275590551181102,0.0,0.9606299212598425,0.14960629921259844,0.5196850393700787
2024-08-29T14:02:09.382542,interface,0.6062992125984252,0.06299212598425197,0.8661417322834646,0.5275590551181102,0.0,0.9606299212598425,0.14960629921259844,0.5196850393700787
2024-08-29T14:02:09.406444,interface,0.6062992125984252,0.06299212598425197,0.8661417322834646,0.5275590551181102,0.0,0.9606299212598425,0.14960629921259844,0.5196850393700787
2024-08-29T14:02:09.422449,interface,0.5984251968503937,0.06299212598425197,0.8661417322834646,0.5275590551181102,0.0,0.9606299212598425,0.14960629921259844,0.5196850393700787
2024-08-29T14:02:09.443196,interface,0.5905511811023622,0.06299212598425197,0.8661417322834646,0.5275590551181102,0.0,0.9606299212598425,0.14960629921259844,0.5196850393700787
2024-08-29T14:02:09.454432,interface,0.5826771653543307,0.06299212598425197,0.8661417322834646,0.5275590551181102,0.0,0.9606299212598425,0.14960629921259844,0.5196850393700787
2024-08-29T14:02:09.468154,interface,0.5826771653543307,0.06299212598425197,0.8661417322834646,0.5275590551181102,0.0,0.9606299212598425,0.14960629921259844,0.5196850393700787
2024-08-29T14:02:09.478454,interface,0.5748031496062992,0.06299212598425197,0.8661417322834646,0.5275590551181102,0.0,0.9606299212598425,0.14960629921259844,0.5196850393700787
2024-08-29T14:02:09.502285,interface,0.5748031496062992,0.06299212598425197,0.8661417322834646,0.5275590551181102,0.0,0.9606299212598425,0.14960629921259844,0.5196850393700787
2024-08-29T14:02:09.526690,interface,0.5669291338582677,0.06299212598425197,0.8661417322834646,0.5275590551181102,0.0,0.9606299212598425,0.14960629921259844,0.5196850393700787
2024-08-29T14:02:09.582505,interface,0.5669291338582677,0.06299212598425197,0.8661417322834646,0.5275590551181102,0.0,0.9606299212598425,0.14960629921259844,0.5196850393700787
2024-08-29T14:02:10.126460,interface,0.5669291338582677,0.06299212598425197,0.8661417322834646,0.5275590551181102,0.0,0.9606299212598425,0.14960629921259844,0.5196850393700787
2024-08-29T14:02:10.158533,interface,0.5748031496062992,0.06299212598425197,0.8661417322834646,0.5275590551181102,0.0,0.9606299212598425,0.14960629921259844,0.5196850393700787
2024-08-29T14:02:10.193030,interface,0.5748031496062992,0.06299212598425197,0.8661417322834646,0.5275590551181102,0.0,0.9606299212598425,0.14960629921259844,0.5196850393700787
2024-08-29T14:02:10.206599,interface,0.5826771653543307,0.06299212598425197,0.8661417322834646,0.5275590551181102,0.0,0.9606299212598425,0.14960629921259844,0.5196850393700787
2024-08-29T14:02:10.222558,interface,0.5826771653543307,0.06299212598425197,0.8661417322834646,0.5275590551181102,0.0,0.9606299212598425,0.14960629921259844,0.5196850393700787
2024-08-29T14:02:10.243014,interface,0.5905511811023622,0.06299212598425197,0.8661417322834646,0.5275590551181102,0.0,0.9606299212598425,0.14960629921259844,0.5196850393700787
2024-08-29T14:02:10.262678,interface,0.5905511811023622,0.06299212598425197,0.8661417322834646,0.5275590551181102,0.0,0.9606299212598425,0.14960629921259844,0.5196850393700787
2024-08-29T14:02:10.294460,interface,0.5984251968503937,0.06299212598425197,0.8661417322834646,0.5275590551181102,0.0,0.9606299212598425,0.14960629921259844,0.5196850393700787
2024-08-29T14:02:10.318470,interface,0.5984251968503937,0.06299212598425197,0.8661417322834646,0.5275590551181102,0.0,0.9606299212598425,0.14960629921259844,0.5196850393700787
2024-08-29T14:02:10.334713,interface,0.6062992125984252,0.06299212598425197,0.8661417322834646,0.5275590551181102,0.0,0.9606299212598425,0.14960629921259844,0.5196850393700787
2024-08-29T14:02:10.358771,interface,0.6141732283464567,0.06299212598425197,0.8661417322834646,0.5275590551181102,0.0,0.9606299212598425,0.14960629921259844,0.5196850393700787
2024-08-29T14:02:10.382722,interface,0.6141732283464567,0.06299212598425197,0.8661417322834646,0.5275590551181102,0.0,0.9606299212598425,0.14960629921259844,0.5196850393700787
2024-08-29T14:02:10.406653,interface,0.6220472440944882,0.06299212598425197,0.8661417322834646,0.5275590551181102,0.0,0.9606299212598425,0.14960629921259844,0.5196850393700787
2024-08-29T14:02:11.442925,interface,0.6220472440944882,0.06299212598425197,0.8661417322834646,0.5275590551181102,0.0,0.9606299212598425,0.14960629921259844,0.5196850393700787
2024-08-29T14:02:11.517904,interface,0.6299212598425197,0.06299212598425197,0.8661417322834646,0.5275590551181102,0.0,0.9606299212598425,0.14960629921259844,0.5196850393700787
2024-08-29T14:03:22.561426,interface,0.6377952755905512,0.06299212598425197,0.8661417322834646,0.5275590551181102,0.0,0.9606299212598425,0.14960629921259844,0.5196850393700787
2024-08-29T14:03:22.577632,interface,0.6456692913385826,0.06299212598425197,0.8661417322834646,0.5275590551181102,0.0,0.9606299212598425,0.14960629921259844,0.5196850393700787
2024-08-29T14:03:22.578766,interface,0.6456692913385826,0.06299212598425197,0.8661417322834646,0.5275590551181102,0.0,0.9606299212598425,0.14960629921259844,0.5196850393700787
2024-08-29T14:03:22.582160,interface,0.6535433070866141,0.06299212598425197,0.8661417322834646,0.5275590551181102,0.0,0.9606299212598425,0.14960629921259844,0.5196850393700787
2024-08-29T14:03:22.595164,interface,0.6614173228346457,0.06299212598425197,0.8661417322834646,0.5275590551181102,0.0,0.9606299212598425,0.14960629921259844,0.5196850393700787
2024-08-29T14:03:22.604500,interface,0.6692913385826772,0.06299212598425197,0.8661417322834646,0.5275590551181102,0.0,0.9606299212598425,0.14960629921259844,0.5196850393700787
2024-08-29T14:03:22.618137,interface,0.6771653543307087,0.06299212598425197,0.8661417322834646,0.5275590551181102,0.0,0.9606299212598425,0.14960629921259844,0.5196850393700787
2024-08-29T14:03:22.619239,interface,0.6929133858267716,0.06299212598425197,0.8661417322834646,0.5275590551181102,0.0,0.9606299212598425,0.14960629921259844,0.5196850393700787
2024-08-29T14:03:22.622468,interface,0.7007874015748031,0.06299212598425197,0.8661417322834646,0.5275590551181102,0.0,0.9606299212598425,0.14960629921259844,0.5196850393700787
2024-08-29T14:03:22.634754,interface,0.7165354330708661,0.06299212598425197,0.8661417322834646,0.5275590551181102,0.0,0.9606299212598425,0.14960629921259844,0.5196850393700787
2024-08-29T14:03:22.646015,interface,0.7322834645669292,0.06299212598425197,0.8661417322834646,0.5275590551181102,0.0,0.9606299212598425,0.14960629921259844,0.5196850393700787
2024-08-29T14:03:22.654724,interface,0.7401574803149606,0.06299212598425197,0.8661417322834646,0.5275590551181102,0.0,0.9606299212598425,0.14960629921259844,0.5196850393700787
2024-08-29T14:03:22.655851,interface,0.7559055118110236,0.06299212598425197,0.8661417322834646,0.5275590551181102,0.0,0.9606299212598425,0.14960629921259844,0.5196850393700787
2024-08-29T14:03:22.666214,interface,0.7637795275590551,0.06299212598425197,0.8661417322834646,0.5275590551181102,0.0,0.9606299212598425,0.14960629921259844,0.5196850393700787
2024-08-29T14:03:22.675049,interface,0.7795275590551181,0.06299212598425197,0.8661417322834646,0.5275590551181102,0.0,0.9606299212598425,0.14960629921259844,0.5196850393700787
2024-08-29T14:03:22.684507,interface,0.7874015748031497,0.06299212598425197,0.8661417322834646,0.5275590551181102,0.0,0.9606299212598425,0.14960629921259844,0.5196850393700787
2024-08-29T14:03:22.696251,interface,0.7952755905511811,0.06299212598425197,0.8661417322834646,0.5275590551181102,0.0,0.9606299212598425,0.14960629921259844,0.5196850393700787
2024-08-29T14:03:22.697428,interface,0.7952755905511811,0.06299212598425197,0.8661417322834646,0.5275590551181102,0.0,0.9606299212598425,0.14960629921259844,0.5196850393700787
2024-08-29T14:03:22.718041,interface,0.8031496062992126,0.06299212598425197,0.8661417322834646,0.5275590551181102,0.0,0.9606299212598425,0.14960629921259844,0.5196850393700787
2024-08-29T14:03:22.761452,interface,0.7952755905511811,0.06299212598425197,0.8661417322834646,0.5275590551181102,0.0,0.9606299212598425,0.14960629921259844,0.5196850393700787
2024-08-29T14:03:22.774777,interface,0.7952755905511811,0.06299212598425197,0.8661417322834646,0.5275590551181102,0.0,0.9606299212598425,0.14960629921259844,0.5196850393700787
2024-08-29T14:03:22.775908,interface,0.7874015748031497,0.06299212598425197,0.8661417322834646,0.5275590551181102,0.0,0.9606299212598425,0.14960629921259844,0.5196850393700787
2024-08-29T14:03:22.781212,interface,0.7795275590551181,0.06299212598425197,0.8661417322834646,0.5275590551181102,0.0,0.9606299212598425,0.14960629921259844,0.5196850393700787
2024-08-29T14:03:22.796494,interface,0.7716535433070866,0.06299212598425197,0.8661417322834646,0.5275590551181102,0.0,0.9606299212598425,0.14960629921259844,0.5196850393700787
2024-08-29T14:03:22.799860,interface,0.7637795275590551,0.06299212598425197,0.8661417322834646,0.5275590551181102,0.0,0.9606299212598425,0.14960629921259844,0.5196850393700787
2024-08-29T14:03:22.818090,interface,0.7559055118110236,0.06299212598425197,0.8661417322834646,0.5275590551181102,0.0,0.9606299212598425,0.14960629921259844,0.5196850393700787
2024-08-29T14:03:22.819220,interface,0.7559055118110236,0.06299212598425197,0.8661417322834646,0.5275590551181102,0.0,0.9606299212598425,0.14960629921259844,0.5196850393700787
2024-08-29T14:03:22.820479,interface,0.7480314960629921,0.06299212598425197,0.8661417322834646,0.5275590551181102,0.0,0.9606299212598425,0.14960629921259844,0.5196850393700787
2024-08-29T14:03:22.834730,interface,0.7401574803149606,0.06299212598425197,0.8661417322834646,0.5275590551181102,0.0,0.9606299212598425,0.14960629921259844,0.5196850393700787
2024-08-29T14:03:22.844682,interface,0.7322834645669292,0.06299212598425197,0.8661417322834646,0.5275590551181102,0.0,0.9606299212598425,0.14960629921259844,0.5196850393700787
2024-08-29T14:03:22.855172,interface,0.7244094488188977,0.06299212598425197,0.8661417322834646,0.5275590551181102,0.0,0.9606299212598425,0.14960629921259844,0.5196850393700787
2024-08-29T14:03:22.856299,interface,0.7244094488188977,0.06299212598425197,0.8661417322834646,0.5275590551181102,0.0,0.9606299212598425,0.14960629921259844,0.5196850393700787
2024-08-29T14:03:22.861466,interface,0.7165354330708661,0.06299212598425197,0.8661417322834646,0.5275590551181102,0.0,0.9606299212598425,0.14960629921259844,0.5196850393700787
2024-08-29T14:03:22.874679,interface,0.7165354330708661,0.06299212598425197,0.8661417322834646,0.5275590551181102,0.0,0.9606299212598425,0.14960629921259844,0.5196850393700787
2024-08-29T14:03:22.893197,interface,0.7086614173228346,0.06299212598425197,0.8661417322834646,0.5275590551181102,0.0,0.9606299212598425,0.14960629921259844,0.5196850393700787
2024-08-29T14:03:23.341077,interface,0.7086614173228346,0.06299212598425197,0.8661417322834646,0.5196850393700787,0.0,0.9606299212598425,0.14960629921259844,0.5196850393700787
2024-08-29T14:03:23.358215,interface,0.7086614173228346,0.06299212598425197,0.8661417322834646,0.5118110236220472,0.0,0.9606299212598425,0.14960629921259844,0.5196850393700787
2024-08-29T14:03:23.359428,interface,0.7086614173228346,0.06299212598425197,0.8661417322834646,0.5039370078740157,0.0,0.9606299212598425,0.14960629921259844,0.5196850393700787
2024-08-29T14:03:23.362765,interface,0.7086614173228346,0.06299212598425197,0.8661417322834646,0.49606299212598426,0.0,0.9606299212598425,0.14960629921259844,0.5196850393700787
2024-08-29T14:03:23.374413,interface,0.7086614173228346,0.06299212598425197,0.8661417322834646,0.4881889763779528,0.0,0.9606299212598425,0.14960629921259844,0.5196850393700787
2024-08-29T14:03:23.385251,interface,0.7086614173228346,0.06299212598425197,0.8661417322834646,0.47244094488188976,0.0,0.9606299212598425,0.14960629921259844,0.5196850393700787
2024-08-29T14:03:23.386456,interface,0.7086614173228346,0.06299212598425197,0.8661417322834646,0.4566929133858268,0.0,0.9606299212598425,0.14960629921259844,0.5196850393700787
2024-08-29T14:03:23.391707,interface,0.7086614173228346,0.06299212598425197,0.8661417322834646,0.4409448818897638,0.0,0.9606299212598425,0.14960629921259844,0.5196850393700787
2024-08-29T14:03:23.404578,interface,0.7086614173228346,0.06299212598425197,0.8661417322834646,0.4251968503937008,0.0,0.9606299212598425,0.14960629921259844,0.5196850393700787
2024-08-29T14:03:23.418132,interface,0.7086614173228346,0.06299212598425197,0.8661417322834646,0.4015748031496063,0.0,0.9606299212598425,0.14960629921259844,0.5196850393700787
2024-08-29T14:03:23.419442,interface,0.7086614173228346,0.06299212598425197,0.8661417322834646,0.3858267716535433,0.0,0.9606299212598425,0.14960629921259844,0.5196850393700787
2024-08-29T14:03:23.422850,interface,0.7086614173228346,0.06299212598425197,0.8661417322834646,0.3700787401574803,0.0,0.9606299212598425,0.14960629921259844,0.5196850393700787
2024-08-29T14:03:23.436120,interface,0.7086614173228346,0.06299212598425197,0.8661417322834646,0.36220472440944884,0.0,0.9606299212598425,0.14960629921259844,0.5196850393700787
2024-08-29T14:03:23.445119,interface,0.7086614173228346,0.06299212598425197,0.8661417322834646,0.3543307086614173,0.0,0.9606299212598425,0.14960629921259844,0.5196850393700787
2024-08-29T14:03:23.455265,interface,0.7086614173228346,0.06299212598425197,0.8661417322834646,0.3543307086614173,0.0,0.9606299212598425,0.14960629921259844,0.5196850393700787
2024-08-29T14:03:23.467599,interface,0.7086614173228346,0.06299212598425197,0.8661417322834646,0.3464566929133858,0.0,0.9606299212598425,0.14960629921259844,0.5196850393700787
2024-08-29T14:03:23.542777,interface,0.7086614173228346,0.06299212598425197,0.8661417322834646,0.33858267716535434,0.0,0.9606299212598425,0.14960629921259844,0.5196850393700787
2024-08-29T14:03:23.555638,interface,0.7086614173228346,0.06299212598425197,0.8661417322834646,0.33070866141732286,0.0,0.9606299212598425,0.14960629921259844,0.5196850393700787
2024-08-29T14:03:23.565418,interface,0.7086614173228346,0.06299212598425197,0.8661417322834646,0.33070866141732286,0.0,0.9606299212598425,0.14960629921259844,0.5196850393700787
2024-08-29T14:03:23.574708,interface,0.7086614173228346,0.06299212598425197,0.8661417322834646,0.3228346456692913,0.0,0.9606299212598425,0.14960629921259844,0.5196850393700787
2024-08-29T14:03:23.585434,interface,0.7086614173228346,0.06299212598425197,0.8661417322834646,0.31496062992125984,0.0,0.9606299212598425,0.14960629921259844,0.5196850393700787
2024-08-29T14:03:23.586638,interface,0.7086614173228346,0.06299212598425197,0.8661417322834646,0.30708661417322836,0.0,0.9606299212598425,0.14960629921259844,0.5196850393700787
2024-08-29T14:03:23.591763,interface,0.7086614173228346,0.06299212598425197,0.8661417322834646,0.2992125984251969,0.0,0.9606299212598425,0.14960629921259844,0.5196850393700787
2024-08-29T14:03:23.604302,interface,0.7086614173228346,0.06299212598425197,0.8661417322834646,0.29133858267716534,0.0,0.9606299212598425,0.14960629921259844,0.5196850393700787
2024-08-29T14:03:23.617961,interface,0.7086614173228346,0.06299212598425197,0.8661417322834646,0.28346456692913385,0.0,0.9606299212598425,0.14960629921259844,0.5196850393700787
2024-08-29T14:03:23.621178,interface,0.7086614173228346,0.06299212598425197,0.8661417322834646,0.2755905511811024,0.0,0.9606299212598425,0.14960629921259844,0.5196850393700787
2024-08-29T14:03:23.624396,interface,0.7086614173228346,0.06299212598425197,0.8661417322834646,0.2755905511811024,0.0,0.9606299212598425,0.14960629921259844,0.5196850393700787
2024-08-29T14:03:23.635790,interface,0.7086614173228346,0.06299212598425197,0.8661417322834646,0.2677165354330709,0.0,0.9606299212598425,0.14960629921259844,0.5196850393700787
2024-08-29T14:03:23.660044,interface,0.7086614173228346,0.06299212598425197,0.8661417322834646,0.2677165354330709,0.0,0.9606299212598425,0.14960629921259844,0.5196850393700787
2024-08-29T14:03:23.788549,interface,0.7086614173228346,0.06299212598425197,0.8661417322834646,0.25984251968503935,0.0,0.9606299212598425,0.14960629921259844,0.5196850393700787
2024-08-29T14:03:23.808615,interface,0.7086614173228346,0.06299212598425197,0.8661417322834646,0.25196850393700787,0.0,0.9606299212598425,0.14960629921259844,0.5196850393700787
2024-08-29T14:03:23.811892,interface,0.7086614173228346,0.06299212598425197,0.8661417322834646,0.25196850393700787,0.0,0.9606299212598425,0.14960629921259844,0.5196850393700787
2024-08-29T14:03:23.824783,interface,0.7086614173228346,0.06299212598425197,0.8661417322834646,0.2440944881889764,0.0,0.9606299212598425,0.14960629921259844,0.5196850393700787
2024-08-29T14:03:23.825947,interface,0.7086614173228346,0.06299212598425197,0.8661417322834646,0.2283464566929134,0.0,0.9606299212598425,0.14960629921259844,0.5196850393700787
2024-08-29T14:03:23.831176,interface,0.7086614173228346,0.06299212598425197,0.8661417322834646,0.2125984251968504,0.0,0.9606299212598425,0.14960629921259844,0.5196850393700787
2024-08-29T14:03:23.844549,interface,0.7086614173228346,0.06299212598425197,0.8661417322834646,0.1968503937007874,0.0,0.9606299212598425,0.14960629921259844,0.5196850393700787
2024-08-29T14:03:23.855267,interface,0.7086614173228346,0.06299212598425197,0.8661417322834646,0.18110236220472442,0.0,0.9606299212598425,0.14960629921259844,0.5196850393700787
2024-08-29T14:03:23.865582,interface,0.7086614173228346,0.06299212598425197,0.8661417322834646,0.16535433070866143,0.0,0.9606299212598425,0.14960629921259844,0.5196850393700787
2024-08-29T14:03:23.866716,interface,0.7086614173228346,0.06299212598425197,0.8661417322834646,0.13385826771653545,0.0,0.9606299212598425,0.14960629921259844,0.5196850393700787
2024-08-29T14:03:23.871991,interface,0.7086614173228346,0.06299212598425197,0.8661417322834646,0.11023622047244094,0.0,0.9606299212598425,0.14960629921259844,0.5196850393700787
2024-08-29T14:03:23.885336,interface,0.7086614173228346,0.06299212598425197,0.8661417322834646,0.08661417322834646,0.0,0.9606299212598425,0.14960629921259844,0.5196850393700787
2024-08-29T14:03:23.894693,interface,0.7086614173228346,0.06299212598425197,0.8661417322834646,0.05511811023622047,0.0,0.9606299212598425,0.14960629921259844,0.5196850393700787
2024-08-29T14:03:23.906712,interface,0.7086614173228346,0.06299212598425197,0.8661417322834646,0.031496062992125984,0.0,0.9606299212598425,0.14960629921259844,0.5196850393700787
2024-08-29T14:03:23.908060,interface,0.7086614173228346,0.06299212598425197,0.8661417322834646,0.015748031496062992,0.0,0.9606299212598425,0.14960629921259844,0.5196850393700787
2024-08-29T14:03:23.911745,interface,0.7086614173228346,0.06299212598425197,0.8661417322834646,0.007874015748031496,0.0,0.9606299212598425,0.14960629921259844,0.5196850393700787
2024-08-29T14:03:23.925316,interface,0.7086614173228346,0.06299212598425197,0.8661417322834646,0.0,0.0,0.9606299212598425,0.14960629921259844,0.5196850393700787
2024-08-29T14:03:24.209930,interface,0.7086614173228346,0.06299212598425197,0.8661417322834646,0.007874015748031496,0.0,0.9606299212598425,0.14960629921259844,0.5196850393700787
2024-08-29T14:03:24.213443,interface,0.7086614173228346,0.06299212598425197,0.8661417322834646,0.007874015748031496,0.0,0.9606299212598425,0.14960629921259844,0.5196850393700787
2024-08-29T14:03:24.225951,interface,0.7086614173228346,0.06299212598425197,0.8661417322834646,0.023622047244094488,0.0,0.9606299212598425,0.14960629921259844,0.5196850393700787
2024-08-29T14:03:24.235038,interface,0.7086614173228346,0.06299212598425197,0.8661417322834646,0.047244094488188976,0.0,0.9606299212598425,0.14960629921259844,0.5196850393700787
2024-08-29T14:03:24.245342,interface,0.7086614173228346,0.06299212598425197,0.8661417322834646,0.06299212598425197,0.0,0.9606299212598425,0.14960629921259844,0.5196850393700787
2024-08-29T14:03:24.255187,interface,0.7086614173228346,0.06299212598425197,0.8661417322834646,0.08661417322834646,0.0,0.9606299212598425,0.14960629921259844,0.5196850393700787
2024-08-29T14:03:24.256314,interface,0.7086614173228346,0.06299212598425197,0.8661417322834646,0.11023622047244094,0.0,0.9606299212598425,0.14960629921259844,0.5196850393700787
2024-08-29T14:03:24.266633,interface,0.7086614173228346,0.06299212598425197,0.8661417322834646,0.12598425196850394,0.0,0.9606299212598425,0.14960629921259844,0.5196850393700787
2024-08-29T14:03:24.275197,interface,0.7086614173228346,0.06299212598425197,0.8661417322834646,0.14960629921259844,0.0,0.9606299212598425,0.14960629921259844,0.5196850393700787
2024-08-29T14:03:24.284579,interface,0.7086614173228346,0.06299212598425197,0.8661417322834646,0.16535433070866143,0.0,0.9606299212598425,0.14960629921259844,0.5196850393700787
2024-08-29T14:03:24.295518,interface,0.7086614173228346,0.06299212598425197,0.8661417322834646,0.1732283464566929,0.0,0.9606299212598425,0.14960629921259844,0.5196850393700787
2024-08-29T14:03:24.296675,interface,0.7086614173228346,0.06299212598425197,0.8661417322834646,0.1889763779527559,0.0,0.9606299212598425,0.14960629921259844,0.5196850393700787
2024-08-29T14:03:24.301928,interface,0.7086614173228346,0.06299212598425197,0.8661417322834646,0.1968503937007874,0.0,0.9606299212598425,0.14960629921259844,0.5196850393700787
2024-08-29T14:03:24.317943,interface,0.7086614173228346,0.06299212598425197,0.8661417322834646,0.2047244094488189,0.0,0.9606299212598425,0.14960629921259844,0.5196850393700787
2024-08-29T14:03:24.321194,interface,0.7086614173228346,0.06299212598425197,0.8661417322834646,0.2125984251968504,0.0,0.9606299212598425,0.14960629921259844,0.5196850393700787
2024-08-29T14:03:24.335083,interface,0.7086614173228346,0.06299212598425197,0.8661417322834646,0.2125984251968504,0.0,0.9606299212598425,0.14960629921259844,0.5196850393700787
2024-08-29T14:03:24.336318,interface,0.7086614173228346,0.06299212598425197,0.8661417322834646,0.2204724409448819,0.0,0.9606299212598425,0.14960629921259844,0.5196850393700787
2024-08-29T14:03:24.353940,interface,0.7086614173228346,0.06299212598425197,0.8661417322834646,0.2283464566929134,0.0,0.9606299212598425,0.14960629921259844,0.5196850393700787
2024-08-29T14:03:24.369831,interface,0.7086614173228346,0.06299212598425197,0.8661417322834646,0.2283464566929134,0.0,0.9606299212598425,0.14960629921259844,0.5196850393700787
2024-08-29T14:03:24.386078,interface,0.7086614173228346,0.06299212598425197,0.8661417322834646,0.23622047244094488,0.0,0.9606299212598425,0.14960629921259844,0.5196850393700787
2024-08-29T14:03:24.401973,interface,0.7086614173228346,0.06299212598425197,0.8661417322834646,0.2440944881889764,0.0,0.9606299212598425,0.14960629921259844,0.5196850393700787
2024-08-29T14:03:24.418017,interface,0.7086614173228346,0.06299212598425197,0.8661417322834646,0.25196850393700787,0.0,0.9606299212598425,0.14960629921259844,0.5196850393700787
2024-08-29T14:03:24.434088,interface,0.7086614173228346,0.06299212598425197,0.8661417322834646,0.25984251968503935,0.0,0.9606299212598425,0.14960629921259844,0.5196850393700787
2024-08-29T14:03:24.449985,interface,0.7086614173228346,0.06299212598425197,0.8661417322834646,0.25984251968503935,0.0,0.9606299212598425,0.14960629921259844,0.5196850393700787
2024-08-29T14:03:24.467978,interface,0.7086614173228346,0.06299212598425197,0.8661417322834646,0.2677165354330709,0.0,0.9606299212598425,0.14960629921259844,0.5196850393700787
2024-08-29T14:03:24.482155,interface,0.7086614173228346,0.06299212598425197,0.8661417322834646,0.2755905511811024,0.0,0.9606299212598425,0.14960629921259844,0.5196850393700787
2024-08-29T14:03:25.243081,interface,0.7086614173228346,0.06299212598425197,0.8661417322834646,0.2755905511811024,0.007874015748031496,0.9606299212598425,0.14960629921259844,0.5196850393700787
2024-08-29T14:03:25.244234,interface,0.7086614173228346,0.06299212598425197,0.8661417322834646,0.2755905511811024,0.007874015748031496,0.9606299212598425,0.14960629921259844,0.5196850393700787
2024-08-29T14:03:25.249585,interface,0.7086614173228346,0.06299212598425197,0.8661417322834646,0.2755905511811024,0.023622047244094488,0.9606299212598425,0.14960629921259844,0.5196850393700787
2024-08-29T14:03:25.267964,interface,0.7086614173228346,0.06299212598425197,0.8661417322834646,0.2755905511811024,0.031496062992125984,0.9606299212598425,0.14960629921259844,0.5196850393700787
2024-08-29T14:03:25.271201,interface,0.7086614173228346,0.06299212598425197,0.8661417322834646,0.2755905511811024,0.047244094488188976,0.9606299212598425,0.14960629921259844,0.5196850393700787
2024-08-29T14:03:25.274444,interface,0.7086614173228346,0.06299212598425197,0.8661417322834646,0.2755905511811024,0.06299212598425197,0.9606299212598425,0.14960629921259844,0.5196850393700787
2024-08-29T14:03:25.286215,interface,0.7086614173228346,0.06299212598425197,0.8661417322834646,0.2755905511811024,0.07874015748031496,0.9606299212598425,0.14960629921259844,0.5196850393700787
2024-08-29T14:03:25.295467,interface,0.7086614173228346,0.06299212598425197,0.8661417322834646,0.2755905511811024,0.09448818897637795,0.9606299212598425,0.14960629921259844,0.5196850393700787
2024-08-29T14:03:25.304477,interface,0.7086614173228346,0.06299212598425197,0.8661417322834646,0.2755905511811024,0.10236220472440945,0.9606299212598425,0.14960629921259844,0.5196850393700787
2024-08-29T14:03:25.315170,interface,0.7086614173228346,0.06299212598425197,0.8661417322834646,0.2755905511811024,0.11023622047244094,0.9606299212598425,0.14960629921259844,0.5196850393700787
2024-08-29T14:03:25.316308,interface,0.7086614173228346,0.06299212598425197,0.8661417322834646,0.2755905511811024,0.11811023622047244,0.9606299212598425,0.14960629921259844,0.5196850393700787
2024-08-29T14:03:25.334198,interface,0.7086614173228346,0.06299212598425197,0.8661417322834646,0.2755905511811024,0.11811023622047244,0.9606299212598425,0.14960629921259844,0.5196850393700787
2024-08-29T14:03:25.358206,interface,0.7086614173228346,0.06299212598425197,0.8661417322834646,0.2755905511811024,0.11811023622047244,0.9606299212598425,0.14960629921259844,0.5196850393700787
2024-08-29T14:03:25.361640,interface,0.7086614173228346,0.06299212598425197,0.8661417322834646,0.2755905511811024,0.11023622047244094,0.9606299212598425,0.14960629921259844,0.5196850393700787
2024-08-29T14:03:25.375357,interface,0.7086614173228346,0.06299212598425197,0.8661417322834646,0.2755905511811024,0.10236220472440945,0.9606299212598425,0.14960629921259844,0.5196850393700787
2024-08-29T14:03:25.384793,interface,0.7086614173228346,0.06299212598425197,0.8661417322834646,0.2755905511811024,0.08661417322834646,0.9606299212598425,0.14960629921259844,0.5196850393700787
2024-08-29T14:03:25.394789,interface,0.7086614173228346,0.06299212598425197,0.8661417322834646,0.2755905511811024,0.07086614173228346,0.9606299212598425,0.14960629921259844,0.5196850393700787
2024-08-29T14:03:25.395921,interface,0.7086614173228346,0.06299212598425197,0.8661417322834646,0.2755905511811024,0.06299212598425197,0.9606299212598425,0.14960629921259844,0.5196850393700787
2024-08-29T14:03:25.406199,interface,0.7086614173228346,0.06299212598425197,0.8661417322834646,0.2755905511811024,0.05511811023622047,0.9606299212598425,0.14960629921259844,0.5196850393700787
2024-08-29T14:03:25.415485,interface,0.7086614173228346,0.06299212598425197,0.8661417322834646,0.2755905511811024,0.047244094488188976,0.9606299212598425,0.14960629921259844,0.5196850393700787
2024-08-29T14:03:25.425171,interface,0.7086614173228346,0.06299212598425197,0.8661417322834646,0.2755905511811024,0.03937007874015748,0.9606299212598425,0.14960629921259844,0.5196850393700787
2024-08-29T14:03:25.435293,interface,0.7086614173228346,0.06299212598425197,0.8661417322834646,0.2755905511811024,0.03937007874015748,0.9606299212598425,0.14960629921259844,0.5196850393700787
2024-08-29T14:03:25.446115,interface,0.7086614173228346,0.06299212598425197,0.8661417322834646,0.2755905511811024,0.031496062992125984,0.9606299212598425,0.14960629921259844,0.5196850393700787
2024-08-29T14:03:25.455408,interface,0.7086614173228346,0.06299212598425197,0.8661417322834646,0.2755905511811024,0.031496062992125984,0.9606299212598425,0.14960629921259844,0.5196850393700787
2024-08-29T14:03:25.464982,interface,0.7086614173228346,0.06299212598425197,0.8661417322834646,0.2755905511811024,0.023622047244094488,0.9606299212598425,0.14960629921259844,0.5196850393700787
2024-08-29T14:03:25.474457,interface,0.7086614173228346,0.06299212598425197,0.8661417322834646,0.2755905511811024,0.015748031496062992,0.9606299212598425,0.14960629921259844,0.5196850393700787
2024-08-29T14:03:25.475585,interface,0.7086614173228346,0.06299212598425197,0.8661417322834646,0.2755905511811024,0.007874015748031496,0.9606299212598425,0.14960629921259844,0.5196850393700787
2024-08-29T14:03:25.486255,interface,0.7086614173228346,0.06299212598425197,0.8661417322834646,0.2755905511811024,0.0,0.9606299212598425,0.14960629921259844,0.5196850393700787
2024-08-29T14:03:25.494721,interface,0.7086614173228346,0.06299212598425197,0.8661417322834646,0.2755905511811024,0.0,0.9606299212598425,0.14960629921259844,0.5196850393700787
2024-08-29T14:03:25.968033,interface,0.7086614173228346,0.06299212598425197,0.889763779527559,0.2755905511811024,0.0,0.9606299212598425,0.14960629921259844,0.5196850393700787
2024-08-29T14:03:25.977676,interface,0.7086614173228346,0.06299212598425197,0.8976377952755905,0.2755905511811024,0.0,0.9606299212598425,0.14960629921259844,0.5196850393700787
2024-08-29T14:03:25.980917,interface,0.7086614173228346,0.06299212598425197,0.9133858267716536,0.2755905511811024,0.0,0.9606299212598425,0.14960629921259844,0.5196850393700787
2024-08-29T14:03:25.984344,interface,0.7086614173228346,0.06299212598425197,0.9291338582677166,0.2755905511811024,0.0,0.9606299212598425,0.14960629921259844,0.5196850393700787
2024-08-29T14:03:25.996209,interface,0.7086614173228346,0.06299212598425197,0.9448818897637795,0.2755905511811024,0.0,0.9606299212598425,0.14960629921259844,0.5196850393700787
2024-08-29T14:03:26.005327,interface,0.7086614173228346,0.06299212598425197,0.952755905511811,0.2755905511811024,0.0,0.9606299212598425,0.14960629921259844,0.5196850393700787
2024-08-29T14:03:26.015097,interface,0.7086614173228346,0.06299212598425197,0.968503937007874,0.2755905511811024,0.0,0.9606299212598425,0.14960629921259844,0.5196850393700787
2024-08-29T14:03:26.024572,interface,0.7086614173228346,0.06299212598425197,0.984251968503937,0.2755905511811024,0.0,0.9606299212598425,0.14960629921259844,0.5196850393700787
2024-08-29T14:03:26.025755,interface,0.7086614173228346,0.06299212598425197,0.984251968503937,0.2755905511811024,0.0,0.9606299212598425,0.14960629921259844,0.5196850393700787
2024-08-29T14:03:26.036317,interface,0.7086614173228346,0.06299212598425197,0.9921259842519685,0.2755905511811024,0.0,0.9606299212598425,0.14960629921259844,0.5196850393700787
2024-08-29T14:03:26.045287,interface,0.7086614173228346,0.06299212598425197,0.9921259842519685,0.2755905511811024,0.0,0.9606299212598425,0.14960629921259844,0.5196850393700787
2024-08-29T14:03:26.060333,interface,0.7086614173228346,0.06299212598425197,1.0,0.2755905511811024,0.0,0.9606299212598425,0.14960629921259844,0.5196850393700787
2024-08-29T14:03:26.204091,interface,0.7086614173228346,0.06299212598425197,1.0,0.2755905511811024,0.0,0.9606299212598425,0.14960629921259844,0.5196850393700787
2024-08-29T14:03:26.220103,interface,0.7086614173228346,0.06299212598425197,0.9921259842519685,0.2755905511811024,0.0,0.9606299212598425,0.14960629921259844,0.5196850393700787
2024-08-29T14:03:26.228568,interface,0.7086614173228346,0.06299212598425197,0.984251968503937,0.2755905511811024,0.0,0.9606299212598425,0.14960629921259844,0.5196850393700787
2024-08-29T14:03:26.232109,interface,0.7086614173228346,0.06299212598425197,0.968503937007874,0.2755905511811024,0.0,0.9606299212598425,0.14960629921259844,0.5196850393700787
2024-08-29T14:03:26.245561,interface,0.7086614173228346,0.06299212598425197,0.952755905511811,0.2755905511811024,0.0,0.9606299212598425,0.14960629921259844,0.5196850393700787
2024-08-29T14:03:26.254449,interface,0.7086614173228346,0.06299212598425197,0.937007874015748,0.2755905511811024,0.0,0.9606299212598425,0.14960629921259844,0.5196850393700787
2024-08-29T14:03:26.268187,interface,0.7086614173228346,0.06299212598425197,0.9212598425196851,0.2755905511811024,0.0,0.9606299212598425,0.14960629921259844,0.5196850393700787
2024-08-29T14:03:26.269366,interface,0.7086614173228346,0.06299212598425197,0.905511811023622,0.2755905511811024,0.0,0.9606299212598425,0.14960629921259844,0.5196850393700787
2024-08-29T14:03:26.272562,interface,0.7086614173228346,0.06299212598425197,0.889763779527559,0.2755905511811024,0.0,0.9606299212598425,0.14960629921259844,0.5196850393700787
2024-08-29T14:03:26.284850,interface,0.7086614173228346,0.06299212598425197,0.8818897637795275,0.2755905511811024,0.0,0.9606299212598425,0.14960629921259844,0.5196850393700787
2024-08-29T14:03:26.295006,interface,0.7086614173228346,0.06299212598425197,0.8740157480314961,0.2755905511811024,0.0,0.9606299212598425,0.14960629921259844,0.5196850393700787
2024-08-29T14:03:26.304553,interface,0.7086614173228346,0.06299212598425197,0.8661417322834646,0.2755905511811024,0.0,0.9606299212598425,0.14960629921259844,0.5196850393700787
2024-08-29T14:03:26.305754,interface,0.7086614173228346,0.06299212598425197,0.8661417322834646,0.2755905511811024,0.0,0.9606299212598425,0.14960629921259844,0.5196850393700787
2024-08-29T14:03:26.316265,interface,0.7086614173228346,0.06299212598425197,0.8582677165354331,0.2755905511811024,0.0,0.9606299212598425,0.14960629921259844,0.5196850393700787
2024-08-29T14:03:26.332382,interface,0.7086614173228346,0.06299212598425197,0.8503937007874016,0.2755905511811024,0.0,0.9606299212598425,0.14960629921259844,0.5196850393700787
2024-08-29T14:03:26.348234,interface,0.7086614173228346,0.06299212598425197,0.8503937007874016,0.2755905511811024,0.0,0.9606299212598425,0.14960629921259844,0.5196850393700787
2024-08-29T14:03:26.368067,interface,0.7086614173228346,0.06299212598425197,0.84251968503937,0.2755905511811024,0.0,0.9606299212598425,0.14960629921259844,0.5196850393700787
2024-08-29T14:03:26.380314,interface,0.7086614173228346,0.06299212598425197,0.8346456692913385,0.2755905511811024,0.0,0.9606299212598425,0.14960629921259844,0.5196850393700787
2024-08-29T14:03:26.396197,interface,0.7086614173228346,0.06299212598425197,0.8346456692913385,0.2755905511811024,0.0,0.9606299212598425,0.14960629921259844,0.5196850393700787
2024-08-29T14:03:26.404665,interface,0.7086614173228346,0.06299212598425197,0.8267716535433071,0.2755905511811024,0.0,0.9606299212598425,0.14960629921259844,0.5196850393700787
2024-08-29T14:03:26.415049,interface,0.7086614173228346,0.06299212598425197,0.8188976377952756,0.2755905511811024,0.0,0.9606299212598425,0.14960629921259844,0.5196850393700787
2024-08-29T14:03:26.425788,interface,0.7086614173228346,0.06299212598425197,0.8188976377952756,0.2755905511811024,0.0,0.9606299212598425,0.14960629921259844,0.5196850393700787
2024-08-29T14:03:26.426918,interface,0.7086614173228346,0.06299212598425197,0.8110236220472441,0.2755905511811024,0.0,0.9606299212598425,0.14960629921259844,0.5196850393700787
2024-08-29T14:03:26.432360,interface,0.7086614173228346,0.06299212598425197,0.8031496062992126,0.2755905511811024,0.0,0.9606299212598425,0.14960629921259844,0.5196850393700787
2024-08-29T14:03:26.445207,interface,0.7086614173228346,0.06299212598425197,0.7952755905511811,0.2755905511811024,0.0,0.9606299212598425,0.14960629921259844,0.5196850393700787
2024-08-29T14:03:26.454630,interface,0.7086614173228346,0.06299212598425197,0.7874015748031497,0.2755905511811024,0.0,0.9606299212598425,0.14960629921259844,0.5196850393700787
2024-08-29T14:03:26.468312,interface,0.7086614173228346,0.06299212598425197,0.7795275590551181,0.2755905511811024,0.0,0.9606299212598425,0.14960629921259844,0.5196850393700787
2024-08-29T14:03:26.469492,interface,0.7086614173228346,0.06299212598425197,0.7795275590551181,0.2755905511811024,0.0,0.9606299212598425,0.14960629921259844,0.5196850393700787
2024-08-29T14:03:26.472813,interface,0.7086614173228346,0.06299212598425197,0.7716535433070866,0.2755905511811024,0.0,0.9606299212598425,0.14960629921259844,0.5196850393700787
2024-08-29T14:03:26.492946,interface,0.7086614173228346,0.06299212598425197,0.7716535433070866,0.2755905511811024,0.0,0.9606299212598425,0.14960629921259844,0.5196850393700787
2024-08-29T14:03:26.854368,interface,0.7086614173228346,0.047244094488188976,0.7716535433070866,0.2755905511811024,0.0,0.9606299212598425,0.14960629921259844,0.5196850393700787
2024-08-29T14:03:26.855613,interface,0.7007874015748031,0.047244094488188976,0.7716535433070866,0.2755905511811024,0.0,0.9606299212598425,0.14960629921259844,0.5196850393700787
2024-08-29T14:03:26.856644,interface,0.7007874015748031,0.03937007874015748,0.7716535433070866,0.2755905511811024,0.0,0.9606299212598425,0.14960629921259844,0.5196850393700787
2024-08-29T14:03:26.863940,interface,0.7007874015748031,0.031496062992125984,0.7716535433070866,0.2755905511811024,0.0,0.9606299212598425,0.14960629921259844,0.5196850393700787
2024-08-29T14:03:26.875248,interface,0.7007874015748031,0.023622047244094488,0.7716535433070866,0.2755905511811024,0.0,0.9606299212598425,0.14960629921259844,0.5196850393700787
2024-08-29T14:03:26.884541,interface,0.7007874015748031,0.015748031496062992,0.7716535433070866,0.2755905511811024,0.0,0.9606299212598425,0.14960629921259844,0.5196850393700787
2024-08-29T14:03:26.895026,interface,0.7007874015748031,0.007874015748031496,0.7716535433070866,0.2755905511811024,0.0,0.9606299212598425,0.14960629921259844,0.5196850393700787
2024-08-29T14:03:26.906329,interface,0.7007874015748031,0.0,0.7716535433070866,0.2755905511811024,0.0,0.9606299212598425,0.14960629921259844,0.5196850393700787
2024-08-29T14:03:26.922319,interface,0.7007874015748031,0.0,0.7716535433070866,0.2755905511811024,0.0,0.9606299212598425,0.14960629921259844,0.5196850393700787
2024-08-29T14:03:27.106242,interface,0.7007874015748031,0.0,0.7716535433070866,0.2755905511811024,0.0,0.9606299212598425,0.14960629921259844,0.5196850393700787
2024-08-29T14:03:27.130377,interface,0.7007874015748031,0.007874015748031496,0.7716535433070866,0.2755905511811024,0.0,0.9606299212598425,0.14960629921259844,0.5196850393700787
2024-08-29T14:03:27.154314,interface,0.7007874015748031,0.007874015748031496,0.7716535433070866,0.2755905511811024,0.0,0.9606299212598425,0.14960629921259844,0.5196850393700787
2024-08-29T14:03:27.299742,interface,0.7007874015748031,0.007874015748031496,0.7716535433070866,0.2755905511811024,0.0,0.9606299212598425,0.14960629921259844,0.5196850393700787
2024-08-29T14:03:27.346226,interface,0.7007874015748031,0.0,0.7716535433070866,0.2755905511811024,0.0,0.9606299212598425,0.14960629921259844,0.5196850393700787
2024-08-29T14:03:27.449765,interface,0.7007874015748031,0.0,0.7716535433070866,0.2755905511811024,0.0,0.9606299212598425,0.14960629921259844,0.5196850393700787
2024-08-29T14:03:36.622043,interface,0.7165354330708661,0.0,0.7716535433070866,0.2755905511811024,0.0,0.9606299212598425,0.14960629921259844,0.5196850393700787
2024-08-29T14:03:36.637304,interface,0.7165354330708661,0.0,0.7716535433070866,0.2755905511811024,0.0,0.9606299212598425,0.14960629921259844,0.5196850393700787
2024-08-29T14:03:36.638553,interface,0.7244094488188977,0.0,0.7716535433070866,0.2755905511811024,0.0,0.9606299212598425,0.14960629921259844,0.5196850393700787
2024-08-29T14:03:36.641909,interface,0.7322834645669292,0.0,0.7716535433070866,0.2755905511811024,0.0,0.9606299212598425,0.14960629921259844,0.5196850393700787
2024-08-29T14:03:36.654262,interface,0.7401574803149606,0.0,0.7716535433070866,0.2755905511811024,0.0,0.9606299212598425,0.14960629921259844,0.5196850393700787
2024-08-29T14:03:36.667953,interface,0.7480314960629921,0.0,0.7716535433070866,0.2755905511811024,0.0,0.9606299212598425,0.14960629921259844,0.5196850393700787
2024-08-29T14:03:36.671201,interface,0.7559055118110236,0.0,0.7716535433070866,0.2755905511811024,0.0,0.9606299212598425,0.14960629921259844,0.5196850393700787
2024-08-29T14:03:36.674461,interface,0.7637795275590551,0.0,0.7716535433070866,0.2755905511811024,0.0,0.9606299212598425,0.14960629921259844,0.5196850393700787
2024-08-29T14:03:36.686136,interface,0.7716535433070866,0.0,0.7716535433070866,0.2755905511811024,0.0,0.9606299212598425,0.14960629921259844,0.5196850393700787
2024-08-29T14:03:36.694967,interface,0.7795275590551181,0.0,0.7716535433070866,0.2755905511811024,0.0,0.9606299212598425,0.14960629921259844,0.5196850393700787
2024-08-29T14:03:36.704226,interface,0.7952755905511811,0.0,0.7716535433070866,0.2755905511811024,0.0,0.9606299212598425,0.14960629921259844,0.5196850393700787
2024-08-29T14:03:36.718096,interface,0.8110236220472441,0.0,0.7716535433070866,0.2755905511811024,0.0,0.9606299212598425,0.14960629921259844,0.5196850393700787
2024-08-29T14:03:36.719228,interface,0.8267716535433071,0.0,0.7716535433070866,0.2755905511811024,0.0,0.9606299212598425,0.14960629921259844,0.5196850393700787
2024-08-29T14:03:36.722474,interface,0.84251968503937,0.0,0.7716535433070866,0.2755905511811024,0.0,0.9606299212598425,0.14960629921259844,0.5196850393700787
2024-08-29T14:03:36.734749,interface,0.8582677165354331,0.0,0.7716535433070866,0.2755905511811024,0.0,0.9606299212598425,0.14960629921259844,0.5196850393700787
2024-08-29T14:03:36.744610,interface,0.8740157480314961,0.0,0.7716535433070866,0.2755905511811024,0.0,0.9606299212598425,0.14960629921259844,0.5196850393700787
2024-08-29T14:03:36.745775,interface,0.8818897637795275,0.0,0.7716535433070866,0.2755905511811024,0.0,0.9606299212598425,0.14960629921259844,0.5196850393700787
2024-08-29T14:03:36.792930,interface,0.8740157480314961,0.0,0.7716535433070866,0.2755905511811024,0.0,0.9606299212598425,0.14960629921259844,0.5196850393700787
2024-08-29T14:03:36.794083,interface,0.8582677165354331,0.0,0.7716535433070866,0.2755905511811024,0.0,0.9606299212598425,0.14960629921259844,0.5196850393700787
2024-08-29T14:03:36.806111,interface,0.8346456692913385,0.0,0.7716535433070866,0.2755905511811024,0.0,0.9606299212598425,0.14960629921259844,0.5196850393700787
2024-08-29T14:03:36.814933,interface,0.8031496062992126,0.0,0.7716535433070866,0.2755905511811024,0.0,0.9606299212598425,0.14960629921259844,0.5196850393700787
2024-08-29T14:03:36.825655,interface,0.7716535433070866,0.0,0.7716535433070866,0.2755905511811024,0.0,0.9606299212598425,0.14960629921259844,0.5196850393700787
2024-08-29T14:03:36.826784,interface,0.7322834645669292,0.0,0.7716535433070866,0.2755905511811024,0.0,0.9606299212598425,0.14960629921259844,0.5196850393700787
2024-08-29T14:03:36.832265,interface,0.6850393700787402,0.0,0.7716535433070866,0.2755905511811024,0.0,0.9606299212598425,0.14960629921259844,0.5196850393700787
2024-08-29T14:03:36.845149,interface,0.6456692913385826,0.0,0.7716535433070866,0.2755905511811024,0.0,0.9606299212598425,0.14960629921259844,0.5196850393700787
2024-08-29T14:03:36.855931,interface,0.5984251968503937,0.0,0.7716535433070866,0.2755905511811024,0.0,0.9606299212598425,0.14960629921259844,0.5196850393700787
2024-08-29T14:03:36.866128,interface,0.5433070866141733,0.0,0.7716535433070866,0.2755905511811024,0.0,0.9606299212598425,0.14960629921259844,0.5196850393700787
2024-08-29T14:03:36.867249,interface,0.4881889763779528,0.0,0.7716535433070866,0.2755905511811024,0.0,0.9606299212598425,0.14960629921259844,0.5196850393700787
2024-08-29T14:03:36.872374,interface,0.4330708661417323,0.0,0.7716535433070866,0.2755905511811024,0.0,0.9606299212598425,0.14960629921259844,0.5196850393700787
2024-08-29T14:03:36.886021,interface,0.3700787401574803,0.0,0.7716535433070866,0.2755905511811024,0.0,0.9606299212598425,0.14960629921259844,0.5196850393700787
2024-08-29T14:03:36.895950,interface,0.31496062992125984,0.0,0.7716535433070866,0.2755905511811024,0.0,0.9606299212598425,0.14960629921259844,0.5196850393700787
2024-08-29T14:03:36.905817,interface,0.2677165354330709,0.0,0.7716535433070866,0.2755905511811024,0.0,0.9606299212598425,0.14960629921259844,0.5196850393700787
2024-08-29T14:03:36.907136,interface,0.2204724409448819,0.0,0.7716535433070866,0.2755905511811024,0.0,0.9606299212598425,0.14960629921259844,0.5196850393700787
2024-08-29T14:03:36.912524,interface,0.1732283464566929,0.0,0.7716535433070866,0.2755905511811024,0.0,0.9606299212598425,0.14960629921259844,0.5196850393700787
2024-08-29T14:03:36.925663,interface,0.12598425196850394,0.0,0.7716535433070866,0.2755905511811024,0.0,0.9606299212598425,0.14960629921259844,0.5196850393700787
2024-08-29T14:03:36.936152,interface,0.07874015748031496,0.0,0.7716535433070866,0.2755905511811024,0.0,0.9606299212598425,0.14960629921259844,0.5196850393700787
2024-08-29T14:03:36.945326,interface,0.03937007874015748,0.0,0.7716535433070866,0.2755905511811024,0.0,0.9606299212598425,0.14960629921259844,0.5196850393700787
2024-08-29T14:03:36.946452,interface,0.015748031496062992,0.0,0.7716535433070866,0.2755905511811024,0.0,0.9606299212598425,0.14960629921259844,0.5196850393700787
2024-08-29T14:03:36.951689,interface,0.0,0.0,0.7716535433070866,0.2755905511811024,0.0,0.9606299212598425,0.14960629921259844,0.5196850393700787
2024-08-29T14:03:36.967933,interface,0.0,0.0,0.7716535433070866,0.2755905511811024,0.0,0.9606299212598425,0.14960629921259844,0.5196850393700787
2024-08-29T14:03:37.576903,interface,0.0,0.0,0.7716535433070866,0.2755905511811024,0.0,0.9606299212598425,0.16535433070866143,0.5196850393700787
2024-08-29T14:03:37.593294,interface,0.0,0.0,0.7716535433070866,0.2755905511811024,0.0,0.9606299212598425,0.1732283464566929,0.5196850393700787
2024-08-29T14:03:37.594427,interface,0.0,0.0,0.7716535433070866,0.2755905511811024,0.0,0.9606299212598425,0.18110236220472442,0.5196850393700787
2024-08-29T14:03:37.605297,interface,0.0,0.0,0.7716535433070866,0.2755905511811024,0.0,0.9606299212598425,0.1889763779527559,0.5196850393700787
2024-08-29T14:03:37.606431,interface,0.0,0.0,0.7716535433070866,0.2755905511811024,0.0,0.9606299212598425,0.2047244094488189,0.5196850393700787
2024-08-29T14:03:37.611969,interface,0.0,0.0,0.7716535433070866,0.2755905511811024,0.0,0.9606299212598425,0.2125984251968504,0.5196850393700787
2024-08-29T14:03:37.625183,interface,0.0,0.0,0.7716535433070866,0.2755905511811024,0.0,0.9606299212598425,0.2283464566929134,0.5196850393700787
2024-08-29T14:03:37.634661,interface,0.0,0.0,0.7716535433070866,0.2755905511811024,0.0,0.9606299212598425,0.23622047244094488,0.5196850393700787
2024-08-29T14:03:37.645514,interface,0.0,0.0,0.7716535433070866,0.2755905511811024,0.0,0.9606299212598425,0.25196850393700787,0.5196850393700787
2024-08-29T14:03:37.646639,interface,0.0,0.0,0.7716535433070866,0.2755905511811024,0.0,0.9606299212598425,0.25984251968503935,0.5196850393700787
2024-08-29T14:03:37.651914,interface,0.0,0.0,0.7716535433070866,0.2755905511811024,0.0,0.9606299212598425,0.2755905511811024,0.5196850393700787
2024-08-29T14:03:37.667947,interface,0.0,0.0,0.7716535433070866,0.2755905511811024,0.0,0.9606299212598425,0.29133858267716534,0.5196850393700787
2024-08-29T14:03:37.671202,interface,0.0,0.0,0.7716535433070866,0.2755905511811024,0.0,0.9606299212598425,0.2992125984251969,0.5196850393700787
2024-08-29T14:03:37.674472,interface,0.0,0.0,0.7716535433070866,0.2755905511811024,0.0,0.9606299212598425,0.30708661417322836,0.5196850393700787
2024-08-29T14:03:37.686335,interface,0.0,0.0,0.7716535433070866,0.2755905511811024,0.0,0.9606299212598425,0.31496062992125984,0.5196850393700787
2024-08-29T14:03:37.696267,interface,0.0,0.0,0.7716535433070866,0.2755905511811024,0.0,0.9606299212598425,0.3228346456692913,0.5196850393700787
2024-08-29T14:03:37.710389,interface,0.0,0.0,0.7716535433070866,0.2755905511811024,0.0,0.9606299212598425,0.3228346456692913,0.5196850393700787
2024-08-29T14:03:37.750198,interface,0.0,0.0,0.7716535433070866,0.2755905511811024,0.0,0.9606299212598425,0.31496062992125984,0.5196850393700787
2024-08-29T14:03:37.753615,interface,0.0,0.0,0.7716535433070866,0.2755905511811024,0.0,0.9606299212598425,0.30708661417322836,0.5196850393700787
2024-08-29T14:03:37.767935,interface,0.0,0.0,0.7716535433070866,0.2755905511811024,0.0,0.9606299212598425,0.29133858267716534,0.5196850393700787
2024-08-29T14:03:37.771174,interface,0.0,0.0,0.7716535433070866,0.2755905511811024,0.0,0.9606299212598425,0.28346456692913385,0.5196850393700787
2024-08-29T14:03:37.785132,interface,0.0,0.0,0.7716535433070866,0.2755905511811024,0.0,0.9606299212598425,0.25984251968503935,0.5196850393700787
2024-08-29T14:03:37.796293,interface,0.0,0.0,0.7716535433070866,0.2755905511811024,0.0,0.9606299212598425,0.2440944881889764,0.5196850393700787
2024-08-29T14:03:37.797460,interface,0.0,0.0,0.7716535433070866,0.2755905511811024,0.0,0.9606299212598425,0.2283464566929134,0.5196850393700787
2024-08-29T14:03:37.802590,interface,0.0,0.0,0.7716535433070866,0.2755905511811024,0.0,0.9606299212598425,0.2047244094488189,0.5196850393700787
2024-08-29T14:03:37.818049,interface,0.0,0.0,0.7716535433070866,0.2755905511811024,0.0,0.9606299212598425,0.1732283464566929,0.5196850393700787
2024-08-29T14:03:37.821616,interface,0.0,0.0,0.7716535433070866,0.2755905511811024,0.0,0.9606299212598425,0.14173228346456693,0.5196850393700787
2024-08-29T14:03:37.835261,interface,0.0,0.0,0.7716535433070866,0.2755905511811024,0.0,0.9606299212598425,0.11023622047244094,0.5196850393700787
2024-08-29T14:03:37.836514,interface,0.0,0.0,0.7716535433070866,0.2755905511811024,0.0,0.9606299212598425,0.07086614173228346,0.5196850393700787
2024-08-29T14:03:37.841755,interface,0.0,0.0,0.7716535433070866,0.2755905511811024,0.0,0.9606299212598425,0.047244094488188976,0.5196850393700787
2024-08-29T14:03:37.855209,interface,0.0,0.0,0.7716535433070866,0.2755905511811024,0.0,0.9606299212598425,0.015748031496062992,0.5196850393700787
2024-08-29T14:03:37.865903,interface,0.0,0.0,0.7716535433070866,0.2755905511811024,0.0,0.9606299212598425,0.007874015748031496,0.5196850393700787
2024-08-29T14:03:37.874945,interface,0.0,0.0,0.7716535433070866,0.2755905511811024,0.0,0.9606299212598425,0.0,0.5196850393700787
2024-08-29T14:03:48.746197,interface,0.0,0.0,0.7716535433070866,0.2755905511811024,0.0,0.9606299212598425,0.0,0.5196850393700787
2024-08-29T14:03:48.762346,interface,0.0,0.0,0.7716535433070866,0.2755905511811024,0.007874015748031496,0.9606299212598425,0.0,0.5196850393700787
2024-08-29T14:03:48.778232,interface,0.0,0.0,0.7716535433070866,0.2755905511811024,0.015748031496062992,0.9606299212598425,0.0,0.5196850393700787
2024-08-29T14:03:48.781758,interface,0.0,0.0,0.7716535433070866,0.2755905511811024,0.023622047244094488,0.9606299212598425,0.0,0.5196850393700787
2024-08-29T14:03:48.795234,interface,0.0,0.0,0.7716535433070866,0.2755905511811024,0.031496062992125984,0.9606299212598425,0.0,0.5196850393700787
2024-08-29T14:03:48.804438,interface,0.0,0.0,0.7716535433070866,0.2755905511811024,0.03937007874015748,0.9606299212598425,0.0,0.5196850393700787
2024-08-29T14:03:48.818229,interface,0.0,0.0,0.7716535433070866,0.2755905511811024,0.05511811023622047,0.9606299212598425,0.0,0.5196850393700787
2024-08-29T14:03:48.819362,interface,0.0,0.0,0.7716535433070866,0.2755905511811024,0.07086614173228346,0.9606299212598425,0.0,0.5196850393700787
2024-08-29T14:03:48.822574,interface,0.0,0.0,0.7716535433070866,0.2755905511811024,0.08661417322834646,0.9606299212598425,0.0,0.5196850393700787
2024-08-29T14:03:48.835842,interface,0.0,0.0,0.7716535433070866,0.2755905511811024,0.10236220472440945,0.9606299212598425,0.0,0.5196850393700787
2024-08-29T14:03:48.844618,interface,0.0,0.0,0.7716535433070866,0.2755905511811024,0.11811023622047244,0.9606299212598425,0.0,0.5196850393700787
2024-08-29T14:03:48.856104,interface,0.0,0.0,0.7716535433070866,0.2755905511811024,0.13385826771653545,0.9606299212598425,0.0,0.5196850393700787
2024-08-29T14:03:48.857427,interface,0.0,0.0,0.7716535433070866,0.2755905511811024,0.14960629921259844,0.9606299212598425,0.0,0.5196850393700787
2024-08-29T14:03:48.862602,interface,0.0,0.0,0.7716535433070866,0.2755905511811024,0.16535433070866143,0.9606299212598425,0.0,0.5196850393700787
2024-08-29T14:03:48.875230,interface,0.0,0.0,0.7716535433070866,0.2755905511811024,0.18110236220472442,0.9606299212598425,0.0,0.5196850393700787
2024-08-29T14:03:48.884521,interface,0.0,0.0,0.7716535433070866,0.2755905511811024,0.1968503937007874,0.9606299212598425,0.0,0.5196850393700787
2024-08-29T14:03:48.895151,interface,0.0,0.0,0.7716535433070866,0.2755905511811024,0.2125984251968504,0.9606299212598425,0.0,0.5196850393700787
2024-08-29T14:03:48.896285,interface,0.0,0.0,0.7716535433070866,0.2755905511811024,0.2283464566929134,0.9606299212598425,0.0,0.5196850393700787
2024-08-29T14:03:48.901575,interface,0.0,0.0,0.7716535433070866,0.2755905511811024,0.2440944881889764,0.9606299212598425,0.0,0.5196850393700787
2024-08-29T14:03:48.917937,interface,0.0,0.0,0.7716535433070866,0.2755905511811024,0.25196850393700787,0.9606299212598425,0.0,0.5196850393700787
2024-08-29T14:03:48.921195,interface,0.0,0.0,0.7716535433070866,0.2755905511811024,0.2677165354330709,0.9606299212598425,0.0,0.5196850393700787
2024-08-29T14:03:48.934580,interface,0.0,0.0,0.7716535433070866,0.2755905511811024,0.2755905511811024,0.9606299212598425,0.0,0.5196850393700787
2024-08-29T14:03:48.935832,interface,0.0,0.0,0.7716535433070866,0.2755905511811024,0.28346456692913385,0.9606299212598425,0.0,0.5196850393700787
2024-08-29T14:03:48.946695,interface,0.0,0.0,0.7716535433070866,0.2755905511811024,0.2992125984251969,0.9606299212598425,0.0,0.5196850393700787
2024-08-29T14:03:48.955180,interface,0.0,0.0,0.7716535433070866,0.2755905511811024,0.31496062992125984,0.9606299212598425,0.0,0.5196850393700787
2024-08-29T14:03:48.965925,interface,0.0,0.0,0.7716535433070866,0.2755905511811024,0.3228346456692913,0.9606299212598425,0.0,0.5196850393700787
2024-08-29T14:03:48.974774,interface,0.0,0.0,0.7716535433070866,0.2755905511811024,0.33858267716535434,0.9606299212598425,0.0,0.5196850393700787
2024-08-29T14:03:48.975892,interface,0.0,0.0,0.7716535433070866,0.2755905511811024,0.3464566929133858,0.9606299212598425,0.0,0.5196850393700787
2024-08-29T14:03:48.986405,interface,0.0,0.0,0.7716535433070866,0.2755905511811024,0.3543307086614173,0.9606299212598425,0.0,0.5196850393700787
2024-08-29T14:03:48.995219,interface,0.0,0.0,0.7716535433070866,0.2755905511811024,0.36220472440944884,0.9606299212598425,0.0,0.5196850393700787
2024-08-29T14:03:49.004609,interface,0.0,0.0,0.7716535433070866,0.2755905511811024,0.3700787401574803,0.9606299212598425,0.0,0.5196850393700787
2024-08-29T14:03:49.050161,interface,0.0,0.0,0.7716535433070866,0.2755905511811024,0.36220472440944884,0.9606299212598425,0.0,0.5196850393700787
2024-08-29T14:03:49.053582,interface,0.0,0.0,0.7716535433070866,0.2755905511811024,0.3543307086614173,0.9606299212598425,0.0,0.5196850393700787
2024-08-29T14:03:49.067923,interface,0.0,0.0,0.7716535433070866,0.2755905511811024,0.33858267716535434,0.9606299212598425,0.0,0.5196850393700787
2024-08-29T14:03:49.071520,interface,0.0,0.0,0.7716535433070866,0.2755905511811024,0.3228346456692913,0.9606299212598425,0.0,0.5196850393700787
2024-08-29T14:03:49.085176,interface,0.0,0.0,0.7716535433070866,0.2755905511811024,0.2992125984251969,0.9606299212598425,0.0,0.5196850393700787
2024-08-29T14:03:49.096311,interface,0.0,0.0,0.7716535433070866,0.2755905511811024,0.28346456692913385,0.9606299212598425,0.0,0.5196850393700787
2024-08-29T14:03:49.097502,interface,0.0,0.0,0.7716535433070866,0.2755905511811024,0.25984251968503935,0.9606299212598425,0.0,0.5196850393700787
2024-08-29T14:03:49.102667,interface,0.0,0.0,0.7716535433070866,0.2755905511811024,0.2440944881889764,0.9606299212598425,0.0,0.5196850393700787
2024-08-29T14:03:49.117927,interface,0.0,0.0,0.7716535433070866,0.2755905511811024,0.2283464566929134,0.9606299212598425,0.0,0.5196850393700787
2024-08-29T14:03:49.121213,interface,0.0,0.0,0.7716535433070866,0.2755905511811024,0.2125984251968504,0.9606299212598425,0.0,0.5196850393700787
2024-08-29T14:03:49.134595,interface,0.0,0.0,0.7716535433070866,0.2755905511811024,0.1968503937007874,0.9606299212598425,0.0,0.5196850393700787
2024-08-29T14:03:49.135764,interface,0.0,0.0,0.7716535433070866,0.2755905511811024,0.18110236220472442,0.9606299212598425,0.0,0.5196850393700787
2024-08-29T14:03:49.146745,interface,0.0,0.0,0.7716535433070866,0.2755905511811024,0.15748031496062992,0.9606299212598425,0.0,0.5196850393700787
2024-08-29T14:03:49.155990,interface,0.0,0.0,0.7716535433070866,0.2755905511811024,0.14173228346456693,0.9606299212598425,0.0,0.5196850393700787
2024-08-29T14:03:49.166676,interface,0.0,0.0,0.7716535433070866,0.2755905511811024,0.11811023622047244,0.9606299212598425,0.0,0.5196850393700787
2024-08-29T14:03:49.175542,interface,0.0,0.0,0.7716535433070866,0.2755905511811024,0.10236220472440945,0.9606299212598425,0.0,0.5196850393700787
2024-08-29T14:03:49.176635,interface,0.0,0.0,0.7716535433070866,0.2755905511811024,0.08661417322834646,0.9606299212598425,0.0,0.5196850393700787
2024-08-29T14:03:49.182104,interface,0.0,0.0,0.7716535433070866,0.2755905511811024,0.07086614173228346,0.9606299212598425,0.0,0.5196850393700787
2024-08-29T14:03:49.195599,interface,0.0,0.0,0.7716535433070866,0.2755905511811024,0.05511811023622047,0.9606299212598425,0.0,0.5196850393700787
2024-08-29T14:03:49.204490,interface,0.0,0.0,0.7716535433070866,0.2755905511811024,0.047244094488188976,0.9606299212598425,0.0,0.5196850393700787
2024-08-29T14:03:49.214951,interface,0.0,0.0,0.7716535433070866,0.2755905511811024,0.03937007874015748,0.9606299212598425,0.0,0.5196850393700787
2024-08-29T14:03:49.216086,interface,0.0,0.0,0.7716535433070866,0.2755905511811024,0.03937007874015748,0.9606299212598425,0.0,0.5196850393700787
2024-08-29T14:03:49.234413,interface,0.0,0.0,0.7716535433070866,0.2755905511811024,0.031496062992125984,0.9606299212598425,0.0,0.5196850393700787
2024-08-29T14:03:49.594396,interface,0.0,0.0,0.7559055118110236,0.2755905511811024,0.031496062992125984,0.9606299212598425,0.0,0.5196850393700787
2024-08-29T14:03:49.606968,interface,0.0,0.0,0.7559055118110236,0.2755905511811024,0.031496062992125984,0.9606299212598425,0.0,0.5196850393700787
2024-08-29T14:03:49.608189,interface,0.0,0.0,0.7480314960629921,0.2755905511811024,0.031496062992125984,0.9606299212598425,0.0,0.5196850393700787
2024-08-29T14:03:49.611588,interface,0.0,0.0,0.7401574803149606,0.2755905511811024,0.031496062992125984,0.9606299212598425,0.0,0.5196850393700787
2024-08-29T14:03:49.624692,interface,0.0,0.0,0.7244094488188977,0.2755905511811024,0.031496062992125984,0.9606299212598425,0.0,0.5196850393700787
2024-08-29T14:03:49.634552,interface,0.0,0.0,0.7086614173228346,0.2755905511811024,0.031496062992125984,0.9606299212598425,0.0,0.5196850393700787
2024-08-29T14:03:49.645294,interface,0.0,0.0,0.6929133858267716,0.2755905511811024,0.031496062992125984,0.9606299212598425,0.0,0.5196850393700787
2024-08-29T14:03:49.646419,interface,0.0,0.0,0.6771653543307087,0.2755905511811024,0.031496062992125984,0.9606299212598425,0.0,0.5196850393700787
2024-08-29T14:03:49.651680,interface,0.0,0.0,0.6614173228346457,0.2755905511811024,0.031496062992125984,0.9606299212598425,0.0,0.5196850393700787
2024-08-29T14:03:49.667939,interface,0.0,0.0,0.6456692913385826,0.2755905511811024,0.031496062992125984,0.9606299212598425,0.0,0.5196850393700787
2024-08-29T14:03:49.671204,interface,0.0,0.0,0.6299212598425197,0.2755905511811024,0.031496062992125984,0.9606299212598425,0.0,0.5196850393700787
2024-08-29T14:03:49.685204,interface,0.0,0.0,0.6141732283464567,0.2755905511811024,0.031496062992125984,0.9606299212598425,0.0,0.5196850393700787
2024-08-29T14:03:49.686464,interface,0.0,0.0,0.5984251968503937,0.2755905511811024,0.031496062992125984,0.9606299212598425,0.0,0.5196850393700787
2024-08-29T14:03:49.691712,interface,0.0,0.0,0.5826771653543307,0.2755905511811024,0.031496062992125984,0.9606299212598425,0.0,0.5196850393700787
2024-08-29T14:03:49.705157,interface,0.0,0.0,0.5590551181102362,0.2755905511811024,0.031496062992125984,0.9606299212598425,0.0,0.5196850393700787
2024-08-29T14:03:49.714969,interface,0.0,0.0,0.5433070866141733,0.2755905511811024,0.031496062992125984,0.9606299212598425,0.0,0.5196850393700787
2024-08-29T14:03:49.725335,interface,0.0,0.0,0.5275590551181102,0.2755905511811024,0.031496062992125984,0.9606299212598425,0.0,0.5196850393700787
2024-08-29T14:03:49.726463,interface,0.0,0.0,0.5118110236220472,0.2755905511811024,0.031496062992125984,0.9606299212598425,0.0,0.5196850393700787
2024-08-29T14:03:49.731696,interface,0.0,0.0,0.49606299212598426,0.2755905511811024,0.031496062992125984,0.9606299212598425,0.0,0.5196850393700787
2024-08-29T14:03:49.744654,interface,0.0,0.0,0.48031496062992124,0.2755905511811024,0.031496062992125984,0.9606299212598425,0.0,0.5196850393700787
2024-08-29T14:03:49.754417,interface,0.0,0.0,0.4645669291338583,0.2755905511811024,0.031496062992125984,0.9606299212598425,0.0,0.5196850393700787
2024-08-29T14:03:49.768159,interface,0.0,0.0,0.44881889763779526,0.2755905511811024,0.031496062992125984,0.9606299212598425,0.0,0.5196850393700787
2024-08-29T14:03:49.769332,interface,0.0,0.0,0.4251968503937008,0.2755905511811024,0.031496062992125984,0.9606299212598425,0.0,0.5196850393700787
2024-08-29T14:03:49.772512,interface,0.0,0.0,0.4015748031496063,0.2755905511811024,0.031496062992125984,0.9606299212598425,0.0,0.5196850393700787
2024-08-29T14:03:49.785104,interface,0.0,0.0,0.3858267716535433,0.2755905511811024,0.031496062992125984,0.9606299212598425,0.0,0.5196850393700787
2024-08-29T14:03:49.795530,interface,0.0,0.0,0.36220472440944884,0.2755905511811024,0.031496062992125984,0.9606299212598425,0.0,0.5196850393700787
2024-08-29T14:03:49.804520,interface,0.0,0.0,0.3464566929133858,0.2755905511811024,0.031496062992125984,0.9606299212598425,0.0,0.5196850393700787
2024-08-29T14:03:49.805713,interface,0.0,0.0,0.33070866141732286,0.2755905511811024,0.031496062992125984,0.9606299212598425,0.0,0.5196850393700787
2024-08-29T14:03:49.816417,interface,0.0,0.0,0.30708661417322836,0.2755905511811024,0.031496062992125984,0.9606299212598425,0.0,0.5196850393700787
2024-08-29T14:03:49.825221,interface,0.0,0.0,0.29133858267716534,0.2755905511811024,0.031496062992125984,0.9606299212598425,0.0,0.5196850393700787
2024-08-29T14:03:49.834533,interface,0.0,0.0,0.2755905511811024,0.2755905511811024,0.031496062992125984,0.9606299212598425,0.0,0.5196850393700787
2024-08-29T14:03:49.845200,interface,0.0,0.0,0.2677165354330709,0.2755905511811024,0.031496062992125984,0.9606299212598425,0.0,0.5196850393700787
2024-08-29T14:03:49.846356,interface,0.0,0.0,0.25984251968503935,0.2755905511811024,0.031496062992125984,0.9606299212598425,0.0,0.5196850393700787
2024-08-29T14:03:49.893023,interface,0.0,0.0,0.2677165354330709,0.2755905511811024,0.031496062992125984,0.9606299212598425,0.0,0.5196850393700787
2024-08-29T14:03:49.894166,interface,0.0,0.0,0.2755905511811024,0.2755905511811024,0.031496062992125984,0.9606299212598425,0.0,0.5196850393700787
2024-08-29T14:03:49.906012,interface,0.0,0.0,0.29133858267716534,0.2755905511811024,0.031496062992125984,0.9606299212598425,0.0,0.5196850393700787
2024-08-29T14:03:49.914933,interface,0.0,0.0,0.30708661417322836,0.2755905511811024,0.031496062992125984,0.9606299212598425,0.0,0.5196850393700787
2024-08-29T14:03:49.924354,interface,0.0,0.0,0.33070866141732286,0.2755905511811024,0.031496062992125984,0.9606299212598425,0.0,0.5196850393700787
2024-08-29T14:03:49.925523,interface,0.0,0.0,0.3464566929133858,0.2755905511811024,0.031496062992125984,0.9606299212598425,0.0,0.5196850393700787
2024-08-29T14:03:49.936479,interface,0.0,0.0,0.3700787401574803,0.2755905511811024,0.031496062992125984,0.9606299212598425,0.0,0.5196850393700787
2024-08-29T14:03:49.939915,interface,0.0,0.0,0.3937007874015748,0.2755905511811024,0.031496062992125984,0.9606299212598425,0.0,0.5196850393700787
2024-08-29T14:03:49.955538,interface,0.0,0.0,0.4251968503937008,0.2755905511811024,0.031496062992125984,0.9606299212598425,0.0,0.5196850393700787
2024-08-29T14:03:49.965537,interface,0.0,0.0,0.44881889763779526,0.2755905511811024,0.031496062992125984,0.9606299212598425,0.0,0.5196850393700787
2024-08-29T14:03:49.966672,interface,0.0,0.0,0.47244094488188976,0.2755905511811024,0.031496062992125984,0.9606299212598425,0.0,0.5196850393700787
2024-08-29T14:03:49.971895,interface,0.0,0.0,0.49606299212598426,0.2755905511811024,0.031496062992125984,0.9606299212598425,0.0,0.5196850393700787
2024-08-29T14:03:49.984685,interface,0.0,0.0,0.5275590551181102,0.2755905511811024,0.031496062992125984,0.9606299212598425,0.0,0.5196850393700787
2024-08-29T14:03:49.995173,interface,0.0,0.0,0.5511811023622047,0.2755905511811024,0.031496062992125984,0.9606299212598425,0.0,0.5196850393700787
2024-08-29T14:03:50.005331,interface,0.0,0.0,0.5826771653543307,0.2755905511811024,0.031496062992125984,0.9606299212598425,0.0,0.5196850393700787
2024-08-29T14:03:50.006461,interface,0.0,0.0,0.6062992125984252,0.2755905511811024,0.031496062992125984,0.9606299212598425,0.0,0.5196850393700787
2024-08-29T14:03:50.011906,interface,0.0,0.0,0.6299212598425197,0.2755905511811024,0.031496062992125984,0.9606299212598425,0.0,0.5196850393700787
2024-08-29T14:03:50.025414,interface,0.0,0.0,0.6535433070866141,0.2755905511811024,0.031496062992125984,0.9606299212598425,0.0,0.5196850393700787
2024-08-29T14:03:50.035410,interface,0.0,0.0,0.6692913385826772,0.2755905511811024,0.031496062992125984,0.9606299212598425,0.0,0.5196850393700787
2024-08-29T14:03:50.045629,interface,0.0,0.0,0.6771653543307087,0.2755905511811024,0.031496062992125984,0.9606299212598425,0.0,0.5196850393700787
2024-08-29T14:03:50.046758,interface,0.0,0.0,0.6850393700787402,0.2755905511811024,0.031496062992125984,0.9606299212598425,0.0,0.5196850393700787
2024-08-29T14:03:50.052014,interface,0.0,0.0,0.6929133858267716,0.2755905511811024,0.031496062992125984,0.9606299212598425,0.0,0.5196850393700787
2024-08-29T14:03:50.067968,interface,0.0,0.0,0.7007874015748031,0.2755905511811024,0.031496062992125984,0.9606299212598425,0.0,0.5196850393700787
2024-08-29T14:03:50.071206,interface,0.0,0.0,0.7007874015748031,0.2755905511811024,0.031496062992125984,0.9606299212598425,0.0,0.5196850393700787
2024-08-29T14:03:50.084592,interface,0.0,0.0,0.7086614173228346,0.2755905511811024,0.031496062992125984,0.9606299212598425,0.0,0.5196850393700787
2024-08-29T14:03:50.096311,interface,0.0,0.0,0.7165354330708661,0.2755905511811024,0.031496062992125984,0.9606299212598425,0.0,0.5196850393700787
2024-08-29T14:03:50.105077,interface,0.0,0.0,0.7165354330708661,0.2755905511811024,0.031496062992125984,0.9606299212598425,0.0,0.5196850393700787
2024-08-29T14:03:50.114889,interface,0.0,0.0,0.7244094488188977,0.2755905511811024,0.031496062992125984,0.9606299212598425,0.0,0.5196850393700787
2024-08-29T14:03:50.126395,interface,0.0,0.0,0.7244094488188977,0.2755905511811024,0.031496062992125984,0.9606299212598425,0.0,0.5196850393700787
2024-08-29T14:03:50.142983,interface,0.0,0.0,0.7322834645669292,0.2755905511811024,0.031496062992125984,0.9606299212598425,0.0,0.5196850393700787
2024-08-29T14:03:50.155028,interface,0.0,0.0,0.7401574803149606,0.2755905511811024,0.031496062992125984,0.9606299212598425,0.0,0.5196850393700787
2024-08-29T14:03:50.156155,interface,0.0,0.0,0.7401574803149606,0.2755905511811024,0.031496062992125984,0.9606299212598425,0.0,0.5196850393700787
2024-08-29T14:03:50.161489,interface,0.0,0.0,0.7480314960629921,0.2755905511811024,0.031496062992125984,0.9606299212598425,0.0,0.5196850393700787
2024-08-29T14:03:50.175203,interface,0.0,0.0,0.7480314960629921,0.2755905511811024,0.031496062992125984,0.9606299212598425,0.0,0.5196850393700787
2024-08-29T14:03:50.185060,interface,0.0,0.0,0.7559055118110236,0.2755905511811024,0.031496062992125984,0.9606299212598425,0.0,0.5196850393700787
2024-08-29T14:03:50.195106,interface,0.0,0.0,0.7559055118110236,0.2755905511811024,0.031496062992125984,0.9606299212598425,0.0,0.5196850393700787
2024-08-29T14:03:50.382295,interface,0.0,0.0,0.7637795275590551,0.2755905511811024,0.031496062992125984,0.9606299212598425,0.0,0.5196850393700787
2024-08-29T14:03:56.299574,interface,0.0,0.0,0.7637795275590551,0.2755905511811024,0.031496062992125984,0.9606299212598425,0.0,0.5196850393700787
2024-08-29T14:03:56.318036,interface,0.0,0.0,0.7637795275590551,0.2755905511811024,0.023622047244094488,0.9606299212598425,0.0,0.5196850393700787
2024-08-29T14:03:56.321303,interface,0.0,0.0,0.7637795275590551,0.2755905511811024,0.015748031496062992,0.9606299212598425,0.0,0.5196850393700787
2024-08-29T14:03:56.334400,interface,0.0,0.0,0.7637795275590551,0.2755905511811024,0.015748031496062992,0.9606299212598425,0.0,0.5196850393700787
2024-08-29T14:03:56.347391,interface,0.0,0.0,0.7637795275590551,0.2755905511811024,0.007874015748031496,0.9606299212598425,0.0,0.5196850393700787
2024-08-29T14:03:56.368066,interface,0.0,0.0,0.7637795275590551,0.2755905511811024,0.0,0.9606299212598425,0.0,0.5196850393700787
2024-08-29T14:03:56.379694,interface,0.0,0.0,0.7637795275590551,0.2755905511811024,0.0,0.9606299212598425,0.0,0.5196850393700787
2024-08-29T14:03:57.121466,interface,0.0,0.0,0.7716535433070866,0.2755905511811024,0.0,0.9606299212598425,0.0,0.5196850393700787
2024-08-29T14:03:57.137325,interface,0.0,0.0,0.7716535433070866,0.2755905511811024,0.0,0.9606299212598425,0.0,0.5196850393700787
2024-08-29T14:03:57.138583,interface,0.0,0.0,0.7795275590551181,0.2755905511811024,0.0,0.9606299212598425,0.0,0.5196850393700787
2024-08-29T14:03:57.141792,interface,0.0,0.0,0.7874015748031497,0.2755905511811024,0.0,0.9606299212598425,0.0,0.5196850393700787
2024-08-29T14:03:57.156099,interface,0.0,0.0,0.7952755905511811,0.2755905511811024,0.0,0.9606299212598425,0.0,0.5196850393700787
2024-08-29T14:03:57.165192,interface,0.0,0.0,0.8031496062992126,0.2755905511811024,0.0,0.9606299212598425,0.0,0.5196850393700787
2024-08-29T14:03:57.174566,interface,0.0,0.0,0.8188976377952756,0.2755905511811024,0.0,0.9606299212598425,0.0,0.5196850393700787
2024-08-29T14:03:57.175715,interface,0.0,0.0,0.8267716535433071,0.2755905511811024,0.0,0.9606299212598425,0.0,0.5196850393700787
2024-08-29T14:03:57.186207,interface,0.0,0.0,0.8346456692913385,0.2755905511811024,0.0,0.9606299212598425,0.0,0.5196850393700787
2024-08-29T14:03:57.189641,interface,0.0,0.0,0.84251968503937,0.2755905511811024,0.0,0.9606299212598425,0.0,0.5196850393700787
2024-08-29T14:03:57.205052,interface,0.0,0.0,0.8503937007874016,0.2755905511811024,0.0,0.9606299212598425,0.0,0.5196850393700787
2024-08-29T14:03:57.215365,interface,0.0,0.0,0.8661417322834646,0.2755905511811024,0.0,0.9606299212598425,0.0,0.5196850393700787
2024-08-29T14:03:57.216483,interface,0.0,0.0,0.8740157480314961,0.2755905511811024,0.0,0.9606299212598425,0.0,0.5196850393700787
2024-08-29T14:03:57.221730,interface,0.0,0.0,0.889763779527559,0.2755905511811024,0.0,0.9606299212598425,0.0,0.5196850393700787
2024-08-29T14:03:57.234813,interface,0.0,0.0,0.905511811023622,0.2755905511811024,0.0,0.9606299212598425,0.0,0.5196850393700787
2024-08-29T14:03:57.245076,interface,0.0,0.0,0.9133858267716536,0.2755905511811024,0.0,0.9606299212598425,0.0,0.5196850393700787
2024-08-29T14:03:57.254710,interface,0.0,0.0,0.9212598425196851,0.2755905511811024,0.0,0.9606299212598425,0.0,0.5196850393700787
2024-08-29T14:03:57.255835,interface,0.0,0.0,0.9212598425196851,0.2755905511811024,0.0,0.9606299212598425,0.0,0.5196850393700787
2024-08-29T14:03:57.293076,interface,0.0,0.0,0.9212598425196851,0.2755905511811024,0.0,0.9606299212598425,0.0,0.5196850393700787
2024-08-29T14:03:57.294213,interface,0.0,0.0,0.9133858267716536,0.2755905511811024,0.0,0.9606299212598425,0.0,0.5196850393700787
2024-08-29T14:03:57.305583,interface,0.0,0.0,0.8976377952755905,0.2755905511811024,0.0,0.9606299212598425,0.0,0.5196850393700787
2024-08-29T14:03:57.315955,interface,0.0,0.0,0.8818897637795275,0.2755905511811024,0.0,0.9606299212598425,0.0,0.5196850393700787
2024-08-29T14:03:57.324455,interface,0.0,0.0,0.8661417322834646,0.2755905511811024,0.0,0.9606299212598425,0.0,0.5196850393700787
2024-08-29T14:03:57.335293,interface,0.0,0.0,0.8503937007874016,0.2755905511811024,0.0,0.9606299212598425,0.0,0.5196850393700787
2024-08-29T14:03:57.336487,interface,0.0,0.0,0.8346456692913385,0.2755905511811024,0.0,0.9606299212598425,0.0,0.5196850393700787
2024-08-29T14:03:57.341729,interface,0.0,0.0,0.8188976377952756,0.2755905511811024,0.0,0.9606299212598425,0.0,0.5196850393700787
2024-08-29T14:03:57.355415,interface,0.0,0.0,0.8110236220472441,0.2755905511811024,0.0,0.9606299212598425,0.0,0.5196850393700787
2024-08-29T14:03:57.365192,interface,0.0,0.0,0.7952755905511811,0.2755905511811024,0.0,0.9606299212598425,0.0,0.5196850393700787
2024-08-29T14:03:57.374721,interface,0.0,0.0,0.7874015748031497,0.2755905511811024,0.0,0.9606299212598425,0.0,0.5196850393700787
2024-08-29T14:03:57.375861,interface,0.0,0.0,0.7795275590551181,0.2755905511811024,0.0,0.9606299212598425,0.0,0.5196850393700787
2024-08-29T14:03:57.386457,interface,0.0,0.0,0.7716535433070866,0.2755905511811024,0.0,0.9606299212598425,0.0,0.5196850393700787
2024-08-29T14:03:57.389843,interface,0.0,0.0,0.7637795275590551,0.2755905511811024,0.0,0.9606299212598425,0.0,0.5196850393700787
2024-08-29T14:03:57.404552,interface,0.0,0.0,0.7559055118110236,0.2755905511811024,0.0,0.9606299212598425,0.0,0.5196850393700787
2024-08-29T14:03:57.415556,interface,0.0,0.0,0.7401574803149606,0.2755905511811024,0.0,0.9606299212598425,0.0,0.5196850393700787
2024-08-29T14:03:57.416679,interface,0.0,0.0,0.7322834645669292,0.2755905511811024,0.0,0.9606299212598425,0.0,0.5196850393700787
2024-08-29T14:03:57.421776,interface,0.0,0.0,0.7165354330708661,0.2755905511811024,0.0,0.9606299212598425,0.0,0.5196850393700787
2024-08-29T14:03:57.434726,interface,0.0,0.0,0.7086614173228346,0.2755905511811024,0.0,0.9606299212598425,0.0,0.5196850393700787
2024-08-29T14:03:57.444604,interface,0.0,0.0,0.7007874015748031,0.2755905511811024,0.0,0.9606299212598425,0.0,0.5196850393700787
2024-08-29T14:03:57.456207,interface,0.0,0.0,0.6929133858267716,0.2755905511811024,0.0,0.9606299212598425,0.0,0.5196850393700787
2024-08-29T14:03:57.457555,interface,0.0,0.0,0.6850393700787402,0.2755905511811024,0.0,0.9606299212598425,0.0,0.5196850393700787
2024-08-29T14:03:57.460945,interface,0.0,0.0,0.6771653543307087,0.2755905511811024,0.0,0.9606299212598425,0.0,0.5196850393700787
2024-08-29T14:03:57.474572,interface,0.0,0.0,0.6771653543307087,0.2755905511811024,0.0,0.9606299212598425,0.0,0.5196850393700787
2024-08-29T14:03:57.492925,interface,0.0,0.0,0.6692913385826772,0.2755905511811024,0.0,0.9606299212598425,0.0,0.5196850393700787
2024-08-29T14:03:57.521707,interface,0.0,0.0,0.6692913385826772,0.2755905511811024,0.0,0.9606299212598425,0.0,0.5196850393700787
2024-08-29T14:03:57.537860,interface,0.0,0.0,0.6614173228346457,0.2755905511811024,0.0,0.9606299212598425,0.0,0.5196850393700787
2024-08-29T14:03:57.553605,interface,0.0,0.0,0.6535433070866141,0.2755905511811024,0.0,0.9606299212598425,0.0,0.5196850393700787
2024-08-29T14:03:57.567914,interface,0.0,0.0,0.6456692913385826,0.2755905511811024,0.0,0.9606299212598425,0.0,0.5196850393700787
2024-08-29T14:03:57.571155,interface,0.0,0.0,0.6377952755905512,0.2755905511811024,0.0,0.9606299212598425,0.0,0.5196850393700787
2024-08-29T14:03:57.574398,interface,0.0,0.0,0.6377952755905512,0.2755905511811024,0.0,0.9606299212598425,0.0,0.5196850393700787
2024-08-29T14:03:57.585742,interface,0.0,0.0,0.6299212598425197,0.2755905511811024,0.0,0.9606299212598425,0.0,0.5196850393700787
2024-08-29T14:03:57.594600,interface,0.0,0.0,0.6141732283464567,0.2755905511811024,0.0,0.9606299212598425,0.0,0.5196850393700787
2024-08-29T14:03:57.605092,interface,0.0,0.0,0.6062992125984252,0.2755905511811024,0.0,0.9606299212598425,0.0,0.5196850393700787
2024-08-29T14:03:57.615366,interface,0.0,0.0,0.5984251968503937,0.2755905511811024,0.0,0.9606299212598425,0.0,0.5196850393700787
2024-08-29T14:03:57.616482,interface,0.0,0.0,0.5905511811023622,0.2755905511811024,0.0,0.9606299212598425,0.0,0.5196850393700787
2024-08-29T14:03:57.621665,interface,0.0,0.0,0.5748031496062992,0.2755905511811024,0.0,0.9606299212598425,0.0,0.5196850393700787
2024-08-29T14:03:57.635605,interface,0.0,0.0,0.5669291338582677,0.2755905511811024,0.0,0.9606299212598425,0.0,0.5196850393700787
2024-08-29T14:03:57.644935,interface,0.0,0.0,0.5590551181102362,0.2755905511811024,0.0,0.9606299212598425,0.0,0.5196850393700787
2024-08-29T14:03:57.654602,interface,0.0,0.0,0.5511811023622047,0.2755905511811024,0.0,0.9606299212598425,0.0,0.5196850393700787
2024-08-29T14:03:57.655720,interface,0.0,0.0,0.5511811023622047,0.2755905511811024,0.0,0.9606299212598425,0.0,0.5196850393700787
2024-08-29T14:03:57.661047,interface,0.0,0.0,0.5433070866141733,0.2755905511811024,0.0,0.9606299212598425,0.0,0.5196850393700787
2024-08-29T14:03:57.674658,interface,0.0,0.0,0.5354330708661418,0.2755905511811024,0.0,0.9606299212598425,0.0,0.5196850393700787
2024-08-29T14:03:57.685057,interface,0.0,0.0,0.5354330708661418,0.2755905511811024,0.0,0.9606299212598425,0.0,0.5196850393700787
2024-08-29T14:03:57.697644,interface,0.0,0.0,0.5275590551181102,0.2755905511811024,0.0,0.9606299212598425,0.0,0.5196850393700787
2024-08-29T14:03:57.717909,interface,0.0,0.0,0.5196850393700787,0.2755905511811024,0.0,0.9606299212598425,0.0,0.5196850393700787
2024-08-29T14:03:57.737697,interface,0.0,0.0,0.5196850393700787,0.2755905511811024,0.0,0.9606299212598425,0.0,0.5196850393700787
2024-08-29T14:03:57.761771,interface,0.0,0.0,0.5118110236220472,0.2755905511811024,0.0,0.9606299212598425,0.0,0.5196850393700787
2024-08-29T14:03:57.785752,interface,0.0,0.0,0.5039370078740157,0.2755905511811024,0.0,0.9606299212598425,0.0,0.5196850393700787
2024-08-29T14:03:57.795225,interface,0.0,0.0,0.5039370078740157,0.2755905511811024,0.0,0.9606299212598425,0.0,0.5196850393700787
2024-08-29T14:03:57.810112,interface,0.0,0.0,0.49606299212598426,0.2755905511811024,0.0,0.9606299212598425,0.0,0.5196850393700787
2024-08-29T14:03:57.825708,interface,0.0,0.0,0.49606299212598426,0.2755905511811024,0.0,0.9606299212598425,0.0,0.5196850393700787
2024-08-29T14:03:57.842956,interface,0.0,0.0,0.4881889763779528,0.2755905511811024,0.0,0.9606299212598425,0.0,0.5196850393700787
2024-08-29T14:03:59.022005,interface,0.0,0.007874015748031496,0.4881889763779528,0.2755905511811024,0.0,0.9606299212598425,0.0,0.5196850393700787
2024-08-29T14:04:00.821615,interface,0.0,0.007874015748031496,0.4881889763779528,0.2755905511811024,0.0,0.9606299212598425,0.0,0.5196850393700787
2024-08-29T14:04:19.433477,interface,0.0,0.007874015748031496,0.4881889763779528,0.2755905511811024,0.0,0.9606299212598425,0.0,0.5196850393700787
2024-08-29T14:04:19.448749,interface,0.023622047244094488,0.007874015748031496,0.4881889763779528,0.2755905511811024,0.0,0.9606299212598425,0.0,0.5196850393700787
2024-08-29T14:04:19.449932,interface,0.07086614173228346,0.007874015748031496,0.4881889763779528,0.2755905511811024,0.0,0.9606299212598425,0.0,0.5196850393700787
2024-08-29T14:04:19.453293,interface,0.13385826771653545,0.007874015748031496,0.4881889763779528,0.2755905511811024,0.0,0.9606299212598425,0.0,0.5196850393700787
2024-08-29T14:04:19.465796,interface,0.1889763779527559,0.007874015748031496,0.4881889763779528,0.2755905511811024,0.0,0.9606299212598425,0.0,0.5196850393700787
2024-08-29T14:04:19.475236,interface,0.2440944881889764,0.007874015748031496,0.4881889763779528,0.2755905511811024,0.0,0.9606299212598425,0.0,0.5196850393700787
2024-08-29T14:04:19.486110,interface,0.29133858267716534,0.007874015748031496,0.4881889763779528,0.2755905511811024,0.0,0.9606299212598425,0.0,0.5196850393700787
2024-08-29T14:04:19.496128,interface,0.33858267716535434,0.007874015748031496,0.4881889763779528,0.2755905511811024,0.0,0.9606299212598425,0.0,0.5196850393700787
2024-08-29T14:04:19.497294,interface,0.3779527559055118,0.007874015748031496,0.4881889763779528,0.2755905511811024,0.0,0.9606299212598425,0.0,0.5196850393700787
2024-08-29T14:04:19.500643,interface,0.4094488188976378,0.007874015748031496,0.4881889763779528,0.2755905511811024,0.0,0.9606299212598425,0.0,0.5196850393700787
2024-08-29T14:04:19.517877,interface,0.4330708661417323,0.007874015748031496,0.4881889763779528,0.2755905511811024,0.0,0.9606299212598425,0.0,0.5196850393700787
2024-08-29T14:04:19.521311,interface,0.44881889763779526,0.007874015748031496,0.4881889763779528,0.2755905511811024,0.0,0.9606299212598425,0.0,0.5196850393700787
2024-08-29T14:04:19.535294,interface,0.4566929133858268,0.007874015748031496,0.4881889763779528,0.2755905511811024,0.0,0.9606299212598425,0.0,0.5196850393700787
2024-08-29T14:04:19.553441,interface,0.44881889763779526,0.007874015748031496,0.4881889763779528,0.2755905511811024,0.0,0.9606299212598425,0.0,0.5196850393700787
2024-08-29T14:04:19.567903,interface,0.4409448818897638,0.007874015748031496,0.4881889763779528,0.2755905511811024,0.0,0.9606299212598425,0.0,0.5196850393700787
2024-08-29T14:04:19.571187,interface,0.4330708661417323,0.007874015748031496,0.4881889763779528,0.2755905511811024,0.0,0.9606299212598425,0.0,0.5196850393700787
2024-08-29T14:04:19.572517,interface,0.41732283464566927,0.007874015748031496,0.4881889763779528,0.2755905511811024,0.0,0.9606299212598425,0.0,0.5196850393700787
2024-08-29T14:04:19.586238,interface,0.3937007874015748,0.007874015748031496,0.4881889763779528,0.2755905511811024,0.0,0.9606299212598425,0.0,0.5196850393700787
2024-08-29T14:04:19.589687,interface,0.3700787401574803,0.007874015748031496,0.4881889763779528,0.2755905511811024,0.0,0.9606299212598425,0.0,0.5196850393700787
2024-08-29T14:04:19.606013,interface,0.33858267716535434,0.007874015748031496,0.4881889763779528,0.2755905511811024,0.0,0.9606299212598425,0.0,0.5196850393700787
2024-08-29T14:04:19.615730,interface,0.30708661417322836,0.007874015748031496,0.4881889763779528,0.2755905511811024,0.0,0.9606299212598425,0.0,0.5196850393700787
2024-08-29T14:04:19.616862,interface,0.25984251968503935,0.007874015748031496,0.4881889763779528,0.2755905511811024,0.0,0.9606299212598425,0.0,0.5196850393700787
2024-08-29T14:04:19.622027,interface,0.2047244094488189,0.007874015748031496,0.4881889763779528,0.2755905511811024,0.0,0.9606299212598425,0.0,0.5196850393700787
2024-08-29T14:04:19.634746,interface,0.14960629921259844,0.007874015748031496,0.4881889763779528,0.2755905511811024,0.0,0.9606299212598425,0.0,0.5196850393700787
2024-08-29T14:04:19.645051,interface,0.09448818897637795,0.007874015748031496,0.4881889763779528,0.2755905511811024,0.0,0.9606299212598425,0.0,0.5196850393700787
2024-08-29T14:04:19.655182,interface,0.047244094488188976,0.007874015748031496,0.4881889763779528,0.2755905511811024,0.0,0.9606299212598425,0.0,0.5196850393700787
2024-08-29T14:04:19.656305,interface,0.015748031496062992,0.007874015748031496,0.4881889763779528,0.2755905511811024,0.0,0.9606299212598425,0.0,0.5196850393700787
2024-08-29T14:04:19.661624,interface,0.0,0.007874015748031496,0.4881889763779528,0.2755905511811024,0.0,0.9606299212598425,0.0,0.5196850393700787
2024-08-29T14:04:19.674356,interface,0.0,0.007874015748031496,0.4881889763779528,0.2755905511811024,0.0,0.9606299212598425,0.0,0.5196850393700787
2024-08-29T14:04:20.583667,interface,0.0,0.007874015748031496,0.4881889763779528,0.2755905511811024,0.0,0.9606299212598425,0.0,0.5196850393700787
2024-08-29T14:04:20.594930,interface,0.007874015748031496,0.007874015748031496,0.4881889763779528,0.2755905511811024,0.0,0.9606299212598425,0.0,0.5196850393700787
2024-08-29T14:04:20.605277,interface,0.015748031496062992,0.007874015748031496,0.4881889763779528,0.2755905511811024,0.0,0.9606299212598425,0.0,0.5196850393700787
2024-08-29T14:04:20.606413,interface,0.031496062992125984,0.007874015748031496,0.4881889763779528,0.2755905511811024,0.0,0.9606299212598425,0.0,0.5196850393700787
2024-08-29T14:04:20.611710,interface,0.05511811023622047,0.007874015748031496,0.4881889763779528,0.2755905511811024,0.0,0.9606299212598425,0.0,0.5196850393700787
2024-08-29T14:04:20.625295,interface,0.08661417322834646,0.007874015748031496,0.4881889763779528,0.2755905511811024,0.0,0.9606299212598425,0.0,0.5196850393700787
2024-08-29T14:04:20.636337,interface,0.11811023622047244,0.007874015748031496,0.4881889763779528,0.2755905511811024,0.0,0.9606299212598425,0.0,0.5196850393700787
2024-08-29T14:04:20.645711,interface,0.15748031496062992,0.007874015748031496,0.4881889763779528,0.2755905511811024,0.0,0.9606299212598425,0.0,0.5196850393700787
2024-08-29T14:04:20.646852,interface,0.1889763779527559,0.007874015748031496,0.4881889763779528,0.2755905511811024,0.0,0.9606299212598425,0.0,0.5196850393700787
2024-08-29T14:04:20.652048,interface,0.2125984251968504,0.007874015748031496,0.4881889763779528,0.2755905511811024,0.0,0.9606299212598425,0.0,0.5196850393700787
2024-08-29T14:04:20.667904,interface,0.2440944881889764,0.007874015748031496,0.4881889763779528,0.2755905511811024,0.0,0.9606299212598425,0.0,0.5196850393700787
2024-08-29T14:04:20.671160,interface,0.2755905511811024,0.007874015748031496,0.4881889763779528,0.2755905511811024,0.0,0.9606299212598425,0.0,0.5196850393700787
2024-08-29T14:04:20.685992,interface,0.2992125984251969,0.007874015748031496,0.4881889763779528,0.2755905511811024,0.0,0.9606299212598425,0.0,0.5196850393700787
2024-08-29T14:04:20.687216,interface,0.33070866141732286,0.007874015748031496,0.4881889763779528,0.2755905511811024,0.0,0.9606299212598425,0.0,0.5196850393700787
2024-08-29T14:04:20.692389,interface,0.36220472440944884,0.007874015748031496,0.4881889763779528,0.2755905511811024,0.0,0.9606299212598425,0.0,0.5196850393700787
2024-08-29T14:04:20.705458,interface,0.3937007874015748,0.007874015748031496,0.4881889763779528,0.2755905511811024,0.0,0.9606299212598425,0.0,0.5196850393700787
2024-08-29T14:04:20.716181,interface,0.4251968503937008,0.007874015748031496,0.4881889763779528,0.2755905511811024,0.0,0.9606299212598425,0.0,0.5196850393700787
2024-08-29T14:04:20.719587,interface,0.4566929133858268,0.007874015748031496,0.4881889763779528,0.2755905511811024,0.0,0.9606299212598425,0.0,0.5196850393700787
2024-08-29T14:04:20.722976,interface,0.48031496062992124,0.007874015748031496,0.4881889763779528,0.2755905511811024,0.0,0.9606299212598425,0.0,0.5196850393700787
2024-08-29T14:04:20.735760,interface,0.5118110236220472,0.007874015748031496,0.4881889763779528,0.2755905511811024,0.0,0.9606299212598425,0.0,0.5196850393700787
2024-08-29T14:04:20.745227,interface,0.5354330708661418,0.007874015748031496,0.4881889763779528,0.2755905511811024,0.0,0.9606299212598425,0.0,0.5196850393700787
2024-08-29T14:04:20.754541,interface,0.5669291338582677,0.007874015748031496,0.4881889763779528,0.2755905511811024,0.0,0.9606299212598425,0.0,0.5196850393700787
2024-08-29T14:04:20.768246,interface,0.5984251968503937,0.007874015748031496,0.4881889763779528,0.2755905511811024,0.0,0.9606299212598425,0.0,0.5196850393700787
2024-08-29T14:04:20.769421,interface,0.6220472440944882,0.007874015748031496,0.4881889763779528,0.2755905511811024,0.0,0.9606299212598425,0.0,0.5196850393700787
2024-08-29T14:04:20.770706,interface,0.6535433070866141,0.007874015748031496,0.4881889763779528,0.2755905511811024,0.0,0.9606299212598425,0.0,0.5196850393700787
2024-08-29T14:04:20.785106,interface,0.6771653543307087,0.007874015748031496,0.4881889763779528,0.2755905511811024,0.0,0.9606299212598425,0.0,0.5196850393700787
2024-08-29T14:04:20.795866,interface,0.7007874015748031,0.007874015748031496,0.4881889763779528,0.2755905511811024,0.0,0.9606299212598425,0.0,0.5196850393700787
2024-08-29T14:04:20.804466,interface,0.7165354330708661,0.007874015748031496,0.4881889763779528,0.2755905511811024,0.0,0.9606299212598425,0.0,0.5196850393700787
2024-08-29T14:04:20.805629,interface,0.7322834645669292,0.007874015748031496,0.4881889763779528,0.2755905511811024,0.0,0.9606299212598425,0.0,0.5196850393700787
2024-08-29T14:04:20.816232,interface,0.7559055118110236,0.007874015748031496,0.4881889763779528,0.2755905511811024,0.0,0.9606299212598425,0.0,0.5196850393700787
2024-08-29T14:04:20.825393,interface,0.7716535433070866,0.007874015748031496,0.4881889763779528,0.2755905511811024,0.0,0.9606299212598425,0.0,0.5196850393700787
2024-08-29T14:04:20.835088,interface,0.7874015748031497,0.007874015748031496,0.4881889763779528,0.2755905511811024,0.0,0.9606299212598425,0.0,0.5196850393700787
2024-08-29T14:04:20.846135,interface,0.8031496062992126,0.007874015748031496,0.4881889763779528,0.2755905511811024,0.0,0.9606299212598425,0.0,0.5196850393700787
2024-08-29T14:04:20.847261,interface,0.8267716535433071,0.007874015748031496,0.4881889763779528,0.2755905511811024,0.0,0.9606299212598425,0.0,0.5196850393700787
2024-08-29T14:04:20.852405,interface,0.84251968503937,0.007874015748031496,0.4881889763779528,0.2755905511811024,0.0,0.9606299212598425,0.0,0.5196850393700787
2024-08-29T14:04:20.867979,interface,0.8661417322834646,0.007874015748031496,0.4881889763779528,0.2755905511811024,0.0,0.9606299212598425,0.0,0.5196850393700787
2024-08-29T14:04:20.871383,interface,0.8818897637795275,0.007874015748031496,0.4881889763779528,0.2755905511811024,0.0,0.9606299212598425,0.0,0.5196850393700787
2024-08-29T14:04:20.884631,interface,0.905511811023622,0.007874015748031496,0.4881889763779528,0.2755905511811024,0.0,0.9606299212598425,0.0,0.5196850393700787
2024-08-29T14:04:20.885928,interface,0.9212598425196851,0.007874015748031496,0.4881889763779528,0.2755905511811024,0.0,0.9606299212598425,0.0,0.5196850393700787
2024-08-29T14:04:20.891190,interface,0.9448818897637795,0.007874015748031496,0.4881889763779528,0.2755905511811024,0.0,0.9606299212598425,0.0,0.5196850393700787
2024-08-29T14:04:20.905421,interface,0.9606299212598425,0.007874015748031496,0.4881889763779528,0.2755905511811024,0.0,0.9606299212598425,0.0,0.5196850393700787
2024-08-29T14:04:20.915283,interface,0.9763779527559056,0.007874015748031496,0.4881889763779528,0.2755905511811024,0.0,0.9606299212598425,0.0,0.5196850393700787
2024-08-29T14:04:20.924662,interface,0.984251968503937,0.007874015748031496,0.4881889763779528,0.2755905511811024,0.0,0.9606299212598425,0.0,0.5196850393700787
2024-08-29T14:04:20.925822,interface,0.9921259842519685,0.007874015748031496,0.4881889763779528,0.2755905511811024,0.0,0.9606299212598425,0.0,0.5196850393700787
2024-08-29T14:04:20.931090,interface,0.9921259842519685,0.007874015748031496,0.4881889763779528,0.2755905511811024,0.0,0.9606299212598425,0.0,0.5196850393700787
2024-08-29T14:04:20.952039,interface,1.0,0.007874015748031496,0.4881889763779528,0.2755905511811024,0.0,0.9606299212598425,0.0,0.5196850393700787
2024-08-29T14:04:21.295788,interface,0.9921259842519685,0.007874015748031496,0.4881889763779528,0.2755905511811024,0.0,0.9606299212598425,0.0,0.5196850393700787
2024-08-29T14:04:21.304554,interface,0.984251968503937,0.007874015748031496,0.4881889763779528,0.2755905511811024,0.0,0.9606299212598425,0.0,0.5196850393700787
2024-08-29T14:04:21.314930,interface,0.968503937007874,0.007874015748031496,0.4881889763779528,0.2755905511811024,0.0,0.9606299212598425,0.0,0.5196850393700787
2024-08-29T14:04:21.326244,interface,0.937007874015748,0.007874015748031496,0.4881889763779528,0.2755905511811024,0.0,0.9606299212598425,0.0,0.5196850393700787
2024-08-29T14:04:21.327375,interface,0.8976377952755905,0.007874015748031496,0.4881889763779528,0.2755905511811024,0.0,0.9606299212598425,0.0,0.5196850393700787
2024-08-29T14:04:21.332675,interface,0.8661417322834646,0.007874015748031496,0.4881889763779528,0.2755905511811024,0.0,0.9606299212598425,0.0,0.5196850393700787
2024-08-29T14:04:21.344540,interface,0.8346456692913385,0.007874015748031496,0.4881889763779528,0.2755905511811024,0.0,0.9606299212598425,0.0,0.5196850393700787
2024-08-29T14:04:21.355927,interface,0.8031496062992126,0.007874015748031496,0.4881889763779528,0.2755905511811024,0.0,0.9606299212598425,0.0,0.5196850393700787
2024-08-29T14:04:21.366322,interface,0.7795275590551181,0.007874015748031496,0.4881889763779528,0.2755905511811024,0.0,0.9606299212598425,0.0,0.5196850393700787
2024-08-29T14:04:21.367456,interface,0.7559055118110236,0.007874015748031496,0.4881889763779528,0.2755905511811024,0.0,0.9606299212598425,0.0,0.5196850393700787
2024-08-29T14:04:21.372636,interface,0.7244094488188977,0.007874015748031496,0.4881889763779528,0.2755905511811024,0.0,0.9606299212598425,0.0,0.5196850393700787
2024-08-29T14:04:21.385558,interface,0.7007874015748031,0.007874015748031496,0.4881889763779528,0.2755905511811024,0.0,0.9606299212598425,0.0,0.5196850393700787
2024-08-29T14:04:21.395360,interface,0.6771653543307087,0.007874015748031496,0.4881889763779528,0.2755905511811024,0.0,0.9606299212598425,0.0,0.5196850393700787
2024-08-29T14:04:21.404469,interface,0.6614173228346457,0.007874015748031496,0.4881889763779528,0.2755905511811024,0.0,0.9606299212598425,0.0,0.5196850393700787
2024-08-29T14:04:21.405654,interface,0.6377952755905512,0.007874015748031496,0.4881889763779528,0.2755905511811024,0.0,0.9606299212598425,0.0,0.5196850393700787
2024-08-29T14:04:21.410990,interface,0.6220472440944882,0.007874015748031496,0.4881889763779528,0.2755905511811024,0.0,0.9606299212598425,0.0,0.5196850393700787
2024-08-29T14:04:21.424600,interface,0.5984251968503937,0.007874015748031496,0.4881889763779528,0.2755905511811024,0.0,0.9606299212598425,0.0,0.5196850393700787
2024-08-29T14:04:21.434552,interface,0.5826771653543307,0.007874015748031496,0.4881889763779528,0.2755905511811024,0.0,0.9606299212598425,0.0,0.5196850393700787
2024-08-29T14:04:21.445441,interface,0.5669291338582677,0.007874015748031496,0.4881889763779528,0.2755905511811024,0.0,0.9606299212598425,0.0,0.5196850393700787
2024-08-29T14:04:21.446568,interface,0.5433070866141733,0.007874015748031496,0.4881889763779528,0.2755905511811024,0.0,0.9606299212598425,0.0,0.5196850393700787
2024-08-29T14:04:21.451830,interface,0.5275590551181102,0.007874015748031496,0.4881889763779528,0.2755905511811024,0.0,0.9606299212598425,0.0,0.5196850393700787
2024-08-29T14:04:21.467912,interface,0.5039370078740157,0.007874015748031496,0.4881889763779528,0.2755905511811024,0.0,0.9606299212598425,0.0,0.5196850393700787
2024-08-29T14:04:21.471150,interface,0.4881889763779528,0.007874015748031496,0.4881889763779528,0.2755905511811024,0.0,0.9606299212598425,0.0,0.5196850393700787
2024-08-29T14:04:21.484343,interface,0.4645669291338583,0.007874015748031496,0.4881889763779528,0.2755905511811024,0.0,0.9606299212598425,0.0,0.5196850393700787
2024-08-29T14:04:21.485634,interface,0.4330708661417323,0.007874015748031496,0.4881889763779528,0.2755905511811024,0.0,0.9606299212598425,0.0,0.5196850393700787
2024-08-29T14:04:21.496060,interface,0.4094488188976378,0.007874015748031496,0.4881889763779528,0.2755905511811024,0.0,0.9606299212598425,0.0,0.5196850393700787
2024-08-29T14:04:21.506009,interface,0.3858267716535433,0.007874015748031496,0.4881889763779528,0.2755905511811024,0.0,0.9606299212598425,0.0,0.5196850393700787
2024-08-29T14:04:21.516070,interface,0.36220472440944884,0.007874015748031496,0.4881889763779528,0.2755905511811024,0.0,0.9606299212598425,0.0,0.5196850393700787
2024-08-29T14:04:21.525047,interface,0.33858267716535434,0.007874015748031496,0.4881889763779528,0.2755905511811024,0.0,0.9606299212598425,0.0,0.5196850393700787
2024-08-29T14:04:21.526182,interface,0.3228346456692913,0.007874015748031496,0.4881889763779528,0.2755905511811024,0.0,0.9606299212598425,0.0,0.5196850393700787
2024-08-29T14:04:21.531441,interface,0.2992125984251969,0.007874015748031496,0.4881889763779528,0.2755905511811024,0.0,0.9606299212598425,0.0,0.5196850393700787
2024-08-29T14:04:21.544671,interface,0.28346456692913385,0.007874015748031496,0.4881889763779528,0.2755905511811024,0.0,0.9606299212598425,0.0,0.5196850393700787
2024-08-29T14:04:21.554350,interface,0.2755905511811024,0.007874015748031496,0.4881889763779528,0.2755905511811024,0.0,0.9606299212598425,0.0,0.5196850393700787
2024-08-29T14:04:21.567983,interface,0.25984251968503935,0.007874015748031496,0.4881889763779528,0.2755905511811024,0.0,0.9606299212598425,0.0,0.5196850393700787
2024-08-29T14:04:21.569126,interface,0.25196850393700787,0.007874015748031496,0.4881889763779528,0.2755905511811024,0.0,0.9606299212598425,0.0,0.5196850393700787
2024-08-29T14:04:21.572309,interface,0.2440944881889764,0.007874015748031496,0.4881889763779528,0.2755905511811024,0.0,0.9606299212598425,0.0,0.5196850393700787
2024-08-29T14:04:21.584471,interface,0.2440944881889764,0.007874015748031496,0.4881889763779528,0.2755905511811024,0.0,0.9606299212598425,0.0,0.5196850393700787
2024-08-29T14:04:21.594359,interface,0.23622047244094488,0.007874015748031496,0.4881889763779528,0.2755905511811024,0.0,0.9606299212598425,0.0,0.5196850393700787
2024-08-29T14:04:21.604655,interface,0.2283464566929134,0.007874015748031496,0.4881889763779528,0.2755905511811024,0.0,0.9606299212598425,0.0,0.5196850393700787
2024-08-29T14:04:21.605849,interface,0.2283464566929134,0.007874015748031496,0.4881889763779528,0.2755905511811024,0.0,0.9606299212598425,0.0,0.5196850393700787
2024-08-29T14:04:21.611215,interface,0.2204724409448819,0.007874015748031496,0.4881889763779528,0.2755905511811024,0.0,0.9606299212598425,0.0,0.5196850393700787
2024-08-29T14:04:21.624222,interface,0.2125984251968504,0.007874015748031496,0.4881889763779528,0.2755905511811024,0.0,0.9606299212598425,0.0,0.5196850393700787
2024-08-29T14:04:21.634343,interface,0.2047244094488189,0.007874015748031496,0.4881889763779528,0.2755905511811024,0.0,0.9606299212598425,0.0,0.5196850393700787
2024-08-29T14:04:21.644488,interface,0.2047244094488189,0.007874015748031496,0.4881889763779528,0.2755905511811024,0.0,0.9606299212598425,0.0,0.5196850393700787
2024-08-29T14:04:21.645666,interface,0.1968503937007874,0.007874015748031496,0.4881889763779528,0.2755905511811024,0.0,0.9606299212598425,0.0,0.5196850393700787
2024-08-29T14:04:21.655980,interface,0.1889763779527559,0.007874015748031496,0.4881889763779528,0.2755905511811024,0.0,0.9606299212598425,0.0,0.5196850393700787
2024-08-29T14:04:21.665414,interface,0.1732283464566929,0.007874015748031496,0.4881889763779528,0.2755905511811024,0.0,0.9606299212598425,0.0,0.5196850393700787
2024-08-29T14:04:21.674398,interface,0.16535433070866143,0.007874015748031496,0.4881889763779528,0.2755905511811024,0.0,0.9606299212598425,0.0,0.5196850393700787
2024-08-29T14:04:21.685125,interface,0.14960629921259844,0.007874015748031496,0.4881889763779528,0.2755905511811024,0.0,0.9606299212598425,0.0,0.5196850393700787
2024-08-29T14:04:21.686367,interface,0.12598425196850394,0.007874015748031496,0.4881889763779528,0.2755905511811024,0.0,0.9606299212598425,0.0,0.5196850393700787
2024-08-29T14:04:21.691669,interface,0.11023622047244094,0.007874015748031496,0.4881889763779528,0.2755905511811024,0.0,0.9606299212598425,0.0,0.5196850393700787
2024-08-29T14:04:21.704979,interface,0.08661417322834646,0.007874015748031496,0.4881889763779528,0.2755905511811024,0.0,0.9606299212598425,0.0,0.5196850393700787
2024-08-29T14:04:21.714825,interface,0.07086614173228346,0.007874015748031496,0.4881889763779528,0.2755905511811024,0.0,0.9606299212598425,0.0,0.5196850393700787
2024-08-29T14:04:21.725683,interface,0.05511811023622047,0.007874015748031496,0.4881889763779528,0.2755905511811024,0.0,0.9606299212598425,0.0,0.5196850393700787
2024-08-29T14:04:21.726818,interface,0.03937007874015748,0.007874015748031496,0.4881889763779528,0.2755905511811024,0.0,0.9606299212598425,0.0,0.5196850393700787
2024-08-29T14:04:21.732165,interface,0.031496062992125984,0.007874015748031496,0.4881889763779528,0.2755905511811024,0.0,0.9606299212598425,0.0,0.5196850393700787
2024-08-29T14:04:21.745611,interface,0.015748031496062992,0.007874015748031496,0.4881889763779528,0.2755905511811024,0.0,0.9606299212598425,0.0,0.5196850393700787
2024-08-29T14:04:21.754366,interface,0.007874015748031496,0.007874015748031496,0.4881889763779528,0.2755905511811024,0.0,0.9606299212598425,0.0,0.5196850393700787
2024-08-29T14:04:21.767906,interface,0.007874015748031496,0.007874015748031496,0.4881889763779528,0.2755905511811024,0.0,0.9606299212598425,0.0,0.5196850393700787
2024-08-29T14:04:21.792860,interface,0.0,0.007874015748031496,0.4881889763779528,0.2755905511811024,0.0,0.9606299212598425,0.0,0.5196850393700787
2024-08-29T14:04:22.224145,interface,0.0,0.007874015748031496,0.4881889763779528,0.29133858267716534,0.0,0.9606299212598425,0.0,0.5196850393700787
2024-08-29T14:04:22.236120,interface,0.0,0.007874015748031496,0.4881889763779528,0.2992125984251969,0.0,0.9606299212598425,0.0,0.5196850393700787
2024-08-29T14:04:22.244771,interface,0.0,0.007874015748031496,0.4881889763779528,0.31496062992125984,0.0,0.9606299212598425,0.0,0.5196850393700787
2024-08-29T14:04:22.245948,interface,0.0,0.007874015748031496,0.4881889763779528,0.3228346456692913,0.0,0.9606299212598425,0.0,0.5196850393700787
2024-08-29T14:04:22.251209,interface,0.0,0.007874015748031496,0.4881889763779528,0.33858267716535434,0.0,0.9606299212598425,0.0,0.5196850393700787
2024-08-29T14:04:22.267878,interface,0.0,0.007874015748031496,0.4881889763779528,0.3543307086614173,0.0,0.9606299212598425,0.0,0.5196850393700787
2024-08-29T14:04:22.271145,interface,0.0,0.007874015748031496,0.4881889763779528,0.3779527559055118,0.0,0.9606299212598425,0.0,0.5196850393700787
2024-08-29T14:04:22.285545,interface,0.0,0.007874015748031496,0.4881889763779528,0.3937007874015748,0.0,0.9606299212598425,0.0,0.5196850393700787
2024-08-29T14:04:22.286802,interface,0.0,0.007874015748031496,0.4881889763779528,0.4094488188976378,0.0,0.9606299212598425,0.0,0.5196850393700787
2024-08-29T14:04:22.292040,interface,0.0,0.007874015748031496,0.4881889763779528,0.4251968503937008,0.0,0.9606299212598425,0.0,0.5196850393700787
2024-08-29T14:04:22.304619,interface,0.0,0.007874015748031496,0.4881889763779528,0.44881889763779526,0.0,0.9606299212598425,0.0,0.5196850393700787
2024-08-29T14:04:22.318222,interface,0.0,0.007874015748031496,0.4881889763779528,0.4645669291338583,0.0,0.9606299212598425,0.0,0.5196850393700787
2024-08-29T14:04:22.321486,interface,0.0,0.007874015748031496,0.4881889763779528,0.48031496062992124,0.0,0.9606299212598425,0.0,0.5196850393700787
2024-08-29T14:04:22.324667,interface,0.0,0.007874015748031496,0.4881889763779528,0.49606299212598426,0.0,0.9606299212598425,0.0,0.5196850393700787
2024-08-29T14:04:22.336472,interface,0.0,0.007874015748031496,0.4881889763779528,0.5118110236220472,0.0,0.9606299212598425,0.0,0.5196850393700787
2024-08-29T14:04:22.344915,interface,0.0,0.007874015748031496,0.4881889763779528,0.5275590551181102,0.0,0.9606299212598425,0.0,0.5196850393700787
2024-08-29T14:04:22.355157,interface,0.0,0.007874015748031496,0.4881889763779528,0.5511811023622047,0.0,0.9606299212598425,0.0,0.5196850393700787
2024-08-29T14:04:22.366099,interface,0.0,0.007874015748031496,0.4881889763779528,0.5669291338582677,0.0,0.9606299212598425,0.0,0.5196850393700787
2024-08-29T14:04:22.367227,interface,0.0,0.007874015748031496,0.4881889763779528,0.5826771653543307,0.0,0.9606299212598425,0.0,0.5196850393700787
2024-08-29T14:04:22.372335,interface,0.0,0.007874015748031496,0.4881889763779528,0.5984251968503937,0.0,0.9606299212598425,0.0,0.5196850393700787
2024-08-29T14:04:22.385514,interface,0.0,0.007874015748031496,0.4881889763779528,0.6141732283464567,0.0,0.9606299212598425,0.0,0.5196850393700787
2024-08-29T14:04:22.394904,interface,0.0,0.007874015748031496,0.4881889763779528,0.6299212598425197,0.0,0.9606299212598425,0.0,0.5196850393700787
2024-08-29T14:04:22.405018,interface,0.0,0.007874015748031496,0.4881889763779528,0.6377952755905512,0.0,0.9606299212598425,0.0,0.5196850393700787
2024-08-29T14:04:22.406147,interface,0.0,0.007874015748031496,0.4881889763779528,0.6535433070866141,0.0,0.9606299212598425,0.0,0.5196850393700787
2024-08-29T14:04:22.416474,interface,0.0,0.007874015748031496,0.4881889763779528,0.6692913385826772,0.0,0.9606299212598425,0.0,0.5196850393700787
2024-08-29T14:04:22.426010,interface,0.0,0.007874015748031496,0.4881889763779528,0.6771653543307087,0.0,0.9606299212598425,0.0,0.5196850393700787
2024-08-29T14:04:22.434785,interface,0.0,0.007874015748031496,0.4881889763779528,0.6850393700787402,0.0,0.9606299212598425,0.0,0.5196850393700787
2024-08-29T14:04:22.445157,interface,0.0,0.007874015748031496,0.4881889763779528,0.7007874015748031,0.0,0.9606299212598425,0.0,0.5196850393700787
2024-08-29T14:04:22.446294,interface,0.0,0.007874015748031496,0.4881889763779528,0.7086614173228346,0.0,0.9606299212598425,0.0,0.5196850393700787
2024-08-29T14:04:22.456720,interface,0.0,0.007874015748031496,0.4881889763779528,0.7165354330708661,0.0,0.9606299212598425,0.0,0.5196850393700787
2024-08-29T14:04:22.465175,interface,0.0,0.007874015748031496,0.4881889763779528,0.7165354330708661,0.0,0.9606299212598425,0.0,0.5196850393700787
2024-08-29T14:04:22.474527,interface,0.0,0.007874015748031496,0.4881889763779528,0.7244094488188977,0.0,0.9606299212598425,0.0,0.5196850393700787
2024-08-29T14:04:22.484727,interface,0.0,0.007874015748031496,0.4881889763779528,0.7244094488188977,0.0,0.9606299212598425,0.0,0.5196850393700787
2024-08-29T14:04:22.504218,interface,0.0,0.007874015748031496,0.4881889763779528,0.7322834645669292,0.0,0.9606299212598425,0.0,0.5196850393700787
2024-08-29T14:04:22.552106,interface,0.0,0.007874015748031496,0.4881889763779528,0.7244094488188977,0.0,0.9606299212598425,0.0,0.5196850393700787
2024-08-29T14:04:22.568040,interface,0.0,0.007874015748031496,0.4881889763779528,0.7165354330708661,0.0,0.9606299212598425,0.0,0.5196850393700787
2024-08-29T14:04:22.569201,interface,0.0,0.007874015748031496,0.4881889763779528,0.7007874015748031,0.0,0.9606299212598425,0.0,0.5196850393700787
2024-08-29T14:04:22.572388,interface,0.0,0.007874015748031496,0.4881889763779528,0.6771653543307087,0.0,0.9606299212598425,0.0,0.5196850393700787
2024-08-29T14:04:22.584756,interface,0.0,0.007874015748031496,0.4881889763779528,0.6456692913385826,0.0,0.9606299212598425,0.0,0.5196850393700787
2024-08-29T14:04:22.596037,interface,0.0,0.007874015748031496,0.4881889763779528,0.5984251968503937,0.0,0.9606299212598425,0.0,0.5196850393700787
2024-08-29T14:04:22.605212,interface,0.0,0.007874015748031496,0.4881889763779528,0.5433070866141733,0.0,0.9606299212598425,0.0,0.5196850393700787
2024-08-29T14:04:22.606352,interface,0.0,0.007874015748031496,0.4881889763779528,0.4881889763779528,0.0,0.9606299212598425,0.0,0.5196850393700787
2024-08-29T14:04:22.611706,interface,0.0,0.007874015748031496,0.4881889763779528,0.41732283464566927,0.0,0.9606299212598425,0.0,0.5196850393700787
2024-08-29T14:04:22.625542,interface,0.0,0.007874015748031496,0.4881889763779528,0.3543307086614173,0.0,0.9606299212598425,0.0,0.5196850393700787
2024-08-29T14:04:22.635611,interface,0.0,0.007874015748031496,0.4881889763779528,0.2992125984251969,0.0,0.9606299212598425,0.0,0.5196850393700787
2024-08-29T14:04:22.646090,interface,0.0,0.007874015748031496,0.4881889763779528,0.2440944881889764,0.0,0.9606299212598425,0.0,0.5196850393700787
2024-08-29T14:04:22.647214,interface,0.0,0.007874015748031496,0.4881889763779528,0.1968503937007874,0.0,0.9606299212598425,0.0,0.5196850393700787
2024-08-29T14:04:22.652389,interface,0.0,0.007874015748031496,0.4881889763779528,0.14960629921259844,0.0,0.9606299212598425,0.0,0.5196850393700787
2024-08-29T14:04:22.667917,interface,0.0,0.007874015748031496,0.4881889763779528,0.10236220472440945,0.0,0.9606299212598425,0.0,0.5196850393700787
2024-08-29T14:04:22.671331,interface,0.0,0.007874015748031496,0.4881889763779528,0.07086614173228346,0.0,0.9606299212598425,0.0,0.5196850393700787
2024-08-29T14:04:22.686374,interface,0.0,0.007874015748031496,0.4881889763779528,0.03937007874015748,0.0,0.9606299212598425,0.0,0.5196850393700787
2024-08-29T14:04:22.687630,interface,0.0,0.007874015748031496,0.4881889763779528,0.015748031496062992,0.0,0.9606299212598425,0.0,0.5196850393700787
2024-08-29T14:04:22.692770,interface,0.0,0.007874015748031496,0.4881889763779528,0.007874015748031496,0.0,0.9606299212598425,0.0,0.5196850393700787
2024-08-29T14:04:22.705236,interface,0.0,0.007874015748031496,0.4881889763779528,0.0,0.0,0.9606299212598425,0.0,0.5196850393700787
2024-08-29T14:04:22.720206,interface,0.0,0.007874015748031496,0.4881889763779528,0.0,0.0,0.9606299212598425,0.0,0.5196850393700787
2024-08-29T14:04:22.832387,interface,0.0,0.007874015748031496,0.4881889763779528,0.007874015748031496,0.0,0.9606299212598425,0.0,0.5196850393700787
2024-08-29T14:04:22.844717,interface,0.0,0.007874015748031496,0.4881889763779528,0.007874015748031496,0.0,0.9606299212598425,0.0,0.5196850393700787
2024-08-29T14:04:22.845885,interface,0.0,0.007874015748031496,0.4881889763779528,0.023622047244094488,0.0,0.9606299212598425,0.0,0.5196850393700787
2024-08-29T14:04:22.856286,interface,0.0,0.007874015748031496,0.4881889763779528,0.047244094488188976,0.0,0.9606299212598425,0.0,0.5196850393700787
2024-08-29T14:04:22.865720,interface,0.0,0.007874015748031496,0.4881889763779528,0.07874015748031496,0.0,0.9606299212598425,0.0,0.5196850393700787
2024-08-29T14:04:22.876094,interface,0.0,0.007874015748031496,0.4881889763779528,0.11023622047244094,0.0,0.9606299212598425,0.0,0.5196850393700787
2024-08-29T14:04:22.879537,interface,0.0,0.007874015748031496,0.4881889763779528,0.14173228346456693,0.0,0.9606299212598425,0.0,0.5196850393700787
2024-08-29T14:04:22.893308,interface,0.0,0.007874015748031496,0.4881889763779528,0.18110236220472442,0.0,0.9606299212598425,0.0,0.5196850393700787
2024-08-29T14:04:22.894442,interface,0.0,0.007874015748031496,0.4881889763779528,0.2204724409448819,0.0,0.9606299212598425,0.0,0.5196850393700787
2024-08-29T14:04:22.905982,interface,0.0,0.007874015748031496,0.4881889763779528,0.25984251968503935,0.0,0.9606299212598425,0.0,0.5196850393700787
2024-08-29T14:04:22.914682,interface,0.0,0.007874015748031496,0.4881889763779528,0.2992125984251969,0.0,0.9606299212598425,0.0,0.5196850393700787
2024-08-29T14:04:22.925429,interface,0.0,0.007874015748031496,0.4881889763779528,0.33070866141732286,0.0,0.9606299212598425,0.0,0.5196850393700787
2024-08-29T14:04:22.926561,interface,0.0,0.007874015748031496,0.4881889763779528,0.3700787401574803,0.0,0.9606299212598425,0.0,0.5196850393700787
2024-08-29T14:04:22.931911,interface,0.0,0.007874015748031496,0.4881889763779528,0.4015748031496063,0.0,0.9606299212598425,0.0,0.5196850393700787
2024-08-29T14:04:22.946068,interface,0.0,0.007874015748031496,0.4881889763779528,0.4330708661417323,0.0,0.9606299212598425,0.0,0.5196850393700787
2024-08-29T14:04:22.955634,interface,0.0,0.007874015748031496,0.4881889763779528,0.47244094488188976,0.0,0.9606299212598425,0.0,0.5196850393700787
2024-08-29T14:04:22.966612,interface,0.0,0.007874015748031496,0.4881889763779528,0.5039370078740157,0.0,0.9606299212598425,0.0,0.5196850393700787
2024-08-29T14:04:22.967746,interface,0.0,0.007874015748031496,0.4881889763779528,0.5275590551181102,0.0,0.9606299212598425,0.0,0.5196850393700787
2024-08-29T14:04:22.972944,interface,0.0,0.007874015748031496,0.4881889763779528,0.5590551181102362,0.0,0.9606299212598425,0.0,0.5196850393700787
2024-08-29T14:04:22.985904,interface,0.0,0.007874015748031496,0.4881889763779528,0.5826771653543307,0.0,0.9606299212598425,0.0,0.5196850393700787
2024-08-29T14:04:22.995202,interface,0.0,0.007874015748031496,0.4881889763779528,0.6141732283464567,0.0,0.9606299212598425,0.0,0.5196850393700787
2024-08-29T14:04:23.005609,interface,0.0,0.007874015748031496,0.4881889763779528,0.6377952755905512,0.0,0.9606299212598425,0.0,0.5196850393700787
2024-08-29T14:04:23.006893,interface,0.0,0.007874015748031496,0.4881889763779528,0.6614173228346457,0.0,0.9606299212598425,0.0,0.5196850393700787
2024-08-29T14:04:23.012214,interface,0.0,0.007874015748031496,0.4881889763779528,0.6850393700787402,0.0,0.9606299212598425,0.0,0.5196850393700787
2024-08-29T14:04:23.025636,interface,0.0,0.007874015748031496,0.4881889763779528,0.7165354330708661,0.0,0.9606299212598425,0.0,0.5196850393700787
2024-08-29T14:04:23.036094,interface,0.0,0.007874015748031496,0.4881889763779528,0.7401574803149606,0.0,0.9606299212598425,0.0,0.5196850393700787
2024-08-29T14:04:23.044689,interface,0.0,0.007874015748031496,0.4881889763779528,0.7637795275590551,0.0,0.9606299212598425,0.0,0.5196850393700787
2024-08-29T14:04:23.045860,interface,0.0,0.007874015748031496,0.4881889763779528,0.7874015748031497,0.0,0.9606299212598425,0.0,0.5196850393700787
2024-08-29T14:04:23.056309,interface,0.0,0.007874015748031496,0.4881889763779528,0.8110236220472441,0.0,0.9606299212598425,0.0,0.5196850393700787
2024-08-29T14:04:23.065021,interface,0.0,0.007874015748031496,0.4881889763779528,0.8267716535433071,0.0,0.9606299212598425,0.0,0.5196850393700787
2024-08-29T14:04:23.076331,interface,0.0,0.007874015748031496,0.4881889763779528,0.8503937007874016,0.0,0.9606299212598425,0.0,0.5196850393700787
2024-08-29T14:04:23.079731,interface,0.0,0.007874015748031496,0.4881889763779528,0.8818897637795275,0.0,0.9606299212598425,0.0,0.5196850393700787
2024-08-29T14:04:23.088576,interface,0.0,0.007874015748031496,0.4881889763779528,0.905511811023622,0.0,0.9606299212598425,0.0,0.5196850393700787
2024-08-29T14:04:23.091948,interface,0.0,0.007874015748031496,0.4881889763779528,0.9291338582677166,0.0,0.9606299212598425,0.0,0.5196850393700787
2024-08-29T14:04:23.104926,interface,0.0,0.007874015748031496,0.4881889763779528,0.9448818897637795,0.0,0.9606299212598425,0.0,0.5196850393700787
2024-08-29T14:04:23.115597,interface,0.0,0.007874015748031496,0.4881889763779528,0.9606299212598425,0.0,0.9606299212598425,0.0,0.5196850393700787
2024-08-29T14:04:23.125123,interface,0.0,0.007874015748031496,0.4881889763779528,0.9763779527559056,0.0,0.9606299212598425,0.0,0.5196850393700787
2024-08-29T14:04:23.126375,interface,0.0,0.007874015748031496,0.4881889763779528,0.984251968503937,0.0,0.9606299212598425,0.0,0.5196850393700787
2024-08-29T14:04:23.136803,interface,0.0,0.007874015748031496,0.4881889763779528,0.9921259842519685,0.0,0.9606299212598425,0.0,0.5196850393700787
2024-08-29T14:04:23.158071,interface,0.0,0.007874015748031496,0.4881889763779528,0.9921259842519685,0.0,0.9606299212598425,0.0,0.5196850393700787
2024-08-29T14:04:23.217797,interface,0.0,0.007874015748031496,0.4881889763779528,0.984251968503937,0.0,0.9606299212598425,0.0,0.5196850393700787
2024-08-29T14:04:23.221187,interface,0.0,0.007874015748031496,0.4881889763779528,0.984251968503937,0.0,0.9606299212598425,0.0,0.5196850393700787
2024-08-29T14:04:23.235095,interface,0.0,0.007874015748031496,0.4881889763779528,0.968503937007874,0.0,0.9606299212598425,0.0,0.5196850393700787
2024-08-29T14:04:23.245349,interface,0.0,0.007874015748031496,0.4881889763779528,0.9448818897637795,0.0,0.9606299212598425,0.0,0.5196850393700787
2024-08-29T14:04:23.246478,interface,0.0,0.007874015748031496,0.4881889763779528,0.9133858267716536,0.0,0.9606299212598425,0.0,0.5196850393700787
2024-08-29T14:04:23.251714,interface,0.0,0.007874015748031496,0.4881889763779528,0.8740157480314961,0.0,0.9606299212598425,0.0,0.5196850393700787
2024-08-29T14:04:23.267890,interface,0.0,0.007874015748031496,0.4881889763779528,0.8346456692913385,0.0,0.9606299212598425,0.0,0.5196850393700787
2024-08-29T14:04:23.271170,interface,0.0,0.007874015748031496,0.4881889763779528,0.8031496062992126,0.0,0.9606299212598425,0.0,0.5196850393700787
2024-08-29T14:04:23.285820,interface,0.0,0.007874015748031496,0.4881889763779528,0.7637795275590551,0.0,0.9606299212598425,0.0,0.5196850393700787
2024-08-29T14:04:23.287071,interface,0.0,0.007874015748031496,0.4881889763779528,0.7165354330708661,0.0,0.9606299212598425,0.0,0.5196850393700787
2024-08-29T14:04:23.297371,interface,0.0,0.007874015748031496,0.4881889763779528,0.6771653543307087,0.0,0.9606299212598425,0.0,0.5196850393700787
2024-08-29T14:04:23.300740,interface,0.0,0.007874015748031496,0.4881889763779528,0.6299212598425197,0.0,0.9606299212598425,0.0,0.5196850393700787
2024-08-29T14:04:23.317930,interface,0.0,0.007874015748031496,0.4881889763779528,0.5826771653543307,0.0,0.9606299212598425,0.0,0.5196850393700787
2024-08-29T14:04:23.321304,interface,0.0,0.007874015748031496,0.4881889763779528,0.5433070866141733,0.0,0.9606299212598425,0.0,0.5196850393700787
2024-08-29T14:04:23.324517,interface,0.0,0.007874015748031496,0.4881889763779528,0.5039370078740157,0.0,0.9606299212598425,0.0,0.5196850393700787
2024-08-29T14:04:23.336456,interface,0.0,0.007874015748031496,0.4881889763779528,0.4645669291338583,0.0,0.9606299212598425,0.0,0.5196850393700787
2024-08-29T14:04:23.345168,interface,0.0,0.007874015748031496,0.4881889763779528,0.41732283464566927,0.0,0.9606299212598425,0.0,0.5196850393700787
2024-08-29T14:04:23.356014,interface,0.0,0.007874015748031496,0.4881889763779528,0.3779527559055118,0.0,0.9606299212598425,0.0,0.5196850393700787
2024-08-29T14:04:23.365579,interface,0.0,0.007874015748031496,0.4881889763779528,0.33858267716535434,0.0,0.9606299212598425,0.0,0.5196850393700787
2024-08-29T14:04:23.366708,interface,0.0,0.007874015748031496,0.4881889763779528,0.2992125984251969,0.0,0.9606299212598425,0.0,0.5196850393700787
2024-08-29T14:04:23.371973,interface,0.0,0.007874015748031496,0.4881889763779528,0.2677165354330709,0.0,0.9606299212598425,0.0,0.5196850393700787
2024-08-29T14:04:23.386264,interface,0.0,0.007874015748031496,0.4881889763779528,0.23622047244094488,0.0,0.9606299212598425,0.0,0.5196850393700787
2024-08-29T14:04:23.389654,interface,0.0,0.007874015748031496,0.4881889763779528,0.2047244094488189,0.0,0.9606299212598425,0.0,0.5196850393700787
2024-08-29T14:04:23.405147,interface,0.0,0.007874015748031496,0.4881889763779528,0.1732283464566929,0.0,0.9606299212598425,0.0,0.5196850393700787
2024-08-29T14:04:23.406287,interface,0.0,0.007874015748031496,0.4881889763779528,0.14960629921259844,0.0,0.9606299212598425,0.0,0.5196850393700787
2024-08-29T14:04:23.411616,interface,0.0,0.007874015748031496,0.4881889763779528,0.11811023622047244,0.0,0.9606299212598425,0.0,0.5196850393700787
2024-08-29T14:04:23.425439,interface,0.0,0.007874015748031496,0.4881889763779528,0.09448818897637795,0.0,0.9606299212598425,0.0,0.5196850393700787
2024-08-29T14:04:23.435823,interface,0.0,0.007874015748031496,0.4881889763779528,0.07086614173228346,0.0,0.9606299212598425,0.0,0.5196850393700787
2024-08-29T14:04:23.445747,interface,0.0,0.007874015748031496,0.4881889763779528,0.05511811023622047,0.0,0.9606299212598425,0.0,0.5196850393700787
2024-08-29T14:04:23.446886,interface,0.0,0.007874015748031496,0.4881889763779528,0.03937007874015748,0.0,0.9606299212598425,0.0,0.5196850393700787
2024-08-29T14:04:23.452182,interface,0.0,0.007874015748031496,0.4881889763779528,0.023622047244094488,0.0,0.9606299212598425,0.0,0.5196850393700787
2024-08-29T14:04:23.467924,interface,0.0,0.007874015748031496,0.4881889763779528,0.007874015748031496,0.0,0.9606299212598425,0.0,0.5196850393700787
2024-08-29T14:04:23.471209,interface,0.0,0.007874015748031496,0.4881889763779528,0.007874015748031496,0.0,0.9606299212598425,0.0,0.5196850393700787
2024-08-29T14:04:23.484532,interface,0.0,0.007874015748031496,0.4881889763779528,0.0,0.0,0.9606299212598425,0.0,0.5196850393700787
2024-08-29T14:04:23.496334,interface,0.0,0.007874015748031496,0.4881889763779528,0.0,0.0,0.9606299212598425,0.0,0.5196850393700787
2024-08-29T14:04:23.880257,interface,0.0,0.007874015748031496,0.4881889763779528,0.0,0.0,0.9606299212598425,0.0,0.5196850393700787
2024-08-29T14:04:23.888936,interface,0.0,0.007874015748031496,0.4881889763779528,0.007874015748031496,0.0,0.9606299212598425,0.0,0.5196850393700787
2024-08-29T14:04:23.892343,interface,0.0,0.007874015748031496,0.4881889763779528,0.007874015748031496,0.0,0.9606299212598425,0.0,0.5196850393700787
2024-08-29T14:04:23.904934,interface,0.0,0.007874015748031496,0.4881889763779528,0.023622047244094488,0.0,0.9606299212598425,0.0,0.5196850393700787
2024-08-29T14:04:23.914864,interface,0.0,0.007874015748031496,0.4881889763779528,0.047244094488188976,0.0,0.9606299212598425,0.0,0.5196850393700787
2024-08-29T14:04:23.925134,interface,0.0,0.007874015748031496,0.4881889763779528,0.07874015748031496,0.0,0.9606299212598425,0.0,0.5196850393700787
2024-08-29T14:04:23.926272,interface,0.0,0.007874015748031496,0.4881889763779528,0.11023622047244094,0.0,0.9606299212598425,0.0,0.5196850393700787
2024-08-29T14:04:23.936757,interface,0.0,0.007874015748031496,0.4881889763779528,0.14173228346456693,0.0,0.9606299212598425,0.0,0.5196850393700787
2024-08-29T14:04:23.945232,interface,0.0,0.007874015748031496,0.4881889763779528,0.1732283464566929,0.0,0.9606299212598425,0.0,0.5196850393700787
2024-08-29T14:04:23.955798,interface,0.0,0.007874015748031496,0.4881889763779528,0.2047244094488189,0.0,0.9606299212598425,0.0,0.5196850393700787
2024-08-29T14:04:23.957117,interface,0.0,0.007874015748031496,0.4881889763779528,0.23622047244094488,0.0,0.9606299212598425,0.0,0.5196850393700787
2024-08-29T14:04:23.967401,interface,0.0,0.007874015748031496,0.4881889763779528,0.2677165354330709,0.0,0.9606299212598425,0.0,0.5196850393700787
2024-08-29T14:04:23.970810,interface,0.0,0.007874015748031496,0.4881889763779528,0.30708661417322836,0.0,0.9606299212598425,0.0,0.5196850393700787
2024-08-29T14:04:23.985779,interface,0.0,0.007874015748031496,0.4881889763779528,0.3464566929133858,0.0,0.9606299212598425,0.0,0.5196850393700787
2024-08-29T14:04:23.995165,interface,0.0,0.007874015748031496,0.4881889763779528,0.3779527559055118,0.0,0.9606299212598425,0.0,0.5196850393700787
2024-08-29T14:04:23.996295,interface,0.0,0.007874015748031496,0.4881889763779528,0.41732283464566927,0.0,0.9606299212598425,0.0,0.5196850393700787
2024-08-29T14:04:24.001556,interface,0.0,0.007874015748031496,0.4881889763779528,0.44881889763779526,0.0,0.9606299212598425,0.0,0.5196850393700787
2024-08-29T14:04:24.018179,interface,0.0,0.007874015748031496,0.4881889763779528,0.48031496062992124,0.0,0.9606299212598425,0.0,0.5196850393700787
2024-08-29T14:04:24.026827,interface,0.0,0.007874015748031496,0.4881889763779528,0.5039370078740157,0.0,0.9606299212598425,0.0,0.5196850393700787
2024-08-29T14:04:24.030287,interface,0.0,0.007874015748031496,0.4881889763779528,0.5275590551181102,0.0,0.9606299212598425,0.0,0.5196850393700787
2024-08-29T14:04:24.038835,interface,0.0,0.007874015748031496,0.4881889763779528,0.5511811023622047,0.0,0.9606299212598425,0.0,0.5196850393700787
2024-08-29T14:04:24.042231,interface,0.0,0.007874015748031496,0.4881889763779528,0.5748031496062992,0.0,0.9606299212598425,0.0,0.5196850393700787
2024-08-29T14:04:24.054935,interface,0.0,0.007874015748031496,0.4881889763779528,0.5905511811023622,0.0,0.9606299212598425,0.0,0.5196850393700787
2024-08-29T14:04:24.066343,interface,0.0,0.007874015748031496,0.4881889763779528,0.6062992125984252,0.0,0.9606299212598425,0.0,0.5196850393700787
2024-08-29T14:04:24.075269,interface,0.0,0.007874015748031496,0.4881889763779528,0.6299212598425197,0.0,0.9606299212598425,0.0,0.5196850393700787
2024-08-29T14:04:24.076404,interface,0.0,0.007874015748031496,0.4881889763779528,0.6456692913385826,0.0,0.9606299212598425,0.0,0.5196850393700787
2024-08-29T14:04:24.081788,interface,0.0,0.007874015748031496,0.4881889763779528,0.6614173228346457,0.0,0.9606299212598425,0.0,0.5196850393700787
2024-08-29T14:04:24.094943,interface,0.0,0.007874015748031496,0.4881889763779528,0.6771653543307087,0.0,0.9606299212598425,0.0,0.5196850393700787
2024-08-29T14:04:24.105700,interface,0.0,0.007874015748031496,0.4881889763779528,0.7007874015748031,0.0,0.9606299212598425,0.0,0.5196850393700787
2024-08-29T14:04:24.115146,interface,0.0,0.007874015748031496,0.4881889763779528,0.7165354330708661,0.0,0.9606299212598425,0.0,0.5196850393700787
2024-08-29T14:04:24.116353,interface,0.0,0.007874015748031496,0.4881889763779528,0.7322834645669292,0.0,0.9606299212598425,0.0,0.5196850393700787
2024-08-29T14:04:24.128920,interface,0.0,0.007874015748031496,0.4881889763779528,0.7401574803149606,0.0,0.9606299212598425,0.0,0.5196850393700787
2024-08-29T14:04:24.137453,interface,0.0,0.007874015748031496,0.4881889763779528,0.7559055118110236,0.0,0.9606299212598425,0.0,0.5196850393700787
2024-08-29T14:04:24.140832,interface,0.0,0.007874015748031496,0.4881889763779528,0.7637795275590551,0.0,0.9606299212598425,0.0,0.5196850393700787
2024-08-29T14:04:24.155091,interface,0.0,0.007874015748031496,0.4881889763779528,0.7795275590551181,0.0,0.9606299212598425,0.0,0.5196850393700787
2024-08-29T14:04:24.156222,interface,0.0,0.007874015748031496,0.4881889763779528,0.7874015748031497,0.0,0.9606299212598425,0.0,0.5196850393700787
2024-08-29T14:04:24.167499,interface,0.0,0.007874015748031496,0.4881889763779528,0.7874015748031497,0.0,0.9606299212598425,0.0,0.5196850393700787
2024-08-29T14:04:24.170935,interface,0.0,0.007874015748031496,0.4881889763779528,0.7952755905511811,0.0,0.9606299212598425,0.0,0.5196850393700787
2024-08-29T14:04:24.184724,interface,0.0,0.007874015748031496,0.4881889763779528,0.8031496062992126,0.0,0.9606299212598425,0.0,0.5196850393700787
2024-08-29T14:04:24.198351,interface,0.0,0.007874015748031496,0.4881889763779528,0.8031496062992126,0.0,0.9606299212598425,0.0,0.5196850393700787
2024-08-29T14:04:24.254198,interface,0.0,0.007874015748031496,0.4881889763779528,0.7952755905511811,0.0,0.9606299212598425,0.0,0.5196850393700787
2024-08-29T14:04:24.267938,interface,0.0,0.007874015748031496,0.4881889763779528,0.7874015748031497,0.0,0.9606299212598425,0.0,0.5196850393700787
2024-08-29T14:04:24.271201,interface,0.0,0.007874015748031496,0.4881889763779528,0.7716535433070866,0.0,0.9606299212598425,0.0,0.5196850393700787
2024-08-29T14:04:24.274430,interface,0.0,0.007874015748031496,0.4881889763779528,0.7480314960629921,0.0,0.9606299212598425,0.0,0.5196850393700787
2024-08-29T14:04:24.286488,interface,0.0,0.007874015748031496,0.4881889763779528,0.7244094488188977,0.0,0.9606299212598425,0.0,0.5196850393700787
2024-08-29T14:04:24.295143,interface,0.0,0.007874015748031496,0.4881889763779528,0.6850393700787402,0.0,0.9606299212598425,0.0,0.5196850393700787
2024-08-29T14:04:24.305035,interface,0.0,0.007874015748031496,0.4881889763779528,0.6456692913385826,0.0,0.9606299212598425,0.0,0.5196850393700787
2024-08-29T14:04:24.315618,interface,0.0,0.007874015748031496,0.4881889763779528,0.5905511811023622,0.0,0.9606299212598425,0.0,0.5196850393700787
2024-08-29T14:04:24.316746,interface,0.0,0.007874015748031496,0.4881889763779528,0.5354330708661418,0.0,0.9606299212598425,0.0,0.5196850393700787
2024-08-29T14:04:24.321996,interface,0.0,0.007874015748031496,0.4881889763779528,0.48031496062992124,0.0,0.9606299212598425,0.0,0.5196850393700787
2024-08-29T14:04:24.335168,interface,0.0,0.007874015748031496,0.4881889763779528,0.4251968503937008,0.0,0.9606299212598425,0.0,0.5196850393700787
2024-08-29T14:04:24.345287,interface,0.0,0.007874015748031496,0.4881889763779528,0.36220472440944884,0.0,0.9606299212598425,0.0,0.5196850393700787
2024-08-29T14:04:24.355803,interface,0.0,0.007874015748031496,0.4881889763779528,0.31496062992125984,0.0,0.9606299212598425,0.0,0.5196850393700787
2024-08-29T14:04:24.357119,interface,0.0,0.007874015748031496,0.4881889763779528,0.2677165354330709,0.0,0.9606299212598425,0.0,0.5196850393700787
2024-08-29T14:04:24.362398,interface,0.0,0.007874015748031496,0.4881889763779528,0.2204724409448819,0.0,0.9606299212598425,0.0,0.5196850393700787
2024-08-29T14:04:24.375306,interface,0.0,0.007874015748031496,0.4881889763779528,0.1889763779527559,0.0,0.9606299212598425,0.0,0.5196850393700787
2024-08-29T14:04:24.385734,interface,0.0,0.007874015748031496,0.4881889763779528,0.14960629921259844,0.0,0.9606299212598425,0.0,0.5196850393700787
2024-08-29T14:04:24.395411,interface,0.0,0.007874015748031496,0.4881889763779528,0.11811023622047244,0.0,0.9606299212598425,0.0,0.5196850393700787
2024-08-29T14:04:24.396552,interface,0.0,0.007874015748031496,0.4881889763779528,0.09448818897637795,0.0,0.9606299212598425,0.0,0.5196850393700787
2024-08-29T14:04:24.401758,interface,0.0,0.007874015748031496,0.4881889763779528,0.06299212598425197,0.0,0.9606299212598425,0.0,0.5196850393700787
2024-08-29T14:04:24.417881,interface,0.0,0.007874015748031496,0.4881889763779528,0.03937007874015748,0.0,0.9606299212598425,0.0,0.5196850393700787
2024-08-29T14:04:24.421157,interface,0.0,0.007874015748031496,0.4881889763779528,0.023622047244094488,0.0,0.9606299212598425,0.0,0.5196850393700787
2024-08-29T14:04:24.436080,interface,0.0,0.007874015748031496,0.4881889763779528,0.007874015748031496,0.0,0.9606299212598425,0.0,0.5196850393700787
2024-08-29T14:04:24.437355,interface,0.0,0.007874015748031496,0.4881889763779528,0.0,0.0,0.9606299212598425,0.0,0.5196850393700787
2024-08-29T14:04:24.442466,interface,0.0,0.007874015748031496,0.4881889763779528,0.0,0.0,0.9606299212598425,0.0,0.5196850393700787
2024-08-29T14:04:24.546276,interface,0.0,0.007874015748031496,0.4881889763779528,0.0,0.0,0.9606299212598425,0.0,0.5196850393700787
2024-08-29T14:04:24.558694,interface,0.0,0.007874015748031496,0.4881889763779528,0.007874015748031496,0.0,0.9606299212598425,0.0,0.5196850393700787
2024-08-29T14:04:24.562154,interface,0.0,0.007874015748031496,0.4881889763779528,0.023622047244094488,0.0,0.9606299212598425,0.0,0.5196850393700787
2024-08-29T14:04:24.581854,interface,0.0,0.007874015748031496,0.4881889763779528,0.06299212598425197,0.0,0.9606299212598425,0.0,0.5196850393700787
2024-08-29T14:04:24.583050,interface,0.0,0.007874015748031496,0.4881889763779528,0.10236220472440945,0.0,0.9606299212598425,0.0,0.5196850393700787
2024-08-29T14:04:24.596472,interface,0.0,0.007874015748031496,0.4881889763779528,0.14960629921259844,0.0,0.9606299212598425,0.0,0.5196850393700787
2024-08-29T14:04:24.597642,interface,0.0,0.007874015748031496,0.4881889763779528,0.1968503937007874,0.0,0.9606299212598425,0.0,0.5196850393700787
2024-08-29T14:04:24.602815,interface,0.0,0.007874015748031496,0.4881889763779528,0.2440944881889764,0.0,0.9606299212598425,0.0,0.5196850393700787
2024-08-29T14:04:24.617908,interface,0.0,0.007874015748031496,0.4881889763779528,0.28346456692913385,0.0,0.9606299212598425,0.0,0.5196850393700787
2024-08-29T14:04:24.621279,interface,0.0,0.007874015748031496,0.4881889763779528,0.3228346456692913,0.0,0.9606299212598425,0.0,0.5196850393700787
2024-08-29T14:04:24.635230,interface,0.0,0.007874015748031496,0.4881889763779528,0.3543307086614173,0.0,0.9606299212598425,0.0,0.5196850393700787
2024-08-29T14:04:24.636462,interface,0.0,0.007874015748031496,0.4881889763779528,0.3937007874015748,0.0,0.9606299212598425,0.0,0.5196850393700787
2024-08-29T14:04:24.641684,interface,0.0,0.007874015748031496,0.4881889763779528,0.41732283464566927,0.0,0.9606299212598425,0.0,0.5196850393700787
2024-08-29T14:04:24.655132,interface,0.0,0.007874015748031496,0.4881889763779528,0.44881889763779526,0.0,0.9606299212598425,0.0,0.5196850393700787
2024-08-29T14:04:24.666044,interface,0.0,0.007874015748031496,0.4881889763779528,0.47244094488188976,0.0,0.9606299212598425,0.0,0.5196850393700787
2024-08-29T14:04:24.676348,interface,0.0,0.007874015748031496,0.4881889763779528,0.49606299212598426,0.0,0.9606299212598425,0.0,0.5196850393700787
2024-08-29T14:04:24.677512,interface,0.0,0.007874015748031496,0.4881889763779528,0.5118110236220472,0.0,0.9606299212598425,0.0,0.5196850393700787
2024-08-29T14:04:24.682806,interface,0.0,0.007874015748031496,0.4881889763779528,0.5275590551181102,0.0,0.9606299212598425,0.0,0.5196850393700787
2024-08-29T14:04:24.695105,interface,0.0,0.007874015748031496,0.4881889763779528,0.5511811023622047,0.0,0.9606299212598425,0.0,0.5196850393700787
2024-08-29T14:04:24.705392,interface,0.0,0.007874015748031496,0.4881889763779528,0.5669291338582677,0.0,0.9606299212598425,0.0,0.5196850393700787
2024-08-29T14:04:24.715410,interface,0.0,0.007874015748031496,0.4881889763779528,0.5748031496062992,0.0,0.9606299212598425,0.0,0.5196850393700787
2024-08-29T14:04:24.716531,interface,0.0,0.007874015748031496,0.4881889763779528,0.5905511811023622,0.0,0.9606299212598425,0.0,0.5196850393700787
2024-08-29T14:04:24.721744,interface,0.0,0.007874015748031496,0.4881889763779528,0.5984251968503937,0.0,0.9606299212598425,0.0,0.5196850393700787
2024-08-29T14:04:24.735204,interface,0.0,0.007874015748031496,0.4881889763779528,0.6062992125984252,0.0,0.9606299212598425,0.0,0.5196850393700787
2024-08-29T14:04:24.745129,interface,0.0,0.007874015748031496,0.4881889763779528,0.6141732283464567,0.0,0.9606299212598425,0.0,0.5196850393700787
2024-08-29T14:04:24.755095,interface,0.0,0.007874015748031496,0.4881889763779528,0.6220472440944882,0.0,0.9606299212598425,0.0,0.5196850393700787
2024-08-29T14:04:24.756215,interface,0.0,0.007874015748031496,0.4881889763779528,0.6220472440944882,0.0,0.9606299212598425,0.0,0.5196850393700787
2024-08-29T14:04:24.830356,interface,0.0,0.007874015748031496,0.4881889763779528,0.6220472440944882,0.0,0.9606299212598425,0.0,0.5196850393700787
2024-08-29T14:04:24.838897,interface,0.0,0.007874015748031496,0.4881889763779528,0.6062992125984252,0.0,0.9606299212598425,0.0,0.5196850393700787
2024-08-29T14:04:24.842283,interface,0.0,0.007874015748031496,0.4881889763779528,0.5905511811023622,0.0,0.9606299212598425,0.0,0.5196850393700787
2024-08-29T14:04:24.855227,interface,0.0,0.007874015748031496,0.4881889763779528,0.5669291338582677,0.0,0.9606299212598425,0.0,0.5196850393700787
2024-08-29T14:04:24.865923,interface,0.0,0.007874015748031496,0.4881889763779528,0.5433070866141733,0.0,0.9606299212598425,0.0,0.5196850393700787
2024-08-29T14:04:24.875328,interface,0.0,0.007874015748031496,0.4881889763779528,0.5118110236220472,0.0,0.9606299212598425,0.0,0.5196850393700787
2024-08-29T14:04:24.876450,interface,0.0,0.007874015748031496,0.4881889763779528,0.48031496062992124,0.0,0.9606299212598425,0.0,0.5196850393700787
2024-08-29T14:04:24.881786,interface,0.0,0.007874015748031496,0.4881889763779528,0.4330708661417323,0.0,0.9606299212598425,0.0,0.5196850393700787
2024-08-29T14:04:24.896387,interface,0.0,0.007874015748031496,0.4881889763779528,0.3779527559055118,0.0,0.9606299212598425,0.0,0.5196850393700787
2024-08-29T14:04:24.905385,interface,0.0,0.007874015748031496,0.4881889763779528,0.33070866141732286,0.0,0.9606299212598425,0.0,0.5196850393700787
2024-08-29T14:04:24.916000,interface,0.0,0.007874015748031496,0.4881889763779528,0.2755905511811024,0.0,0.9606299212598425,0.0,0.5196850393700787
2024-08-29T14:04:24.917149,interface,0.0,0.007874015748031496,0.4881889763779528,0.2204724409448819,0.0,0.9606299212598425,0.0,0.5196850393700787
2024-08-29T14:04:24.922529,interface,0.0,0.007874015748031496,0.4881889763779528,0.1732283464566929,0.0,0.9606299212598425,0.0,0.5196850393700787
2024-08-29T14:04:24.935488,interface,0.0,0.007874015748031496,0.4881889763779528,0.12598425196850394,0.0,0.9606299212598425,0.0,0.5196850393700787
2024-08-29T14:04:24.945455,interface,0.0,0.007874015748031496,0.4881889763779528,0.08661417322834646,0.0,0.9606299212598425,0.0,0.5196850393700787
2024-08-29T14:04:24.955165,interface,0.0,0.007874015748031496,0.4881889763779528,0.05511811023622047,0.0,0.9606299212598425,0.0,0.5196850393700787
2024-08-29T14:04:24.956296,interface,0.0,0.007874015748031496,0.4881889763779528,0.031496062992125984,0.0,0.9606299212598425,0.0,0.5196850393700787
2024-08-29T14:04:24.967023,interface,0.0,0.007874015748031496,0.4881889763779528,0.015748031496062992,0.0,0.9606299212598425,0.0,0.5196850393700787
2024-08-29T14:04:24.970429,interface,0.0,0.007874015748031496,0.4881889763779528,0.007874015748031496,0.0,0.9606299212598425,0.0,0.5196850393700787
2024-08-29T14:04:24.985250,interface,0.0,0.007874015748031496,0.4881889763779528,0.0,0.0,0.9606299212598425,0.0,0.5196850393700787
2024-08-29T14:04:24.998502,interface,0.0,0.007874015748031496,0.4881889763779528,0.0,0.0,0.9606299212598425,0.0,0.5196850393700787
2024-08-29T14:04:25.606470,interface,0.0,0.007874015748031496,0.4881889763779528,0.0,0.0,0.9606299212598425,0.0,0.5196850393700787
2024-08-29T14:04:25.615297,interface,0.0,0.007874015748031496,0.4881889763779528,0.007874015748031496,0.0,0.9606299212598425,0.0,0.5196850393700787
2024-08-29T14:04:25.625239,interface,0.0,0.007874015748031496,0.4881889763779528,0.023622047244094488,0.0,0.9606299212598425,0.0,0.5196850393700787
2024-08-29T14:04:25.634751,interface,0.0,0.007874015748031496,0.4881889763779528,0.047244094488188976,0.0,0.9606299212598425,0.0,0.5196850393700787
2024-08-29T14:04:25.635984,interface,0.0,0.007874015748031496,0.4881889763779528,0.07874015748031496,0.0,0.9606299212598425,0.0,0.5196850393700787
2024-08-29T14:04:25.647452,interface,0.0,0.007874015748031496,0.4881889763779528,0.11811023622047244,0.0,0.9606299212598425,0.0,0.5196850393700787
2024-08-29T14:04:25.650670,interface,0.0,0.007874015748031496,0.4881889763779528,0.16535433070866143,0.0,0.9606299212598425,0.0,0.5196850393700787
2024-08-29T14:04:25.667896,interface,0.0,0.007874015748031496,0.4881889763779528,0.2047244094488189,0.0,0.9606299212598425,0.0,0.5196850393700787
2024-08-29T14:04:25.671132,interface,0.0,0.007874015748031496,0.4881889763779528,0.2440944881889764,0.0,0.9606299212598425,0.0,0.5196850393700787
2024-08-29T14:04:25.674510,interface,0.0,0.007874015748031496,0.4881889763779528,0.29133858267716534,0.0,0.9606299212598425,0.0,0.5196850393700787
2024-08-29T14:04:25.687071,interface,0.0,0.007874015748031496,0.4881889763779528,0.33858267716535434,0.0,0.9606299212598425,0.0,0.5196850393700787
2024-08-29T14:04:25.695655,interface,0.0,0.007874015748031496,0.4881889763779528,0.3937007874015748,0.0,0.9606299212598425,0.0,0.5196850393700787
2024-08-29T14:04:25.705383,interface,0.0,0.007874015748031496,0.4881889763779528,0.4409448818897638,0.0,0.9606299212598425,0.0,0.5196850393700787
2024-08-29T14:04:25.716177,interface,0.0,0.007874015748031496,0.4881889763779528,0.5039370078740157,0.0,0.9606299212598425,0.0,0.5196850393700787
2024-08-29T14:04:25.717341,interface,0.0,0.007874015748031496,0.4881889763779528,0.5511811023622047,0.0,0.9606299212598425,0.0,0.5196850393700787
2024-08-29T14:04:25.722626,interface,0.0,0.007874015748031496,0.4881889763779528,0.5826771653543307,0.0,0.9606299212598425,0.0,0.5196850393700787
2024-08-29T14:04:25.735195,interface,0.0,0.007874015748031496,0.4881889763779528,0.6141732283464567,0.0,0.9606299212598425,0.0,0.5196850393700787
2024-08-29T14:04:25.745253,interface,0.0,0.007874015748031496,0.4881889763779528,0.6535433070866141,0.0,0.9606299212598425,0.0,0.5196850393700787
2024-08-29T14:04:25.755472,interface,0.0,0.007874015748031496,0.4881889763779528,0.6850393700787402,0.0,0.9606299212598425,0.0,0.5196850393700787
2024-08-29T14:04:25.756745,interface,0.0,0.007874015748031496,0.4881889763779528,0.7086614173228346,0.0,0.9606299212598425,0.0,0.5196850393700787
2024-08-29T14:04:25.767022,interface,0.0,0.007874015748031496,0.4881889763779528,0.7322834645669292,0.0,0.9606299212598425,0.0,0.5196850393700787
2024-08-29T14:04:25.770407,interface,0.0,0.007874015748031496,0.4881889763779528,0.7559055118110236,0.0,0.9606299212598425,0.0,0.5196850393700787
2024-08-29T14:04:25.785509,interface,0.0,0.007874015748031496,0.4881889763779528,0.7637795275590551,0.0,0.9606299212598425,0.0,0.5196850393700787
2024-08-29T14:04:25.795085,interface,0.0,0.007874015748031496,0.4881889763779528,0.7716535433070866,0.0,0.9606299212598425,0.0,0.5196850393700787
2024-08-29T14:04:25.796206,interface,0.0,0.007874015748031496,0.4881889763779528,0.7795275590551181,0.0,0.9606299212598425,0.0,0.5196850393700787
2024-08-29T14:04:25.801403,interface,0.0,0.007874015748031496,0.4881889763779528,0.7874015748031497,0.0,0.9606299212598425,0.0,0.5196850393700787
2024-08-29T14:04:25.942881,interface,0.0,0.007874015748031496,0.4881889763779528,0.7795275590551181,0.0,0.9606299212598425,0.0,0.5196850393700787
2024-08-29T14:04:25.944042,interface,0.0,0.007874015748031496,0.4881889763779528,0.7637795275590551,0.0,0.9606299212598425,0.0,0.5196850393700787
2024-08-29T14:04:25.957668,interface,0.0,0.007874015748031496,0.4881889763779528,0.7480314960629921,0.0,0.9606299212598425,0.0,0.5196850393700787
2024-08-29T14:04:25.961070,interface,0.0,0.007874015748031496,0.4881889763779528,0.7322834645669292,0.0,0.9606299212598425,0.0,0.5196850393700787
2024-08-29T14:04:25.975878,interface,0.0,0.007874015748031496,0.4881889763779528,0.7086614173228346,0.0,0.9606299212598425,0.0,0.5196850393700787
2024-08-29T14:04:25.984657,interface,0.0,0.007874015748031496,0.4881889763779528,0.6771653543307087,0.0,0.9606299212598425,0.0,0.5196850393700787
2024-08-29T14:04:25.985919,interface,0.0,0.007874015748031496,0.4881889763779528,0.6535433070866141,0.0,0.9606299212598425,0.0,0.5196850393700787
2024-08-29T14:04:25.996913,interface,0.0,0.007874015748031496,0.4881889763779528,0.6220472440944882,0.0,0.9606299212598425,0.0,0.5196850393700787
2024-08-29T14:04:26.005330,interface,0.0,0.007874015748031496,0.4881889763779528,0.5905511811023622,0.0,0.9606299212598425,0.0,0.5196850393700787
2024-08-29T14:04:26.015073,interface,0.0,0.007874015748031496,0.4881889763779528,0.5511811023622047,0.0,0.9606299212598425,0.0,0.5196850393700787
2024-08-29T14:04:26.025739,interface,0.0,0.007874015748031496,0.4881889763779528,0.5118110236220472,0.0,0.9606299212598425,0.0,0.5196850393700787
2024-08-29T14:04:26.026875,interface,0.0,0.007874015748031496,0.4881889763779528,0.47244094488188976,0.0,0.9606299212598425,0.0,0.5196850393700787
2024-08-29T14:04:26.032254,interface,0.0,0.007874015748031496,0.4881889763779528,0.4251968503937008,0.0,0.9606299212598425,0.0,0.5196850393700787
2024-08-29T14:04:26.045603,interface,0.0,0.007874015748031496,0.4881889763779528,0.3779527559055118,0.0,0.9606299212598425,0.0,0.5196850393700787
2024-08-29T14:04:26.055838,interface,0.0,0.007874015748031496,0.4881889763779528,0.3464566929133858,0.0,0.9606299212598425,0.0,0.5196850393700787
2024-08-29T14:04:26.066108,interface,0.0,0.007874015748031496,0.4881889763779528,0.3228346456692913,0.0,0.9606299212598425,0.0,0.5196850393700787
2024-08-29T14:04:26.067244,interface,0.0,0.007874015748031496,0.4881889763779528,0.2992125984251969,0.0,0.9606299212598425,0.0,0.5196850393700787
2024-08-29T14:04:26.072457,interface,0.0,0.007874015748031496,0.4881889763779528,0.29133858267716534,0.0,0.9606299212598425,0.0,0.5196850393700787
2024-08-29T14:04:26.085231,interface,0.0,0.007874015748031496,0.4881889763779528,0.28346456692913385,0.0,0.9606299212598425,0.0,0.5196850393700787
2024-08-29T14:04:26.100897,interface,0.0,0.007874015748031496,0.4881889763779528,0.2755905511811024,0.0,0.9606299212598425,0.0,0.5196850393700787
2024-08-29T14:04:26.142900,interface,0.0,0.007874015748031496,0.4881889763779528,0.28346456692913385,0.0,0.9606299212598425,0.0,0.5196850393700787
2024-08-29T14:04:26.144043,interface,0.0,0.007874015748031496,0.4881889763779528,0.29133858267716534,0.0,0.9606299212598425,0.0,0.5196850393700787
2024-08-29T14:04:26.157039,interface,0.0,0.007874015748031496,0.4881889763779528,0.2992125984251969,0.0,0.9606299212598425,0.0,0.5196850393700787
2024-08-29T14:04:26.165478,interface,0.0,0.007874015748031496,0.4881889763779528,0.30708661417322836,0.0,0.9606299212598425,0.0,0.5196850393700787
2024-08-29T14:04:26.174293,interface,0.0,0.007874015748031496,0.4881889763779528,0.31496062992125984,0.0,0.9606299212598425,0.0,0.5196850393700787
2024-08-29T14:04:26.186207,interface,0.0,0.007874015748031496,0.4881889763779528,0.33070866141732286,0.0,0.9606299212598425,0.0,0.5196850393700787
2024-08-29T14:04:26.187439,interface,0.0,0.007874015748031496,0.4881889763779528,0.3464566929133858,0.0,0.9606299212598425,0.0,0.5196850393700787
2024-08-29T14:04:26.192675,interface,0.0,0.007874015748031496,0.4881889763779528,0.3700787401574803,0.0,0.9606299212598425,0.0,0.5196850393700787
2024-08-29T14:04:26.204921,interface,0.0,0.007874015748031496,0.4881889763779528,0.3937007874015748,0.0,0.9606299212598425,0.0,0.5196850393700787
2024-08-29T14:04:26.216467,interface,0.0,0.007874015748031496,0.4881889763779528,0.41732283464566927,0.0,0.9606299212598425,0.0,0.5196850393700787
2024-08-29T14:04:26.219891,interface,0.0,0.007874015748031496,0.4881889763779528,0.44881889763779526,0.0,0.9606299212598425,0.0,0.5196850393700787
2024-08-29T14:04:26.228932,interface,0.0,0.007874015748031496,0.4881889763779528,0.48031496062992124,0.0,0.9606299212598425,0.0,0.5196850393700787
2024-08-29T14:04:26.232387,interface,0.0,0.007874015748031496,0.4881889763779528,0.5118110236220472,0.0,0.9606299212598425,0.0,0.5196850393700787
2024-08-29T14:04:26.245238,interface,0.0,0.007874015748031496,0.4881889763779528,0.5354330708661418,0.0,0.9606299212598425,0.0,0.5196850393700787
2024-08-29T14:04:26.254631,interface,0.0,0.007874015748031496,0.4881889763779528,0.5669291338582677,0.0,0.9606299212598425,0.0,0.5196850393700787
2024-08-29T14:04:26.266164,interface,0.0,0.007874015748031496,0.4881889763779528,0.5984251968503937,0.0,0.9606299212598425,0.0,0.5196850393700787
2024-08-29T14:04:26.267279,interface,0.0,0.007874015748031496,0.4881889763779528,0.6220472440944882,0.0,0.9606299212598425,0.0,0.5196850393700787
2024-08-29T14:04:26.272532,interface,0.0,0.007874015748031496,0.4881889763779528,0.6535433070866141,0.0,0.9606299212598425,0.0,0.5196850393700787
2024-08-29T14:04:26.285227,interface,0.0,0.007874015748031496,0.4881889763779528,0.6692913385826772,0.0,0.9606299212598425,0.0,0.5196850393700787
2024-08-29T14:04:26.296546,interface,0.0,0.007874015748031496,0.4881889763779528,0.6929133858267716,0.0,0.9606299212598425,0.0,0.5196850393700787
2024-08-29T14:04:26.305471,interface,0.0,0.007874015748031496,0.4881889763779528,0.7086614173228346,0.0,0.9606299212598425,0.0,0.5196850393700787
2024-08-29T14:04:26.306750,interface,0.0,0.007874015748031496,0.4881889763779528,0.7244094488188977,0.0,0.9606299212598425,0.0,0.5196850393700787
2024-08-29T14:04:26.317309,interface,0.0,0.007874015748031496,0.4881889763779528,0.7322834645669292,0.0,0.9606299212598425,0.0,0.5196850393700787
2024-08-29T14:04:26.320670,interface,0.0,0.007874015748031496,0.4881889763779528,0.7401574803149606,0.0,0.9606299212598425,0.0,0.5196850393700787
2024-08-29T14:04:26.334632,interface,0.0,0.007874015748031496,0.4881889763779528,0.7480314960629921,0.0,0.9606299212598425,0.0,0.5196850393700787
2024-08-29T14:04:26.345275,interface,0.0,0.007874015748031496,0.4881889763779528,0.7480314960629921,0.0,0.9606299212598425,0.0,0.5196850393700787
2024-08-29T14:04:26.357075,interface,0.0,0.007874015748031496,0.4881889763779528,0.7559055118110236,0.0,0.9606299212598425,0.0,0.5196850393700787
2024-08-29T14:04:26.380934,interface,0.0,0.007874015748031496,0.4881889763779528,0.7559055118110236,0.0,0.9606299212598425,0.0,0.5196850393700787
2024-08-29T14:04:26.420830,interface,0.0,0.007874015748031496,0.4881889763779528,0.7559055118110236,0.0,0.9606299212598425,0.0,0.5196850393700787
2024-08-29T14:04:26.424245,interface,0.0,0.007874015748031496,0.4881889763779528,0.7480314960629921,0.0,0.9606299212598425,0.0,0.5196850393700787
2024-08-29T14:04:26.437085,interface,0.0,0.007874015748031496,0.4881889763779528,0.7322834645669292,0.0,0.9606299212598425,0.0,0.5196850393700787
2024-08-29T14:04:26.440467,interface,0.0,0.007874015748031496,0.4881889763779528,0.7086614173228346,0.0,0.9606299212598425,0.0,0.5196850393700787
2024-08-29T14:04:26.454425,interface,0.0,0.007874015748031496,0.4881889763779528,0.6692913385826772,0.0,0.9606299212598425,0.0,0.5196850393700787
2024-08-29T14:04:26.468058,interface,0.0,0.007874015748031496,0.4881889763779528,0.6377952755905512,0.0,0.9606299212598425,0.0,0.5196850393700787
2024-08-29T14:04:26.469226,interface,0.0,0.007874015748031496,0.4881889763779528,0.5984251968503937,0.0,0.9606299212598425,0.0,0.5196850393700787
2024-08-29T14:04:26.472567,interface,0.0,0.007874015748031496,0.4881889763779528,0.5511811023622047,0.0,0.9606299212598425,0.0,0.5196850393700787
2024-08-29T14:04:26.486039,interface,0.0,0.007874015748031496,0.4881889763779528,0.5118110236220472,0.0,0.9606299212598425,0.0,0.5196850393700787
2024-08-29T14:04:26.495592,interface,0.0,0.007874015748031496,0.4881889763779528,0.4645669291338583,0.0,0.9606299212598425,0.0,0.5196850393700787
2024-08-29T14:04:26.505577,interface,0.0,0.007874015748031496,0.4881889763779528,0.41732283464566927,0.0,0.9606299212598425,0.0,0.5196850393700787
2024-08-29T14:04:26.506849,interface,0.0,0.007874015748031496,0.4881889763779528,0.3700787401574803,0.0,0.9606299212598425,0.0,0.5196850393700787
2024-08-29T14:04:26.512152,interface,0.0,0.007874015748031496,0.4881889763779528,0.3228346456692913,0.0,0.9606299212598425,0.0,0.5196850393700787
2024-08-29T14:04:26.525649,interface,0.0,0.007874015748031496,0.4881889763779528,0.2755905511811024,0.0,0.9606299212598425,0.0,0.5196850393700787
2024-08-29T14:04:26.536241,interface,0.0,0.007874015748031496,0.4881889763779528,0.23622047244094488,0.0,0.9606299212598425,0.0,0.5196850393700787
2024-08-29T14:04:26.545365,interface,0.0,0.007874015748031496,0.4881889763779528,0.2047244094488189,0.0,0.9606299212598425,0.0,0.5196850393700787
2024-08-29T14:04:26.546496,interface,0.0,0.007874015748031496,0.4881889763779528,0.1732283464566929,0.0,0.9606299212598425,0.0,0.5196850393700787
2024-08-29T14:04:26.557112,interface,0.0,0.007874015748031496,0.4881889763779528,0.14173228346456693,0.0,0.9606299212598425,0.0,0.5196850393700787
2024-08-29T14:04:26.566002,interface,0.0,0.007874015748031496,0.4881889763779528,0.11023622047244094,0.0,0.9606299212598425,0.0,0.5196850393700787
2024-08-29T14:04:26.575223,interface,0.0,0.007874015748031496,0.4881889763779528,0.08661417322834646,0.0,0.9606299212598425,0.0,0.5196850393700787
2024-08-29T14:04:26.585103,interface,0.0,0.007874015748031496,0.4881889763779528,0.06299212598425197,0.0,0.9606299212598425,0.0,0.5196850393700787
2024-08-29T14:04:26.586341,interface,0.0,0.007874015748031496,0.4881889763779528,0.03937007874015748,0.0,0.9606299212598425,0.0,0.5196850393700787
2024-08-29T14:04:26.597134,interface,0.0,0.007874015748031496,0.4881889763779528,0.015748031496062992,0.0,0.9606299212598425,0.0,0.5196850393700787
2024-08-29T14:04:26.605545,interface,0.0,0.007874015748031496,0.4881889763779528,0.007874015748031496,0.0,0.9606299212598425,0.0,0.5196850393700787
2024-08-29T14:04:26.615251,interface,0.0,0.007874015748031496,0.4881889763779528,0.0,0.0,0.9606299212598425,0.0,0.5196850393700787
2024-08-29T14:04:26.629013,interface,0.0,0.007874015748031496,0.4881889763779528,0.0,0.0,0.9606299212598425,0.0,0.5196850393700787
2024-08-29T14:04:27.342786,interface,0.007874015748031496,0.007874015748031496,0.4881889763779528,0.0,0.0,0.9606299212598425,0.0,0.5196850393700787
2024-08-29T14:04:27.354989,interface,0.007874015748031496,0.007874015748031496,0.4881889763779528,0.0,0.0,0.9606299212598425,0.0,0.5196850393700787
2024-08-29T14:04:27.364792,interface,0.015748031496062992,0.007874015748031496,0.4881889763779528,0.0,0.0,0.9606299212598425,0.0,0.5196850393700787
2024-08-29T14:04:27.374745,interface,0.023622047244094488,0.007874015748031496,0.4881889763779528,0.0,0.0,0.9606299212598425,0.0,0.5196850393700787
2024-08-29T14:04:27.375863,interface,0.031496062992125984,0.007874015748031496,0.4881889763779528,0.0,0.0,0.9606299212598425,0.0,0.5196850393700787
2024-08-29T14:04:27.387125,interface,0.03937007874015748,0.007874015748031496,0.4881889763779528,0.0,0.0,0.9606299212598425,0.0,0.5196850393700787
2024-08-29T14:04:27.390512,interface,0.047244094488188976,0.007874015748031496,0.4881889763779528,0.0,0.0,0.9606299212598425,0.0,0.5196850393700787
2024-08-29T14:04:27.404529,interface,0.05511811023622047,0.007874015748031496,0.4881889763779528,0.0,0.0,0.9606299212598425,0.0,0.5196850393700787
2024-08-29T14:04:27.415221,interface,0.07086614173228346,0.007874015748031496,0.4881889763779528,0.0,0.0,0.9606299212598425,0.0,0.5196850393700787
2024-08-29T14:04:27.416340,interface,0.08661417322834646,0.007874015748031496,0.4881889763779528,0.0,0.0,0.9606299212598425,0.0,0.5196850393700787
2024-08-29T14:04:27.427030,interface,0.11023622047244094,0.007874015748031496,0.4881889763779528,0.0,0.0,0.9606299212598425,0.0,0.5196850393700787
2024-08-29T14:04:27.430441,interface,0.12598425196850394,0.007874015748031496,0.4881889763779528,0.0,0.0,0.9606299212598425,0.0,0.5196850393700787
2024-08-29T14:04:27.444909,interface,0.14960629921259844,0.007874015748031496,0.4881889763779528,0.0,0.0,0.9606299212598425,0.0,0.5196850393700787
2024-08-29T14:04:27.454490,interface,0.1732283464566929,0.007874015748031496,0.4881889763779528,0.0,0.0,0.9606299212598425,0.0,0.5196850393700787
2024-08-29T14:04:27.455613,interface,0.1889763779527559,0.007874015748031496,0.4881889763779528,0.0,0.0,0.9606299212598425,0.0,0.5196850393700787
2024-08-29T14:04:27.467019,interface,0.2125984251968504,0.007874015748031496,0.4881889763779528,0.0,0.0,0.9606299212598425,0.0,0.5196850393700787
2024-08-29T14:04:27.470407,interface,0.23622047244094488,0.007874015748031496,0.4881889763779528,0.0,0.0,0.9606299212598425,0.0,0.5196850393700787
2024-08-29T14:04:27.485236,interface,0.25984251968503935,0.007874015748031496,0.4881889763779528,0.0,0.0,0.9606299212598425,0.0,0.5196850393700787
2024-08-29T14:04:27.494507,interface,0.28346456692913385,0.007874015748031496,0.4881889763779528,0.0,0.0,0.9606299212598425,0.0,0.5196850393700787
2024-08-29T14:04:27.495623,interface,0.30708661417322836,0.007874015748031496,0.4881889763779528,0.0,0.0,0.9606299212598425,0.0,0.5196850393700787
2024-08-29T14:04:27.507198,interface,0.33070866141732286,0.007874015748031496,0.4881889763779528,0.0,0.0,0.9606299212598425,0.0,0.5196850393700787
2024-08-29T14:04:27.515906,interface,0.36220472440944884,0.007874015748031496,0.4881889763779528,0.0,0.0,0.9606299212598425,0.0,0.5196850393700787
2024-08-29T14:04:27.525288,interface,0.3858267716535433,0.007874015748031496,0.4881889763779528,0.0,0.0,0.9606299212598425,0.0,0.5196850393700787
2024-08-29T14:04:27.534507,interface,0.4094488188976378,0.007874015748031496,0.4881889763779528,0.0,0.0,0.9606299212598425,0.0,0.5196850393700787
2024-08-29T14:04:27.535743,interface,0.4409448818897638,0.007874015748031496,0.4881889763779528,0.0,0.0,0.9606299212598425,0.0,0.5196850393700787
2024-08-29T14:04:27.547073,interface,0.47244094488188976,0.007874015748031496,0.4881889763779528,0.0,0.0,0.9606299212598425,0.0,0.5196850393700787
2024-08-29T14:04:27.555617,interface,0.49606299212598426,0.007874015748031496,0.4881889763779528,0.0,0.0,0.9606299212598425,0.0,0.5196850393700787
2024-08-29T14:04:27.564929,interface,0.5196850393700787,0.007874015748031496,0.4881889763779528,0.0,0.0,0.9606299212598425,0.0,0.5196850393700787
2024-08-29T14:04:27.575273,interface,0.5511811023622047,0.007874015748031496,0.4881889763779528,0.0,0.0,0.9606299212598425,0.0,0.5196850393700787
2024-08-29T14:04:27.576389,interface,0.5826771653543307,0.007874015748031496,0.4881889763779528,0.0,0.0,0.9606299212598425,0.0,0.5196850393700787
2024-08-29T14:04:27.587146,interface,0.6141732283464567,0.007874015748031496,0.4881889763779528,0.0,0.0,0.9606299212598425,0.0,0.5196850393700787
2024-08-29T14:04:27.590572,interface,0.6377952755905512,0.007874015748031496,0.4881889763779528,0.0,0.0,0.9606299212598425,0.0,0.5196850393700787
2024-08-29T14:04:27.604940,interface,0.6614173228346457,0.007874015748031496,0.4881889763779528,0.0,0.0,0.9606299212598425,0.0,0.5196850393700787
2024-08-29T14:04:27.615283,interface,0.6850393700787402,0.007874015748031496,0.4881889763779528,0.0,0.0,0.9606299212598425,0.0,0.5196850393700787
2024-08-29T14:04:27.616393,interface,0.7086614173228346,0.007874015748031496,0.4881889763779528,0.0,0.0,0.9606299212598425,0.0,0.5196850393700787
2024-08-29T14:04:27.627095,interface,0.7244094488188977,0.007874015748031496,0.4881889763779528,0.0,0.0,0.9606299212598425,0.0,0.5196850393700787
2024-08-29T14:04:27.630454,interface,0.7401574803149606,0.007874015748031496,0.4881889763779528,0.0,0.0,0.9606299212598425,0.0,0.5196850393700787
2024-08-29T14:04:27.644350,interface,0.7559055118110236,0.007874015748031496,0.4881889763779528,0.0,0.0,0.9606299212598425,0.0,0.5196850393700787
2024-08-29T14:04:27.655398,interface,0.7637795275590551,0.007874015748031496,0.4881889763779528,0.0,0.0,0.9606299212598425,0.0,0.5196850393700787
2024-08-29T14:04:27.656561,interface,0.7716535433070866,0.007874015748031496,0.4881889763779528,0.0,0.0,0.9606299212598425,0.0,0.5196850393700787
2024-08-29T14:04:27.667087,interface,0.7795275590551181,0.007874015748031496,0.4881889763779528,0.0,0.0,0.9606299212598425,0.0,0.5196850393700787
2024-08-29T14:04:27.683156,interface,0.7874015748031497,0.007874015748031496,0.4881889763779528,0.0,0.0,0.9606299212598425,0.0,0.5196850393700787
2024-08-29T14:04:27.897035,interface,0.7874015748031497,0.007874015748031496,0.4881889763779528,0.0,0.0,0.9606299212598425,0.0,0.5196850393700787
2024-08-29T14:04:27.917929,interface,0.7952755905511811,0.007874015748031496,0.4881889763779528,0.0,0.0,0.9606299212598425,0.0,0.5196850393700787
2024-08-29T14:04:27.929176,interface,0.7952755905511811,0.007874015748031496,0.4881889763779528,0.0,0.0,0.9606299212598425,0.0,0.5196850393700787
2024-08-29T14:04:28.545131,interface,0.7874015748031497,0.007874015748031496,0.4881889763779528,0.0,0.0,0.9606299212598425,0.0,0.5196850393700787
2024-08-29T14:04:28.554653,interface,0.7795275590551181,0.007874015748031496,0.4881889763779528,0.0,0.0,0.9606299212598425,0.0,0.5196850393700787
2024-08-29T14:04:28.566835,interface,0.7716535433070866,0.007874015748031496,0.4881889763779528,0.0,0.0,0.9606299212598425,0.0,0.5196850393700787
2024-08-29T14:04:28.570225,interface,0.7559055118110236,0.007874015748031496,0.4881889763779528,0.0,0.0,0.9606299212598425,0.0,0.5196850393700787
2024-08-29T14:04:28.573473,interface,0.7322834645669292,0.007874015748031496,0.4881889763779528,0.0,0.0,0.9606299212598425,0.0,0.5196850393700787
2024-08-29T14:04:28.585717,interface,0.7165354330708661,0.007874015748031496,0.4881889763779528,0.0,0.0,0.9606299212598425,0.0,0.5196850393700787
2024-08-29T14:04:28.594977,interface,0.6929133858267716,0.007874015748031496,0.4881889763779528,0.0,0.0,0.9606299212598425,0.0,0.5196850393700787
2024-08-29T14:04:28.605895,interface,0.6771653543307087,0.007874015748031496,0.4881889763779528,0.0,0.0,0.9606299212598425,0.0,0.5196850393700787
2024-08-29T14:04:28.615333,interface,0.6614173228346457,0.007874015748031496,0.4881889763779528,0.0,0.0,0.9606299212598425,0.0,0.5196850393700787
2024-08-29T14:04:28.616454,interface,0.6456692913385826,0.007874015748031496,0.4881889763779528,0.0,0.0,0.9606299212598425,0.0,0.5196850393700787
2024-08-29T14:04:28.621732,interface,0.6299212598425197,0.007874015748031496,0.4881889763779528,0.0,0.0,0.9606299212598425,0.0,0.5196850393700787
2024-08-29T14:04:28.634559,interface,0.6220472440944882,0.007874015748031496,0.4881889763779528,0.0,0.0,0.9606299212598425,0.0,0.5196850393700787
2024-08-29T14:04:28.645296,interface,0.6062992125984252,0.007874015748031496,0.4881889763779528,0.0,0.0,0.9606299212598425,0.0,0.5196850393700787
2024-08-29T14:04:28.654681,interface,0.5905511811023622,0.007874015748031496,0.4881889763779528,0.0,0.0,0.9606299212598425,0.0,0.5196850393700787
2024-08-29T14:04:28.655803,interface,0.5826771653543307,0.007874015748031496,0.4881889763779528,0.0,0.0,0.9606299212598425,0.0,0.5196850393700787
2024-08-29T14:04:28.666169,interface,0.5669291338582677,0.007874015748031496,0.4881889763779528,0.0,0.0,0.9606299212598425,0.0,0.5196850393700787
2024-08-29T14:04:28.674606,interface,0.5511811023622047,0.007874015748031496,0.4881889763779528,0.0,0.0,0.9606299212598425,0.0,0.5196850393700787
2024-08-29T14:04:28.684427,interface,0.5433070866141733,0.007874015748031496,0.4881889763779528,0.0,0.0,0.9606299212598425,0.0,0.5196850393700787
2024-08-29T14:04:28.695768,interface,0.5275590551181102,0.007874015748031496,0.4881889763779528,0.0,0.0,0.9606299212598425,0.0,0.5196850393700787
2024-08-29T14:04:28.696917,interface,0.5118110236220472,0.007874015748031496,0.4881889763779528,0.0,0.0,0.9606299212598425,0.0,0.5196850393700787
2024-08-29T14:04:28.700262,interface,0.49606299212598426,0.007874015748031496,0.4881889763779528,0.0,0.0,0.9606299212598425,0.0,0.5196850393700787
2024-08-29T14:04:28.717938,interface,0.48031496062992124,0.007874015748031496,0.4881889763779528,0.0,0.0,0.9606299212598425,0.0,0.5196850393700787
2024-08-29T14:04:28.719266,interface,0.4645669291338583,0.007874015748031496,0.4881889763779528,0.0,0.0,0.9606299212598425,0.0,0.5196850393700787
2024-08-29T14:04:28.735680,interface,0.44881889763779526,0.007874015748031496,0.4881889763779528,0.0,0.0,0.9606299212598425,0.0,0.5196850393700787
2024-08-29T14:04:28.736908,interface,0.4330708661417323,0.007874015748031496,0.4881889763779528,0.0,0.0,0.9606299212598425,0.0,0.5196850393700787
2024-08-29T14:04:28.740255,interface,0.41732283464566927,0.007874015748031496,0.4881889763779528,0.0,0.0,0.9606299212598425,0.0,0.5196850393700787
2024-08-29T14:04:28.755202,interface,0.4015748031496063,0.007874015748031496,0.4881889763779528,0.0,0.0,0.9606299212598425,0.0,0.5196850393700787
2024-08-29T14:04:28.764937,interface,0.3937007874015748,0.007874015748031496,0.4881889763779528,0.0,0.0,0.9606299212598425,0.0,0.5196850393700787
2024-08-29T14:04:28.774728,interface,0.3858267716535433,0.007874015748031496,0.4881889763779528,0.0,0.0,0.9606299212598425,0.0,0.5196850393700787
2024-08-29T14:04:28.775849,interface,0.3700787401574803,0.007874015748031496,0.4881889763779528,0.0,0.0,0.9606299212598425,0.0,0.5196850393700787
2024-08-29T14:04:28.786434,interface,0.36220472440944884,0.007874015748031496,0.4881889763779528,0.0,0.0,0.9606299212598425,0.0,0.5196850393700787
2024-08-29T14:04:28.789817,interface,0.3543307086614173,0.007874015748031496,0.4881889763779528,0.0,0.0,0.9606299212598425,0.0,0.5196850393700787
2024-08-29T14:04:28.804580,interface,0.33858267716535434,0.007874015748031496,0.4881889763779528,0.0,0.0,0.9606299212598425,0.0,0.5196850393700787
2024-08-29T14:04:28.815545,interface,0.33070866141732286,0.007874015748031496,0.4881889763779528,0.0,0.0,0.9606299212598425,0.0,0.5196850393700787
2024-08-29T14:04:28.816663,interface,0.3228346456692913,0.007874015748031496,0.4881889763779528,0.0,0.0,0.9606299212598425,0.0,0.5196850393700787
2024-08-29T14:04:28.821776,interface,0.31496062992125984,0.007874015748031496,0.4881889763779528,0.0,0.0,0.9606299212598425,0.0,0.5196850393700787
2024-08-29T14:04:28.834709,interface,0.2992125984251969,0.007874015748031496,0.4881889763779528,0.0,0.0,0.9606299212598425,0.0,0.5196850393700787
2024-08-29T14:04:28.845594,interface,0.29133858267716534,0.007874015748031496,0.4881889763779528,0.0,0.0,0.9606299212598425,0.0,0.5196850393700787
2024-08-29T14:04:28.855065,interface,0.28346456692913385,0.007874015748031496,0.4881889763779528,0.0,0.0,0.9606299212598425,0.0,0.5196850393700787
2024-08-29T14:04:28.856181,interface,0.2755905511811024,0.007874015748031496,0.4881889763779528,0.0,0.0,0.9606299212598425,0.0,0.5196850393700787
2024-08-29T14:04:28.861337,interface,0.2677165354330709,0.007874015748031496,0.4881889763779528,0.0,0.0,0.9606299212598425,0.0,0.5196850393700787
2024-08-29T14:04:28.875311,interface,0.25984251968503935,0.007874015748031496,0.4881889763779528,0.0,0.0,0.9606299212598425,0.0,0.5196850393700787
2024-08-29T14:04:28.885064,interface,0.25984251968503935,0.007874015748031496,0.4881889763779528,0.0,0.0,0.9606299212598425,0.0,0.5196850393700787
2024-08-29T14:04:28.895332,interface,0.25196850393700787,0.007874015748031496,0.4881889763779528,0.0,0.0,0.9606299212598425,0.0,0.5196850393700787
2024-08-29T14:04:28.896449,interface,0.2440944881889764,0.007874015748031496,0.4881889763779528,0.0,0.0,0.9606299212598425,0.0,0.5196850393700787
2024-08-29T14:04:28.901565,interface,0.2440944881889764,0.007874015748031496,0.4881889763779528,0.0,0.0,0.9606299212598425,0.0,0.5196850393700787
2024-08-29T14:04:28.918050,interface,0.23622047244094488,0.007874015748031496,0.4881889763779528,0.0,0.0,0.9606299212598425,0.0,0.5196850393700787
2024-08-29T14:04:28.921301,interface,0.23622047244094488,0.007874015748031496,0.4881889763779528,0.0,0.0,0.9606299212598425,0.0,0.5196850393700787
2024-08-29T14:04:28.935090,interface,0.2283464566929134,0.007874015748031496,0.4881889763779528,0.0,0.0,0.9606299212598425,0.0,0.5196850393700787
2024-08-29T14:04:28.936288,interface,0.2204724409448819,0.007874015748031496,0.4881889763779528,0.0,0.0,0.9606299212598425,0.0,0.5196850393700787
2024-08-29T14:04:28.941468,interface,0.2204724409448819,0.007874015748031496,0.4881889763779528,0.0,0.0,0.9606299212598425,0.0,0.5196850393700787
2024-08-29T14:04:28.955099,interface,0.2125984251968504,0.007874015748031496,0.4881889763779528,0.0,0.0,0.9606299212598425,0.0,0.5196850393700787
2024-08-29T14:04:28.969589,interface,0.2047244094488189,0.007874015748031496,0.4881889763779528,0.0,0.0,0.9606299212598425,0.0,0.5196850393700787
2024-08-29T14:04:28.972980,interface,0.2047244094488189,0.007874015748031496,0.4881889763779528,0.0,0.0,0.9606299212598425,0.0,0.5196850393700787
2024-08-29T14:04:28.985397,interface,0.1968503937007874,0.007874015748031496,0.4881889763779528,0.0,0.0,0.9606299212598425,0.0,0.5196850393700787
2024-08-29T14:04:29.001287,interface,0.1968503937007874,0.007874015748031496,0.4881889763779528,0.0,0.0,0.9606299212598425,0.0,0.5196850393700787
2024-08-29T14:04:29.017921,interface,0.1889763779527559,0.007874015748031496,0.4881889763779528,0.0,0.0,0.9606299212598425,0.0,0.5196850393700787
2024-08-29T14:04:29.021347,interface,0.18110236220472442,0.007874015748031496,0.4881889763779528,0.0,0.0,0.9606299212598425,0.0,0.5196850393700787
2024-08-29T14:04:29.042865,interface,0.18110236220472442,0.007874015748031496,0.4881889763779528,0.0,0.0,0.9606299212598425,0.0,0.5196850393700787
2024-08-29T14:04:29.067942,interface,0.1732283464566929,0.007874015748031496,0.4881889763779528,0.0,0.0,0.9606299212598425,0.0,0.5196850393700787
2024-08-29T14:04:29.081274,interface,0.1732283464566929,0.007874015748031496,0.4881889763779528,0.0,0.0,0.9606299212598425,0.0,0.5196850393700787
2024-08-29T14:04:29.097302,interface,0.16535433070866143,0.007874015748031496,0.4881889763779528,0.0,0.0,0.9606299212598425,0.0,0.5196850393700787
2024-08-29T14:04:29.118233,interface,0.16535433070866143,0.007874015748031496,0.4881889763779528,0.0,0.0,0.9606299212598425,0.0,0.5196850393700787
2024-08-29T14:04:29.129687,interface,0.15748031496062992,0.007874015748031496,0.4881889763779528,0.0,0.0,0.9606299212598425,0.0,0.5196850393700787
2024-08-29T14:04:29.153190,interface,0.15748031496062992,0.007874015748031496,0.4881889763779528,0.0,0.0,0.9606299212598425,0.0,0.5196850393700787
2024-08-29T14:04:29.177183,interface,0.14960629921259844,0.007874015748031496,0.4881889763779528,0.0,0.0,0.9606299212598425,0.0,0.5196850393700787
2024-08-29T14:04:29.193132,interface,0.14960629921259844,0.007874015748031496,0.4881889763779528,0.0,0.0,0.9606299212598425,0.0,0.5196850393700787
2024-08-29T14:04:29.209698,interface,0.14173228346456693,0.007874015748031496,0.4881889763779528,0.0,0.0,0.9606299212598425,0.0,0.5196850393700787
2024-08-29T14:04:29.233381,interface,0.14173228346456693,0.007874015748031496,0.4881889763779528,0.0,0.0,0.9606299212598425,0.0,0.5196850393700787
2024-08-29T14:04:29.281174,interface,0.13385826771653545,0.007874015748031496,0.4881889763779528,0.0,0.0,0.9606299212598425,0.0,0.5196850393700787
2024-08-29T14:04:29.353173,interface,0.13385826771653545,0.007874015748031496,0.4881889763779528,0.0,0.0,0.9606299212598425,0.0,0.5196850393700787
2024-08-29T14:04:29.867892,interface,0.13385826771653545,0.007874015748031496,0.4881889763779528,0.0,0.0,0.9606299212598425,0.0,0.5196850393700787
2024-08-29T14:04:30.786076,interface,0.14173228346456693,0.007874015748031496,0.4881889763779528,0.0,0.0,0.9606299212598425,0.0,0.5196850393700787
2024-08-29T14:04:30.788460,interface,0.14960629921259844,0.007874015748031496,0.4881889763779528,0.0,0.0,0.9606299212598425,0.0,0.5196850393700787
2024-08-29T14:04:30.789571,interface,0.15748031496062992,0.007874015748031496,0.4881889763779528,0.0,0.0,0.9606299212598425,0.0,0.5196850393700787
2024-08-29T14:04:30.790662,interface,0.16535433070866143,0.007874015748031496,0.4881889763779528,0.0,0.0,0.9606299212598425,0.0,0.5196850393700787
2024-08-29T14:04:30.791654,interface,0.1732283464566929,0.007874015748031496,0.4881889763779528,0.0,0.0,0.9606299212598425,0.0,0.5196850393700787
2024-08-29T14:04:30.792658,interface,0.1889763779527559,0.007874015748031496,0.4881889763779528,0.0,0.0,0.9606299212598425,0.0,0.5196850393700787
2024-08-29T14:04:30.793721,interface,0.2047244094488189,0.007874015748031496,0.4881889763779528,0.0,0.0,0.9606299212598425,0.0,0.5196850393700787
2024-08-29T14:04:30.794730,interface,0.2125984251968504,0.007874015748031496,0.4881889763779528,0.0,0.0,0.9606299212598425,0.0,0.5196850393700787
2024-08-29T14:04:30.795691,interface,0.2283464566929134,0.007874015748031496,0.4881889763779528,0.0,0.0,0.9606299212598425,0.0,0.5196850393700787
2024-08-29T14:04:30.796691,interface,0.2440944881889764,0.007874015748031496,0.4881889763779528,0.0,0.0,0.9606299212598425,0.0,0.5196850393700787
2024-08-29T14:04:30.797706,interface,0.25984251968503935,0.007874015748031496,0.4881889763779528,0.0,0.0,0.9606299212598425,0.0,0.5196850393700787
2024-08-29T14:04:30.798722,interface,0.28346456692913385,0.007874015748031496,0.4881889763779528,0.0,0.0,0.9606299212598425,0.0,0.5196850393700787
2024-08-29T14:04:30.799674,interface,0.2992125984251969,0.007874015748031496,0.4881889763779528,0.0,0.0,0.9606299212598425,0.0,0.5196850393700787
2024-08-29T14:04:30.800641,interface,0.31496062992125984,0.007874015748031496,0.4881889763779528,0.0,0.0,0.9606299212598425,0.0,0.5196850393700787
2024-08-29T14:04:30.801634,interface,0.33070866141732286,0.007874015748031496,0.4881889763779528,0.0,0.0,0.9606299212598425,0.0,0.5196850393700787
2024-08-29T14:04:30.802642,interface,0.3464566929133858,0.007874015748031496,0.4881889763779528,0.0,0.0,0.9606299212598425,0.0,0.5196850393700787
2024-08-29T14:04:30.803588,interface,0.36220472440944884,0.007874015748031496,0.4881889763779528,0.0,0.0,0.9606299212598425,0.0,0.5196850393700787
2024-08-29T14:04:30.804525,interface,0.3779527559055118,0.007874015748031496,0.4881889763779528,0.0,0.0,0.9606299212598425,0.0,0.5196850393700787
2024-08-29T14:04:30.805565,interface,0.3858267716535433,0.007874015748031496,0.4881889763779528,0.0,0.0,0.9606299212598425,0.0,0.5196850393700787
2024-08-29T14:04:30.806573,interface,0.4015748031496063,0.007874015748031496,0.4881889763779528,0.0,0.0,0.9606299212598425,0.0,0.5196850393700787
2024-08-29T14:04:30.807806,interface,0.41732283464566927,0.007874015748031496,0.4881889763779528,0.0,0.0,0.9606299212598425,0.0,0.5196850393700787
2024-08-29T14:04:30.808827,interface,0.4251968503937008,0.007874015748031496,0.4881889763779528,0.0,0.0,0.9606299212598425,0.0,0.5196850393700787
2024-08-29T14:04:30.809866,interface,0.4409448818897638,0.007874015748031496,0.4881889763779528,0.0,0.0,0.9606299212598425,0.0,0.5196850393700787
2024-08-29T14:04:30.810832,interface,0.44881889763779526,0.007874015748031496,0.4881889763779528,0.0,0.0,0.9606299212598425,0.0,0.5196850393700787
2024-08-29T14:04:30.811801,interface,0.4566929133858268,0.007874015748031496,0.4881889763779528,0.0,0.0,0.9606299212598425,0.0,0.5196850393700787
2024-08-29T14:04:30.812751,interface,0.4566929133858268,0.007874015748031496,0.4881889763779528,0.0,0.0,0.9606299212598425,0.0,0.5196850393700787
2024-08-29T14:04:30.813748,interface,0.4645669291338583,0.007874015748031496,0.4881889763779528,0.0,0.0,0.9606299212598425,0.0,0.5196850393700787
2024-08-29T14:04:30.814728,interface,0.47244094488188976,0.007874015748031496,0.4881889763779528,0.0,0.0,0.9606299212598425,0.0,0.5196850393700787
2024-08-29T14:04:30.815700,interface,0.48031496062992124,0.007874015748031496,0.4881889763779528,0.0,0.0,0.9606299212598425,0.0,0.5196850393700787
2024-08-29T14:04:30.816666,interface,0.48031496062992124,0.007874015748031496,0.4881889763779528,0.0,0.0,0.9606299212598425,0.0,0.5196850393700787
2024-08-29T14:04:30.817704,interface,0.4881889763779528,0.007874015748031496,0.4881889763779528,0.0,0.0,0.9606299212598425,0.0,0.5196850393700787
2024-08-29T14:04:30.818740,interface,0.4881889763779528,0.007874015748031496,0.4881889763779528,0.0,0.0,0.9606299212598425,0.0,0.5196850393700787
2024-08-29T14:04:30.819725,interface,0.49606299212598426,0.007874015748031496,0.4881889763779528,0.0,0.0,0.9606299212598425,0.0,0.5196850393700787
2024-08-29T14:04:30.820700,interface,0.49606299212598426,0.007874015748031496,0.4881889763779528,0.0,0.0,0.9606299212598425,0.0,0.5196850393700787
2024-08-29T14:04:30.843410,interface,0.5039370078740157,0.007874015748031496,0.4881889763779528,0.0,0.0,0.9606299212598425,0.0,0.5196850393700787
2024-08-29T14:04:30.859853,interface,0.5039370078740157,0.007874015748031496,0.4881889763779528,0.0,0.0,0.9606299212598425,0.0,0.5196850393700787
2024-08-29T14:04:30.883622,interface,0.5118110236220472,0.007874015748031496,0.4881889763779528,0.0,0.0,0.9606299212598425,0.0,0.5196850393700787
2024-08-29T14:04:30.903464,interface,0.5196850393700787,0.007874015748031496,0.4881889763779528,0.0,0.0,0.9606299212598425,0.0,0.5196850393700787
2024-08-29T14:04:30.917929,interface,0.5196850393700787,0.007874015748031496,0.4881889763779528,0.0,0.0,0.9606299212598425,0.0,0.5196850393700787
2024-08-29T14:04:30.927458,interface,0.5275590551181102,0.007874015748031496,0.4881889763779528,0.0,0.0,0.9606299212598425,0.0,0.5196850393700787
2024-08-29T14:04:30.943347,interface,0.5354330708661418,0.007874015748031496,0.4881889763779528,0.0,0.0,0.9606299212598425,0.0,0.5196850393700787
2024-08-29T14:04:30.959651,interface,0.5433070866141733,0.007874015748031496,0.4881889763779528,0.0,0.0,0.9606299212598425,0.0,0.5196850393700787
2024-08-29T14:04:30.963054,interface,0.5433070866141733,0.007874015748031496,0.4881889763779528,0.0,0.0,0.9606299212598425,0.0,0.5196850393700787
2024-08-29T14:04:30.983619,interface,0.5511811023622047,0.007874015748031496,0.4881889763779528,0.0,0.0,0.9606299212598425,0.0,0.5196850393700787
2024-08-29T14:04:30.999556,interface,0.5590551181102362,0.007874015748031496,0.4881889763779528,0.0,0.0,0.9606299212598425,0.0,0.5196850393700787
2024-08-29T14:04:31.017923,interface,0.5669291338582677,0.007874015748031496,0.4881889763779528,0.0,0.0,0.9606299212598425,0.0,0.5196850393700787
2024-08-29T14:04:31.031479,interface,0.5669291338582677,0.007874015748031496,0.4881889763779528,0.0,0.0,0.9606299212598425,0.0,0.5196850393700787
2024-08-29T14:04:31.044530,interface,0.5748031496062992,0.007874015748031496,0.4881889763779528,0.0,0.0,0.9606299212598425,0.0,0.5196850393700787
2024-08-29T14:04:31.055493,interface,0.5826771653543307,0.007874015748031496,0.4881889763779528,0.0,0.0,0.9606299212598425,0.0,0.5196850393700787
2024-08-29T14:04:31.071465,interface,0.5826771653543307,0.007874015748031496,0.4881889763779528,0.0,0.0,0.9606299212598425,0.0,0.5196850393700787
2024-08-29T14:04:31.084436,interface,0.5905511811023622,0.007874015748031496,0.4881889763779528,0.0,0.0,0.9606299212598425,0.0,0.5196850393700787
2024-08-29T14:04:31.095535,interface,0.5984251968503937,0.007874015748031496,0.4881889763779528,0.0,0.0,0.9606299212598425,0.0,0.5196850393700787
2024-08-29T14:04:31.111599,interface,0.5984251968503937,0.007874015748031496,0.4881889763779528,0.0,0.0,0.9606299212598425,0.0,0.5196850393700787
2024-08-29T14:04:31.124335,interface,0.6062992125984252,0.007874015748031496,0.4881889763779528,0.0,0.0,0.9606299212598425,0.0,0.5196850393700787
2024-08-29T14:04:31.135836,interface,0.6141732283464567,0.007874015748031496,0.4881889763779528,0.0,0.0,0.9606299212598425,0.0,0.5196850393700787
2024-08-29T14:04:31.151691,interface,0.6141732283464567,0.007874015748031496,0.4881889763779528,0.0,0.0,0.9606299212598425,0.0,0.5196850393700787
2024-08-29T14:04:31.168185,interface,0.6220472440944882,0.007874015748031496,0.4881889763779528,0.0,0.0,0.9606299212598425,0.0,0.5196850393700787
2024-08-29T14:04:31.183802,interface,0.6299212598425197,0.007874015748031496,0.4881889763779528,0.0,0.0,0.9606299212598425,0.0,0.5196850393700787
2024-08-29T14:04:31.199841,interface,0.6299212598425197,0.007874015748031496,0.4881889763779528,0.0,0.0,0.9606299212598425,0.0,0.5196850393700787
2024-08-29T14:04:31.218151,interface,0.6377952755905512,0.007874015748031496,0.4881889763779528,0.0,0.0,0.9606299212598425,0.0,0.5196850393700787
2024-08-29T14:04:31.231518,interface,0.6456692913385826,0.007874015748031496,0.4881889763779528,0.0,0.0,0.9606299212598425,0.0,0.5196850393700787
2024-08-29T14:04:31.247517,interface,0.6456692913385826,0.007874015748031496,0.4881889763779528,0.0,0.0,0.9606299212598425,0.0,0.5196850393700787
2024-08-29T14:04:31.267905,interface,0.6535433070866141,0.007874015748031496,0.4881889763779528,0.0,0.0,0.9606299212598425,0.0,0.5196850393700787
2024-08-29T14:04:31.279577,interface,0.6614173228346457,0.007874015748031496,0.4881889763779528,0.0,0.0,0.9606299212598425,0.0,0.5196850393700787
2024-08-29T14:04:31.295450,interface,0.6692913385826772,0.007874015748031496,0.4881889763779528,0.0,0.0,0.9606299212598425,0.0,0.5196850393700787
2024-08-29T14:04:31.311890,interface,0.6692913385826772,0.007874015748031496,0.4881889763779528,0.0,0.0,0.9606299212598425,0.0,0.5196850393700787
2024-08-29T14:04:31.327538,interface,0.6771653543307087,0.007874015748031496,0.4881889763779528,0.0,0.0,0.9606299212598425,0.0,0.5196850393700787
2024-08-29T14:04:31.343605,interface,0.6850393700787402,0.007874015748031496,0.4881889763779528,0.0,0.0,0.9606299212598425,0.0,0.5196850393700787
2024-08-29T14:04:31.359798,interface,0.6929133858267716,0.007874015748031496,0.4881889763779528,0.0,0.0,0.9606299212598425,0.0,0.5196850393700787
2024-08-29T14:04:31.375788,interface,0.6929133858267716,0.007874015748031496,0.4881889763779528,0.0,0.0,0.9606299212598425,0.0,0.5196850393700787
2024-08-29T14:04:31.393202,interface,0.7007874015748031,0.007874015748031496,0.4881889763779528,0.0,0.0,0.9606299212598425,0.0,0.5196850393700787
2024-08-29T14:04:31.404569,interface,0.7086614173228346,0.007874015748031496,0.4881889763779528,0.0,0.0,0.9606299212598425,0.0,0.5196850393700787
2024-08-29T14:04:31.418139,interface,0.7086614173228346,0.007874015748031496,0.4881889763779528,0.0,0.0,0.9606299212598425,0.0,0.5196850393700787
2024-08-29T14:04:31.421435,interface,0.7165354330708661,0.007874015748031496,0.4881889763779528,0.0,0.0,0.9606299212598425,0.0,0.5196850393700787
2024-08-29T14:04:31.435498,interface,0.7165354330708661,0.007874015748031496,0.4881889763779528,0.0,0.0,0.9606299212598425,0.0,0.5196850393700787
2024-08-29T14:04:31.444528,interface,0.7244094488188977,0.007874015748031496,0.4881889763779528,0.0,0.0,0.9606299212598425,0.0,0.5196850393700787
2024-08-29T14:04:31.445670,interface,0.7244094488188977,0.007874015748031496,0.4881889763779528,0.0,0.0,0.9606299212598425,0.0,0.5196850393700787
2024-08-29T14:04:31.467882,interface,0.7322834645669292,0.007874015748031496,0.4881889763779528,0.0,0.0,0.9606299212598425,0.0,0.5196850393700787
2024-08-29T14:04:31.479600,interface,0.7401574803149606,0.007874015748031496,0.4881889763779528,0.0,0.0,0.9606299212598425,0.0,0.5196850393700787
2024-08-29T14:04:31.495448,interface,0.7480314960629921,0.007874015748031496,0.4881889763779528,0.0,0.0,0.9606299212598425,0.0,0.5196850393700787
2024-08-29T14:04:31.505232,interface,0.7480314960629921,0.007874015748031496,0.4881889763779528,0.0,0.0,0.9606299212598425,0.0,0.5196850393700787
2024-08-29T14:04:31.519541,interface,0.7559055118110236,0.007874015748031496,0.4881889763779528,0.0,0.0,0.9606299212598425,0.0,0.5196850393700787
2024-08-29T14:04:31.522955,interface,0.7637795275590551,0.007874015748031496,0.4881889763779528,0.0,0.0,0.9606299212598425,0.0,0.5196850393700787
2024-08-29T14:04:31.543427,interface,0.7637795275590551,0.007874015748031496,0.4881889763779528,0.0,0.0,0.9606299212598425,0.0,0.5196850393700787
2024-08-29T14:04:31.554546,interface,0.7716535433070866,0.007874015748031496,0.4881889763779528,0.0,0.0,0.9606299212598425,0.0,0.5196850393700787
2024-08-29T14:04:31.568116,interface,0.7795275590551181,0.007874015748031496,0.4881889763779528,0.0,0.0,0.9606299212598425,0.0,0.5196850393700787
2024-08-29T14:04:31.571554,interface,0.7795275590551181,0.007874015748031496,0.4881889763779528,0.0,0.0,0.9606299212598425,0.0,0.5196850393700787
2024-08-29T14:04:31.592905,interface,0.7874015748031497,0.007874015748031496,0.4881889763779528,0.0,0.0,0.9606299212598425,0.0,0.5196850393700787
2024-08-29T14:04:31.607910,interface,0.7952755905511811,0.007874015748031496,0.4881889763779528,0.0,0.0,0.9606299212598425,0.0,0.5196850393700787
2024-08-29T14:04:31.611372,interface,0.8031496062992126,0.007874015748031496,0.4881889763779528,0.0,0.0,0.9606299212598425,0.0,0.5196850393700787
2024-08-29T14:04:31.631716,interface,0.8031496062992126,0.007874015748031496,0.4881889763779528,0.0,0.0,0.9606299212598425,0.0,0.5196850393700787
2024-08-29T14:04:31.647588,interface,0.8110236220472441,0.007874015748031496,0.4881889763779528,0.0,0.0,0.9606299212598425,0.0,0.5196850393700787
2024-08-29T14:04:31.667907,interface,0.8188976377952756,0.007874015748031496,0.4881889763779528,0.0,0.0,0.9606299212598425,0.0,0.5196850393700787
2024-08-29T14:04:31.671173,interface,0.8267716535433071,0.007874015748031496,0.4881889763779528,0.0,0.0,0.9606299212598425,0.0,0.5196850393700787
2024-08-29T14:04:31.687693,interface,0.8267716535433071,0.007874015748031496,0.4881889763779528,0.0,0.0,0.9606299212598425,0.0,0.5196850393700787
2024-08-29T14:04:31.691116,interface,0.8346456692913385,0.007874015748031496,0.4881889763779528,0.0,0.0,0.9606299212598425,0.0,0.5196850393700787
2024-08-29T14:04:31.711743,interface,0.84251968503937,0.007874015748031496,0.4881889763779528,0.0,0.0,0.9606299212598425,0.0,0.5196850393700787
2024-08-29T14:04:31.727593,interface,0.8503937007874016,0.007874015748031496,0.4881889763779528,0.0,0.0,0.9606299212598425,0.0,0.5196850393700787
2024-08-29T14:04:31.730951,interface,0.8503937007874016,0.007874015748031496,0.4881889763779528,0.0,0.0,0.9606299212598425,0.0,0.5196850393700787
2024-08-29T14:04:31.751638,interface,0.8582677165354331,0.007874015748031496,0.4881889763779528,0.0,0.0,0.9606299212598425,0.0,0.5196850393700787
2024-08-29T14:04:31.767876,interface,0.8661417322834646,0.007874015748031496,0.4881889763779528,0.0,0.0,0.9606299212598425,0.0,0.5196850393700787
2024-08-29T14:04:31.771272,interface,0.8661417322834646,0.007874015748031496,0.4881889763779528,0.0,0.0,0.9606299212598425,0.0,0.5196850393700787
2024-08-29T14:04:31.792930,interface,0.8740157480314961,0.007874015748031496,0.4881889763779528,0.0,0.0,0.9606299212598425,0.0,0.5196850393700787
2024-08-29T14:04:31.807722,interface,0.8740157480314961,0.007874015748031496,0.4881889763779528,0.0,0.0,0.9606299212598425,0.0,0.5196850393700787
2024-08-29T14:04:31.823637,interface,0.8818897637795275,0.007874015748031496,0.4881889763779528,0.0,0.0,0.9606299212598425,0.0,0.5196850393700787
2024-08-29T14:04:31.834999,interface,0.8818897637795275,0.007874015748031496,0.4881889763779528,0.0,0.0,0.9606299212598425,0.0,0.5196850393700787
2024-08-29T14:04:31.847609,interface,0.889763779527559,0.007874015748031496,0.4881889763779528,0.0,0.0,0.9606299212598425,0.0,0.5196850393700787
2024-08-29T14:04:31.867902,interface,0.889763779527559,0.007874015748031496,0.4881889763779528,0.0,0.0,0.9606299212598425,0.0,0.5196850393700787
2024-08-29T14:04:31.887770,interface,0.8976377952755905,0.007874015748031496,0.4881889763779528,0.0,0.0,0.9606299212598425,0.0,0.5196850393700787
2024-08-29T14:04:31.911742,interface,0.8976377952755905,0.007874015748031496,0.4881889763779528,0.0,0.0,0.9606299212598425,0.0,0.5196850393700787
2024-08-29T14:04:31.967725,interface,0.905511811023622,0.007874015748031496,0.4881889763779528,0.0,0.0,0.9606299212598425,0.0,0.5196850393700787
