2024-08-29T09:54:04.448666,interface,0.2114506178315364,0.6280873353028549,0.991870952886966,0.670302613468255,0.8536737987792594,0.25501826862885046,0.5896715889556234,0.5669291338582677
2024-08-29T09:54:04.452521,interface,0.2114506178315364,0.6280873353028549,0.991870952886966,0.670302613468255,0.8536737987792594,0.25501826862885046,0.5896715889556234,0.5590551181102362
2024-08-29T09:54:04.468567,interface,0.2114506178315364,0.6280873353028549,0.991870952886966,0.670302613468255,0.8536737987792594,0.25501826862885046,0.5896715889556234,0.5511811023622047
2024-08-29T09:54:04.480538,interface,0.2114506178315364,0.6280873353028549,0.991870952886966,0.670302613468255,0.8536737987792594,0.25501826862885046,0.5896715889556234,0.5433070866141733
2024-08-29T09:54:04.496023,interface,0.2114506178315364,0.6280873353028549,0.991870952886966,0.670302613468255,0.8536737987792594,0.25501826862885046,0.5896715889556234,0.5354330708661418
2024-08-29T09:54:04.497278,interface,0.2114506178315364,0.6280873353028549,0.991870952886966,0.670302613468255,0.8536737987792594,0.25501826862885046,0.5896715889556234,0.5275590551181102
2024-08-29T09:54:04.500674,interface,0.2114506178315364,0.6280873353028549,0.991870952886966,0.670302613468255,0.8536737987792594,0.25501826862885046,0.5896715889556234,0.5196850393700787
2024-08-29T09:54:04.504098,interface,0.2114506178315364,0.6280873353028549,0.991870952886966,0.670302613468255,0.8536737987792594,0.25501826862885046,0.5896715889556234,0.5118110236220472
2024-08-29T09:54:04.516832,interface,0.2114506178315364,0.6280873353028549,0.991870952886966,0.670302613468255,0.8536737987792594,0.25501826862885046,0.5896715889556234,0.5039370078740157
2024-08-29T09:54:04.517981,interface,0.2114506178315364,0.6280873353028549,0.991870952886966,0.670302613468255,0.8536737987792594,0.25501826862885046,0.5896715889556234,0.49606299212598426
2024-08-29T09:54:04.521144,interface,0.2114506178315364,0.6280873353028549,0.991870952886966,0.670302613468255,0.8536737987792594,0.25501826862885046,0.5896715889556234,0.4881889763779528
2024-08-29T09:54:04.524518,interface,0.2114506178315364,0.6280873353028549,0.991870952886966,0.670302613468255,0.8536737987792594,0.25501826862885046,0.5896715889556234,0.48031496062992124
2024-08-29T09:54:04.536868,interface,0.2114506178315364,0.6280873353028549,0.991870952886966,0.670302613468255,0.8536737987792594,0.25501826862885046,0.5896715889556234,0.47244094488188976
2024-08-29T09:54:04.538001,interface,0.2114506178315364,0.6280873353028549,0.991870952886966,0.670302613468255,0.8536737987792594,0.25501826862885046,0.5896715889556234,0.4645669291338583
2024-08-29T09:54:04.541191,interface,0.2114506178315364,0.6280873353028549,0.991870952886966,0.670302613468255,0.8536737987792594,0.25501826862885046,0.5896715889556234,0.4566929133858268
2024-08-29T09:54:04.544575,interface,0.2114506178315364,0.6280873353028549,0.991870952886966,0.670302613468255,0.8536737987792594,0.25501826862885046,0.5896715889556234,0.44881889763779526
2024-08-29T09:54:04.549727,interface,0.2114506178315364,0.6280873353028549,0.991870952886966,0.670302613468255,0.8536737987792594,0.25501826862885046,0.5896715889556234,0.4409448818897638
2024-08-29T09:54:04.552951,interface,0.2114506178315364,0.6280873353028549,0.991870952886966,0.670302613468255,0.8536737987792594,0.25501826862885046,0.5896715889556234,0.4330708661417323
2024-08-29T09:54:04.556308,interface,0.2114506178315364,0.6280873353028549,0.991870952886966,0.670302613468255,0.8536737987792594,0.25501826862885046,0.5896715889556234,0.4251968503937008
2024-08-29T09:54:04.564942,interface,0.2114506178315364,0.6280873353028549,0.991870952886966,0.670302613468255,0.8536737987792594,0.25501826862885046,0.5896715889556234,0.41732283464566927
2024-08-29T09:54:04.566076,interface,0.2114506178315364,0.6280873353028549,0.991870952886966,0.670302613468255,0.8536737987792594,0.25501826862885046,0.5896715889556234,0.4094488188976378
2024-08-29T09:54:04.569265,interface,0.2114506178315364,0.6280873353028549,0.991870952886966,0.670302613468255,0.8536737987792594,0.25501826862885046,0.5896715889556234,0.4015748031496063
2024-08-29T09:54:04.580981,interface,0.2114506178315364,0.6280873353028549,0.991870952886966,0.670302613468255,0.8536737987792594,0.25501826862885046,0.5896715889556234,0.3937007874015748
2024-08-29T09:54:04.582131,interface,0.2114506178315364,0.6280873353028549,0.991870952886966,0.670302613468255,0.8536737987792594,0.25501826862885046,0.5896715889556234,0.3858267716535433
2024-08-29T09:54:04.585335,interface,0.2114506178315364,0.6280873353028549,0.991870952886966,0.670302613468255,0.8536737987792594,0.25501826862885046,0.5896715889556234,0.3779527559055118
2024-08-29T09:54:04.588759,interface,0.2114506178315364,0.6280873353028549,0.991870952886966,0.670302613468255,0.8536737987792594,0.25501826862885046,0.5896715889556234,0.3700787401574803
2024-08-29T09:54:04.593897,interface,0.2114506178315364,0.6280873353028549,0.991870952886966,0.670302613468255,0.8536737987792594,0.25501826862885046,0.5896715889556234,0.36220472440944884
2024-08-29T09:54:04.597105,interface,0.2114506178315364,0.6280873353028549,0.991870952886966,0.670302613468255,0.8536737987792594,0.25501826862885046,0.5896715889556234,0.3543307086614173
2024-08-29T09:54:04.600425,interface,0.2114506178315364,0.6280873353028549,0.991870952886966,0.670302613468255,0.8536737987792594,0.25501826862885046,0.5896715889556234,0.3464566929133858
2024-08-29T09:54:04.609152,interface,0.2114506178315364,0.6280873353028549,0.991870952886966,0.670302613468255,0.8536737987792594,0.25501826862885046,0.5896715889556234,0.33858267716535434
2024-08-29T09:54:04.610283,interface,0.2114506178315364,0.6280873353028549,0.991870952886966,0.670302613468255,0.8536737987792594,0.25501826862885046,0.5896715889556234,0.33070866141732286
2024-08-29T09:54:04.613468,interface,0.2114506178315364,0.6280873353028549,0.991870952886966,0.670302613468255,0.8536737987792594,0.25501826862885046,0.5896715889556234,0.3228346456692913
2024-08-29T09:54:04.625113,interface,0.2114506178315364,0.6280873353028549,0.991870952886966,0.670302613468255,0.8536737987792594,0.25501826862885046,0.5896715889556234,0.31496062992125984
2024-08-29T09:54:04.626244,interface,0.2114506178315364,0.6280873353028549,0.991870952886966,0.670302613468255,0.8536737987792594,0.25501826862885046,0.5896715889556234,0.30708661417322836
2024-08-29T09:54:04.629448,interface,0.2114506178315364,0.6280873353028549,0.991870952886966,0.670302613468255,0.8536737987792594,0.25501826862885046,0.5896715889556234,0.2992125984251969
2024-08-29T09:54:04.641125,interface,0.2114506178315364,0.6280873353028549,0.991870952886966,0.670302613468255,0.8536737987792594,0.25501826862885046,0.5896715889556234,0.29133858267716534
2024-08-29T09:54:04.642268,interface,0.2114506178315364,0.6280873353028549,0.991870952886966,0.670302613468255,0.8536737987792594,0.25501826862885046,0.5896715889556234,0.28346456692913385
2024-08-29T09:54:04.653053,interface,0.2114506178315364,0.6280873353028549,0.991870952886966,0.670302613468255,0.8536737987792594,0.25501826862885046,0.5896715889556234,0.2755905511811024
2024-08-29T09:54:04.656416,interface,0.2114506178315364,0.6280873353028549,0.991870952886966,0.670302613468255,0.8536737987792594,0.25501826862885046,0.5896715889556234,0.2677165354330709
2024-08-29T09:54:04.669074,interface,0.2114506178315364,0.6280873353028549,0.991870952886966,0.670302613468255,0.8536737987792594,0.25501826862885046,0.5896715889556234,0.25984251968503935
2024-08-29T09:54:04.672490,interface,0.2114506178315364,0.6280873353028549,0.991870952886966,0.670302613468255,0.8536737987792594,0.25501826862885046,0.5896715889556234,0.25196850393700787
2024-08-29T09:54:04.685097,interface,0.2114506178315364,0.6280873353028549,0.991870952886966,0.670302613468255,0.8536737987792594,0.25501826862885046,0.5896715889556234,0.2440944881889764
2024-08-29T09:54:04.697197,interface,0.2114506178315364,0.6280873353028549,0.991870952886966,0.670302613468255,0.8536737987792594,0.25501826862885046,0.5896715889556234,0.23622047244094488
2024-08-29T09:54:04.709225,interface,0.2114506178315364,0.6280873353028549,0.991870952886966,0.670302613468255,0.8536737987792594,0.25501826862885046,0.5896715889556234,0.2283464566929134
2024-08-29T09:54:04.737263,interface,0.2114506178315364,0.6280873353028549,0.991870952886966,0.670302613468255,0.8536737987792594,0.25501826862885046,0.5896715889556234,0.2204724409448819
2024-08-29T09:54:04.845824,interface,0.2114506178315364,0.6280873353028549,0.991870952886966,0.670302613468255,0.8536737987792594,0.25501826862885046,0.5896715889556234,0.2283464566929134
2024-08-29T09:54:04.869624,interface,0.2114506178315364,0.6280873353028549,0.991870952886966,0.670302613468255,0.8536737987792594,0.25501826862885046,0.5896715889556234,0.23622047244094488
2024-08-29T09:54:04.901880,interface,0.2114506178315364,0.6280873353028549,0.991870952886966,0.670302613468255,0.8536737987792594,0.25501826862885046,0.5896715889556234,0.2440944881889764
2024-08-29T09:59:05.705199,interface,0.25984251968503935,0.6280873353028549,0.991870952886966,0.670302613468255,0.8536737987792594,0.25501826862885046,0.5896715889556234,0.2440944881889764
2024-08-29T09:59:05.763240,interface,0.2755905511811024,0.6280873353028549,0.991870952886966,0.670302613468255,0.8536737987792594,0.25501826862885046,0.5896715889556234,0.2440944881889764
2024-08-29T09:59:05.795103,interface,0.28346456692913385,0.6280873353028549,0.991870952886966,0.670302613468255,0.8536737987792594,0.25501826862885046,0.5896715889556234,0.2440944881889764
2024-08-29T09:59:05.822784,interface,0.2992125984251969,0.6280873353028549,0.991870952886966,0.670302613468255,0.8536737987792594,0.25501826862885046,0.5896715889556234,0.2440944881889764
2024-08-29T09:59:05.848592,interface,0.31496062992125984,0.6280873353028549,0.991870952886966,0.670302613468255,0.8536737987792594,0.25501826862885046,0.5896715889556234,0.2440944881889764
2024-08-29T09:59:05.871545,interface,0.3228346456692913,0.6280873353028549,0.991870952886966,0.670302613468255,0.8536737987792594,0.25501826862885046,0.5896715889556234,0.2440944881889764
2024-08-29T09:59:05.892572,interface,0.33858267716535434,0.6280873353028549,0.991870952886966,0.670302613468255,0.8536737987792594,0.25501826862885046,0.5896715889556234,0.2440944881889764
2024-08-29T09:59:05.918615,interface,0.3543307086614173,0.6280873353028549,0.991870952886966,0.670302613468255,0.8536737987792594,0.25501826862885046,0.5896715889556234,0.2440944881889764
2024-08-29T09:59:05.944706,interface,0.3700787401574803,0.6280873353028549,0.991870952886966,0.670302613468255,0.8536737987792594,0.25501826862885046,0.5896715889556234,0.2440944881889764
2024-08-29T09:59:07.137087,interface,0.2440944881889764,0.6280873353028549,0.991870952886966,0.670302613468255,0.8536737987792594,0.25501826862885046,0.5896715889556234,0.2440944881889764
2024-08-29T09:59:07.171074,interface,0.2677165354330709,0.6280873353028549,0.991870952886966,0.670302613468255,0.8536737987792594,0.25501826862885046,0.5896715889556234,0.2440944881889764
2024-08-29T09:59:07.188277,interface,0.28346456692913385,0.6280873353028549,0.991870952886966,0.670302613468255,0.8536737987792594,0.25501826862885046,0.5896715889556234,0.2440944881889764
2024-08-29T09:59:07.217691,interface,0.25984251968503935,0.6280873353028549,0.991870952886966,0.670302613468255,0.8536737987792594,0.25501826862885046,0.5896715889556234,0.2440944881889764
2024-08-29T09:59:08.408190,interface,0.2755905511811024,0.6280873353028549,0.991870952886966,0.670302613468255,0.8536737987792594,0.25501826862885046,0.5896715889556234,0.2440944881889764
2024-08-29T09:59:08.409429,interface,0.25984251968503935,0.6280873353028549,0.991870952886966,0.670302613468255,0.8536737987792594,0.25501826862885046,0.5896715889556234,0.2440944881889764
2024-08-29T09:59:08.797691,interface,0.2755905511811024,0.6280873353028549,0.991870952886966,0.670302613468255,0.8536737987792594,0.25501826862885046,0.5896715889556234,0.2440944881889764
2024-08-29T09:59:09.003328,interface,0.2755905511811024,0.6280873353028549,0.991870952886966,0.670302613468255,0.8536737987792594,0.25501826862885046,0.5896715889556234,0.007874015748031496
2024-08-29T09:59:09.004755,interface,0.2755905511811024,0.6280873353028549,0.991870952886966,0.670302613468255,0.8536737987792594,0.25501826862885046,0.5896715889556234,0.015748031496062992
2024-08-29T09:59:09.008414,interface,0.2755905511811024,0.6280873353028549,0.991870952886966,0.670302613468255,0.8536737987792594,0.25501826862885046,0.5896715889556234,0.023622047244094488
2024-08-29T09:59:09.013831,interface,0.2755905511811024,0.6280873353028549,0.991870952886966,0.670302613468255,0.8536737987792594,0.25501826862885046,0.5896715889556234,0.031496062992125984
2024-08-29T09:59:09.028534,interface,0.2755905511811024,0.6280873353028549,0.991870952886966,0.670302613468255,0.8536737987792594,0.25501826862885046,0.5896715889556234,0.03937007874015748
2024-08-29T09:59:09.029940,interface,0.2755905511811024,0.6280873353028549,0.991870952886966,0.670302613468255,0.8536737987792594,0.25501826862885046,0.5896715889556234,0.047244094488188976
2024-08-29T09:59:09.031492,interface,0.2755905511811024,0.6280873353028549,0.991870952886966,0.670302613468255,0.8536737987792594,0.25501826862885046,0.5896715889556234,0.05511811023622047
2024-08-29T09:59:09.032655,interface,0.2755905511811024,0.6280873353028549,0.991870952886966,0.670302613468255,0.8536737987792594,0.25501826862885046,0.5896715889556234,0.06299212598425197
2024-08-29T09:59:09.038040,interface,0.2755905511811024,0.6280873353028549,0.991870952886966,0.670302613468255,0.8536737987792594,0.25501826862885046,0.5896715889556234,0.07086614173228346
2024-08-29T09:59:09.041496,interface,0.2755905511811024,0.6280873353028549,0.991870952886966,0.670302613468255,0.8536737987792594,0.25501826862885046,0.5896715889556234,0.07874015748031496
2024-08-29T09:59:09.048522,interface,0.2755905511811024,0.6280873353028549,0.991870952886966,0.670302613468255,0.8536737987792594,0.25501826862885046,0.5896715889556234,0.09448818897637795
2024-08-29T09:59:09.061361,interface,0.2755905511811024,0.6280873353028549,0.991870952886966,0.670302613468255,0.8536737987792594,0.25501826862885046,0.5896715889556234,0.11023622047244094
2024-08-29T09:59:09.062490,interface,0.2755905511811024,0.6280873353028549,0.991870952886966,0.670302613468255,0.8536737987792594,0.25501826862885046,0.5896715889556234,0.11811023622047244
2024-08-29T09:59:09.065662,interface,0.2755905511811024,0.6280873353028549,0.991870952886966,0.670302613468255,0.8536737987792594,0.25501826862885046,0.5896715889556234,0.12598425196850394
2024-08-29T09:59:09.069050,interface,0.2755905511811024,0.6280873353028549,0.991870952886966,0.670302613468255,0.8536737987792594,0.25501826862885046,0.5896715889556234,0.13385826771653545
2024-08-29T09:59:09.074225,interface,0.2755905511811024,0.6280873353028549,0.991870952886966,0.670302613468255,0.8536737987792594,0.25501826862885046,0.5896715889556234,0.14173228346456693
2024-08-29T09:59:09.077446,interface,0.2755905511811024,0.6280873353028549,0.991870952886966,0.670302613468255,0.8536737987792594,0.25501826862885046,0.5896715889556234,0.14960629921259844
2024-08-29T09:59:09.080777,interface,0.2755905511811024,0.6280873353028549,0.991870952886966,0.670302613468255,0.8536737987792594,0.25501826862885046,0.5896715889556234,0.16535433070866143
2024-08-29T09:59:09.089379,interface,0.2755905511811024,0.6280873353028549,0.991870952886966,0.670302613468255,0.8536737987792594,0.25501826862885046,0.5896715889556234,0.1732283464566929
2024-08-29T09:59:09.090508,interface,0.2755905511811024,0.6280873353028549,0.991870952886966,0.670302613468255,0.8536737987792594,0.25501826862885046,0.5896715889556234,0.18110236220472442
2024-08-29T09:59:09.093678,interface,0.2755905511811024,0.6280873353028549,0.991870952886966,0.670302613468255,0.8536737987792594,0.25501826862885046,0.5896715889556234,0.1968503937007874
2024-08-29T09:59:09.097066,interface,0.2755905511811024,0.6280873353028549,0.991870952886966,0.670302613468255,0.8536737987792594,0.25501826862885046,0.5896715889556234,0.2047244094488189
2024-08-29T09:59:09.102222,interface,0.2755905511811024,0.6280873353028549,0.991870952886966,0.670302613468255,0.8536737987792594,0.25501826862885046,0.5896715889556234,0.2125984251968504
2024-08-29T09:59:09.105474,interface,0.2755905511811024,0.6280873353028549,0.991870952886966,0.670302613468255,0.8536737987792594,0.25501826862885046,0.5896715889556234,0.2283464566929134
2024-08-29T09:59:09.108793,interface,0.2755905511811024,0.6280873353028549,0.991870952886966,0.670302613468255,0.8536737987792594,0.25501826862885046,0.5896715889556234,0.23622047244094488
2024-08-29T09:59:09.117512,interface,0.2755905511811024,0.6280873353028549,0.991870952886966,0.670302613468255,0.8536737987792594,0.25501826862885046,0.5896715889556234,0.2440944881889764
2024-08-29T09:59:09.118648,interface,0.2755905511811024,0.6280873353028549,0.991870952886966,0.670302613468255,0.8536737987792594,0.25501826862885046,0.5896715889556234,0.25984251968503935
2024-08-29T09:59:09.121830,interface,0.2755905511811024,0.6280873353028549,0.991870952886966,0.670302613468255,0.8536737987792594,0.25501826862885046,0.5896715889556234,0.2677165354330709
2024-08-29T09:59:09.125233,interface,0.2755905511811024,0.6280873353028549,0.991870952886966,0.670302613468255,0.8536737987792594,0.25501826862885046,0.5896715889556234,0.28346456692913385
2024-08-29T09:59:09.130368,interface,0.2755905511811024,0.6280873353028549,0.991870952886966,0.670302613468255,0.8536737987792594,0.25501826862885046,0.5896715889556234,0.29133858267716534
2024-08-29T09:59:09.133613,interface,0.2755905511811024,0.6280873353028549,0.991870952886966,0.670302613468255,0.8536737987792594,0.25501826862885046,0.5896715889556234,0.30708661417322836
2024-08-29T09:59:09.136969,interface,0.2755905511811024,0.6280873353028549,0.991870952886966,0.670302613468255,0.8536737987792594,0.25501826862885046,0.5896715889556234,0.31496062992125984
2024-08-29T09:59:09.145566,interface,0.2755905511811024,0.6280873353028549,0.991870952886966,0.670302613468255,0.8536737987792594,0.25501826862885046,0.5896715889556234,0.33070866141732286
2024-08-29T09:59:09.146692,interface,0.2755905511811024,0.6280873353028549,0.991870952886966,0.670302613468255,0.8536737987792594,0.25501826862885046,0.5896715889556234,0.33858267716535434
2024-08-29T09:59:09.149847,interface,0.2755905511811024,0.6280873353028549,0.991870952886966,0.670302613468255,0.8536737987792594,0.25501826862885046,0.5896715889556234,0.3543307086614173
2024-08-29T09:59:09.153234,interface,0.2755905511811024,0.6280873353028549,0.991870952886966,0.670302613468255,0.8536737987792594,0.25501826862885046,0.5896715889556234,0.3700787401574803
2024-08-29T09:59:09.158385,interface,0.2755905511811024,0.6280873353028549,0.991870952886966,0.670302613468255,0.8536737987792594,0.25501826862885046,0.5896715889556234,0.3779527559055118
2024-08-29T09:59:09.161614,interface,0.2755905511811024,0.6280873353028549,0.991870952886966,0.670302613468255,0.8536737987792594,0.25501826862885046,0.5896715889556234,0.3937007874015748
2024-08-29T09:59:09.164964,interface,0.2755905511811024,0.6280873353028549,0.991870952886966,0.670302613468255,0.8536737987792594,0.25501826862885046,0.5896715889556234,0.4015748031496063
2024-08-29T09:59:09.173639,interface,0.2755905511811024,0.6280873353028549,0.991870952886966,0.670302613468255,0.8536737987792594,0.25501826862885046,0.5896715889556234,0.4094488188976378
2024-08-29T09:59:09.174775,interface,0.2755905511811024,0.6280873353028549,0.991870952886966,0.670302613468255,0.8536737987792594,0.25501826862885046,0.5896715889556234,0.4251968503937008
2024-08-29T09:59:09.177926,interface,0.2755905511811024,0.6280873353028549,0.991870952886966,0.670302613468255,0.8536737987792594,0.25501826862885046,0.5896715889556234,0.4330708661417323
2024-08-29T09:59:09.181330,interface,0.2755905511811024,0.6280873353028549,0.991870952886966,0.670302613468255,0.8536737987792594,0.25501826862885046,0.5896715889556234,0.44881889763779526
2024-08-29T09:59:09.186488,interface,0.2755905511811024,0.6280873353028549,0.991870952886966,0.670302613468255,0.8536737987792594,0.25501826862885046,0.5896715889556234,0.4566929133858268
2024-08-29T09:59:09.189706,interface,0.2755905511811024,0.6280873353028549,0.991870952886966,0.670302613468255,0.8536737987792594,0.25501826862885046,0.5896715889556234,0.4645669291338583
2024-08-29T09:59:09.193054,interface,0.2755905511811024,0.6280873353028549,0.991870952886966,0.670302613468255,0.8536737987792594,0.25501826862885046,0.5896715889556234,0.48031496062992124
2024-08-29T09:59:09.201731,interface,0.2755905511811024,0.6280873353028549,0.991870952886966,0.670302613468255,0.8536737987792594,0.25501826862885046,0.5896715889556234,0.4881889763779528
2024-08-29T09:59:09.202859,interface,0.2755905511811024,0.6280873353028549,0.991870952886966,0.670302613468255,0.8536737987792594,0.25501826862885046,0.5896715889556234,0.5039370078740157
2024-08-29T09:59:09.206023,interface,0.2755905511811024,0.6280873353028549,0.991870952886966,0.670302613468255,0.8536737987792594,0.25501826862885046,0.5896715889556234,0.5118110236220472
2024-08-29T09:59:09.209465,interface,0.2755905511811024,0.6280873353028549,0.991870952886966,0.670302613468255,0.8536737987792594,0.25501826862885046,0.5896715889556234,0.5196850393700787
2024-08-29T09:59:09.214621,interface,0.2755905511811024,0.6280873353028549,0.991870952886966,0.670302613468255,0.8536737987792594,0.25501826862885046,0.5896715889556234,0.5354330708661418
2024-08-29T09:59:09.217849,interface,0.2755905511811024,0.6280873353028549,0.991870952886966,0.670302613468255,0.8536737987792594,0.25501826862885046,0.5896715889556234,0.5433070866141733
2024-08-29T09:59:09.221277,interface,0.2755905511811024,0.6280873353028549,0.991870952886966,0.670302613468255,0.8536737987792594,0.25501826862885046,0.5896715889556234,0.5511811023622047
2024-08-29T09:59:09.229801,interface,0.2755905511811024,0.6280873353028549,0.991870952886966,0.670302613468255,0.8536737987792594,0.25501826862885046,0.5896715889556234,0.5669291338582677
2024-08-29T09:59:09.230931,interface,0.2755905511811024,0.6280873353028549,0.991870952886966,0.670302613468255,0.8536737987792594,0.25501826862885046,0.5896715889556234,0.5748031496062992
2024-08-29T09:59:09.234075,interface,0.2755905511811024,0.6280873353028549,0.991870952886966,0.670302613468255,0.8536737987792594,0.25501826862885046,0.5896715889556234,0.5826771653543307
2024-08-29T09:59:09.237455,interface,0.2755905511811024,0.6280873353028549,0.991870952886966,0.670302613468255,0.8536737987792594,0.25501826862885046,0.5896715889556234,0.5905511811023622
2024-08-29T09:59:09.248407,interface,0.2755905511811024,0.6280873353028549,0.991870952886966,0.670302613468255,0.8536737987792594,0.25501826862885046,0.5896715889556234,0.6062992125984252
2024-08-29T09:59:09.249640,interface,0.2755905511811024,0.6280873353028549,0.991870952886966,0.670302613468255,0.8536737987792594,0.25501826862885046,0.5896715889556234,0.6141732283464567
2024-08-29T09:59:09.250637,interface,0.2755905511811024,0.6280873353028549,0.991870952886966,0.670302613468255,0.8536737987792594,0.25501826862885046,0.5896715889556234,0.6220472440944882
2024-08-29T09:59:09.253811,interface,0.2755905511811024,0.6280873353028549,0.991870952886966,0.670302613468255,0.8536737987792594,0.25501826862885046,0.5896715889556234,0.6299212598425197
2024-08-29T09:59:09.257183,interface,0.2755905511811024,0.6280873353028549,0.991870952886966,0.670302613468255,0.8536737987792594,0.25501826862885046,0.5896715889556234,0.6456692913385826
2024-08-29T09:59:09.262329,interface,0.2755905511811024,0.6280873353028549,0.991870952886966,0.670302613468255,0.8536737987792594,0.25501826862885046,0.5896715889556234,0.6535433070866141
2024-08-29T09:59:09.265705,interface,0.2755905511811024,0.6280873353028549,0.991870952886966,0.670302613468255,0.8536737987792594,0.25501826862885046,0.5896715889556234,0.6614173228346457
2024-08-29T09:59:09.270798,interface,0.2755905511811024,0.6280873353028549,0.991870952886966,0.670302613468255,0.8536737987792594,0.25501826862885046,0.5896715889556234,0.6692913385826772
2024-08-29T09:59:09.274044,interface,0.2755905511811024,0.6280873353028549,0.991870952886966,0.670302613468255,0.8536737987792594,0.25501826862885046,0.5896715889556234,0.6771653543307087
2024-08-29T09:59:09.277424,interface,0.2755905511811024,0.6280873353028549,0.991870952886966,0.670302613468255,0.8536737987792594,0.25501826862885046,0.5896715889556234,0.6850393700787402
2024-08-29T09:59:09.287951,interface,0.2755905511811024,0.6280873353028549,0.991870952886966,0.670302613468255,0.8536737987792594,0.25501826862885046,0.5896715889556234,0.6929133858267716
2024-08-29T09:59:09.289178,interface,0.2755905511811024,0.6280873353028549,0.991870952886966,0.670302613468255,0.8536737987792594,0.25501826862885046,0.5896715889556234,0.7007874015748031
2024-08-29T09:59:09.290212,interface,0.2755905511811024,0.6280873353028549,0.991870952886966,0.670302613468255,0.8536737987792594,0.25501826862885046,0.5896715889556234,0.7086614173228346
2024-08-29T09:59:09.297273,interface,0.2755905511811024,0.6280873353028549,0.991870952886966,0.670302613468255,0.8536737987792594,0.25501826862885046,0.5896715889556234,0.7165354330708661
2024-08-29T09:59:09.298411,interface,0.2755905511811024,0.6280873353028549,0.991870952886966,0.670302613468255,0.8536737987792594,0.25501826862885046,0.5896715889556234,0.7244094488188977
2024-08-29T09:59:09.301787,interface,0.2755905511811024,0.6280873353028549,0.991870952886966,0.670302613468255,0.8536737987792594,0.25501826862885046,0.5896715889556234,0.7322834645669292
2024-08-29T09:59:09.305185,interface,0.2755905511811024,0.6280873353028549,0.991870952886966,0.670302613468255,0.8536737987792594,0.25501826862885046,0.5896715889556234,0.7401574803149606
2024-08-29T09:59:09.318012,interface,0.2755905511811024,0.6280873353028549,0.991870952886966,0.670302613468255,0.8536737987792594,0.25501826862885046,0.5896715889556234,0.7480314960629921
2024-08-29T09:59:09.319172,interface,0.2755905511811024,0.6280873353028549,0.991870952886966,0.670302613468255,0.8536737987792594,0.25501826862885046,0.5896715889556234,0.7559055118110236
2024-08-29T09:59:09.329868,interface,0.2755905511811024,0.6280873353028549,0.991870952886966,0.670302613468255,0.8536737987792594,0.25501826862885046,0.5896715889556234,0.7637795275590551
2024-08-29T09:59:09.340930,interface,0.2755905511811024,0.6280873353028549,0.991870952886966,0.670302613468255,0.8536737987792594,0.25501826862885046,0.5896715889556234,0.7716535433070866
2024-08-29T09:59:09.349987,interface,0.2755905511811024,0.6280873353028549,0.991870952886966,0.670302613468255,0.8536737987792594,0.25501826862885046,0.5896715889556234,0.7795275590551181
2024-08-29T09:59:09.361991,interface,0.2755905511811024,0.6280873353028549,0.991870952886966,0.670302613468255,0.8536737987792594,0.25501826862885046,0.5896715889556234,0.7874015748031497
2024-08-29T09:59:09.394143,interface,0.2755905511811024,0.6280873353028549,0.991870952886966,0.670302613468255,0.8536737987792594,0.25501826862885046,0.5896715889556234,0.7952755905511811
2024-08-29T09:59:09.617688,interface,0.2755905511811024,0.6280873353028549,0.991870952886966,0.670302613468255,0.8536737987792594,0.25501826862885046,0.5896715889556234,0.7952755905511811
2024-08-29T09:59:09.891315,interface,0.2755905511811024,0.6280873353028549,0.991870952886966,0.670302613468255,0.8536737987792594,0.25501826862885046,0.5896715889556234,0.7952755905511811
2024-08-29T09:59:10.108600,interface,0.2755905511811024,0.6280873353028549,0.991870952886966,0.670302613468255,0.8536737987792594,0.25501826862885046,0.5896715889556234,0.7952755905511811
2024-08-29T09:59:12.852635,interface,0.25196850393700787,0.6280873353028549,0.991870952886966,0.670302613468255,0.8536737987792594,0.25501826862885046,0.5896715889556234,0.7952755905511811
2024-08-29T09:59:12.923529,interface,0.2677165354330709,0.6280873353028549,0.991870952886966,0.670302613468255,0.8536737987792594,0.25501826862885046,0.5896715889556234,0.7952755905511811
2024-08-29T09:59:12.937884,interface,0.33858267716535434,0.6280873353028549,0.991870952886966,0.670302613468255,0.8536737987792594,0.25501826862885046,0.5896715889556234,0.7952755905511811
2024-08-29T09:59:12.964654,interface,0.2992125984251969,0.6280873353028549,0.991870952886966,0.670302613468255,0.8536737987792594,0.25501826862885046,0.5896715889556234,0.7952755905511811
2024-08-29T09:59:13.042491,interface,0.25196850393700787,0.6280873353028549,0.991870952886966,0.670302613468255,0.8536737987792594,0.25501826862885046,0.5896715889556234,0.7952755905511811
2024-08-29T09:59:13.043683,interface,0.33858267716535434,0.6280873353028549,0.991870952886966,0.670302613468255,0.8536737987792594,0.25501826862885046,0.5896715889556234,0.7952755905511811
2024-08-29T09:59:13.048884,interface,0.23622047244094488,0.6280873353028549,0.991870952886966,0.670302613468255,0.8536737987792594,0.25501826862885046,0.5896715889556234,0.7952755905511811
2024-08-29T09:59:13.103475,interface,0.2677165354330709,0.6280873353028549,0.991870952886966,0.670302613468255,0.8536737987792594,0.25501826862885046,0.5896715889556234,0.7952755905511811
2024-08-29T09:59:13.105127,interface,0.2992125984251969,0.6280873353028549,0.991870952886966,0.670302613468255,0.8536737987792594,0.25501826862885046,0.5896715889556234,0.7952755905511811
2024-08-29T10:10:09.677682,interface,0.25984251968503935,0.6280873353028549,0.991870952886966,0.670302613468255,0.8536737987792594,0.25501826862885046,0.5896715889556234,0.7952755905511811
2024-08-29T10:10:09.744609,interface,0.3228346456692913,0.6280873353028549,0.991870952886966,0.670302613468255,0.8536737987792594,0.25501826862885046,0.5896715889556234,0.7952755905511811
2024-08-29T10:10:09.777884,interface,0.31496062992125984,0.6280873353028549,0.991870952886966,0.670302613468255,0.8536737987792594,0.25501826862885046,0.5896715889556234,0.7952755905511811
2024-08-29T10:10:09.796506,interface,0.2992125984251969,0.6280873353028549,0.991870952886966,0.670302613468255,0.8536737987792594,0.25501826862885046,0.5896715889556234,0.7952755905511811
2024-08-29T10:10:09.893913,interface,0.28346456692913385,0.6280873353028549,0.991870952886966,0.670302613468255,0.8536737987792594,0.25501826862885046,0.5896715889556234,0.7952755905511811
2024-08-29T10:10:09.948947,interface,0.2440944881889764,0.6280873353028549,0.991870952886966,0.670302613468255,0.8536737987792594,0.25501826862885046,0.5896715889556234,0.7952755905511811
2024-08-29T10:10:10.031019,interface,0.31496062992125984,0.6280873353028549,0.991870952886966,0.670302613468255,0.8536737987792594,0.25501826862885046,0.5896715889556234,0.7952755905511811
2024-08-29T10:10:10.032215,interface,0.30708661417322836,0.6280873353028549,0.991870952886966,0.670302613468255,0.8536737987792594,0.25501826862885046,0.5896715889556234,0.7952755905511811
2024-08-29T10:10:10.037401,interface,0.29133858267716534,0.6280873353028549,0.991870952886966,0.670302613468255,0.8536737987792594,0.25501826862885046,0.5896715889556234,0.7952755905511811
2024-08-29T10:10:10.074881,interface,0.2992125984251969,0.6280873353028549,0.991870952886966,0.670302613468255,0.8536737987792594,0.25501826862885046,0.5896715889556234,0.7952755905511811
2024-08-29T10:10:10.097194,interface,0.28346456692913385,0.6280873353028549,0.991870952886966,0.670302613468255,0.8536737987792594,0.25501826862885046,0.5896715889556234,0.7952755905511811
2024-08-29T10:10:10.141048,interface,0.2440944881889764,0.6280873353028549,0.991870952886966,0.670302613468255,0.8536737987792594,0.25501826862885046,0.5896715889556234,0.7952755905511811
2024-08-29T10:10:11.571785,interface,0.2440944881889764,0.6280873353028549,0.991870952886966,0.670302613468255,0.8536737987792594,0.25501826862885046,0.5896715889556234,0.8031496062992126
2024-08-29T10:10:11.583938,interface,0.2440944881889764,0.6280873353028549,0.991870952886966,0.670302613468255,0.8536737987792594,0.25501826862885046,0.5896715889556234,0.8110236220472441
2024-08-29T10:10:11.587295,interface,0.2440944881889764,0.6280873353028549,0.991870952886966,0.670302613468255,0.8536737987792594,0.25501826862885046,0.5896715889556234,0.8188976377952756
2024-08-29T10:10:11.599909,interface,0.2440944881889764,0.6280873353028549,0.991870952886966,0.670302613468255,0.8536737987792594,0.25501826862885046,0.5896715889556234,0.8267716535433071
2024-08-29T10:10:11.603302,interface,0.2440944881889764,0.6280873353028549,0.991870952886966,0.670302613468255,0.8536737987792594,0.25501826862885046,0.5896715889556234,0.8346456692913385
2024-08-29T10:10:11.612089,interface,0.2440944881889764,0.6280873353028549,0.991870952886966,0.670302613468255,0.8536737987792594,0.25501826862885046,0.5896715889556234,0.84251968503937
2024-08-29T10:10:11.613225,interface,0.2440944881889764,0.6280873353028549,0.991870952886966,0.670302613468255,0.8536737987792594,0.25501826862885046,0.5896715889556234,0.8503937007874016
2024-08-29T10:10:11.616398,interface,0.2440944881889764,0.6280873353028549,0.991870952886966,0.670302613468255,0.8536737987792594,0.25501826862885046,0.5896715889556234,0.8582677165354331
2024-08-29T10:10:11.619780,interface,0.2440944881889764,0.6280873353028549,0.991870952886966,0.670302613468255,0.8536737987792594,0.25501826862885046,0.5896715889556234,0.8661417322834646
2024-08-29T10:10:11.624944,interface,0.2440944881889764,0.6280873353028549,0.991870952886966,0.670302613468255,0.8536737987792594,0.25501826862885046,0.5896715889556234,0.8740157480314961
2024-08-29T10:10:11.628184,interface,0.2440944881889764,0.6280873353028549,0.991870952886966,0.670302613468255,0.8536737987792594,0.25501826862885046,0.5896715889556234,0.8818897637795275
2024-08-29T10:10:11.631541,interface,0.2440944881889764,0.6280873353028549,0.991870952886966,0.670302613468255,0.8536737987792594,0.25501826862885046,0.5896715889556234,0.889763779527559
2024-08-29T10:10:11.640162,interface,0.2440944881889764,0.6280873353028549,0.991870952886966,0.670302613468255,0.8536737987792594,0.25501826862885046,0.5896715889556234,0.8976377952755905
2024-08-29T10:10:11.641288,interface,0.2440944881889764,0.6280873353028549,0.991870952886966,0.670302613468255,0.8536737987792594,0.25501826862885046,0.5896715889556234,0.905511811023622
2024-08-29T10:10:11.644462,interface,0.2440944881889764,0.6280873353028549,0.991870952886966,0.670302613468255,0.8536737987792594,0.25501826862885046,0.5896715889556234,0.9133858267716536
2024-08-29T10:10:11.647833,interface,0.2440944881889764,0.6280873353028549,0.991870952886966,0.670302613468255,0.8536737987792594,0.25501826862885046,0.5896715889556234,0.9212598425196851
2024-08-29T10:10:11.652972,interface,0.2440944881889764,0.6280873353028549,0.991870952886966,0.670302613468255,0.8536737987792594,0.25501826862885046,0.5896715889556234,0.9291338582677166
2024-08-29T10:10:11.656188,interface,0.2440944881889764,0.6280873353028549,0.991870952886966,0.670302613468255,0.8536737987792594,0.25501826862885046,0.5896715889556234,0.937007874015748
2024-08-29T10:10:11.659515,interface,0.2440944881889764,0.6280873353028549,0.991870952886966,0.670302613468255,0.8536737987792594,0.25501826862885046,0.5896715889556234,0.9448818897637795
2024-08-29T10:10:11.668163,interface,0.2440944881889764,0.6280873353028549,0.991870952886966,0.670302613468255,0.8536737987792594,0.25501826862885046,0.5896715889556234,0.952755905511811
2024-08-29T10:10:11.671503,interface,0.2440944881889764,0.6280873353028549,0.991870952886966,0.670302613468255,0.8536737987792594,0.25501826862885046,0.5896715889556234,0.9606299212598425
2024-08-29T10:10:11.680168,interface,0.2440944881889764,0.6280873353028549,0.991870952886966,0.670302613468255,0.8536737987792594,0.25501826862885046,0.5896715889556234,0.968503937007874
2024-08-29T10:10:11.692173,interface,0.2440944881889764,0.6280873353028549,0.991870952886966,0.670302613468255,0.8536737987792594,0.25501826862885046,0.5896715889556234,0.9606299212598425
2024-08-29T10:10:11.695555,interface,0.2440944881889764,0.6280873353028549,0.991870952886966,0.670302613468255,0.8536737987792594,0.25501826862885046,0.5896715889556234,0.952755905511811
2024-08-29T10:10:11.704326,interface,0.2440944881889764,0.6280873353028549,0.991870952886966,0.670302613468255,0.8536737987792594,0.25501826862885046,0.5896715889556234,0.9448818897637795
2024-08-29T10:10:11.705755,interface,0.2440944881889764,0.6280873353028549,0.991870952886966,0.670302613468255,0.8536737987792594,0.25501826862885046,0.5896715889556234,0.937007874015748
2024-08-29T10:10:11.709231,interface,0.2440944881889764,0.6280873353028549,0.991870952886966,0.670302613468255,0.8536737987792594,0.25501826862885046,0.5896715889556234,0.9291338582677166
2024-08-29T10:10:11.712796,interface,0.2440944881889764,0.6280873353028549,0.991870952886966,0.670302613468255,0.8536737987792594,0.25501826862885046,0.5896715889556234,0.9133858267716536
2024-08-29T10:10:11.716416,interface,0.2440944881889764,0.6280873353028549,0.991870952886966,0.670302613468255,0.8536737987792594,0.25501826862885046,0.5896715889556234,0.8976377952755905
2024-08-29T10:10:11.720087,interface,0.2440944881889764,0.6280873353028549,0.991870952886966,0.670302613468255,0.8536737987792594,0.25501826862885046,0.5896715889556234,0.889763779527559
2024-08-29T10:10:11.725536,interface,0.2440944881889764,0.6280873353028549,0.991870952886966,0.670302613468255,0.8536737987792594,0.25501826862885046,0.5896715889556234,0.8740157480314961
2024-08-29T10:10:11.728786,interface,0.2440944881889764,0.6280873353028549,0.991870952886966,0.670302613468255,0.8536737987792594,0.25501826862885046,0.5896715889556234,0.8582677165354331
2024-08-29T10:10:11.732215,interface,0.2440944881889764,0.6280873353028549,0.991870952886966,0.670302613468255,0.8536737987792594,0.25501826862885046,0.5896715889556234,0.84251968503937
2024-08-29T10:10:11.740712,interface,0.2440944881889764,0.6280873353028549,0.991870952886966,0.670302613468255,0.8536737987792594,0.25501826862885046,0.5896715889556234,0.8267716535433071
2024-08-29T10:10:11.741844,interface,0.2440944881889764,0.6280873353028549,0.991870952886966,0.670302613468255,0.8536737987792594,0.25501826862885046,0.5896715889556234,0.8188976377952756
2024-08-29T10:10:11.745022,interface,0.2440944881889764,0.6280873353028549,0.991870952886966,0.670302613468255,0.8536737987792594,0.25501826862885046,0.5896715889556234,0.8031496062992126
2024-08-29T10:10:11.748386,interface,0.2440944881889764,0.6280873353028549,0.991870952886966,0.670302613468255,0.8536737987792594,0.25501826862885046,0.5896715889556234,0.7874015748031497
2024-08-29T10:10:11.751756,interface,0.2440944881889764,0.6280873353028549,0.991870952886966,0.670302613468255,0.8536737987792594,0.25501826862885046,0.5896715889556234,0.7716535433070866
2024-08-29T10:10:11.756899,interface,0.2440944881889764,0.6280873353028549,0.991870952886966,0.670302613468255,0.8536737987792594,0.25501826862885046,0.5896715889556234,0.7637795275590551
2024-08-29T10:10:11.760354,interface,0.2440944881889764,0.6280873353028549,0.991870952886966,0.670302613468255,0.8536737987792594,0.25501826862885046,0.5896715889556234,0.7559055118110236
2024-08-29T10:10:11.763767,interface,0.2440944881889764,0.6280873353028549,0.991870952886966,0.670302613468255,0.8536737987792594,0.25501826862885046,0.5896715889556234,0.7401574803149606
2024-08-29T10:10:11.772594,interface,0.2440944881889764,0.6280873353028549,0.991870952886966,0.670302613468255,0.8536737987792594,0.25501826862885046,0.5896715889556234,0.7322834645669292
2024-08-29T10:10:11.773723,interface,0.2440944881889764,0.6280873353028549,0.991870952886966,0.670302613468255,0.8536737987792594,0.25501826862885046,0.5896715889556234,0.7244094488188977
2024-08-29T10:10:11.776898,interface,0.2440944881889764,0.6280873353028549,0.991870952886966,0.670302613468255,0.8536737987792594,0.25501826862885046,0.5896715889556234,0.7165354330708661
2024-08-29T10:10:11.788574,interface,0.2440944881889764,0.6280873353028549,0.991870952886966,0.670302613468255,0.8536737987792594,0.25501826862885046,0.5896715889556234,0.7086614173228346
2024-08-29T10:10:11.789698,interface,0.2440944881889764,0.6280873353028549,0.991870952886966,0.670302613468255,0.8536737987792594,0.25501826862885046,0.5896715889556234,0.7007874015748031
2024-08-29T10:10:11.808647,interface,0.2440944881889764,0.6280873353028549,0.991870952886966,0.670302613468255,0.8536737987792594,0.25501826862885046,0.5896715889556234,0.7086614173228346
2024-08-29T10:10:11.809781,interface,0.2440944881889764,0.6280873353028549,0.991870952886966,0.670302613468255,0.8536737987792594,0.25501826862885046,0.5896715889556234,0.7165354330708661
2024-08-29T10:10:11.812927,interface,0.2440944881889764,0.6280873353028549,0.991870952886966,0.670302613468255,0.8536737987792594,0.25501826862885046,0.5896715889556234,0.7244094488188977
2024-08-29T10:10:11.816339,interface,0.2440944881889764,0.6280873353028549,0.991870952886966,0.670302613468255,0.8536737987792594,0.25501826862885046,0.5896715889556234,0.7322834645669292
2024-08-29T10:10:11.821496,interface,0.2440944881889764,0.6280873353028549,0.991870952886966,0.670302613468255,0.8536737987792594,0.25501826862885046,0.5896715889556234,0.7401574803149606
2024-08-29T10:10:11.824724,interface,0.2440944881889764,0.6280873353028549,0.991870952886966,0.670302613468255,0.8536737987792594,0.25501826862885046,0.5896715889556234,0.7480314960629921
2024-08-29T10:10:11.828077,interface,0.2440944881889764,0.6280873353028549,0.991870952886966,0.670302613468255,0.8536737987792594,0.25501826862885046,0.5896715889556234,0.7637795275590551
2024-08-29T10:10:11.836697,interface,0.2440944881889764,0.6280873353028549,0.991870952886966,0.670302613468255,0.8536737987792594,0.25501826862885046,0.5896715889556234,0.7716535433070866
2024-08-29T10:10:11.837818,interface,0.2440944881889764,0.6280873353028549,0.991870952886966,0.670302613468255,0.8536737987792594,0.25501826862885046,0.5896715889556234,0.7874015748031497
2024-08-29T10:10:11.840994,interface,0.2440944881889764,0.6280873353028549,0.991870952886966,0.670302613468255,0.8536737987792594,0.25501826862885046,0.5896715889556234,0.7952755905511811
2024-08-29T10:10:11.844363,interface,0.2440944881889764,0.6280873353028549,0.991870952886966,0.670302613468255,0.8536737987792594,0.25501826862885046,0.5896715889556234,0.8031496062992126
2024-08-29T10:10:11.849514,interface,0.2440944881889764,0.6280873353028549,0.991870952886966,0.670302613468255,0.8536737987792594,0.25501826862885046,0.5896715889556234,0.8188976377952756
2024-08-29T10:10:11.852785,interface,0.2440944881889764,0.6280873353028549,0.991870952886966,0.670302613468255,0.8536737987792594,0.25501826862885046,0.5896715889556234,0.8267716535433071
2024-08-29T10:10:11.856158,interface,0.2440944881889764,0.6280873353028549,0.991870952886966,0.670302613468255,0.8536737987792594,0.25501826862885046,0.5896715889556234,0.8346456692913385
2024-08-29T10:10:11.864827,interface,0.2440944881889764,0.6280873353028549,0.991870952886966,0.670302613468255,0.8536737987792594,0.25501826862885046,0.5896715889556234,0.84251968503937
2024-08-29T10:10:11.865963,interface,0.2440944881889764,0.6280873353028549,0.991870952886966,0.670302613468255,0.8536737987792594,0.25501826862885046,0.5896715889556234,0.8503937007874016
2024-08-29T10:10:11.869124,interface,0.2440944881889764,0.6280873353028549,0.991870952886966,0.670302613468255,0.8536737987792594,0.25501826862885046,0.5896715889556234,0.8582677165354331
2024-08-29T10:10:11.896743,interface,0.2440944881889764,0.6280873353028549,0.991870952886966,0.670302613468255,0.8536737987792594,0.25501826862885046,0.5896715889556234,0.8503937007874016
2024-08-29T10:10:11.900183,interface,0.2440944881889764,0.6280873353028549,0.991870952886966,0.670302613468255,0.8536737987792594,0.25501826862885046,0.5896715889556234,0.84251968503937
2024-08-29T10:10:11.901321,interface,0.2440944881889764,0.6280873353028549,0.991870952886966,0.670302613468255,0.8536737987792594,0.25501826862885046,0.5896715889556234,0.8346456692913385
2024-08-29T10:10:11.904653,interface,0.2440944881889764,0.6280873353028549,0.991870952886966,0.670302613468255,0.8536737987792594,0.25501826862885046,0.5896715889556234,0.8267716535433071
2024-08-29T10:10:11.909815,interface,0.2440944881889764,0.6280873353028549,0.991870952886966,0.670302613468255,0.8536737987792594,0.25501826862885046,0.5896715889556234,0.8188976377952756
2024-08-29T10:10:11.913068,interface,0.2440944881889764,0.6280873353028549,0.991870952886966,0.670302613468255,0.8536737987792594,0.25501826862885046,0.5896715889556234,0.8110236220472441
2024-08-29T10:10:11.916473,interface,0.2440944881889764,0.6280873353028549,0.991870952886966,0.670302613468255,0.8536737987792594,0.25501826862885046,0.5896715889556234,0.7952755905511811
2024-08-29T10:10:11.919868,interface,0.2440944881889764,0.6280873353028549,0.991870952886966,0.670302613468255,0.8536737987792594,0.25501826862885046,0.5896715889556234,0.7874015748031497
2024-08-29T10:10:11.929958,interface,0.2440944881889764,0.6280873353028549,0.991870952886966,0.670302613468255,0.8536737987792594,0.25501826862885046,0.5896715889556234,0.7795275590551181
2024-08-29T10:10:11.931299,interface,0.2440944881889764,0.6280873353028549,0.991870952886966,0.670302613468255,0.8536737987792594,0.25501826862885046,0.5896715889556234,0.7637795275590551
2024-08-29T10:10:11.932410,interface,0.2440944881889764,0.6280873353028549,0.991870952886966,0.670302613468255,0.8536737987792594,0.25501826862885046,0.5896715889556234,0.7559055118110236
2024-08-29T10:10:11.939542,interface,0.2440944881889764,0.6280873353028549,0.991870952886966,0.670302613468255,0.8536737987792594,0.25501826862885046,0.5896715889556234,0.7480314960629921
2024-08-29T10:10:11.940689,interface,0.2440944881889764,0.6280873353028549,0.991870952886966,0.670302613468255,0.8536737987792594,0.25501826862885046,0.5896715889556234,0.7322834645669292
2024-08-29T10:10:11.945809,interface,0.2440944881889764,0.6280873353028549,0.991870952886966,0.670302613468255,0.8536737987792594,0.25501826862885046,0.5896715889556234,0.7244094488188977
2024-08-29T10:10:11.955898,interface,0.2440944881889764,0.6280873353028549,0.991870952886966,0.670302613468255,0.8536737987792594,0.25501826862885046,0.5896715889556234,0.7165354330708661
2024-08-29T10:10:11.957135,interface,0.2440944881889764,0.6280873353028549,0.991870952886966,0.670302613468255,0.8536737987792594,0.25501826862885046,0.5896715889556234,0.7086614173228346
2024-08-29T10:10:11.958154,interface,0.2440944881889764,0.6280873353028549,0.991870952886966,0.670302613468255,0.8536737987792594,0.25501826862885046,0.5896715889556234,0.7007874015748031
2024-08-29T10:10:11.961334,interface,0.2440944881889764,0.6280873353028549,0.991870952886966,0.670302613468255,0.8536737987792594,0.25501826862885046,0.5896715889556234,0.6929133858267716
2024-08-29T10:10:11.968350,interface,0.2440944881889764,0.6280873353028549,0.991870952886966,0.670302613468255,0.8536737987792594,0.25501826862885046,0.5896715889556234,0.6850393700787402
2024-08-29T10:10:11.989166,interface,0.2440944881889764,0.6280873353028549,0.991870952886966,0.670302613468255,0.8536737987792594,0.25501826862885046,0.5896715889556234,0.6929133858267716
2024-08-29T10:10:11.990308,interface,0.2440944881889764,0.6280873353028549,0.991870952886966,0.670302613468255,0.8536737987792594,0.25501826862885046,0.5896715889556234,0.7007874015748031
2024-08-29T10:10:11.993500,interface,0.2440944881889764,0.6280873353028549,0.991870952886966,0.670302613468255,0.8536737987792594,0.25501826862885046,0.5896715889556234,0.7086614173228346
2024-08-29T10:10:11.996873,interface,0.2440944881889764,0.6280873353028549,0.991870952886966,0.670302613468255,0.8536737987792594,0.25501826862885046,0.5896715889556234,0.7165354330708661
2024-08-29T10:10:12.002037,interface,0.2440944881889764,0.6280873353028549,0.991870952886966,0.670302613468255,0.8536737987792594,0.25501826862885046,0.5896715889556234,0.7322834645669292
2024-08-29T10:10:12.005271,interface,0.2440944881889764,0.6280873353028549,0.991870952886966,0.670302613468255,0.8536737987792594,0.25501826862885046,0.5896715889556234,0.7401574803149606
2024-08-29T10:10:12.008619,interface,0.2440944881889764,0.6280873353028549,0.991870952886966,0.670302613468255,0.8536737987792594,0.25501826862885046,0.5896715889556234,0.7559055118110236
2024-08-29T10:10:12.017232,interface,0.2440944881889764,0.6280873353028549,0.991870952886966,0.670302613468255,0.8536737987792594,0.25501826862885046,0.5896715889556234,0.7716535433070866
2024-08-29T10:10:12.018365,interface,0.2440944881889764,0.6280873353028549,0.991870952886966,0.670302613468255,0.8536737987792594,0.25501826862885046,0.5896715889556234,0.7795275590551181
2024-08-29T10:10:12.021561,interface,0.2440944881889764,0.6280873353028549,0.991870952886966,0.670302613468255,0.8536737987792594,0.25501826862885046,0.5896715889556234,0.7952755905511811
2024-08-29T10:10:12.024936,interface,0.2440944881889764,0.6280873353028549,0.991870952886966,0.670302613468255,0.8536737987792594,0.25501826862885046,0.5896715889556234,0.8110236220472441
2024-08-29T10:10:12.035796,interface,0.2440944881889764,0.6280873353028549,0.991870952886966,0.670302613468255,0.8536737987792594,0.25501826862885046,0.5896715889556234,0.8188976377952756
2024-08-29T10:10:12.037025,interface,0.2440944881889764,0.6280873353028549,0.991870952886966,0.670302613468255,0.8536737987792594,0.25501826862885046,0.5896715889556234,0.8346456692913385
2024-08-29T10:10:12.038032,interface,0.2440944881889764,0.6280873353028549,0.991870952886966,0.670302613468255,0.8536737987792594,0.25501826862885046,0.5896715889556234,0.84251968503937
2024-08-29T10:10:12.041234,interface,0.2440944881889764,0.6280873353028549,0.991870952886966,0.670302613468255,0.8536737987792594,0.25501826862885046,0.5896715889556234,0.8582677165354331
2024-08-29T10:10:12.044597,interface,0.2440944881889764,0.6280873353028549,0.991870952886966,0.670302613468255,0.8536737987792594,0.25501826862885046,0.5896715889556234,0.8661417322834646
2024-08-29T10:10:12.057376,interface,0.2440944881889764,0.6280873353028549,0.991870952886966,0.670302613468255,0.8536737987792594,0.25501826862885046,0.5896715889556234,0.8740157480314961
2024-08-29T10:10:12.058520,interface,0.2440944881889764,0.6280873353028549,0.991870952886966,0.670302613468255,0.8536737987792594,0.25501826862885046,0.5896715889556234,0.8818897637795275
2024-08-29T10:10:12.077295,interface,0.2440944881889764,0.6280873353028549,0.991870952886966,0.670302613468255,0.8536737987792594,0.25501826862885046,0.5896715889556234,0.8740157480314961
2024-08-29T10:10:12.088443,interface,0.2440944881889764,0.6280873353028549,0.991870952886966,0.670302613468255,0.8536737987792594,0.25501826862885046,0.5896715889556234,0.8661417322834646
2024-08-29T10:10:12.089681,interface,0.2440944881889764,0.6280873353028549,0.991870952886966,0.670302613468255,0.8536737987792594,0.25501826862885046,0.5896715889556234,0.8582677165354331
2024-08-29T10:10:12.090696,interface,0.2440944881889764,0.6280873353028549,0.991870952886966,0.670302613468255,0.8536737987792594,0.25501826862885046,0.5896715889556234,0.8503937007874016
2024-08-29T10:10:12.093835,interface,0.2440944881889764,0.6280873353028549,0.991870952886966,0.670302613468255,0.8536737987792594,0.25501826862885046,0.5896715889556234,0.84251968503937
2024-08-29T10:10:12.097203,interface,0.2440944881889764,0.6280873353028549,0.991870952886966,0.670302613468255,0.8536737987792594,0.25501826862885046,0.5896715889556234,0.8346456692913385
2024-08-29T10:10:12.102379,interface,0.2440944881889764,0.6280873353028549,0.991870952886966,0.670302613468255,0.8536737987792594,0.25501826862885046,0.5896715889556234,0.8267716535433071
2024-08-29T10:10:12.105619,interface,0.2440944881889764,0.6280873353028549,0.991870952886966,0.670302613468255,0.8536737987792594,0.25501826862885046,0.5896715889556234,0.8188976377952756
2024-08-29T10:10:12.110823,interface,0.2440944881889764,0.6280873353028549,0.991870952886966,0.670302613468255,0.8536737987792594,0.25501826862885046,0.5896715889556234,0.8110236220472441
2024-08-29T10:10:12.114061,interface,0.2440944881889764,0.6280873353028549,0.991870952886966,0.670302613468255,0.8536737987792594,0.25501826862885046,0.5896715889556234,0.8031496062992126
2024-08-29T10:10:12.128036,interface,0.2440944881889764,0.6280873353028549,0.991870952886966,0.670302613468255,0.8536737987792594,0.25501826862885046,0.5896715889556234,0.7952755905511811
2024-08-29T10:10:12.129176,interface,0.2440944881889764,0.6280873353028549,0.991870952886966,0.670302613468255,0.8536737987792594,0.25501826862885046,0.5896715889556234,0.7874015748031497
2024-08-29T10:10:12.141467,interface,0.2440944881889764,0.6280873353028549,0.991870952886966,0.670302613468255,0.8536737987792594,0.25501826862885046,0.5896715889556234,0.7795275590551181
2024-08-29T10:10:12.157492,interface,0.2440944881889764,0.6280873353028549,0.991870952886966,0.670302613468255,0.8536737987792594,0.25501826862885046,0.5896715889556234,0.7716535433070866
2024-08-29T10:10:12.189635,interface,0.2440944881889764,0.6280873353028549,0.991870952886966,0.670302613468255,0.8536737987792594,0.25501826862885046,0.5896715889556234,0.7637795275590551
2024-08-29T10:10:12.737950,interface,0.2440944881889764,0.6280873353028549,0.991870952886966,0.08661417322834646,0.8536737987792594,0.25501826862885046,0.5896715889556234,0.7637795275590551
2024-08-29T10:10:12.758271,interface,0.2440944881889764,0.6280873353028549,0.991870952886966,0.13385826771653545,0.8536737987792594,0.25501826862885046,0.5896715889556234,0.7637795275590551
2024-08-29T10:10:12.840163,interface,0.2440944881889764,0.6280873353028549,0.991870952886966,0.08661417322834646,0.8536737987792594,0.25501826862885046,0.5896715889556234,0.7637795275590551
2024-08-29T10:10:13.188755,interface,0.2440944881889764,0.6280873353028549,0.991870952886966,0.08661417322834646,0.06299212598425197,0.25501826862885046,0.5896715889556234,0.7637795275590551
2024-08-29T10:10:13.209254,interface,0.2440944881889764,0.6280873353028549,0.991870952886966,0.08661417322834646,0.13385826771653545,0.25501826862885046,0.5896715889556234,0.7637795275590551
2024-08-29T10:10:13.229860,interface,0.2440944881889764,0.6280873353028549,0.991870952886966,0.08661417322834646,0.1968503937007874,0.25501826862885046,0.5896715889556234,0.7637795275590551
2024-08-29T10:10:13.231185,interface,0.2440944881889764,0.6280873353028549,0.991870952886966,0.08661417322834646,0.2677165354330709,0.25501826862885046,0.5896715889556234,0.7637795275590551
2024-08-29T10:10:13.232256,interface,0.2440944881889764,0.6280873353028549,0.991870952886966,0.08661417322834646,0.33070866141732286,0.25501826862885046,0.5896715889556234,0.7637795275590551
2024-08-29T10:10:13.233240,interface,0.2440944881889764,0.6280873353028549,0.991870952886966,0.08661417322834646,0.4015748031496063,0.25501826862885046,0.5896715889556234,0.7637795275590551
2024-08-29T10:10:13.250346,interface,0.2440944881889764,0.6280873353028549,0.991870952886966,0.08661417322834646,0.4645669291338583,0.25501826862885046,0.5896715889556234,0.7637795275590551
2024-08-29T10:10:13.251806,interface,0.2440944881889764,0.6280873353028549,0.991870952886966,0.08661417322834646,0.5354330708661418,0.25501826862885046,0.5896715889556234,0.7637795275590551
2024-08-29T10:10:13.252851,interface,0.2440944881889764,0.6280873353028549,0.991870952886966,0.08661417322834646,0.5984251968503937,0.25501826862885046,0.5896715889556234,0.7637795275590551
2024-08-29T10:10:13.253835,interface,0.2440944881889764,0.6280873353028549,0.991870952886966,0.08661417322834646,0.6692913385826772,0.25501826862885046,0.5896715889556234,0.7637795275590551
2024-08-29T10:10:13.254804,interface,0.2440944881889764,0.6280873353028549,0.991870952886966,0.08661417322834646,0.7322834645669292,0.25501826862885046,0.5896715889556234,0.7637795275590551
2024-08-29T10:10:13.255805,interface,0.2440944881889764,0.6280873353028549,0.991870952886966,0.08661417322834646,0.8031496062992126,0.25501826862885046,0.5896715889556234,0.7637795275590551
2024-08-29T10:10:13.266681,interface,0.2440944881889764,0.6280873353028549,0.991870952886966,0.08661417322834646,0.8661417322834646,0.25501826862885046,0.5896715889556234,0.7637795275590551
2024-08-29T10:10:13.267865,interface,0.2440944881889764,0.6280873353028549,0.991870952886966,0.08661417322834646,0.937007874015748,0.25501826862885046,0.5896715889556234,0.7637795275590551
2024-08-29T10:10:13.268895,interface,0.2440944881889764,0.6280873353028549,0.991870952886966,0.08661417322834646,1.0,0.25501826862885046,0.5896715889556234,0.7637795275590551
2024-08-29T10:10:13.372367,interface,0.2440944881889764,0.6280873353028549,0.991870952886966,0.08661417322834646,0.937007874015748,0.25501826862885046,0.5896715889556234,0.7637795275590551
2024-08-29T10:10:13.373478,interface,0.2440944881889764,0.6280873353028549,0.991870952886966,0.08661417322834646,0.8661417322834646,0.25501826862885046,0.5896715889556234,0.7637795275590551
2024-08-29T10:10:13.374463,interface,0.2440944881889764,0.6280873353028549,0.991870952886966,0.08661417322834646,0.8031496062992126,0.25501826862885046,0.5896715889556234,0.7637795275590551
2024-08-29T10:10:13.375518,interface,0.2440944881889764,0.6280873353028549,0.991870952886966,0.08661417322834646,0.7322834645669292,0.25501826862885046,0.5896715889556234,0.7637795275590551
2024-08-29T10:10:13.376526,interface,0.2440944881889764,0.6280873353028549,0.991870952886966,0.08661417322834646,0.6692913385826772,0.25501826862885046,0.5896715889556234,0.7637795275590551
2024-08-29T10:10:13.377477,interface,0.2440944881889764,0.6280873353028549,0.991870952886966,0.08661417322834646,0.5984251968503937,0.25501826862885046,0.5896715889556234,0.7637795275590551
2024-08-29T10:10:13.390413,interface,0.2440944881889764,0.6280873353028549,0.991870952886966,0.08661417322834646,0.5354330708661418,0.25501826862885046,0.5896715889556234,0.7637795275590551
2024-08-29T10:10:13.391915,interface,0.2440944881889764,0.6280873353028549,0.991870952886966,0.08661417322834646,0.4645669291338583,0.25501826862885046,0.5896715889556234,0.7637795275590551
2024-08-29T10:10:13.393102,interface,0.2440944881889764,0.6280873353028549,0.991870952886966,0.08661417322834646,0.4015748031496063,0.25501826862885046,0.5896715889556234,0.7637795275590551
2024-08-29T10:10:13.394100,interface,0.2440944881889764,0.6280873353028549,0.991870952886966,0.08661417322834646,0.33070866141732286,0.25501826862885046,0.5896715889556234,0.7637795275590551
2024-08-29T10:10:13.395052,interface,0.2440944881889764,0.6280873353028549,0.991870952886966,0.08661417322834646,0.2677165354330709,0.25501826862885046,0.5896715889556234,0.7637795275590551
2024-08-29T10:10:13.396091,interface,0.2440944881889764,0.6280873353028549,0.991870952886966,0.08661417322834646,0.1968503937007874,0.25501826862885046,0.5896715889556234,0.7637795275590551
2024-08-29T10:10:13.397055,interface,0.2440944881889764,0.6280873353028549,0.991870952886966,0.08661417322834646,0.13385826771653545,0.25501826862885046,0.5896715889556234,0.7637795275590551
2024-08-29T10:10:13.397995,interface,0.2440944881889764,0.6280873353028549,0.991870952886966,0.08661417322834646,0.06299212598425197,0.25501826862885046,0.5896715889556234,0.7637795275590551
2024-08-29T10:10:13.398932,interface,0.2440944881889764,0.6280873353028549,0.991870952886966,0.08661417322834646,0.0,0.25501826862885046,0.5896715889556234,0.7637795275590551
2024-08-29T10:10:13.496036,interface,0.2440944881889764,0.6280873353028549,0.991870952886966,0.08661417322834646,0.06299212598425197,0.25501826862885046,0.5896715889556234,0.7637795275590551
2024-08-29T10:10:13.497470,interface,0.2440944881889764,0.6280873353028549,0.991870952886966,0.08661417322834646,0.13385826771653545,0.25501826862885046,0.5896715889556234,0.7637795275590551
2024-08-29T10:10:13.498477,interface,0.2440944881889764,0.6280873353028549,0.991870952886966,0.08661417322834646,0.1968503937007874,0.25501826862885046,0.5896715889556234,0.7637795275590551
2024-08-29T10:10:13.499494,interface,0.2440944881889764,0.6280873353028549,0.991870952886966,0.08661417322834646,0.2677165354330709,0.25501826862885046,0.5896715889556234,0.7637795275590551
2024-08-29T10:10:13.500511,interface,0.2440944881889764,0.6280873353028549,0.991870952886966,0.08661417322834646,0.33070866141732286,0.25501826862885046,0.5896715889556234,0.7637795275590551
2024-08-29T10:10:13.501456,interface,0.2440944881889764,0.6280873353028549,0.991870952886966,0.08661417322834646,0.4015748031496063,0.25501826862885046,0.5896715889556234,0.7637795275590551
2024-08-29T10:10:13.512199,interface,0.2440944881889764,0.6280873353028549,0.991870952886966,0.08661417322834646,0.4645669291338583,0.25501826862885046,0.5896715889556234,0.7637795275590551
2024-08-29T10:10:13.513602,interface,0.2440944881889764,0.6280873353028549,0.991870952886966,0.08661417322834646,0.5354330708661418,0.25501826862885046,0.5896715889556234,0.7637795275590551
2024-08-29T10:10:13.515099,interface,0.2440944881889764,0.6280873353028549,0.991870952886966,0.08661417322834646,0.5984251968503937,0.25501826862885046,0.5896715889556234,0.7637795275590551
2024-08-29T10:10:13.516220,interface,0.2440944881889764,0.6280873353028549,0.991870952886966,0.08661417322834646,0.6692913385826772,0.25501826862885046,0.5896715889556234,0.7637795275590551
2024-08-29T10:10:13.517241,interface,0.2440944881889764,0.6280873353028549,0.991870952886966,0.08661417322834646,0.7322834645669292,0.25501826862885046,0.5896715889556234,0.7637795275590551
2024-08-29T10:10:13.518204,interface,0.2440944881889764,0.6280873353028549,0.991870952886966,0.08661417322834646,0.8031496062992126,0.25501826862885046,0.5896715889556234,0.7637795275590551
2024-08-29T10:10:13.519170,interface,0.2440944881889764,0.6280873353028549,0.991870952886966,0.08661417322834646,0.8661417322834646,0.25501826862885046,0.5896715889556234,0.7637795275590551
2024-08-29T10:10:13.520185,interface,0.2440944881889764,0.6280873353028549,0.991870952886966,0.08661417322834646,0.937007874015748,0.25501826862885046,0.5896715889556234,0.7637795275590551
2024-08-29T10:10:13.521140,interface,0.2440944881889764,0.6280873353028549,0.991870952886966,0.08661417322834646,1.0,0.25501826862885046,0.5896715889556234,0.7637795275590551
2024-08-29T10:10:13.559538,interface,0.2440944881889764,0.6280873353028549,0.991870952886966,0.08661417322834646,1.0,0.49606299212598426,0.5896715889556234,0.7637795275590551
2024-08-29T10:10:13.659982,interface,0.2440944881889764,0.6280873353028549,0.991870952886966,0.08661417322834646,0.937007874015748,0.49606299212598426,0.5896715889556234,0.7637795275590551
2024-08-29T10:10:13.661338,interface,0.2440944881889764,0.6280873353028549,0.991870952886966,0.08661417322834646,0.8661417322834646,0.49606299212598426,0.5896715889556234,0.7637795275590551
2024-08-29T10:10:13.663111,interface,0.2440944881889764,0.6280873353028549,0.991870952886966,0.08661417322834646,0.8031496062992126,0.49606299212598426,0.5896715889556234,0.7637795275590551
2024-08-29T10:10:13.664313,interface,0.2440944881889764,0.6280873353028549,0.991870952886966,0.08661417322834646,0.7322834645669292,0.49606299212598426,0.5896715889556234,0.7637795275590551
2024-08-29T10:10:13.665326,interface,0.2440944881889764,0.6280873353028549,0.991870952886966,0.08661417322834646,0.6692913385826772,0.49606299212598426,0.5896715889556234,0.7637795275590551
2024-08-29T10:10:13.666298,interface,0.2440944881889764,0.6280873353028549,0.991870952886966,0.08661417322834646,0.5984251968503937,0.49606299212598426,0.5896715889556234,0.7637795275590551
2024-08-29T10:10:13.667299,interface,0.2440944881889764,0.6280873353028549,0.991870952886966,0.08661417322834646,0.5354330708661418,0.49606299212598426,0.5896715889556234,0.7637795275590551
2024-08-29T10:10:13.668308,interface,0.2440944881889764,0.6280873353028549,0.991870952886966,0.08661417322834646,0.4645669291338583,0.49606299212598426,0.5896715889556234,0.7637795275590551
2024-08-29T10:10:13.669280,interface,0.2440944881889764,0.6280873353028549,0.991870952886966,0.08661417322834646,0.4015748031496063,0.49606299212598426,0.5896715889556234,0.7637795275590551
2024-08-29T10:10:13.670343,interface,0.2440944881889764,0.6280873353028549,0.991870952886966,0.08661417322834646,0.33070866141732286,0.49606299212598426,0.5896715889556234,0.7637795275590551
2024-08-29T10:10:13.671378,interface,0.2440944881889764,0.6280873353028549,0.991870952886966,0.08661417322834646,0.2677165354330709,0.49606299212598426,0.5896715889556234,0.7637795275590551
2024-08-29T10:10:13.672389,interface,0.2440944881889764,0.6280873353028549,0.991870952886966,0.08661417322834646,0.1968503937007874,0.49606299212598426,0.5896715889556234,0.7637795275590551
2024-08-29T10:10:13.673355,interface,0.2440944881889764,0.6280873353028549,0.991870952886966,0.08661417322834646,0.13385826771653545,0.49606299212598426,0.5896715889556234,0.7637795275590551
2024-08-29T10:10:13.674308,interface,0.2440944881889764,0.6280873353028549,0.991870952886966,0.08661417322834646,0.06299212598425197,0.49606299212598426,0.5896715889556234,0.7637795275590551
2024-08-29T10:10:13.675298,interface,0.2440944881889764,0.6280873353028549,0.991870952886966,0.08661417322834646,0.0,0.49606299212598426,0.5896715889556234,0.7637795275590551
2024-08-29T10:10:14.274468,interface,0.2440944881889764,0.6280873353028549,0.991870952886966,0.08661417322834646,0.0,0.5039370078740157,0.5896715889556234,0.7637795275590551
2024-08-29T10:10:14.295079,interface,0.2440944881889764,0.6280873353028549,0.991870952886966,0.08661417322834646,0.0,0.5118110236220472,0.5896715889556234,0.7637795275590551
2024-08-29T10:10:14.296252,interface,0.2440944881889764,0.6280873353028549,0.991870952886966,0.08661417322834646,0.0,0.5196850393700787,0.5896715889556234,0.7637795275590551
2024-08-29T10:10:14.316271,interface,0.2440944881889764,0.6280873353028549,0.991870952886966,0.08661417322834646,0.0,0.5275590551181102,0.5896715889556234,0.7637795275590551
2024-08-29T10:10:14.335962,interface,0.2440944881889764,0.6280873353028549,0.991870952886966,0.08661417322834646,0.0,0.5354330708661418,0.5896715889556234,0.7637795275590551
2024-08-29T10:10:14.337343,interface,0.2440944881889764,0.6280873353028549,0.991870952886966,0.08661417322834646,0.0,0.5433070866141733,0.5896715889556234,0.7637795275590551
2024-08-29T10:10:14.338505,interface,0.2440944881889764,0.6280873353028549,0.991870952886966,0.08661417322834646,0.0,0.5511811023622047,0.5896715889556234,0.7637795275590551
2024-08-29T10:10:14.339555,interface,0.2440944881889764,0.6280873353028549,0.991870952886966,0.08661417322834646,0.0,0.5590551181102362,0.5896715889556234,0.7637795275590551
2024-08-29T10:10:14.340558,interface,0.2440944881889764,0.6280873353028549,0.991870952886966,0.08661417322834646,0.0,0.5669291338582677,0.5896715889556234,0.7637795275590551
2024-08-29T10:10:14.356420,interface,0.2440944881889764,0.6280873353028549,0.991870952886966,0.08661417322834646,0.0,0.5748031496062992,0.5896715889556234,0.7637795275590551
2024-08-29T10:10:14.417845,interface,0.2440944881889764,0.6280873353028549,0.991870952886966,0.08661417322834646,0.0,0.5826771653543307,0.5896715889556234,0.7637795275590551
2024-08-29T10:10:14.521308,interface,0.2440944881889764,0.6280873353028549,0.991870952886966,0.08661417322834646,0.0,0.5748031496062992,0.5896715889556234,0.7637795275590551
2024-08-29T10:10:14.540950,interface,0.2440944881889764,0.6280873353028549,0.991870952886966,0.08661417322834646,0.0,0.5669291338582677,0.5896715889556234,0.7637795275590551
2024-08-29T10:10:14.542349,interface,0.2440944881889764,0.6280873353028549,0.991870952886966,0.08661417322834646,0.0,0.5590551181102362,0.5896715889556234,0.7637795275590551
2024-08-29T10:10:14.543545,interface,0.2440944881889764,0.6280873353028549,0.991870952886966,0.08661417322834646,0.0,0.5511811023622047,0.5896715889556234,0.7637795275590551
2024-08-29T10:10:14.544590,interface,0.2440944881889764,0.6280873353028549,0.991870952886966,0.08661417322834646,0.0,0.5433070866141733,0.5896715889556234,0.7637795275590551
2024-08-29T10:10:14.545555,interface,0.2440944881889764,0.6280873353028549,0.991870952886966,0.08661417322834646,0.0,0.5354330708661418,0.5896715889556234,0.7637795275590551
2024-08-29T10:10:14.561365,interface,0.2440944881889764,0.6280873353028549,0.991870952886966,0.08661417322834646,0.0,0.5275590551181102,0.5896715889556234,0.7637795275590551
2024-08-29T10:10:14.562649,interface,0.2440944881889764,0.6280873353028549,0.991870952886966,0.08661417322834646,0.0,0.5196850393700787,0.5896715889556234,0.7637795275590551
2024-08-29T10:10:14.563706,interface,0.2440944881889764,0.6280873353028549,0.991870952886966,0.08661417322834646,0.0,0.5118110236220472,0.5896715889556234,0.7637795275590551
2024-08-29T10:10:14.564722,interface,0.2440944881889764,0.6280873353028549,0.991870952886966,0.08661417322834646,0.0,0.5039370078740157,0.5896715889556234,0.7637795275590551
2024-08-29T10:10:14.581884,interface,0.2440944881889764,0.6280873353028549,0.991870952886966,0.08661417322834646,0.0,0.49606299212598426,0.5896715889556234,0.7637795275590551
2024-08-29T10:10:14.583337,interface,0.2440944881889764,0.6280873353028549,0.991870952886966,0.08661417322834646,0.0,0.4881889763779528,0.5896715889556234,0.7637795275590551
2024-08-29T10:10:14.584630,interface,0.2440944881889764,0.6280873353028549,0.991870952886966,0.08661417322834646,0.0,0.48031496062992124,0.5896715889556234,0.7637795275590551
2024-08-29T10:10:14.585727,interface,0.2440944881889764,0.6280873353028549,0.991870952886966,0.08661417322834646,0.0,0.47244094488188976,0.5896715889556234,0.7637795275590551
2024-08-29T10:10:14.586716,interface,0.2440944881889764,0.6280873353028549,0.991870952886966,0.08661417322834646,0.0,0.4645669291338583,0.5896715889556234,0.7637795275590551
2024-08-29T10:10:14.587744,interface,0.2440944881889764,0.6280873353028549,0.991870952886966,0.08661417322834646,0.0,0.4566929133858268,0.5896715889556234,0.7637795275590551
2024-08-29T10:10:14.598461,interface,0.2440944881889764,0.6280873353028549,0.991870952886966,0.08661417322834646,0.0,0.44881889763779526,0.5896715889556234,0.7637795275590551
2024-08-29T10:10:14.599835,interface,0.2440944881889764,0.6280873353028549,0.991870952886966,0.08661417322834646,0.0,0.4409448818897638,0.5896715889556234,0.7637795275590551
2024-08-29T10:10:14.601091,interface,0.2440944881889764,0.6280873353028549,0.991870952886966,0.08661417322834646,0.0,0.4330708661417323,0.5896715889556234,0.7637795275590551
2024-08-29T10:10:14.602175,interface,0.2440944881889764,0.6280873353028549,0.991870952886966,0.08661417322834646,0.0,0.4251968503937008,0.5896715889556234,0.7637795275590551
2024-08-29T10:10:14.605371,interface,0.2440944881889764,0.6280873353028549,0.991870952886966,0.08661417322834646,0.0,0.41732283464566927,0.5896715889556234,0.7637795275590551
2024-08-29T10:10:14.806971,interface,0.2440944881889764,0.6280873353028549,0.991870952886966,0.08661417322834646,0.0,0.41732283464566927,0.6377952755905512,0.7637795275590551
2024-08-29T10:10:14.890163,interface,0.2440944881889764,0.6280873353028549,0.991870952886966,0.08661417322834646,0.0,0.41732283464566927,0.6299212598425197,0.7637795275590551
2024-08-29T10:10:14.910759,interface,0.2440944881889764,0.6280873353028549,0.991870952886966,0.08661417322834646,0.0,0.41732283464566927,0.6220472440944882,0.7637795275590551
2024-08-29T10:10:14.912210,interface,0.2440944881889764,0.6280873353028549,0.991870952886966,0.08661417322834646,0.0,0.41732283464566927,0.6141732283464567,0.7637795275590551
2024-08-29T10:10:14.913664,interface,0.2440944881889764,0.6280873353028549,0.991870952886966,0.08661417322834646,0.0,0.41732283464566927,0.6062992125984252,0.7637795275590551
2024-08-29T10:10:14.914740,interface,0.2440944881889764,0.6280873353028549,0.991870952886966,0.08661417322834646,0.0,0.41732283464566927,0.5984251968503937,0.7637795275590551
2024-08-29T10:10:14.931292,interface,0.2440944881889764,0.6280873353028549,0.991870952886966,0.08661417322834646,0.0,0.41732283464566927,0.5905511811023622,0.7637795275590551
2024-08-29T10:10:14.932663,interface,0.2440944881889764,0.6280873353028549,0.991870952886966,0.08661417322834646,0.0,0.41732283464566927,0.5826771653543307,0.7637795275590551
2024-08-29T10:10:14.933858,interface,0.2440944881889764,0.6280873353028549,0.991870952886966,0.08661417322834646,0.0,0.41732283464566927,0.5748031496062992,0.7637795275590551
2024-08-29T10:10:14.934866,interface,0.2440944881889764,0.6280873353028549,0.991870952886966,0.08661417322834646,0.0,0.41732283464566927,0.5669291338582677,0.7637795275590551
2024-08-29T10:10:14.935891,interface,0.2440944881889764,0.6280873353028549,0.991870952886966,0.08661417322834646,0.0,0.41732283464566927,0.5590551181102362,0.7637795275590551
2024-08-29T10:10:14.951772,interface,0.2440944881889764,0.6280873353028549,0.991870952886966,0.08661417322834646,0.0,0.41732283464566927,0.5511811023622047,0.7637795275590551
2024-08-29T10:10:14.953111,interface,0.2440944881889764,0.6280873353028549,0.991870952886966,0.08661417322834646,0.0,0.41732283464566927,0.5433070866141733,0.7637795275590551
2024-08-29T10:10:14.954185,interface,0.2440944881889764,0.6280873353028549,0.991870952886966,0.08661417322834646,0.0,0.41732283464566927,0.5354330708661418,0.7637795275590551
2024-08-29T10:10:14.955195,interface,0.2440944881889764,0.6280873353028549,0.991870952886966,0.08661417322834646,0.0,0.41732283464566927,0.5275590551181102,0.7637795275590551
2024-08-29T10:10:14.972264,interface,0.2440944881889764,0.6280873353028549,0.991870952886966,0.08661417322834646,0.0,0.41732283464566927,0.5196850393700787,0.7637795275590551
2024-08-29T10:10:14.973713,interface,0.2440944881889764,0.6280873353028549,0.991870952886966,0.08661417322834646,0.0,0.41732283464566927,0.5118110236220472,0.7637795275590551
2024-08-29T10:10:14.974787,interface,0.2440944881889764,0.6280873353028549,0.991870952886966,0.08661417322834646,0.0,0.41732283464566927,0.5039370078740157,0.7637795275590551
2024-08-29T10:10:14.975824,interface,0.2440944881889764,0.6280873353028549,0.991870952886966,0.08661417322834646,0.0,0.41732283464566927,0.49606299212598426,0.7637795275590551
2024-08-29T10:10:14.976827,interface,0.2440944881889764,0.6280873353028549,0.991870952886966,0.08661417322834646,0.0,0.41732283464566927,0.4881889763779528,0.7637795275590551
2024-08-29T10:10:14.992631,interface,0.2440944881889764,0.6280873353028549,0.991870952886966,0.08661417322834646,0.0,0.41732283464566927,0.48031496062992124,0.7637795275590551
2024-08-29T10:10:15.115511,interface,0.2440944881889764,0.6280873353028549,0.991870952886966,0.08661417322834646,0.0,0.41732283464566927,0.4881889763779528,0.7637795275590551
2024-08-29T10:10:15.155855,interface,0.2440944881889764,0.6280873353028549,0.991870952886966,0.08661417322834646,0.0,0.41732283464566927,0.49606299212598426,0.7637795275590551
2024-08-29T10:10:15.157240,interface,0.2440944881889764,0.6280873353028549,0.991870952886966,0.08661417322834646,0.0,0.41732283464566927,0.5039370078740157,0.7637795275590551
2024-08-29T10:10:15.158564,interface,0.2440944881889764,0.6280873353028549,0.991870952886966,0.08661417322834646,0.0,0.41732283464566927,0.5118110236220472,0.7637795275590551
2024-08-29T10:10:15.159665,interface,0.2440944881889764,0.6280873353028549,0.991870952886966,0.08661417322834646,0.0,0.41732283464566927,0.5196850393700787,0.7637795275590551
2024-08-29T10:10:15.160681,interface,0.2440944881889764,0.6280873353028549,0.991870952886966,0.08661417322834646,0.0,0.41732283464566927,0.5275590551181102,0.7637795275590551
2024-08-29T10:10:15.161648,interface,0.2440944881889764,0.6280873353028549,0.991870952886966,0.08661417322834646,0.0,0.41732283464566927,0.5354330708661418,0.7637795275590551
2024-08-29T10:10:15.172315,interface,0.2440944881889764,0.6280873353028549,0.991870952886966,0.08661417322834646,0.0,0.41732283464566927,0.5433070866141733,0.7637795275590551
2024-08-29T10:10:15.173621,interface,0.2440944881889764,0.6280873353028549,0.991870952886966,0.08661417322834646,0.0,0.41732283464566927,0.5511811023622047,0.7637795275590551
2024-08-29T10:10:15.174688,interface,0.2440944881889764,0.6280873353028549,0.991870952886966,0.08661417322834646,0.0,0.41732283464566927,0.5590551181102362,0.7637795275590551
2024-08-29T10:10:15.178179,interface,0.2440944881889764,0.6280873353028549,0.991870952886966,0.08661417322834646,0.0,0.41732283464566927,0.5669291338582677,0.7637795275590551
2024-08-29T10:10:15.179351,interface,0.2440944881889764,0.6280873353028549,0.991870952886966,0.08661417322834646,0.0,0.41732283464566927,0.5748031496062992,0.7637795275590551
2024-08-29T10:10:15.180609,interface,0.2440944881889764,0.6280873353028549,0.991870952886966,0.08661417322834646,0.0,0.41732283464566927,0.5826771653543307,0.7637795275590551
2024-08-29T10:10:15.181668,interface,0.2440944881889764,0.6280873353028549,0.991870952886966,0.08661417322834646,0.0,0.41732283464566927,0.5905511811023622,0.7637795275590551
2024-08-29T10:10:15.192392,interface,0.2440944881889764,0.6280873353028549,0.991870952886966,0.08661417322834646,0.0,0.41732283464566927,0.5984251968503937,0.7637795275590551
2024-08-29T10:10:15.193536,interface,0.2440944881889764,0.6280873353028549,0.991870952886966,0.08661417322834646,0.0,0.41732283464566927,0.6062992125984252,0.7637795275590551
2024-08-29T10:10:15.194783,interface,0.2440944881889764,0.6280873353028549,0.991870952886966,0.08661417322834646,0.0,0.41732283464566927,0.6141732283464567,0.7637795275590551
2024-08-29T10:10:15.198145,interface,0.2440944881889764,0.6280873353028549,0.991870952886966,0.08661417322834646,0.0,0.41732283464566927,0.6220472440944882,0.7637795275590551
2024-08-29T10:10:15.199522,interface,0.2440944881889764,0.6280873353028549,0.991870952886966,0.08661417322834646,0.0,0.41732283464566927,0.6299212598425197,0.7637795275590551
2024-08-29T10:10:15.200815,interface,0.2440944881889764,0.6280873353028549,0.991870952886966,0.08661417322834646,0.0,0.41732283464566927,0.6377952755905512,0.7637795275590551
2024-08-29T10:10:15.201878,interface,0.2440944881889764,0.6280873353028549,0.991870952886966,0.08661417322834646,0.0,0.41732283464566927,0.6456692913385826,0.7637795275590551
2024-08-29T10:10:15.214457,interface,0.2440944881889764,0.6280873353028549,0.991870952886966,0.08661417322834646,0.0,0.41732283464566927,0.6535433070866141,0.7637795275590551
2024-08-29T10:10:15.215606,interface,0.2440944881889764,0.6280873353028549,0.991870952886966,0.08661417322834646,0.0,0.41732283464566927,0.6614173228346457,0.7637795275590551
2024-08-29T10:10:15.238516,interface,0.2440944881889764,0.6280873353028549,0.991870952886966,0.08661417322834646,0.0,0.41732283464566927,0.6692913385826772,0.7637795275590551
2024-08-29T10:10:15.239940,interface,0.2440944881889764,0.6280873353028549,0.991870952886966,0.08661417322834646,0.0,0.41732283464566927,0.6771653543307087,0.7637795275590551
2024-08-29T10:10:15.241029,interface,0.2440944881889764,0.6280873353028549,0.991870952886966,0.08661417322834646,0.0,0.41732283464566927,0.6850393700787402,0.7637795275590551
2024-08-29T10:10:15.242026,interface,0.2440944881889764,0.6280873353028549,0.991870952886966,0.08661417322834646,0.0,0.41732283464566927,0.6929133858267716,0.7637795275590551
2024-08-29T10:10:15.259060,interface,0.2440944881889764,0.6280873353028549,0.991870952886966,0.08661417322834646,0.0,0.41732283464566927,0.7007874015748031,0.7637795275590551
2024-08-29T10:10:15.260478,interface,0.2440944881889764,0.6280873353028549,0.991870952886966,0.08661417322834646,0.0,0.41732283464566927,0.7086614173228346,0.7637795275590551
2024-08-29T10:10:15.261661,interface,0.2440944881889764,0.6280873353028549,0.991870952886966,0.08661417322834646,0.0,0.41732283464566927,0.7165354330708661,0.7637795275590551
2024-08-29T10:10:15.262666,interface,0.2440944881889764,0.6280873353028549,0.991870952886966,0.08661417322834646,0.0,0.41732283464566927,0.7244094488188977,0.7637795275590551
2024-08-29T10:10:15.263678,interface,0.2440944881889764,0.6280873353028549,0.991870952886966,0.08661417322834646,0.0,0.41732283464566927,0.7322834645669292,0.7637795275590551
2024-08-29T10:10:15.279416,interface,0.2440944881889764,0.6280873353028549,0.991870952886966,0.08661417322834646,0.0,0.41732283464566927,0.7401574803149606,0.7637795275590551
2024-08-29T10:10:15.299207,interface,0.2440944881889764,0.6280873353028549,0.991870952886966,0.08661417322834646,0.0,0.41732283464566927,0.7480314960629921,0.7637795275590551
2024-08-29T10:10:15.300505,interface,0.2440944881889764,0.6280873353028549,0.991870952886966,0.08661417322834646,0.0,0.41732283464566927,0.7559055118110236,0.7637795275590551
2024-08-29T10:10:15.301519,interface,0.2440944881889764,0.6280873353028549,0.991870952886966,0.08661417322834646,0.0,0.41732283464566927,0.7637795275590551,0.7637795275590551
2024-08-29T10:10:15.302487,interface,0.2440944881889764,0.6280873353028549,0.991870952886966,0.08661417322834646,0.0,0.41732283464566927,0.7716535433070866,0.7637795275590551
2024-08-29T10:10:15.319725,interface,0.2440944881889764,0.6280873353028549,0.991870952886966,0.08661417322834646,0.0,0.41732283464566927,0.7795275590551181,0.7637795275590551
2024-08-29T10:10:15.321021,interface,0.2440944881889764,0.6280873353028549,0.991870952886966,0.08661417322834646,0.0,0.41732283464566927,0.7874015748031497,0.7637795275590551
2024-08-29T10:10:15.322048,interface,0.2440944881889764,0.6280873353028549,0.991870952886966,0.08661417322834646,0.0,0.41732283464566927,0.7952755905511811,0.7637795275590551
2024-08-29T10:10:15.323032,interface,0.2440944881889764,0.6280873353028549,0.991870952886966,0.08661417322834646,0.0,0.41732283464566927,0.8031496062992126,0.7637795275590551
2024-08-29T10:10:15.340166,interface,0.2440944881889764,0.6280873353028549,0.991870952886966,0.08661417322834646,0.0,0.41732283464566927,0.8110236220472441,0.7637795275590551
2024-08-29T10:10:15.341466,interface,0.2440944881889764,0.6280873353028549,0.991870952886966,0.08661417322834646,0.0,0.41732283464566927,0.8188976377952756,0.7637795275590551
2024-08-29T10:10:15.342484,interface,0.2440944881889764,0.6280873353028549,0.991870952886966,0.08661417322834646,0.0,0.41732283464566927,0.8267716535433071,0.7637795275590551
2024-08-29T10:10:15.343506,interface,0.2440944881889764,0.6280873353028549,0.991870952886966,0.08661417322834646,0.0,0.41732283464566927,0.8346456692913385,0.7637795275590551
2024-08-29T10:10:15.360500,interface,0.2440944881889764,0.6280873353028549,0.991870952886966,0.08661417322834646,0.0,0.41732283464566927,0.84251968503937,0.7637795275590551
2024-08-29T10:10:15.483174,interface,0.2440944881889764,0.6280873353028549,0.991870952886966,0.08661417322834646,0.0,0.41732283464566927,0.8346456692913385,0.7637795275590551
2024-08-29T10:10:15.484325,interface,0.2440944881889764,0.6280873353028549,0.991870952886966,0.08661417322834646,0.0,0.41732283464566927,0.8267716535433071,0.7637795275590551
2024-08-29T10:10:15.504463,interface,0.2440944881889764,0.6280873353028549,0.991870952886966,0.08661417322834646,0.0,0.41732283464566927,0.8188976377952756,0.7637795275590551
2024-08-29T10:10:15.505815,interface,0.2440944881889764,0.6280873353028549,0.991870952886966,0.08661417322834646,0.0,0.41732283464566927,0.8110236220472441,0.7637795275590551
2024-08-29T10:10:15.506878,interface,0.2440944881889764,0.6280873353028549,0.991870952886966,0.08661417322834646,0.0,0.41732283464566927,0.8031496062992126,0.7637795275590551
2024-08-29T10:10:15.507908,interface,0.2440944881889764,0.6280873353028549,0.991870952886966,0.08661417322834646,0.0,0.41732283464566927,0.7952755905511811,0.7637795275590551
2024-08-29T10:10:15.524936,interface,0.2440944881889764,0.6280873353028549,0.991870952886966,0.08661417322834646,0.0,0.41732283464566927,0.7874015748031497,0.7637795275590551
2024-08-29T10:10:15.526298,interface,0.2440944881889764,0.6280873353028549,0.991870952886966,0.08661417322834646,0.0,0.41732283464566927,0.7795275590551181,0.7637795275590551
2024-08-29T10:10:15.527661,interface,0.2440944881889764,0.6280873353028549,0.991870952886966,0.08661417322834646,0.0,0.41732283464566927,0.7716535433070866,0.7637795275590551
2024-08-29T10:10:15.528940,interface,0.2440944881889764,0.6280873353028549,0.991870952886966,0.08661417322834646,0.0,0.41732283464566927,0.7637795275590551,0.7637795275590551
2024-08-29T10:10:15.529993,interface,0.2440944881889764,0.6280873353028549,0.991870952886966,0.08661417322834646,0.0,0.41732283464566927,0.7559055118110236,0.7637795275590551
2024-08-29T10:10:15.530972,interface,0.2440944881889764,0.6280873353028549,0.991870952886966,0.08661417322834646,0.0,0.41732283464566927,0.7480314960629921,0.7637795275590551
2024-08-29T10:10:15.532003,interface,0.2440944881889764,0.6280873353028549,0.991870952886966,0.08661417322834646,0.0,0.41732283464566927,0.7401574803149606,0.7637795275590551
2024-08-29T10:10:15.540937,interface,0.2440944881889764,0.6280873353028549,0.991870952886966,0.08661417322834646,0.0,0.41732283464566927,0.7322834645669292,0.7637795275590551
2024-08-29T10:10:15.542067,interface,0.2440944881889764,0.6280873353028549,0.991870952886966,0.08661417322834646,0.0,0.41732283464566927,0.7244094488188977,0.7637795275590551
2024-08-29T10:10:15.545395,interface,0.2440944881889764,0.6280873353028549,0.991870952886966,0.08661417322834646,0.0,0.41732283464566927,0.7165354330708661,0.7637795275590551
2024-08-29T10:10:15.546703,interface,0.2440944881889764,0.6280873353028549,0.991870952886966,0.08661417322834646,0.0,0.41732283464566927,0.7086614173228346,0.7637795275590551
2024-08-29T10:10:15.547974,interface,0.2440944881889764,0.6280873353028549,0.991870952886966,0.08661417322834646,0.0,0.41732283464566927,0.7007874015748031,0.7637795275590551
2024-08-29T10:10:15.549242,interface,0.2440944881889764,0.6280873353028549,0.991870952886966,0.08661417322834646,0.0,0.41732283464566927,0.6929133858267716,0.7637795275590551
2024-08-29T10:10:15.550496,interface,0.2440944881889764,0.6280873353028549,0.991870952886966,0.08661417322834646,0.0,0.41732283464566927,0.6850393700787402,0.7637795275590551
2024-08-29T10:10:15.551594,interface,0.2440944881889764,0.6280873353028549,0.991870952886966,0.08661417322834646,0.0,0.41732283464566927,0.6771653543307087,0.7637795275590551
2024-08-29T10:10:15.554974,interface,0.2440944881889764,0.6280873353028549,0.991870952886966,0.08661417322834646,0.0,0.41732283464566927,0.6692913385826772,0.7637795275590551
2024-08-29T10:10:15.556332,interface,0.2440944881889764,0.6280873353028549,0.991870952886966,0.08661417322834646,0.0,0.41732283464566927,0.6614173228346457,0.7637795275590551
2024-08-29T10:10:15.557568,interface,0.2440944881889764,0.6280873353028549,0.991870952886966,0.08661417322834646,0.0,0.41732283464566927,0.6535433070866141,0.7637795275590551
2024-08-29T10:10:15.558806,interface,0.2440944881889764,0.6280873353028549,0.991870952886966,0.08661417322834646,0.0,0.41732283464566927,0.6456692913385826,0.7637795275590551
2024-08-29T10:10:15.559904,interface,0.2440944881889764,0.6280873353028549,0.991870952886966,0.08661417322834646,0.0,0.41732283464566927,0.6377952755905512,0.7637795275590551
2024-08-29T10:10:15.561146,interface,0.2440944881889764,0.6280873353028549,0.991870952886966,0.08661417322834646,0.0,0.41732283464566927,0.6299212598425197,0.7637795275590551
2024-08-29T10:10:15.564547,interface,0.2440944881889764,0.6280873353028549,0.991870952886966,0.08661417322834646,0.0,0.41732283464566927,0.6220472440944882,0.7637795275590551
2024-08-29T10:10:15.565789,interface,0.2440944881889764,0.6280873353028549,0.991870952886966,0.08661417322834646,0.0,0.41732283464566927,0.6141732283464567,0.7637795275590551
2024-08-29T10:10:15.566801,interface,0.2440944881889764,0.6280873353028549,0.991870952886966,0.08661417322834646,0.0,0.41732283464566927,0.6062992125984252,0.7637795275590551
2024-08-29T10:10:15.977253,interface,0.2440944881889764,0.6280873353028549,0.991870952886966,0.08661417322834646,0.0,0.41732283464566927,0.6062992125984252,0.7637795275590551
2024-08-29T10:10:16.060404,interface,0.3228346456692913,0.6280873353028549,0.991870952886966,0.08661417322834646,0.0,0.41732283464566927,0.6062992125984252,0.7637795275590551
2024-08-29T10:10:16.070058,interface,0.31496062992125984,0.6280873353028549,0.991870952886966,0.08661417322834646,0.0,0.41732283464566927,0.6062992125984252,0.7637795275590551
2024-08-29T10:10:16.082536,interface,0.2992125984251969,0.6280873353028549,0.991870952886966,0.08661417322834646,0.0,0.41732283464566927,0.6062992125984252,0.7637795275590551
2024-08-29T10:10:16.148934,interface,0.28346456692913385,0.6280873353028549,0.991870952886966,0.08661417322834646,0.0,0.41732283464566927,0.6062992125984252,0.7637795275590551
2024-08-29T10:10:16.210594,interface,0.2440944881889764,0.6280873353028549,0.991870952886966,0.08661417322834646,0.0,0.41732283464566927,0.6062992125984252,0.7637795275590551
2024-08-29T10:10:16.658290,interface,0.2440944881889764,0.6280873353028549,1.0,0.08661417322834646,0.0,0.41732283464566927,0.6062992125984252,0.7637795275590551
2024-08-29T10:10:16.690481,interface,0.2440944881889764,0.6280873353028549,0.9921259842519685,0.08661417322834646,0.0,0.41732283464566927,0.6062992125984252,0.7637795275590551
2024-08-29T10:10:16.691650,interface,0.2440944881889764,0.6280873353028549,0.9763779527559056,0.08661417322834646,0.0,0.41732283464566927,0.6062992125984252,0.7637795275590551
2024-08-29T10:10:16.694815,interface,0.2440944881889764,0.6280873353028549,0.968503937007874,0.08661417322834646,0.0,0.41732283464566927,0.6062992125984252,0.7637795275590551
2024-08-29T10:10:16.698192,interface,0.2440944881889764,0.6280873353028549,0.952755905511811,0.08661417322834646,0.0,0.41732283464566927,0.6062992125984252,0.7637795275590551
2024-08-29T10:10:16.703428,interface,0.2440944881889764,0.6280873353028549,0.937007874015748,0.08661417322834646,0.0,0.41732283464566927,0.6062992125984252,0.7637795275590551
2024-08-29T10:10:16.706641,interface,0.2440944881889764,0.6280873353028549,0.9133858267716536,0.08661417322834646,0.0,0.41732283464566927,0.6062992125984252,0.7637795275590551
2024-08-29T10:10:16.709996,interface,0.2440944881889764,0.6280873353028549,0.889763779527559,0.08661417322834646,0.0,0.41732283464566927,0.6062992125984252,0.7637795275590551
2024-08-29T10:10:16.718606,interface,0.2440944881889764,0.6280873353028549,0.8661417322834646,0.08661417322834646,0.0,0.41732283464566927,0.6062992125984252,0.7637795275590551
2024-08-29T10:10:16.719773,interface,0.2440944881889764,0.6280873353028549,0.8346456692913385,0.08661417322834646,0.0,0.41732283464566927,0.6062992125984252,0.7637795275590551
2024-08-29T10:10:16.722924,interface,0.2440944881889764,0.6280873353028549,0.8110236220472441,0.08661417322834646,0.0,0.41732283464566927,0.6062992125984252,0.7637795275590551
2024-08-29T10:10:16.726316,interface,0.2440944881889764,0.6280873353028549,0.7795275590551181,0.08661417322834646,0.0,0.41732283464566927,0.6062992125984252,0.7637795275590551
2024-08-29T10:10:16.731537,interface,0.2440944881889764,0.6280873353028549,0.7401574803149606,0.08661417322834646,0.0,0.41732283464566927,0.6062992125984252,0.7637795275590551
2024-08-29T10:10:16.734725,interface,0.2440944881889764,0.6280873353028549,0.7086614173228346,0.08661417322834646,0.0,0.41732283464566927,0.6062992125984252,0.7637795275590551
2024-08-29T10:10:16.738048,interface,0.2440944881889764,0.6280873353028549,0.6771653543307087,0.08661417322834646,0.0,0.41732283464566927,0.6062992125984252,0.7637795275590551
2024-08-29T10:10:16.746668,interface,0.2440944881889764,0.6280873353028549,0.6377952755905512,0.08661417322834646,0.0,0.41732283464566927,0.6062992125984252,0.7637795275590551
2024-08-29T10:10:16.747831,interface,0.2440944881889764,0.6280873353028549,0.6062992125984252,0.08661417322834646,0.0,0.41732283464566927,0.6062992125984252,0.7637795275590551
2024-08-29T10:10:16.750993,interface,0.2440944881889764,0.6280873353028549,0.5669291338582677,0.08661417322834646,0.0,0.41732283464566927,0.6062992125984252,0.7637795275590551
2024-08-29T10:10:16.754409,interface,0.2440944881889764,0.6280873353028549,0.5354330708661418,0.08661417322834646,0.0,0.41732283464566927,0.6062992125984252,0.7637795275590551
2024-08-29T10:10:16.759587,interface,0.2440944881889764,0.6280873353028549,0.49606299212598426,0.08661417322834646,0.0,0.41732283464566927,0.6062992125984252,0.7637795275590551
2024-08-29T10:10:16.762783,interface,0.2440944881889764,0.6280873353028549,0.4645669291338583,0.08661417322834646,0.0,0.41732283464566927,0.6062992125984252,0.7637795275590551
2024-08-29T10:10:16.766174,interface,0.2440944881889764,0.6280873353028549,0.4251968503937008,0.08661417322834646,0.0,0.41732283464566927,0.6062992125984252,0.7637795275590551
2024-08-29T10:10:16.774754,interface,0.2440944881889764,0.6280873353028549,0.3858267716535433,0.08661417322834646,0.0,0.41732283464566927,0.6062992125984252,0.7637795275590551
2024-08-29T10:10:16.775921,interface,0.2440944881889764,0.6280873353028549,0.3543307086614173,0.08661417322834646,0.0,0.41732283464566927,0.6062992125984252,0.7637795275590551
2024-08-29T10:10:16.779044,interface,0.2440944881889764,0.6280873353028549,0.31496062992125984,0.08661417322834646,0.0,0.41732283464566927,0.6062992125984252,0.7637795275590551
2024-08-29T10:10:16.782508,interface,0.2440944881889764,0.6280873353028549,0.2755905511811024,0.08661417322834646,0.0,0.41732283464566927,0.6062992125984252,0.7637795275590551
2024-08-29T10:10:16.787695,interface,0.2440944881889764,0.6280873353028549,0.2440944881889764,0.08661417322834646,0.0,0.41732283464566927,0.6062992125984252,0.7637795275590551
2024-08-29T10:10:16.790899,interface,0.2440944881889764,0.6280873353028549,0.2125984251968504,0.08661417322834646,0.0,0.41732283464566927,0.6062992125984252,0.7637795275590551
2024-08-29T10:10:16.794252,interface,0.2440944881889764,0.6280873353028549,0.18110236220472442,0.08661417322834646,0.0,0.41732283464566927,0.6062992125984252,0.7637795275590551
2024-08-29T10:10:16.802887,interface,0.2440944881889764,0.6280873353028549,0.14960629921259844,0.08661417322834646,0.0,0.41732283464566927,0.6062992125984252,0.7637795275590551
2024-08-29T10:10:16.804346,interface,0.2440944881889764,0.6280873353028549,0.12598425196850394,0.08661417322834646,0.0,0.41732283464566927,0.6062992125984252,0.7637795275590551
2024-08-29T10:10:16.805898,interface,0.2440944881889764,0.6280873353028549,0.10236220472440945,0.08661417322834646,0.0,0.41732283464566927,0.6062992125984252,0.7637795275590551
2024-08-29T10:10:16.811644,interface,0.2440944881889764,0.6280873353028549,0.08661417322834646,0.08661417322834646,0.0,0.41732283464566927,0.6062992125984252,0.7637795275590551
2024-08-29T10:10:16.815082,interface,0.2440944881889764,0.6280873353028549,0.07086614173228346,0.08661417322834646,0.0,0.41732283464566927,0.6062992125984252,0.7637795275590551
2024-08-29T10:10:16.818635,interface,0.2440944881889764,0.6280873353028549,0.06299212598425197,0.08661417322834646,0.0,0.41732283464566927,0.6062992125984252,0.7637795275590551
2024-08-29T10:10:16.823857,interface,0.2440944881889764,0.6280873353028549,0.047244094488188976,0.08661417322834646,0.0,0.41732283464566927,0.6062992125984252,0.7637795275590551
2024-08-29T10:10:16.827065,interface,0.2440944881889764,0.6280873353028549,0.03937007874015748,0.08661417322834646,0.0,0.41732283464566927,0.6062992125984252,0.7637795275590551
2024-08-29T10:10:16.830451,interface,0.2440944881889764,0.6280873353028549,0.031496062992125984,0.08661417322834646,0.0,0.41732283464566927,0.6062992125984252,0.7637795275590551
2024-08-29T10:10:16.839203,interface,0.2440944881889764,0.6280873353028549,0.023622047244094488,0.08661417322834646,0.0,0.41732283464566927,0.6062992125984252,0.7637795275590551
2024-08-29T10:10:16.840371,interface,0.2440944881889764,0.6280873353028549,0.015748031496062992,0.08661417322834646,0.0,0.41732283464566927,0.6062992125984252,0.7637795275590551
2024-08-29T10:10:16.850991,interface,0.2440944881889764,0.6280873353028549,0.007874015748031496,0.08661417322834646,0.0,0.41732283464566927,0.6062992125984252,0.7637795275590551
2024-08-29T10:10:16.852157,interface,0.2440944881889764,0.6280873353028549,0.0,0.08661417322834646,0.0,0.41732283464566927,0.6062992125984252,0.7637795275590551
2024-08-29T10:10:16.935288,interface,0.2440944881889764,0.6280873353028549,0.007874015748031496,0.08661417322834646,0.0,0.41732283464566927,0.6062992125984252,0.7637795275590551
2024-08-29T10:10:16.936433,interface,0.2440944881889764,0.6280873353028549,0.015748031496062992,0.08661417322834646,0.0,0.41732283464566927,0.6062992125984252,0.7637795275590551
2024-08-29T10:10:16.939595,interface,0.2440944881889764,0.6280873353028549,0.031496062992125984,0.08661417322834646,0.0,0.41732283464566927,0.6062992125984252,0.7637795275590551
2024-08-29T10:10:16.942979,interface,0.2440944881889764,0.6280873353028549,0.047244094488188976,0.08661417322834646,0.0,0.41732283464566927,0.6062992125984252,0.7637795275590551
2024-08-29T10:10:16.946377,interface,0.2440944881889764,0.6280873353028549,0.05511811023622047,0.08661417322834646,0.0,0.41732283464566927,0.6062992125984252,0.7637795275590551
2024-08-29T10:10:16.951528,interface,0.2440944881889764,0.6280873353028549,0.07086614173228346,0.08661417322834646,0.0,0.41732283464566927,0.6062992125984252,0.7637795275590551
2024-08-29T10:10:16.954871,interface,0.2440944881889764,0.6280873353028549,0.08661417322834646,0.08661417322834646,0.0,0.41732283464566927,0.6062992125984252,0.7637795275590551
2024-08-29T10:10:16.963404,interface,0.2440944881889764,0.6280873353028549,0.10236220472440945,0.08661417322834646,0.0,0.41732283464566927,0.6062992125984252,0.7637795275590551
2024-08-29T10:10:16.964543,interface,0.2440944881889764,0.6280873353028549,0.11811023622047244,0.08661417322834646,0.0,0.41732283464566927,0.6062992125984252,0.7637795275590551
2024-08-29T10:10:16.967721,interface,0.2440944881889764,0.6280873353028549,0.13385826771653545,0.08661417322834646,0.0,0.41732283464566927,0.6062992125984252,0.7637795275590551
2024-08-29T10:10:16.971080,interface,0.2440944881889764,0.6280873353028549,0.14173228346456693,0.08661417322834646,0.0,0.41732283464566927,0.6062992125984252,0.7637795275590551
2024-08-29T10:10:16.974502,interface,0.2440944881889764,0.6280873353028549,0.15748031496062992,0.08661417322834646,0.0,0.41732283464566927,0.6062992125984252,0.7637795275590551
2024-08-29T10:10:16.979628,interface,0.2440944881889764,0.6280873353028549,0.16535433070866143,0.08661417322834646,0.0,0.41732283464566927,0.6062992125984252,0.7637795275590551
2024-08-29T10:10:16.983075,interface,0.2440944881889764,0.6280873353028549,0.1732283464566929,0.08661417322834646,0.0,0.41732283464566927,0.6062992125984252,0.7637795275590551
2024-08-29T10:10:16.986493,interface,0.2440944881889764,0.6280873353028549,0.18110236220472442,0.08661417322834646,0.0,0.41732283464566927,0.6062992125984252,0.7637795275590551
2024-08-29T10:10:16.999222,interface,0.2440944881889764,0.6280873353028549,0.1889763779527559,0.08661417322834646,0.0,0.41732283464566927,0.6062992125984252,0.7637795275590551
2024-08-29T10:10:17.002576,interface,0.2440944881889764,0.6280873353028549,0.18110236220472442,0.08661417322834646,0.0,0.41732283464566927,0.6062992125984252,0.7637795275590551
2024-08-29T10:10:17.015384,interface,0.2440944881889764,0.6280873353028549,0.1732283464566929,0.08661417322834646,0.0,0.41732283464566927,0.6062992125984252,0.7637795275590551
2024-08-29T10:10:17.016519,interface,0.2440944881889764,0.6280873353028549,0.16535433070866143,0.08661417322834646,0.0,0.41732283464566927,0.6062992125984252,0.7637795275590551
2024-08-29T10:10:17.019704,interface,0.2440944881889764,0.6280873353028549,0.15748031496062992,0.08661417322834646,0.0,0.41732283464566927,0.6062992125984252,0.7637795275590551
2024-08-29T10:10:17.023048,interface,0.2440944881889764,0.6280873353028549,0.14960629921259844,0.08661417322834646,0.0,0.41732283464566927,0.6062992125984252,0.7637795275590551
2024-08-29T10:10:17.028277,interface,0.2440944881889764,0.6280873353028549,0.13385826771653545,0.08661417322834646,0.0,0.41732283464566927,0.6062992125984252,0.7637795275590551
2024-08-29T10:10:17.031523,interface,0.2440944881889764,0.6280873353028549,0.12598425196850394,0.08661417322834646,0.0,0.41732283464566927,0.6062992125984252,0.7637795275590551
2024-08-29T10:10:17.034849,interface,0.2440944881889764,0.6280873353028549,0.11023622047244094,0.08661417322834646,0.0,0.41732283464566927,0.6062992125984252,0.7637795275590551
2024-08-29T10:10:17.043531,interface,0.2440944881889764,0.6280873353028549,0.09448818897637795,0.08661417322834646,0.0,0.41732283464566927,0.6062992125984252,0.7637795275590551
2024-08-29T10:10:17.044675,interface,0.2440944881889764,0.6280873353028549,0.08661417322834646,0.08661417322834646,0.0,0.41732283464566927,0.6062992125984252,0.7637795275590551
2024-08-29T10:10:17.047864,interface,0.2440944881889764,0.6280873353028549,0.07086614173228346,0.08661417322834646,0.0,0.41732283464566927,0.6062992125984252,0.7637795275590551
2024-08-29T10:10:17.051259,interface,0.2440944881889764,0.6280873353028549,0.05511811023622047,0.08661417322834646,0.0,0.41732283464566927,0.6062992125984252,0.7637795275590551
2024-08-29T10:10:17.056434,interface,0.2440944881889764,0.6280873353028549,0.047244094488188976,0.08661417322834646,0.0,0.41732283464566927,0.6062992125984252,0.7637795275590551
2024-08-29T10:10:17.059666,interface,0.2440944881889764,0.6280873353028549,0.03937007874015748,0.08661417322834646,0.0,0.41732283464566927,0.6062992125984252,0.7637795275590551
2024-08-29T10:10:17.063045,interface,0.2440944881889764,0.6280873353028549,0.031496062992125984,0.08661417322834646,0.0,0.41732283464566927,0.6062992125984252,0.7637795275590551
2024-08-29T10:10:17.071597,interface,0.2440944881889764,0.6280873353028549,0.023622047244094488,0.08661417322834646,0.0,0.41732283464566927,0.6062992125984252,0.7637795275590551
2024-08-29T10:10:17.072725,interface,0.2440944881889764,0.6280873353028549,0.015748031496062992,0.08661417322834646,0.0,0.41732283464566927,0.6062992125984252,0.7637795275590551
2024-08-29T10:10:17.075913,interface,0.2440944881889764,0.6280873353028549,0.007874015748031496,0.08661417322834646,0.0,0.41732283464566927,0.6062992125984252,0.7637795275590551
2024-08-29T10:10:17.087475,interface,0.2440944881889764,0.6280873353028549,0.0,0.08661417322834646,0.0,0.41732283464566927,0.6062992125984252,0.7637795275590551
2024-08-29T10:10:17.131778,interface,0.2440944881889764,0.6280873353028549,0.007874015748031496,0.08661417322834646,0.0,0.41732283464566927,0.6062992125984252,0.7637795275590551
2024-08-29T10:10:17.132920,interface,0.2440944881889764,0.6280873353028549,0.015748031496062992,0.08661417322834646,0.0,0.41732283464566927,0.6062992125984252,0.7637795275590551
2024-08-29T10:10:17.143804,interface,0.2440944881889764,0.6280873353028549,0.023622047244094488,0.08661417322834646,0.0,0.41732283464566927,0.6062992125984252,0.7637795275590551
2024-08-29T10:10:17.144940,interface,0.2440944881889764,0.6280873353028549,0.031496062992125984,0.08661417322834646,0.0,0.41732283464566927,0.6062992125984252,0.7637795275590551
2024-08-29T10:10:17.148096,interface,0.2440944881889764,0.6280873353028549,0.03937007874015748,0.08661417322834646,0.0,0.41732283464566927,0.6062992125984252,0.7637795275590551
2024-08-29T10:10:17.159697,interface,0.2440944881889764,0.6280873353028549,0.047244094488188976,0.08661417322834646,0.0,0.41732283464566927,0.6062992125984252,0.7637795275590551
2024-08-29T10:10:17.163036,interface,0.2440944881889764,0.6280873353028549,0.05511811023622047,0.08661417322834646,0.0,0.41732283464566927,0.6062992125984252,0.7637795275590551
2024-08-29T10:10:17.171723,interface,0.2440944881889764,0.6280873353028549,0.06299212598425197,0.08661417322834646,0.0,0.41732283464566927,0.6062992125984252,0.7637795275590551
2024-08-29T10:10:17.183777,interface,0.2440944881889764,0.6280873353028549,0.07086614173228346,0.08661417322834646,0.0,0.41732283464566927,0.6062992125984252,0.7637795275590551
2024-08-29T10:10:17.195774,interface,0.2440944881889764,0.6280873353028549,0.07874015748031496,0.08661417322834646,0.0,0.41732283464566927,0.6062992125984252,0.7637795275590551
2024-08-29T10:10:17.227890,interface,0.2440944881889764,0.6280873353028549,0.08661417322834646,0.08661417322834646,0.0,0.41732283464566927,0.6062992125984252,0.7637795275590551
2024-08-29T10:10:17.583868,interface,0.2440944881889764,0.6280873353028549,0.08661417322834646,0.08661417322834646,0.0,0.41732283464566927,0.6062992125984252,0.7637795275590551
2024-08-29T10:10:17.625596,interface,0.25984251968503935,0.6280873353028549,0.08661417322834646,0.08661417322834646,0.0,0.41732283464566927,0.6062992125984252,0.7637795275590551
2024-08-29T10:10:17.674275,interface,0.33858267716535434,0.6280873353028549,0.08661417322834646,0.08661417322834646,0.0,0.41732283464566927,0.6062992125984252,0.7637795275590551
2024-08-29T10:10:17.742196,interface,0.30708661417322836,0.6280873353028549,0.08661417322834646,0.08661417322834646,0.0,0.41732283464566927,0.6062992125984252,0.7637795275590551
2024-08-29T10:10:17.777333,interface,0.31496062992125984,0.6280873353028549,0.08661417322834646,0.08661417322834646,0.0,0.41732283464566927,0.6062992125984252,0.7637795275590551
2024-08-29T10:10:17.837530,interface,0.28346456692913385,0.6280873353028549,0.08661417322834646,0.08661417322834646,0.0,0.41732283464566927,0.6062992125984252,0.7637795275590551
2024-08-29T10:10:17.913279,interface,0.2440944881889764,0.6280873353028549,0.08661417322834646,0.08661417322834646,0.0,0.41732283464566927,0.6062992125984252,0.7637795275590551
2024-08-29T10:10:18.010005,interface,0.29133858267716534,0.6280873353028549,0.08661417322834646,0.08661417322834646,0.0,0.41732283464566927,0.6062992125984252,0.7637795275590551
2024-08-29T10:10:18.013344,interface,0.30708661417322836,0.6280873353028549,0.08661417322834646,0.08661417322834646,0.0,0.41732283464566927,0.6062992125984252,0.7637795275590551
2024-08-29T10:10:18.082189,interface,0.2755905511811024,0.6280873353028549,0.08661417322834646,0.08661417322834646,0.0,0.41732283464566927,0.6062992125984252,0.7637795275590551
2024-08-29T10:10:18.162735,interface,0.2440944881889764,0.6280873353028549,0.08661417322834646,0.08661417322834646,0.0,0.41732283464566927,0.6062992125984252,0.7637795275590551
2024-08-29T10:10:29.361091,interface,0.5669291338582677,0.6280873353028549,0.08661417322834646,0.08661417322834646,0.0,0.41732283464566927,0.6062992125984252,0.7637795275590551
2024-08-29T10:10:29.398877,interface,0.5511811023622047,0.6280873353028549,0.08661417322834646,0.08661417322834646,0.0,0.41732283464566927,0.6062992125984252,0.7637795275590551
2024-08-29T10:10:29.424473,interface,0.5354330708661418,0.6280873353028549,0.08661417322834646,0.08661417322834646,0.0,0.41732283464566927,0.6062992125984252,0.7637795275590551
2024-08-29T10:10:29.497256,interface,0.5196850393700787,0.6280873353028549,0.08661417322834646,0.08661417322834646,0.0,0.41732283464566927,0.6062992125984252,0.7637795275590551
2024-08-29T10:10:29.520262,interface,0.47244094488188976,0.6280873353028549,0.08661417322834646,0.08661417322834646,0.0,0.41732283464566927,0.6062992125984252,0.7637795275590551
2024-08-29T10:10:29.613401,interface,0.49606299212598426,0.6280873353028549,0.08661417322834646,0.08661417322834646,0.0,0.41732283464566927,0.6062992125984252,0.7637795275590551
2024-08-29T10:10:29.614667,interface,0.5118110236220472,0.6280873353028549,0.08661417322834646,0.08661417322834646,0.0,0.41732283464566927,0.6062992125984252,0.7637795275590551
2024-08-29T10:10:29.654105,interface,0.5039370078740157,0.6280873353028549,0.08661417322834646,0.08661417322834646,0.0,0.41732283464566927,0.6062992125984252,0.7637795275590551
2024-08-29T10:10:29.655236,interface,0.4881889763779528,0.6280873353028549,0.08661417322834646,0.08661417322834646,0.0,0.41732283464566927,0.6062992125984252,0.7637795275590551
2024-08-29T10:10:29.684854,interface,0.4645669291338583,0.6280873353028549,0.08661417322834646,0.08661417322834646,0.0,0.41732283464566927,0.6062992125984252,0.7637795275590551
2024-08-29T10:10:29.836624,interface,0.4409448818897638,0.6280873353028549,0.08661417322834646,0.08661417322834646,0.0,0.41732283464566927,0.6062992125984252,0.7637795275590551
2024-08-29T10:10:29.837756,interface,0.4251968503937008,0.6280873353028549,0.08661417322834646,0.08661417322834646,0.0,0.41732283464566927,0.6062992125984252,0.7637795275590551
2024-08-29T10:10:29.857509,interface,0.44881889763779526,0.6280873353028549,0.08661417322834646,0.08661417322834646,0.0,0.41732283464566927,0.6062992125984252,0.7637795275590551
2024-08-29T10:10:29.890317,interface,0.4330708661417323,0.6280873353028549,0.08661417322834646,0.08661417322834646,0.0,0.41732283464566927,0.6062992125984252,0.7637795275590551
2024-08-29T10:10:29.914161,interface,0.4094488188976378,0.6280873353028549,0.08661417322834646,0.08661417322834646,0.0,0.41732283464566927,0.6062992125984252,0.7637795275590551
2024-08-29T10:10:29.967302,interface,0.3779527559055118,0.6280873353028549,0.08661417322834646,0.08661417322834646,0.0,0.41732283464566927,0.6062992125984252,0.7637795275590551
2024-08-29T10:10:45.903256,interface,0.3779527559055118,0.6280873353028549,0.08661417322834646,0.08661417322834646,0.0,0.41732283464566927,0.14173228346456693,0.7637795275590551
2024-08-29T10:18:28.853077,interface,0.4645669291338583,0.6280873353028549,0.08661417322834646,0.08661417322834646,0.0,0.41732283464566927,0.14173228346456693,0.7637795275590551
2024-08-29T10:18:28.870332,interface,0.47244094488188976,0.6280873353028549,0.08661417322834646,0.08661417322834646,0.0,0.41732283464566927,0.14173228346456693,0.7637795275590551
2024-08-29T10:18:28.871520,interface,0.4881889763779528,0.6280873353028549,0.08661417322834646,0.08661417322834646,0.0,0.41732283464566927,0.14173228346456693,0.7637795275590551
2024-08-29T10:18:29.050183,interface,0.44881889763779526,0.6280873353028549,0.08661417322834646,0.08661417322834646,0.0,0.41732283464566927,0.14173228346456693,0.7637795275590551
2024-08-29T10:18:29.138839,interface,0.5275590551181102,0.6280873353028549,0.08661417322834646,0.08661417322834646,0.0,0.41732283464566927,0.14173228346456693,0.7637795275590551
2024-08-29T10:18:29.176703,interface,0.5118110236220472,0.6280873353028549,0.08661417322834646,0.08661417322834646,0.0,0.41732283464566927,0.14173228346456693,0.7637795275590551
2024-08-29T10:18:29.258229,interface,0.49606299212598426,0.6280873353028549,0.08661417322834646,0.08661417322834646,0.0,0.41732283464566927,0.14173228346456693,0.7637795275590551
2024-08-29T10:18:29.300086,interface,0.44881889763779526,0.6280873353028549,0.08661417322834646,0.08661417322834646,0.0,0.41732283464566927,0.14173228346456693,0.7637795275590551
2024-08-29T10:18:29.378522,interface,0.5275590551181102,0.6280873353028549,0.08661417322834646,0.08661417322834646,0.0,0.41732283464566927,0.14173228346456693,0.7637795275590551
2024-08-29T10:18:29.379875,interface,0.5118110236220472,0.6280873353028549,0.08661417322834646,0.08661417322834646,0.0,0.41732283464566927,0.14173228346456693,0.7637795275590551
2024-08-29T10:18:29.392679,interface,0.5039370078740157,0.6280873353028549,0.08661417322834646,0.08661417322834646,0.0,0.41732283464566927,0.14173228346456693,0.7637795275590551
2024-08-29T10:18:29.438728,interface,0.4881889763779528,0.6280873353028549,0.08661417322834646,0.08661417322834646,0.0,0.41732283464566927,0.14173228346456693,0.7637795275590551
2024-08-29T10:18:29.503022,interface,0.44881889763779526,0.6280873353028549,0.08661417322834646,0.08661417322834646,0.0,0.41732283464566927,0.14173228346456693,0.7637795275590551
2024-08-29T10:18:29.589158,interface,0.5039370078740157,0.6280873353028549,0.08661417322834646,0.08661417322834646,0.0,0.41732283464566927,0.14173228346456693,0.7637795275590551
2024-08-29T10:18:29.590320,interface,0.49606299212598426,0.6280873353028549,0.08661417322834646,0.08661417322834646,0.0,0.41732283464566927,0.14173228346456693,0.7637795275590551
2024-08-29T10:18:29.632288,interface,0.4881889763779528,0.6280873353028549,0.08661417322834646,0.08661417322834646,0.0,0.41732283464566927,0.14173228346456693,0.7637795275590551
2024-08-29T10:18:29.662311,interface,0.47244094488188976,0.6280873353028549,0.08661417322834646,0.08661417322834646,0.0,0.41732283464566927,0.14173228346456693,0.7637795275590551
2024-08-29T10:18:29.726555,interface,0.4330708661417323,0.6280873353028549,0.08661417322834646,0.08661417322834646,0.0,0.41732283464566927,0.14173228346456693,0.7637795275590551
2024-08-29T10:18:29.838407,interface,0.4645669291338583,0.6280873353028549,0.08661417322834646,0.08661417322834646,0.0,0.41732283464566927,0.14173228346456693,0.7637795275590551
2024-08-29T10:18:29.839599,interface,0.44881889763779526,0.6280873353028549,0.08661417322834646,0.08661417322834646,0.0,0.41732283464566927,0.14173228346456693,0.7637795275590551
2024-08-29T10:18:29.933262,interface,0.4330708661417323,0.6280873353028549,0.08661417322834646,0.08661417322834646,0.0,0.41732283464566927,0.14173228346456693,0.7637795275590551
2024-08-29T10:18:30.015766,interface,0.4094488188976378,0.6280873353028549,0.08661417322834646,0.08661417322834646,0.0,0.41732283464566927,0.14173228346456693,0.7637795275590551
2024-08-29T10:18:30.103192,interface,0.44881889763779526,0.6280873353028549,0.08661417322834646,0.08661417322834646,0.0,0.41732283464566927,0.14173228346456693,0.7637795275590551
2024-08-29T10:18:30.106633,interface,0.4330708661417323,0.6280873353028549,0.08661417322834646,0.08661417322834646,0.0,0.41732283464566927,0.14173228346456693,0.7637795275590551
2024-08-29T10:18:30.180756,interface,0.41732283464566927,0.6280873353028549,0.08661417322834646,0.08661417322834646,0.0,0.41732283464566927,0.14173228346456693,0.7637795275590551
2024-08-29T10:18:30.247166,interface,0.3937007874015748,0.6280873353028549,0.08661417322834646,0.08661417322834646,0.0,0.41732283464566927,0.14173228346456693,0.7637795275590551
2024-08-29T10:18:30.330286,interface,0.4330708661417323,0.6280873353028549,0.08661417322834646,0.08661417322834646,0.0,0.41732283464566927,0.14173228346456693,0.7637795275590551
2024-08-29T10:18:30.331493,interface,0.41732283464566927,0.6280873353028549,0.08661417322834646,0.08661417322834646,0.0,0.41732283464566927,0.14173228346456693,0.7637795275590551
2024-08-29T10:18:30.401310,interface,0.4015748031496063,0.6280873353028549,0.08661417322834646,0.08661417322834646,0.0,0.41732283464566927,0.14173228346456693,0.7637795275590551
2024-08-29T10:18:30.455260,interface,0.3779527559055118,0.6280873353028549,0.08661417322834646,0.08661417322834646,0.0,0.41732283464566927,0.14173228346456693,0.7637795275590551
2024-08-29T11:08:21.006608,interface,0.3779527559055118,0.6280873353028549,0.08661417322834646,0.08661417322834646,0.0,0.41732283464566927,0.14173228346456693,0.7716535433070866
2024-08-29T11:08:21.174901,interface,0.3779527559055118,0.6280873353028549,0.08661417322834646,0.08661417322834646,0.0,0.41732283464566927,0.14173228346456693,0.7637795275590551
2024-08-29T11:08:21.178510,interface,0.3779527559055118,0.6280873353028549,0.08661417322834646,0.08661417322834646,0.0,0.41732283464566927,0.14173228346456693,0.7559055118110236
2024-08-29T11:08:21.187073,interface,0.3779527559055118,0.6280873353028549,0.08661417322834646,0.08661417322834646,0.0,0.41732283464566927,0.14173228346456693,0.7480314960629921
2024-08-29T11:08:21.190563,interface,0.3779527559055118,0.6280873353028549,0.08661417322834646,0.08661417322834646,0.0,0.41732283464566927,0.14173228346456693,0.7401574803149606
2024-08-29T11:08:21.194050,interface,0.3779527559055118,0.6280873353028549,0.08661417322834646,0.08661417322834646,0.0,0.41732283464566927,0.14173228346456693,0.7322834645669292
2024-08-29T11:08:21.203239,interface,0.3779527559055118,0.6280873353028549,0.08661417322834646,0.08661417322834646,0.0,0.41732283464566927,0.14173228346456693,0.7165354330708661
2024-08-29T11:08:21.204394,interface,0.3779527559055118,0.6280873353028549,0.08661417322834646,0.08661417322834646,0.0,0.41732283464566927,0.14173228346456693,0.7086614173228346
2024-08-29T11:08:21.207655,interface,0.3779527559055118,0.6280873353028549,0.08661417322834646,0.08661417322834646,0.0,0.41732283464566927,0.14173228346456693,0.6929133858267716
2024-08-29T11:08:21.211027,interface,0.3779527559055118,0.6280873353028549,0.08661417322834646,0.08661417322834646,0.0,0.41732283464566927,0.14173228346456693,0.6850393700787402
2024-08-29T11:08:21.214440,interface,0.3779527559055118,0.6280873353028549,0.08661417322834646,0.08661417322834646,0.0,0.41732283464566927,0.14173228346456693,0.6692913385826772
2024-08-29T11:08:21.219731,interface,0.3779527559055118,0.6280873353028549,0.08661417322834646,0.08661417322834646,0.0,0.41732283464566927,0.14173228346456693,0.6535433070866141
2024-08-29T11:08:21.223059,interface,0.3779527559055118,0.6280873353028549,0.08661417322834646,0.08661417322834646,0.0,0.41732283464566927,0.14173228346456693,0.6377952755905512
2024-08-29T11:08:21.226530,interface,0.3779527559055118,0.6280873353028549,0.08661417322834646,0.08661417322834646,0.0,0.41732283464566927,0.14173228346456693,0.6220472440944882
2024-08-29T11:08:21.235231,interface,0.3779527559055118,0.6280873353028549,0.08661417322834646,0.08661417322834646,0.0,0.41732283464566927,0.14173228346456693,0.5984251968503937
2024-08-29T11:08:21.236384,interface,0.3779527559055118,0.6280873353028549,0.08661417322834646,0.08661417322834646,0.0,0.41732283464566927,0.14173228346456693,0.5826771653543307
2024-08-29T11:08:21.239636,interface,0.3779527559055118,0.6280873353028549,0.08661417322834646,0.08661417322834646,0.0,0.41732283464566927,0.14173228346456693,0.5590551181102362
2024-08-29T11:08:21.243064,interface,0.3779527559055118,0.6280873353028549,0.08661417322834646,0.08661417322834646,0.0,0.41732283464566927,0.14173228346456693,0.5433070866141733
2024-08-29T11:08:21.246472,interface,0.3779527559055118,0.6280873353028549,0.08661417322834646,0.08661417322834646,0.0,0.41732283464566927,0.14173228346456693,0.5275590551181102
2024-08-29T11:08:21.251784,interface,0.3779527559055118,0.6280873353028549,0.08661417322834646,0.08661417322834646,0.0,0.41732283464566927,0.14173228346456693,0.5039370078740157
2024-08-29T11:08:21.255166,interface,0.3779527559055118,0.6280873353028549,0.08661417322834646,0.08661417322834646,0.0,0.41732283464566927,0.14173228346456693,0.4881889763779528
2024-08-29T11:08:21.258554,interface,0.3779527559055118,0.6280873353028549,0.08661417322834646,0.08661417322834646,0.0,0.41732283464566927,0.14173228346456693,0.47244094488188976
2024-08-29T11:08:21.267414,interface,0.3779527559055118,0.6280873353028549,0.08661417322834646,0.08661417322834646,0.0,0.41732283464566927,0.14173228346456693,0.4566929133858268
2024-08-29T11:08:21.268568,interface,0.3779527559055118,0.6280873353028549,0.08661417322834646,0.08661417322834646,0.0,0.41732283464566927,0.14173228346456693,0.4409448818897638
2024-08-29T11:08:21.271818,interface,0.3779527559055118,0.6280873353028549,0.08661417322834646,0.08661417322834646,0.0,0.41732283464566927,0.14173228346456693,0.4251968503937008
2024-08-29T11:08:21.275266,interface,0.3779527559055118,0.6280873353028549,0.08661417322834646,0.08661417322834646,0.0,0.41732283464566927,0.14173228346456693,0.4094488188976378
2024-08-29T11:08:21.278650,interface,0.3779527559055118,0.6280873353028549,0.08661417322834646,0.08661417322834646,0.0,0.41732283464566927,0.14173228346456693,0.3937007874015748
2024-08-29T11:08:21.283916,interface,0.3779527559055118,0.6280873353028549,0.08661417322834646,0.08661417322834646,0.0,0.41732283464566927,0.14173228346456693,0.3858267716535433
2024-08-29T11:08:21.287287,interface,0.3779527559055118,0.6280873353028549,0.08661417322834646,0.08661417322834646,0.0,0.41732283464566927,0.14173228346456693,0.3700787401574803
2024-08-29T11:08:21.290675,interface,0.3779527559055118,0.6280873353028549,0.08661417322834646,0.08661417322834646,0.0,0.41732283464566927,0.14173228346456693,0.36220472440944884
2024-08-29T11:08:21.299475,interface,0.3779527559055118,0.6280873353028549,0.08661417322834646,0.08661417322834646,0.0,0.41732283464566927,0.14173228346456693,0.3543307086614173
2024-08-29T11:08:21.300619,interface,0.3779527559055118,0.6280873353028549,0.08661417322834646,0.08661417322834646,0.0,0.41732283464566927,0.14173228346456693,0.3464566929133858
2024-08-29T11:08:21.303877,interface,0.3779527559055118,0.6280873353028549,0.08661417322834646,0.08661417322834646,0.0,0.41732283464566927,0.14173228346456693,0.33858267716535434
2024-08-29T11:08:21.307330,interface,0.3779527559055118,0.6280873353028549,0.08661417322834646,0.08661417322834646,0.0,0.41732283464566927,0.14173228346456693,0.33070866141732286
2024-08-29T11:08:21.310716,interface,0.3779527559055118,0.6280873353028549,0.08661417322834646,0.08661417322834646,0.0,0.41732283464566927,0.14173228346456693,0.3228346456692913
2024-08-29T11:08:21.323370,interface,0.3779527559055118,0.6280873353028549,0.08661417322834646,0.08661417322834646,0.0,0.41732283464566927,0.14173228346456693,0.31496062992125984
2024-08-29T11:08:21.326767,interface,0.3779527559055118,0.6280873353028549,0.08661417322834646,0.08661417322834646,0.0,0.41732283464566927,0.14173228346456693,0.30708661417322836
2024-08-29T11:08:21.359674,interface,0.3779527559055118,0.6280873353028549,0.08661417322834646,0.08661417322834646,0.0,0.41732283464566927,0.14173228346456693,0.31496062992125984
2024-08-29T11:08:21.360835,interface,0.3779527559055118,0.6280873353028549,0.08661417322834646,0.08661417322834646,0.0,0.41732283464566927,0.14173228346456693,0.3228346456692913
2024-08-29T11:08:21.364063,interface,0.3779527559055118,0.6280873353028549,0.08661417322834646,0.08661417322834646,0.0,0.41732283464566927,0.14173228346456693,0.33070866141732286
2024-08-29T11:08:21.367531,interface,0.3779527559055118,0.6280873353028549,0.08661417322834646,0.08661417322834646,0.0,0.41732283464566927,0.14173228346456693,0.33858267716535434
2024-08-29T11:08:21.370917,interface,0.3779527559055118,0.6280873353028549,0.08661417322834646,0.08661417322834646,0.0,0.41732283464566927,0.14173228346456693,0.3464566929133858
2024-08-29T11:08:21.376186,interface,0.3779527559055118,0.6280873353028549,0.08661417322834646,0.08661417322834646,0.0,0.41732283464566927,0.14173228346456693,0.3543307086614173
2024-08-29T11:08:21.379596,interface,0.3779527559055118,0.6280873353028549,0.08661417322834646,0.08661417322834646,0.0,0.41732283464566927,0.14173228346456693,0.3700787401574803
2024-08-29T11:08:21.382993,interface,0.3779527559055118,0.6280873353028549,0.08661417322834646,0.08661417322834646,0.0,0.41732283464566927,0.14173228346456693,0.3779527559055118
2024-08-29T11:08:21.391820,interface,0.3779527559055118,0.6280873353028549,0.08661417322834646,0.08661417322834646,0.0,0.41732283464566927,0.14173228346456693,0.3937007874015748
2024-08-29T11:08:21.392965,interface,0.3779527559055118,0.6280873353028549,0.08661417322834646,0.08661417322834646,0.0,0.41732283464566927,0.14173228346456693,0.4094488188976378
2024-08-29T11:08:21.396202,interface,0.3779527559055118,0.6280873353028549,0.08661417322834646,0.08661417322834646,0.0,0.41732283464566927,0.14173228346456693,0.4251968503937008
2024-08-29T11:08:21.399622,interface,0.3779527559055118,0.6280873353028549,0.08661417322834646,0.08661417322834646,0.0,0.41732283464566927,0.14173228346456693,0.4409448818897638
2024-08-29T11:08:21.403021,interface,0.3779527559055118,0.6280873353028549,0.08661417322834646,0.08661417322834646,0.0,0.41732283464566927,0.14173228346456693,0.4566929133858268
2024-08-29T11:08:21.408295,interface,0.3779527559055118,0.6280873353028549,0.08661417322834646,0.08661417322834646,0.0,0.41732283464566927,0.14173228346456693,0.47244094488188976
2024-08-29T11:08:21.411661,interface,0.3779527559055118,0.6280873353028549,0.08661417322834646,0.08661417322834646,0.0,0.41732283464566927,0.14173228346456693,0.4881889763779528
2024-08-29T11:08:21.415056,interface,0.3779527559055118,0.6280873353028549,0.08661417322834646,0.08661417322834646,0.0,0.41732283464566927,0.14173228346456693,0.5039370078740157
2024-08-29T11:08:21.424119,interface,0.3779527559055118,0.6280873353028549,0.08661417322834646,0.08661417322834646,0.0,0.41732283464566927,0.14173228346456693,0.5196850393700787
2024-08-29T11:08:21.425399,interface,0.3779527559055118,0.6280873353028549,0.08661417322834646,0.08661417322834646,0.0,0.41732283464566927,0.14173228346456693,0.5354330708661418
2024-08-29T11:08:21.426849,interface,0.3779527559055118,0.6280873353028549,0.08661417322834646,0.08661417322834646,0.0,0.41732283464566927,0.14173228346456693,0.5511811023622047
2024-08-29T11:08:21.432574,interface,0.3779527559055118,0.6280873353028549,0.08661417322834646,0.08661417322834646,0.0,0.41732283464566927,0.14173228346456693,0.5590551181102362
2024-08-29T11:08:21.436118,interface,0.3779527559055118,0.6280873353028549,0.08661417322834646,0.08661417322834646,0.0,0.41732283464566927,0.14173228346456693,0.5748031496062992
2024-08-29T11:08:21.439662,interface,0.3779527559055118,0.6280873353028549,0.08661417322834646,0.08661417322834646,0.0,0.41732283464566927,0.14173228346456693,0.5826771653543307
2024-08-29T11:08:21.444936,interface,0.3779527559055118,0.6280873353028549,0.08661417322834646,0.08661417322834646,0.0,0.41732283464566927,0.14173228346456693,0.5905511811023622
2024-08-29T11:08:21.448244,interface,0.3779527559055118,0.6280873353028549,0.08661417322834646,0.08661417322834646,0.0,0.41732283464566927,0.14173228346456693,0.5984251968503937
2024-08-29T11:08:21.451693,interface,0.3779527559055118,0.6280873353028549,0.08661417322834646,0.08661417322834646,0.0,0.41732283464566927,0.14173228346456693,0.6062992125984252
2024-08-29T11:08:21.463875,interface,0.3779527559055118,0.6280873353028549,0.08661417322834646,0.08661417322834646,0.0,0.41732283464566927,0.14173228346456693,0.6141732283464567
2024-08-29T11:08:21.475855,interface,0.3779527559055118,0.6280873353028549,0.08661417322834646,0.08661417322834646,0.0,0.41732283464566927,0.14173228346456693,0.6220472440944882
2024-08-29T11:08:21.491985,interface,0.3779527559055118,0.6280873353028549,0.08661417322834646,0.08661417322834646,0.0,0.41732283464566927,0.14173228346456693,0.6299212598425197
2024-08-29T11:08:21.728312,interface,0.4330708661417323,0.6280873353028549,0.08661417322834646,0.08661417322834646,0.0,0.41732283464566927,0.14173228346456693,0.6299212598425197
2024-08-29T11:08:21.810490,interface,0.5039370078740157,0.6280873353028549,0.08661417322834646,0.08661417322834646,0.0,0.41732283464566927,0.14173228346456693,0.6299212598425197
2024-08-29T11:08:21.833916,interface,0.4881889763779528,0.6280873353028549,0.08661417322834646,0.08661417322834646,0.0,0.41732283464566927,0.14173228346456693,0.6299212598425197
2024-08-29T11:08:21.846297,interface,0.48031496062992124,0.6280873353028549,0.08661417322834646,0.08661417322834646,0.0,0.41732283464566927,0.14173228346456693,0.6299212598425197
2024-08-29T11:08:21.902028,interface,0.4566929133858268,0.6280873353028549,0.08661417322834646,0.08661417322834646,0.0,0.41732283464566927,0.14173228346456693,0.6299212598425197
2024-08-29T11:08:21.966734,interface,0.4330708661417323,0.6280873353028549,0.08661417322834646,0.08661417322834646,0.0,0.41732283464566927,0.14173228346456693,0.6299212598425197
2024-08-29T11:08:22.026246,interface,0.5039370078740157,0.6280873353028549,0.08661417322834646,0.08661417322834646,0.0,0.41732283464566927,0.14173228346456693,0.6299212598425197
2024-08-29T11:08:22.036749,interface,0.48031496062992124,0.6280873353028549,0.08661417322834646,0.08661417322834646,0.0,0.41732283464566927,0.14173228346456693,0.6299212598425197
2024-08-29T11:08:22.051436,interface,0.47244094488188976,0.6280873353028549,0.08661417322834646,0.08661417322834646,0.0,0.41732283464566927,0.14173228346456693,0.6299212598425197
2024-08-29T11:08:22.106248,interface,0.44881889763779526,0.6280873353028549,0.08661417322834646,0.08661417322834646,0.0,0.41732283464566927,0.14173228346456693,0.6299212598425197
2024-08-29T11:08:22.127410,interface,0.4566929133858268,0.6280873353028549,0.08661417322834646,0.08661417322834646,0.0,0.41732283464566927,0.14173228346456693,0.6299212598425197
2024-08-29T11:08:22.166376,interface,0.41732283464566927,0.6280873353028549,0.08661417322834646,0.08661417322834646,0.0,0.41732283464566927,0.14173228346456693,0.6299212598425197
2024-08-29T11:08:22.219519,interface,0.48031496062992124,0.6280873353028549,0.08661417322834646,0.08661417322834646,0.0,0.41732283464566927,0.14173228346456693,0.6299212598425197
2024-08-29T11:08:22.220670,interface,0.4881889763779528,0.6280873353028549,0.08661417322834646,0.08661417322834646,0.0,0.41732283464566927,0.14173228346456693,0.6299212598425197
2024-08-29T11:08:22.231938,interface,0.4645669291338583,0.6280873353028549,0.08661417322834646,0.08661417322834646,0.0,0.41732283464566927,0.14173228346456693,0.6299212598425197
2024-08-29T11:08:22.300191,interface,0.44881889763779526,0.6280873353028549,0.08661417322834646,0.08661417322834646,0.0,0.41732283464566927,0.14173228346456693,0.6299212598425197
2024-08-29T11:08:22.353722,interface,0.41732283464566927,0.6280873353028549,0.08661417322834646,0.08661417322834646,0.0,0.41732283464566927,0.14173228346456693,0.6299212598425197
2024-08-29T12:08:47.657499,interface,0.44881889763779526,0.6280873353028549,0.08661417322834646,0.08661417322834646,0.0,0.41732283464566927,0.14173228346456693,0.6299212598425197
2024-08-29T12:08:47.750551,interface,0.5196850393700787,0.6280873353028549,0.08661417322834646,0.08661417322834646,0.0,0.41732283464566927,0.14173228346456693,0.6299212598425197
2024-08-29T12:08:47.775308,interface,0.5039370078740157,0.6280873353028549,0.08661417322834646,0.08661417322834646,0.0,0.41732283464566927,0.14173228346456693,0.6299212598425197
2024-08-29T12:08:47.797577,interface,0.5275590551181102,0.6280873353028549,0.08661417322834646,0.08661417322834646,0.0,0.41732283464566927,0.14173228346456693,0.6299212598425197
2024-08-29T12:08:47.877815,interface,0.4881889763779528,0.6280873353028549,0.08661417322834646,0.08661417322834646,0.0,0.41732283464566927,0.14173228346456693,0.6299212598425197
2024-08-29T12:08:47.910335,interface,0.44881889763779526,0.6280873353028549,0.08661417322834646,0.08661417322834646,0.0,0.41732283464566927,0.14173228346456693,0.6299212598425197
2024-08-29T12:08:47.988444,interface,0.49606299212598426,0.6280873353028549,0.08661417322834646,0.08661417322834646,0.0,0.41732283464566927,0.14173228346456693,0.6299212598425197
2024-08-29T12:08:47.989808,interface,0.48031496062992124,0.6280873353028549,0.08661417322834646,0.08661417322834646,0.0,0.41732283464566927,0.14173228346456693,0.6299212598425197
2024-08-29T12:08:48.052744,interface,0.4645669291338583,0.6280873353028549,0.08661417322834646,0.08661417322834646,0.0,0.41732283464566927,0.14173228346456693,0.6299212598425197
2024-08-29T12:08:48.078518,interface,0.4566929133858268,0.6280873353028549,0.08661417322834646,0.08661417322834646,0.0,0.41732283464566927,0.14173228346456693,0.6299212598425197
2024-08-29T12:08:48.122333,interface,0.41732283464566927,0.6280873353028549,0.08661417322834646,0.08661417322834646,0.0,0.41732283464566927,0.14173228346456693,0.6299212598425197
2024-08-29T12:08:48.185460,interface,0.4566929133858268,0.6280873353028549,0.08661417322834646,0.08661417322834646,0.0,0.41732283464566927,0.14173228346456693,0.6299212598425197
2024-08-29T12:08:48.186872,interface,0.4409448818897638,0.6280873353028549,0.08661417322834646,0.08661417322834646,0.0,0.41732283464566927,0.14173228346456693,0.6299212598425197
2024-08-29T12:08:48.250442,interface,0.4251968503937008,0.6280873353028549,0.08661417322834646,0.08661417322834646,0.0,0.41732283464566927,0.14173228346456693,0.6299212598425197
2024-08-29T12:08:48.307580,interface,0.3937007874015748,0.6280873353028549,0.08661417322834646,0.08661417322834646,0.0,0.41732283464566927,0.14173228346456693,0.6299212598425197
2024-08-29T12:08:48.381881,interface,0.4409448818897638,0.6280873353028549,0.08661417322834646,0.08661417322834646,0.0,0.41732283464566927,0.14173228346456693,0.6299212598425197
2024-08-29T12:08:48.382993,interface,0.4251968503937008,0.6280873353028549,0.08661417322834646,0.08661417322834646,0.0,0.41732283464566927,0.14173228346456693,0.6299212598425197
2024-08-29T12:08:48.433844,interface,0.4094488188976378,0.6280873353028549,0.08661417322834646,0.08661417322834646,0.0,0.41732283464566927,0.14173228346456693,0.6299212598425197
2024-08-29T12:08:48.507836,interface,0.3937007874015748,0.6280873353028549,0.08661417322834646,0.08661417322834646,0.0,0.41732283464566927,0.14173228346456693,0.6299212598425197
2024-08-29T12:08:48.565550,interface,0.4251968503937008,0.6280873353028549,0.08661417322834646,0.08661417322834646,0.0,0.41732283464566927,0.14173228346456693,0.6299212598425197
2024-08-29T12:08:48.566736,interface,0.4094488188976378,0.6280873353028549,0.08661417322834646,0.08661417322834646,0.0,0.41732283464566927,0.14173228346456693,0.6299212598425197
2024-08-29T12:08:48.633194,interface,0.3937007874015748,0.6280873353028549,0.08661417322834646,0.08661417322834646,0.0,0.41732283464566927,0.14173228346456693,0.6299212598425197
2024-08-29T12:08:48.699582,interface,0.3779527559055118,0.6280873353028549,0.08661417322834646,0.08661417322834646,0.0,0.41732283464566927,0.14173228346456693,0.6299212598425197
2024-08-29T12:08:48.760183,interface,0.4094488188976378,0.6280873353028549,0.08661417322834646,0.08661417322834646,0.0,0.41732283464566927,0.14173228346456693,0.6299212598425197
2024-08-29T12:08:48.795375,interface,0.4015748031496063,0.6280873353028549,0.08661417322834646,0.08661417322834646,0.0,0.41732283464566927,0.14173228346456693,0.6299212598425197
2024-08-29T12:08:48.822307,interface,0.3858267716535433,0.6280873353028549,0.08661417322834646,0.08661417322834646,0.0,0.41732283464566927,0.14173228346456693,0.6299212598425197
2024-08-29T12:08:48.904455,interface,0.3779527559055118,0.6280873353028549,0.08661417322834646,0.08661417322834646,0.0,0.41732283464566927,0.14173228346456693,0.6299212598425197
2024-08-29T12:08:48.963499,interface,0.4015748031496063,0.6280873353028549,0.08661417322834646,0.08661417322834646,0.0,0.41732283464566927,0.14173228346456693,0.6299212598425197
2024-08-29T12:08:48.964685,interface,0.3858267716535433,0.6280873353028549,0.08661417322834646,0.08661417322834646,0.0,0.41732283464566927,0.14173228346456693,0.6299212598425197
2024-08-29T12:08:49.021841,interface,0.3779527559055118,0.6280873353028549,0.08661417322834646,0.08661417322834646,0.0,0.41732283464566927,0.14173228346456693,0.6299212598425197
2024-08-29T12:08:49.105214,interface,0.3779527559055118,0.6280873353028549,0.08661417322834646,0.08661417322834646,0.0,0.41732283464566927,0.14173228346456693,0.6299212598425197
2024-08-29T12:08:49.176602,interface,0.4015748031496063,0.6280873353028549,0.08661417322834646,0.08661417322834646,0.0,0.41732283464566927,0.14173228346456693,0.6299212598425197
2024-08-29T12:08:49.177796,interface,0.3937007874015748,0.6280873353028549,0.08661417322834646,0.08661417322834646,0.0,0.41732283464566927,0.14173228346456693,0.6299212598425197
2024-08-29T12:08:49.228215,interface,0.3858267716535433,0.6280873353028549,0.08661417322834646,0.08661417322834646,0.0,0.41732283464566927,0.14173228346456693,0.6299212598425197
2024-08-29T12:08:49.313232,interface,0.3779527559055118,0.6280873353028549,0.08661417322834646,0.08661417322834646,0.0,0.41732283464566927,0.14173228346456693,0.6299212598425197
2024-08-29T12:08:49.381652,interface,0.4094488188976378,0.6280873353028549,0.08661417322834646,0.08661417322834646,0.0,0.41732283464566927,0.14173228346456693,0.6299212598425197
2024-08-29T12:08:49.382827,interface,0.3937007874015748,0.6280873353028549,0.08661417322834646,0.08661417322834646,0.0,0.41732283464566927,0.14173228346456693,0.6299212598425197
2024-08-29T12:08:49.427205,interface,0.3858267716535433,0.6280873353028549,0.08661417322834646,0.08661417322834646,0.0,0.41732283464566927,0.14173228346456693,0.6299212598425197
2024-08-29T12:08:49.511270,interface,0.3779527559055118,0.6280873353028549,0.08661417322834646,0.08661417322834646,0.0,0.41732283464566927,0.14173228346456693,0.6299212598425197
2024-08-29T12:08:49.574587,interface,0.4015748031496063,0.6280873353028549,0.08661417322834646,0.08661417322834646,0.0,0.41732283464566927,0.14173228346456693,0.6299212598425197
2024-08-29T12:08:49.575800,interface,0.4094488188976378,0.6280873353028549,0.08661417322834646,0.08661417322834646,0.0,0.41732283464566927,0.14173228346456693,0.6299212598425197
2024-08-29T12:08:49.576745,interface,0.41732283464566927,0.6280873353028549,0.08661417322834646,0.08661417322834646,0.0,0.41732283464566927,0.14173228346456693,0.6299212598425197
2024-08-29T12:08:49.619090,interface,0.3858267716535433,0.6280873353028549,0.08661417322834646,0.08661417322834646,0.0,0.41732283464566927,0.14173228346456693,0.6299212598425197
2024-08-29T12:08:49.710271,interface,0.3779527559055118,0.6280873353028549,0.08661417322834646,0.08661417322834646,0.0,0.41732283464566927,0.14173228346456693,0.6299212598425197
2024-08-29T12:08:49.759079,interface,0.41732283464566927,0.6280873353028549,0.08661417322834646,0.08661417322834646,0.0,0.41732283464566927,0.14173228346456693,0.6299212598425197
2024-08-29T12:08:49.760531,interface,0.4015748031496063,0.6280873353028549,0.08661417322834646,0.08661417322834646,0.0,0.41732283464566927,0.14173228346456693,0.6299212598425197
2024-08-29T12:08:49.762046,interface,0.4330708661417323,0.6280873353028549,0.08661417322834646,0.08661417322834646,0.0,0.41732283464566927,0.14173228346456693,0.6299212598425197
2024-08-29T12:08:49.803027,interface,0.3858267716535433,0.6280873353028549,0.08661417322834646,0.08661417322834646,0.0,0.41732283464566927,0.14173228346456693,0.6299212598425197
2024-08-29T12:08:49.885182,interface,0.3779527559055118,0.6280873353028549,0.08661417322834646,0.08661417322834646,0.0,0.41732283464566927,0.14173228346456693,0.6299212598425197
2024-08-29T12:08:49.951234,interface,0.3937007874015748,0.6280873353028549,0.08661417322834646,0.08661417322834646,0.0,0.41732283464566927,0.14173228346456693,0.6299212598425197
2024-08-29T12:08:49.979653,interface,0.4094488188976378,0.6280873353028549,0.08661417322834646,0.08661417322834646,0.0,0.41732283464566927,0.14173228346456693,0.6299212598425197
2024-08-29T12:08:50.004196,interface,0.41732283464566927,0.6280873353028549,0.08661417322834646,0.08661417322834646,0.0,0.41732283464566927,0.14173228346456693,0.6299212598425197
2024-08-29T12:08:50.023557,interface,0.4330708661417323,0.6280873353028549,0.08661417322834646,0.08661417322834646,0.0,0.41732283464566927,0.14173228346456693,0.6299212598425197
2024-08-29T12:08:50.039536,interface,0.44881889763779526,0.6280873353028549,0.08661417322834646,0.08661417322834646,0.0,0.41732283464566927,0.14173228346456693,0.6299212598425197
2024-08-29T12:08:50.049979,interface,0.4645669291338583,0.6280873353028549,0.08661417322834646,0.08661417322834646,0.0,0.41732283464566927,0.14173228346456693,0.6299212598425197
2024-08-29T12:08:50.061561,interface,0.47244094488188976,0.6280873353028549,0.08661417322834646,0.08661417322834646,0.0,0.41732283464566927,0.14173228346456693,0.6299212598425197
2024-08-29T12:08:50.072998,interface,0.4881889763779528,0.6280873353028549,0.08661417322834646,0.08661417322834646,0.0,0.41732283464566927,0.14173228346456693,0.6299212598425197
2024-08-29T12:08:50.090702,interface,0.5039370078740157,0.6280873353028549,0.08661417322834646,0.08661417322834646,0.0,0.41732283464566927,0.14173228346456693,0.6299212598425197
2024-08-29T12:08:50.105853,interface,0.5275590551181102,0.6280873353028549,0.08661417322834646,0.08661417322834646,0.0,0.41732283464566927,0.14173228346456693,0.6299212598425197
2024-08-29T12:08:50.121983,interface,0.5433070866141733,0.6280873353028549,0.08661417322834646,0.08661417322834646,0.0,0.41732283464566927,0.14173228346456693,0.6299212598425197
2024-08-29T12:08:50.151433,interface,0.5669291338582677,0.6280873353028549,0.08661417322834646,0.08661417322834646,0.0,0.41732283464566927,0.14173228346456693,0.6299212598425197
2024-08-29T12:08:50.196232,interface,0.5669291338582677,0.6280873353028549,0.08661417322834646,0.08661417322834646,0.0,0.41732283464566927,0.14173228346456693,0.6299212598425197
2024-08-29T12:08:50.207407,interface,0.5590551181102362,0.6280873353028549,0.08661417322834646,0.08661417322834646,0.0,0.41732283464566927,0.14173228346456693,0.6299212598425197
2024-08-29T12:08:50.221557,interface,0.5433070866141733,0.6280873353028549,0.08661417322834646,0.08661417322834646,0.0,0.41732283464566927,0.14173228346456693,0.6299212598425197
2024-08-29T12:08:50.234042,interface,0.5275590551181102,0.6280873353028549,0.08661417322834646,0.08661417322834646,0.0,0.41732283464566927,0.14173228346456693,0.6299212598425197
2024-08-29T12:08:50.248081,interface,0.5118110236220472,0.6280873353028549,0.08661417322834646,0.08661417322834646,0.0,0.41732283464566927,0.14173228346456693,0.6299212598425197
2024-08-29T12:08:50.260487,interface,0.5039370078740157,0.6280873353028549,0.08661417322834646,0.08661417322834646,0.0,0.41732283464566927,0.14173228346456693,0.6299212598425197
2024-08-29T12:08:50.274486,interface,0.4881889763779528,0.6280873353028549,0.08661417322834646,0.08661417322834646,0.0,0.41732283464566927,0.14173228346456693,0.6299212598425197
2024-08-29T12:08:50.287063,interface,0.47244094488188976,0.6280873353028549,0.08661417322834646,0.08661417322834646,0.0,0.41732283464566927,0.14173228346456693,0.6299212598425197
2024-08-29T12:08:50.301048,interface,0.4645669291338583,0.6280873353028549,0.08661417322834646,0.08661417322834646,0.0,0.41732283464566927,0.14173228346456693,0.6299212598425197
2024-08-29T12:08:50.313531,interface,0.44881889763779526,0.6280873353028549,0.08661417322834646,0.08661417322834646,0.0,0.41732283464566927,0.14173228346456693,0.6299212598425197
2024-08-29T12:08:50.326007,interface,0.4330708661417323,0.6280873353028549,0.08661417322834646,0.08661417322834646,0.0,0.41732283464566927,0.14173228346456693,0.6299212598425197
2024-08-29T12:08:50.341539,interface,0.41732283464566927,0.6280873353028549,0.08661417322834646,0.08661417322834646,0.0,0.41732283464566927,0.14173228346456693,0.6299212598425197
2024-08-29T12:08:50.381580,interface,0.4094488188976378,0.6280873353028549,0.08661417322834646,0.08661417322834646,0.0,0.41732283464566927,0.14173228346456693,0.6299212598425197
2024-08-29T12:08:50.502304,interface,0.44881889763779526,0.6280873353028549,0.08661417322834646,0.08661417322834646,0.0,0.41732283464566927,0.14173228346456693,0.6299212598425197
2024-08-29T12:08:50.515558,interface,0.4645669291338583,0.6280873353028549,0.08661417322834646,0.08661417322834646,0.0,0.41732283464566927,0.14173228346456693,0.6299212598425197
2024-08-29T12:08:50.527303,interface,0.47244094488188976,0.6280873353028549,0.08661417322834646,0.08661417322834646,0.0,0.41732283464566927,0.14173228346456693,0.6299212598425197
2024-08-29T12:08:50.538537,interface,0.4881889763779528,0.6280873353028549,0.08661417322834646,0.08661417322834646,0.0,0.41732283464566927,0.14173228346456693,0.6299212598425197
2024-08-29T12:08:50.556693,interface,0.5039370078740157,0.6280873353028549,0.08661417322834646,0.08661417322834646,0.0,0.41732283464566927,0.14173228346456693,0.6299212598425197
2024-08-29T12:08:50.560043,interface,0.5118110236220472,0.6280873353028549,0.08661417322834646,0.08661417322834646,0.0,0.41732283464566927,0.14173228346456693,0.6299212598425197
2024-08-29T12:08:50.576241,interface,0.5275590551181102,0.6280873353028549,0.08661417322834646,0.08661417322834646,0.0,0.41732283464566927,0.14173228346456693,0.6299212598425197
2024-08-29T12:09:01.298530,interface,0.5669291338582677,0.6280873353028549,0.08661417322834646,0.08661417322834646,0.0,0.41732283464566927,0.14173228346456693,0.6299212598425197
2024-08-29T12:09:01.461504,interface,0.5669291338582677,0.6280873353028549,0.08661417322834646,0.08661417322834646,0.0,0.41732283464566927,0.14173228346456693,0.6299212598425197
2024-08-29T12:09:01.608449,interface,0.5669291338582677,0.6280873353028549,0.08661417322834646,0.08661417322834646,0.0,0.41732283464566927,0.14173228346456693,0.6299212598425197
2024-08-29T12:09:01.759097,interface,0.5669291338582677,0.6280873353028549,0.08661417322834646,0.08661417322834646,0.0,0.41732283464566927,0.14173228346456693,0.6299212598425197
2024-08-29T12:09:04.121084,interface,0.5669291338582677,0.6280873353028549,0.08661417322834646,0.08661417322834646,0.0,0.41732283464566927,0.14173228346456693,0.6299212598425197
2024-08-29T12:09:05.119745,interface,0.5669291338582677,0.6280873353028549,0.08661417322834646,0.08661417322834646,0.0,0.41732283464566927,0.14173228346456693,0.6299212598425197
2024-08-29T12:09:05.321167,interface,0.5669291338582677,0.6280873353028549,0.08661417322834646,0.08661417322834646,0.0,0.41732283464566927,0.14173228346456693,0.6299212598425197
2024-08-29T12:09:05.396540,interface,0.5118110236220472,0.6280873353028549,0.08661417322834646,0.08661417322834646,0.0,0.41732283464566927,0.14173228346456693,0.6299212598425197
2024-08-29T12:09:06.169769,interface,0.5118110236220472,0.6280873353028549,0.08661417322834646,0.08661417322834646,0.0,0.41732283464566927,0.14173228346456693,0.6299212598425197
2024-08-29T12:09:06.356347,interface,0.5433070866141733,0.6280873353028549,0.08661417322834646,0.08661417322834646,0.0,0.41732283464566927,0.14173228346456693,0.6299212598425197
2024-08-29T12:09:07.412393,interface,0.5590551181102362,0.6280873353028549,0.08661417322834646,0.08661417322834646,0.0,0.41732283464566927,0.14173228346456693,0.6299212598425197
2024-08-29T12:09:11.443654,interface,0.5590551181102362,0.6280873353028549,0.09448818897637795,0.08661417322834646,0.0,0.41732283464566927,0.14173228346456693,0.6299212598425197
2024-08-29T12:09:11.463679,interface,0.5590551181102362,0.6280873353028549,0.10236220472440945,0.08661417322834646,0.0,0.41732283464566927,0.14173228346456693,0.6299212598425197
2024-08-29T12:09:11.483741,interface,0.5590551181102362,0.6280873353028549,0.11023622047244094,0.08661417322834646,0.0,0.41732283464566927,0.14173228346456693,0.6299212598425197
2024-08-29T12:09:11.495731,interface,0.5590551181102362,0.6280873353028549,0.11811023622047244,0.08661417322834646,0.0,0.41732283464566927,0.14173228346456693,0.6299212598425197
2024-08-29T12:09:11.507740,interface,0.5590551181102362,0.6280873353028549,0.12598425196850394,0.08661417322834646,0.0,0.41732283464566927,0.14173228346456693,0.6299212598425197
2024-08-29T12:09:11.519836,interface,0.5590551181102362,0.6280873353028549,0.13385826771653545,0.08661417322834646,0.0,0.41732283464566927,0.14173228346456693,0.6299212598425197
2024-08-29T12:09:11.531815,interface,0.5590551181102362,0.6280873353028549,0.14173228346456693,0.08661417322834646,0.0,0.41732283464566927,0.14173228346456693,0.6299212598425197
2024-08-29T12:09:11.547931,interface,0.5590551181102362,0.6280873353028549,0.14960629921259844,0.08661417322834646,0.0,0.41732283464566927,0.14173228346456693,0.6299212598425197
2024-08-29T12:09:11.563996,interface,0.5590551181102362,0.6280873353028549,0.15748031496062992,0.08661417322834646,0.0,0.41732283464566927,0.14173228346456693,0.6299212598425197
2024-08-29T12:09:11.587997,interface,0.5590551181102362,0.6280873353028549,0.16535433070866143,0.08661417322834646,0.0,0.41732283464566927,0.14173228346456693,0.6299212598425197
2024-08-29T12:09:11.620142,interface,0.5590551181102362,0.6280873353028549,0.1732283464566929,0.08661417322834646,0.0,0.41732283464566927,0.14173228346456693,0.6299212598425197
2024-08-29T12:09:11.648283,interface,0.5590551181102362,0.6280873353028549,0.18110236220472442,0.08661417322834646,0.0,0.41732283464566927,0.14173228346456693,0.6299212598425197
2024-08-29T12:09:11.680333,interface,0.5590551181102362,0.6280873353028549,0.1889763779527559,0.08661417322834646,0.0,0.41732283464566927,0.14173228346456693,0.6299212598425197
2024-08-29T12:09:11.720517,interface,0.5590551181102362,0.6280873353028549,0.1968503937007874,0.08661417322834646,0.0,0.41732283464566927,0.14173228346456693,0.6299212598425197
2024-08-29T12:09:11.744488,interface,0.5590551181102362,0.6280873353028549,0.2047244094488189,0.08661417322834646,0.0,0.41732283464566927,0.14173228346456693,0.6299212598425197
2024-08-29T12:09:11.764546,interface,0.5590551181102362,0.6280873353028549,0.2125984251968504,0.08661417322834646,0.0,0.41732283464566927,0.14173228346456693,0.6299212598425197
2024-08-29T12:09:11.792745,interface,0.5590551181102362,0.6280873353028549,0.2204724409448819,0.08661417322834646,0.0,0.41732283464566927,0.14173228346456693,0.6299212598425197
2024-08-29T12:09:11.828780,interface,0.5590551181102362,0.6280873353028549,0.2283464566929134,0.08661417322834646,0.0,0.41732283464566927,0.14173228346456693,0.6299212598425197
2024-08-29T12:09:11.860896,interface,0.5590551181102362,0.6280873353028549,0.23622047244094488,0.08661417322834646,0.0,0.41732283464566927,0.14173228346456693,0.6299212598425197
2024-08-29T12:09:11.917075,interface,0.5590551181102362,0.6280873353028549,0.2440944881889764,0.08661417322834646,0.0,0.41732283464566927,0.14173228346456693,0.6299212598425197
2024-08-29T12:09:12.033468,interface,0.5590551181102362,0.6280873353028549,0.25196850393700787,0.08661417322834646,0.0,0.41732283464566927,0.14173228346456693,0.6299212598425197
2024-08-29T12:09:12.073610,interface,0.5590551181102362,0.6280873353028549,0.25984251968503935,0.08661417322834646,0.0,0.41732283464566927,0.14173228346456693,0.6299212598425197
2024-08-29T12:09:12.121851,interface,0.5590551181102362,0.6280873353028549,0.2677165354330709,0.08661417322834646,0.0,0.41732283464566927,0.14173228346456693,0.6299212598425197
2024-08-29T12:09:12.177894,interface,0.5590551181102362,0.6280873353028549,0.2755905511811024,0.08661417322834646,0.0,0.41732283464566927,0.14173228346456693,0.6299212598425197
2024-08-29T12:09:12.270163,interface,0.5590551181102362,0.6280873353028549,0.28346456692913385,0.08661417322834646,0.0,0.41732283464566927,0.14173228346456693,0.6299212598425197
2024-08-29T12:09:12.354396,interface,0.5590551181102362,0.6280873353028549,0.29133858267716534,0.08661417322834646,0.0,0.41732283464566927,0.14173228346456693,0.6299212598425197
2024-08-29T12:09:12.394555,interface,0.5590551181102362,0.6280873353028549,0.2992125984251969,0.08661417322834646,0.0,0.41732283464566927,0.14173228346456693,0.6299212598425197
2024-08-29T12:09:12.438711,interface,0.5590551181102362,0.6280873353028549,0.30708661417322836,0.08661417322834646,0.0,0.41732283464566927,0.14173228346456693,0.6299212598425197
2024-08-29T12:09:12.466790,interface,0.5590551181102362,0.6280873353028549,0.31496062992125984,0.08661417322834646,0.0,0.41732283464566927,0.14173228346456693,0.6299212598425197
2024-08-29T12:09:12.490968,interface,0.5590551181102362,0.6280873353028549,0.3228346456692913,0.08661417322834646,0.0,0.41732283464566927,0.14173228346456693,0.6299212598425197
2024-08-29T12:09:12.518958,interface,0.5590551181102362,0.6280873353028549,0.33070866141732286,0.08661417322834646,0.0,0.41732283464566927,0.14173228346456693,0.6299212598425197
2024-08-29T12:09:12.551091,interface,0.5590551181102362,0.6280873353028549,0.33858267716535434,0.08661417322834646,0.0,0.41732283464566927,0.14173228346456693,0.6299212598425197
2024-08-29T12:09:12.591270,interface,0.5590551181102362,0.6280873353028549,0.3464566929133858,0.08661417322834646,0.0,0.41732283464566927,0.14173228346456693,0.6299212598425197
2024-08-29T12:09:12.635360,interface,0.5590551181102362,0.6280873353028549,0.3543307086614173,0.08661417322834646,0.0,0.41732283464566927,0.14173228346456693,0.6299212598425197
2024-08-29T12:09:12.667632,interface,0.5590551181102362,0.6280873353028549,0.36220472440944884,0.08661417322834646,0.0,0.41732283464566927,0.14173228346456693,0.6299212598425197
2024-08-29T12:09:12.699611,interface,0.5590551181102362,0.6280873353028549,0.3700787401574803,0.08661417322834646,0.0,0.41732283464566927,0.14173228346456693,0.6299212598425197
2024-08-29T12:09:12.731763,interface,0.5590551181102362,0.6280873353028549,0.3779527559055118,0.08661417322834646,0.0,0.41732283464566927,0.14173228346456693,0.6299212598425197
2024-08-29T12:09:12.763823,interface,0.5590551181102362,0.6280873353028549,0.3858267716535433,0.08661417322834646,0.0,0.41732283464566927,0.14173228346456693,0.6299212598425197
2024-08-29T12:09:12.783871,interface,0.5590551181102362,0.6280873353028549,0.3937007874015748,0.08661417322834646,0.0,0.41732283464566927,0.14173228346456693,0.6299212598425197
2024-08-29T12:09:12.803930,interface,0.5590551181102362,0.6280873353028549,0.4015748031496063,0.08661417322834646,0.0,0.41732283464566927,0.14173228346456693,0.6299212598425197
2024-08-29T12:09:12.820040,interface,0.5590551181102362,0.6280873353028549,0.4094488188976378,0.08661417322834646,0.0,0.41732283464566927,0.14173228346456693,0.6299212598425197
2024-08-29T12:09:12.836057,interface,0.5590551181102362,0.6280873353028549,0.41732283464566927,0.08661417322834646,0.0,0.41732283464566927,0.14173228346456693,0.6299212598425197
2024-08-29T12:09:12.856096,interface,0.5590551181102362,0.6280873353028549,0.4251968503937008,0.08661417322834646,0.0,0.41732283464566927,0.14173228346456693,0.6299212598425197
2024-08-29T12:09:12.872147,interface,0.5590551181102362,0.6280873353028549,0.4330708661417323,0.08661417322834646,0.0,0.41732283464566927,0.14173228346456693,0.6299212598425197
2024-08-29T12:09:12.888181,interface,0.5590551181102362,0.6280873353028549,0.4409448818897638,0.08661417322834646,0.0,0.41732283464566927,0.14173228346456693,0.6299212598425197
2024-08-29T12:09:12.904290,interface,0.5590551181102362,0.6280873353028549,0.44881889763779526,0.08661417322834646,0.0,0.41732283464566927,0.14173228346456693,0.6299212598425197
2024-08-29T12:09:12.928348,interface,0.5590551181102362,0.6280873353028549,0.4566929133858268,0.08661417322834646,0.0,0.41732283464566927,0.14173228346456693,0.6299212598425197
2024-08-29T12:09:12.948353,interface,0.5590551181102362,0.6280873353028549,0.4645669291338583,0.08661417322834646,0.0,0.41732283464566927,0.14173228346456693,0.6299212598425197
2024-08-29T12:09:12.968417,interface,0.5590551181102362,0.6280873353028549,0.47244094488188976,0.08661417322834646,0.0,0.41732283464566927,0.14173228346456693,0.6299212598425197
2024-08-29T12:09:12.988464,interface,0.5590551181102362,0.6280873353028549,0.48031496062992124,0.08661417322834646,0.0,0.41732283464566927,0.14173228346456693,0.6299212598425197
2024-08-29T12:09:13.008611,interface,0.5590551181102362,0.6280873353028549,0.4881889763779528,0.08661417322834646,0.0,0.41732283464566927,0.14173228346456693,0.6299212598425197
2024-08-29T12:09:13.028618,interface,0.5590551181102362,0.6280873353028549,0.49606299212598426,0.08661417322834646,0.0,0.41732283464566927,0.14173228346456693,0.6299212598425197
2024-08-29T12:09:13.052685,interface,0.5590551181102362,0.6280873353028549,0.5039370078740157,0.08661417322834646,0.0,0.41732283464566927,0.14173228346456693,0.6299212598425197
2024-08-29T12:09:13.076863,interface,0.5590551181102362,0.6280873353028549,0.5118110236220472,0.08661417322834646,0.0,0.41732283464566927,0.14173228346456693,0.6299212598425197
2024-08-29T12:09:13.092877,interface,0.5590551181102362,0.6280873353028549,0.5196850393700787,0.08661417322834646,0.0,0.41732283464566927,0.14173228346456693,0.6299212598425197
2024-08-29T12:09:13.113093,interface,0.5590551181102362,0.6280873353028549,0.5275590551181102,0.08661417322834646,0.0,0.41732283464566927,0.14173228346456693,0.6299212598425197
2024-08-29T12:09:13.125042,interface,0.5590551181102362,0.6280873353028549,0.5354330708661418,0.08661417322834646,0.0,0.41732283464566927,0.14173228346456693,0.6299212598425197
2024-08-29T12:09:13.144962,interface,0.5590551181102362,0.6280873353028549,0.5433070866141733,0.08661417322834646,0.0,0.41732283464566927,0.14173228346456693,0.6299212598425197
2024-08-29T12:09:13.161094,interface,0.5590551181102362,0.6280873353028549,0.5511811023622047,0.08661417322834646,0.0,0.41732283464566927,0.14173228346456693,0.6299212598425197
2024-08-29T12:09:13.181133,interface,0.5590551181102362,0.6280873353028549,0.5590551181102362,0.08661417322834646,0.0,0.41732283464566927,0.14173228346456693,0.6299212598425197
2024-08-29T12:09:13.193176,interface,0.5590551181102362,0.6280873353028549,0.5669291338582677,0.08661417322834646,0.0,0.41732283464566927,0.14173228346456693,0.6299212598425197
2024-08-29T12:09:13.213176,interface,0.5590551181102362,0.6280873353028549,0.5748031496062992,0.08661417322834646,0.0,0.41732283464566927,0.14173228346456693,0.6299212598425197
2024-08-29T12:09:13.229239,interface,0.5590551181102362,0.6280873353028549,0.5826771653543307,0.08661417322834646,0.0,0.41732283464566927,0.14173228346456693,0.6299212598425197
2024-08-29T12:09:13.253409,interface,0.5590551181102362,0.6280873353028549,0.5905511811023622,0.08661417322834646,0.0,0.41732283464566927,0.14173228346456693,0.6299212598425197
2024-08-29T12:09:13.273431,interface,0.5590551181102362,0.6280873353028549,0.5984251968503937,0.08661417322834646,0.0,0.41732283464566927,0.14173228346456693,0.6299212598425197
2024-08-29T12:09:13.297504,interface,0.5590551181102362,0.6280873353028549,0.6062992125984252,0.08661417322834646,0.0,0.41732283464566927,0.14173228346456693,0.6299212598425197
2024-08-29T12:09:13.321583,interface,0.5590551181102362,0.6280873353028549,0.6141732283464567,0.08661417322834646,0.0,0.41732283464566927,0.14173228346456693,0.6299212598425197
2024-08-29T12:09:13.345691,interface,0.5590551181102362,0.6280873353028549,0.6220472440944882,0.08661417322834646,0.0,0.41732283464566927,0.14173228346456693,0.6299212598425197
2024-08-29T12:09:13.373735,interface,0.5590551181102362,0.6280873353028549,0.6299212598425197,0.08661417322834646,0.0,0.41732283464566927,0.14173228346456693,0.6299212598425197
2024-08-29T12:09:13.405808,interface,0.5590551181102362,0.6280873353028549,0.6377952755905512,0.08661417322834646,0.0,0.41732283464566927,0.14173228346456693,0.6299212598425197
2024-08-29T12:09:13.446017,interface,0.5590551181102362,0.6280873353028549,0.6456692913385826,0.08661417322834646,0.0,0.41732283464566927,0.14173228346456693,0.6299212598425197
2024-08-29T12:09:13.494087,interface,0.5590551181102362,0.6280873353028549,0.6535433070866141,0.08661417322834646,0.0,0.41732283464566927,0.14173228346456693,0.6299212598425197
2024-08-29T12:09:13.610492,interface,0.5590551181102362,0.6280873353028549,0.6614173228346457,0.08661417322834646,0.0,0.41732283464566927,0.14173228346456693,0.6299212598425197
2024-08-29T12:09:15.681236,interface,0.5590551181102362,0.6280873353028549,0.6692913385826772,0.08661417322834646,0.0,0.41732283464566927,0.14173228346456693,0.6299212598425197
2024-08-29T12:09:15.713213,interface,0.5590551181102362,0.6280873353028549,0.6771653543307087,0.08661417322834646,0.0,0.41732283464566927,0.14173228346456693,0.6299212598425197
2024-08-29T12:09:15.751193,interface,0.5590551181102362,0.6280873353028549,0.6850393700787402,0.08661417322834646,0.0,0.41732283464566927,0.14173228346456693,0.6299212598425197
2024-08-29T12:09:15.806345,interface,0.5590551181102362,0.6280873353028549,0.6929133858267716,0.08661417322834646,0.0,0.41732283464566927,0.14173228346456693,0.6299212598425197
2024-08-29T12:09:15.867450,interface,0.5590551181102362,0.6280873353028549,0.7007874015748031,0.08661417322834646,0.0,0.41732283464566927,0.14173228346456693,0.6299212598425197
2024-08-29T12:09:15.938853,interface,0.5590551181102362,0.6280873353028549,0.7086614173228346,0.08661417322834646,0.0,0.41732283464566927,0.14173228346456693,0.6299212598425197
2024-08-29T12:09:16.008045,interface,0.5590551181102362,0.6280873353028549,0.7165354330708661,0.08661417322834646,0.0,0.41732283464566927,0.14173228346456693,0.6299212598425197
2024-08-29T12:09:16.100251,interface,0.5590551181102362,0.6280873353028549,0.7244094488188977,0.08661417322834646,0.0,0.41732283464566927,0.14173228346456693,0.6299212598425197
2024-08-29T12:09:16.156314,interface,0.5590551181102362,0.6280873353028549,0.7322834645669292,0.08661417322834646,0.0,0.41732283464566927,0.14173228346456693,0.6299212598425197
2024-08-29T12:09:16.272794,interface,0.5590551181102362,0.6280873353028549,0.7401574803149606,0.08661417322834646,0.0,0.41732283464566927,0.14173228346456693,0.6299212598425197
2024-08-29T12:09:16.356934,interface,0.5590551181102362,0.6280873353028549,0.7480314960629921,0.08661417322834646,0.0,0.41732283464566927,0.14173228346456693,0.6299212598425197
2024-08-29T12:09:16.437143,interface,0.5590551181102362,0.6280873353028549,0.7559055118110236,0.08661417322834646,0.0,0.41732283464566927,0.14173228346456693,0.6299212598425197
2024-08-29T12:09:16.501535,interface,0.5590551181102362,0.6280873353028549,0.7637795275590551,0.08661417322834646,0.0,0.41732283464566927,0.14173228346456693,0.6299212598425197
2024-08-29T12:09:16.548798,interface,0.5590551181102362,0.6280873353028549,0.7716535433070866,0.08661417322834646,0.0,0.41732283464566927,0.14173228346456693,0.6299212598425197
2024-08-29T12:09:16.600805,interface,0.5590551181102362,0.6280873353028549,0.7795275590551181,0.08661417322834646,0.0,0.41732283464566927,0.14173228346456693,0.6299212598425197
2024-08-29T12:09:16.660047,interface,0.5590551181102362,0.6280873353028549,0.7874015748031497,0.08661417322834646,0.0,0.41732283464566927,0.14173228346456693,0.6299212598425197
2024-08-29T12:09:18.063226,interface,0.5118110236220472,0.6280873353028549,0.7874015748031497,0.08661417322834646,0.0,0.41732283464566927,0.14173228346456693,0.6299212598425197
2024-08-29T12:09:18.245714,interface,0.5118110236220472,0.6280873353028549,0.7874015748031497,0.08661417322834646,0.0,0.41732283464566927,0.14173228346456693,0.6299212598425197
2024-08-29T12:09:18.407153,interface,0.5118110236220472,0.6280873353028549,0.7874015748031497,0.08661417322834646,0.0,0.41732283464566927,0.14173228346456693,0.6299212598425197
2024-08-29T12:09:25.921372,interface,0.47244094488188976,0.6280873353028549,0.7874015748031497,0.08661417322834646,0.0,0.41732283464566927,0.14173228346456693,0.6299212598425197
2024-08-29T12:09:30.805927,interface,0.5039370078740157,0.6280873353028549,0.7874015748031497,0.08661417322834646,0.0,0.41732283464566927,0.14173228346456693,0.6299212598425197
2024-08-29T12:09:32.100001,interface,0.5433070866141733,0.6280873353028549,0.7874015748031497,0.08661417322834646,0.0,0.41732283464566927,0.14173228346456693,0.6299212598425197
2024-08-29T12:09:32.906010,interface,0.5196850393700787,0.6280873353028549,0.7874015748031497,0.08661417322834646,0.0,0.41732283464566927,0.14173228346456693,0.6299212598425197
2024-08-29T12:09:34.494059,interface,0.4330708661417323,0.6280873353028549,0.7874015748031497,0.08661417322834646,0.0,0.41732283464566927,0.14173228346456693,0.6299212598425197
2024-08-29T12:09:36.944186,interface,0.5433070866141733,0.6280873353028549,0.7874015748031497,0.08661417322834646,0.0,0.41732283464566927,0.14173228346456693,0.6299212598425197
2024-08-29T12:09:37.224243,interface,0.5433070866141733,0.6280873353028549,0.7874015748031497,0.08661417322834646,0.0,0.41732283464566927,0.14173228346456693,0.6299212598425197
2024-08-29T12:09:51.965632,interface,0.5433070866141733,0.6280873353028549,0.7874015748031497,0.08661417322834646,0.0,0.41732283464566927,0.25984251968503935,0.6299212598425197
2024-08-29T12:09:52.272936,interface,0.5433070866141733,0.6280873353028549,0.7874015748031497,0.08661417322834646,0.0,0.41732283464566927,0.2677165354330709,0.6299212598425197
2024-08-29T12:09:52.499748,interface,0.5433070866141733,0.6280873353028549,0.7874015748031497,0.08661417322834646,0.0,0.41732283464566927,0.2440944881889764,0.6299212598425197
2024-08-29T12:09:52.743876,interface,0.5433070866141733,0.6280873353028549,0.7874015748031497,0.13385826771653545,0.0,0.41732283464566927,0.2440944881889764,0.6299212598425197
2024-08-29T12:09:53.235745,interface,0.5433070866141733,0.6280873353028549,0.7874015748031497,0.18110236220472442,0.0,0.41732283464566927,0.2440944881889764,0.6299212598425197
2024-08-29T12:09:53.665957,interface,0.5433070866141733,0.6280873353028549,0.7874015748031497,0.13385826771653545,0.0,0.41732283464566927,0.2440944881889764,0.6299212598425197
2024-08-29T12:09:53.955019,interface,0.41732283464566927,0.6280873353028549,0.7874015748031497,0.13385826771653545,0.0,0.41732283464566927,0.2440944881889764,0.6299212598425197
2024-08-29T12:09:53.956214,interface,0.4094488188976378,0.6280873353028549,0.7874015748031497,0.13385826771653545,0.0,0.41732283464566927,0.2440944881889764,0.6299212598425197
2024-08-29T12:09:53.996737,interface,0.4330708661417323,0.6280873353028549,0.7874015748031497,0.13385826771653545,0.0,0.41732283464566927,0.2440944881889764,0.6299212598425197
2024-08-29T12:09:55.581882,interface,0.44881889763779526,0.6280873353028549,0.7874015748031497,0.13385826771653545,0.0,0.41732283464566927,0.2440944881889764,0.6299212598425197
2024-08-29T12:09:56.742011,interface,0.4094488188976378,0.6280873353028549,0.7874015748031497,0.13385826771653545,0.0,0.41732283464566927,0.2440944881889764,0.6299212598425197
2024-08-29T12:09:57.520652,interface,0.49606299212598426,0.6280873353028549,0.7874015748031497,0.13385826771653545,0.0,0.41732283464566927,0.2440944881889764,0.6299212598425197
2024-08-29T12:09:58.408245,interface,0.5669291338582677,0.6280873353028549,0.7874015748031497,0.13385826771653545,0.0,0.41732283464566927,0.2440944881889764,0.6299212598425197
2024-08-29T12:10:05.007531,interface,0.6535433070866141,0.6280873353028549,0.7874015748031497,0.13385826771653545,0.0,0.41732283464566927,0.2440944881889764,0.6299212598425197
2024-08-29T12:10:07.059189,interface,0.2204724409448819,0.6280873353028549,0.7874015748031497,0.13385826771653545,0.0,0.41732283464566927,0.2440944881889764,0.6299212598425197
2024-08-29T12:10:07.247789,interface,0.2204724409448819,0.6280873353028549,0.7874015748031497,0.13385826771653545,0.0,0.41732283464566927,0.2440944881889764,0.6299212598425197
2024-08-29T12:10:07.413899,interface,0.2204724409448819,0.6280873353028549,0.7874015748031497,0.13385826771653545,0.0,0.41732283464566927,0.2440944881889764,0.6299212598425197
2024-08-29T12:10:07.572448,interface,0.2204724409448819,0.6280873353028549,0.7874015748031497,0.13385826771653545,0.0,0.41732283464566927,0.2440944881889764,0.6299212598425197
2024-08-29T12:10:07.730999,interface,0.2204724409448819,0.6280873353028549,0.7874015748031497,0.13385826771653545,0.0,0.41732283464566927,0.2440944881889764,0.6299212598425197
2024-08-29T12:10:07.884573,interface,0.2204724409448819,0.6280873353028549,0.7874015748031497,0.13385826771653545,0.0,0.41732283464566927,0.2440944881889764,0.6299212598425197
2024-08-29T12:10:08.085923,interface,0.2283464566929134,0.6280873353028549,0.7874015748031497,0.13385826771653545,0.0,0.41732283464566927,0.2440944881889764,0.6299212598425197
2024-08-29T12:10:08.189473,interface,0.2204724409448819,0.6280873353028549,0.7874015748031497,0.13385826771653545,0.0,0.41732283464566927,0.2440944881889764,0.6299212598425197
2024-08-29T12:10:08.256017,interface,0.2283464566929134,0.6280873353028549,0.7874015748031497,0.13385826771653545,0.0,0.41732283464566927,0.2440944881889764,0.6299212598425197
2024-08-29T12:10:08.275229,interface,0.25984251968503935,0.6280873353028549,0.7874015748031497,0.13385826771653545,0.0,0.41732283464566927,0.2440944881889764,0.6299212598425197
2024-08-29T12:10:08.356447,interface,0.2204724409448819,0.6280873353028549,0.7874015748031497,0.13385826771653545,0.0,0.41732283464566927,0.2440944881889764,0.6299212598425197
2024-08-29T12:10:08.439924,interface,0.2283464566929134,0.6280873353028549,0.7874015748031497,0.13385826771653545,0.0,0.41732283464566927,0.2440944881889764,0.6299212598425197
2024-08-29T12:10:08.527522,interface,0.2204724409448819,0.6280873353028549,0.7874015748031497,0.13385826771653545,0.0,0.41732283464566927,0.2440944881889764,0.6299212598425197
2024-08-29T12:10:08.602904,interface,0.2283464566929134,0.6280873353028549,0.7874015748031497,0.13385826771653545,0.0,0.41732283464566927,0.2440944881889764,0.6299212598425197
2024-08-29T12:10:08.706619,interface,0.2204724409448819,0.6280873353028549,0.7874015748031497,0.13385826771653545,0.0,0.41732283464566927,0.2440944881889764,0.6299212598425197
2024-08-29T12:10:08.781910,interface,0.2283464566929134,0.6280873353028549,0.7874015748031497,0.13385826771653545,0.0,0.41732283464566927,0.2440944881889764,0.6299212598425197
2024-08-29T12:10:08.879437,interface,0.2204724409448819,0.6280873353028549,0.7874015748031497,0.13385826771653545,0.0,0.41732283464566927,0.2440944881889764,0.6299212598425197
2024-08-29T12:10:08.945413,interface,0.2283464566929134,0.6280873353028549,0.7874015748031497,0.13385826771653545,0.0,0.41732283464566927,0.2440944881889764,0.6299212598425197
2024-08-29T12:10:09.039440,interface,0.2204724409448819,0.6280873353028549,0.7874015748031497,0.13385826771653545,0.0,0.41732283464566927,0.2440944881889764,0.6299212598425197
2024-08-29T12:10:09.124878,interface,0.2283464566929134,0.6280873353028549,0.7874015748031497,0.13385826771653545,0.0,0.41732283464566927,0.2440944881889764,0.6299212598425197
2024-08-29T12:10:09.215614,interface,0.2204724409448819,0.6280873353028549,0.7874015748031497,0.13385826771653545,0.0,0.41732283464566927,0.2440944881889764,0.6299212598425197
2024-08-29T12:10:09.310044,interface,0.2283464566929134,0.6280873353028549,0.7874015748031497,0.13385826771653545,0.0,0.41732283464566927,0.2440944881889764,0.6299212598425197
2024-08-29T12:10:09.397996,interface,0.2204724409448819,0.6280873353028549,0.7874015748031497,0.13385826771653545,0.0,0.41732283464566927,0.2440944881889764,0.6299212598425197
2024-08-29T12:10:09.491304,interface,0.2283464566929134,0.6280873353028549,0.7874015748031497,0.13385826771653545,0.0,0.41732283464566927,0.2440944881889764,0.6299212598425197
2024-08-29T12:10:09.595075,interface,0.2204724409448819,0.6280873353028549,0.7874015748031497,0.13385826771653545,0.0,0.41732283464566927,0.2440944881889764,0.6299212598425197
2024-08-29T12:10:09.685988,interface,0.2283464566929134,0.6280873353028549,0.7874015748031497,0.13385826771653545,0.0,0.41732283464566927,0.2440944881889764,0.6299212598425197
2024-08-29T12:10:09.785272,interface,0.2204724409448819,0.6280873353028549,0.7874015748031497,0.13385826771653545,0.0,0.41732283464566927,0.2440944881889764,0.6299212598425197
2024-08-29T12:10:09.888915,interface,0.2283464566929134,0.6280873353028549,0.7874015748031497,0.13385826771653545,0.0,0.41732283464566927,0.2440944881889764,0.6299212598425197
2024-08-29T12:10:09.997699,interface,0.2204724409448819,0.6280873353028549,0.7874015748031497,0.13385826771653545,0.0,0.41732283464566927,0.2440944881889764,0.6299212598425197
2024-08-29T12:10:10.390095,interface,0.2283464566929134,0.6280873353028549,0.7874015748031497,0.13385826771653545,0.0,0.41732283464566927,0.2440944881889764,0.6299212598425197
2024-08-29T12:10:10.455766,interface,0.2204724409448819,0.6280873353028549,0.7874015748031497,0.13385826771653545,0.0,0.41732283464566927,0.2440944881889764,0.6299212598425197
2024-08-29T12:10:10.571356,interface,0.2283464566929134,0.6280873353028549,0.7874015748031497,0.13385826771653545,0.0,0.41732283464566927,0.2440944881889764,0.6299212598425197
2024-08-29T12:10:10.660655,interface,0.2204724409448819,0.6280873353028549,0.7874015748031497,0.13385826771653545,0.0,0.41732283464566927,0.2440944881889764,0.6299212598425197
2024-08-29T12:10:10.771338,interface,0.2283464566929134,0.6280873353028549,0.7874015748031497,0.13385826771653545,0.0,0.41732283464566927,0.2440944881889764,0.6299212598425197
2024-08-29T12:10:10.865150,interface,0.2204724409448819,0.6280873353028549,0.7874015748031497,0.13385826771653545,0.0,0.41732283464566927,0.2440944881889764,0.6299212598425197
2024-08-29T12:10:10.966197,interface,0.2283464566929134,0.6280873353028549,0.7874015748031497,0.13385826771653545,0.0,0.41732283464566927,0.2440944881889764,0.6299212598425197
2024-08-29T12:10:11.069856,interface,0.2204724409448819,0.6280873353028549,0.7874015748031497,0.13385826771653545,0.0,0.41732283464566927,0.2440944881889764,0.6299212598425197
2024-08-29T12:10:11.631933,interface,0.2204724409448819,0.6280873353028549,0.7874015748031497,0.13385826771653545,0.0,0.41732283464566927,0.2440944881889764,0.6299212598425197
2024-08-29T12:10:11.728492,interface,0.2283464566929134,0.6280873353028549,0.7874015748031497,0.13385826771653545,0.0,0.41732283464566927,0.2440944881889764,0.6299212598425197
2024-08-29T12:10:11.998259,interface,0.2204724409448819,0.6280873353028549,0.7874015748031497,0.13385826771653545,0.0,0.41732283464566927,0.2440944881889764,0.6299212598425197
2024-08-29T12:10:12.862431,interface,0.25984251968503935,0.6280873353028549,0.7874015748031497,0.13385826771653545,0.0,0.41732283464566927,0.2440944881889764,0.6299212598425197
2024-08-29T12:10:12.863711,interface,0.25196850393700787,0.6280873353028549,0.7874015748031497,0.13385826771653545,0.0,0.41732283464566927,0.2440944881889764,0.6299212598425197
2024-08-29T12:10:13.775493,interface,0.1889763779527559,0.6280873353028549,0.7874015748031497,0.13385826771653545,0.0,0.41732283464566927,0.2440944881889764,0.6299212598425197
2024-08-29T12:10:15.610856,interface,0.12598425196850394,0.6280873353028549,0.7874015748031497,0.13385826771653545,0.0,0.41732283464566927,0.2440944881889764,0.6299212598425197
2024-08-29T12:10:15.815634,interface,0.12598425196850394,0.6280873353028549,0.7874015748031497,0.13385826771653545,0.0,0.41732283464566927,0.2440944881889764,0.6299212598425197
2024-08-29T12:10:16.088208,interface,0.09448818897637795,0.6280873353028549,0.7874015748031497,0.13385826771653545,0.0,0.41732283464566927,0.2440944881889764,0.6299212598425197
2024-08-29T12:10:19.026290,interface,0.09448818897637795,0.6280873353028549,0.7874015748031497,0.13385826771653545,0.0,0.41732283464566927,0.2440944881889764,0.6299212598425197
2024-08-29T12:10:20.455341,interface,0.09448818897637795,0.6280873353028549,0.7874015748031497,0.13385826771653545,0.0,0.41732283464566927,0.2440944881889764,0.6299212598425197
2024-08-29T12:10:20.726831,interface,0.11811023622047244,0.6280873353028549,0.7874015748031497,0.13385826771653545,0.0,0.41732283464566927,0.2440944881889764,0.6299212598425197
2024-08-29T12:10:22.490017,interface,0.1889763779527559,0.6280873353028549,0.7874015748031497,0.13385826771653545,0.0,0.41732283464566927,0.2440944881889764,0.6299212598425197
2024-08-29T12:10:23.838484,interface,0.1889763779527559,0.6280873353028549,0.7874015748031497,0.13385826771653545,0.0,0.41732283464566927,0.2440944881889764,0.6299212598425197
2024-08-29T12:10:24.180949,interface,0.1889763779527559,0.6280873353028549,0.7874015748031497,0.13385826771653545,0.0,0.41732283464566927,0.2440944881889764,0.6299212598425197
2024-08-29T12:10:24.704512,interface,0.1889763779527559,0.6280873353028549,0.7874015748031497,0.13385826771653545,0.0,0.41732283464566927,0.2440944881889764,0.6299212598425197
2024-08-29T12:10:25.360562,interface,0.1889763779527559,0.6280873353028549,0.7874015748031497,0.13385826771653545,0.0,0.41732283464566927,0.2440944881889764,0.6299212598425197
2024-08-29T12:10:25.762187,interface,0.1889763779527559,0.6280873353028549,0.7874015748031497,0.13385826771653545,0.0,0.41732283464566927,0.2440944881889764,0.6299212598425197
2024-08-29T12:10:26.968917,interface,0.1889763779527559,0.6280873353028549,0.7874015748031497,0.13385826771653545,0.0,0.41732283464566927,0.2440944881889764,0.6299212598425197
2024-08-29T12:10:27.242318,interface,0.1889763779527559,0.6280873353028549,0.7874015748031497,0.13385826771653545,0.0,0.41732283464566927,0.2440944881889764,0.6299212598425197
2024-08-29T12:10:27.482506,interface,0.1889763779527559,0.6280873353028549,0.7874015748031497,0.13385826771653545,0.0,0.41732283464566927,0.2440944881889764,0.6299212598425197
2024-08-29T12:10:27.721029,interface,0.1889763779527559,0.6280873353028549,0.7874015748031497,0.13385826771653545,0.0,0.41732283464566927,0.2440944881889764,0.6299212598425197
2024-08-29T12:10:27.937046,interface,0.1889763779527559,0.6280873353028549,0.7874015748031497,0.13385826771653545,0.0,0.41732283464566927,0.2440944881889764,0.6299212598425197
2024-08-29T12:10:28.194560,interface,0.1889763779527559,0.6280873353028549,0.7874015748031497,0.13385826771653545,0.0,0.41732283464566927,0.2440944881889764,0.6299212598425197
2024-08-29T12:10:28.466750,interface,0.1889763779527559,0.6280873353028549,0.7874015748031497,0.13385826771653545,0.0,0.41732283464566927,0.2440944881889764,0.6299212598425197
2024-08-29T12:10:28.740151,interface,0.1889763779527559,0.6280873353028549,0.7874015748031497,0.13385826771653545,0.0,0.41732283464566927,0.2440944881889764,0.6299212598425197
2024-08-29T12:10:28.977228,interface,0.1889763779527559,0.6280873353028549,0.7874015748031497,0.13385826771653545,0.0,0.41732283464566927,0.2440944881889764,0.6299212598425197
2024-08-29T12:10:29.221710,interface,0.1889763779527559,0.6280873353028549,0.7874015748031497,0.13385826771653545,0.0,0.41732283464566927,0.2440944881889764,0.6299212598425197
2024-08-29T12:10:29.477718,interface,0.1889763779527559,0.6280873353028549,0.7874015748031497,0.13385826771653545,0.0,0.41732283464566927,0.2440944881889764,0.6299212598425197
2024-08-29T12:10:29.730725,interface,0.1889763779527559,0.6280873353028549,0.7874015748031497,0.13385826771653545,0.0,0.41732283464566927,0.2440944881889764,0.6299212598425197
2024-08-29T12:10:29.993274,interface,0.1889763779527559,0.6280873353028549,0.7874015748031497,0.13385826771653545,0.0,0.41732283464566927,0.2440944881889764,0.6299212598425197
2024-08-29T12:10:30.375400,interface,0.1889763779527559,0.6280873353028549,0.7874015748031497,0.13385826771653545,0.0,0.41732283464566927,0.2440944881889764,0.6299212598425197
2024-08-29T12:10:31.086938,interface,0.2283464566929134,0.6280873353028549,0.7874015748031497,0.13385826771653545,0.0,0.41732283464566927,0.2440944881889764,0.6299212598425197
2024-08-29T12:10:59.460733,interface,0.18110236220472442,0.6280873353028549,0.7874015748031497,0.13385826771653545,0.0,0.41732283464566927,0.2440944881889764,0.6299212598425197
2024-08-29T12:10:59.518105,interface,0.2283464566929134,0.6280873353028549,0.7874015748031497,0.13385826771653545,0.0,0.41732283464566927,0.2440944881889764,0.6299212598425197
2024-08-29T12:10:59.832038,interface,0.18110236220472442,0.6280873353028549,0.7874015748031497,0.13385826771653545,0.0,0.41732283464566927,0.2440944881889764,0.6299212598425197
2024-08-29T12:10:59.835649,interface,0.2047244094488189,0.6280873353028549,0.7874015748031497,0.13385826771653545,0.0,0.41732283464566927,0.2440944881889764,0.6299212598425197
2024-08-29T12:10:59.836800,interface,0.2283464566929134,0.6280873353028549,0.7874015748031497,0.13385826771653545,0.0,0.41732283464566927,0.2440944881889764,0.6299212598425197
2024-08-29T12:11:12.513693,interface,0.1889763779527559,0.6280873353028549,0.7874015748031497,0.13385826771653545,0.0,0.41732283464566927,0.2440944881889764,0.6299212598425197
2024-08-29T12:11:12.979277,interface,0.1889763779527559,0.6280873353028549,0.7874015748031497,0.13385826771653545,0.0,0.41732283464566927,0.2440944881889764,0.6299212598425197
2024-08-29T12:11:13.014257,interface,0.2283464566929134,0.6280873353028549,0.7874015748031497,0.13385826771653545,0.0,0.41732283464566927,0.2440944881889764,0.6299212598425197
2024-08-29T12:11:13.061122,interface,0.2047244094488189,0.6280873353028549,0.7874015748031497,0.13385826771653545,0.0,0.41732283464566927,0.2440944881889764,0.6299212598425197
2024-08-29T12:11:13.401872,interface,0.1889763779527559,0.6280873353028549,0.7874015748031497,0.13385826771653545,0.0,0.41732283464566927,0.2440944881889764,0.6299212598425197
2024-08-29T12:11:13.559308,interface,0.2047244094488189,0.6280873353028549,0.7874015748031497,0.13385826771653545,0.0,0.41732283464566927,0.2440944881889764,0.6299212598425197
2024-08-29T12:11:13.717224,interface,0.1889763779527559,0.6280873353028549,0.7874015748031497,0.13385826771653545,0.0,0.41732283464566927,0.2440944881889764,0.6299212598425197
2024-08-29T12:11:13.807440,interface,0.2047244094488189,0.6280873353028549,0.7874015748031497,0.13385826771653545,0.0,0.41732283464566927,0.2440944881889764,0.6299212598425197
2024-08-29T12:11:13.918853,interface,0.1889763779527559,0.6280873353028549,0.7874015748031497,0.13385826771653545,0.0,0.41732283464566927,0.2440944881889764,0.6299212598425197
2024-08-29T12:11:13.995896,interface,0.2047244094488189,0.6280873353028549,0.7874015748031497,0.13385826771653545,0.0,0.41732283464566927,0.2440944881889764,0.6299212598425197
2024-08-29T12:11:14.141276,interface,0.1889763779527559,0.6280873353028549,0.7874015748031497,0.13385826771653545,0.0,0.41732283464566927,0.2440944881889764,0.6299212598425197
2024-08-29T12:11:14.200844,interface,0.2047244094488189,0.6280873353028549,0.7874015748031497,0.13385826771653545,0.0,0.41732283464566927,0.2440944881889764,0.6299212598425197
2024-08-29T12:11:14.339527,interface,0.1889763779527559,0.6280873353028549,0.7874015748031497,0.13385826771653545,0.0,0.41732283464566927,0.2440944881889764,0.6299212598425197
2024-08-29T12:11:14.402396,interface,0.2047244094488189,0.6280873353028549,0.7874015748031497,0.13385826771653545,0.0,0.41732283464566927,0.2440944881889764,0.6299212598425197
2024-08-29T12:11:14.537899,interface,0.1889763779527559,0.6280873353028549,0.7874015748031497,0.13385826771653545,0.0,0.41732283464566927,0.2440944881889764,0.6299212598425197
2024-08-29T12:11:14.607024,interface,0.2047244094488189,0.6280873353028549,0.7874015748031497,0.13385826771653545,0.0,0.41732283464566927,0.2440944881889764,0.6299212598425197
2024-08-29T12:11:14.725463,interface,0.1889763779527559,0.6280873353028549,0.7874015748031497,0.13385826771653545,0.0,0.41732283464566927,0.2440944881889764,0.6299212598425197
2024-08-29T12:11:14.775633,interface,0.2047244094488189,0.6280873353028549,0.7874015748031497,0.13385826771653545,0.0,0.41732283464566927,0.2440944881889764,0.6299212598425197
2024-08-29T12:11:14.903079,interface,0.1889763779527559,0.6280873353028549,0.7874015748031497,0.13385826771653545,0.0,0.41732283464566927,0.2440944881889764,0.6299212598425197
2024-08-29T12:11:14.983388,interface,0.2047244094488189,0.6280873353028549,0.7874015748031497,0.13385826771653545,0.0,0.41732283464566927,0.2440944881889764,0.6299212598425197
2024-08-29T12:11:15.286889,interface,0.1889763779527559,0.6280873353028549,0.7874015748031497,0.13385826771653545,0.0,0.41732283464566927,0.2440944881889764,0.6299212598425197
2024-08-29T12:11:15.485600,interface,0.1889763779527559,0.6280873353028549,0.7874015748031497,0.13385826771653545,0.0,0.41732283464566927,0.2440944881889764,0.6299212598425197
2024-08-29T12:11:15.704659,interface,0.1889763779527559,0.6280873353028549,0.7874015748031497,0.13385826771653545,0.0,0.41732283464566927,0.2440944881889764,0.6299212598425197
2024-08-29T12:11:15.713256,interface,0.2047244094488189,0.6280873353028549,0.7874015748031497,0.13385826771653545,0.0,0.41732283464566927,0.2440944881889764,0.6299212598425197
2024-08-29T12:11:15.723065,interface,0.2204724409448819,0.6280873353028549,0.7874015748031497,0.13385826771653545,0.0,0.41732283464566927,0.2440944881889764,0.6299212598425197
2024-08-29T12:11:15.895098,interface,0.1889763779527559,0.6280873353028549,0.7874015748031497,0.13385826771653545,0.0,0.41732283464566927,0.2440944881889764,0.6299212598425197
2024-08-29T12:11:16.520691,interface,0.1889763779527559,0.6280873353028549,0.7874015748031497,0.13385826771653545,0.0,0.41732283464566927,0.2440944881889764,0.6299212598425197
2024-08-29T12:11:16.656721,interface,0.1889763779527559,0.6280873353028549,0.7874015748031497,0.13385826771653545,0.0,0.41732283464566927,0.2440944881889764,0.6299212598425197
2024-08-29T12:11:16.666336,interface,0.2204724409448819,0.6280873353028549,0.7874015748031497,0.13385826771653545,0.0,0.41732283464566927,0.2440944881889764,0.6299212598425197
2024-08-29T12:11:16.667616,interface,0.2047244094488189,0.6280873353028549,0.7874015748031497,0.13385826771653545,0.0,0.41732283464566927,0.2440944881889764,0.6299212598425197
2024-08-29T12:11:16.826246,interface,0.1889763779527559,0.6280873353028549,0.7874015748031497,0.13385826771653545,0.0,0.41732283464566927,0.2440944881889764,0.6299212598425197
2024-08-29T12:11:16.847774,interface,0.2204724409448819,0.6280873353028549,0.7874015748031497,0.13385826771653545,0.0,0.41732283464566927,0.2440944881889764,0.6299212598425197
2024-08-29T12:11:17.003838,interface,0.1889763779527559,0.6280873353028549,0.7874015748031497,0.13385826771653545,0.0,0.41732283464566927,0.2440944881889764,0.6299212598425197
2024-08-29T12:11:17.030282,interface,0.2204724409448819,0.6280873353028549,0.7874015748031497,0.13385826771653545,0.0,0.41732283464566927,0.2440944881889764,0.6299212598425197
2024-08-29T12:11:17.170421,interface,0.1889763779527559,0.6280873353028549,0.7874015748031497,0.13385826771653545,0.0,0.41732283464566927,0.2440944881889764,0.6299212598425197
2024-08-29T12:11:17.204784,interface,0.2204724409448819,0.6280873353028549,0.7874015748031497,0.13385826771653545,0.0,0.41732283464566927,0.2440944881889764,0.6299212598425197
2024-08-29T12:11:17.351624,interface,0.1889763779527559,0.6280873353028549,0.7874015748031497,0.13385826771653545,0.0,0.41732283464566927,0.2440944881889764,0.6299212598425197
2024-08-29T12:11:17.563883,interface,0.1889763779527559,0.6280873353028549,0.7874015748031497,0.13385826771653545,0.0,0.41732283464566927,0.2440944881889764,0.6299212598425197
2024-08-29T12:11:17.579640,interface,0.2283464566929134,0.6280873353028549,0.7874015748031497,0.13385826771653545,0.0,0.41732283464566927,0.2440944881889764,0.6299212598425197
2024-08-29T12:11:17.580789,interface,0.2204724409448819,0.6280873353028549,0.7874015748031497,0.13385826771653545,0.0,0.41732283464566927,0.2440944881889764,0.6299212598425197
2024-08-29T12:11:17.762419,interface,0.1889763779527559,0.6280873353028549,0.7874015748031497,0.13385826771653545,0.0,0.41732283464566927,0.2440944881889764,0.6299212598425197
2024-08-29T12:11:17.779711,interface,0.2204724409448819,0.6280873353028549,0.7874015748031497,0.13385826771653545,0.0,0.41732283464566927,0.2440944881889764,0.6299212598425197
2024-08-29T12:11:17.780864,interface,0.2283464566929134,0.6280873353028549,0.7874015748031497,0.13385826771653545,0.0,0.41732283464566927,0.2440944881889764,0.6299212598425197
2024-08-29T12:11:17.943580,interface,0.1889763779527559,0.6280873353028549,0.7874015748031497,0.13385826771653545,0.0,0.41732283464566927,0.2440944881889764,0.6299212598425197
2024-08-29T12:11:17.971519,interface,0.2283464566929134,0.6280873353028549,0.7874015748031497,0.13385826771653545,0.0,0.41732283464566927,0.2440944881889764,0.6299212598425197
2024-08-29T12:11:18.125988,interface,0.2047244094488189,0.6280873353028549,0.7874015748031497,0.13385826771653545,0.0,0.41732283464566927,0.2440944881889764,0.6299212598425197
2024-08-29T12:11:18.135608,interface,0.1889763779527559,0.6280873353028549,0.7874015748031497,0.13385826771653545,0.0,0.41732283464566927,0.2440944881889764,0.6299212598425197
2024-08-29T12:11:18.136755,interface,0.2204724409448819,0.6280873353028549,0.7874015748031497,0.13385826771653545,0.0,0.41732283464566927,0.2440944881889764,0.6299212598425197
2024-08-29T12:11:21.011803,interface,0.2204724409448819,0.6280873353028549,0.7874015748031497,0.13385826771653545,0.0,0.41732283464566927,0.2440944881889764,0.6299212598425197
2024-08-29T12:11:22.262988,interface,0.2204724409448819,0.6280873353028549,0.7874015748031497,0.13385826771653545,0.0,0.41732283464566927,0.2440944881889764,0.6299212598425197
2024-08-29T12:11:22.447611,interface,0.2283464566929134,0.6280873353028549,0.7874015748031497,0.13385826771653545,0.0,0.41732283464566927,0.2440944881889764,0.6299212598425197
2024-08-29T12:11:22.586189,interface,0.2204724409448819,0.6280873353028549,0.7874015748031497,0.13385826771653545,0.0,0.41732283464566927,0.2440944881889764,0.6299212598425197
2024-08-29T12:11:22.673196,interface,0.2283464566929134,0.6280873353028549,0.7874015748031497,0.13385826771653545,0.0,0.41732283464566927,0.2440944881889764,0.6299212598425197
2024-08-29T12:11:22.674401,interface,0.25984251968503935,0.6280873353028549,0.7874015748031497,0.13385826771653545,0.0,0.41732283464566927,0.2440944881889764,0.6299212598425197
2024-08-29T12:11:22.783101,interface,0.2204724409448819,0.6280873353028549,0.7874015748031497,0.13385826771653545,0.0,0.41732283464566927,0.2440944881889764,0.6299212598425197
2024-08-29T12:11:23.376842,interface,0.2283464566929134,0.6280873353028549,0.7874015748031497,0.13385826771653545,0.0,0.41732283464566927,0.2440944881889764,0.6299212598425197
2024-08-29T12:11:23.498907,interface,0.2440944881889764,0.6280873353028549,0.7874015748031497,0.13385826771653545,0.0,0.41732283464566927,0.2440944881889764,0.6299212598425197
2024-08-29T12:11:23.589221,interface,0.2204724409448819,0.6280873353028549,0.7874015748031497,0.13385826771653545,0.0,0.41732283464566927,0.2440944881889764,0.6299212598425197
2024-08-29T12:11:23.697825,interface,0.2440944881889764,0.6280873353028549,0.7874015748031497,0.13385826771653545,0.0,0.41732283464566927,0.2440944881889764,0.6299212598425197
2024-08-29T12:11:23.789439,interface,0.2204724409448819,0.6280873353028549,0.7874015748031497,0.13385826771653545,0.0,0.41732283464566927,0.2440944881889764,0.6299212598425197
2024-08-29T12:11:23.943283,interface,0.2440944881889764,0.6280873353028549,0.7874015748031497,0.13385826771653545,0.0,0.41732283464566927,0.2440944881889764,0.6299212598425197
2024-08-29T12:11:24.024524,interface,0.2204724409448819,0.6280873353028549,0.7874015748031497,0.13385826771653545,0.0,0.41732283464566927,0.2440944881889764,0.6299212598425197
2024-08-29T12:11:24.138913,interface,0.2440944881889764,0.6280873353028549,0.7874015748031497,0.13385826771653545,0.0,0.41732283464566927,0.2440944881889764,0.6299212598425197
2024-08-29T12:11:24.214912,interface,0.2204724409448819,0.6280873353028549,0.7874015748031497,0.13385826771653545,0.0,0.41732283464566927,0.2440944881889764,0.6299212598425197
2024-08-29T12:11:24.318535,interface,0.25984251968503935,0.6280873353028549,0.7874015748031497,0.13385826771653545,0.0,0.41732283464566927,0.2440944881889764,0.6299212598425197
2024-08-29T12:11:24.319741,interface,0.2440944881889764,0.6280873353028549,0.7874015748031497,0.13385826771653545,0.0,0.41732283464566927,0.2440944881889764,0.6299212598425197
2024-08-29T12:11:24.405469,interface,0.2204724409448819,0.6280873353028549,0.7874015748031497,0.13385826771653545,0.0,0.41732283464566927,0.2440944881889764,0.6299212598425197
2024-08-29T12:11:24.509193,interface,0.2440944881889764,0.6280873353028549,0.7874015748031497,0.13385826771653545,0.0,0.41732283464566927,0.2440944881889764,0.6299212598425197
2024-08-29T12:11:24.772515,interface,0.2440944881889764,0.6280873353028549,0.7874015748031497,0.13385826771653545,0.0,0.41732283464566927,0.2440944881889764,0.6299212598425197
2024-08-29T12:11:24.999742,interface,0.2440944881889764,0.6280873353028549,0.7874015748031497,0.13385826771653545,0.0,0.41732283464566927,0.2440944881889764,0.6299212598425197
2024-08-29T12:11:25.239519,interface,0.2440944881889764,0.6280873353028549,0.7874015748031497,0.13385826771653545,0.0,0.41732283464566927,0.2440944881889764,0.6299212598425197
2024-08-29T12:11:25.531700,interface,0.13385826771653545,0.6280873353028549,0.7874015748031497,0.13385826771653545,0.0,0.41732283464566927,0.2440944881889764,0.6299212598425197
2024-08-29T12:11:25.731216,interface,0.18110236220472442,0.6280873353028549,0.7874015748031497,0.13385826771653545,0.0,0.41732283464566927,0.2440944881889764,0.6299212598425197
2024-08-29T12:11:25.877216,interface,0.13385826771653545,0.6280873353028549,0.7874015748031497,0.13385826771653545,0.0,0.41732283464566927,0.2440944881889764,0.6299212598425197
2024-08-29T12:11:26.044583,interface,0.1889763779527559,0.6280873353028549,0.7874015748031497,0.13385826771653545,0.0,0.41732283464566927,0.2440944881889764,0.6299212598425197
2024-08-29T12:11:26.206768,interface,0.13385826771653545,0.6280873353028549,0.7874015748031497,0.13385826771653545,0.0,0.41732283464566927,0.2440944881889764,0.6299212598425197
2024-08-29T12:11:26.361629,interface,0.1889763779527559,0.6280873353028549,0.7874015748031497,0.13385826771653545,0.0,0.41732283464566927,0.2440944881889764,0.6299212598425197
2024-08-29T12:11:26.504210,interface,0.13385826771653545,0.6280873353028549,0.7874015748031497,0.13385826771653545,0.0,0.41732283464566927,0.2440944881889764,0.6299212598425197
2024-08-29T12:11:26.620827,interface,0.1889763779527559,0.6280873353028549,0.7874015748031497,0.13385826771653545,0.0,0.41732283464566927,0.2440944881889764,0.6299212598425197
2024-08-29T12:11:26.776239,interface,0.13385826771653545,0.6280873353028549,0.7874015748031497,0.13385826771653545,0.0,0.41732283464566927,0.2440944881889764,0.6299212598425197
2024-08-29T12:11:26.876963,interface,0.1889763779527559,0.6280873353028549,0.7874015748031497,0.13385826771653545,0.0,0.41732283464566927,0.2440944881889764,0.6299212598425197
2024-08-29T12:11:27.095793,interface,0.18110236220472442,0.6280873353028549,0.7874015748031497,0.13385826771653545,0.0,0.41732283464566927,0.2440944881889764,0.6299212598425197
2024-08-29T12:11:27.291486,interface,0.1889763779527559,0.6280873353028549,0.7874015748031497,0.13385826771653545,0.0,0.41732283464566927,0.2440944881889764,0.6299212598425197
2024-08-29T12:11:27.292661,interface,0.2047244094488189,0.6280873353028549,0.7874015748031497,0.13385826771653545,0.0,0.41732283464566927,0.2440944881889764,0.6299212598425197
2024-08-29T12:11:27.515717,interface,0.2047244094488189,0.6280873353028549,0.7874015748031497,0.13385826771653545,0.0,0.41732283464566927,0.2440944881889764,0.6299212598425197
2024-08-29T12:11:27.543021,interface,0.1889763779527559,0.6280873353028549,0.7874015748031497,0.13385826771653545,0.0,0.41732283464566927,0.2440944881889764,0.6299212598425197
2024-08-29T12:11:27.749333,interface,0.2047244094488189,0.6280873353028549,0.7874015748031497,0.13385826771653545,0.0,0.41732283464566927,0.2440944881889764,0.6299212598425197
2024-08-29T12:11:27.984903,interface,0.2047244094488189,0.6280873353028549,0.7874015748031497,0.13385826771653545,0.0,0.41732283464566927,0.2440944881889764,0.6299212598425197
2024-08-29T12:11:28.216959,interface,0.2047244094488189,0.6280873353028549,0.7874015748031497,0.13385826771653545,0.0,0.41732283464566927,0.2440944881889764,0.6299212598425197
2024-08-29T12:11:28.240330,interface,0.1889763779527559,0.6280873353028549,0.7874015748031497,0.13385826771653545,0.0,0.41732283464566927,0.2440944881889764,0.6299212598425197
2024-08-29T12:11:28.252444,interface,0.2204724409448819,0.6280873353028549,0.7874015748031497,0.13385826771653545,0.0,0.41732283464566927,0.2440944881889764,0.6299212598425197
2024-08-29T12:11:28.478949,interface,0.2047244094488189,0.6280873353028549,0.7874015748031497,0.13385826771653545,0.0,0.41732283464566927,0.2440944881889764,0.6299212598425197
2024-08-29T12:11:28.727009,interface,0.2047244094488189,0.6280873353028549,0.7874015748031497,0.13385826771653545,0.0,0.41732283464566927,0.2440944881889764,0.6299212598425197
2024-08-29T12:11:28.986521,interface,0.2047244094488189,0.6280873353028549,0.7874015748031497,0.13385826771653545,0.0,0.41732283464566927,0.2440944881889764,0.6299212598425197
2024-08-29T12:11:29.946024,interface,0.2047244094488189,0.6280873353028549,1.0,0.13385826771653545,0.0,0.41732283464566927,0.2440944881889764,0.6299212598425197
2024-08-29T12:11:30.065799,interface,0.2283464566929134,0.6280873353028549,1.0,0.13385826771653545,0.0,0.41732283464566927,0.2440944881889764,0.6299212598425197
2024-08-29T12:11:30.153077,interface,0.2204724409448819,0.6280873353028549,1.0,0.13385826771653545,0.0,0.41732283464566927,0.2440944881889764,0.6299212598425197
2024-08-29T12:11:30.269582,interface,0.2047244094488189,0.6280873353028549,1.0,0.13385826771653545,0.0,0.41732283464566927,0.2440944881889764,0.6299212598425197
2024-08-29T12:11:30.479722,interface,0.2204724409448819,0.6280873353028549,1.0,0.13385826771653545,0.0,0.41732283464566927,0.2440944881889764,0.6299212598425197
2024-08-29T12:11:30.495148,interface,0.2047244094488189,0.6280873353028549,1.0,0.13385826771653545,0.0,0.41732283464566927,0.2440944881889764,0.6299212598425197
2024-08-29T12:11:30.681366,interface,0.2047244094488189,0.6280873353028549,1.0,0.13385826771653545,0.0,0.41732283464566927,0.2440944881889764,0.6299212598425197
2024-08-29T12:11:30.865049,interface,0.2047244094488189,0.6280873353028549,1.0,0.13385826771653545,0.0,0.41732283464566927,0.2440944881889764,0.6299212598425197
2024-08-29T12:11:31.055767,interface,0.2204724409448819,0.6280873353028549,1.0,0.13385826771653545,0.0,0.41732283464566927,0.2440944881889764,0.6299212598425197
2024-08-29T12:11:31.277866,interface,0.2047244094488189,0.6280873353028549,1.0,0.13385826771653545,0.0,0.41732283464566927,0.2440944881889764,0.6299212598425197
2024-08-29T12:11:31.371075,interface,0.2204724409448819,0.6280873353028549,1.0,0.13385826771653545,0.0,0.41732283464566927,0.2440944881889764,0.6299212598425197
2024-08-29T12:11:31.482766,interface,0.2047244094488189,0.6280873353028549,1.0,0.13385826771653545,0.0,0.41732283464566927,0.2440944881889764,0.6299212598425197
2024-08-29T12:11:31.572631,interface,0.2204724409448819,0.6280873353028549,1.0,0.13385826771653545,0.0,0.41732283464566927,0.2440944881889764,0.6299212598425197
2024-08-29T12:11:31.673212,interface,0.2047244094488189,0.6280873353028549,1.0,0.13385826771653545,0.0,0.41732283464566927,0.2440944881889764,0.6299212598425197
2024-08-29T12:11:31.958016,interface,0.2047244094488189,0.6280873353028549,1.0,0.13385826771653545,0.0,0.41732283464566927,0.2440944881889764,0.6299212598425197
2024-08-29T12:11:32.474430,interface,0.1968503937007874,0.6280873353028549,1.0,0.13385826771653545,0.0,0.41732283464566927,0.2440944881889764,0.6299212598425197
2024-08-29T12:11:32.808890,interface,0.1889763779527559,0.6280873353028549,1.0,0.13385826771653545,0.0,0.41732283464566927,0.2440944881889764,0.6299212598425197
2024-08-29T12:11:32.812312,interface,0.2047244094488189,0.6280873353028549,1.0,0.13385826771653545,0.0,0.41732283464566927,0.2440944881889764,0.6299212598425197
2024-08-29T12:11:33.065587,interface,0.2204724409448819,0.6280873353028549,1.0,0.13385826771653545,0.0,0.41732283464566927,0.2440944881889764,0.6299212598425197
2024-08-29T12:11:33.082009,interface,0.2283464566929134,0.6280873353028549,1.0,0.13385826771653545,0.0,0.41732283464566927,0.2440944881889764,0.6299212598425197
2024-08-29T12:11:33.281426,interface,0.2204724409448819,0.6280873353028549,1.0,0.13385826771653545,0.0,0.41732283464566927,0.2440944881889764,0.6299212598425197
2024-08-29T12:11:33.357906,interface,0.2047244094488189,0.6280873353028549,1.0,0.13385826771653545,0.0,0.41732283464566927,0.2440944881889764,0.6299212598425197
2024-08-29T12:11:33.478527,interface,0.2204724409448819,0.6280873353028549,1.0,0.13385826771653545,0.0,0.41732283464566927,0.2440944881889764,0.6299212598425197
2024-08-29T12:11:33.591613,interface,0.2047244094488189,0.6280873353028549,1.0,0.13385826771653545,0.0,0.41732283464566927,0.2440944881889764,0.6299212598425197
2024-08-29T12:11:33.695277,interface,0.2204724409448819,0.6280873353028549,1.0,0.13385826771653545,0.0,0.41732283464566927,0.2440944881889764,0.6299212598425197
2024-08-29T12:11:33.783468,interface,0.2047244094488189,0.6280873353028549,1.0,0.13385826771653545,0.0,0.41732283464566927,0.2440944881889764,0.6299212598425197
2024-08-29T12:11:33.897694,interface,0.2204724409448819,0.6280873353028549,1.0,0.13385826771653545,0.0,0.41732283464566927,0.2440944881889764,0.6299212598425197
2024-08-29T12:11:34.129634,interface,0.2047244094488189,0.6280873353028549,1.0,0.13385826771653545,0.0,0.41732283464566927,0.2440944881889764,0.6299212598425197
2024-08-29T12:11:34.230776,interface,0.2204724409448819,0.6280873353028549,1.0,0.13385826771653545,0.0,0.41732283464566927,0.2440944881889764,0.6299212598425197
2024-08-29T12:11:34.377534,interface,0.2047244094488189,0.6280873353028549,1.0,0.13385826771653545,0.0,0.41732283464566927,0.2440944881889764,0.6299212598425197
2024-08-29T12:11:34.488167,interface,0.2204724409448819,0.6280873353028549,1.0,0.13385826771653545,0.0,0.41732283464566927,0.2440944881889764,0.6299212598425197
2024-08-29T12:11:34.577518,interface,0.2047244094488189,0.6280873353028549,1.0,0.13385826771653545,0.0,0.41732283464566927,0.2440944881889764,0.6299212598425197
2024-08-29T12:11:36.829069,interface,0.13385826771653545,0.6280873353028549,1.0,0.13385826771653545,0.0,0.41732283464566927,0.2440944881889764,0.6299212598425197
2024-08-29T12:11:37.076795,interface,0.2047244094488189,0.6280873353028549,1.0,0.13385826771653545,0.0,0.41732283464566927,0.2440944881889764,0.6299212598425197
2024-08-29T12:11:39.783074,interface,0.28346456692913385,0.6280873353028549,1.0,0.13385826771653545,0.0,0.41732283464566927,0.2440944881889764,0.6299212598425197
2024-08-29T12:11:44.743103,interface,0.2677165354330709,0.6280873353028549,1.0,0.13385826771653545,0.0,0.41732283464566927,0.2440944881889764,0.6299212598425197
2024-08-29T12:11:44.919234,interface,0.2755905511811024,0.6280873353028549,1.0,0.13385826771653545,0.0,0.41732283464566927,0.2440944881889764,0.6299212598425197
2024-08-29T12:11:47.652419,interface,0.2755905511811024,0.6280873353028549,1.0,0.13385826771653545,0.0,0.41732283464566927,0.2440944881889764,0.9291338582677166
2024-08-29T12:11:47.721017,interface,0.2755905511811024,0.6280873353028549,1.0,0.13385826771653545,0.0,0.41732283464566927,0.2440944881889764,0.937007874015748
2024-08-29T12:11:47.809313,interface,0.2755905511811024,0.6280873353028549,1.0,0.13385826771653545,0.0,0.41732283464566927,0.2440944881889764,0.9448818897637795
2024-08-29T12:11:47.894094,interface,0.2755905511811024,0.6280873353028549,1.0,0.13385826771653545,0.0,0.41732283464566927,0.2440944881889764,0.952755905511811
2024-08-29T12:11:47.970484,interface,0.2755905511811024,0.6280873353028549,1.0,0.13385826771653545,0.0,0.41732283464566927,0.2440944881889764,0.9606299212598425
2024-08-29T12:11:48.047140,interface,0.2755905511811024,0.6280873353028549,1.0,0.13385826771653545,0.0,0.41732283464566927,0.2440944881889764,0.968503937007874
2024-08-29T12:11:48.112875,interface,0.2755905511811024,0.6280873353028549,1.0,0.13385826771653545,0.0,0.41732283464566927,0.2440944881889764,0.9763779527559056
2024-08-29T12:11:51.334625,interface,0.2204724409448819,0.6280873353028549,1.0,0.13385826771653545,0.0,0.41732283464566927,0.2440944881889764,0.9763779527559056
2024-08-29T12:11:51.579770,interface,0.2204724409448819,0.6280873353028549,1.0,0.13385826771653545,0.0,0.41732283464566927,0.2440944881889764,0.9763779527559056
2024-08-29T12:11:51.776302,interface,0.2204724409448819,0.6280873353028549,1.0,0.13385826771653545,0.0,0.41732283464566927,0.2440944881889764,0.9763779527559056
2024-08-29T12:11:51.965873,interface,0.2440944881889764,0.6280873353028549,1.0,0.13385826771653545,0.0,0.41732283464566927,0.2440944881889764,0.9763779527559056
2024-08-29T12:11:52.134770,interface,0.2204724409448819,0.6280873353028549,1.0,0.13385826771653545,0.0,0.41732283464566927,0.2440944881889764,0.9763779527559056
2024-08-29T12:11:52.159759,interface,0.25984251968503935,0.6280873353028549,1.0,0.13385826771653545,0.0,0.41732283464566927,0.2440944881889764,0.9763779527559056
2024-08-29T12:11:52.170362,interface,0.2440944881889764,0.6280873353028549,1.0,0.13385826771653545,0.0,0.41732283464566927,0.2440944881889764,0.9763779527559056
2024-08-29T12:11:52.283329,interface,0.2204724409448819,0.6280873353028549,1.0,0.13385826771653545,0.0,0.41732283464566927,0.2440944881889764,0.9763779527559056
2024-08-29T12:11:52.386913,interface,0.25984251968503935,0.6280873353028549,1.0,0.13385826771653545,0.0,0.41732283464566927,0.2440944881889764,0.9763779527559056
2024-08-29T12:11:52.397939,interface,0.2440944881889764,0.6280873353028549,1.0,0.13385826771653545,0.0,0.41732283464566927,0.2440944881889764,0.9763779527559056
2024-08-29T12:11:52.501633,interface,0.2204724409448819,0.6280873353028549,1.0,0.13385826771653545,0.0,0.41732283464566927,0.2440944881889764,0.9763779527559056
2024-08-29T12:11:52.605156,interface,0.25984251968503935,0.6280873353028549,1.0,0.13385826771653545,0.0,0.41732283464566927,0.2440944881889764,0.9763779527559056
2024-08-29T12:11:52.615933,interface,0.2440944881889764,0.6280873353028549,1.0,0.13385826771653545,0.0,0.41732283464566927,0.2440944881889764,0.9763779527559056
2024-08-29T12:11:52.672727,interface,0.2440944881889764,0.6280873353028549,1.0,0.13385826771653545,0.0,0.41732283464566927,0.2440944881889764,0.09448818897637795
2024-08-29T12:11:52.688678,interface,0.2440944881889764,0.6280873353028549,1.0,0.13385826771653545,0.0,0.41732283464566927,0.2440944881889764,0.08661417322834646
2024-08-29T12:11:52.721788,interface,0.2204724409448819,0.6280873353028549,1.0,0.13385826771653545,0.0,0.41732283464566927,0.2440944881889764,0.08661417322834646
2024-08-29T12:11:52.810672,interface,0.25984251968503935,0.6280873353028549,1.0,0.13385826771653545,0.0,0.41732283464566927,0.2440944881889764,0.08661417322834646
2024-08-29T12:11:52.811885,interface,0.2440944881889764,0.6280873353028549,1.0,0.13385826771653545,0.0,0.41732283464566927,0.2440944881889764,0.08661417322834646
2024-08-29T12:11:52.926848,interface,0.2204724409448819,0.6280873353028549,1.0,0.13385826771653545,0.0,0.41732283464566927,0.2440944881889764,0.08661417322834646
2024-08-29T12:11:53.020708,interface,0.25984251968503935,0.6280873353028549,1.0,0.13385826771653545,0.0,0.41732283464566927,0.2440944881889764,0.08661417322834646
2024-08-29T12:11:53.021849,interface,0.2440944881889764,0.6280873353028549,1.0,0.13385826771653545,0.0,0.41732283464566927,0.2440944881889764,0.08661417322834646
2024-08-29T12:11:53.194096,interface,0.2204724409448819,0.6280873353028549,1.0,0.13385826771653545,0.0,0.41732283464566927,0.2440944881889764,0.08661417322834646
2024-08-29T12:11:53.288170,interface,0.2440944881889764,0.6280873353028549,1.0,0.13385826771653545,0.0,0.41732283464566927,0.2440944881889764,0.08661417322834646
2024-08-29T12:11:53.392053,interface,0.2204724409448819,0.6280873353028549,1.0,0.13385826771653545,0.0,0.41732283464566927,0.2440944881889764,0.08661417322834646
2024-08-29T12:11:53.517195,interface,0.2440944881889764,0.6280873353028549,1.0,0.13385826771653545,0.0,0.41732283464566927,0.2440944881889764,0.08661417322834646
2024-08-29T12:11:53.620916,interface,0.2204724409448819,0.6280873353028549,1.0,0.13385826771653545,0.0,0.41732283464566927,0.2440944881889764,0.08661417322834646
2024-08-29T12:11:53.721213,interface,0.2440944881889764,0.6280873353028549,1.0,0.13385826771653545,0.0,0.41732283464566927,0.2440944881889764,0.08661417322834646
2024-08-29T12:11:53.819801,interface,0.2204724409448819,0.6280873353028549,1.0,0.13385826771653545,0.0,0.41732283464566927,0.2440944881889764,0.08661417322834646
2024-08-29T12:11:53.923358,interface,0.2440944881889764,0.6280873353028549,1.0,0.13385826771653545,0.0,0.41732283464566927,0.2440944881889764,0.08661417322834646
2024-08-29T12:11:54.026970,interface,0.2204724409448819,0.6280873353028549,1.0,0.13385826771653545,0.0,0.41732283464566927,0.2440944881889764,0.08661417322834646
2024-08-29T12:11:54.118247,interface,0.2440944881889764,0.6280873353028549,1.0,0.13385826771653545,0.0,0.41732283464566927,0.2440944881889764,0.08661417322834646
2024-08-29T12:11:54.234293,interface,0.2204724409448819,0.6280873353028549,1.0,0.13385826771653545,0.0,0.41732283464566927,0.2440944881889764,0.08661417322834646
2024-08-29T12:11:54.334116,interface,0.2440944881889764,0.6280873353028549,1.0,0.13385826771653545,0.0,0.41732283464566927,0.2440944881889764,0.08661417322834646
2024-08-29T12:11:54.442986,interface,0.2204724409448819,0.6280873353028549,1.0,0.13385826771653545,0.0,0.41732283464566927,0.2440944881889764,0.08661417322834646
2024-08-29T12:11:54.534678,interface,0.2440944881889764,0.6280873353028549,1.0,0.13385826771653545,0.0,0.41732283464566927,0.2440944881889764,0.08661417322834646
2024-08-29T12:11:54.631258,interface,0.2204724409448819,0.6280873353028549,1.0,0.13385826771653545,0.0,0.41732283464566927,0.2440944881889764,0.08661417322834646
2024-08-29T12:11:54.726172,interface,0.2440944881889764,0.6280873353028549,1.0,0.13385826771653545,0.0,0.41732283464566927,0.2440944881889764,0.08661417322834646
2024-08-29T12:11:54.829850,interface,0.2204724409448819,0.6280873353028549,1.0,0.13385826771653545,0.0,0.41732283464566927,0.2440944881889764,0.08661417322834646
2024-08-29T12:11:54.905401,interface,0.2440944881889764,0.6280873353028549,1.0,0.13385826771653545,0.0,0.41732283464566927,0.2440944881889764,0.08661417322834646
2024-08-29T12:11:55.002291,interface,0.2204724409448819,0.6280873353028549,1.0,0.13385826771653545,0.0,0.41732283464566927,0.2440944881889764,0.08661417322834646
2024-08-29T12:11:55.105884,interface,0.2440944881889764,0.6280873353028549,1.0,0.13385826771653545,0.0,0.41732283464566927,0.2440944881889764,0.08661417322834646
2024-08-29T12:11:55.202484,interface,0.2204724409448819,0.6280873353028549,1.0,0.13385826771653545,0.0,0.41732283464566927,0.2440944881889764,0.08661417322834646
2024-08-29T12:11:55.295828,interface,0.2440944881889764,0.6280873353028549,1.0,0.13385826771653545,0.0,0.41732283464566927,0.2440944881889764,0.08661417322834646
2024-08-29T12:11:55.382342,interface,0.2204724409448819,0.6280873353028549,1.0,0.13385826771653545,0.0,0.41732283464566927,0.2440944881889764,0.08661417322834646
2024-08-29T12:11:55.483375,interface,0.2440944881889764,0.6280873353028549,1.0,0.13385826771653545,0.0,0.41732283464566927,0.2440944881889764,0.08661417322834646
2024-08-29T12:11:55.586933,interface,0.2204724409448819,0.6280873353028549,1.0,0.13385826771653545,0.0,0.41732283464566927,0.2440944881889764,0.08661417322834646
2024-08-29T12:11:55.690486,interface,0.2440944881889764,0.6280873353028549,1.0,0.13385826771653545,0.0,0.41732283464566927,0.2440944881889764,0.08661417322834646
2024-08-29T12:11:55.794135,interface,0.2204724409448819,0.6280873353028549,1.0,0.13385826771653545,0.0,0.41732283464566927,0.2440944881889764,0.08661417322834646
2024-08-29T12:11:55.864380,interface,0.2440944881889764,0.6280873353028549,1.0,0.13385826771653545,0.0,0.41732283464566927,0.2440944881889764,0.08661417322834646
2024-08-29T12:11:55.874524,interface,0.25984251968503935,0.6280873353028549,1.0,0.13385826771653545,0.0,0.41732283464566927,0.2440944881889764,0.08661417322834646
2024-08-29T12:11:55.969057,interface,0.2204724409448819,0.6280873353028549,1.0,0.13385826771653545,0.0,0.41732283464566927,0.2440944881889764,0.08661417322834646
2024-08-29T12:11:56.065779,interface,0.2440944881889764,0.6280873353028549,1.0,0.13385826771653545,0.0,0.41732283464566927,0.2440944881889764,0.08661417322834646
2024-08-29T12:11:56.156490,interface,0.2204724409448819,0.6280873353028549,1.0,0.13385826771653545,0.0,0.41732283464566927,0.2440944881889764,0.08661417322834646
2024-08-29T12:11:56.246719,interface,0.2440944881889764,0.6280873353028549,1.0,0.13385826771653545,0.0,0.41732283464566927,0.2440944881889764,0.08661417322834646
2024-08-29T12:11:56.326029,interface,0.2204724409448819,0.6280873353028549,1.0,0.13385826771653545,0.0,0.41732283464566927,0.2440944881889764,0.08661417322834646
2024-08-29T12:11:56.441765,interface,0.2440944881889764,0.6280873353028549,1.0,0.13385826771653545,0.0,0.41732283464566927,0.2440944881889764,0.08661417322834646
2024-08-29T12:11:56.522855,interface,0.2204724409448819,0.6280873353028549,1.0,0.13385826771653545,0.0,0.41732283464566927,0.2440944881889764,0.08661417322834646
2024-08-29T12:11:56.631613,interface,0.2440944881889764,0.6280873353028549,1.0,0.13385826771653545,0.0,0.41732283464566927,0.2440944881889764,0.08661417322834646
2024-08-29T12:11:56.732189,interface,0.2204724409448819,0.6280873353028549,1.0,0.13385826771653545,0.0,0.41732283464566927,0.2440944881889764,0.08661417322834646
2024-08-29T12:11:56.835655,interface,0.2440944881889764,0.6280873353028549,1.0,0.13385826771653545,0.0,0.41732283464566927,0.2440944881889764,0.08661417322834646
2024-08-29T12:11:56.924661,interface,0.2204724409448819,0.6280873353028549,1.0,0.13385826771653545,0.0,0.41732283464566927,0.2440944881889764,0.08661417322834646
2024-08-29T12:11:57.028081,interface,0.2440944881889764,0.6280873353028549,1.0,0.13385826771653545,0.0,0.41732283464566927,0.2440944881889764,0.08661417322834646
2024-08-29T12:11:57.113301,interface,0.2204724409448819,0.6280873353028549,1.0,0.13385826771653545,0.0,0.41732283464566927,0.2440944881889764,0.08661417322834646
2024-08-29T12:11:57.216817,interface,0.2440944881889764,0.6280873353028549,1.0,0.13385826771653545,0.0,0.41732283464566927,0.2440944881889764,0.08661417322834646
2024-08-29T12:11:57.320282,interface,0.2204724409448819,0.6280873353028549,1.0,0.13385826771653545,0.0,0.41732283464566927,0.2440944881889764,0.08661417322834646
2024-08-29T12:11:57.421338,interface,0.2440944881889764,0.6280873353028549,1.0,0.13385826771653545,0.0,0.41732283464566927,0.2440944881889764,0.08661417322834646
2024-08-29T12:11:57.524773,interface,0.2204724409448819,0.6280873353028549,1.0,0.13385826771653545,0.0,0.41732283464566927,0.2440944881889764,0.08661417322834646
2024-08-29T12:11:57.621849,interface,0.2440944881889764,0.6280873353028549,1.0,0.13385826771653545,0.0,0.41732283464566927,0.2440944881889764,0.08661417322834646
2024-08-29T12:11:57.746142,interface,0.2204724409448819,0.6280873353028549,1.0,0.13385826771653545,0.0,0.41732283464566927,0.2440944881889764,0.08661417322834646
2024-08-29T12:11:57.826329,interface,0.2440944881889764,0.6280873353028549,1.0,0.13385826771653545,0.0,0.41732283464566927,0.2440944881889764,0.08661417322834646
2024-08-29T12:11:57.950676,interface,0.2204724409448819,0.6280873353028549,1.0,0.13385826771653545,0.0,0.41732283464566927,0.2440944881889764,0.08661417322834646
2024-08-29T12:11:58.031204,interface,0.2440944881889764,0.6280873353028549,1.0,0.13385826771653545,0.0,0.41732283464566927,0.2440944881889764,0.08661417322834646
2024-08-29T12:11:58.130155,interface,0.2204724409448819,0.6280873353028549,1.0,0.13385826771653545,0.0,0.41732283464566927,0.2440944881889764,0.08661417322834646
2024-08-29T12:11:58.233775,interface,0.2440944881889764,0.6280873353028549,1.0,0.13385826771653545,0.0,0.41732283464566927,0.2440944881889764,0.08661417322834646
2024-08-29T12:11:58.348755,interface,0.2204724409448819,0.6280873353028549,1.0,0.13385826771653545,0.0,0.41732283464566927,0.2440944881889764,0.08661417322834646
2024-08-29T12:11:58.443909,interface,0.2440944881889764,0.6280873353028549,1.0,0.13385826771653545,0.0,0.41732283464566927,0.2440944881889764,0.08661417322834646
2024-08-29T12:11:58.547575,interface,0.2204724409448819,0.6280873353028549,1.0,0.13385826771653545,0.0,0.41732283464566927,0.2440944881889764,0.08661417322834646
2024-08-29T12:11:58.646072,interface,0.2440944881889764,0.6280873353028549,1.0,0.13385826771653545,0.0,0.41732283464566927,0.2440944881889764,0.08661417322834646
2024-08-29T12:11:58.754842,interface,0.2204724409448819,0.6280873353028549,1.0,0.13385826771653545,0.0,0.41732283464566927,0.2440944881889764,0.08661417322834646
2024-08-29T12:11:58.854077,interface,0.2440944881889764,0.6280873353028549,1.0,0.13385826771653545,0.0,0.41732283464566927,0.2440944881889764,0.08661417322834646
2024-08-29T12:11:58.962964,interface,0.2204724409448819,0.6280873353028549,1.0,0.13385826771653545,0.0,0.41732283464566927,0.2440944881889764,0.08661417322834646
2024-08-29T12:11:59.066561,interface,0.2440944881889764,0.6280873353028549,1.0,0.13385826771653545,0.0,0.41732283464566927,0.2440944881889764,0.08661417322834646
2024-08-29T12:11:59.170148,interface,0.2204724409448819,0.6280873353028549,1.0,0.13385826771653545,0.0,0.41732283464566927,0.2440944881889764,0.08661417322834646
2024-08-29T12:11:59.273571,interface,0.2440944881889764,0.6280873353028549,1.0,0.13385826771653545,0.0,0.41732283464566927,0.2440944881889764,0.08661417322834646
2024-08-29T12:11:59.371621,interface,0.2204724409448819,0.6280873353028549,1.0,0.13385826771653545,0.0,0.41732283464566927,0.2440944881889764,0.08661417322834646
2024-08-29T12:11:59.469966,interface,0.2440944881889764,0.6280873353028549,1.0,0.13385826771653545,0.0,0.41732283464566927,0.2440944881889764,0.08661417322834646
2024-08-29T12:11:59.573524,interface,0.2204724409448819,0.6280873353028549,1.0,0.13385826771653545,0.0,0.41732283464566927,0.2440944881889764,0.08661417322834646
2024-08-29T12:11:59.682536,interface,0.2440944881889764,0.6280873353028549,1.0,0.13385826771653545,0.0,0.41732283464566927,0.2440944881889764,0.08661417322834646
2024-08-29T12:11:59.814654,interface,0.2204724409448819,0.6280873353028549,1.0,0.13385826771653545,0.0,0.41732283464566927,0.2440944881889764,0.08661417322834646
2024-08-29T12:11:59.914263,interface,0.2440944881889764,0.6280873353028549,1.0,0.13385826771653545,0.0,0.41732283464566927,0.2440944881889764,0.08661417322834646
2024-08-29T12:12:00.034270,interface,0.2204724409448819,0.6280873353028549,1.0,0.13385826771653545,0.0,0.41732283464566927,0.2440944881889764,0.08661417322834646
2024-08-29T12:12:00.126424,interface,0.2440944881889764,0.6280873353028549,1.0,0.13385826771653545,0.0,0.41732283464566927,0.2440944881889764,0.08661417322834646
2024-08-29T12:12:00.222700,interface,0.2204724409448819,0.6280873353028549,1.0,0.13385826771653545,0.0,0.41732283464566927,0.2440944881889764,0.08661417322834646
2024-08-29T12:12:00.326118,interface,0.2440944881889764,0.6280873353028549,1.0,0.13385826771653545,0.0,0.41732283464566927,0.2440944881889764,0.08661417322834646
2024-08-29T12:12:00.429765,interface,0.2204724409448819,0.6280873353028549,1.0,0.13385826771653545,0.0,0.41732283464566927,0.2440944881889764,0.08661417322834646
2024-08-29T12:12:00.538560,interface,0.2440944881889764,0.6280873353028549,1.0,0.13385826771653545,0.0,0.41732283464566927,0.2440944881889764,0.08661417322834646
2024-08-29T12:12:00.660839,interface,0.2204724409448819,0.6280873353028549,1.0,0.13385826771653545,0.0,0.41732283464566927,0.2440944881889764,0.08661417322834646
2024-08-29T12:12:00.748250,interface,0.2440944881889764,0.6280873353028549,1.0,0.13385826771653545,0.0,0.41732283464566927,0.2440944881889764,0.08661417322834646
2024-08-29T12:12:00.851708,interface,0.2204724409448819,0.6280873353028549,1.0,0.13385826771653545,0.0,0.41732283464566927,0.2440944881889764,0.08661417322834646
2024-08-29T12:12:00.946495,interface,0.2440944881889764,0.6280873353028549,1.0,0.13385826771653545,0.0,0.41732283464566927,0.2440944881889764,0.08661417322834646
2024-08-29T12:12:01.050055,interface,0.2204724409448819,0.6280873353028549,1.0,0.13385826771653545,0.0,0.41732283464566927,0.2440944881889764,0.08661417322834646
2024-08-29T12:12:01.150686,interface,0.2440944881889764,0.6280873353028549,1.0,0.13385826771653545,0.0,0.41732283464566927,0.2440944881889764,0.08661417322834646
2024-08-29T12:12:01.264750,interface,0.2204724409448819,0.6280873353028549,1.0,0.13385826771653545,0.0,0.41732283464566927,0.2440944881889764,0.08661417322834646
2024-08-29T12:12:01.330569,interface,0.2440944881889764,0.6280873353028549,1.0,0.13385826771653545,0.0,0.41732283464566927,0.2440944881889764,0.08661417322834646
2024-08-29T12:12:03.515112,interface,0.2204724409448819,0.6280873353028549,1.0,0.13385826771653545,0.0,0.41732283464566927,0.2440944881889764,0.08661417322834646
2024-08-29T12:12:03.530846,interface,0.2283464566929134,0.6280873353028549,1.0,0.13385826771653545,0.0,0.41732283464566927,0.2440944881889764,0.08661417322834646
2024-08-29T12:12:03.925221,interface,0.2283464566929134,0.6280873353028549,1.0,0.13385826771653545,0.0,0.41732283464566927,0.2440944881889764,0.08661417322834646
2024-08-29T12:12:05.121489,interface,0.28346456692913385,0.6280873353028549,1.0,0.13385826771653545,0.0,0.41732283464566927,0.2440944881889764,0.08661417322834646
2024-08-29T12:12:11.284744,interface,0.25984251968503935,0.6280873353028549,1.0,0.13385826771653545,0.0,0.41732283464566927,0.2440944881889764,0.08661417322834646
2024-08-29T12:12:11.563262,interface,0.25984251968503935,0.6280873353028549,1.0,0.13385826771653545,0.0,0.41732283464566927,0.2440944881889764,0.08661417322834646
2024-08-29T12:12:11.834640,interface,0.25984251968503935,0.6280873353028549,1.0,0.13385826771653545,0.0,0.41732283464566927,0.2440944881889764,0.08661417322834646
2024-08-29T12:12:12.099627,interface,0.25984251968503935,0.6280873353028549,1.0,0.13385826771653545,0.0,0.41732283464566927,0.2440944881889764,0.08661417322834646
2024-08-29T12:12:12.378828,interface,0.25984251968503935,0.6280873353028549,1.0,0.13385826771653545,0.0,0.41732283464566927,0.2440944881889764,0.08661417322834646
2024-08-29T12:12:12.434778,interface,0.2755905511811024,0.6280873353028549,1.0,0.13385826771653545,0.0,0.41732283464566927,0.2440944881889764,0.08661417322834646
2024-08-29T12:12:12.566850,interface,0.25984251968503935,0.6280873353028549,1.0,0.13385826771653545,0.0,0.41732283464566927,0.2440944881889764,0.08661417322834646
2024-08-29T12:12:12.645978,interface,0.2755905511811024,0.6280873353028549,1.0,0.13385826771653545,0.0,0.41732283464566927,0.2440944881889764,0.08661417322834646
2024-08-29T12:12:12.749451,interface,0.25984251968503935,0.6280873353028549,1.0,0.13385826771653545,0.0,0.41732283464566927,0.2440944881889764,0.08661417322834646
2024-08-29T12:12:12.868963,interface,0.2755905511811024,0.6280873353028549,1.0,0.13385826771653545,0.0,0.41732283464566927,0.2440944881889764,0.08661417322834646
2024-08-29T12:12:13.093464,interface,0.25984251968503935,0.6280873353028549,1.0,0.13385826771653545,0.0,0.41732283464566927,0.2440944881889764,0.08661417322834646
2024-08-29T12:12:13.298945,interface,0.25984251968503935,0.6280873353028549,1.0,0.13385826771653545,0.0,0.41732283464566927,0.2440944881889764,0.08661417322834646
2024-08-29T12:12:13.442252,interface,0.25984251968503935,0.6280873353028549,1.0,0.13385826771653545,0.0,0.41732283464566927,0.2440944881889764,0.08661417322834646
2024-08-29T12:12:13.629747,interface,0.25984251968503935,0.6280873353028549,1.0,0.13385826771653545,0.0,0.41732283464566927,0.2440944881889764,0.08661417322834646
2024-08-29T12:12:14.465578,interface,0.2204724409448819,0.6280873353028549,1.0,0.13385826771653545,0.0,0.41732283464566927,0.2440944881889764,0.08661417322834646
2024-08-29T12:12:14.767956,interface,0.14960629921259844,0.6280873353028549,1.0,0.13385826771653545,0.0,0.41732283464566927,0.2440944881889764,0.08661417322834646
2024-08-29T12:12:16.766658,interface,0.18110236220472442,0.6280873353028549,1.0,0.13385826771653545,0.0,0.41732283464566927,0.2440944881889764,0.08661417322834646
2024-08-29T12:12:16.938629,interface,0.2204724409448819,0.6280873353028549,1.0,0.13385826771653545,0.0,0.41732283464566927,0.2440944881889764,0.08661417322834646
2024-08-29T12:12:17.174431,interface,0.2047244094488189,0.6280873353028549,1.0,0.13385826771653545,0.0,0.41732283464566927,0.2440944881889764,0.08661417322834646
2024-08-29T12:12:17.437388,interface,0.11811023622047244,0.6280873353028549,1.0,0.13385826771653545,0.0,0.41732283464566927,0.2440944881889764,0.08661417322834646
2024-08-29T12:12:17.473899,interface,0.12598425196850394,0.6280873353028549,1.0,0.13385826771653545,0.0,0.41732283464566927,0.2440944881889764,0.08661417322834646
2024-08-29T12:12:18.778372,interface,0.2204724409448819,0.6280873353028549,1.0,0.13385826771653545,0.0,0.41732283464566927,0.2440944881889764,0.08661417322834646
2024-08-29T12:12:23.074931,interface,0.2047244094488189,0.6280873353028549,1.0,0.13385826771653545,0.0,0.41732283464566927,0.2440944881889764,0.08661417322834646
2024-08-29T12:12:23.348867,interface,0.2047244094488189,0.6280873353028549,1.0,0.13385826771653545,0.0,0.41732283464566927,0.2440944881889764,0.08661417322834646
2024-08-29T12:12:23.604591,interface,0.2047244094488189,0.6280873353028549,1.0,0.13385826771653545,0.0,0.41732283464566927,0.2440944881889764,0.08661417322834646
2024-08-29T12:12:24.611905,interface,0.2204724409448819,0.6280873353028549,1.0,0.13385826771653545,0.0,0.41732283464566927,0.2440944881889764,0.08661417322834646
2024-08-29T12:12:25.140330,interface,0.2204724409448819,0.6280873353028549,1.0,0.13385826771653545,0.0,0.41732283464566927,0.2440944881889764,0.08661417322834646
2024-08-29T12:12:51.561832,interface,0.28346456692913385,0.6280873353028549,1.0,0.13385826771653545,0.0,0.41732283464566927,0.2440944881889764,0.08661417322834646
2024-08-29T12:12:51.827402,interface,0.28346456692913385,0.6280873353028549,1.0,0.13385826771653545,0.0,0.41732283464566927,0.2440944881889764,0.08661417322834646
2024-08-29T12:12:52.080419,interface,0.28346456692913385,0.6280873353028549,1.0,0.13385826771653545,0.0,0.41732283464566927,0.2440944881889764,0.08661417322834646
2024-08-29T12:12:52.449249,interface,0.2755905511811024,0.6280873353028549,1.0,0.13385826771653545,0.0,0.41732283464566927,0.2440944881889764,0.08661417322834646
2024-08-29T12:12:52.713316,interface,0.2755905511811024,0.6280873353028549,1.0,0.13385826771653545,0.0,0.41732283464566927,0.2440944881889764,0.08661417322834646
2024-08-29T12:12:53.025478,interface,0.25984251968503935,0.6280873353028549,1.0,0.13385826771653545,0.0,0.41732283464566927,0.2440944881889764,0.08661417322834646
2024-08-29T12:12:53.329397,interface,0.25196850393700787,0.6280873353028549,1.0,0.13385826771653545,0.0,0.41732283464566927,0.2440944881889764,0.08661417322834646
2024-08-29T12:12:53.601433,interface,0.2440944881889764,0.6280873353028549,1.0,0.13385826771653545,0.0,0.41732283464566927,0.2440944881889764,0.08661417322834646
2024-08-29T12:12:53.856294,interface,0.25196850393700787,0.6280873353028549,1.0,0.13385826771653545,0.0,0.41732283464566927,0.2440944881889764,0.08661417322834646
2024-08-29T12:12:54.139679,interface,0.25984251968503935,0.6280873353028549,1.0,0.13385826771653545,0.0,0.41732283464566927,0.2440944881889764,0.08661417322834646
2024-08-29T12:12:54.424577,interface,0.2677165354330709,0.6280873353028549,1.0,0.13385826771653545,0.0,0.41732283464566927,0.2440944881889764,0.08661417322834646
2024-08-29T12:15:48.130244,interface,0.16535433070866143,0.6280873353028549,1.0,0.13385826771653545,0.0,0.41732283464566927,0.2440944881889764,0.08661417322834646
2024-08-29T12:15:48.400721,interface,0.16535433070866143,0.6280873353028549,1.0,0.13385826771653545,0.0,0.41732283464566927,0.2440944881889764,0.08661417322834646
2024-08-29T12:15:48.613364,interface,0.14173228346456693,0.6280873353028549,1.0,0.13385826771653545,0.0,0.41732283464566927,0.2440944881889764,0.08661417322834646
2024-08-29T12:15:48.748600,interface,0.18110236220472442,0.6280873353028549,1.0,0.13385826771653545,0.0,0.41732283464566927,0.2440944881889764,0.08661417322834646
2024-08-29T12:15:48.933282,interface,0.15748031496062992,0.6280873353028549,1.0,0.13385826771653545,0.0,0.41732283464566927,0.2440944881889764,0.08661417322834646
2024-08-29T12:15:49.039584,interface,0.1889763779527559,0.6280873353028549,1.0,0.13385826771653545,0.0,0.41732283464566927,0.2440944881889764,0.08661417322834646
2024-08-29T12:15:49.187946,interface,0.16535433070866143,0.6280873353028549,1.0,0.13385826771653545,0.0,0.41732283464566927,0.2440944881889764,0.08661417322834646
2024-08-29T12:15:49.321043,interface,0.1889763779527559,0.6280873353028549,1.0,0.13385826771653545,0.0,0.41732283464566927,0.2440944881889764,0.08661417322834646
2024-08-29T12:15:49.474482,interface,0.16535433070866143,0.6280873353028549,1.0,0.13385826771653545,0.0,0.41732283464566927,0.2440944881889764,0.08661417322834646
2024-08-29T12:15:49.589717,interface,0.1889763779527559,0.6280873353028549,1.0,0.13385826771653545,0.0,0.41732283464566927,0.2440944881889764,0.08661417322834646
2024-08-29T12:15:50.064344,interface,0.25196850393700787,0.6280873353028549,1.0,0.13385826771653545,0.0,0.41732283464566927,0.2440944881889764,0.08661417322834646
2024-08-29T12:15:50.111984,interface,0.25196850393700787,0.6280873353028549,0.9921259842519685,0.13385826771653545,0.0,0.41732283464566927,0.2440944881889764,0.08661417322834646
2024-08-29T12:15:50.163533,interface,0.25196850393700787,0.6280873353028549,1.0,0.13385826771653545,0.0,0.41732283464566927,0.2440944881889764,0.08661417322834646
2024-08-29T12:15:50.251657,interface,0.2677165354330709,0.6280873353028549,1.0,0.13385826771653545,0.0,0.41732283464566927,0.2440944881889764,0.08661417322834646
2024-08-29T12:15:50.301297,interface,0.2440944881889764,0.6280873353028549,1.0,0.13385826771653545,0.0,0.41732283464566927,0.2440944881889764,0.08661417322834646
2024-08-29T12:15:50.502300,interface,0.25984251968503935,0.6280873353028549,1.0,0.13385826771653545,0.0,0.41732283464566927,0.2440944881889764,0.08661417322834646
2024-08-29T12:15:50.512452,interface,0.2755905511811024,0.6280873353028549,1.0,0.13385826771653545,0.0,0.41732283464566927,0.2440944881889764,0.08661417322834646
2024-08-29T12:15:50.513610,interface,0.28346456692913385,0.6280873353028549,1.0,0.13385826771653545,0.0,0.41732283464566927,0.2440944881889764,0.08661417322834646
2024-08-29T12:15:50.700594,interface,0.12598425196850394,0.6280873353028549,1.0,0.13385826771653545,0.0,0.41732283464566927,0.2440944881889764,0.08661417322834646
2024-08-29T12:15:50.711900,interface,0.11023622047244094,0.6280873353028549,1.0,0.13385826771653545,0.0,0.41732283464566927,0.2440944881889764,0.08661417322834646
2024-08-29T12:15:50.803369,interface,0.2755905511811024,0.6280873353028549,1.0,0.13385826771653545,0.0,0.41732283464566927,0.2440944881889764,0.08661417322834646
2024-08-29T12:15:51.050958,interface,0.12598425196850394,0.6280873353028549,1.0,0.13385826771653545,0.0,0.41732283464566927,0.2440944881889764,0.08661417322834646
2024-08-29T12:15:51.070599,interface,0.25984251968503935,0.6280873353028549,1.0,0.13385826771653545,0.0,0.41732283464566927,0.2440944881889764,0.08661417322834646
2024-08-29T12:15:51.742114,interface,0.28346456692913385,0.6280873353028549,1.0,0.13385826771653545,0.0,0.41732283464566927,0.2440944881889764,0.08661417322834646
2024-08-29T12:17:26.023496,interface,0.2047244094488189,0.6280873353028549,1.0,0.13385826771653545,0.0,0.41732283464566927,0.2440944881889764,0.08661417322834646
2024-08-29T12:17:26.095076,interface,0.2755905511811024,0.6280873353028549,1.0,0.13385826771653545,0.0,0.41732283464566927,0.2440944881889764,0.08661417322834646
2024-08-29T12:17:26.163801,interface,0.25196850393700787,0.6280873353028549,1.0,0.13385826771653545,0.0,0.41732283464566927,0.2440944881889764,0.08661417322834646
2024-08-29T12:17:26.224976,interface,0.2047244094488189,0.6280873353028549,1.0,0.13385826771653545,0.0,0.41732283464566927,0.2440944881889764,0.08661417322834646
2024-08-29T12:17:26.279294,interface,0.25984251968503935,0.6280873353028549,1.0,0.13385826771653545,0.0,0.41732283464566927,0.2440944881889764,0.08661417322834646
2024-08-29T12:17:26.291959,interface,0.25196850393700787,0.6280873353028549,1.0,0.13385826771653545,0.0,0.41732283464566927,0.2440944881889764,0.08661417322834646
2024-08-29T12:17:26.342438,interface,0.2283464566929134,0.6280873353028549,1.0,0.13385826771653545,0.0,0.41732283464566927,0.2440944881889764,0.08661417322834646
2024-08-29T12:17:26.397320,interface,0.18110236220472442,0.6280873353028549,1.0,0.13385826771653545,0.0,0.41732283464566927,0.2440944881889764,0.08661417322834646
2024-08-29T12:17:26.460780,interface,0.2283464566929134,0.6280873353028549,1.0,0.13385826771653545,0.0,0.41732283464566927,0.2440944881889764,0.08661417322834646
2024-08-29T12:17:26.470946,interface,0.2204724409448819,0.6280873353028549,1.0,0.13385826771653545,0.0,0.41732283464566927,0.2440944881889764,0.08661417322834646
2024-08-29T12:17:26.517478,interface,0.1968503937007874,0.6280873353028549,1.0,0.13385826771653545,0.0,0.41732283464566927,0.2440944881889764,0.08661417322834646
2024-08-29T12:17:26.578852,interface,0.14960629921259844,0.6280873353028549,1.0,0.13385826771653545,0.0,0.41732283464566927,0.2440944881889764,0.08661417322834646
2024-08-29T12:17:26.645967,interface,0.2047244094488189,0.6280873353028549,1.0,0.13385826771653545,0.0,0.41732283464566927,0.2440944881889764,0.08661417322834646
2024-08-29T12:17:26.649460,interface,0.1968503937007874,0.6280873353028549,1.0,0.13385826771653545,0.0,0.41732283464566927,0.2440944881889764,0.08661417322834646
2024-08-29T12:17:26.709598,interface,0.18110236220472442,0.6280873353028549,1.0,0.13385826771653545,0.0,0.41732283464566927,0.2440944881889764,0.08661417322834646
2024-08-29T12:17:26.764106,interface,0.13385826771653545,0.6280873353028549,1.0,0.13385826771653545,0.0,0.41732283464566927,0.2440944881889764,0.08661417322834646
2024-08-29T12:17:26.829824,interface,0.1889763779527559,0.6280873353028549,1.0,0.13385826771653545,0.0,0.41732283464566927,0.2440944881889764,0.08661417322834646
2024-08-29T12:17:26.894976,interface,0.1732283464566929,0.6280873353028549,1.0,0.13385826771653545,0.0,0.41732283464566927,0.2440944881889764,0.08661417322834646
2024-08-29T12:17:26.951061,interface,0.12598425196850394,0.6280873353028549,1.0,0.13385826771653545,0.0,0.41732283464566927,0.2440944881889764,0.08661417322834646
2024-08-29T12:17:27.027758,interface,0.18110236220472442,0.6280873353028549,1.0,0.13385826771653545,0.0,0.41732283464566927,0.2440944881889764,0.08661417322834646
2024-08-29T12:17:27.029077,interface,0.1732283464566929,0.6280873353028549,1.0,0.13385826771653545,0.0,0.41732283464566927,0.2440944881889764,0.08661417322834646
2024-08-29T12:17:27.083204,interface,0.15748031496062992,0.6280873353028549,1.0,0.13385826771653545,0.0,0.41732283464566927,0.2440944881889764,0.08661417322834646
2024-08-29T12:17:27.140899,interface,0.11023622047244094,0.6280873353028549,1.0,0.13385826771653545,0.0,0.41732283464566927,0.2440944881889764,0.08661417322834646
2024-08-29T12:17:27.152056,interface,0.14960629921259844,0.6280873353028549,1.0,0.13385826771653545,0.0,0.41732283464566927,0.2440944881889764,0.08661417322834646
2024-08-29T12:17:27.201914,interface,0.16535433070866143,0.6280873353028549,1.0,0.13385826771653545,0.0,0.41732283464566927,0.2440944881889764,0.08661417322834646
2024-08-29T12:17:27.211965,interface,0.15748031496062992,0.6280873353028549,1.0,0.13385826771653545,0.0,0.41732283464566927,0.2440944881889764,0.08661417322834646
2024-08-29T12:17:27.232124,interface,0.14960629921259844,0.6280873353028549,1.0,0.13385826771653545,0.0,0.41732283464566927,0.2440944881889764,0.08661417322834646
2024-08-29T12:17:27.288583,interface,0.12598425196850394,0.6280873353028549,1.0,0.13385826771653545,0.0,0.41732283464566927,0.2440944881889764,0.08661417322834646
2024-08-29T12:17:27.457362,interface,0.13385826771653545,0.6280873353028549,1.0,0.13385826771653545,0.0,0.41732283464566927,0.2440944881889764,0.08661417322834646
2024-08-29T12:17:27.492984,interface,0.14173228346456693,0.6280873353028549,1.0,0.13385826771653545,0.0,0.41732283464566927,0.2440944881889764,0.08661417322834646
2024-08-29T12:17:27.510353,interface,0.14960629921259844,0.6280873353028549,1.0,0.13385826771653545,0.0,0.41732283464566927,0.2440944881889764,0.08661417322834646
2024-08-29T12:17:27.536070,interface,0.16535433070866143,0.6280873353028549,1.0,0.13385826771653545,0.0,0.41732283464566927,0.2440944881889764,0.08661417322834646
2024-08-29T12:17:27.559315,interface,0.18110236220472442,0.6280873353028549,1.0,0.13385826771653545,0.0,0.41732283464566927,0.2440944881889764,0.08661417322834646
2024-08-29T12:17:27.590331,interface,0.1889763779527559,0.6280873353028549,1.0,0.13385826771653545,0.0,0.41732283464566927,0.2440944881889764,0.08661417322834646
2024-08-29T12:17:27.611368,interface,0.2047244094488189,0.6280873353028549,1.0,0.13385826771653545,0.0,0.41732283464566927,0.2440944881889764,0.08661417322834646
2024-08-29T12:17:27.634276,interface,0.2204724409448819,0.6280873353028549,1.0,0.13385826771653545,0.0,0.41732283464566927,0.2440944881889764,0.08661417322834646
2024-08-29T12:17:27.653330,interface,0.2283464566929134,0.6280873353028549,1.0,0.13385826771653545,0.0,0.41732283464566927,0.2440944881889764,0.08661417322834646
2024-08-29T12:17:27.674543,interface,0.2440944881889764,0.6280873353028549,1.0,0.13385826771653545,0.0,0.41732283464566927,0.2440944881889764,0.08661417322834646
2024-08-29T12:17:27.695593,interface,0.25984251968503935,0.6280873353028549,1.0,0.13385826771653545,0.0,0.41732283464566927,0.2440944881889764,0.08661417322834646
2024-08-29T12:17:27.730864,interface,0.2755905511811024,0.6280873353028549,1.0,0.13385826771653545,0.0,0.41732283464566927,0.2440944881889764,0.08661417322834646
2024-08-29T12:17:27.817448,interface,0.25984251968503935,0.6280873353028549,1.0,0.13385826771653545,0.0,0.41732283464566927,0.2440944881889764,0.08661417322834646
2024-08-29T12:17:27.851107,interface,0.2440944881889764,0.6280873353028549,1.0,0.13385826771653545,0.0,0.41732283464566927,0.2440944881889764,0.08661417322834646
2024-08-29T12:17:27.881154,interface,0.2283464566929134,0.6280873353028549,1.0,0.13385826771653545,0.0,0.41732283464566927,0.2440944881889764,0.08661417322834646
2024-08-29T12:17:27.904424,interface,0.2204724409448819,0.6280873353028549,1.0,0.13385826771653545,0.0,0.41732283464566927,0.2440944881889764,0.08661417322834646
2024-08-29T12:17:27.933395,interface,0.2047244094488189,0.6280873353028549,1.0,0.13385826771653545,0.0,0.41732283464566927,0.2440944881889764,0.08661417322834646
2024-08-29T12:17:27.961659,interface,0.1889763779527559,0.6280873353028549,1.0,0.13385826771653545,0.0,0.41732283464566927,0.2440944881889764,0.08661417322834646
2024-08-29T12:17:27.998385,interface,0.18110236220472442,0.6280873353028549,1.0,0.13385826771653545,0.0,0.41732283464566927,0.2440944881889764,0.08661417322834646
2024-08-29T12:17:28.034729,interface,0.16535433070866143,0.6280873353028549,1.0,0.13385826771653545,0.0,0.41732283464566927,0.2440944881889764,0.08661417322834646
2024-08-29T12:17:28.085593,interface,0.14960629921259844,0.6280873353028549,1.0,0.13385826771653545,0.0,0.41732283464566927,0.2440944881889764,0.08661417322834646
2024-08-29T12:17:28.149234,interface,0.13385826771653545,0.6280873353028549,1.0,0.13385826771653545,0.0,0.41732283464566927,0.2440944881889764,0.08661417322834646
2024-08-29T12:17:28.221872,interface,0.12598425196850394,0.6280873353028549,1.0,0.13385826771653545,0.0,0.41732283464566927,0.2440944881889764,0.08661417322834646
2024-08-29T12:17:28.308807,interface,0.11023622047244094,0.6280873353028549,1.0,0.13385826771653545,0.0,0.41732283464566927,0.2440944881889764,0.08661417322834646
2024-08-29T12:17:28.426512,interface,0.09448818897637795,0.6280873353028549,1.0,0.13385826771653545,0.0,0.41732283464566927,0.2440944881889764,0.08661417322834646
2024-08-29T12:17:28.511721,interface,0.12598425196850394,0.6280873353028549,1.0,0.13385826771653545,0.0,0.41732283464566927,0.2440944881889764,0.08661417322834646
2024-08-29T12:17:29.835868,interface,0.12598425196850394,0.6280873353028549,0.9763779527559056,0.13385826771653545,0.0,0.41732283464566927,0.2440944881889764,0.08661417322834646
2024-08-29T12:17:29.837353,interface,0.12598425196850394,0.6280873353028549,0.968503937007874,0.13385826771653545,0.0,0.41732283464566927,0.2440944881889764,0.08661417322834646
2024-08-29T12:17:29.838497,interface,0.12598425196850394,0.6280873353028549,0.952755905511811,0.13385826771653545,0.0,0.41732283464566927,0.2440944881889764,0.08661417322834646
2024-08-29T12:17:29.843976,interface,0.12598425196850394,0.6280873353028549,0.9448818897637795,0.13385826771653545,0.0,0.41732283464566927,0.2440944881889764,0.08661417322834646
2024-08-29T12:17:29.847307,interface,0.12598425196850394,0.6280873353028549,0.937007874015748,0.13385826771653545,0.0,0.41732283464566927,0.2440944881889764,0.08661417322834646
2024-08-29T12:17:29.850771,interface,0.12598425196850394,0.6280873353028549,0.9212598425196851,0.13385826771653545,0.0,0.41732283464566927,0.2440944881889764,0.08661417322834646
2024-08-29T12:17:29.854271,interface,0.12598425196850394,0.6280873353028549,0.9133858267716536,0.13385826771653545,0.0,0.41732283464566927,0.2440944881889764,0.08661417322834646
2024-08-29T12:17:29.859640,interface,0.12598425196850394,0.6280873353028549,0.8976377952755905,0.13385826771653545,0.0,0.41732283464566927,0.2440944881889764,0.08661417322834646
2024-08-29T12:17:29.863113,interface,0.12598425196850394,0.6280873353028549,0.8818897637795275,0.13385826771653545,0.0,0.41732283464566927,0.2440944881889764,0.08661417322834646
2024-08-29T12:17:29.866594,interface,0.12598425196850394,0.6280873353028549,0.8661417322834646,0.13385826771653545,0.0,0.41732283464566927,0.2440944881889764,0.08661417322834646
2024-08-29T12:17:29.875417,interface,0.12598425196850394,0.6280873353028549,0.8503937007874016,0.13385826771653545,0.0,0.41732283464566927,0.2440944881889764,0.08661417322834646
2024-08-29T12:17:29.876579,interface,0.12598425196850394,0.6280873353028549,0.8346456692913385,0.13385826771653545,0.0,0.41732283464566927,0.2440944881889764,0.08661417322834646
2024-08-29T12:17:29.879906,interface,0.12598425196850394,0.6280873353028549,0.8188976377952756,0.13385826771653545,0.0,0.41732283464566927,0.2440944881889764,0.08661417322834646
2024-08-29T12:17:29.883235,interface,0.12598425196850394,0.6280873353028549,0.8031496062992126,0.13385826771653545,0.0,0.41732283464566927,0.2440944881889764,0.08661417322834646
2024-08-29T12:17:29.886727,interface,0.12598425196850394,0.6280873353028549,0.7795275590551181,0.13385826771653545,0.0,0.41732283464566927,0.2440944881889764,0.08661417322834646
2024-08-29T12:17:29.892046,interface,0.12598425196850394,0.6280873353028549,0.7637795275590551,0.13385826771653545,0.0,0.41732283464566927,0.2440944881889764,0.08661417322834646
2024-08-29T12:17:29.895547,interface,0.12598425196850394,0.6280873353028549,0.7401574803149606,0.13385826771653545,0.0,0.41732283464566927,0.2440944881889764,0.08661417322834646
2024-08-29T12:17:29.899007,interface,0.12598425196850394,0.6280873353028549,0.7165354330708661,0.13385826771653545,0.0,0.41732283464566927,0.2440944881889764,0.08661417322834646
2024-08-29T12:17:29.908077,interface,0.12598425196850394,0.6280873353028549,0.7007874015748031,0.13385826771653545,0.0,0.41732283464566927,0.2440944881889764,0.08661417322834646
2024-08-29T12:17:29.909229,interface,0.12598425196850394,0.6280873353028549,0.6771653543307087,0.13385826771653545,0.0,0.41732283464566927,0.2440944881889764,0.08661417322834646
2024-08-29T12:17:29.912535,interface,0.12598425196850394,0.6280873353028549,0.6535433070866141,0.13385826771653545,0.0,0.41732283464566927,0.2440944881889764,0.08661417322834646
2024-08-29T12:17:29.915892,interface,0.12598425196850394,0.6280873353028549,0.6299212598425197,0.13385826771653545,0.0,0.41732283464566927,0.2440944881889764,0.08661417322834646
2024-08-29T12:17:29.919363,interface,0.12598425196850394,0.6280873353028549,0.6062992125984252,0.13385826771653545,0.0,0.41732283464566927,0.2440944881889764,0.08661417322834646
2024-08-29T12:17:29.922809,interface,0.12598425196850394,0.6280873353028549,0.5826771653543307,0.13385826771653545,0.0,0.41732283464566927,0.2440944881889764,0.08661417322834646
2024-08-29T12:17:29.928158,interface,0.12598425196850394,0.6280873353028549,0.5590551181102362,0.13385826771653545,0.0,0.41732283464566927,0.2440944881889764,0.08661417322834646
2024-08-29T12:17:29.931509,interface,0.12598425196850394,0.6280873353028549,0.5354330708661418,0.13385826771653545,0.0,0.41732283464566927,0.2440944881889764,0.08661417322834646
2024-08-29T12:17:29.934935,interface,0.12598425196850394,0.6280873353028549,0.5118110236220472,0.13385826771653545,0.0,0.41732283464566927,0.2440944881889764,0.08661417322834646
2024-08-29T12:17:29.943680,interface,0.12598425196850394,0.6280873353028549,0.4881889763779528,0.13385826771653545,0.0,0.41732283464566927,0.2440944881889764,0.08661417322834646
2024-08-29T12:17:29.944849,interface,0.12598425196850394,0.6280873353028549,0.4645669291338583,0.13385826771653545,0.0,0.41732283464566927,0.2440944881889764,0.08661417322834646
2024-08-29T12:17:29.948135,interface,0.12598425196850394,0.6280873353028549,0.4409448818897638,0.13385826771653545,0.0,0.41732283464566927,0.2440944881889764,0.08661417322834646
2024-08-29T12:17:29.951541,interface,0.12598425196850394,0.6280873353028549,0.41732283464566927,0.13385826771653545,0.0,0.41732283464566927,0.2440944881889764,0.08661417322834646
2024-08-29T12:17:29.954955,interface,0.12598425196850394,0.6280873353028549,0.3937007874015748,0.13385826771653545,0.0,0.41732283464566927,0.2440944881889764,0.08661417322834646
2024-08-29T12:17:29.960314,interface,0.12598425196850394,0.6280873353028549,0.3779527559055118,0.13385826771653545,0.0,0.41732283464566927,0.2440944881889764,0.08661417322834646
2024-08-29T12:17:29.963651,interface,0.12598425196850394,0.6280873353028549,0.3543307086614173,0.13385826771653545,0.0,0.41732283464566927,0.2440944881889764,0.08661417322834646
2024-08-29T12:17:29.967150,interface,0.12598425196850394,0.6280873353028549,0.33858267716535434,0.13385826771653545,0.0,0.41732283464566927,0.2440944881889764,0.08661417322834646
2024-08-29T12:17:29.970635,interface,0.12598425196850394,0.6280873353028549,0.31496062992125984,0.13385826771653545,0.0,0.41732283464566927,0.2440944881889764,0.08661417322834646
2024-08-29T12:17:29.980301,interface,0.12598425196850394,0.6280873353028549,0.2992125984251969,0.13385826771653545,0.0,0.41732283464566927,0.2440944881889764,0.08661417322834646
2024-08-29T12:17:29.981486,interface,0.12598425196850394,0.6280873353028549,0.2755905511811024,0.13385826771653545,0.0,0.41732283464566927,0.2440944881889764,0.08661417322834646
2024-08-29T12:17:29.984775,interface,0.12598425196850394,0.6280873353028549,0.25984251968503935,0.13385826771653545,0.0,0.41732283464566927,0.2440944881889764,0.08661417322834646
2024-08-29T12:17:29.988186,interface,0.12598425196850394,0.6280873353028549,0.2440944881889764,0.13385826771653545,0.0,0.41732283464566927,0.2440944881889764,0.08661417322834646
2024-08-29T12:17:29.991635,interface,0.12598425196850394,0.6280873353028549,0.2283464566929134,0.13385826771653545,0.0,0.41732283464566927,0.2440944881889764,0.08661417322834646
2024-08-29T12:17:29.997013,interface,0.12598425196850394,0.6280873353028549,0.2125984251968504,0.13385826771653545,0.0,0.41732283464566927,0.2440944881889764,0.08661417322834646
2024-08-29T12:17:30.000363,interface,0.12598425196850394,0.6280873353028549,0.1968503937007874,0.13385826771653545,0.0,0.41732283464566927,0.2440944881889764,0.08661417322834646
2024-08-29T12:17:30.003816,interface,0.12598425196850394,0.6280873353028549,0.1889763779527559,0.13385826771653545,0.0,0.41732283464566927,0.2440944881889764,0.08661417322834646
2024-08-29T12:17:30.007282,interface,0.12598425196850394,0.6280873353028549,0.1732283464566929,0.13385826771653545,0.0,0.41732283464566927,0.2440944881889764,0.08661417322834646
2024-08-29T12:17:30.015956,interface,0.12598425196850394,0.6280873353028549,0.16535433070866143,0.13385826771653545,0.0,0.41732283464566927,0.2440944881889764,0.08661417322834646
2024-08-29T12:17:30.017122,interface,0.12598425196850394,0.6280873353028549,0.14960629921259844,0.13385826771653545,0.0,0.41732283464566927,0.2440944881889764,0.08661417322834646
2024-08-29T12:17:30.020420,interface,0.12598425196850394,0.6280873353028549,0.14173228346456693,0.13385826771653545,0.0,0.41732283464566927,0.2440944881889764,0.08661417322834646
2024-08-29T12:17:30.023809,interface,0.12598425196850394,0.6280873353028549,0.13385826771653545,0.13385826771653545,0.0,0.41732283464566927,0.2440944881889764,0.08661417322834646
2024-08-29T12:17:30.027221,interface,0.12598425196850394,0.6280873353028549,0.12598425196850394,0.13385826771653545,0.0,0.41732283464566927,0.2440944881889764,0.08661417322834646
2024-08-29T12:17:30.032892,interface,0.12598425196850394,0.6280873353028549,0.11811023622047244,0.13385826771653545,0.0,0.41732283464566927,0.2440944881889764,0.08661417322834646
2024-08-29T12:17:30.036314,interface,0.12598425196850394,0.6280873353028549,0.11023622047244094,0.13385826771653545,0.0,0.41732283464566927,0.2440944881889764,0.08661417322834646
2024-08-29T12:17:30.039860,interface,0.12598425196850394,0.6280873353028549,0.10236220472440945,0.13385826771653545,0.0,0.41732283464566927,0.2440944881889764,0.08661417322834646
2024-08-29T12:17:30.043792,interface,0.12598425196850394,0.6280873353028549,0.09448818897637795,0.13385826771653545,0.0,0.41732283464566927,0.2440944881889764,0.08661417322834646
2024-08-29T12:17:30.047804,interface,0.12598425196850394,0.6280873353028549,0.08661417322834646,0.13385826771653545,0.0,0.41732283464566927,0.2440944881889764,0.08661417322834646
2024-08-29T12:17:30.060546,interface,0.12598425196850394,0.6280873353028549,0.07874015748031496,0.13385826771653545,0.0,0.41732283464566927,0.2440944881889764,0.08661417322834646
2024-08-29T12:17:30.064154,interface,0.12598425196850394,0.6280873353028549,0.07086614173228346,0.13385826771653545,0.0,0.41732283464566927,0.2440944881889764,0.08661417322834646
2024-08-29T12:17:30.092180,interface,0.12598425196850394,0.6280873353028549,0.07874015748031496,0.13385826771653545,0.0,0.41732283464566927,0.2440944881889764,0.08661417322834646
2024-08-29T12:17:30.095764,interface,0.12598425196850394,0.6280873353028549,0.08661417322834646,0.13385826771653545,0.0,0.41732283464566927,0.2440944881889764,0.08661417322834646
2024-08-29T12:17:30.104474,interface,0.12598425196850394,0.6280873353028549,0.09448818897637795,0.13385826771653545,0.0,0.41732283464566927,0.2440944881889764,0.08661417322834646
2024-08-29T12:17:30.105723,interface,0.12598425196850394,0.6280873353028549,0.10236220472440945,0.13385826771653545,0.0,0.41732283464566927,0.2440944881889764,0.08661417322834646
2024-08-29T12:17:30.109164,interface,0.12598425196850394,0.6280873353028549,0.11811023622047244,0.13385826771653545,0.0,0.41732283464566927,0.2440944881889764,0.08661417322834646
2024-08-29T12:17:30.112562,interface,0.12598425196850394,0.6280873353028549,0.12598425196850394,0.13385826771653545,0.0,0.41732283464566927,0.2440944881889764,0.08661417322834646
2024-08-29T12:17:30.116087,interface,0.12598425196850394,0.6280873353028549,0.14173228346456693,0.13385826771653545,0.0,0.41732283464566927,0.2440944881889764,0.08661417322834646
2024-08-29T12:17:30.119623,interface,0.12598425196850394,0.6280873353028549,0.15748031496062992,0.13385826771653545,0.0,0.41732283464566927,0.2440944881889764,0.08661417322834646
2024-08-29T12:17:30.123106,interface,0.12598425196850394,0.6280873353028549,0.18110236220472442,0.13385826771653545,0.0,0.41732283464566927,0.2440944881889764,0.08661417322834646
2024-08-29T12:17:30.128456,interface,0.12598425196850394,0.6280873353028549,0.2047244094488189,0.13385826771653545,0.0,0.41732283464566927,0.2440944881889764,0.08661417322834646
2024-08-29T12:17:30.132002,interface,0.12598425196850394,0.6280873353028549,0.2283464566929134,0.13385826771653545,0.0,0.41732283464566927,0.2440944881889764,0.08661417322834646
2024-08-29T12:17:30.135491,interface,0.12598425196850394,0.6280873353028549,0.25196850393700787,0.13385826771653545,0.0,0.41732283464566927,0.2440944881889764,0.08661417322834646
2024-08-29T12:17:30.144825,interface,0.12598425196850394,0.6280873353028549,0.28346456692913385,0.13385826771653545,0.0,0.41732283464566927,0.2440944881889764,0.08661417322834646
2024-08-29T12:17:30.145988,interface,0.12598425196850394,0.6280873353028549,0.31496062992125984,0.13385826771653545,0.0,0.41732283464566927,0.2440944881889764,0.08661417322834646
2024-08-29T12:17:30.149282,interface,0.12598425196850394,0.6280873353028549,0.33858267716535434,0.13385826771653545,0.0,0.41732283464566927,0.2440944881889764,0.08661417322834646
2024-08-29T12:17:30.152747,interface,0.12598425196850394,0.6280873353028549,0.3700787401574803,0.13385826771653545,0.0,0.41732283464566927,0.2440944881889764,0.08661417322834646
2024-08-29T12:17:30.156206,interface,0.12598425196850394,0.6280873353028549,0.4015748031496063,0.13385826771653545,0.0,0.41732283464566927,0.2440944881889764,0.08661417322834646
2024-08-29T12:17:30.161571,interface,0.12598425196850394,0.6280873353028549,0.4330708661417323,0.13385826771653545,0.0,0.41732283464566927,0.2440944881889764,0.08661417322834646
2024-08-29T12:17:30.164910,interface,0.12598425196850394,0.6280873353028549,0.4566929133858268,0.13385826771653545,0.0,0.41732283464566927,0.2440944881889764,0.08661417322834646
2024-08-29T12:17:30.168391,interface,0.12598425196850394,0.6280873353028549,0.4881889763779528,0.13385826771653545,0.0,0.41732283464566927,0.2440944881889764,0.08661417322834646
2024-08-29T12:17:30.171879,interface,0.12598425196850394,0.6280873353028549,0.5196850393700787,0.13385826771653545,0.0,0.41732283464566927,0.2440944881889764,0.08661417322834646
2024-08-29T12:17:30.180423,interface,0.12598425196850394,0.6280873353028549,0.5511811023622047,0.13385826771653545,0.0,0.41732283464566927,0.2440944881889764,0.08661417322834646
2024-08-29T12:17:30.181587,interface,0.12598425196850394,0.6280873353028549,0.5826771653543307,0.13385826771653545,0.0,0.41732283464566927,0.2440944881889764,0.08661417322834646
2024-08-29T12:17:30.184884,interface,0.12598425196850394,0.6280873353028549,0.6141732283464567,0.13385826771653545,0.0,0.41732283464566927,0.2440944881889764,0.08661417322834646
2024-08-29T12:17:30.188365,interface,0.12598425196850394,0.6280873353028549,0.6377952755905512,0.13385826771653545,0.0,0.41732283464566927,0.2440944881889764,0.08661417322834646
2024-08-29T12:17:30.191827,interface,0.12598425196850394,0.6280873353028549,0.6692913385826772,0.13385826771653545,0.0,0.41732283464566927,0.2440944881889764,0.08661417322834646
2024-08-29T12:17:30.195362,interface,0.12598425196850394,0.6280873353028549,0.6929133858267716,0.13385826771653545,0.0,0.41732283464566927,0.2440944881889764,0.08661417322834646
2024-08-29T12:17:30.200651,interface,0.12598425196850394,0.6280873353028549,0.7165354330708661,0.13385826771653545,0.0,0.41732283464566927,0.2440944881889764,0.08661417322834646
2024-08-29T12:17:30.204178,interface,0.12598425196850394,0.6280873353028549,0.7480314960629921,0.13385826771653545,0.0,0.41732283464566927,0.2440944881889764,0.08661417322834646
2024-08-29T12:17:30.212808,interface,0.12598425196850394,0.6280873353028549,0.7716535433070866,0.13385826771653545,0.0,0.41732283464566927,0.2440944881889764,0.08661417322834646
2024-08-29T12:17:30.213982,interface,0.12598425196850394,0.6280873353028549,0.7952755905511811,0.13385826771653545,0.0,0.41732283464566927,0.2440944881889764,0.08661417322834646
2024-08-29T12:17:30.217304,interface,0.12598425196850394,0.6280873353028549,0.8188976377952756,0.13385826771653545,0.0,0.41732283464566927,0.2440944881889764,0.08661417322834646
2024-08-29T12:17:30.220852,interface,0.12598425196850394,0.6280873353028549,0.84251968503937,0.13385826771653545,0.0,0.41732283464566927,0.2440944881889764,0.08661417322834646
2024-08-29T12:17:30.226182,interface,0.12598425196850394,0.6280873353028549,0.8661417322834646,0.13385826771653545,0.0,0.41732283464566927,0.2440944881889764,0.08661417322834646
2024-08-29T12:17:30.229540,interface,0.12598425196850394,0.6280873353028549,0.8818897637795275,0.13385826771653545,0.0,0.41732283464566927,0.2440944881889764,0.08661417322834646
2024-08-29T12:17:30.232991,interface,0.12598425196850394,0.6280873353028549,0.8976377952755905,0.13385826771653545,0.0,0.41732283464566927,0.2440944881889764,0.08661417322834646
2024-08-29T12:17:30.236455,interface,0.12598425196850394,0.6280873353028549,0.9133858267716536,0.13385826771653545,0.0,0.41732283464566927,0.2440944881889764,0.08661417322834646
2024-08-29T12:17:30.239966,interface,0.12598425196850394,0.6280873353028549,0.9291338582677166,0.13385826771653545,0.0,0.41732283464566927,0.2440944881889764,0.08661417322834646
2024-08-29T12:17:30.248766,interface,0.12598425196850394,0.6280873353028549,0.9448818897637795,0.13385826771653545,0.0,0.41732283464566927,0.2440944881889764,0.08661417322834646
2024-08-29T12:17:30.249925,interface,0.12598425196850394,0.6280873353028549,0.952755905511811,0.13385826771653545,0.0,0.41732283464566927,0.2440944881889764,0.08661417322834646
2024-08-29T12:17:30.253203,interface,0.12598425196850394,0.6280873353028549,0.9606299212598425,0.13385826771653545,0.0,0.41732283464566927,0.2440944881889764,0.08661417322834646
2024-08-29T12:17:30.256633,interface,0.12598425196850394,0.6280873353028549,0.968503937007874,0.13385826771653545,0.0,0.41732283464566927,0.2440944881889764,0.08661417322834646
2024-08-29T12:17:30.260124,interface,0.12598425196850394,0.6280873353028549,0.9763779527559056,0.13385826771653545,0.0,0.41732283464566927,0.2440944881889764,0.08661417322834646
2024-08-29T12:17:30.265502,interface,0.12598425196850394,0.6280873353028549,0.984251968503937,0.13385826771653545,0.0,0.41732283464566927,0.2440944881889764,0.08661417322834646
2024-08-29T12:17:30.268868,interface,0.12598425196850394,0.6280873353028549,0.9921259842519685,0.13385826771653545,0.0,0.41732283464566927,0.2440944881889764,0.08661417322834646
2024-08-29T12:17:30.280590,interface,0.12598425196850394,0.6280873353028549,1.0,0.13385826771653545,0.0,0.41732283464566927,0.2440944881889764,0.08661417322834646
2024-08-29T12:17:30.899409,interface,0.12598425196850394,0.6280873353028549,0.968503937007874,0.13385826771653545,0.0,0.41732283464566927,0.2440944881889764,0.08661417322834646
2024-08-29T12:17:30.900861,interface,0.12598425196850394,0.6280873353028549,0.9606299212598425,0.13385826771653545,0.0,0.41732283464566927,0.2440944881889764,0.08661417322834646
2024-08-29T12:17:30.901994,interface,0.12598425196850394,0.6280873353028549,0.9448818897637795,0.13385826771653545,0.0,0.41732283464566927,0.2440944881889764,0.08661417322834646
2024-08-29T12:17:30.907517,interface,0.12598425196850394,0.6280873353028549,0.9291338582677166,0.13385826771653545,0.0,0.41732283464566927,0.2440944881889764,0.08661417322834646
2024-08-29T12:17:30.910841,interface,0.12598425196850394,0.6280873353028549,0.9133858267716536,0.13385826771653545,0.0,0.41732283464566927,0.2440944881889764,0.08661417322834646
2024-08-29T12:17:30.914272,interface,0.12598425196850394,0.6280873353028549,0.8976377952755905,0.13385826771653545,0.0,0.41732283464566927,0.2440944881889764,0.08661417322834646
2024-08-29T12:17:30.919646,interface,0.12598425196850394,0.6280873353028549,0.8740157480314961,0.13385826771653545,0.0,0.41732283464566927,0.2440944881889764,0.08661417322834646
2024-08-29T12:17:30.922971,interface,0.12598425196850394,0.6280873353028549,0.8582677165354331,0.13385826771653545,0.0,0.41732283464566927,0.2440944881889764,0.08661417322834646
2024-08-29T12:17:30.926482,interface,0.12598425196850394,0.6280873353028549,0.8346456692913385,0.13385826771653545,0.0,0.41732283464566927,0.2440944881889764,0.08661417322834646
2024-08-29T12:17:30.935182,interface,0.12598425196850394,0.6280873353028549,0.8110236220472441,0.13385826771653545,0.0,0.41732283464566927,0.2440944881889764,0.08661417322834646
2024-08-29T12:17:30.936357,interface,0.12598425196850394,0.6280873353028549,0.7874015748031497,0.13385826771653545,0.0,0.41732283464566927,0.2440944881889764,0.08661417322834646
2024-08-29T12:17:30.939654,interface,0.12598425196850394,0.6280873353028549,0.7637795275590551,0.13385826771653545,0.0,0.41732283464566927,0.2440944881889764,0.08661417322834646
2024-08-29T12:17:30.942993,interface,0.12598425196850394,0.6280873353028549,0.7322834645669292,0.13385826771653545,0.0,0.41732283464566927,0.2440944881889764,0.08661417322834646
2024-08-29T12:17:30.946487,interface,0.12598425196850394,0.6280873353028549,0.7086614173228346,0.13385826771653545,0.0,0.41732283464566927,0.2440944881889764,0.08661417322834646
2024-08-29T12:17:30.949990,interface,0.12598425196850394,0.6280873353028549,0.6771653543307087,0.13385826771653545,0.0,0.41732283464566927,0.2440944881889764,0.08661417322834646
2024-08-29T12:17:30.955368,interface,0.12598425196850394,0.6280873353028549,0.6456692913385826,0.13385826771653545,0.0,0.41732283464566927,0.2440944881889764,0.08661417322834646
2024-08-29T12:17:30.958812,interface,0.12598425196850394,0.6280873353028549,0.6141732283464567,0.13385826771653545,0.0,0.41732283464566927,0.2440944881889764,0.08661417322834646
2024-08-29T12:17:30.967636,interface,0.12598425196850394,0.6280873353028549,0.5826771653543307,0.13385826771653545,0.0,0.41732283464566927,0.2440944881889764,0.08661417322834646
2024-08-29T12:17:30.968807,interface,0.12598425196850394,0.6280873353028549,0.5511811023622047,0.13385826771653545,0.0,0.41732283464566927,0.2440944881889764,0.08661417322834646
2024-08-29T12:17:30.972099,interface,0.12598425196850394,0.6280873353028549,0.5196850393700787,0.13385826771653545,0.0,0.41732283464566927,0.2440944881889764,0.08661417322834646
2024-08-29T12:17:30.975491,interface,0.12598425196850394,0.6280873353028549,0.4881889763779528,0.13385826771653545,0.0,0.41732283464566927,0.2440944881889764,0.08661417322834646
2024-08-29T12:17:30.978940,interface,0.12598425196850394,0.6280873353028549,0.4645669291338583,0.13385826771653545,0.0,0.41732283464566927,0.2440944881889764,0.08661417322834646
2024-08-29T12:17:30.984294,interface,0.12598425196850394,0.6280873353028549,0.4330708661417323,0.13385826771653545,0.0,0.41732283464566927,0.2440944881889764,0.08661417322834646
2024-08-29T12:17:30.987641,interface,0.12598425196850394,0.6280873353028549,0.4094488188976378,0.13385826771653545,0.0,0.41732283464566927,0.2440944881889764,0.08661417322834646
2024-08-29T12:17:30.991157,interface,0.12598425196850394,0.6280873353028549,0.3858267716535433,0.13385826771653545,0.0,0.41732283464566927,0.2440944881889764,0.08661417322834646
2024-08-29T12:17:30.994622,interface,0.12598425196850394,0.6280873353028549,0.3543307086614173,0.13385826771653545,0.0,0.41732283464566927,0.2440944881889764,0.08661417322834646
2024-08-29T12:17:30.998165,interface,0.12598425196850394,0.6280873353028549,0.33070866141732286,0.13385826771653545,0.0,0.41732283464566927,0.2440944881889764,0.08661417322834646
2024-08-29T12:17:31.007285,interface,0.12598425196850394,0.6280873353028549,0.31496062992125984,0.13385826771653545,0.0,0.41732283464566927,0.2440944881889764,0.08661417322834646
2024-08-29T12:17:31.008458,interface,0.12598425196850394,0.6280873353028549,0.29133858267716534,0.13385826771653545,0.0,0.41732283464566927,0.2440944881889764,0.08661417322834646
2024-08-29T12:17:31.011754,interface,0.12598425196850394,0.6280873353028549,0.2755905511811024,0.13385826771653545,0.0,0.41732283464566927,0.2440944881889764,0.08661417322834646
2024-08-29T12:17:31.015061,interface,0.12598425196850394,0.6280873353028549,0.25196850393700787,0.13385826771653545,0.0,0.41732283464566927,0.2440944881889764,0.08661417322834646
2024-08-29T12:17:31.018515,interface,0.12598425196850394,0.6280873353028549,0.23622047244094488,0.13385826771653545,0.0,0.41732283464566927,0.2440944881889764,0.08661417322834646
2024-08-29T12:17:31.023879,interface,0.12598425196850394,0.6280873353028549,0.2204724409448819,0.13385826771653545,0.0,0.41732283464566927,0.2440944881889764,0.08661417322834646
2024-08-29T12:17:31.027230,interface,0.12598425196850394,0.6280873353028549,0.2047244094488189,0.13385826771653545,0.0,0.41732283464566927,0.2440944881889764,0.08661417322834646
2024-08-29T12:17:31.030714,interface,0.12598425196850394,0.6280873353028549,0.1968503937007874,0.13385826771653545,0.0,0.41732283464566927,0.2440944881889764,0.08661417322834646
2024-08-29T12:17:31.034215,interface,0.12598425196850394,0.6280873353028549,0.1889763779527559,0.13385826771653545,0.0,0.41732283464566927,0.2440944881889764,0.08661417322834646
2024-08-29T12:17:31.043280,interface,0.12598425196850394,0.6280873353028549,0.1732283464566929,0.13385826771653545,0.0,0.41732283464566927,0.2440944881889764,0.08661417322834646
2024-08-29T12:17:31.044453,interface,0.12598425196850394,0.6280873353028549,0.16535433070866143,0.13385826771653545,0.0,0.41732283464566927,0.2440944881889764,0.08661417322834646
2024-08-29T12:17:31.047766,interface,0.12598425196850394,0.6280873353028549,0.15748031496062992,0.13385826771653545,0.0,0.41732283464566927,0.2440944881889764,0.08661417322834646
2024-08-29T12:17:31.051249,interface,0.12598425196850394,0.6280873353028549,0.14960629921259844,0.13385826771653545,0.0,0.41732283464566927,0.2440944881889764,0.08661417322834646
2024-08-29T12:17:31.063891,interface,0.12598425196850394,0.6280873353028549,0.14173228346456693,0.13385826771653545,0.0,0.41732283464566927,0.2440944881889764,0.08661417322834646
2024-08-29T12:17:31.067581,interface,0.12598425196850394,0.6280873353028549,0.13385826771653545,0.13385826771653545,0.0,0.41732283464566927,0.2440944881889764,0.08661417322834646
2024-08-29T12:17:31.099484,interface,0.12598425196850394,0.6280873353028549,0.14173228346456693,0.13385826771653545,0.0,0.41732283464566927,0.2440944881889764,0.08661417322834646
2024-08-29T12:17:31.102960,interface,0.12598425196850394,0.6280873353028549,0.14960629921259844,0.13385826771653545,0.0,0.41732283464566927,0.2440944881889764,0.08661417322834646
2024-08-29T12:17:31.106456,interface,0.12598425196850394,0.6280873353028549,0.15748031496062992,0.13385826771653545,0.0,0.41732283464566927,0.2440944881889764,0.08661417322834646
2024-08-29T12:17:31.115518,interface,0.12598425196850394,0.6280873353028549,0.16535433070866143,0.13385826771653545,0.0,0.41732283464566927,0.2440944881889764,0.08661417322834646
2024-08-29T12:17:31.116686,interface,0.12598425196850394,0.6280873353028549,0.1732283464566929,0.13385826771653545,0.0,0.41732283464566927,0.2440944881889764,0.08661417322834646
2024-08-29T12:17:31.119974,interface,0.12598425196850394,0.6280873353028549,0.18110236220472442,0.13385826771653545,0.0,0.41732283464566927,0.2440944881889764,0.08661417322834646
2024-08-29T12:17:31.123444,interface,0.12598425196850394,0.6280873353028549,0.1889763779527559,0.13385826771653545,0.0,0.41732283464566927,0.2440944881889764,0.08661417322834646
2024-08-29T12:17:31.128804,interface,0.12598425196850394,0.6280873353028549,0.2047244094488189,0.13385826771653545,0.0,0.41732283464566927,0.2440944881889764,0.08661417322834646
2024-08-29T12:17:31.132172,interface,0.12598425196850394,0.6280873353028549,0.2125984251968504,0.13385826771653545,0.0,0.41732283464566927,0.2440944881889764,0.08661417322834646
2024-08-29T12:17:31.135649,interface,0.12598425196850394,0.6280873353028549,0.2283464566929134,0.13385826771653545,0.0,0.41732283464566927,0.2440944881889764,0.08661417322834646
2024-08-29T12:17:31.144313,interface,0.12598425196850394,0.6280873353028549,0.23622047244094488,0.13385826771653545,0.0,0.41732283464566927,0.2440944881889764,0.08661417322834646
2024-08-29T12:17:31.145484,interface,0.12598425196850394,0.6280873353028549,0.25196850393700787,0.13385826771653545,0.0,0.41732283464566927,0.2440944881889764,0.08661417322834646
2024-08-29T12:17:31.148786,interface,0.12598425196850394,0.6280873353028549,0.2677165354330709,0.13385826771653545,0.0,0.41732283464566927,0.2440944881889764,0.08661417322834646
2024-08-29T12:17:31.152130,interface,0.12598425196850394,0.6280873353028549,0.28346456692913385,0.13385826771653545,0.0,0.41732283464566927,0.2440944881889764,0.08661417322834646
2024-08-29T12:17:31.155630,interface,0.12598425196850394,0.6280873353028549,0.30708661417322836,0.13385826771653545,0.0,0.41732283464566927,0.2440944881889764,0.08661417322834646
2024-08-29T12:17:31.159075,interface,0.12598425196850394,0.6280873353028549,0.33070866141732286,0.13385826771653545,0.0,0.41732283464566927,0.2440944881889764,0.08661417322834646
2024-08-29T12:17:31.164463,interface,0.12598425196850394,0.6280873353028549,0.3464566929133858,0.13385826771653545,0.0,0.41732283464566927,0.2440944881889764,0.08661417322834646
2024-08-29T12:17:31.167824,interface,0.12598425196850394,0.6280873353028549,0.3700787401574803,0.13385826771653545,0.0,0.41732283464566927,0.2440944881889764,0.08661417322834646
2024-08-29T12:17:31.171290,interface,0.12598425196850394,0.6280873353028549,0.3937007874015748,0.13385826771653545,0.0,0.41732283464566927,0.2440944881889764,0.08661417322834646
2024-08-29T12:17:31.174768,interface,0.12598425196850394,0.6280873353028549,0.41732283464566927,0.13385826771653545,0.0,0.41732283464566927,0.2440944881889764,0.08661417322834646
2024-08-29T12:17:31.183798,interface,0.12598425196850394,0.6280873353028549,0.4330708661417323,0.13385826771653545,0.0,0.41732283464566927,0.2440944881889764,0.08661417322834646
2024-08-29T12:17:31.184959,interface,0.12598425196850394,0.6280873353028549,0.4566929133858268,0.13385826771653545,0.0,0.41732283464566927,0.2440944881889764,0.08661417322834646
2024-08-29T12:17:31.188241,interface,0.12598425196850394,0.6280873353028549,0.48031496062992124,0.13385826771653545,0.0,0.41732283464566927,0.2440944881889764,0.08661417322834646
2024-08-29T12:17:31.191656,interface,0.12598425196850394,0.6280873353028549,0.49606299212598426,0.13385826771653545,0.0,0.41732283464566927,0.2440944881889764,0.08661417322834646
2024-08-29T12:17:31.195156,interface,0.12598425196850394,0.6280873353028549,0.5196850393700787,0.13385826771653545,0.0,0.41732283464566927,0.2440944881889764,0.08661417322834646
2024-08-29T12:17:31.198647,interface,0.12598425196850394,0.6280873353028549,0.5354330708661418,0.13385826771653545,0.0,0.41732283464566927,0.2440944881889764,0.08661417322834646
2024-08-29T12:17:31.203980,interface,0.12598425196850394,0.6280873353028549,0.5590551181102362,0.13385826771653545,0.0,0.41732283464566927,0.2440944881889764,0.08661417322834646
2024-08-29T12:17:31.207509,interface,0.12598425196850394,0.6280873353028549,0.5748031496062992,0.13385826771653545,0.0,0.41732283464566927,0.2440944881889764,0.08661417322834646
2024-08-29T12:17:31.216410,interface,0.12598425196850394,0.6280873353028549,0.5905511811023622,0.13385826771653545,0.0,0.41732283464566927,0.2440944881889764,0.08661417322834646
2024-08-29T12:17:31.217567,interface,0.12598425196850394,0.6280873353028549,0.6141732283464567,0.13385826771653545,0.0,0.41732283464566927,0.2440944881889764,0.08661417322834646
2024-08-29T12:17:31.220950,interface,0.12598425196850394,0.6280873353028549,0.6299212598425197,0.13385826771653545,0.0,0.41732283464566927,0.2440944881889764,0.08661417322834646
2024-08-29T12:17:31.224302,interface,0.12598425196850394,0.6280873353028549,0.6456692913385826,0.13385826771653545,0.0,0.41732283464566927,0.2440944881889764,0.08661417322834646
2024-08-29T12:17:31.227799,interface,0.12598425196850394,0.6280873353028549,0.6614173228346457,0.13385826771653545,0.0,0.41732283464566927,0.2440944881889764,0.08661417322834646
2024-08-29T12:17:31.233128,interface,0.12598425196850394,0.6280873353028549,0.6771653543307087,0.13385826771653545,0.0,0.41732283464566927,0.2440944881889764,0.08661417322834646
2024-08-29T12:17:31.236482,interface,0.12598425196850394,0.6280873353028549,0.6850393700787402,0.13385826771653545,0.0,0.41732283464566927,0.2440944881889764,0.08661417322834646
2024-08-29T12:17:31.239944,interface,0.12598425196850394,0.6280873353028549,0.7007874015748031,0.13385826771653545,0.0,0.41732283464566927,0.2440944881889764,0.08661417322834646
2024-08-29T12:17:31.243462,interface,0.12598425196850394,0.6280873353028549,0.7086614173228346,0.13385826771653545,0.0,0.41732283464566927,0.2440944881889764,0.08661417322834646
2024-08-29T12:17:31.252104,interface,0.12598425196850394,0.6280873353028549,0.7165354330708661,0.13385826771653545,0.0,0.41732283464566927,0.2440944881889764,0.08661417322834646
2024-08-29T12:17:31.253260,interface,0.12598425196850394,0.6280873353028549,0.7244094488188977,0.13385826771653545,0.0,0.41732283464566927,0.2440944881889764,0.08661417322834646
2024-08-29T12:17:31.256556,interface,0.12598425196850394,0.6280873353028549,0.7322834645669292,0.13385826771653545,0.0,0.41732283464566927,0.2440944881889764,0.08661417322834646
2024-08-29T12:17:31.259943,interface,0.12598425196850394,0.6280873353028549,0.7401574803149606,0.13385826771653545,0.0,0.41732283464566927,0.2440944881889764,0.08661417322834646
2024-08-29T12:17:31.263423,interface,0.12598425196850394,0.6280873353028549,0.7480314960629921,0.13385826771653545,0.0,0.41732283464566927,0.2440944881889764,0.08661417322834646
2024-08-29T12:17:31.275931,interface,0.12598425196850394,0.6280873353028549,0.7559055118110236,0.13385826771653545,0.0,0.41732283464566927,0.2440944881889764,0.08661417322834646
2024-08-29T12:17:31.279427,interface,0.12598425196850394,0.6280873353028549,0.7637795275590551,0.13385826771653545,0.0,0.41732283464566927,0.2440944881889764,0.08661417322834646
2024-08-29T12:17:31.296552,interface,0.12598425196850394,0.6280873353028549,0.7716535433070866,0.13385826771653545,0.0,0.41732283464566927,0.2440944881889764,0.08661417322834646
2024-08-29T12:17:31.348168,interface,0.12598425196850394,0.6280873353028549,0.7637795275590551,0.13385826771653545,0.0,0.41732283464566927,0.2440944881889764,0.08661417322834646
2024-08-29T12:17:31.372831,interface,0.12598425196850394,0.6280873353028549,0.7559055118110236,0.13385826771653545,0.0,0.41732283464566927,0.2440944881889764,0.08661417322834646
2024-08-29T12:17:31.416443,interface,0.12598425196850394,0.6280873353028549,0.7480314960629921,0.13385826771653545,0.0,0.41732283464566927,0.2440944881889764,0.08661417322834646
2024-08-29T12:17:33.412003,interface,0.12598425196850394,0.6280873353028549,0.7480314960629921,0.13385826771653545,0.0,0.41732283464566927,0.2440944881889764,1.0
2024-08-29T12:17:33.413222,interface,0.12598425196850394,0.6280873353028549,0.7480314960629921,0.13385826771653545,0.0,0.41732283464566927,0.2440944881889764,0.9921259842519685
2024-08-29T12:17:33.431211,interface,0.12598425196850394,0.6280873353028549,0.7480314960629921,0.13385826771653545,0.0,0.41732283464566927,0.2440944881889764,0.984251968503937
2024-08-29T12:17:33.434764,interface,0.12598425196850394,0.6280873353028549,0.7480314960629921,0.13385826771653545,0.0,0.41732283464566927,0.2440944881889764,0.9763779527559056
2024-08-29T12:17:33.447203,interface,0.12598425196850394,0.6280873353028549,0.7480314960629921,0.13385826771653545,0.0,0.41732283464566927,0.2440944881889764,0.968503937007874
2024-08-29T12:17:33.456017,interface,0.12598425196850394,0.6280873353028549,0.7480314960629921,0.13385826771653545,0.0,0.41732283464566927,0.2440944881889764,0.9606299212598425
2024-08-29T12:17:33.457156,interface,0.12598425196850394,0.6280873353028549,0.7480314960629921,0.13385826771653545,0.0,0.41732283464566927,0.2440944881889764,0.952755905511811
2024-08-29T12:17:33.460493,interface,0.12598425196850394,0.6280873353028549,0.7480314960629921,0.13385826771653545,0.0,0.41732283464566927,0.2440944881889764,0.9448818897637795
2024-08-29T12:17:33.472013,interface,0.12598425196850394,0.6280873353028549,0.7480314960629921,0.13385826771653545,0.0,0.41732283464566927,0.2440944881889764,0.937007874015748
2024-08-29T12:17:33.473157,interface,0.12598425196850394,0.6280873353028549,0.7480314960629921,0.13385826771653545,0.0,0.41732283464566927,0.2440944881889764,0.9291338582677166
2024-08-29T12:17:33.476491,interface,0.12598425196850394,0.6280873353028549,0.7480314960629921,0.13385826771653545,0.0,0.41732283464566927,0.2440944881889764,0.9212598425196851
2024-08-29T12:17:33.479883,interface,0.12598425196850394,0.6280873353028549,0.7480314960629921,0.13385826771653545,0.0,0.41732283464566927,0.2440944881889764,0.9133858267716536
2024-08-29T12:17:33.483421,interface,0.12598425196850394,0.6280873353028549,0.7480314960629921,0.13385826771653545,0.0,0.41732283464566927,0.2440944881889764,0.905511811023622
2024-08-29T12:17:33.486967,interface,0.12598425196850394,0.6280873353028549,0.7480314960629921,0.13385826771653545,0.0,0.41732283464566927,0.2440944881889764,0.8976377952755905
2024-08-29T12:17:33.490502,interface,0.12598425196850394,0.6280873353028549,0.7480314960629921,0.13385826771653545,0.0,0.41732283464566927,0.2440944881889764,0.8818897637795275
2024-08-29T12:17:33.495868,interface,0.12598425196850394,0.6280873353028549,0.7480314960629921,0.13385826771653545,0.0,0.41732283464566927,0.2440944881889764,0.8740157480314961
2024-08-29T12:17:33.499438,interface,0.12598425196850394,0.6280873353028549,0.7480314960629921,0.13385826771653545,0.0,0.41732283464566927,0.2440944881889764,0.8661417322834646
2024-08-29T12:17:33.502901,interface,0.12598425196850394,0.6280873353028549,0.7480314960629921,0.13385826771653545,0.0,0.41732283464566927,0.2440944881889764,0.8582677165354331
2024-08-29T12:17:33.511620,interface,0.12598425196850394,0.6280873353028549,0.7480314960629921,0.13385826771653545,0.0,0.41732283464566927,0.2440944881889764,0.84251968503937
2024-08-29T12:17:33.512773,interface,0.12598425196850394,0.6280873353028549,0.7480314960629921,0.13385826771653545,0.0,0.41732283464566927,0.2440944881889764,0.8346456692913385
2024-08-29T12:17:33.516184,interface,0.12598425196850394,0.6280873353028549,0.7480314960629921,0.13385826771653545,0.0,0.41732283464566927,0.2440944881889764,0.8188976377952756
2024-08-29T12:17:33.519572,interface,0.12598425196850394,0.6280873353028549,0.7480314960629921,0.13385826771653545,0.0,0.41732283464566927,0.2440944881889764,0.8110236220472441
2024-08-29T12:17:33.523048,interface,0.12598425196850394,0.6280873353028549,0.7480314960629921,0.13385826771653545,0.0,0.41732283464566927,0.2440944881889764,0.7952755905511811
2024-08-29T12:17:33.528435,interface,0.12598425196850394,0.6280873353028549,0.7480314960629921,0.13385826771653545,0.0,0.41732283464566927,0.2440944881889764,0.7874015748031497
2024-08-29T12:17:33.531846,interface,0.12598425196850394,0.6280873353028549,0.7480314960629921,0.13385826771653545,0.0,0.41732283464566927,0.2440944881889764,0.7716535433070866
2024-08-29T12:17:33.540548,interface,0.12598425196850394,0.6280873353028549,0.7480314960629921,0.13385826771653545,0.0,0.41732283464566927,0.2440944881889764,0.7559055118110236
2024-08-29T12:17:33.541686,interface,0.12598425196850394,0.6280873353028549,0.7480314960629921,0.13385826771653545,0.0,0.41732283464566927,0.2440944881889764,0.7401574803149606
2024-08-29T12:17:33.543045,interface,0.12598425196850394,0.6280873353028549,0.7480314960629921,0.13385826771653545,0.0,0.41732283464566927,0.2440944881889764,0.7244094488188977
2024-08-29T12:17:33.548404,interface,0.12598425196850394,0.6280873353028549,0.7480314960629921,0.13385826771653545,0.0,0.41732283464566927,0.2440944881889764,0.7165354330708661
2024-08-29T12:17:33.559960,interface,0.12598425196850394,0.6280873353028549,0.7480314960629921,0.13385826771653545,0.0,0.41732283464566927,0.2440944881889764,0.7007874015748031
2024-08-29T12:17:33.561202,interface,0.12598425196850394,0.6280873353028549,0.7480314960629921,0.13385826771653545,0.0,0.41732283464566927,0.2440944881889764,0.6850393700787402
2024-08-29T12:17:33.562545,interface,0.12598425196850394,0.6280873353028549,0.7480314960629921,0.13385826771653545,0.0,0.41732283464566927,0.2440944881889764,0.6692913385826772
2024-08-29T12:17:33.563661,interface,0.12598425196850394,0.6280873353028549,0.7480314960629921,0.13385826771653545,0.0,0.41732283464566927,0.2440944881889764,0.6535433070866141
2024-08-29T12:17:33.571149,interface,0.12598425196850394,0.6280873353028549,0.7480314960629921,0.13385826771653545,0.0,0.41732283464566927,0.2440944881889764,0.6377952755905512
2024-08-29T12:17:33.572312,interface,0.12598425196850394,0.6280873353028549,0.7480314960629921,0.13385826771653545,0.0,0.41732283464566927,0.2440944881889764,0.6299212598425197
2024-08-29T12:17:33.575800,interface,0.12598425196850394,0.6280873353028549,0.7480314960629921,0.13385826771653545,0.0,0.41732283464566927,0.2440944881889764,0.6141732283464567
2024-08-29T12:17:33.588316,interface,0.12598425196850394,0.6280873353028549,0.7480314960629921,0.13385826771653545,0.0,0.41732283464566927,0.2440944881889764,0.5984251968503937
2024-08-29T12:17:33.589786,interface,0.12598425196850394,0.6280873353028549,0.7480314960629921,0.13385826771653545,0.0,0.41732283464566927,0.2440944881889764,0.5826771653543307
2024-08-29T12:17:33.590906,interface,0.12598425196850394,0.6280873353028549,0.7480314960629921,0.13385826771653545,0.0,0.41732283464566927,0.2440944881889764,0.5669291338582677
2024-08-29T12:17:33.591975,interface,0.12598425196850394,0.6280873353028549,0.7480314960629921,0.13385826771653545,0.0,0.41732283464566927,0.2440944881889764,0.5511811023622047
2024-08-29T12:17:33.599156,interface,0.12598425196850394,0.6280873353028549,0.7480314960629921,0.13385826771653545,0.0,0.41732283464566927,0.2440944881889764,0.5433070866141733
2024-08-29T12:17:33.602816,interface,0.12598425196850394,0.6280873353028549,0.7480314960629921,0.13385826771653545,0.0,0.41732283464566927,0.2440944881889764,0.5275590551181102
2024-08-29T12:17:33.603982,interface,0.12598425196850394,0.6280873353028549,0.7480314960629921,0.13385826771653545,0.0,0.41732283464566927,0.2440944881889764,0.5118110236220472
2024-08-29T12:17:33.607461,interface,0.12598425196850394,0.6280873353028549,0.7480314960629921,0.13385826771653545,0.0,0.41732283464566927,0.2440944881889764,0.5039370078740157
2024-08-29T12:17:33.614978,interface,0.12598425196850394,0.6280873353028549,0.7480314960629921,0.13385826771653545,0.0,0.41732283464566927,0.2440944881889764,0.4881889763779528
2024-08-29T12:17:33.616149,interface,0.12598425196850394,0.6280873353028549,0.7480314960629921,0.13385826771653545,0.0,0.41732283464566927,0.2440944881889764,0.48031496062992124
2024-08-29T12:17:33.621455,interface,0.12598425196850394,0.6280873353028549,0.7480314960629921,0.13385826771653545,0.0,0.41732283464566927,0.2440944881889764,0.4645669291338583
2024-08-29T12:17:33.632511,interface,0.12598425196850394,0.6280873353028549,0.7480314960629921,0.13385826771653545,0.0,0.41732283464566927,0.2440944881889764,0.4566929133858268
2024-08-29T12:17:33.633756,interface,0.12598425196850394,0.6280873353028549,0.7480314960629921,0.13385826771653545,0.0,0.41732283464566927,0.2440944881889764,0.44881889763779526
2024-08-29T12:17:33.635096,interface,0.12598425196850394,0.6280873353028549,0.7480314960629921,0.13385826771653545,0.0,0.41732283464566927,0.2440944881889764,0.4409448818897638
2024-08-29T12:17:33.636251,interface,0.12598425196850394,0.6280873353028549,0.7480314960629921,0.13385826771653545,0.0,0.41732283464566927,0.2440944881889764,0.4251968503937008
2024-08-29T12:17:33.643661,interface,0.12598425196850394,0.6280873353028549,0.7480314960629921,0.13385826771653545,0.0,0.41732283464566927,0.2440944881889764,0.41732283464566927
2024-08-29T12:17:33.644852,interface,0.12598425196850394,0.6280873353028549,0.7480314960629921,0.13385826771653545,0.0,0.41732283464566927,0.2440944881889764,0.4094488188976378
2024-08-29T12:17:33.648222,interface,0.12598425196850394,0.6280873353028549,0.7480314960629921,0.13385826771653545,0.0,0.41732283464566927,0.2440944881889764,0.4015748031496063
2024-08-29T12:17:33.651747,interface,0.12598425196850394,0.6280873353028549,0.7480314960629921,0.13385826771653545,0.0,0.41732283464566927,0.2440944881889764,0.3937007874015748
2024-08-29T12:17:33.659274,interface,0.12598425196850394,0.6280873353028549,0.7480314960629921,0.13385826771653545,0.0,0.41732283464566927,0.2440944881889764,0.3858267716535433
2024-08-29T12:17:33.660441,interface,0.12598425196850394,0.6280873353028549,0.7480314960629921,0.13385826771653545,0.0,0.41732283464566927,0.2440944881889764,0.3779527559055118
2024-08-29T12:17:33.663915,interface,0.12598425196850394,0.6280873353028549,0.7480314960629921,0.13385826771653545,0.0,0.41732283464566927,0.2440944881889764,0.3700787401574803
2024-08-29T12:17:33.678225,interface,0.12598425196850394,0.6280873353028549,0.7480314960629921,0.13385826771653545,0.0,0.41732283464566927,0.2440944881889764,0.36220472440944884
2024-08-29T12:17:33.679508,interface,0.12598425196850394,0.6280873353028549,0.7480314960629921,0.13385826771653545,0.0,0.41732283464566927,0.2440944881889764,0.3543307086614173
2024-08-29T12:17:33.680588,interface,0.12598425196850394,0.6280873353028549,0.7480314960629921,0.13385826771653545,0.0,0.41732283464566927,0.2440944881889764,0.3464566929133858
2024-08-29T12:17:33.687798,interface,0.12598425196850394,0.6280873353028549,0.7480314960629921,0.13385826771653545,0.0,0.41732283464566927,0.2440944881889764,0.33858267716535434
2024-08-29T12:17:33.696326,interface,0.12598425196850394,0.6280873353028549,0.7480314960629921,0.13385826771653545,0.0,0.41732283464566927,0.2440944881889764,0.33070866141732286
2024-08-29T12:17:33.704981,interface,0.12598425196850394,0.6280873353028549,0.7480314960629921,0.13385826771653545,0.0,0.41732283464566927,0.2440944881889764,0.3228346456692913
2024-08-29T12:17:33.706120,interface,0.12598425196850394,0.6280873353028549,0.7480314960629921,0.13385826771653545,0.0,0.41732283464566927,0.2440944881889764,0.31496062992125984
2024-08-29T12:17:33.719794,interface,0.12598425196850394,0.6280873353028549,0.7480314960629921,0.13385826771653545,0.0,0.41732283464566927,0.2440944881889764,0.30708661417322836
2024-08-29T12:17:33.720941,interface,0.12598425196850394,0.6280873353028549,0.7480314960629921,0.13385826771653545,0.0,0.41732283464566927,0.2440944881889764,0.2992125984251969
2024-08-29T12:17:33.734491,interface,0.12598425196850394,0.6280873353028549,0.7480314960629921,0.13385826771653545,0.0,0.41732283464566927,0.2440944881889764,0.29133858267716534
2024-08-29T12:17:33.735682,interface,0.12598425196850394,0.6280873353028549,0.7480314960629921,0.13385826771653545,0.0,0.41732283464566927,0.2440944881889764,0.28346456692913385
2024-08-29T12:17:33.749293,interface,0.12598425196850394,0.6280873353028549,0.7480314960629921,0.13385826771653545,0.0,0.41732283464566927,0.2440944881889764,0.2755905511811024
2024-08-29T12:17:33.752694,interface,0.12598425196850394,0.6280873353028549,0.7480314960629921,0.13385826771653545,0.0,0.41732283464566927,0.2440944881889764,0.2677165354330709
2024-08-29T12:17:33.765269,interface,0.12598425196850394,0.6280873353028549,0.7480314960629921,0.13385826771653545,0.0,0.41732283464566927,0.2440944881889764,0.25984251968503935
2024-08-29T12:17:33.777963,interface,0.12598425196850394,0.6280873353028549,0.7480314960629921,0.13385826771653545,0.0,0.41732283464566927,0.2440944881889764,0.25196850393700787
2024-08-29T12:17:33.781355,interface,0.12598425196850394,0.6280873353028549,0.7480314960629921,0.13385826771653545,0.0,0.41732283464566927,0.2440944881889764,0.2440944881889764
2024-08-29T12:17:33.796916,interface,0.12598425196850394,0.6280873353028549,0.7480314960629921,0.13385826771653545,0.0,0.41732283464566927,0.2440944881889764,0.23622047244094488
2024-08-29T12:17:33.808903,interface,0.12598425196850394,0.6280873353028549,0.7480314960629921,0.13385826771653545,0.0,0.41732283464566927,0.2440944881889764,0.2283464566929134
2024-08-29T12:17:33.822565,interface,0.12598425196850394,0.6280873353028549,0.7480314960629921,0.13385826771653545,0.0,0.41732283464566927,0.2440944881889764,0.2204724409448819
2024-08-29T12:17:33.838568,interface,0.12598425196850394,0.6280873353028549,0.7480314960629921,0.13385826771653545,0.0,0.41732283464566927,0.2440944881889764,0.2125984251968504
2024-08-29T12:17:33.856564,interface,0.12598425196850394,0.6280873353028549,0.7480314960629921,0.13385826771653545,0.0,0.41732283464566927,0.2440944881889764,0.2047244094488189
2024-08-29T12:17:33.900842,interface,0.12598425196850394,0.6280873353028549,0.7480314960629921,0.13385826771653545,0.0,0.41732283464566927,0.2440944881889764,0.1968503937007874
2024-08-29T12:17:33.948854,interface,0.12598425196850394,0.6280873353028549,0.7480314960629921,0.13385826771653545,0.0,0.41732283464566927,0.2440944881889764,0.2047244094488189
2024-08-29T12:17:33.969482,interface,0.12598425196850394,0.6280873353028549,0.7480314960629921,0.13385826771653545,0.0,0.41732283464566927,0.2440944881889764,0.2125984251968504
2024-08-29T12:17:33.981139,interface,0.12598425196850394,0.6280873353028549,0.7480314960629921,0.13385826771653545,0.0,0.41732283464566927,0.2440944881889764,0.2204724409448819
2024-08-29T12:17:33.984657,interface,0.12598425196850394,0.6280873353028549,0.7480314960629921,0.13385826771653545,0.0,0.41732283464566927,0.2440944881889764,0.2283464566929134
2024-08-29T12:17:33.997116,interface,0.12598425196850394,0.6280873353028549,0.7480314960629921,0.13385826771653545,0.0,0.41732283464566927,0.2440944881889764,0.23622047244094488
2024-08-29T12:17:34.009146,interface,0.12598425196850394,0.6280873353028549,0.7480314960629921,0.13385826771653545,0.0,0.41732283464566927,0.2440944881889764,0.2440944881889764
2024-08-29T12:17:34.012678,interface,0.12598425196850394,0.6280873353028549,0.7480314960629921,0.13385826771653545,0.0,0.41732283464566927,0.2440944881889764,0.25196850393700787
2024-08-29T12:17:34.025147,interface,0.12598425196850394,0.6280873353028549,0.7480314960629921,0.13385826771653545,0.0,0.41732283464566927,0.2440944881889764,0.25984251968503935
2024-08-29T12:17:34.033801,interface,0.12598425196850394,0.6280873353028549,0.7480314960629921,0.13385826771653545,0.0,0.41732283464566927,0.2440944881889764,0.2677165354330709
2024-08-29T12:17:34.037346,interface,0.12598425196850394,0.6280873353028549,0.7480314960629921,0.13385826771653545,0.0,0.41732283464566927,0.2440944881889764,0.2755905511811024
2024-08-29T12:17:34.049775,interface,0.12598425196850394,0.6280873353028549,0.7480314960629921,0.13385826771653545,0.0,0.41732283464566927,0.2440944881889764,0.28346456692913385
2024-08-29T12:17:34.061422,interface,0.12598425196850394,0.6280873353028549,0.7480314960629921,0.13385826771653545,0.0,0.41732283464566927,0.2440944881889764,0.29133858267716534
2024-08-29T12:17:34.071447,interface,0.12598425196850394,0.6280873353028549,0.7480314960629921,0.13385826771653545,0.0,0.41732283464566927,0.2440944881889764,0.2992125984251969
2024-08-29T12:17:34.081576,interface,0.12598425196850394,0.6280873353028549,0.7480314960629921,0.13385826771653545,0.0,0.41732283464566927,0.2440944881889764,0.30708661417322836
2024-08-29T12:17:34.082718,interface,0.12598425196850394,0.6280873353028549,0.7480314960629921,0.13385826771653545,0.0,0.41732283464566927,0.2440944881889764,0.31496062992125984
2024-08-29T12:17:34.093415,interface,0.12598425196850394,0.6280873353028549,0.7480314960629921,0.13385826771653545,0.0,0.41732283464566927,0.2440944881889764,0.3228346456692913
2024-08-29T12:17:34.102012,interface,0.12598425196850394,0.6280873353028549,0.7480314960629921,0.13385826771653545,0.0,0.41732283464566927,0.2440944881889764,0.33070866141732286
2024-08-29T12:17:34.113545,interface,0.12598425196850394,0.6280873353028549,0.7480314960629921,0.13385826771653545,0.0,0.41732283464566927,0.2440944881889764,0.33858267716535434
2024-08-29T12:17:34.114739,interface,0.12598425196850394,0.6280873353028549,0.7480314960629921,0.13385826771653545,0.0,0.41732283464566927,0.2440944881889764,0.3464566929133858
2024-08-29T12:17:34.129422,interface,0.12598425196850394,0.6280873353028549,0.7480314960629921,0.13385826771653545,0.0,0.41732283464566927,0.2440944881889764,0.3543307086614173
2024-08-29T12:17:34.130687,interface,0.12598425196850394,0.6280873353028549,0.7480314960629921,0.13385826771653545,0.0,0.41732283464566927,0.2440944881889764,0.36220472440944884
2024-08-29T12:17:34.142976,interface,0.12598425196850394,0.6280873353028549,0.7480314960629921,0.13385826771653545,0.0,0.41732283464566927,0.2440944881889764,0.3700787401574803
2024-08-29T12:17:34.146284,interface,0.12598425196850394,0.6280873353028549,0.7480314960629921,0.13385826771653545,0.0,0.41732283464566927,0.2440944881889764,0.3779527559055118
2024-08-29T12:17:34.159788,interface,0.12598425196850394,0.6280873353028549,0.7480314960629921,0.13385826771653545,0.0,0.41732283464566927,0.2440944881889764,0.3858267716535433
2024-08-29T12:17:34.160947,interface,0.12598425196850394,0.6280873353028549,0.7480314960629921,0.13385826771653545,0.0,0.41732283464566927,0.2440944881889764,0.3937007874015748
2024-08-29T12:17:34.172424,interface,0.12598425196850394,0.6280873353028549,0.7480314960629921,0.13385826771653545,0.0,0.41732283464566927,0.2440944881889764,0.4015748031496063
2024-08-29T12:17:34.173572,interface,0.12598425196850394,0.6280873353028549,0.7480314960629921,0.13385826771653545,0.0,0.41732283464566927,0.2440944881889764,0.4094488188976378
2024-08-29T12:17:34.186628,interface,0.12598425196850394,0.6280873353028549,0.7480314960629921,0.13385826771653545,0.0,0.41732283464566927,0.2440944881889764,0.41732283464566927
2024-08-29T12:17:34.190082,interface,0.12598425196850394,0.6280873353028549,0.7480314960629921,0.13385826771653545,0.0,0.41732283464566927,0.2440944881889764,0.4251968503937008
2024-08-29T12:17:34.203432,interface,0.12598425196850394,0.6280873353028549,0.7480314960629921,0.13385826771653545,0.0,0.41732283464566927,0.2440944881889764,0.4330708661417323
2024-08-29T12:17:34.204607,interface,0.12598425196850394,0.6280873353028549,0.7480314960629921,0.13385826771653545,0.0,0.41732283464566927,0.2440944881889764,0.4409448818897638
2024-08-29T12:17:34.215972,interface,0.12598425196850394,0.6280873353028549,0.7480314960629921,0.13385826771653545,0.0,0.41732283464566927,0.2440944881889764,0.44881889763779526
2024-08-29T12:17:34.217287,interface,0.12598425196850394,0.6280873353028549,0.7480314960629921,0.13385826771653545,0.0,0.41732283464566927,0.2440944881889764,0.4566929133858268
2024-08-29T12:17:34.230418,interface,0.12598425196850394,0.6280873353028549,0.7480314960629921,0.13385826771653545,0.0,0.41732283464566927,0.2440944881889764,0.4645669291338583
2024-08-29T12:17:34.231604,interface,0.12598425196850394,0.6280873353028549,0.7480314960629921,0.13385826771653545,0.0,0.41732283464566927,0.2440944881889764,0.47244094488188976
2024-08-29T12:17:34.232875,interface,0.12598425196850394,0.6280873353028549,0.7480314960629921,0.13385826771653545,0.0,0.41732283464566927,0.2440944881889764,0.48031496062992124
2024-08-29T12:17:34.247037,interface,0.12598425196850394,0.6280873353028549,0.7480314960629921,0.13385826771653545,0.0,0.41732283464566927,0.2440944881889764,0.4881889763779528
2024-08-29T12:17:34.248408,interface,0.12598425196850394,0.6280873353028549,0.7480314960629921,0.13385826771653545,0.0,0.41732283464566927,0.2440944881889764,0.49606299212598426
2024-08-29T12:17:34.249484,interface,0.12598425196850394,0.6280873353028549,0.7480314960629921,0.13385826771653545,0.0,0.41732283464566927,0.2440944881889764,0.5039370078740157
2024-08-29T12:17:34.262056,interface,0.12598425196850394,0.6280873353028549,0.7480314960629921,0.13385826771653545,0.0,0.41732283464566927,0.2440944881889764,0.5118110236220472
2024-08-29T12:17:34.263224,interface,0.12598425196850394,0.6280873353028549,0.7480314960629921,0.13385826771653545,0.0,0.41732283464566927,0.2440944881889764,0.5196850393700787
2024-08-29T12:17:34.273768,interface,0.12598425196850394,0.6280873353028549,0.7480314960629921,0.13385826771653545,0.0,0.41732283464566927,0.2440944881889764,0.5275590551181102
2024-08-29T12:17:34.274929,interface,0.12598425196850394,0.6280873353028549,0.7480314960629921,0.13385826771653545,0.0,0.41732283464566927,0.2440944881889764,0.5354330708661418
2024-08-29T12:17:34.287713,interface,0.12598425196850394,0.6280873353028549,0.7480314960629921,0.13385826771653545,0.0,0.41732283464566927,0.2440944881889764,0.5433070866141733
2024-08-29T12:17:34.289037,interface,0.12598425196850394,0.6280873353028549,0.7480314960629921,0.13385826771653545,0.0,0.41732283464566927,0.2440944881889764,0.5511811023622047
2024-08-29T12:17:34.290103,interface,0.12598425196850394,0.6280873353028549,0.7480314960629921,0.13385826771653545,0.0,0.41732283464566927,0.2440944881889764,0.5590551181102362
2024-08-29T12:17:34.303375,interface,0.12598425196850394,0.6280873353028549,0.7480314960629921,0.13385826771653545,0.0,0.41732283464566927,0.2440944881889764,0.5669291338582677
2024-08-29T12:17:34.304703,interface,0.12598425196850394,0.6280873353028549,0.7480314960629921,0.13385826771653545,0.0,0.41732283464566927,0.2440944881889764,0.5748031496062992
2024-08-29T12:17:34.305782,interface,0.12598425196850394,0.6280873353028549,0.7480314960629921,0.13385826771653545,0.0,0.41732283464566927,0.2440944881889764,0.5826771653543307
2024-08-29T12:17:34.312900,interface,0.12598425196850394,0.6280873353028549,0.7480314960629921,0.13385826771653545,0.0,0.41732283464566927,0.2440944881889764,0.5905511811023622
2024-08-29T12:17:34.314229,interface,0.12598425196850394,0.6280873353028549,0.7480314960629921,0.13385826771653545,0.0,0.41732283464566927,0.2440944881889764,0.5984251968503937
2024-08-29T12:17:34.317606,interface,0.12598425196850394,0.6280873353028549,0.7480314960629921,0.13385826771653545,0.0,0.41732283464566927,0.2440944881889764,0.6062992125984252
2024-08-29T12:17:34.332385,interface,0.12598425196850394,0.6280873353028549,0.7480314960629921,0.13385826771653545,0.0,0.41732283464566927,0.2440944881889764,0.6141732283464567
2024-08-29T12:17:34.333624,interface,0.12598425196850394,0.6280873353028549,0.7480314960629921,0.13385826771653545,0.0,0.41732283464566927,0.2440944881889764,0.6220472440944882
2024-08-29T12:17:34.334663,interface,0.12598425196850394,0.6280873353028549,0.7480314960629921,0.13385826771653545,0.0,0.41732283464566927,0.2440944881889764,0.6299212598425197
2024-08-29T12:17:34.347352,interface,0.12598425196850394,0.6280873353028549,0.7480314960629921,0.13385826771653545,0.0,0.41732283464566927,0.2440944881889764,0.6377952755905512
2024-08-29T12:17:34.348689,interface,0.12598425196850394,0.6280873353028549,0.7480314960629921,0.13385826771653545,0.0,0.41732283464566927,0.2440944881889764,0.6456692913385826
2024-08-29T12:17:34.349761,interface,0.12598425196850394,0.6280873353028549,0.7480314960629921,0.13385826771653545,0.0,0.41732283464566927,0.2440944881889764,0.6535433070866141
2024-08-29T12:17:34.361999,interface,0.12598425196850394,0.6280873353028549,0.7480314960629921,0.13385826771653545,0.0,0.41732283464566927,0.2440944881889764,0.6614173228346457
2024-08-29T12:17:34.363167,interface,0.12598425196850394,0.6280873353028549,0.7480314960629921,0.13385826771653545,0.0,0.41732283464566927,0.2440944881889764,0.6692913385826772
2024-08-29T12:17:34.366551,interface,0.12598425196850394,0.6280873353028549,0.7480314960629921,0.13385826771653545,0.0,0.41732283464566927,0.2440944881889764,0.6771653543307087
2024-08-29T12:17:34.378960,interface,0.12598425196850394,0.6280873353028549,0.7480314960629921,0.13385826771653545,0.0,0.41732283464566927,0.2440944881889764,0.6850393700787402
2024-08-29T12:17:34.380147,interface,0.12598425196850394,0.6280873353028549,0.7480314960629921,0.13385826771653545,0.0,0.41732283464566927,0.2440944881889764,0.6929133858267716
2024-08-29T12:17:34.392982,interface,0.12598425196850394,0.6280873353028549,0.7480314960629921,0.13385826771653545,0.0,0.41732283464566927,0.2440944881889764,0.7007874015748031
2024-08-29T12:17:34.394163,interface,0.12598425196850394,0.6280873353028549,0.7480314960629921,0.13385826771653545,0.0,0.41732283464566927,0.2440944881889764,0.7086614173228346
2024-08-29T12:17:34.407148,interface,0.12598425196850394,0.6280873353028549,0.7480314960629921,0.13385826771653545,0.0,0.41732283464566927,0.2440944881889764,0.7165354330708661
2024-08-29T12:17:34.419289,interface,0.12598425196850394,0.6280873353028549,0.7480314960629921,0.13385826771653545,0.0,0.41732283464566927,0.2440944881889764,0.7244094488188977
2024-08-29T12:17:34.420525,interface,0.12598425196850394,0.6280873353028549,0.7480314960629921,0.13385826771653545,0.0,0.41732283464566927,0.2440944881889764,0.7322834645669292
2024-08-29T12:17:34.436575,interface,0.12598425196850394,0.6280873353028549,0.7480314960629921,0.13385826771653545,0.0,0.41732283464566927,0.2440944881889764,0.7401574803149606
2024-08-29T12:17:34.437725,interface,0.12598425196850394,0.6280873353028549,0.7480314960629921,0.13385826771653545,0.0,0.41732283464566927,0.2440944881889764,0.7480314960629921
2024-08-29T12:17:34.455148,interface,0.12598425196850394,0.6280873353028549,0.7480314960629921,0.13385826771653545,0.0,0.41732283464566927,0.2440944881889764,0.7559055118110236
2024-08-29T12:17:34.464135,interface,0.12598425196850394,0.6280873353028549,0.7480314960629921,0.13385826771653545,0.0,0.41732283464566927,0.2440944881889764,0.7637795275590551
2024-08-29T12:17:34.467434,interface,0.12598425196850394,0.6280873353028549,0.7480314960629921,0.13385826771653545,0.0,0.41732283464566927,0.2440944881889764,0.7716535433070866
2024-08-29T12:17:34.482747,interface,0.12598425196850394,0.6280873353028549,0.7480314960629921,0.13385826771653545,0.0,0.41732283464566927,0.2440944881889764,0.7795275590551181
2024-08-29T12:17:34.492160,interface,0.12598425196850394,0.6280873353028549,0.7480314960629921,0.13385826771653545,0.0,0.41732283464566927,0.2440944881889764,0.7874015748031497
2024-08-29T12:17:34.495458,interface,0.12598425196850394,0.6280873353028549,0.7480314960629921,0.13385826771653545,0.0,0.41732283464566927,0.2440944881889764,0.7952755905511811
2024-08-29T12:17:34.507936,interface,0.12598425196850394,0.6280873353028549,0.7480314960629921,0.13385826771653545,0.0,0.41732283464566927,0.2440944881889764,0.8031496062992126
2024-08-29T12:17:34.509080,interface,0.12598425196850394,0.6280873353028549,0.7480314960629921,0.13385826771653545,0.0,0.41732283464566927,0.2440944881889764,0.8110236220472441
2024-08-29T12:17:34.522579,interface,0.12598425196850394,0.6280873353028549,0.7480314960629921,0.13385826771653545,0.0,0.41732283464566927,0.2440944881889764,0.8188976377952756
2024-08-29T12:17:34.523757,interface,0.12598425196850394,0.6280873353028549,0.7480314960629921,0.13385826771653545,0.0,0.41732283464566927,0.2440944881889764,0.8267716535433071
2024-08-29T12:17:34.527149,interface,0.12598425196850394,0.6280873353028549,0.7480314960629921,0.13385826771653545,0.0,0.41732283464566927,0.2440944881889764,0.8346456692913385
2024-08-29T12:17:34.532400,interface,0.12598425196850394,0.6280873353028549,0.7480314960629921,0.13385826771653545,0.0,0.41732283464566927,0.2440944881889764,0.84251968503937
2024-08-29T12:17:34.543408,interface,0.12598425196850394,0.6280873353028549,0.7480314960629921,0.13385826771653545,0.0,0.41732283464566927,0.2440944881889764,0.8503937007874016
2024-08-29T12:17:34.546807,interface,0.12598425196850394,0.6280873353028549,0.7480314960629921,0.13385826771653545,0.0,0.41732283464566927,0.2440944881889764,0.8582677165354331
2024-08-29T12:17:34.550248,interface,0.12598425196850394,0.6280873353028549,0.7480314960629921,0.13385826771653545,0.0,0.41732283464566927,0.2440944881889764,0.8661417322834646
2024-08-29T12:17:34.551438,interface,0.12598425196850394,0.6280873353028549,0.7480314960629921,0.13385826771653545,0.0,0.41732283464566927,0.2440944881889764,0.8740157480314961
2024-08-29T12:17:34.554819,interface,0.12598425196850394,0.6280873353028549,0.7480314960629921,0.13385826771653545,0.0,0.41732283464566927,0.2440944881889764,0.8818897637795275
2024-08-29T12:17:34.568175,interface,0.12598425196850394,0.6280873353028549,0.7480314960629921,0.13385826771653545,0.0,0.41732283464566927,0.2440944881889764,0.889763779527559
2024-08-29T12:17:34.569500,interface,0.12598425196850394,0.6280873353028549,0.7480314960629921,0.13385826771653545,0.0,0.41732283464566927,0.2440944881889764,0.8976377952755905
2024-08-29T12:17:34.570576,interface,0.12598425196850394,0.6280873353028549,0.7480314960629921,0.13385826771653545,0.0,0.41732283464566927,0.2440944881889764,0.905511811023622
2024-08-29T12:17:34.577797,interface,0.12598425196850394,0.6280873353028549,0.7480314960629921,0.13385826771653545,0.0,0.41732283464566927,0.2440944881889764,0.9133858267716536
2024-08-29T12:17:34.578951,interface,0.12598425196850394,0.6280873353028549,0.7480314960629921,0.13385826771653545,0.0,0.41732283464566927,0.2440944881889764,0.9212598425196851
2024-08-29T12:17:34.582327,interface,0.12598425196850394,0.6280873353028549,0.7480314960629921,0.13385826771653545,0.0,0.41732283464566927,0.2440944881889764,0.9291338582677166
2024-08-29T12:17:34.595148,interface,0.12598425196850394,0.6280873353028549,0.7480314960629921,0.13385826771653545,0.0,0.41732283464566927,0.2440944881889764,0.937007874015748
2024-08-29T12:17:34.596395,interface,0.12598425196850394,0.6280873353028549,0.7480314960629921,0.13385826771653545,0.0,0.41732283464566927,0.2440944881889764,0.9448818897637795
2024-08-29T12:17:34.597622,interface,0.12598425196850394,0.6280873353028549,0.7480314960629921,0.13385826771653545,0.0,0.41732283464566927,0.2440944881889764,0.952755905511811
2024-08-29T12:17:34.598684,interface,0.12598425196850394,0.6280873353028549,0.7480314960629921,0.13385826771653545,0.0,0.41732283464566927,0.2440944881889764,0.9606299212598425
2024-08-29T12:17:34.605798,interface,0.12598425196850394,0.6280873353028549,0.7480314960629921,0.13385826771653545,0.0,0.41732283464566927,0.2440944881889764,0.968503937007874
2024-08-29T12:17:34.607142,interface,0.12598425196850394,0.6280873353028549,0.7480314960629921,0.13385826771653545,0.0,0.41732283464566927,0.2440944881889764,0.9763779527559056
2024-08-29T12:17:34.624184,interface,0.12598425196850394,0.6280873353028549,0.7480314960629921,0.13385826771653545,0.0,0.41732283464566927,0.2440944881889764,0.984251968503937
2024-08-29T12:17:34.625432,interface,0.12598425196850394,0.6280873353028549,0.7480314960629921,0.13385826771653545,0.0,0.41732283464566927,0.2440944881889764,0.9921259842519685
2024-08-29T12:17:34.626715,interface,0.12598425196850394,0.6280873353028549,0.7480314960629921,0.13385826771653545,0.0,0.41732283464566927,0.2440944881889764,1.0
2024-08-29T12:17:34.751729,interface,0.12598425196850394,0.6280873353028549,0.7480314960629921,0.13385826771653545,0.0,0.41732283464566927,0.2440944881889764,0.9921259842519685
2024-08-29T12:17:34.752890,interface,0.12598425196850394,0.6280873353028549,0.7480314960629921,0.13385826771653545,0.0,0.41732283464566927,0.2440944881889764,0.984251968503937
2024-08-29T12:17:34.756196,interface,0.12598425196850394,0.6280873353028549,0.7480314960629921,0.13385826771653545,0.0,0.41732283464566927,0.2440944881889764,0.968503937007874
2024-08-29T12:17:34.759597,interface,0.12598425196850394,0.6280873353028549,0.7480314960629921,0.13385826771653545,0.0,0.41732283464566927,0.2440944881889764,0.952755905511811
2024-08-29T12:17:34.763303,interface,0.12598425196850394,0.6280873353028549,0.7480314960629921,0.13385826771653545,0.0,0.41732283464566927,0.2440944881889764,0.937007874015748
2024-08-29T12:17:34.768555,interface,0.12598425196850394,0.6280873353028549,0.7480314960629921,0.13385826771653545,0.0,0.41732283464566927,0.2440944881889764,0.9212598425196851
2024-08-29T12:17:34.771937,interface,0.12598425196850394,0.6280873353028549,0.7480314960629921,0.13385826771653545,0.0,0.41732283464566927,0.2440944881889764,0.905511811023622
2024-08-29T12:17:34.775356,interface,0.12598425196850394,0.6280873353028549,0.7480314960629921,0.13385826771653545,0.0,0.41732283464566927,0.2440944881889764,0.889763779527559
2024-08-29T12:17:34.784361,interface,0.12598425196850394,0.6280873353028549,0.7480314960629921,0.13385826771653545,0.0,0.41732283464566927,0.2440944881889764,0.8661417322834646
2024-08-29T12:17:34.785535,interface,0.12598425196850394,0.6280873353028549,0.7480314960629921,0.13385826771653545,0.0,0.41732283464566927,0.2440944881889764,0.84251968503937
2024-08-29T12:17:34.788766,interface,0.12598425196850394,0.6280873353028549,0.7480314960629921,0.13385826771653545,0.0,0.41732283464566927,0.2440944881889764,0.8267716535433071
2024-08-29T12:17:34.792216,interface,0.12598425196850394,0.6280873353028549,0.7480314960629921,0.13385826771653545,0.0,0.41732283464566927,0.2440944881889764,0.8031496062992126
2024-08-29T12:17:34.795672,interface,0.12598425196850394,0.6280873353028549,0.7480314960629921,0.13385826771653545,0.0,0.41732283464566927,0.2440944881889764,0.7716535433070866
2024-08-29T12:17:34.800897,interface,0.12598425196850394,0.6280873353028549,0.7480314960629921,0.13385826771653545,0.0,0.41732283464566927,0.2440944881889764,0.7480314960629921
2024-08-29T12:17:34.804256,interface,0.12598425196850394,0.6280873353028549,0.7480314960629921,0.13385826771653545,0.0,0.41732283464566927,0.2440944881889764,0.7244094488188977
2024-08-29T12:17:34.807657,interface,0.12598425196850394,0.6280873353028549,0.7480314960629921,0.13385826771653545,0.0,0.41732283464566927,0.2440944881889764,0.7007874015748031
2024-08-29T12:17:34.816246,interface,0.12598425196850394,0.6280873353028549,0.7480314960629921,0.13385826771653545,0.0,0.41732283464566927,0.2440944881889764,0.6771653543307087
2024-08-29T12:17:34.817384,interface,0.12598425196850394,0.6280873353028549,0.7480314960629921,0.13385826771653545,0.0,0.41732283464566927,0.2440944881889764,0.6456692913385826
2024-08-29T12:17:34.820611,interface,0.12598425196850394,0.6280873353028549,0.7480314960629921,0.13385826771653545,0.0,0.41732283464566927,0.2440944881889764,0.6299212598425197
2024-08-29T12:17:34.823880,interface,0.12598425196850394,0.6280873353028549,0.7480314960629921,0.13385826771653545,0.0,0.41732283464566927,0.2440944881889764,0.6062992125984252
2024-08-29T12:17:34.827274,interface,0.12598425196850394,0.6280873353028549,0.7480314960629921,0.13385826771653545,0.0,0.41732283464566927,0.2440944881889764,0.5826771653543307
2024-08-29T12:17:34.832514,interface,0.12598425196850394,0.6280873353028549,0.7480314960629921,0.13385826771653545,0.0,0.41732283464566927,0.2440944881889764,0.5669291338582677
2024-08-29T12:17:34.835882,interface,0.12598425196850394,0.6280873353028549,0.7480314960629921,0.13385826771653545,0.0,0.41732283464566927,0.2440944881889764,0.5433070866141733
2024-08-29T12:17:34.839286,interface,0.12598425196850394,0.6280873353028549,0.7480314960629921,0.13385826771653545,0.0,0.41732283464566927,0.2440944881889764,0.5275590551181102
2024-08-29T12:17:34.848018,interface,0.12598425196850394,0.6280873353028549,0.7480314960629921,0.13385826771653545,0.0,0.41732283464566927,0.2440944881889764,0.5118110236220472
2024-08-29T12:17:34.849172,interface,0.12598425196850394,0.6280873353028549,0.7480314960629921,0.13385826771653545,0.0,0.41732283464566927,0.2440944881889764,0.49606299212598426
2024-08-29T12:17:34.852399,interface,0.12598425196850394,0.6280873353028549,0.7480314960629921,0.13385826771653545,0.0,0.41732283464566927,0.2440944881889764,0.48031496062992124
2024-08-29T12:17:34.855851,interface,0.12598425196850394,0.6280873353028549,0.7480314960629921,0.13385826771653545,0.0,0.41732283464566927,0.2440944881889764,0.47244094488188976
2024-08-29T12:17:34.859234,interface,0.12598425196850394,0.6280873353028549,0.7480314960629921,0.13385826771653545,0.0,0.41732283464566927,0.2440944881889764,0.4566929133858268
2024-08-29T12:17:34.864456,interface,0.12598425196850394,0.6280873353028549,0.7480314960629921,0.13385826771653545,0.0,0.41732283464566927,0.2440944881889764,0.44881889763779526
2024-08-29T12:17:34.867889,interface,0.12598425196850394,0.6280873353028549,0.7480314960629921,0.13385826771653545,0.0,0.41732283464566927,0.2440944881889764,0.4330708661417323
2024-08-29T12:17:34.876637,interface,0.12598425196850394,0.6280873353028549,0.7480314960629921,0.13385826771653545,0.0,0.41732283464566927,0.2440944881889764,0.4251968503937008
2024-08-29T12:17:34.877801,interface,0.12598425196850394,0.6280873353028549,0.7480314960629921,0.13385826771653545,0.0,0.41732283464566927,0.2440944881889764,0.41732283464566927
2024-08-29T12:17:34.881006,interface,0.12598425196850394,0.6280873353028549,0.7480314960629921,0.13385826771653545,0.0,0.41732283464566927,0.2440944881889764,0.4094488188976378
2024-08-29T12:17:34.884463,interface,0.12598425196850394,0.6280873353028549,0.7480314960629921,0.13385826771653545,0.0,0.41732283464566927,0.2440944881889764,0.4015748031496063
2024-08-29T12:17:34.895658,interface,0.12598425196850394,0.6280873353028549,0.7480314960629921,0.13385826771653545,0.0,0.41732283464566927,0.2440944881889764,0.3937007874015748
2024-08-29T12:17:34.896887,interface,0.12598425196850394,0.6280873353028549,0.7480314960629921,0.13385826771653545,0.0,0.41732283464566927,0.2440944881889764,0.3858267716535433
2024-08-29T12:17:34.897933,interface,0.12598425196850394,0.6280873353028549,0.7480314960629921,0.13385826771653545,0.0,0.41732283464566927,0.2440944881889764,0.3779527559055118
2024-08-29T12:17:34.899209,interface,0.12598425196850394,0.6280873353028549,0.7480314960629921,0.13385826771653545,0.0,0.41732283464566927,0.2440944881889764,0.3700787401574803
2024-08-29T12:17:34.906217,interface,0.12598425196850394,0.6280873353028549,0.7480314960629921,0.13385826771653545,0.0,0.41732283464566927,0.2440944881889764,0.36220472440944884
2024-08-29T12:17:34.911515,interface,0.12598425196850394,0.6280873353028549,0.7480314960629921,0.13385826771653545,0.0,0.41732283464566927,0.2440944881889764,0.3543307086614173
2024-08-29T12:17:34.923297,interface,0.12598425196850394,0.6280873353028549,0.7480314960629921,0.13385826771653545,0.0,0.41732283464566927,0.2440944881889764,0.3464566929133858
2024-08-29T12:17:34.924449,interface,0.12598425196850394,0.6280873353028549,0.7480314960629921,0.13385826771653545,0.0,0.41732283464566927,0.2440944881889764,0.33858267716535434
2024-08-29T12:17:34.927841,interface,0.12598425196850394,0.6280873353028549,0.7480314960629921,0.13385826771653545,0.0,0.41732283464566927,0.2440944881889764,0.33070866141732286
2024-08-29T12:17:34.941114,interface,0.12598425196850394,0.6280873353028549,0.7480314960629921,0.13385826771653545,0.0,0.41732283464566927,0.2440944881889764,0.3228346456692913
2024-08-29T12:17:34.944539,interface,0.12598425196850394,0.6280873353028549,0.7480314960629921,0.13385826771653545,0.0,0.41732283464566927,0.2440944881889764,0.31496062992125984
2024-08-29T12:17:34.953751,interface,0.12598425196850394,0.6280873353028549,0.7480314960629921,0.13385826771653545,0.0,0.41732283464566927,0.2440944881889764,0.30708661417322836
2024-08-29T12:17:34.957045,interface,0.12598425196850394,0.6280873353028549,0.7480314960629921,0.13385826771653545,0.0,0.41732283464566927,0.2440944881889764,0.2992125984251969
2024-08-29T12:17:34.970876,interface,0.12598425196850394,0.6280873353028549,0.7480314960629921,0.13385826771653545,0.0,0.41732283464566927,0.2440944881889764,0.29133858267716534
2024-08-29T12:17:34.972075,interface,0.12598425196850394,0.6280873353028549,0.7480314960629921,0.13385826771653545,0.0,0.41732283464566927,0.2440944881889764,0.28346456692913385
2024-08-29T12:17:34.985454,interface,0.12598425196850394,0.6280873353028549,0.7480314960629921,0.13385826771653545,0.0,0.41732283464566927,0.2440944881889764,0.2755905511811024
2024-08-29T12:17:34.988752,interface,0.12598425196850394,0.6280873353028549,0.7480314960629921,0.13385826771653545,0.0,0.41732283464566927,0.2440944881889764,0.2677165354330709
2024-08-29T12:17:35.004396,interface,0.12598425196850394,0.6280873353028549,0.7480314960629921,0.13385826771653545,0.0,0.41732283464566927,0.2440944881889764,0.25984251968503935
2024-08-29T12:17:35.016392,interface,0.12598425196850394,0.6280873353028549,0.7480314960629921,0.13385826771653545,0.0,0.41732283464566927,0.2440944881889764,0.25196850393700787
2024-08-29T12:17:35.032662,interface,0.12598425196850394,0.6280873353028549,0.7480314960629921,0.13385826771653545,0.0,0.41732283464566927,0.2440944881889764,0.2440944881889764
2024-08-29T12:17:35.085387,interface,0.12598425196850394,0.6280873353028549,0.7480314960629921,0.13385826771653545,0.0,0.41732283464566927,0.2440944881889764,0.25196850393700787
2024-08-29T12:17:35.099833,interface,0.12598425196850394,0.6280873353028549,0.7480314960629921,0.13385826771653545,0.0,0.41732283464566927,0.2440944881889764,0.25984251968503935
2024-08-29T12:17:35.100975,interface,0.12598425196850394,0.6280873353028549,0.7480314960629921,0.13385826771653545,0.0,0.41732283464566927,0.2440944881889764,0.2677165354330709
2024-08-29T12:17:35.104337,interface,0.12598425196850394,0.6280873353028549,0.7480314960629921,0.13385826771653545,0.0,0.41732283464566927,0.2440944881889764,0.2755905511811024
2024-08-29T12:17:35.114828,interface,0.12598425196850394,0.6280873353028549,0.7480314960629921,0.13385826771653545,0.0,0.41732283464566927,0.2440944881889764,0.28346456692913385
2024-08-29T12:17:35.116204,interface,0.12598425196850394,0.6280873353028549,0.7480314960629921,0.13385826771653545,0.0,0.41732283464566927,0.2440944881889764,0.29133858267716534
2024-08-29T12:17:35.117304,interface,0.12598425196850394,0.6280873353028549,0.7480314960629921,0.13385826771653545,0.0,0.41732283464566927,0.2440944881889764,0.2992125984251969
2024-08-29T12:17:35.124584,interface,0.12598425196850394,0.6280873353028549,0.7480314960629921,0.13385826771653545,0.0,0.41732283464566927,0.2440944881889764,0.30708661417322836
2024-08-29T12:17:35.125693,interface,0.12598425196850394,0.6280873353028549,0.7480314960629921,0.13385826771653545,0.0,0.41732283464566927,0.2440944881889764,0.31496062992125984
2024-08-29T12:17:35.129046,interface,0.12598425196850394,0.6280873353028549,0.7480314960629921,0.13385826771653545,0.0,0.41732283464566927,0.2440944881889764,0.33070866141732286
2024-08-29T12:17:35.142317,interface,0.12598425196850394,0.6280873353028549,0.7480314960629921,0.13385826771653545,0.0,0.41732283464566927,0.2440944881889764,0.33858267716535434
2024-08-29T12:17:35.143960,interface,0.12598425196850394,0.6280873353028549,0.7480314960629921,0.13385826771653545,0.0,0.41732283464566927,0.2440944881889764,0.3464566929133858
2024-08-29T12:17:35.145202,interface,0.12598425196850394,0.6280873353028549,0.7480314960629921,0.13385826771653545,0.0,0.41732283464566927,0.2440944881889764,0.36220472440944884
2024-08-29T12:17:35.146403,interface,0.12598425196850394,0.6280873353028549,0.7480314960629921,0.13385826771653545,0.0,0.41732283464566927,0.2440944881889764,0.3700787401574803
2024-08-29T12:17:35.154534,interface,0.12598425196850394,0.6280873353028549,0.7480314960629921,0.13385826771653545,0.0,0.41732283464566927,0.2440944881889764,0.3858267716535433
2024-08-29T12:17:35.155964,interface,0.12598425196850394,0.6280873353028549,0.7480314960629921,0.13385826771653545,0.0,0.41732283464566927,0.2440944881889764,0.3937007874015748
2024-08-29T12:17:35.157130,interface,0.12598425196850394,0.6280873353028549,0.7480314960629921,0.13385826771653545,0.0,0.41732283464566927,0.2440944881889764,0.4094488188976378
2024-08-29T12:17:35.160586,interface,0.12598425196850394,0.6280873353028549,0.7480314960629921,0.13385826771653545,0.0,0.41732283464566927,0.2440944881889764,0.41732283464566927
2024-08-29T12:17:35.168196,interface,0.12598425196850394,0.6280873353028549,0.7480314960629921,0.13385826771653545,0.0,0.41732283464566927,0.2440944881889764,0.4330708661417323
2024-08-29T12:17:35.169389,interface,0.12598425196850394,0.6280873353028549,0.7480314960629921,0.13385826771653545,0.0,0.41732283464566927,0.2440944881889764,0.44881889763779526
2024-08-29T12:17:35.172836,interface,0.12598425196850394,0.6280873353028549,0.7480314960629921,0.13385826771653545,0.0,0.41732283464566927,0.2440944881889764,0.4566929133858268
2024-08-29T12:17:35.176350,interface,0.12598425196850394,0.6280873353028549,0.7480314960629921,0.13385826771653545,0.0,0.41732283464566927,0.2440944881889764,0.47244094488188976
2024-08-29T12:17:35.183957,interface,0.12598425196850394,0.6280873353028549,0.7480314960629921,0.13385826771653545,0.0,0.41732283464566927,0.2440944881889764,0.4881889763779528
2024-08-29T12:17:35.185172,interface,0.12598425196850394,0.6280873353028549,0.7480314960629921,0.13385826771653545,0.0,0.41732283464566927,0.2440944881889764,0.5039370078740157
2024-08-29T12:17:35.188668,interface,0.12598425196850394,0.6280873353028549,0.7480314960629921,0.13385826771653545,0.0,0.41732283464566927,0.2440944881889764,0.5196850393700787
2024-08-29T12:17:35.200841,interface,0.12598425196850394,0.6280873353028549,0.7480314960629921,0.13385826771653545,0.0,0.41732283464566927,0.2440944881889764,0.5354330708661418
2024-08-29T12:17:35.202128,interface,0.12598425196850394,0.6280873353028549,0.7480314960629921,0.13385826771653545,0.0,0.41732283464566927,0.2440944881889764,0.5433070866141733
2024-08-29T12:17:35.203235,interface,0.12598425196850394,0.6280873353028549,0.7480314960629921,0.13385826771653545,0.0,0.41732283464566927,0.2440944881889764,0.5590551181102362
2024-08-29T12:17:35.206559,interface,0.12598425196850394,0.6280873353028549,0.7480314960629921,0.13385826771653545,0.0,0.41732283464566927,0.2440944881889764,0.5748031496062992
2024-08-29T12:17:35.212081,interface,0.12598425196850394,0.6280873353028549,0.7480314960629921,0.13385826771653545,0.0,0.41732283464566927,0.2440944881889764,0.5826771653543307
2024-08-29T12:17:35.213305,interface,0.12598425196850394,0.6280873353028549,0.7480314960629921,0.13385826771653545,0.0,0.41732283464566927,0.2440944881889764,0.5984251968503937
2024-08-29T12:17:35.218658,interface,0.12598425196850394,0.6280873353028549,0.7480314960629921,0.13385826771653545,0.0,0.41732283464566927,0.2440944881889764,0.6141732283464567
2024-08-29T12:17:35.229455,interface,0.12598425196850394,0.6280873353028549,0.7480314960629921,0.13385826771653545,0.0,0.41732283464566927,0.2440944881889764,0.6220472440944882
2024-08-29T12:17:35.230729,interface,0.12598425196850394,0.6280873353028549,0.7480314960629921,0.13385826771653545,0.0,0.41732283464566927,0.2440944881889764,0.6299212598425197
2024-08-29T12:17:35.232071,interface,0.12598425196850394,0.6280873353028549,0.7480314960629921,0.13385826771653545,0.0,0.41732283464566927,0.2440944881889764,0.6456692913385826
2024-08-29T12:17:35.233236,interface,0.12598425196850394,0.6280873353028549,0.7480314960629921,0.13385826771653545,0.0,0.41732283464566927,0.2440944881889764,0.6535433070866141
2024-08-29T12:17:35.240618,interface,0.12598425196850394,0.6280873353028549,0.7480314960629921,0.13385826771653545,0.0,0.41732283464566927,0.2440944881889764,0.6692913385826772
2024-08-29T12:17:35.244249,interface,0.12598425196850394,0.6280873353028549,0.7480314960629921,0.13385826771653545,0.0,0.41732283464566927,0.2440944881889764,0.6771653543307087
2024-08-29T12:17:35.245459,interface,0.12598425196850394,0.6280873353028549,0.7480314960629921,0.13385826771653545,0.0,0.41732283464566927,0.2440944881889764,0.6850393700787402
2024-08-29T12:17:35.248959,interface,0.12598425196850394,0.6280873353028549,0.7480314960629921,0.13385826771653545,0.0,0.41732283464566927,0.2440944881889764,0.6929133858267716
2024-08-29T12:17:35.256593,interface,0.12598425196850394,0.6280873353028549,0.7480314960629921,0.13385826771653545,0.0,0.41732283464566927,0.2440944881889764,0.7007874015748031
2024-08-29T12:17:35.257773,interface,0.12598425196850394,0.6280873353028549,0.7480314960629921,0.13385826771653545,0.0,0.41732283464566927,0.2440944881889764,0.7165354330708661
2024-08-29T12:17:35.261233,interface,0.12598425196850394,0.6280873353028549,0.7480314960629921,0.13385826771653545,0.0,0.41732283464566927,0.2440944881889764,0.7244094488188977
2024-08-29T12:17:35.272762,interface,0.12598425196850394,0.6280873353028549,0.7480314960629921,0.13385826771653545,0.0,0.41732283464566927,0.2440944881889764,0.7322834645669292
2024-08-29T12:17:35.274027,interface,0.12598425196850394,0.6280873353028549,0.7480314960629921,0.13385826771653545,0.0,0.41732283464566927,0.2440944881889764,0.7401574803149606
2024-08-29T12:17:35.275348,interface,0.12598425196850394,0.6280873353028549,0.7480314960629921,0.13385826771653545,0.0,0.41732283464566927,0.2440944881889764,0.7480314960629921
2024-08-29T12:17:35.276567,interface,0.12598425196850394,0.6280873353028549,0.7480314960629921,0.13385826771653545,0.0,0.41732283464566927,0.2440944881889764,0.7559055118110236
2024-08-29T12:17:35.291108,interface,0.12598425196850394,0.6280873353028549,0.7480314960629921,0.13385826771653545,0.0,0.41732283464566927,0.2440944881889764,0.7637795275590551
2024-08-29T12:17:35.292531,interface,0.12598425196850394,0.6280873353028549,0.7480314960629921,0.13385826771653545,0.0,0.41732283464566927,0.2440944881889764,0.7716535433070866
2024-08-29T12:17:35.293671,interface,0.12598425196850394,0.6280873353028549,0.7480314960629921,0.13385826771653545,0.0,0.41732283464566927,0.2440944881889764,0.7795275590551181
2024-08-29T12:17:35.301227,interface,0.12598425196850394,0.6280873353028549,0.7480314960629921,0.13385826771653545,0.0,0.41732283464566927,0.2440944881889764,0.7874015748031497
2024-08-29T12:17:35.302390,interface,0.12598425196850394,0.6280873353028549,0.7480314960629921,0.13385826771653545,0.0,0.41732283464566927,0.2440944881889764,0.7952755905511811
2024-08-29T12:17:35.305947,interface,0.12598425196850394,0.6280873353028549,0.7480314960629921,0.13385826771653545,0.0,0.41732283464566927,0.2440944881889764,0.8031496062992126
2024-08-29T12:17:35.318709,interface,0.12598425196850394,0.6280873353028549,0.7480314960629921,0.13385826771653545,0.0,0.41732283464566927,0.2440944881889764,0.8110236220472441
2024-08-29T12:17:35.320107,interface,0.12598425196850394,0.6280873353028549,0.7480314960629921,0.13385826771653545,0.0,0.41732283464566927,0.2440944881889764,0.8188976377952756
2024-08-29T12:17:35.321224,interface,0.12598425196850394,0.6280873353028549,0.7480314960629921,0.13385826771653545,0.0,0.41732283464566927,0.2440944881889764,0.8267716535433071
2024-08-29T12:17:35.328557,interface,0.12598425196850394,0.6280873353028549,0.7480314960629921,0.13385826771653545,0.0,0.41732283464566927,0.2440944881889764,0.8346456692913385
2024-08-29T12:17:35.329720,interface,0.12598425196850394,0.6280873353028549,0.7480314960629921,0.13385826771653545,0.0,0.41732283464566927,0.2440944881889764,0.84251968503937
2024-08-29T12:17:35.341654,interface,0.12598425196850394,0.6280873353028549,0.7480314960629921,0.13385826771653545,0.0,0.41732283464566927,0.2440944881889764,0.8503937007874016
2024-08-29T12:17:35.342817,interface,0.12598425196850394,0.6280873353028549,0.7480314960629921,0.13385826771653545,0.0,0.41732283464566927,0.2440944881889764,0.8582677165354331
2024-08-29T12:17:35.346038,interface,0.12598425196850394,0.6280873353028549,0.7480314960629921,0.13385826771653545,0.0,0.41732283464566927,0.2440944881889764,0.8661417322834646
2024-08-29T12:17:35.349459,interface,0.12598425196850394,0.6280873353028549,0.7480314960629921,0.13385826771653545,0.0,0.41732283464566927,0.2440944881889764,0.8740157480314961
2024-08-29T12:17:35.362287,interface,0.12598425196850394,0.6280873353028549,0.7480314960629921,0.13385826771653545,0.0,0.41732283464566927,0.2440944881889764,0.8818897637795275
2024-08-29T12:17:35.363469,interface,0.12598425196850394,0.6280873353028549,0.7480314960629921,0.13385826771653545,0.0,0.41732283464566927,0.2440944881889764,0.889763779527559
2024-08-29T12:17:35.375683,interface,0.12598425196850394,0.6280873353028549,0.7480314960629921,0.13385826771653545,0.0,0.41732283464566927,0.2440944881889764,0.8976377952755905
2024-08-29T12:17:35.377019,interface,0.12598425196850394,0.6280873353028549,0.7480314960629921,0.13385826771653545,0.0,0.41732283464566927,0.2440944881889764,0.905511811023622
2024-08-29T12:17:35.378094,interface,0.12598425196850394,0.6280873353028549,0.7480314960629921,0.13385826771653545,0.0,0.41732283464566927,0.2440944881889764,0.9133858267716536
2024-08-29T12:17:35.393259,interface,0.12598425196850394,0.6280873353028549,0.7480314960629921,0.13385826771653545,0.0,0.41732283464566927,0.2440944881889764,0.9212598425196851
2024-08-29T12:17:35.394494,interface,0.12598425196850394,0.6280873353028549,0.7480314960629921,0.13385826771653545,0.0,0.41732283464566927,0.2440944881889764,0.9291338582677166
2024-08-29T12:17:35.395601,interface,0.12598425196850394,0.6280873353028549,0.7480314960629921,0.13385826771653545,0.0,0.41732283464566927,0.2440944881889764,0.937007874015748
2024-08-29T12:17:35.407998,interface,0.12598425196850394,0.6280873353028549,0.7480314960629921,0.13385826771653545,0.0,0.41732283464566927,0.2440944881889764,0.9448818897637795
2024-08-29T12:17:35.409147,interface,0.12598425196850394,0.6280873353028549,0.7480314960629921,0.13385826771653545,0.0,0.41732283464566927,0.2440944881889764,0.952755905511811
2024-08-29T12:17:35.420579,interface,0.12598425196850394,0.6280873353028549,0.7480314960629921,0.13385826771653545,0.0,0.41732283464566927,0.2440944881889764,0.9606299212598425
2024-08-29T12:17:35.421804,interface,0.12598425196850394,0.6280873353028549,0.7480314960629921,0.13385826771653545,0.0,0.41732283464566927,0.2440944881889764,0.968503937007874
2024-08-29T12:17:35.425238,interface,0.12598425196850394,0.6280873353028549,0.7480314960629921,0.13385826771653545,0.0,0.41732283464566927,0.2440944881889764,0.9763779527559056
2024-08-29T12:17:35.430626,interface,0.12598425196850394,0.6280873353028549,0.7480314960629921,0.13385826771653545,0.0,0.41732283464566927,0.2440944881889764,0.984251968503937
2024-08-29T12:17:35.441794,interface,0.12598425196850394,0.6280873353028549,0.7480314960629921,0.13385826771653545,0.0,0.41732283464566927,0.2440944881889764,0.9921259842519685
2024-08-29T12:17:35.451420,interface,0.12598425196850394,0.6280873353028549,0.7480314960629921,0.13385826771653545,0.0,0.41732283464566927,0.2440944881889764,1.0
2024-08-29T12:17:35.526178,interface,0.12598425196850394,0.6280873353028549,0.7480314960629921,0.13385826771653545,0.0,0.41732283464566927,0.2440944881889764,0.9921259842519685
2024-08-29T12:17:35.527385,interface,0.12598425196850394,0.6280873353028549,0.7480314960629921,0.13385826771653545,0.0,0.41732283464566927,0.2440944881889764,0.984251968503937
2024-08-29T12:17:35.530605,interface,0.12598425196850394,0.6280873353028549,0.7480314960629921,0.13385826771653545,0.0,0.41732283464566927,0.2440944881889764,0.9763779527559056
2024-08-29T12:17:35.535923,interface,0.12598425196850394,0.6280873353028549,0.7480314960629921,0.13385826771653545,0.0,0.41732283464566927,0.2440944881889764,0.968503937007874
2024-08-29T12:17:35.539185,interface,0.12598425196850394,0.6280873353028549,0.7480314960629921,0.13385826771653545,0.0,0.41732283464566927,0.2440944881889764,0.9606299212598425
2024-08-29T12:17:35.542598,interface,0.12598425196850394,0.6280873353028549,0.7480314960629921,0.13385826771653545,0.0,0.41732283464566927,0.2440944881889764,0.952755905511811
2024-08-29T12:17:35.546044,interface,0.12598425196850394,0.6280873353028549,0.7480314960629921,0.13385826771653545,0.0,0.41732283464566927,0.2440944881889764,0.937007874015748
2024-08-29T12:17:35.554835,interface,0.12598425196850394,0.6280873353028549,0.7480314960629921,0.13385826771653545,0.0,0.41732283464566927,0.2440944881889764,0.9291338582677166
2024-08-29T12:17:35.556021,interface,0.12598425196850394,0.6280873353028549,0.7480314960629921,0.13385826771653545,0.0,0.41732283464566927,0.2440944881889764,0.9133858267716536
2024-08-29T12:17:35.559262,interface,0.12598425196850394,0.6280873353028549,0.7480314960629921,0.13385826771653545,0.0,0.41732283464566927,0.2440944881889764,0.905511811023622
2024-08-29T12:17:35.562547,interface,0.12598425196850394,0.6280873353028549,0.7480314960629921,0.13385826771653545,0.0,0.41732283464566927,0.2440944881889764,0.889763779527559
2024-08-29T12:17:35.565973,interface,0.12598425196850394,0.6280873353028549,0.7480314960629921,0.13385826771653545,0.0,0.41732283464566927,0.2440944881889764,0.8818897637795275
2024-08-29T12:17:35.571286,interface,0.12598425196850394,0.6280873353028549,0.7480314960629921,0.13385826771653545,0.0,0.41732283464566927,0.2440944881889764,0.8661417322834646
2024-08-29T12:17:35.574531,interface,0.12598425196850394,0.6280873353028549,0.7480314960629921,0.13385826771653545,0.0,0.41732283464566927,0.2440944881889764,0.8503937007874016
2024-08-29T12:17:35.578038,interface,0.12598425196850394,0.6280873353028549,0.7480314960629921,0.13385826771653545,0.0,0.41732283464566927,0.2440944881889764,0.84251968503937
2024-08-29T12:17:35.586669,interface,0.12598425196850394,0.6280873353028549,0.7480314960629921,0.13385826771653545,0.0,0.41732283464566927,0.2440944881889764,0.8267716535433071
2024-08-29T12:17:35.587858,interface,0.12598425196850394,0.6280873353028549,0.7480314960629921,0.13385826771653545,0.0,0.41732283464566927,0.2440944881889764,0.8110236220472441
2024-08-29T12:17:35.591058,interface,0.12598425196850394,0.6280873353028549,0.7480314960629921,0.13385826771653545,0.0,0.41732283464566927,0.2440944881889764,0.7952755905511811
2024-08-29T12:17:35.594357,interface,0.12598425196850394,0.6280873353028549,0.7480314960629921,0.13385826771653545,0.0,0.41732283464566927,0.2440944881889764,0.7795275590551181
2024-08-29T12:17:35.597806,interface,0.12598425196850394,0.6280873353028549,0.7480314960629921,0.13385826771653545,0.0,0.41732283464566927,0.2440944881889764,0.7559055118110236
2024-08-29T12:17:35.603046,interface,0.12598425196850394,0.6280873353028549,0.7480314960629921,0.13385826771653545,0.0,0.41732283464566927,0.2440944881889764,0.7401574803149606
2024-08-29T12:17:35.606311,interface,0.12598425196850394,0.6280873353028549,0.7480314960629921,0.13385826771653545,0.0,0.41732283464566927,0.2440944881889764,0.7244094488188977
2024-08-29T12:17:35.609722,interface,0.12598425196850394,0.6280873353028549,0.7480314960629921,0.13385826771653545,0.0,0.41732283464566927,0.2440944881889764,0.7007874015748031
2024-08-29T12:17:35.619087,interface,0.12598425196850394,0.6280873353028549,0.7480314960629921,0.13385826771653545,0.0,0.41732283464566927,0.2440944881889764,0.6771653543307087
2024-08-29T12:17:35.620269,interface,0.12598425196850394,0.6280873353028549,0.7480314960629921,0.13385826771653545,0.0,0.41732283464566927,0.2440944881889764,0.6614173228346457
2024-08-29T12:17:35.623485,interface,0.12598425196850394,0.6280873353028549,0.7480314960629921,0.13385826771653545,0.0,0.41732283464566927,0.2440944881889764,0.6377952755905512
2024-08-29T12:17:35.626933,interface,0.12598425196850394,0.6280873353028549,0.7480314960629921,0.13385826771653545,0.0,0.41732283464566927,0.2440944881889764,0.6220472440944882
2024-08-29T12:17:35.630304,interface,0.12598425196850394,0.6280873353028549,0.7480314960629921,0.13385826771653545,0.0,0.41732283464566927,0.2440944881889764,0.5984251968503937
2024-08-29T12:17:35.635596,interface,0.12598425196850394,0.6280873353028549,0.7480314960629921,0.13385826771653545,0.0,0.41732283464566927,0.2440944881889764,0.5826771653543307
2024-08-29T12:17:35.638941,interface,0.12598425196850394,0.6280873353028549,0.7480314960629921,0.13385826771653545,0.0,0.41732283464566927,0.2440944881889764,0.5669291338582677
2024-08-29T12:17:35.642402,interface,0.12598425196850394,0.6280873353028549,0.7480314960629921,0.13385826771653545,0.0,0.41732283464566927,0.2440944881889764,0.5433070866141733
2024-08-29T12:17:35.645880,interface,0.12598425196850394,0.6280873353028549,0.7480314960629921,0.13385826771653545,0.0,0.41732283464566927,0.2440944881889764,0.5275590551181102
2024-08-29T12:17:35.654728,interface,0.12598425196850394,0.6280873353028549,0.7480314960629921,0.13385826771653545,0.0,0.41732283464566927,0.2440944881889764,0.5118110236220472
2024-08-29T12:17:35.655917,interface,0.12598425196850394,0.6280873353028549,0.7480314960629921,0.13385826771653545,0.0,0.41732283464566927,0.2440944881889764,0.49606299212598426
2024-08-29T12:17:35.659213,interface,0.12598425196850394,0.6280873353028549,0.7480314960629921,0.13385826771653545,0.0,0.41732283464566927,0.2440944881889764,0.4881889763779528
2024-08-29T12:17:35.669790,interface,0.12598425196850394,0.6280873353028549,0.7480314960629921,0.13385826771653545,0.0,0.41732283464566927,0.2440944881889764,0.47244094488188976
2024-08-29T12:17:35.671024,interface,0.12598425196850394,0.6280873353028549,0.7480314960629921,0.13385826771653545,0.0,0.41732283464566927,0.2440944881889764,0.4645669291338583
2024-08-29T12:17:35.672146,interface,0.12598425196850394,0.6280873353028549,0.7480314960629921,0.13385826771653545,0.0,0.41732283464566927,0.2440944881889764,0.44881889763779526
2024-08-29T12:17:35.675399,interface,0.12598425196850394,0.6280873353028549,0.7480314960629921,0.13385826771653545,0.0,0.41732283464566927,0.2440944881889764,0.4409448818897638
2024-08-29T12:17:35.680866,interface,0.12598425196850394,0.6280873353028549,0.7480314960629921,0.13385826771653545,0.0,0.41732283464566927,0.2440944881889764,0.4330708661417323
2024-08-29T12:17:35.682021,interface,0.12598425196850394,0.6280873353028549,0.7480314960629921,0.13385826771653545,0.0,0.41732283464566927,0.2440944881889764,0.4251968503937008
2024-08-29T12:17:35.688543,interface,0.12598425196850394,0.6280873353028549,0.7480314960629921,0.13385826771653545,0.0,0.41732283464566927,0.2440944881889764,0.41732283464566927
2024-08-29T12:17:35.695736,interface,0.12598425196850394,0.6280873353028549,0.7480314960629921,0.13385826771653545,0.0,0.41732283464566927,0.2440944881889764,0.4094488188976378
2024-08-29T12:17:35.697301,interface,0.12598425196850394,0.6280873353028549,0.7480314960629921,0.13385826771653545,0.0,0.41732283464566927,0.2440944881889764,0.4015748031496063
2024-08-29T12:17:35.704143,interface,0.12598425196850394,0.6280873353028549,0.7480314960629921,0.13385826771653545,0.0,0.41732283464566927,0.2440944881889764,0.3937007874015748
2024-08-29T12:17:35.715691,interface,0.12598425196850394,0.6280873353028549,0.7480314960629921,0.13385826771653545,0.0,0.41732283464566927,0.2440944881889764,0.3858267716535433
2024-08-29T12:17:35.728719,interface,0.12598425196850394,0.6280873353028549,0.7480314960629921,0.13385826771653545,0.0,0.41732283464566927,0.2440944881889764,0.3779527559055118
2024-08-29T12:17:35.747302,interface,0.12598425196850394,0.6280873353028549,0.7480314960629921,0.13385826771653545,0.0,0.41732283464566927,0.2440944881889764,0.3858267716535433
2024-08-29T12:17:35.751677,interface,0.12598425196850394,0.6280873353028549,0.7480314960629921,0.13385826771653545,0.0,0.41732283464566927,0.2440944881889764,0.3937007874015748
2024-08-29T12:17:35.763370,interface,0.12598425196850394,0.6280873353028549,0.7480314960629921,0.13385826771653545,0.0,0.41732283464566927,0.2440944881889764,0.4015748031496063
2024-08-29T12:17:35.767912,interface,0.12598425196850394,0.6280873353028549,0.7480314960629921,0.13385826771653545,0.0,0.41732283464566927,0.2440944881889764,0.4094488188976378
2024-08-29T12:17:35.772302,interface,0.12598425196850394,0.6280873353028549,0.7480314960629921,0.13385826771653545,0.0,0.41732283464566927,0.2440944881889764,0.41732283464566927
2024-08-29T12:17:35.776690,interface,0.12598425196850394,0.6280873353028549,0.7480314960629921,0.13385826771653545,0.0,0.41732283464566927,0.2440944881889764,0.4251968503937008
2024-08-29T12:17:35.786693,interface,0.12598425196850394,0.6280873353028549,0.7480314960629921,0.13385826771653545,0.0,0.41732283464566927,0.2440944881889764,0.4330708661417323
2024-08-29T12:17:35.787991,interface,0.12598425196850394,0.6280873353028549,0.7480314960629921,0.13385826771653545,0.0,0.41732283464566927,0.2440944881889764,0.4409448818897638
2024-08-29T12:17:35.789053,interface,0.12598425196850394,0.6280873353028549,0.7480314960629921,0.13385826771653545,0.0,0.41732283464566927,0.2440944881889764,0.44881889763779526
2024-08-29T12:17:35.792303,interface,0.12598425196850394,0.6280873353028549,0.7480314960629921,0.13385826771653545,0.0,0.41732283464566927,0.2440944881889764,0.4645669291338583
2024-08-29T12:17:35.797664,interface,0.12598425196850394,0.6280873353028549,0.7480314960629921,0.13385826771653545,0.0,0.41732283464566927,0.2440944881889764,0.47244094488188976
2024-08-29T12:17:35.798829,interface,0.12598425196850394,0.6280873353028549,0.7480314960629921,0.13385826771653545,0.0,0.41732283464566927,0.2440944881889764,0.48031496062992124
2024-08-29T12:17:35.804007,interface,0.12598425196850394,0.6280873353028549,0.7480314960629921,0.13385826771653545,0.0,0.41732283464566927,0.2440944881889764,0.49606299212598426
2024-08-29T12:17:35.815679,interface,0.12598425196850394,0.6280873353028549,0.7480314960629921,0.13385826771653545,0.0,0.41732283464566927,0.2440944881889764,0.5039370078740157
2024-08-29T12:17:35.816927,interface,0.12598425196850394,0.6280873353028549,0.7480314960629921,0.13385826771653545,0.0,0.41732283464566927,0.2440944881889764,0.5196850393700787
2024-08-29T12:17:35.818195,interface,0.12598425196850394,0.6280873353028549,0.7480314960629921,0.13385826771653545,0.0,0.41732283464566927,0.2440944881889764,0.5275590551181102
2024-08-29T12:17:35.819235,interface,0.12598425196850394,0.6280873353028549,0.7480314960629921,0.13385826771653545,0.0,0.41732283464566927,0.2440944881889764,0.5433070866141733
2024-08-29T12:17:35.826484,interface,0.12598425196850394,0.6280873353028549,0.7480314960629921,0.13385826771653545,0.0,0.41732283464566927,0.2440944881889764,0.5590551181102362
2024-08-29T12:17:35.827650,interface,0.12598425196850394,0.6280873353028549,0.7480314960629921,0.13385826771653545,0.0,0.41732283464566927,0.2440944881889764,0.5669291338582677
2024-08-29T12:17:35.831006,interface,0.12598425196850394,0.6280873353028549,0.7480314960629921,0.13385826771653545,0.0,0.41732283464566927,0.2440944881889764,0.5826771653543307
2024-08-29T12:17:35.843698,interface,0.12598425196850394,0.6280873353028549,0.7480314960629921,0.13385826771653545,0.0,0.41732283464566927,0.2440944881889764,0.5984251968503937
2024-08-29T12:17:35.844944,interface,0.12598425196850394,0.6280873353028549,0.7480314960629921,0.13385826771653545,0.0,0.41732283464566927,0.2440944881889764,0.6141732283464567
2024-08-29T12:17:35.846206,interface,0.12598425196850394,0.6280873353028549,0.7480314960629921,0.13385826771653545,0.0,0.41732283464566927,0.2440944881889764,0.6220472440944882
2024-08-29T12:17:35.847243,interface,0.12598425196850394,0.6280873353028549,0.7480314960629921,0.13385826771653545,0.0,0.41732283464566927,0.2440944881889764,0.6377952755905512
2024-08-29T12:17:35.856430,interface,0.12598425196850394,0.6280873353028549,0.7480314960629921,0.13385826771653545,0.0,0.41732283464566927,0.2440944881889764,0.6535433070866141
2024-08-29T12:17:35.857754,interface,0.12598425196850394,0.6280873353028549,0.7480314960629921,0.13385826771653545,0.0,0.41732283464566927,0.2440944881889764,0.6614173228346457
2024-08-29T12:17:35.858832,interface,0.12598425196850394,0.6280873353028549,0.7480314960629921,0.13385826771653545,0.0,0.41732283464566927,0.2440944881889764,0.6771653543307087
2024-08-29T12:17:35.864071,interface,0.12598425196850394,0.6280873353028549,0.7480314960629921,0.13385826771653545,0.0,0.41732283464566927,0.2440944881889764,0.6929133858267716
2024-08-29T12:17:35.869384,interface,0.12598425196850394,0.6280873353028549,0.7480314960629921,0.13385826771653545,0.0,0.41732283464566927,0.2440944881889764,0.7086614173228346
2024-08-29T12:17:35.872705,interface,0.12598425196850394,0.6280873353028549,0.7480314960629921,0.13385826771653545,0.0,0.41732283464566927,0.2440944881889764,0.7165354330708661
2024-08-29T12:17:35.876021,interface,0.12598425196850394,0.6280873353028549,0.7480314960629921,0.13385826771653545,0.0,0.41732283464566927,0.2440944881889764,0.7322834645669292
2024-08-29T12:17:35.887571,interface,0.12598425196850394,0.6280873353028549,0.7480314960629921,0.13385826771653545,0.0,0.41732283464566927,0.2440944881889764,0.7480314960629921
2024-08-29T12:17:35.888825,interface,0.12598425196850394,0.6280873353028549,0.7480314960629921,0.13385826771653545,0.0,0.41732283464566927,0.2440944881889764,0.7559055118110236
2024-08-29T12:17:35.890041,interface,0.12598425196850394,0.6280873353028549,0.7480314960629921,0.13385826771653545,0.0,0.41732283464566927,0.2440944881889764,0.7716535433070866
2024-08-29T12:17:35.891109,interface,0.12598425196850394,0.6280873353028549,0.7480314960629921,0.13385826771653545,0.0,0.41732283464566927,0.2440944881889764,0.7795275590551181
2024-08-29T12:17:35.898242,interface,0.12598425196850394,0.6280873353028549,0.7480314960629921,0.13385826771653545,0.0,0.41732283464566927,0.2440944881889764,0.7952755905511811
2024-08-29T12:17:35.901738,interface,0.12598425196850394,0.6280873353028549,0.7480314960629921,0.13385826771653545,0.0,0.41732283464566927,0.2440944881889764,0.8031496062992126
2024-08-29T12:17:35.902920,interface,0.12598425196850394,0.6280873353028549,0.7480314960629921,0.13385826771653545,0.0,0.41732283464566927,0.2440944881889764,0.8188976377952756
2024-08-29T12:17:35.908124,interface,0.12598425196850394,0.6280873353028549,0.7480314960629921,0.13385826771653545,0.0,0.41732283464566927,0.2440944881889764,0.8267716535433071
2024-08-29T12:17:35.913625,interface,0.12598425196850394,0.6280873353028549,0.7480314960629921,0.13385826771653545,0.0,0.41732283464566927,0.2440944881889764,0.84251968503937
2024-08-29T12:17:35.914778,interface,0.12598425196850394,0.6280873353028549,0.7480314960629921,0.13385826771653545,0.0,0.41732283464566927,0.2440944881889764,0.8503937007874016
2024-08-29T12:17:35.919966,interface,0.12598425196850394,0.6280873353028549,0.7480314960629921,0.13385826771653545,0.0,0.41732283464566927,0.2440944881889764,0.8582677165354331
2024-08-29T12:17:35.931293,interface,0.12598425196850394,0.6280873353028549,0.7480314960629921,0.13385826771653545,0.0,0.41732283464566927,0.2440944881889764,0.8661417322834646
2024-08-29T12:17:35.932534,interface,0.12598425196850394,0.6280873353028549,0.7480314960629921,0.13385826771653545,0.0,0.41732283464566927,0.2440944881889764,0.8818897637795275
2024-08-29T12:17:35.933758,interface,0.12598425196850394,0.6280873353028549,0.7480314960629921,0.13385826771653545,0.0,0.41732283464566927,0.2440944881889764,0.889763779527559
2024-08-29T12:17:35.934823,interface,0.12598425196850394,0.6280873353028549,0.7480314960629921,0.13385826771653545,0.0,0.41732283464566927,0.2440944881889764,0.8976377952755905
2024-08-29T12:17:35.943966,interface,0.12598425196850394,0.6280873353028549,0.7480314960629921,0.13385826771653545,0.0,0.41732283464566927,0.2440944881889764,0.905511811023622
2024-08-29T12:17:35.945113,interface,0.12598425196850394,0.6280873353028549,0.7480314960629921,0.13385826771653545,0.0,0.41732283464566927,0.2440944881889764,0.9133858267716536
2024-08-29T12:17:35.946376,interface,0.12598425196850394,0.6280873353028549,0.7480314960629921,0.13385826771653545,0.0,0.41732283464566927,0.2440944881889764,0.9212598425196851
2024-08-29T12:17:35.951678,interface,0.12598425196850394,0.6280873353028549,0.7480314960629921,0.13385826771653545,0.0,0.41732283464566927,0.2440944881889764,0.9291338582677166
2024-08-29T12:17:35.964216,interface,0.12598425196850394,0.6280873353028549,0.7480314960629921,0.13385826771653545,0.0,0.41732283464566927,0.2440944881889764,0.937007874015748
2024-08-29T12:17:35.965362,interface,0.12598425196850394,0.6280873353028549,0.7480314960629921,0.13385826771653545,0.0,0.41732283464566927,0.2440944881889764,0.9448818897637795
2024-08-29T12:17:35.975866,interface,0.12598425196850394,0.6280873353028549,0.7480314960629921,0.13385826771653545,0.0,0.41732283464566927,0.2440944881889764,0.952755905511811
2024-08-29T12:17:35.977018,interface,0.12598425196850394,0.6280873353028549,0.7480314960629921,0.13385826771653545,0.0,0.41732283464566927,0.2440944881889764,0.9606299212598425
2024-08-29T12:17:35.990904,interface,0.12598425196850394,0.6280873353028549,0.7480314960629921,0.13385826771653545,0.0,0.41732283464566927,0.2440944881889764,0.968503937007874
2024-08-29T12:17:35.992100,interface,0.12598425196850394,0.6280873353028549,0.7480314960629921,0.13385826771653545,0.0,0.41732283464566927,0.2440944881889764,0.9763779527559056
2024-08-29T12:17:36.007704,interface,0.12598425196850394,0.6280873353028549,0.7480314960629921,0.13385826771653545,0.0,0.41732283464566927,0.2440944881889764,0.984251968503937
2024-08-29T12:17:36.039711,interface,0.12598425196850394,0.6280873353028549,0.7480314960629921,0.13385826771653545,0.0,0.41732283464566927,0.2440944881889764,0.9763779527559056
2024-08-29T12:17:36.050463,interface,0.12598425196850394,0.6280873353028549,0.7480314960629921,0.13385826771653545,0.0,0.41732283464566927,0.2440944881889764,0.968503937007874
2024-08-29T12:17:36.051736,interface,0.12598425196850394,0.6280873353028549,0.7480314960629921,0.13385826771653545,0.0,0.41732283464566927,0.2440944881889764,0.9606299212598425
2024-08-29T12:17:36.052839,interface,0.12598425196850394,0.6280873353028549,0.7480314960629921,0.13385826771653545,0.0,0.41732283464566927,0.2440944881889764,0.952755905511811
2024-08-29T12:17:36.059911,interface,0.12598425196850394,0.6280873353028549,0.7480314960629921,0.13385826771653545,0.0,0.41732283464566927,0.2440944881889764,0.9448818897637795
2024-08-29T12:17:36.063438,interface,0.12598425196850394,0.6280873353028549,0.7480314960629921,0.13385826771653545,0.0,0.41732283464566927,0.2440944881889764,0.937007874015748
2024-08-29T12:17:36.064605,interface,0.12598425196850394,0.6280873353028549,0.7480314960629921,0.13385826771653545,0.0,0.41732283464566927,0.2440944881889764,0.9291338582677166
2024-08-29T12:17:36.067962,interface,0.12598425196850394,0.6280873353028549,0.7480314960629921,0.13385826771653545,0.0,0.41732283464566927,0.2440944881889764,0.9212598425196851
2024-08-29T12:17:36.079141,interface,0.12598425196850394,0.6280873353028549,0.7480314960629921,0.13385826771653545,0.0,0.41732283464566927,0.2440944881889764,0.9133858267716536
2024-08-29T12:17:36.080400,interface,0.12598425196850394,0.6280873353028549,0.7480314960629921,0.13385826771653545,0.0,0.41732283464566927,0.2440944881889764,0.8976377952755905
2024-08-29T12:17:36.081428,interface,0.12598425196850394,0.6280873353028549,0.7480314960629921,0.13385826771653545,0.0,0.41732283464566927,0.2440944881889764,0.889763779527559
2024-08-29T12:17:36.084678,interface,0.12598425196850394,0.6280873353028549,0.7480314960629921,0.13385826771653545,0.0,0.41732283464566927,0.2440944881889764,0.8740157480314961
2024-08-29T12:17:36.090116,interface,0.12598425196850394,0.6280873353028549,0.7480314960629921,0.13385826771653545,0.0,0.41732283464566927,0.2440944881889764,0.8661417322834646
2024-08-29T12:17:36.091313,interface,0.12598425196850394,0.6280873353028549,0.7480314960629921,0.13385826771653545,0.0,0.41732283464566927,0.2440944881889764,0.8582677165354331
2024-08-29T12:17:36.096496,interface,0.12598425196850394,0.6280873353028549,0.7480314960629921,0.13385826771653545,0.0,0.41732283464566927,0.2440944881889764,0.84251968503937
2024-08-29T12:17:36.107463,interface,0.12598425196850394,0.6280873353028549,0.7480314960629921,0.13385826771653545,0.0,0.41732283464566927,0.2440944881889764,0.8346456692913385
2024-08-29T12:17:36.108706,interface,0.12598425196850394,0.6280873353028549,0.7480314960629921,0.13385826771653545,0.0,0.41732283464566927,0.2440944881889764,0.8188976377952756
2024-08-29T12:17:36.109747,interface,0.12598425196850394,0.6280873353028549,0.7480314960629921,0.13385826771653545,0.0,0.41732283464566927,0.2440944881889764,0.8031496062992126
2024-08-29T12:17:36.110990,interface,0.12598425196850394,0.6280873353028549,0.7480314960629921,0.13385826771653545,0.0,0.41732283464566927,0.2440944881889764,0.7952755905511811
2024-08-29T12:17:36.118081,interface,0.12598425196850394,0.6280873353028549,0.7480314960629921,0.13385826771653545,0.0,0.41732283464566927,0.2440944881889764,0.7795275590551181
2024-08-29T12:17:36.121416,interface,0.12598425196850394,0.6280873353028549,0.7480314960629921,0.13385826771653545,0.0,0.41732283464566927,0.2440944881889764,0.7637795275590551
2024-08-29T12:17:36.124711,interface,0.12598425196850394,0.6280873353028549,0.7480314960629921,0.13385826771653545,0.0,0.41732283464566927,0.2440944881889764,0.7480314960629921
2024-08-29T12:17:36.128002,interface,0.12598425196850394,0.6280873353028549,0.7480314960629921,0.13385826771653545,0.0,0.41732283464566927,0.2440944881889764,0.7322834645669292
2024-08-29T12:17:36.138748,interface,0.12598425196850394,0.6280873353028549,0.7480314960629921,0.13385826771653545,0.0,0.41732283464566927,0.2440944881889764,0.7165354330708661
2024-08-29T12:17:36.140036,interface,0.12598425196850394,0.6280873353028549,0.7480314960629921,0.13385826771653545,0.0,0.41732283464566927,0.2440944881889764,0.7007874015748031
2024-08-29T12:17:36.141096,interface,0.12598425196850394,0.6280873353028549,0.7480314960629921,0.13385826771653545,0.0,0.41732283464566927,0.2440944881889764,0.6771653543307087
2024-08-29T12:17:36.146574,interface,0.12598425196850394,0.6280873353028549,0.7480314960629921,0.13385826771653545,0.0,0.41732283464566927,0.2440944881889764,0.6614173228346457
2024-08-29T12:17:36.147774,interface,0.12598425196850394,0.6280873353028549,0.7480314960629921,0.13385826771653545,0.0,0.41732283464566927,0.2440944881889764,0.6456692913385826
2024-08-29T12:17:36.152932,interface,0.12598425196850394,0.6280873353028549,0.7480314960629921,0.13385826771653545,0.0,0.41732283464566927,0.2440944881889764,0.6220472440944882
2024-08-29T12:17:36.165664,interface,0.12598425196850394,0.6280873353028549,0.7480314960629921,0.13385826771653545,0.0,0.41732283464566927,0.2440944881889764,0.6062992125984252
2024-08-29T12:17:36.167299,interface,0.12598425196850394,0.6280873353028549,0.7480314960629921,0.13385826771653545,0.0,0.41732283464566927,0.2440944881889764,0.5905511811023622
2024-08-29T12:17:36.168566,interface,0.12598425196850394,0.6280873353028549,0.7480314960629921,0.13385826771653545,0.0,0.41732283464566927,0.2440944881889764,0.5669291338582677
2024-08-29T12:17:36.169726,interface,0.12598425196850394,0.6280873353028549,0.7480314960629921,0.13385826771653545,0.0,0.41732283464566927,0.2440944881889764,0.5511811023622047
2024-08-29T12:17:36.177427,interface,0.12598425196850394,0.6280873353028549,0.7480314960629921,0.13385826771653545,0.0,0.41732283464566927,0.2440944881889764,0.5354330708661418
2024-08-29T12:17:36.178588,interface,0.12598425196850394,0.6280873353028549,0.7480314960629921,0.13385826771653545,0.0,0.41732283464566927,0.2440944881889764,0.5196850393700787
2024-08-29T12:17:36.181808,interface,0.12598425196850394,0.6280873353028549,0.7480314960629921,0.13385826771653545,0.0,0.41732283464566927,0.2440944881889764,0.5039370078740157
2024-08-29T12:17:36.185124,interface,0.12598425196850394,0.6280873353028549,0.7480314960629921,0.13385826771653545,0.0,0.41732283464566927,0.2440944881889764,0.4881889763779528
2024-08-29T12:17:36.192360,interface,0.12598425196850394,0.6280873353028549,0.7480314960629921,0.13385826771653545,0.0,0.41732283464566927,0.2440944881889764,0.48031496062992124
2024-08-29T12:17:36.193518,interface,0.12598425196850394,0.6280873353028549,0.7480314960629921,0.13385826771653545,0.0,0.41732283464566927,0.2440944881889764,0.4645669291338583
2024-08-29T12:17:36.196737,interface,0.12598425196850394,0.6280873353028549,0.7480314960629921,0.13385826771653545,0.0,0.41732283464566927,0.2440944881889764,0.4566929133858268
2024-08-29T12:17:36.200233,interface,0.12598425196850394,0.6280873353028549,0.7480314960629921,0.13385826771653545,0.0,0.41732283464566927,0.2440944881889764,0.4409448818897638
2024-08-29T12:17:36.205599,interface,0.12598425196850394,0.6280873353028549,0.7480314960629921,0.13385826771653545,0.0,0.41732283464566927,0.2440944881889764,0.4330708661417323
2024-08-29T12:17:36.208897,interface,0.12598425196850394,0.6280873353028549,0.7480314960629921,0.13385826771653545,0.0,0.41732283464566927,0.2440944881889764,0.4251968503937008
2024-08-29T12:17:36.212304,interface,0.12598425196850394,0.6280873353028549,0.7480314960629921,0.13385826771653545,0.0,0.41732283464566927,0.2440944881889764,0.41732283464566927
2024-08-29T12:17:36.225000,interface,0.12598425196850394,0.6280873353028549,0.7480314960629921,0.13385826771653545,0.0,0.41732283464566927,0.2440944881889764,0.4094488188976378
2024-08-29T12:17:36.226229,interface,0.12598425196850394,0.6280873353028549,0.7480314960629921,0.13385826771653545,0.0,0.41732283464566927,0.2440944881889764,0.4015748031496063
2024-08-29T12:17:36.227481,interface,0.12598425196850394,0.6280873353028549,0.7480314960629921,0.13385826771653545,0.0,0.41732283464566927,0.2440944881889764,0.3937007874015748
2024-08-29T12:17:36.228589,interface,0.12598425196850394,0.6280873353028549,0.7480314960629921,0.13385826771653545,0.0,0.41732283464566927,0.2440944881889764,0.3858267716535433
2024-08-29T12:17:36.237600,interface,0.12598425196850394,0.6280873353028549,0.7480314960629921,0.13385826771653545,0.0,0.41732283464566927,0.2440944881889764,0.3779527559055118
2024-08-29T12:17:36.254512,interface,0.12598425196850394,0.6280873353028549,0.7480314960629921,0.13385826771653545,0.0,0.41732283464566927,0.2440944881889764,0.3700787401574803
2024-08-29T12:17:36.267878,interface,0.12598425196850394,0.6280873353028549,0.7480314960629921,0.13385826771653545,0.0,0.41732283464566927,0.2440944881889764,0.3779527559055118
2024-08-29T12:17:36.276521,interface,0.12598425196850394,0.6280873353028549,0.7480314960629921,0.13385826771653545,0.0,0.41732283464566927,0.2440944881889764,0.3858267716535433
2024-08-29T12:17:36.285634,interface,0.12598425196850394,0.6280873353028549,0.7480314960629921,0.13385826771653545,0.0,0.41732283464566927,0.2440944881889764,0.3937007874015748
2024-08-29T12:17:36.286973,interface,0.12598425196850394,0.6280873353028549,0.7480314960629921,0.13385826771653545,0.0,0.41732283464566927,0.2440944881889764,0.4015748031496063
2024-08-29T12:17:36.288090,interface,0.12598425196850394,0.6280873353028549,0.7480314960629921,0.13385826771653545,0.0,0.41732283464566927,0.2440944881889764,0.4094488188976378
2024-08-29T12:17:36.293428,interface,0.12598425196850394,0.6280873353028549,0.7480314960629921,0.13385826771653545,0.0,0.41732283464566927,0.2440944881889764,0.41732283464566927
2024-08-29T12:17:36.296860,interface,0.12598425196850394,0.6280873353028549,0.7480314960629921,0.13385826771653545,0.0,0.41732283464566927,0.2440944881889764,0.4251968503937008
2024-08-29T12:17:36.302124,interface,0.12598425196850394,0.6280873353028549,0.7480314960629921,0.13385826771653545,0.0,0.41732283464566927,0.2440944881889764,0.4330708661417323
2024-08-29T12:17:36.312311,interface,0.12598425196850394,0.6280873353028549,0.7480314960629921,0.13385826771653545,0.0,0.41732283464566927,0.2440944881889764,0.44881889763779526
2024-08-29T12:17:36.313540,interface,0.12598425196850394,0.6280873353028549,0.7480314960629921,0.13385826771653545,0.0,0.41732283464566927,0.2440944881889764,0.4566929133858268
2024-08-29T12:17:36.314562,interface,0.12598425196850394,0.6280873353028549,0.7480314960629921,0.13385826771653545,0.0,0.41732283464566927,0.2440944881889764,0.47244094488188976
2024-08-29T12:17:36.317788,interface,0.12598425196850394,0.6280873353028549,0.7480314960629921,0.13385826771653545,0.0,0.41732283464566927,0.2440944881889764,0.48031496062992124
2024-08-29T12:17:36.323180,interface,0.12598425196850394,0.6280873353028549,0.7480314960629921,0.13385826771653545,0.0,0.41732283464566927,0.2440944881889764,0.49606299212598426
2024-08-29T12:17:36.324361,interface,0.12598425196850394,0.6280873353028549,0.7480314960629921,0.13385826771653545,0.0,0.41732283464566927,0.2440944881889764,0.5039370078740157
2024-08-29T12:17:36.329561,interface,0.12598425196850394,0.6280873353028549,0.7480314960629921,0.13385826771653545,0.0,0.41732283464566927,0.2440944881889764,0.5196850393700787
2024-08-29T12:17:36.341587,interface,0.12598425196850394,0.6280873353028549,0.7480314960629921,0.13385826771653545,0.0,0.41732283464566927,0.2440944881889764,0.5275590551181102
2024-08-29T12:17:36.342973,interface,0.12598425196850394,0.6280873353028549,0.7480314960629921,0.13385826771653545,0.0,0.41732283464566927,0.2440944881889764,0.5433070866141733
2024-08-29T12:17:36.344106,interface,0.12598425196850394,0.6280873353028549,0.7480314960629921,0.13385826771653545,0.0,0.41732283464566927,0.2440944881889764,0.5511811023622047
2024-08-29T12:17:36.345154,interface,0.12598425196850394,0.6280873353028549,0.7480314960629921,0.13385826771653545,0.0,0.41732283464566927,0.2440944881889764,0.5669291338582677
2024-08-29T12:17:36.352384,interface,0.12598425196850394,0.6280873353028549,0.7480314960629921,0.13385826771653545,0.0,0.41732283464566927,0.2440944881889764,0.5748031496062992
2024-08-29T12:17:36.353538,interface,0.12598425196850394,0.6280873353028549,0.7480314960629921,0.13385826771653545,0.0,0.41732283464566927,0.2440944881889764,0.5905511811023622
2024-08-29T12:17:36.356832,interface,0.12598425196850394,0.6280873353028549,0.7480314960629921,0.13385826771653545,0.0,0.41732283464566927,0.2440944881889764,0.6062992125984252
2024-08-29T12:17:36.360326,interface,0.12598425196850394,0.6280873353028549,0.7480314960629921,0.13385826771653545,0.0,0.41732283464566927,0.2440944881889764,0.6141732283464567
2024-08-29T12:17:36.367665,interface,0.12598425196850394,0.6280873353028549,0.7480314960629921,0.13385826771653545,0.0,0.41732283464566927,0.2440944881889764,0.6220472440944882
2024-08-29T12:17:36.368829,interface,0.12598425196850394,0.6280873353028549,0.7480314960629921,0.13385826771653545,0.0,0.41732283464566927,0.2440944881889764,0.6377952755905512
2024-08-29T12:17:36.373984,interface,0.12598425196850394,0.6280873353028549,0.7480314960629921,0.13385826771653545,0.0,0.41732283464566927,0.2440944881889764,0.6456692913385826
2024-08-29T12:17:36.385224,interface,0.12598425196850394,0.6280873353028549,0.7480314960629921,0.13385826771653545,0.0,0.41732283464566927,0.2440944881889764,0.6535433070866141
2024-08-29T12:17:36.386452,interface,0.12598425196850394,0.6280873353028549,0.7480314960629921,0.13385826771653545,0.0,0.41732283464566927,0.2440944881889764,0.6692913385826772
2024-08-29T12:17:36.387719,interface,0.12598425196850394,0.6280873353028549,0.7480314960629921,0.13385826771653545,0.0,0.41732283464566927,0.2440944881889764,0.6771653543307087
2024-08-29T12:17:36.388838,interface,0.12598425196850394,0.6280873353028549,0.7480314960629921,0.13385826771653545,0.0,0.41732283464566927,0.2440944881889764,0.6850393700787402
2024-08-29T12:17:36.396101,interface,0.12598425196850394,0.6280873353028549,0.7480314960629921,0.13385826771653545,0.0,0.41732283464566927,0.2440944881889764,0.6929133858267716
2024-08-29T12:17:36.397245,interface,0.12598425196850394,0.6280873353028549,0.7480314960629921,0.13385826771653545,0.0,0.41732283464566927,0.2440944881889764,0.7007874015748031
2024-08-29T12:17:36.402425,interface,0.12598425196850394,0.6280873353028549,0.7480314960629921,0.13385826771653545,0.0,0.41732283464566927,0.2440944881889764,0.7086614173228346
2024-08-29T12:17:36.412885,interface,0.12598425196850394,0.6280873353028549,0.7480314960629921,0.13385826771653545,0.0,0.41732283464566927,0.2440944881889764,0.7165354330708661
2024-08-29T12:17:36.414036,interface,0.12598425196850394,0.6280873353028549,0.7480314960629921,0.13385826771653545,0.0,0.41732283464566927,0.2440944881889764,0.7244094488188977
2024-08-29T12:17:36.417293,interface,0.12598425196850394,0.6280873353028549,0.7480314960629921,0.13385826771653545,0.0,0.41732283464566927,0.2440944881889764,0.7322834645669292
2024-08-29T12:17:36.428912,interface,0.12598425196850394,0.6280873353028549,0.7480314960629921,0.13385826771653545,0.0,0.41732283464566927,0.2440944881889764,0.7401574803149606
2024-08-29T12:17:36.430157,interface,0.12598425196850394,0.6280873353028549,0.7480314960629921,0.13385826771653545,0.0,0.41732283464566927,0.2440944881889764,0.7480314960629921
2024-08-29T12:17:36.445063,interface,0.12598425196850394,0.6280873353028549,0.7480314960629921,0.13385826771653545,0.0,0.41732283464566927,0.2440944881889764,0.7559055118110236
2024-08-29T12:17:36.461061,interface,0.12598425196850394,0.6280873353028549,0.7480314960629921,0.13385826771653545,0.0,0.41732283464566927,0.2440944881889764,0.7637795275590551
2024-08-29T12:17:36.493373,interface,0.12598425196850394,0.6280873353028549,0.7480314960629921,0.13385826771653545,0.0,0.41732283464566927,0.2440944881889764,0.7716535433070866
2024-08-29T12:17:36.735617,interface,0.16535433070866143,0.6280873353028549,0.7480314960629921,0.13385826771653545,0.0,0.41732283464566927,0.2440944881889764,0.7716535433070866
2024-08-29T12:17:36.819108,interface,0.25984251968503935,0.6280873353028549,0.7480314960629921,0.13385826771653545,0.0,0.41732283464566927,0.2440944881889764,0.7716535433070866
2024-08-29T12:17:36.882399,interface,0.2440944881889764,0.6280873353028549,0.7480314960629921,0.13385826771653545,0.0,0.41732283464566927,0.2440944881889764,0.7716535433070866
2024-08-29T12:17:36.935424,interface,0.2283464566929134,0.6280873353028549,0.7480314960629921,0.13385826771653545,0.0,0.41732283464566927,0.2440944881889764,0.7716535433070866
2024-08-29T12:17:36.990516,interface,0.2204724409448819,0.6280873353028549,0.7480314960629921,0.13385826771653545,0.0,0.41732283464566927,0.2440944881889764,0.7716535433070866
2024-08-29T12:17:37.008022,interface,0.2047244094488189,0.6280873353028549,0.7480314960629921,0.13385826771653545,0.0,0.41732283464566927,0.2440944881889764,0.7716535433070866
2024-08-29T12:17:37.053788,interface,0.16535433070866143,0.6280873353028549,0.7480314960629921,0.13385826771653545,0.0,0.41732283464566927,0.2440944881889764,0.7716535433070866
2024-08-29T12:17:37.154198,interface,0.2125984251968504,0.6280873353028549,0.7480314960629921,0.13385826771653545,0.0,0.41732283464566927,0.2440944881889764,0.7716535433070866
2024-08-29T12:17:37.155412,interface,0.2204724409448819,0.6280873353028549,0.7480314960629921,0.13385826771653545,0.0,0.41732283464566927,0.2440944881889764,0.7716535433070866
2024-08-29T12:17:37.203675,interface,0.1968503937007874,0.6280873353028549,0.7480314960629921,0.13385826771653545,0.0,0.41732283464566927,0.2440944881889764,0.7716535433070866
2024-08-29T12:17:37.272541,interface,0.14960629921259844,0.6280873353028549,0.7480314960629921,0.13385826771653545,0.0,0.41732283464566927,0.2440944881889764,0.7716535433070866
2024-08-29T12:17:37.337716,interface,0.1968503937007874,0.6280873353028549,0.7480314960629921,0.13385826771653545,0.0,0.41732283464566927,0.2440944881889764,0.7716535433070866
2024-08-29T12:17:37.338873,interface,0.18110236220472442,0.6280873353028549,0.7480314960629921,0.13385826771653545,0.0,0.41732283464566927,0.2440944881889764,0.7716535433070866
2024-08-29T12:17:37.372910,interface,0.1889763779527559,0.6280873353028549,0.7480314960629921,0.13385826771653545,0.0,0.41732283464566927,0.2440944881889764,0.7716535433070866
2024-08-29T12:17:37.412056,interface,0.15748031496062992,0.6280873353028549,0.7480314960629921,0.13385826771653545,0.0,0.41732283464566927,0.2440944881889764,0.7716535433070866
2024-08-29T12:17:37.556794,interface,0.14960629921259844,0.6280873353028549,0.7480314960629921,0.13385826771653545,0.0,0.41732283464566927,0.2440944881889764,0.7716535433070866
2024-08-29T12:17:37.575616,interface,0.13385826771653545,0.6280873353028549,0.7480314960629921,0.13385826771653545,0.0,0.41732283464566927,0.2440944881889764,0.7716535433070866
2024-08-29T12:17:37.631724,interface,0.11811023622047244,0.6280873353028549,0.7480314960629921,0.13385826771653545,0.0,0.41732283464566927,0.2440944881889764,0.7716535433070866
2024-08-29T12:17:37.703019,interface,0.11023622047244094,0.6280873353028549,0.7480314960629921,0.13385826771653545,0.0,0.41732283464566927,0.2440944881889764,0.7716535433070866
2024-08-29T12:17:37.765131,interface,0.12598425196850394,0.6280873353028549,0.7480314960629921,0.13385826771653545,0.0,0.41732283464566927,0.2440944881889764,0.7716535433070866
2024-08-29T12:17:37.766282,interface,0.11023622047244094,0.6280873353028549,0.7480314960629921,0.13385826771653545,0.0,0.41732283464566927,0.2440944881889764,0.7716535433070866
2024-08-29T12:17:37.828126,interface,0.10236220472440945,0.6280873353028549,0.7480314960629921,0.13385826771653545,0.0,0.41732283464566927,0.2440944881889764,0.7716535433070866
2024-08-29T12:17:37.908420,interface,0.09448818897637795,0.6280873353028549,0.7480314960629921,0.13385826771653545,0.0,0.41732283464566927,0.2440944881889764,0.7716535433070866
2024-08-29T12:17:39.358184,interface,0.3700787401574803,0.6280873353028549,0.7480314960629921,0.13385826771653545,0.0,0.41732283464566927,0.2440944881889764,0.7716535433070866
2024-08-29T12:17:39.432458,interface,0.44881889763779526,0.6280873353028549,0.7480314960629921,0.13385826771653545,0.0,0.41732283464566927,0.2440944881889764,0.7716535433070866
2024-08-29T12:17:39.469621,interface,0.4409448818897638,0.6280873353028549,0.7480314960629921,0.13385826771653545,0.0,0.41732283464566927,0.2440944881889764,0.7716535433070866
2024-08-29T12:17:39.489604,interface,0.4251968503937008,0.6280873353028549,0.7480314960629921,0.13385826771653545,0.0,0.41732283464566927,0.2440944881889764,0.7716535433070866
2024-08-29T12:17:39.504707,interface,0.4330708661417323,0.6280873353028549,0.7480314960629921,0.13385826771653545,0.0,0.41732283464566927,0.2440944881889764,0.7716535433070866
2024-08-29T12:17:39.682317,interface,0.4330708661417323,0.6280873353028549,0.7480314960629921,0.13385826771653545,0.0,0.41732283464566927,0.2440944881889764,0.7716535433070866
2024-08-29T12:17:39.683528,interface,0.41732283464566927,0.6280873353028549,0.7480314960629921,0.13385826771653545,0.0,0.41732283464566927,0.2440944881889764,0.7716535433070866
2024-08-29T12:17:39.744737,interface,0.4015748031496063,0.6280873353028549,0.7480314960629921,0.13385826771653545,0.0,0.41732283464566927,0.2440944881889764,0.7716535433070866
2024-08-29T12:17:39.811591,interface,0.3700787401574803,0.6280873353028549,0.7480314960629921,0.13385826771653545,0.0,0.41732283464566927,0.2440944881889764,0.7716535433070866
2024-08-29T12:17:40.860092,interface,0.5590551181102362,0.6280873353028549,0.7480314960629921,0.13385826771653545,0.0,0.41732283464566927,0.2440944881889764,0.7716535433070866
2024-08-29T12:17:40.910960,interface,0.6377952755905512,0.6280873353028549,0.7480314960629921,0.13385826771653545,0.0,0.41732283464566927,0.2440944881889764,0.7716535433070866
2024-08-29T12:17:40.934362,interface,0.6299212598425197,0.6280873353028549,0.7480314960629921,0.13385826771653545,0.0,0.41732283464566927,0.2440944881889764,0.7716535433070866
2024-08-29T12:17:40.950926,interface,0.6141732283464567,0.6280873353028549,0.7480314960629921,0.13385826771653545,0.0,0.41732283464566927,0.2440944881889764,0.7716535433070866
2024-08-29T12:17:41.027001,interface,0.5905511811023622,0.6280873353028549,0.7480314960629921,0.13385826771653545,0.0,0.41732283464566927,0.2440944881889764,0.7716535433070866
2024-08-29T12:17:41.072362,interface,0.5669291338582677,0.6280873353028549,0.7480314960629921,0.13385826771653545,0.0,0.41732283464566927,0.2440944881889764,0.7716535433070866
2024-08-29T12:17:41.146488,interface,0.6220472440944882,0.6280873353028549,0.7480314960629921,0.13385826771653545,0.0,0.41732283464566927,0.2440944881889764,0.7716535433070866
2024-08-29T12:17:41.147695,interface,0.6062992125984252,0.6280873353028549,0.7480314960629921,0.13385826771653545,0.0,0.41732283464566927,0.2440944881889764,0.7716535433070866
2024-08-29T12:17:41.202813,interface,0.5905511811023622,0.6280873353028549,0.7480314960629921,0.13385826771653545,0.0,0.41732283464566927,0.2440944881889764,0.7716535433070866
2024-08-29T12:17:41.258225,interface,0.5590551181102362,0.6280873353028549,0.7480314960629921,0.13385826771653545,0.0,0.41732283464566927,0.2440944881889764,0.7716535433070866
2024-08-29T12:17:42.749436,interface,0.7322834645669292,0.6280873353028549,0.7480314960629921,0.13385826771653545,0.0,0.41732283464566927,0.2440944881889764,0.7716535433070866
2024-08-29T12:17:42.835533,interface,0.8110236220472441,0.6280873353028549,0.7480314960629921,0.13385826771653545,0.0,0.41732283464566927,0.2440944881889764,0.7716535433070866
2024-08-29T12:17:42.851607,interface,0.8031496062992126,0.6280873353028549,0.7480314960629921,0.13385826771653545,0.0,0.41732283464566927,0.2440944881889764,0.7716535433070866
2024-08-29T12:17:42.879800,interface,0.7874015748031497,0.6280873353028549,0.7480314960629921,0.13385826771653545,0.0,0.41732283464566927,0.2440944881889764,0.7716535433070866
2024-08-29T12:17:42.959629,interface,0.7716535433070866,0.6280873353028549,0.7480314960629921,0.13385826771653545,0.0,0.41732283464566927,0.2440944881889764,0.7716535433070866
2024-08-29T12:17:43.000660,interface,0.7480314960629921,0.6280873353028549,0.7480314960629921,0.13385826771653545,0.0,0.41732283464566927,0.2440944881889764,0.7716535433070866
2024-08-29T12:17:43.062182,interface,0.7874015748031497,0.6280873353028549,0.7480314960629921,0.13385826771653545,0.0,0.41732283464566927,0.2440944881889764,0.7716535433070866
2024-08-29T12:17:43.071800,interface,0.7716535433070866,0.6280873353028549,0.7480314960629921,0.13385826771653545,0.0,0.41732283464566927,0.2440944881889764,0.7716535433070866
2024-08-29T12:17:43.135271,interface,0.7559055118110236,0.6280873353028549,0.7480314960629921,0.13385826771653545,0.0,0.41732283464566927,0.2440944881889764,0.7716535433070866
2024-08-29T12:17:43.194506,interface,0.7165354330708661,0.6280873353028549,0.7480314960629921,0.13385826771653545,0.0,0.41732283464566927,0.2440944881889764,0.7716535433070866
2024-08-29T12:17:43.274252,interface,0.7559055118110236,0.6280873353028549,0.7480314960629921,0.13385826771653545,0.0,0.41732283464566927,0.2440944881889764,0.7716535433070866
2024-08-29T12:17:43.275451,interface,0.7401574803149606,0.6280873353028549,0.7480314960629921,0.13385826771653545,0.0,0.41732283464566927,0.2440944881889764,0.7716535433070866
2024-08-29T12:17:43.320013,interface,0.7244094488188977,0.6280873353028549,0.7480314960629921,0.13385826771653545,0.0,0.41732283464566927,0.2440944881889764,0.7716535433070866
2024-08-29T12:17:43.359022,interface,0.7165354330708661,0.6280873353028549,0.7480314960629921,0.13385826771653545,0.0,0.41732283464566927,0.2440944881889764,0.7716535433070866
2024-08-29T12:17:43.574889,interface,0.7322834645669292,0.6280873353028549,0.7480314960629921,0.13385826771653545,0.0,0.41732283464566927,0.2440944881889764,0.7716535433070866
2024-08-29T12:17:43.635907,interface,0.7480314960629921,0.6280873353028549,0.7480314960629921,0.13385826771653545,0.0,0.41732283464566927,0.2440944881889764,0.7716535433070866
2024-08-29T12:17:43.687531,interface,0.7559055118110236,0.6280873353028549,0.7480314960629921,0.13385826771653545,0.0,0.41732283464566927,0.2440944881889764,0.7716535433070866
2024-08-29T12:17:43.731006,interface,0.7716535433070866,0.6280873353028549,0.7480314960629921,0.13385826771653545,0.0,0.41732283464566927,0.2440944881889764,0.7716535433070866
2024-08-29T12:17:43.773019,interface,0.7874015748031497,0.6280873353028549,0.7480314960629921,0.13385826771653545,0.0,0.41732283464566927,0.2440944881889764,0.7716535433070866
2024-08-29T12:17:43.813129,interface,0.7952755905511811,0.6280873353028549,0.7480314960629921,0.13385826771653545,0.0,0.41732283464566927,0.2440944881889764,0.7716535433070866
2024-08-29T12:17:43.842057,interface,0.8110236220472441,0.6280873353028549,0.7480314960629921,0.13385826771653545,0.0,0.41732283464566927,0.2440944881889764,0.7716535433070866
2024-08-29T12:17:43.874547,interface,0.8267716535433071,0.6280873353028549,0.7480314960629921,0.13385826771653545,0.0,0.41732283464566927,0.2440944881889764,0.7716535433070866
2024-08-29T12:17:43.901555,interface,0.8503937007874016,0.6280873353028549,0.7480314960629921,0.13385826771653545,0.0,0.41732283464566927,0.2440944881889764,0.7716535433070866
2024-08-29T12:17:43.905015,interface,0.84251968503937,0.6280873353028549,0.7480314960629921,0.13385826771653545,0.0,0.41732283464566927,0.2440944881889764,0.7716535433070866
2024-08-29T12:17:44.182416,interface,0.8503937007874016,0.6280873353028549,0.7480314960629921,0.13385826771653545,0.0,0.41732283464566927,0.2440944881889764,0.7716535433070866
2024-08-29T12:17:44.204964,interface,0.84251968503937,0.6280873353028549,0.7480314960629921,0.13385826771653545,0.0,0.41732283464566927,0.2440944881889764,0.7716535433070866
2024-08-29T12:17:44.283659,interface,0.8267716535433071,0.6280873353028549,0.7480314960629921,0.13385826771653545,0.0,0.41732283464566927,0.2440944881889764,0.7716535433070866
2024-08-29T12:17:44.332944,interface,0.7952755905511811,0.6280873353028549,0.7480314960629921,0.13385826771653545,0.0,0.41732283464566927,0.2440944881889764,0.7716535433070866
2024-08-29T12:17:44.582375,interface,0.8503937007874016,0.6280873353028549,0.7480314960629921,0.13385826771653545,0.0,0.41732283464566927,0.2440944881889764,0.7716535433070866
2024-08-29T12:17:44.619170,interface,0.84251968503937,0.6280873353028549,0.7480314960629921,0.13385826771653545,0.0,0.41732283464566927,0.2440944881889764,0.7716535433070866
2024-08-29T12:17:44.620344,interface,0.7874015748031497,0.6280873353028549,0.7480314960629921,0.13385826771653545,0.0,0.41732283464566927,0.2440944881889764,0.7716535433070866
2024-08-29T12:17:44.696840,interface,0.8267716535433071,0.6280873353028549,0.7480314960629921,0.13385826771653545,0.0,0.41732283464566927,0.2440944881889764,0.7716535433070866
2024-08-29T12:17:44.889483,interface,0.84251968503937,0.6280873353028549,0.7480314960629921,0.13385826771653545,0.0,0.41732283464566927,0.2440944881889764,0.7716535433070866
2024-08-29T12:17:44.960068,interface,0.8346456692913385,0.6280873353028549,0.7480314960629921,0.13385826771653545,0.0,0.41732283464566927,0.2440944881889764,0.7716535433070866
2024-08-29T12:17:44.981051,interface,0.7874015748031497,0.6280873353028549,0.7480314960629921,0.13385826771653545,0.0,0.41732283464566927,0.2440944881889764,0.7716535433070866
2024-08-29T12:17:45.224025,interface,0.84251968503937,0.6280873353028549,0.7480314960629921,0.13385826771653545,0.0,0.41732283464566927,0.2440944881889764,0.7716535433070866
2024-08-29T12:17:45.487998,interface,0.84251968503937,0.6280873353028549,0.7480314960629921,0.13385826771653545,0.0,0.41732283464566927,0.2440944881889764,0.7716535433070866
2024-08-29T12:17:45.507024,interface,0.8346456692913385,0.6280873353028549,0.7480314960629921,0.13385826771653545,0.0,0.41732283464566927,0.2440944881889764,0.7716535433070866
2024-08-29T12:17:45.582207,interface,0.7716535433070866,0.6280873353028549,0.7480314960629921,0.13385826771653545,0.0,0.41732283464566927,0.2440944881889764,0.7716535433070866
2024-08-29T12:17:45.607656,interface,0.8188976377952756,0.6280873353028549,0.7480314960629921,0.13385826771653545,0.0,0.41732283464566927,0.2440944881889764,0.7716535433070866
2024-08-29T12:17:45.782890,interface,0.84251968503937,0.6280873353028549,0.7480314960629921,0.13385826771653545,0.0,0.41732283464566927,0.2440944881889764,0.7716535433070866
2024-08-29T12:17:45.812750,interface,0.8346456692913385,0.6280873353028549,0.7480314960629921,0.13385826771653545,0.0,0.41732283464566927,0.2440944881889764,0.7716535433070866
2024-08-29T12:17:46.080512,interface,0.84251968503937,0.6280873353028549,0.7480314960629921,0.13385826771653545,0.0,0.41732283464566927,0.2440944881889764,0.7716535433070866
2024-08-29T12:17:46.091286,interface,0.8346456692913385,0.6280873353028549,0.7480314960629921,0.13385826771653545,0.0,0.41732283464566927,0.2440944881889764,0.7716535433070866
2024-08-29T12:17:46.442087,interface,0.84251968503937,0.6280873353028549,0.7480314960629921,0.13385826771653545,0.0,0.41732283464566927,0.2440944881889764,0.7716535433070866
2024-08-29T12:17:46.462754,interface,0.8346456692913385,0.6280873353028549,0.7480314960629921,0.13385826771653545,0.0,0.41732283464566927,0.2440944881889764,0.7716535433070866
2024-08-29T12:17:46.817494,interface,0.8503937007874016,0.6280873353028549,0.7480314960629921,0.13385826771653545,0.0,0.41732283464566927,0.2440944881889764,0.7716535433070866
2024-08-29T12:17:47.188139,interface,0.8503937007874016,0.6280873353028549,0.7480314960629921,0.13385826771653545,0.0,0.41732283464566927,0.2440944881889764,0.7716535433070866
2024-08-29T12:17:47.374674,interface,0.7559055118110236,0.6280873353028549,0.7480314960629921,0.13385826771653545,0.0,0.41732283464566927,0.2440944881889764,0.7716535433070866
2024-08-29T12:17:47.704622,interface,0.7716535433070866,0.6280873353028549,0.7480314960629921,0.13385826771653545,0.0,0.41732283464566927,0.2440944881889764,0.7716535433070866
2024-08-29T12:17:54.507772,interface,0.8110236220472441,0.6280873353028549,0.7480314960629921,0.13385826771653545,0.0,0.41732283464566927,0.2440944881889764,0.7716535433070866
2024-08-29T12:17:54.634232,interface,0.8031496062992126,0.6280873353028549,0.7480314960629921,0.13385826771653545,0.0,0.41732283464566927,0.2440944881889764,0.7716535433070866
2024-08-29T12:17:54.660352,interface,0.7874015748031497,0.6280873353028549,0.7480314960629921,0.13385826771653545,0.0,0.41732283464566927,0.2440944881889764,0.7716535433070866
2024-08-29T12:17:54.709353,interface,0.7322834645669292,0.6280873353028549,0.7480314960629921,0.13385826771653545,0.0,0.41732283464566927,0.2440944881889764,0.7716535433070866
2024-08-29T12:17:54.846047,interface,0.7401574803149606,0.6280873353028549,0.7480314960629921,0.13385826771653545,0.0,0.41732283464566927,0.2440944881889764,0.7716535433070866
2024-08-29T12:17:54.847232,interface,0.7244094488188977,0.6280873353028549,0.7480314960629921,0.13385826771653545,0.0,0.41732283464566927,0.2440944881889764,0.7716535433070866
2024-08-29T12:17:54.886049,interface,0.7086614173228346,0.6280873353028549,0.7480314960629921,0.13385826771653545,0.0,0.41732283464566927,0.2440944881889764,0.7716535433070866
2024-08-29T12:17:54.952085,interface,0.6929133858267716,0.6280873353028549,0.7480314960629921,0.13385826771653545,0.0,0.41732283464566927,0.2440944881889764,0.7716535433070866
2024-08-29T12:17:55.022188,interface,0.7086614173228346,0.6280873353028549,0.7480314960629921,0.13385826771653545,0.0,0.41732283464566927,0.2440944881889764,0.7716535433070866
2024-08-29T12:17:55.023371,interface,0.7165354330708661,0.6280873353028549,0.7480314960629921,0.13385826771653545,0.0,0.41732283464566927,0.2440944881889764,0.7716535433070866
2024-08-29T12:17:55.061144,interface,0.7007874015748031,0.6280873353028549,0.7480314960629921,0.13385826771653545,0.0,0.41732283464566927,0.2440944881889764,0.7716535433070866
2024-08-29T12:17:55.083453,interface,0.6929133858267716,0.6280873353028549,0.7480314960629921,0.13385826771653545,0.0,0.41732283464566927,0.2440944881889764,0.7716535433070866
2024-08-29T12:17:55.159737,interface,0.6771653543307087,0.6280873353028549,0.7480314960629921,0.13385826771653545,0.0,0.41732283464566927,0.2440944881889764,0.7716535433070866
2024-08-29T12:17:55.223724,interface,0.7007874015748031,0.6280873353028549,0.7480314960629921,0.13385826771653545,0.0,0.41732283464566927,0.2440944881889764,0.7716535433070866
2024-08-29T12:17:55.224873,interface,0.6850393700787402,0.6280873353028549,0.7480314960629921,0.13385826771653545,0.0,0.41732283464566927,0.2440944881889764,0.7716535433070866
2024-08-29T12:17:55.282289,interface,0.6692913385826772,0.6280873353028549,0.7480314960629921,0.13385826771653545,0.0,0.41732283464566927,0.2440944881889764,0.7716535433070866
2024-08-29T12:17:55.366216,interface,0.6614173228346457,0.6280873353028549,0.7480314960629921,0.13385826771653545,0.0,0.41732283464566927,0.2440944881889764,0.7716535433070866
2024-08-29T12:17:59.587059,interface,0.6771653543307087,0.6280873353028549,0.7480314960629921,0.13385826771653545,0.0,0.41732283464566927,0.2440944881889764,0.7716535433070866
2024-08-29T12:17:59.588516,interface,0.6929133858267716,0.6280873353028549,0.7480314960629921,0.13385826771653545,0.0,0.41732283464566927,0.2440944881889764,0.7716535433070866
2024-08-29T12:18:04.204447,interface,0.8110236220472441,0.6280873353028549,0.7480314960629921,0.13385826771653545,0.0,0.41732283464566927,0.2440944881889764,0.7716535433070866
2024-08-29T12:18:04.207966,interface,0.7716535433070866,0.6280873353028549,0.7480314960629921,0.13385826771653545,0.0,0.41732283464566927,0.2440944881889764,0.7716535433070866
2024-08-29T12:18:04.335077,interface,0.7244094488188977,0.6280873353028549,0.7480314960629921,0.13385826771653545,0.0,0.41732283464566927,0.2440944881889764,0.7716535433070866
2024-08-29T12:18:04.484432,interface,0.7559055118110236,0.6280873353028549,0.7480314960629921,0.13385826771653545,0.0,0.41732283464566927,0.2440944881889764,0.7716535433070866
2024-08-29T12:18:04.627455,interface,0.7165354330708661,0.6280873353028549,0.7480314960629921,0.13385826771653545,0.0,0.41732283464566927,0.2440944881889764,0.7716535433070866
2024-08-29T12:18:05.507191,interface,0.7165354330708661,0.6280873353028549,0.7480314960629921,0.4094488188976378,0.0,0.41732283464566927,0.2440944881889764,0.7716535433070866
2024-08-29T12:18:05.568561,interface,0.7165354330708661,0.6280873353028549,0.7480314960629921,0.36220472440944884,0.0,0.41732283464566927,0.2440944881889764,0.7716535433070866
2024-08-29T12:18:05.650953,interface,0.7165354330708661,0.6280873353028549,0.7480314960629921,0.31496062992125984,0.0,0.41732283464566927,0.2440944881889764,0.7716535433070866
2024-08-29T12:18:06.039995,interface,0.7165354330708661,0.6280873353028549,0.7480314960629921,0.31496062992125984,0.49606299212598426,0.41732283464566927,0.2440944881889764,0.7716535433070866
2024-08-29T12:18:06.080938,interface,0.7165354330708661,0.6280873353028549,0.7480314960629921,0.31496062992125984,0.5039370078740157,0.41732283464566927,0.2440944881889764,0.7716535433070866
2024-08-29T12:18:06.100932,interface,0.7165354330708661,0.6280873353028549,0.7480314960629921,0.31496062992125984,0.5118110236220472,0.41732283464566927,0.2440944881889764,0.7716535433070866
2024-08-29T12:18:06.141916,interface,0.7165354330708661,0.6280873353028549,0.7480314960629921,0.31496062992125984,0.5196850393700787,0.41732283464566927,0.2440944881889764,0.7716535433070866
2024-08-29T12:18:06.346747,interface,0.7165354330708661,0.6280873353028549,0.7480314960629921,0.31496062992125984,0.5354330708661418,0.41732283464566927,0.2440944881889764,0.7716535433070866
2024-08-29T12:18:06.408340,interface,0.7165354330708661,0.6280873353028549,0.7480314960629921,0.31496062992125984,0.5433070866141733,0.41732283464566927,0.2440944881889764,0.7716535433070866
2024-08-29T12:18:06.471009,interface,0.7165354330708661,0.6280873353028549,0.7480314960629921,0.31496062992125984,0.5354330708661418,0.41732283464566927,0.2440944881889764,0.7716535433070866
2024-08-29T12:18:06.491681,interface,0.7165354330708661,0.6280873353028549,0.7480314960629921,0.31496062992125984,0.5275590551181102,0.41732283464566927,0.2440944881889764,0.7716535433070866
2024-08-29T12:18:06.511764,interface,0.7165354330708661,0.6280873353028549,0.7480314960629921,0.31496062992125984,0.5196850393700787,0.41732283464566927,0.2440944881889764,0.7716535433070866
2024-08-29T12:18:06.512986,interface,0.7165354330708661,0.6280873353028549,0.7480314960629921,0.31496062992125984,0.5118110236220472,0.41732283464566927,0.2440944881889764,0.7716535433070866
2024-08-29T12:18:06.532422,interface,0.7165354330708661,0.6280873353028549,0.7480314960629921,0.31496062992125984,0.5039370078740157,0.41732283464566927,0.2440944881889764,0.7716535433070866
2024-08-29T12:18:06.533949,interface,0.7165354330708661,0.6280873353028549,0.7480314960629921,0.31496062992125984,0.49606299212598426,0.41732283464566927,0.2440944881889764,0.7716535433070866
2024-08-29T12:18:06.535069,interface,0.7165354330708661,0.6280873353028549,0.7480314960629921,0.31496062992125984,0.4881889763779528,0.41732283464566927,0.2440944881889764,0.7716535433070866
2024-08-29T12:18:06.536216,interface,0.7165354330708661,0.6280873353028549,0.7480314960629921,0.31496062992125984,0.48031496062992124,0.41732283464566927,0.2440944881889764,0.7716535433070866
2024-08-29T12:18:06.537232,interface,0.7165354330708661,0.6280873353028549,0.7480314960629921,0.31496062992125984,0.47244094488188976,0.41732283464566927,0.2440944881889764,0.7716535433070866
2024-08-29T12:18:06.553974,interface,0.7165354330708661,0.6280873353028549,0.7480314960629921,0.31496062992125984,0.4645669291338583,0.41732283464566927,0.2440944881889764,0.7716535433070866
2024-08-29T12:18:06.555199,interface,0.7165354330708661,0.6280873353028549,0.7480314960629921,0.31496062992125984,0.4566929133858268,0.41732283464566927,0.2440944881889764,0.7716535433070866
2024-08-29T12:18:06.556323,interface,0.7165354330708661,0.6280873353028549,0.7480314960629921,0.31496062992125984,0.44881889763779526,0.41732283464566927,0.2440944881889764,0.7716535433070866
2024-08-29T12:18:06.557338,interface,0.7165354330708661,0.6280873353028549,0.7480314960629921,0.31496062992125984,0.4409448818897638,0.41732283464566927,0.2440944881889764,0.7716535433070866
2024-08-29T12:18:06.574097,interface,0.7165354330708661,0.6280873353028549,0.7480314960629921,0.31496062992125984,0.4330708661417323,0.41732283464566927,0.2440944881889764,0.7716535433070866
2024-08-29T12:18:06.575304,interface,0.7165354330708661,0.6280873353028549,0.7480314960629921,0.31496062992125984,0.4251968503937008,0.41732283464566927,0.2440944881889764,0.7716535433070866
2024-08-29T12:18:06.576620,interface,0.7165354330708661,0.6280873353028549,0.7480314960629921,0.31496062992125984,0.41732283464566927,0.41732283464566927,0.2440944881889764,0.7716535433070866
2024-08-29T12:18:06.577656,interface,0.7165354330708661,0.6280873353028549,0.7480314960629921,0.31496062992125984,0.4094488188976378,0.41732283464566927,0.2440944881889764,0.7716535433070866
2024-08-29T12:18:06.578684,interface,0.7165354330708661,0.6280873353028549,0.7480314960629921,0.31496062992125984,0.4015748031496063,0.41732283464566927,0.2440944881889764,0.7716535433070866
2024-08-29T12:18:06.594656,interface,0.7165354330708661,0.6280873353028549,0.7480314960629921,0.31496062992125984,0.3937007874015748,0.41732283464566927,0.2440944881889764,0.7716535433070866
2024-08-29T12:18:06.614523,interface,0.7165354330708661,0.6280873353028549,0.7480314960629921,0.31496062992125984,0.3858267716535433,0.41732283464566927,0.2440944881889764,0.7716535433070866
2024-08-29T12:18:06.799255,interface,0.7165354330708661,0.6280873353028549,0.7480314960629921,0.31496062992125984,0.3858267716535433,0.3937007874015748,0.2440944881889764,0.7716535433070866
2024-08-29T12:18:06.818320,interface,0.7165354330708661,0.6280873353028549,0.7480314960629921,0.31496062992125984,0.3858267716535433,0.33858267716535434,0.2440944881889764,0.7716535433070866
2024-08-29T12:18:06.859421,interface,0.7165354330708661,0.6280873353028549,0.7480314960629921,0.31496062992125984,0.3858267716535433,0.3464566929133858,0.2440944881889764,0.7716535433070866
2024-08-29T12:18:06.860588,interface,0.7165354330708661,0.6280873353028549,0.7480314960629921,0.31496062992125984,0.3858267716535433,0.3543307086614173,0.2440944881889764,0.7716535433070866
2024-08-29T12:18:06.880870,interface,0.7165354330708661,0.6280873353028549,0.7480314960629921,0.31496062992125984,0.3858267716535433,0.36220472440944884,0.2440944881889764,0.7716535433070866
2024-08-29T12:18:06.900857,interface,0.7165354330708661,0.6280873353028549,0.7480314960629921,0.31496062992125984,0.3858267716535433,0.3700787401574803,0.2440944881889764,0.7716535433070866
2024-08-29T12:18:07.064096,interface,0.7165354330708661,0.6280873353028549,0.7480314960629921,0.31496062992125984,0.3858267716535433,0.3543307086614173,0.2440944881889764,0.7716535433070866
2024-08-29T12:18:07.106092,interface,0.7165354330708661,0.6280873353028549,0.7480314960629921,0.31496062992125984,0.3858267716535433,0.36220472440944884,0.2440944881889764,0.7716535433070866
2024-08-29T12:18:07.125569,interface,0.7165354330708661,0.6280873353028549,0.7480314960629921,0.31496062992125984,0.3858267716535433,0.3700787401574803,0.2440944881889764,0.7716535433070866
2024-08-29T12:18:07.126964,interface,0.7165354330708661,0.6280873353028549,0.7480314960629921,0.31496062992125984,0.3858267716535433,0.3779527559055118,0.2440944881889764,0.7716535433070866
2024-08-29T12:18:07.128091,interface,0.7165354330708661,0.6280873353028549,0.7480314960629921,0.31496062992125984,0.3858267716535433,0.3858267716535433,0.2440944881889764,0.7716535433070866
2024-08-29T12:18:07.129124,interface,0.7165354330708661,0.6280873353028549,0.7480314960629921,0.31496062992125984,0.3858267716535433,0.3937007874015748,0.2440944881889764,0.7716535433070866
2024-08-29T12:18:07.146236,interface,0.7165354330708661,0.6280873353028549,0.7480314960629921,0.31496062992125984,0.3858267716535433,0.4015748031496063,0.2440944881889764,0.7716535433070866
2024-08-29T12:18:07.147422,interface,0.7165354330708661,0.6280873353028549,0.7480314960629921,0.31496062992125984,0.3858267716535433,0.4094488188976378,0.2440944881889764,0.7716535433070866
2024-08-29T12:18:07.412168,interface,0.7165354330708661,0.6280873353028549,0.7480314960629921,0.31496062992125984,0.3858267716535433,0.4094488188976378,0.33070866141732286,0.7716535433070866
2024-08-29T12:18:07.432867,interface,0.7165354330708661,0.6280873353028549,0.7480314960629921,0.31496062992125984,0.5433070866141733,0.4094488188976378,0.33070866141732286,0.7716535433070866
2024-08-29T12:18:07.434008,interface,0.7165354330708661,0.6280873353028549,0.7480314960629921,0.31496062992125984,0.5433070866141733,0.4094488188976378,0.33858267716535434,0.7716535433070866
2024-08-29T12:18:07.454119,interface,0.7165354330708661,0.6280873353028549,0.7480314960629921,0.31496062992125984,0.5433070866141733,0.4094488188976378,0.3464566929133858,0.7716535433070866
2024-08-29T12:18:07.455463,interface,0.7165354330708661,0.6280873353028549,0.7480314960629921,0.31496062992125984,0.5433070866141733,0.4094488188976378,0.3543307086614173,0.7716535433070866
2024-08-29T12:18:07.456578,interface,0.7165354330708661,0.6280873353028549,0.7480314960629921,0.31496062992125984,0.5433070866141733,0.4094488188976378,0.36220472440944884,0.7716535433070866
2024-08-29T12:18:07.457582,interface,0.7165354330708661,0.6280873353028549,0.7480314960629921,0.31496062992125984,0.5433070866141733,0.4094488188976378,0.3700787401574803,0.7716535433070866
2024-08-29T12:18:07.474752,interface,0.7165354330708661,0.6280873353028549,0.7480314960629921,0.31496062992125984,0.5433070866141733,0.4094488188976378,0.3779527559055118,0.7716535433070866
2024-08-29T12:18:07.476268,interface,0.7165354330708661,0.6280873353028549,0.7480314960629921,0.31496062992125984,0.5433070866141733,0.4094488188976378,0.3858267716535433,0.7716535433070866
2024-08-29T12:18:07.477386,interface,0.7165354330708661,0.6280873353028549,0.7480314960629921,0.31496062992125984,0.5433070866141733,0.4094488188976378,0.3937007874015748,0.7716535433070866
2024-08-29T12:18:07.478383,interface,0.7165354330708661,0.6280873353028549,0.7480314960629921,0.31496062992125984,0.5433070866141733,0.4094488188976378,0.4015748031496063,0.7716535433070866
2024-08-29T12:18:07.479403,interface,0.7165354330708661,0.6280873353028549,0.7480314960629921,0.31496062992125984,0.5433070866141733,0.4094488188976378,0.4094488188976378,0.7716535433070866
2024-08-29T12:18:07.495382,interface,0.7165354330708661,0.6280873353028549,0.7480314960629921,0.31496062992125984,0.5433070866141733,0.4094488188976378,0.41732283464566927,0.7716535433070866
2024-08-29T12:18:07.496795,interface,0.7165354330708661,0.6280873353028549,0.7480314960629921,0.31496062992125984,0.5433070866141733,0.4094488188976378,0.4251968503937008,0.7716535433070866
2024-08-29T12:18:07.497975,interface,0.7165354330708661,0.6280873353028549,0.7480314960629921,0.31496062992125984,0.5433070866141733,0.4094488188976378,0.4330708661417323,0.7716535433070866
2024-08-29T12:18:07.498993,interface,0.7165354330708661,0.6280873353028549,0.7480314960629921,0.31496062992125984,0.5433070866141733,0.4094488188976378,0.4409448818897638,0.7716535433070866
2024-08-29T12:18:07.500100,interface,0.7165354330708661,0.6280873353028549,0.7480314960629921,0.31496062992125984,0.5433070866141733,0.4094488188976378,0.44881889763779526,0.7716535433070866
2024-08-29T12:18:07.510885,interface,0.7165354330708661,0.6280873353028549,0.7480314960629921,0.31496062992125984,0.5433070866141733,0.4094488188976378,0.4566929133858268,0.7716535433070866
2024-08-29T12:18:07.535231,interface,0.7165354330708661,0.6280873353028549,0.7480314960629921,0.31496062992125984,0.5433070866141733,0.4094488188976378,0.4645669291338583,0.7716535433070866
2024-08-29T12:18:07.536740,interface,0.7165354330708661,0.6280873353028549,0.7480314960629921,0.31496062992125984,0.5433070866141733,0.4094488188976378,0.47244094488188976,0.7716535433070866
2024-08-29T12:18:07.537822,interface,0.7165354330708661,0.6280873353028549,0.7480314960629921,0.31496062992125984,0.5433070866141733,0.4094488188976378,0.48031496062992124,0.7716535433070866
2024-08-29T12:18:07.538828,interface,0.7165354330708661,0.6280873353028549,0.7480314960629921,0.31496062992125984,0.5433070866141733,0.4094488188976378,0.4881889763779528,0.7716535433070866
2024-08-29T12:18:07.555791,interface,0.7165354330708661,0.6280873353028549,0.7480314960629921,0.31496062992125984,0.5433070866141733,0.4094488188976378,0.49606299212598426,0.7716535433070866
2024-08-29T12:18:07.556943,interface,0.7165354330708661,0.6280873353028549,0.7480314960629921,0.31496062992125984,0.5433070866141733,0.4094488188976378,0.5039370078740157,0.7716535433070866
2024-08-29T12:18:07.576907,interface,0.7165354330708661,0.6280873353028549,0.7480314960629921,0.31496062992125984,0.5433070866141733,0.4094488188976378,0.5118110236220472,0.7716535433070866
2024-08-29T12:18:07.617183,interface,0.7165354330708661,0.6280873353028549,0.7480314960629921,0.31496062992125984,0.5433070866141733,0.4094488188976378,0.5196850393700787,0.7716535433070866
2024-08-29T12:18:07.679840,interface,0.7165354330708661,0.6280873353028549,0.7480314960629921,0.31496062992125984,0.5433070866141733,0.4094488188976378,0.5275590551181102,0.7716535433070866
2024-08-29T12:18:07.700224,interface,0.7165354330708661,0.6280873353028549,0.7480314960629921,0.31496062992125984,0.5433070866141733,0.4094488188976378,0.5354330708661418,0.7716535433070866
2024-08-29T12:18:07.722563,interface,0.7165354330708661,0.6280873353028549,0.7480314960629921,0.31496062992125984,0.5433070866141733,0.4094488188976378,0.5433070866141733,0.7716535433070866
2024-08-29T12:18:07.723748,interface,0.7165354330708661,0.6280873353028549,0.7480314960629921,0.31496062992125984,0.5433070866141733,0.4094488188976378,0.5511811023622047,0.7716535433070866
2024-08-29T12:18:07.741576,interface,0.7165354330708661,0.6280873353028549,0.7480314960629921,0.31496062992125984,0.5433070866141733,0.4094488188976378,0.5590551181102362,0.7716535433070866
2024-08-29T12:18:07.743155,interface,0.7165354330708661,0.6280873353028549,0.7480314960629921,0.31496062992125984,0.5433070866141733,0.4094488188976378,0.5669291338582677,0.7716535433070866
2024-08-29T12:18:07.744404,interface,0.7165354330708661,0.6280873353028549,0.7480314960629921,0.31496062992125984,0.5433070866141733,0.4094488188976378,0.5748031496062992,0.7716535433070866
2024-08-29T12:18:07.745431,interface,0.7165354330708661,0.6280873353028549,0.7480314960629921,0.31496062992125984,0.5433070866141733,0.4094488188976378,0.5826771653543307,0.7716535433070866
2024-08-29T12:18:07.762013,interface,0.7165354330708661,0.6280873353028549,0.7480314960629921,0.31496062992125984,0.5433070866141733,0.4094488188976378,0.5905511811023622,0.7716535433070866
2024-08-29T12:18:07.763514,interface,0.7165354330708661,0.6280873353028549,0.7480314960629921,0.31496062992125984,0.5433070866141733,0.4094488188976378,0.5984251968503937,0.7716535433070866
2024-08-29T12:18:07.764645,interface,0.7165354330708661,0.6280873353028549,0.7480314960629921,0.31496062992125984,0.5433070866141733,0.4094488188976378,0.6062992125984252,0.7716535433070866
2024-08-29T12:18:07.765667,interface,0.7165354330708661,0.6280873353028549,0.7480314960629921,0.31496062992125984,0.5433070866141733,0.4094488188976378,0.6141732283464567,0.7716535433070866
2024-08-29T12:18:07.766653,interface,0.7165354330708661,0.6280873353028549,0.7480314960629921,0.31496062992125984,0.5433070866141733,0.4094488188976378,0.6220472440944882,0.7716535433070866
2024-08-29T12:18:07.782494,interface,0.7165354330708661,0.6280873353028549,0.7480314960629921,0.31496062992125984,0.5433070866141733,0.4094488188976378,0.6299212598425197,0.7716535433070866
2024-08-29T12:18:07.802210,interface,0.7165354330708661,0.6280873353028549,0.7480314960629921,0.31496062992125984,0.5433070866141733,0.4094488188976378,0.6377952755905512,0.7716535433070866
2024-08-29T12:18:07.803399,interface,0.7165354330708661,0.6280873353028549,0.7480314960629921,0.31496062992125984,0.5433070866141733,0.4094488188976378,0.6456692913385826,0.7716535433070866
2024-08-29T12:18:07.823200,interface,0.7165354330708661,0.6280873353028549,0.7480314960629921,0.31496062992125984,0.5433070866141733,0.4094488188976378,0.6535433070866141,0.7716535433070866
2024-08-29T12:18:07.843749,interface,0.7165354330708661,0.6280873353028549,0.7480314960629921,0.31496062992125984,0.5433070866141733,0.4094488188976378,0.6614173228346457,0.7716535433070866
2024-08-29T12:18:07.924551,interface,0.7165354330708661,0.6280873353028549,0.7480314960629921,0.31496062992125984,0.5433070866141733,0.25984251968503935,0.6614173228346457,0.7716535433070866
2024-08-29T12:18:07.986451,interface,0.7165354330708661,0.6280873353028549,0.7480314960629921,0.31496062992125984,0.5433070866141733,0.2677165354330709,0.6614173228346457,0.7716535433070866
2024-08-29T12:18:08.006919,interface,0.7165354330708661,0.6280873353028549,0.7480314960629921,0.31496062992125984,0.5433070866141733,0.2755905511811024,0.6614173228346457,0.7716535433070866
2024-08-29T12:18:08.008152,interface,0.7165354330708661,0.6280873353028549,0.7480314960629921,0.31496062992125984,0.5433070866141733,0.28346456692913385,0.6614173228346457,0.7716535433070866
2024-08-29T12:18:08.190894,interface,0.7165354330708661,0.6280873353028549,0.7480314960629921,0.31496062992125984,0.5433070866141733,0.25984251968503935,0.6614173228346457,0.7716535433070866
2024-08-29T12:18:08.657994,interface,0.7165354330708661,0.6280873353028549,0.7480314960629921,0.31496062992125984,0.5433070866141733,0.007874015748031496,0.6614173228346457,0.7716535433070866
2024-08-29T12:18:09.167452,interface,0.7165354330708661,0.6280873353028549,0.7480314960629921,0.31496062992125984,0.5433070866141733,0.007874015748031496,0.6614173228346457,0.7716535433070866
2024-08-29T12:18:09.177583,interface,0.7007874015748031,0.6280873353028549,0.7480314960629921,0.31496062992125984,0.5433070866141733,0.007874015748031496,0.6614173228346457,0.7716535433070866
2024-08-29T12:18:09.412097,interface,0.84251968503937,0.6280873353028549,0.7480314960629921,0.31496062992125984,0.5433070866141733,0.007874015748031496,0.6614173228346457,0.7716535433070866
2024-08-29T12:18:09.991381,interface,0.7244094488188977,0.6280873353028549,0.7480314960629921,0.31496062992125984,0.5433070866141733,0.007874015748031496,0.6614173228346457,0.7716535433070866
2024-08-29T12:18:10.113897,interface,0.7716535433070866,0.6280873353028549,0.7480314960629921,0.31496062992125984,0.5433070866141733,0.007874015748031496,0.6614173228346457,0.7716535433070866
2024-08-29T12:18:10.125377,interface,0.84251968503937,0.6280873353028549,0.7480314960629921,0.31496062992125984,0.5433070866141733,0.007874015748031496,0.6614173228346457,0.7716535433070866
2024-08-29T12:18:10.204781,interface,0.7244094488188977,0.6280873353028549,0.7480314960629921,0.31496062992125984,0.5433070866141733,0.007874015748031496,0.6614173228346457,0.7716535433070866
2024-08-29T12:18:10.273207,interface,0.84251968503937,0.6280873353028549,0.7480314960629921,0.31496062992125984,0.5433070866141733,0.007874015748031496,0.6614173228346457,0.7716535433070866
2024-08-29T12:18:10.303261,interface,0.7716535433070866,0.6280873353028549,0.7480314960629921,0.31496062992125984,0.5433070866141733,0.007874015748031496,0.6614173228346457,0.7716535433070866
2024-08-29T12:18:10.367373,interface,0.7244094488188977,0.6280873353028549,0.7480314960629921,0.31496062992125984,0.5433070866141733,0.007874015748031496,0.6614173228346457,0.7716535433070866
2024-08-29T12:18:10.443564,interface,0.7716535433070866,0.6280873353028549,0.7480314960629921,0.31496062992125984,0.5433070866141733,0.007874015748031496,0.6614173228346457,0.7716535433070866
2024-08-29T12:18:10.466335,interface,0.84251968503937,0.6280873353028549,0.7480314960629921,0.31496062992125984,0.5433070866141733,0.007874015748031496,0.6614173228346457,0.7716535433070866
2024-08-29T12:18:10.516131,interface,0.7244094488188977,0.6280873353028549,0.7480314960629921,0.31496062992125984,0.5433070866141733,0.007874015748031496,0.6614173228346457,0.7716535433070866
2024-08-29T12:18:10.619701,interface,0.7716535433070866,0.6280873353028549,0.7480314960629921,0.31496062992125984,0.5433070866141733,0.007874015748031496,0.6614173228346457,0.7716535433070866
2024-08-29T12:18:10.674081,interface,0.7244094488188977,0.6280873353028549,0.7480314960629921,0.31496062992125984,0.5433070866141733,0.007874015748031496,0.6614173228346457,0.7716535433070866
2024-08-29T12:18:10.719435,interface,0.84251968503937,0.6280873353028549,0.7480314960629921,0.31496062992125984,0.5433070866141733,0.007874015748031496,0.6614173228346457,0.7716535433070866
2024-08-29T12:18:10.755680,interface,0.7716535433070866,0.6280873353028549,0.7480314960629921,0.31496062992125984,0.5433070866141733,0.007874015748031496,0.6614173228346457,0.7716535433070866
2024-08-29T12:18:10.826744,interface,0.7244094488188977,0.6280873353028549,0.7480314960629921,0.31496062992125984,0.5433070866141733,0.007874015748031496,0.6614173228346457,0.7716535433070866
2024-08-29T12:18:10.869382,interface,0.84251968503937,0.6280873353028549,0.7480314960629921,0.31496062992125984,0.5433070866141733,0.007874015748031496,0.6614173228346457,0.7716535433070866
2024-08-29T12:18:10.901224,interface,0.7716535433070866,0.6280873353028549,0.7480314960629921,0.31496062992125984,0.5433070866141733,0.007874015748031496,0.6614173228346457,0.7716535433070866
2024-08-29T12:18:10.969141,interface,0.7244094488188977,0.6280873353028549,0.7480314960629921,0.31496062992125984,0.5433070866141733,0.007874015748031496,0.6614173228346457,0.7716535433070866
2024-08-29T12:18:11.021297,interface,0.84251968503937,0.6280873353028549,0.7480314960629921,0.31496062992125984,0.5433070866141733,0.007874015748031496,0.6614173228346457,0.7716535433070866
2024-08-29T12:18:11.045120,interface,0.7716535433070866,0.6280873353028549,0.7480314960629921,0.31496062992125984,0.5433070866141733,0.007874015748031496,0.6614173228346457,0.7716535433070866
2024-08-29T12:18:11.130311,interface,0.7244094488188977,0.6280873353028549,0.7480314960629921,0.31496062992125984,0.5433070866141733,0.007874015748031496,0.6614173228346457,0.7716535433070866
2024-08-29T12:18:11.299010,interface,0.7244094488188977,0.6280873353028549,0.7480314960629921,0.31496062992125984,0.5433070866141733,0.007874015748031496,0.6614173228346457,0.7716535433070866
2024-08-29T12:18:11.478519,interface,0.7244094488188977,0.6280873353028549,0.7480314960629921,0.31496062992125984,0.5433070866141733,0.007874015748031496,0.6614173228346457,0.7716535433070866
2024-08-29T12:18:11.674621,interface,0.7244094488188977,0.6280873353028549,0.7480314960629921,0.31496062992125984,0.5433070866141733,0.007874015748031496,0.6614173228346457,0.7716535433070866
2024-08-29T12:18:11.831217,interface,0.7244094488188977,0.6280873353028549,0.7480314960629921,0.31496062992125984,0.5433070866141733,0.007874015748031496,0.6614173228346457,0.7716535433070866
2024-08-29T12:18:11.984980,interface,0.7244094488188977,0.6280873353028549,0.7480314960629921,0.31496062992125984,0.5433070866141733,0.007874015748031496,0.6614173228346457,0.7716535433070866
2024-08-29T12:18:12.146964,interface,0.7244094488188977,0.6280873353028549,0.7480314960629921,0.31496062992125984,0.5433070866141733,0.007874015748031496,0.6614173228346457,0.7716535433070866
2024-08-29T12:18:12.313292,interface,0.7244094488188977,0.6280873353028549,0.7480314960629921,0.31496062992125984,0.5433070866141733,0.007874015748031496,0.6614173228346457,0.7716535433070866
2024-08-29T12:18:12.655413,interface,0.7244094488188977,0.6280873353028549,0.7480314960629921,0.31496062992125984,0.5433070866141733,0.007874015748031496,0.6614173228346457,0.7716535433070866
2024-08-29T12:18:12.868861,interface,0.7244094488188977,0.6280873353028549,0.7480314960629921,0.31496062992125984,0.5433070866141733,0.007874015748031496,0.6614173228346457,0.7716535433070866
2024-08-29T12:18:13.118859,interface,0.7244094488188977,0.6280873353028549,0.7480314960629921,0.31496062992125984,0.5433070866141733,0.007874015748031496,0.6614173228346457,0.7716535433070866
2024-08-29T12:18:13.323387,interface,0.7244094488188977,0.6280873353028549,0.7480314960629921,0.31496062992125984,0.5433070866141733,0.007874015748031496,0.6614173228346457,0.7716535433070866
2024-08-29T12:18:13.561976,interface,0.7244094488188977,0.6280873353028549,0.7480314960629921,0.31496062992125984,0.5433070866141733,0.007874015748031496,0.6614173228346457,0.7716535433070866
2024-08-29T12:18:13.816019,interface,0.7244094488188977,0.6280873353028549,0.7480314960629921,0.31496062992125984,0.5433070866141733,0.007874015748031496,0.6614173228346457,0.7716535433070866
2024-08-29T12:18:14.078680,interface,0.7244094488188977,0.6280873353028549,0.7480314960629921,0.31496062992125984,0.5433070866141733,0.007874015748031496,0.6614173228346457,0.7716535433070866
2024-08-29T12:18:14.343984,interface,0.7244094488188977,0.6280873353028549,0.7480314960629921,0.31496062992125984,0.5433070866141733,0.007874015748031496,0.6614173228346457,0.7716535433070866
2024-08-29T12:18:14.574818,interface,0.7244094488188977,0.6280873353028549,0.7480314960629921,0.31496062992125984,0.5433070866141733,0.007874015748031496,0.6614173228346457,0.7716535433070866
2024-08-29T12:18:14.778057,interface,0.7244094488188977,0.6280873353028549,0.7480314960629921,0.31496062992125984,0.5433070866141733,0.007874015748031496,0.6614173228346457,0.7716535433070866
2024-08-29T12:18:14.906966,interface,0.7244094488188977,0.6280873353028549,0.7480314960629921,0.31496062992125984,0.5433070866141733,0.007874015748031496,0.6614173228346457,0.7716535433070866
2024-08-29T12:18:15.046400,interface,0.7244094488188977,0.6280873353028549,0.7480314960629921,0.31496062992125984,0.5433070866141733,0.007874015748031496,0.6614173228346457,0.7716535433070866
2024-08-29T12:18:15.210947,interface,0.7244094488188977,0.6280873353028549,0.7480314960629921,0.31496062992125984,0.5433070866141733,0.007874015748031496,0.6614173228346457,0.7716535433070866
2024-08-29T12:18:15.428967,interface,0.7244094488188977,0.6280873353028549,0.7480314960629921,0.31496062992125984,0.5433070866141733,0.007874015748031496,0.6614173228346457,0.7716535433070866
2024-08-29T12:18:15.572485,interface,0.7244094488188977,0.6280873353028549,0.7480314960629921,0.31496062992125984,0.5433070866141733,0.007874015748031496,0.6614173228346457,0.7716535433070866
2024-08-29T12:18:15.708557,interface,0.7244094488188977,0.6280873353028549,0.7480314960629921,0.31496062992125984,0.5433070866141733,0.007874015748031496,0.6614173228346457,0.7716535433070866
2024-08-29T12:18:15.875067,interface,0.7244094488188977,0.6280873353028549,0.7480314960629921,0.31496062992125984,0.5433070866141733,0.007874015748031496,0.6614173228346457,0.7716535433070866
2024-08-29T12:18:16.069067,interface,0.7244094488188977,0.6280873353028549,0.7480314960629921,0.31496062992125984,0.5433070866141733,0.007874015748031496,0.6614173228346457,0.7716535433070866
2024-08-29T12:18:16.226062,interface,0.7244094488188977,0.6280873353028549,0.7480314960629921,0.31496062992125984,0.5433070866141733,0.007874015748031496,0.6614173228346457,0.7716535433070866
2024-08-29T12:18:16.363222,interface,0.7244094488188977,0.6280873353028549,0.7480314960629921,0.31496062992125984,0.5433070866141733,0.007874015748031496,0.6614173228346457,0.7716535433070866
2024-08-29T12:18:16.504170,interface,0.7244094488188977,0.6280873353028549,0.7480314960629921,0.31496062992125984,0.5433070866141733,0.007874015748031496,0.6614173228346457,0.7716535433070866
2024-08-29T12:18:16.629856,interface,0.7322834645669292,0.6280873353028549,0.7480314960629921,0.31496062992125984,0.5433070866141733,0.007874015748031496,0.6614173228346457,0.7716535433070866
2024-08-29T12:18:16.763926,interface,0.7244094488188977,0.6280873353028549,0.7480314960629921,0.31496062992125984,0.5433070866141733,0.007874015748031496,0.6614173228346457,0.7716535433070866
2024-08-29T12:18:16.765085,interface,0.7322834645669292,0.6280873353028549,0.7480314960629921,0.31496062992125984,0.5433070866141733,0.007874015748031496,0.6614173228346457,0.7716535433070866
2024-08-29T12:18:16.820207,interface,0.7322834645669292,0.6280873353028549,0.7480314960629921,0.31496062992125984,0.5433070866141733,0.007874015748031496,0.6614173228346457,0.7716535433070866
2024-08-29T12:18:16.912481,interface,0.7244094488188977,0.6280873353028549,0.7480314960629921,0.31496062992125984,0.5433070866141733,0.007874015748031496,0.6614173228346457,0.7716535433070866
2024-08-29T12:18:16.913647,interface,0.7322834645669292,0.6280873353028549,0.7480314960629921,0.31496062992125984,0.5433070866141733,0.007874015748031496,0.6614173228346457,0.7716535433070866
2024-08-29T12:18:17.001595,interface,0.7322834645669292,0.6280873353028549,0.7480314960629921,0.31496062992125984,0.5433070866141733,0.007874015748031496,0.6614173228346457,0.7716535433070866
2024-08-29T12:18:17.067325,interface,0.7244094488188977,0.6280873353028549,0.7480314960629921,0.31496062992125984,0.5433070866141733,0.007874015748031496,0.6614173228346457,0.7716535433070866
2024-08-29T12:18:17.068483,interface,0.7322834645669292,0.6280873353028549,0.7480314960629921,0.31496062992125984,0.5433070866141733,0.007874015748031496,0.6614173228346457,0.7716535433070866
2024-08-29T12:18:17.161826,interface,0.7322834645669292,0.6280873353028549,0.7480314960629921,0.31496062992125984,0.5433070866141733,0.007874015748031496,0.6614173228346457,0.7716535433070866
2024-08-29T12:18:17.226228,interface,0.7244094488188977,0.6280873353028549,0.7480314960629921,0.31496062992125984,0.5433070866141733,0.007874015748031496,0.6614173228346457,0.7716535433070866
2024-08-29T12:18:17.320147,interface,0.7322834645669292,0.6280873353028549,0.7480314960629921,0.31496062992125984,0.5433070866141733,0.007874015748031496,0.6614173228346457,0.7716535433070866
2024-08-29T12:18:17.386076,interface,0.7244094488188977,0.6280873353028549,0.7480314960629921,0.31496062992125984,0.5433070866141733,0.007874015748031496,0.6614173228346457,0.7716535433070866
2024-08-29T12:18:17.485080,interface,0.7322834645669292,0.6280873353028549,0.7480314960629921,0.31496062992125984,0.5433070866141733,0.007874015748031496,0.6614173228346457,0.7716535433070866
2024-08-29T12:18:17.544510,interface,0.7244094488188977,0.6280873353028549,0.7480314960629921,0.31496062992125984,0.5433070866141733,0.007874015748031496,0.6614173228346457,0.7716535433070866
2024-08-29T12:18:17.648335,interface,0.7165354330708661,0.6280873353028549,0.7480314960629921,0.31496062992125984,0.5433070866141733,0.007874015748031496,0.6614173228346457,0.7716535433070866
2024-08-29T12:18:17.686920,interface,0.7244094488188977,0.6280873353028549,0.7480314960629921,0.31496062992125984,0.5433070866141733,0.007874015748031496,0.6614173228346457,0.7716535433070866
2024-08-29T12:18:17.810409,interface,0.7322834645669292,0.6280873353028549,0.7480314960629921,0.31496062992125984,0.5433070866141733,0.007874015748031496,0.6614173228346457,0.7716535433070866
2024-08-29T12:18:17.864386,interface,0.7244094488188977,0.6280873353028549,0.7480314960629921,0.31496062992125984,0.5433070866141733,0.007874015748031496,0.6614173228346457,0.7716535433070866
2024-08-29T12:18:17.982809,interface,0.7322834645669292,0.6280873353028549,0.7480314960629921,0.31496062992125984,0.5433070866141733,0.007874015748031496,0.6614173228346457,0.7716535433070866
2024-08-29T12:18:18.027418,interface,0.7244094488188977,0.6280873353028549,0.7480314960629921,0.31496062992125984,0.5433070866141733,0.007874015748031496,0.6614173228346457,0.7716535433070866
2024-08-29T12:18:18.131064,interface,0.7322834645669292,0.6280873353028549,0.7480314960629921,0.31496062992125984,0.5433070866141733,0.007874015748031496,0.6614173228346457,0.7716535433070866
2024-08-29T12:18:18.197618,interface,0.7244094488188977,0.6280873353028549,0.7480314960629921,0.31496062992125984,0.5433070866141733,0.007874015748031496,0.6614173228346457,0.7716535433070866
2024-08-29T12:18:18.295263,interface,0.7322834645669292,0.6280873353028549,0.7480314960629921,0.31496062992125984,0.5433070866141733,0.007874015748031496,0.6614173228346457,0.7716535433070866
2024-08-29T12:18:18.386307,interface,0.7244094488188977,0.6280873353028549,0.7480314960629921,0.31496062992125984,0.5433070866141733,0.007874015748031496,0.6614173228346457,0.7716535433070866
2024-08-29T12:18:18.463463,interface,0.7322834645669292,0.6280873353028549,0.7480314960629921,0.31496062992125984,0.5433070866141733,0.007874015748031496,0.6614173228346457,0.7716535433070866
2024-08-29T12:18:18.567019,interface,0.7244094488188977,0.6280873353028549,0.7480314960629921,0.31496062992125984,0.5433070866141733,0.007874015748031496,0.6614173228346457,0.7716535433070866
2024-08-29T12:18:18.634325,interface,0.7322834645669292,0.6280873353028549,0.7480314960629921,0.31496062992125984,0.5433070866141733,0.007874015748031496,0.6614173228346457,0.7716535433070866
2024-08-29T12:18:18.731397,interface,0.7244094488188977,0.6280873353028549,0.7480314960629921,0.31496062992125984,0.5433070866141733,0.007874015748031496,0.6614173228346457,0.7716535433070866
2024-08-29T12:18:18.849951,interface,0.7322834645669292,0.6280873353028549,0.7480314960629921,0.31496062992125984,0.5433070866141733,0.007874015748031496,0.6614173228346457,0.7716535433070866
2024-08-29T12:18:18.919666,interface,0.7244094488188977,0.6280873353028549,0.7480314960629921,0.31496062992125984,0.5433070866141733,0.007874015748031496,0.6614173228346457,0.7716535433070866
2024-08-29T12:18:18.985900,interface,0.7322834645669292,0.6280873353028549,0.7480314960629921,0.31496062992125984,0.5433070866141733,0.007874015748031496,0.6614173228346457,0.7716535433070866
2024-08-29T12:18:19.094720,interface,0.7244094488188977,0.6280873353028549,0.7480314960629921,0.31496062992125984,0.5433070866141733,0.007874015748031496,0.6614173228346457,0.7716535433070866
2024-08-29T12:18:19.192810,interface,0.7322834645669292,0.6280873353028549,0.7480314960629921,0.31496062992125984,0.5433070866141733,0.007874015748031496,0.6614173228346457,0.7716535433070866
2024-08-29T12:18:19.193956,interface,0.7165354330708661,0.6280873353028549,0.7480314960629921,0.31496062992125984,0.5433070866141733,0.007874015748031496,0.6614173228346457,0.7716535433070866
2024-08-29T12:18:19.268008,interface,0.7244094488188977,0.6280873353028549,0.7480314960629921,0.31496062992125984,0.5433070866141733,0.007874015748031496,0.6614173228346457,0.7716535433070866
2024-08-29T12:18:19.362442,interface,0.7165354330708661,0.6280873353028549,0.7480314960629921,0.31496062992125984,0.5433070866141733,0.007874015748031496,0.6614173228346457,0.7716535433070866
2024-08-29T12:18:19.437393,interface,0.7244094488188977,0.6280873353028549,0.7480314960629921,0.31496062992125984,0.5433070866141733,0.007874015748031496,0.6614173228346457,0.7716535433070866
2024-08-29T12:18:19.517568,interface,0.7165354330708661,0.6280873353028549,0.7480314960629921,0.31496062992125984,0.5433070866141733,0.007874015748031496,0.6614173228346457,0.7716535433070866
2024-08-29T12:18:19.603431,interface,0.7244094488188977,0.6280873353028549,0.7480314960629921,0.31496062992125984,0.5433070866141733,0.007874015748031496,0.6614173228346457,0.7716535433070866
2024-08-29T12:18:19.668309,interface,0.7322834645669292,0.6280873353028549,0.7480314960629921,0.31496062992125984,0.5433070866141733,0.007874015748031496,0.6614173228346457,0.7716535433070866
2024-08-29T12:18:19.671642,interface,0.7165354330708661,0.6280873353028549,0.7480314960629921,0.31496062992125984,0.5433070866141733,0.007874015748031496,0.6614173228346457,0.7716535433070866
2024-08-29T12:18:19.775242,interface,0.7244094488188977,0.6280873353028549,0.7480314960629921,0.31496062992125984,0.5433070866141733,0.007874015748031496,0.6614173228346457,0.7716535433070866
2024-08-29T12:18:19.790214,interface,0.7086614173228346,0.6280873353028549,0.7480314960629921,0.31496062992125984,0.5433070866141733,0.007874015748031496,0.6614173228346457,0.7716535433070866
2024-08-29T12:18:19.836658,interface,0.7322834645669292,0.6280873353028549,0.7480314960629921,0.31496062992125984,0.5433070866141733,0.007874015748031496,0.6614173228346457,0.7716535433070866
2024-08-29T12:18:19.837814,interface,0.7165354330708661,0.6280873353028549,0.7480314960629921,0.31496062992125984,0.5433070866141733,0.007874015748031496,0.6614173228346457,0.7716535433070866
2024-08-29T12:18:19.854669,interface,0.7480314960629921,0.6280873353028549,0.7480314960629921,0.31496062992125984,0.5433070866141733,0.007874015748031496,0.6614173228346457,0.7716535433070866
2024-08-29T12:18:19.932216,interface,0.7244094488188977,0.6280873353028549,0.7480314960629921,0.31496062992125984,0.5433070866141733,0.007874015748031496,0.6614173228346457,0.7716535433070866
2024-08-29T12:18:19.933359,interface,0.7086614173228346,0.6280873353028549,0.7480314960629921,0.31496062992125984,0.5433070866141733,0.007874015748031496,0.6614173228346457,0.7716535433070866
2024-08-29T12:18:20.015570,interface,0.7480314960629921,0.6280873353028549,0.7480314960629921,0.31496062992125984,0.5433070866141733,0.007874015748031496,0.6614173228346457,0.7716535433070866
2024-08-29T12:18:20.016809,interface,0.7322834645669292,0.6280873353028549,0.7480314960629921,0.31496062992125984,0.5433070866141733,0.007874015748031496,0.6614173228346457,0.7716535433070866
2024-08-29T12:18:20.020092,interface,0.7165354330708661,0.6280873353028549,0.7480314960629921,0.31496062992125984,0.5433070866141733,0.007874015748031496,0.6614173228346457,0.7716535433070866
2024-08-29T12:18:20.102864,interface,0.7086614173228346,0.6280873353028549,0.7480314960629921,0.31496062992125984,0.5433070866141733,0.007874015748031496,0.6614173228346457,0.7716535433070866
2024-08-29T12:18:20.104089,interface,0.7244094488188977,0.6280873353028549,0.7480314960629921,0.31496062992125984,0.5433070866141733,0.007874015748031496,0.6614173228346457,0.7716535433070866
2024-08-29T12:18:22.429986,interface,0.7401574803149606,0.6280873353028549,0.7480314960629921,0.31496062992125984,0.5433070866141733,0.007874015748031496,0.6614173228346457,0.7716535433070866
2024-08-29T12:18:22.874334,interface,0.6929133858267716,0.6280873353028549,0.7480314960629921,0.31496062992125984,0.5433070866141733,0.007874015748031496,0.6614173228346457,0.7716535433070866
2024-08-29T12:18:24.041727,interface,0.7559055118110236,0.6280873353028549,0.7480314960629921,0.31496062992125984,0.5433070866141733,0.007874015748031496,0.6614173228346457,0.7716535433070866
2024-08-29T12:18:24.043051,interface,0.7480314960629921,0.6280873353028549,0.7480314960629921,0.31496062992125984,0.5433070866141733,0.007874015748031496,0.6614173228346457,0.7716535433070866
2024-08-29T12:18:24.044196,interface,0.7322834645669292,0.6280873353028549,0.7480314960629921,0.31496062992125984,0.5433070866141733,0.007874015748031496,0.6614173228346457,0.7716535433070866
2024-08-29T12:18:24.047743,interface,0.7165354330708661,0.6280873353028549,0.7480314960629921,0.31496062992125984,0.5433070866141733,0.007874015748031496,0.6614173228346457,0.7716535433070866
2024-08-29T12:18:24.051030,interface,0.7716535433070866,0.6280873353028549,0.7480314960629921,0.31496062992125984,0.5433070866141733,0.007874015748031496,0.6614173228346457,0.7716535433070866
2024-08-29T12:18:24.210150,interface,0.7086614173228346,0.6280873353028549,0.7480314960629921,0.31496062992125984,0.5433070866141733,0.007874015748031496,0.6614173228346457,0.7716535433070866
2024-08-29T12:18:24.211333,interface,0.7244094488188977,0.6280873353028549,0.7480314960629921,0.31496062992125984,0.5433070866141733,0.007874015748031496,0.6614173228346457,0.7716535433070866
2024-08-29T12:18:24.214669,interface,0.7401574803149606,0.6280873353028549,0.7480314960629921,0.31496062992125984,0.5433070866141733,0.007874015748031496,0.6614173228346457,0.7716535433070866
2024-08-29T12:18:47.436957,interface,0.8267716535433071,0.6280873353028549,0.7480314960629921,0.31496062992125984,0.5433070866141733,0.007874015748031496,0.6614173228346457,0.7716535433070866
2024-08-29T12:18:47.438222,interface,0.8110236220472441,0.6280873353028549,0.7480314960629921,0.31496062992125984,0.5433070866141733,0.007874015748031496,0.6614173228346457,0.7716535433070866
2024-08-29T12:18:47.441729,interface,0.7952755905511811,0.6280873353028549,0.7480314960629921,0.31496062992125984,0.5433070866141733,0.007874015748031496,0.6614173228346457,0.7716535433070866
2024-08-29T12:18:47.705144,interface,0.8110236220472441,0.6280873353028549,0.7480314960629921,0.31496062992125984,0.5433070866141733,0.007874015748031496,0.6614173228346457,0.7716535433070866
2024-08-29T12:18:47.706310,interface,0.7874015748031497,0.6280873353028549,0.7480314960629921,0.31496062992125984,0.5433070866141733,0.007874015748031496,0.6614173228346457,0.7716535433070866
2024-08-29T12:18:47.709696,interface,0.8031496062992126,0.6280873353028549,0.7480314960629921,0.31496062992125984,0.5433070866141733,0.007874015748031496,0.6614173228346457,0.7716535433070866
2024-08-29T12:18:47.730149,interface,0.7952755905511811,0.6280873353028549,0.7480314960629921,0.31496062992125984,0.5433070866141733,0.007874015748031496,0.6614173228346457,0.7716535433070866
2024-08-29T12:18:47.979339,interface,0.8110236220472441,0.6280873353028549,0.7480314960629921,0.31496062992125984,0.5433070866141733,0.007874015748031496,0.6614173228346457,0.7716535433070866
2024-08-29T12:18:47.980633,interface,0.7952755905511811,0.6280873353028549,0.7480314960629921,0.31496062992125984,0.5433070866141733,0.007874015748031496,0.6614173228346457,0.7716535433070866
2024-08-29T12:18:47.981693,interface,0.7716535433070866,0.6280873353028549,0.7480314960629921,0.31496062992125984,0.5433070866141733,0.007874015748031496,0.6614173228346457,0.7716535433070866
2024-08-29T12:18:48.021221,interface,0.7874015748031497,0.6280873353028549,0.7480314960629921,0.31496062992125984,0.5433070866141733,0.007874015748031496,0.6614173228346457,0.7716535433070866
2024-08-29T12:18:48.291278,interface,0.7952755905511811,0.6280873353028549,0.7480314960629921,0.31496062992125984,0.5433070866141733,0.007874015748031496,0.6614173228346457,0.7716535433070866
2024-08-29T12:18:48.292719,interface,0.7716535433070866,0.6280873353028549,0.7480314960629921,0.31496062992125984,0.5433070866141733,0.007874015748031496,0.6614173228346457,0.7716535433070866
2024-08-29T12:18:48.293806,interface,0.7874015748031497,0.6280873353028549,0.7480314960629921,0.31496062992125984,0.5433070866141733,0.007874015748031496,0.6614173228346457,0.7716535433070866
2024-08-29T12:18:48.294794,interface,0.7559055118110236,0.6280873353028549,0.7480314960629921,0.31496062992125984,0.5433070866141733,0.007874015748031496,0.6614173228346457,0.7716535433070866
2024-08-29T12:18:48.564777,interface,0.7480314960629921,0.6280873353028549,0.7480314960629921,0.31496062992125984,0.5433070866141733,0.007874015748031496,0.6614173228346457,0.7716535433070866
2024-08-29T12:18:48.566135,interface,0.7716535433070866,0.6280873353028549,0.7480314960629921,0.31496062992125984,0.5433070866141733,0.007874015748031496,0.6614173228346457,0.7716535433070866
2024-08-29T12:18:48.567228,interface,0.7874015748031497,0.6280873353028549,0.7480314960629921,0.31496062992125984,0.5433070866141733,0.007874015748031496,0.6614173228346457,0.7716535433070866
2024-08-29T12:18:48.790467,interface,0.7716535433070866,0.6280873353028549,0.7480314960629921,0.31496062992125984,0.5433070866141733,0.007874015748031496,0.6614173228346457,0.7716535433070866
2024-08-29T12:18:48.791741,interface,0.7559055118110236,0.6280873353028549,0.7480314960629921,0.31496062992125984,0.5433070866141733,0.007874015748031496,0.6614173228346457,0.7716535433070866
2024-08-29T12:18:48.792816,interface,0.7874015748031497,0.6280873353028549,0.7480314960629921,0.31496062992125984,0.5433070866141733,0.007874015748031496,0.6614173228346457,0.7716535433070866
2024-08-29T12:18:50.174386,interface,0.7559055118110236,0.6280873353028549,0.7480314960629921,0.31496062992125984,0.5433070866141733,0.007874015748031496,0.6614173228346457,0.7716535433070866
2024-08-29T12:18:50.175682,interface,0.7480314960629921,0.6280873353028549,0.7480314960629921,0.31496062992125984,0.5433070866141733,0.007874015748031496,0.6614173228346457,0.7716535433070866
2024-08-29T12:18:50.337622,interface,0.8267716535433071,0.6280873353028549,0.7480314960629921,0.31496062992125984,0.5433070866141733,0.007874015748031496,0.6614173228346457,0.7716535433070866
2024-08-29T12:18:50.341227,interface,0.8188976377952756,0.6280873353028549,0.7480314960629921,0.31496062992125984,0.5433070866141733,0.007874015748031496,0.6614173228346457,0.7716535433070866
2024-08-29T12:18:50.459580,interface,0.7480314960629921,0.6280873353028549,0.7480314960629921,0.31496062992125984,0.5433070866141733,0.007874015748031496,0.6614173228346457,0.7716535433070866
2024-08-29T12:18:50.549250,interface,0.8267716535433071,0.6280873353028549,0.7480314960629921,0.31496062992125984,0.5433070866141733,0.007874015748031496,0.6614173228346457,0.7716535433070866
2024-08-29T12:18:50.550415,interface,0.8188976377952756,0.6280873353028549,0.7480314960629921,0.31496062992125984,0.5433070866141733,0.007874015748031496,0.6614173228346457,0.7716535433070866
2024-08-29T12:18:50.653815,interface,0.7480314960629921,0.6280873353028549,0.7480314960629921,0.31496062992125984,0.5433070866141733,0.007874015748031496,0.6614173228346457,0.7716535433070866
2024-08-29T12:18:50.743557,interface,0.8110236220472441,0.6280873353028549,0.7480314960629921,0.31496062992125984,0.5433070866141733,0.007874015748031496,0.6614173228346457,0.7716535433070866
2024-08-29T12:18:50.846957,interface,0.7480314960629921,0.6280873353028549,0.7480314960629921,0.31496062992125984,0.5433070866141733,0.007874015748031496,0.6614173228346457,0.7716535433070866
2024-08-29T12:18:50.929252,interface,0.8031496062992126,0.6280873353028549,0.7480314960629921,0.31496062992125984,0.5433070866141733,0.007874015748031496,0.6614173228346457,0.7716535433070866
2024-08-29T12:18:50.930409,interface,0.8110236220472441,0.6280873353028549,0.7480314960629921,0.31496062992125984,0.5433070866141733,0.007874015748031496,0.6614173228346457,0.7716535433070866
2024-08-29T12:18:50.998191,interface,0.7795275590551181,0.6280873353028549,0.7480314960629921,0.31496062992125984,0.5433070866141733,0.007874015748031496,0.6614173228346457,0.7716535433070866
2024-08-29T12:18:51.038916,interface,0.7480314960629921,0.6280873353028549,0.7480314960629921,0.31496062992125984,0.5433070866141733,0.007874015748031496,0.6614173228346457,0.7716535433070866
2024-08-29T12:18:51.106604,interface,0.7952755905511811,0.6280873353028549,0.7480314960629921,0.31496062992125984,0.5433070866141733,0.007874015748031496,0.6614173228346457,0.7716535433070866
2024-08-29T12:18:51.158176,interface,0.7795275590551181,0.6280873353028549,0.7480314960629921,0.31496062992125984,0.5433070866141733,0.007874015748031496,0.6614173228346457,0.7716535433070866
2024-08-29T12:18:51.219176,interface,0.7322834645669292,0.6280873353028549,0.7480314960629921,0.31496062992125984,0.5433070866141733,0.007874015748031496,0.6614173228346457,0.7716535433070866
2024-08-29T12:18:51.269207,interface,0.7952755905511811,0.6280873353028549,0.7480314960629921,0.31496062992125984,0.5433070866141733,0.007874015748031496,0.6614173228346457,0.7716535433070866
2024-08-29T12:18:51.330563,interface,0.7716535433070866,0.6280873353028549,0.7480314960629921,0.31496062992125984,0.5433070866141733,0.007874015748031496,0.6614173228346457,0.7716535433070866
2024-08-29T12:18:51.386881,interface,0.7322834645669292,0.6280873353028549,0.7480314960629921,0.31496062992125984,0.5433070866141733,0.007874015748031496,0.6614173228346457,0.7716535433070866
2024-08-29T12:18:51.439720,interface,0.7952755905511811,0.6280873353028549,0.7480314960629921,0.31496062992125984,0.5433070866141733,0.007874015748031496,0.6614173228346457,0.7716535433070866
2024-08-29T12:18:51.502270,interface,0.7716535433070866,0.6280873353028549,0.7480314960629921,0.31496062992125984,0.5433070866141733,0.007874015748031496,0.6614173228346457,0.7716535433070866
2024-08-29T12:18:51.538200,interface,0.7322834645669292,0.6280873353028549,0.7480314960629921,0.31496062992125984,0.5433070866141733,0.007874015748031496,0.6614173228346457,0.7716535433070866
2024-08-29T12:18:51.604203,interface,0.7952755905511811,0.6280873353028549,0.7480314960629921,0.31496062992125984,0.5433070866141733,0.007874015748031496,0.6614173228346457,0.7716535433070866
2024-08-29T12:18:51.666502,interface,0.7795275590551181,0.6280873353028549,0.7480314960629921,0.31496062992125984,0.5433070866141733,0.007874015748031496,0.6614173228346457,0.7716535433070866
2024-08-29T12:18:51.686006,interface,0.7322834645669292,0.6280873353028549,0.7480314960629921,0.31496062992125984,0.5433070866141733,0.007874015748031496,0.6614173228346457,0.7716535433070866
2024-08-29T12:18:51.767802,interface,0.7952755905511811,0.6280873353028549,0.7480314960629921,0.31496062992125984,0.5433070866141733,0.007874015748031496,0.6614173228346457,0.7716535433070866
2024-08-29T12:18:51.821054,interface,0.7795275590551181,0.6280873353028549,0.7480314960629921,0.31496062992125984,0.5433070866141733,0.007874015748031496,0.6614173228346457,0.7716535433070866
2024-08-29T12:18:51.863922,interface,0.7322834645669292,0.6280873353028549,0.7480314960629921,0.31496062992125984,0.5433070866141733,0.007874015748031496,0.6614173228346457,0.7716535433070866
2024-08-29T12:18:51.920013,interface,0.7952755905511811,0.6280873353028549,0.7480314960629921,0.31496062992125984,0.5433070866141733,0.007874015748031496,0.6614173228346457,0.7716535433070866
2024-08-29T12:18:51.983379,interface,0.7795275590551181,0.6280873353028549,0.7480314960629921,0.31496062992125984,0.5433070866141733,0.007874015748031496,0.6614173228346457,0.7716535433070866
2024-08-29T12:18:52.004503,interface,0.7322834645669292,0.6280873353028549,0.7480314960629921,0.31496062992125984,0.5433070866141733,0.007874015748031496,0.6614173228346457,0.7716535433070866
2024-08-29T12:18:52.076550,interface,0.7952755905511811,0.6280873353028549,0.7480314960629921,0.31496062992125984,0.5433070866141733,0.007874015748031496,0.6614173228346457,0.7716535433070866
2024-08-29T12:18:52.124068,interface,0.7795275590551181,0.6280873353028549,0.7480314960629921,0.31496062992125984,0.5433070866141733,0.007874015748031496,0.6614173228346457,0.7716535433070866
2024-08-29T12:18:52.161865,interface,0.7322834645669292,0.6280873353028549,0.7480314960629921,0.31496062992125984,0.5433070866141733,0.007874015748031496,0.6614173228346457,0.7716535433070866
2024-08-29T12:18:52.220835,interface,0.7952755905511811,0.6280873353028549,0.7480314960629921,0.31496062992125984,0.5433070866141733,0.007874015748031496,0.6614173228346457,0.7716535433070866
2024-08-29T12:18:52.280114,interface,0.7322834645669292,0.6280873353028549,0.7480314960629921,0.31496062992125984,0.5433070866141733,0.007874015748031496,0.6614173228346457,0.7716535433070866
2024-08-29T12:18:52.422921,interface,0.7874015748031497,0.6280873353028549,0.7480314960629921,0.31496062992125984,0.5433070866141733,0.007874015748031496,0.6614173228346457,0.7716535433070866
2024-08-29T12:18:52.424109,interface,0.7795275590551181,0.6280873353028549,0.7480314960629921,0.31496062992125984,0.5433070866141733,0.007874015748031496,0.6614173228346457,0.7716535433070866
2024-08-29T12:18:52.627385,interface,0.7874015748031497,0.6280873353028549,0.7480314960629921,0.31496062992125984,0.5433070866141733,0.007874015748031496,0.6614173228346457,0.7716535433070866
2024-08-29T12:18:52.628558,interface,0.7795275590551181,0.6280873353028549,0.7480314960629921,0.31496062992125984,0.5433070866141733,0.007874015748031496,0.6614173228346457,0.7716535433070866
2024-08-29T12:18:52.754618,interface,0.7165354330708661,0.6280873353028549,0.7480314960629921,0.31496062992125984,0.5433070866141733,0.007874015748031496,0.6614173228346457,0.7716535433070866
2024-08-29T12:18:52.858107,interface,0.7716535433070866,0.6280873353028549,0.7480314960629921,0.31496062992125984,0.5433070866141733,0.007874015748031496,0.6614173228346457,0.7716535433070866
2024-08-29T12:18:54.270418,interface,0.8503937007874016,0.6280873353028549,0.7480314960629921,0.31496062992125984,0.5433070866141733,0.007874015748031496,0.6614173228346457,0.7716535433070866
2024-08-29T12:18:54.896559,interface,0.7874015748031497,0.6280873353028549,0.7480314960629921,0.31496062992125984,0.5433070866141733,0.007874015748031496,0.6614173228346457,0.7716535433070866
2024-08-29T12:18:56.350999,interface,0.7322834645669292,0.6280873353028549,0.7480314960629921,0.31496062992125984,0.5433070866141733,0.007874015748031496,0.6614173228346457,0.7716535433070866
2024-08-29T12:18:56.421664,interface,0.7244094488188977,0.6280873353028549,0.7480314960629921,0.31496062992125984,0.5433070866141733,0.007874015748031496,0.6614173228346457,0.7716535433070866
2024-08-29T12:18:56.482006,interface,0.7322834645669292,0.6280873353028549,0.7480314960629921,0.31496062992125984,0.5433070866141733,0.007874015748031496,0.6614173228346457,0.7716535433070866
2024-08-29T12:18:56.552184,interface,0.7244094488188977,0.6280873353028549,0.7480314960629921,0.31496062992125984,0.5433070866141733,0.007874015748031496,0.6614173228346457,0.7716535433070866
2024-08-29T12:18:56.572787,interface,0.7165354330708661,0.6280873353028549,0.7480314960629921,0.31496062992125984,0.5433070866141733,0.007874015748031496,0.6614173228346457,0.7716535433070866
2024-08-29T12:18:56.616447,interface,0.7322834645669292,0.6280873353028549,0.7480314960629921,0.31496062992125984,0.5433070866141733,0.007874015748031496,0.6614173228346457,0.7716535433070866
2024-08-29T12:18:56.693569,interface,0.7244094488188977,0.6280873353028549,0.7480314960629921,0.31496062992125984,0.5433070866141733,0.007874015748031496,0.6614173228346457,0.7716535433070866
2024-08-29T12:18:56.708733,interface,0.7165354330708661,0.6280873353028549,0.7480314960629921,0.31496062992125984,0.5433070866141733,0.007874015748031496,0.6614173228346457,0.7716535433070866
2024-08-29T12:18:56.747920,interface,0.7322834645669292,0.6280873353028549,0.7480314960629921,0.31496062992125984,0.5433070866141733,0.007874015748031496,0.6614173228346457,0.7716535433070866
2024-08-29T12:18:56.822713,interface,0.7244094488188977,0.6280873353028549,0.7480314960629921,0.31496062992125984,0.5433070866141733,0.007874015748031496,0.6614173228346457,0.7716535433070866
2024-08-29T12:18:56.841895,interface,0.7165354330708661,0.6280873353028549,0.7480314960629921,0.31496062992125984,0.5433070866141733,0.007874015748031496,0.6614173228346457,0.7716535433070866
2024-08-29T12:18:56.896131,interface,0.7165354330708661,0.6280873353028549,0.7480314960629921,0.31496062992125984,0.5433070866141733,0.007874015748031496,0.6614173228346457,0.7716535433070866
2024-08-29T12:18:56.964736,interface,0.7165354330708661,0.6280873353028549,0.7480314960629921,0.31496062992125984,0.5433070866141733,0.007874015748031496,0.6614173228346457,0.7716535433070866
2024-08-29T12:18:57.038259,interface,0.7007874015748031,0.6280873353028549,0.7480314960629921,0.31496062992125984,0.5433070866141733,0.007874015748031496,0.6614173228346457,0.7716535433070866
2024-08-29T12:18:57.116797,interface,0.7007874015748031,0.6280873353028549,0.7480314960629921,0.31496062992125984,0.5433070866141733,0.007874015748031496,0.6614173228346457,0.7716535433070866
2024-08-29T12:18:57.169185,interface,0.6929133858267716,0.6280873353028549,0.7480314960629921,0.31496062992125984,0.5433070866141733,0.007874015748031496,0.6614173228346457,0.7716535433070866
2024-08-29T12:18:57.250797,interface,0.7007874015748031,0.6280873353028549,0.7480314960629921,0.31496062992125984,0.5433070866141733,0.007874015748031496,0.6614173228346457,0.7716535433070866
2024-08-29T12:18:57.309733,interface,0.6929133858267716,0.6280873353028549,0.7480314960629921,0.31496062992125984,0.5433070866141733,0.007874015748031496,0.6614173228346457,0.7716535433070866
2024-08-29T12:18:57.418581,interface,0.7086614173228346,0.6280873353028549,0.7480314960629921,0.31496062992125984,0.5433070866141733,0.007874015748031496,0.6614173228346457,0.7716535433070866
2024-08-29T12:18:57.484886,interface,0.7480314960629921,0.6280873353028549,0.7480314960629921,0.31496062992125984,0.5433070866141733,0.007874015748031496,0.6614173228346457,0.7716535433070866
2024-08-29T12:18:57.575347,interface,0.7559055118110236,0.6280873353028549,0.7480314960629921,0.31496062992125984,0.5433070866141733,0.007874015748031496,0.6614173228346457,0.7716535433070866
2024-08-29T12:18:57.601264,interface,0.7716535433070866,0.6280873353028549,0.7480314960629921,0.31496062992125984,0.5433070866141733,0.007874015748031496,0.6614173228346457,0.7716535433070866
2024-08-29T12:18:57.709950,interface,0.8110236220472441,0.6280873353028549,0.7480314960629921,0.31496062992125984,0.5433070866141733,0.007874015748031496,0.6614173228346457,0.7716535433070866
2024-08-29T12:18:57.845158,interface,0.84251968503937,0.6280873353028549,0.7480314960629921,0.31496062992125984,0.5433070866141733,0.007874015748031496,0.6614173228346457,0.7716535433070866
2024-08-29T12:18:57.967165,interface,0.8503937007874016,0.6280873353028549,0.7480314960629921,0.31496062992125984,0.5433070866141733,0.007874015748031496,0.6614173228346457,0.7716535433070866
2024-08-29T12:18:58.111875,interface,0.8346456692913385,0.6280873353028549,0.7480314960629921,0.31496062992125984,0.5433070866141733,0.007874015748031496,0.6614173228346457,0.7716535433070866
2024-08-29T12:18:58.145167,interface,0.8267716535433071,0.6280873353028549,0.7480314960629921,0.31496062992125984,0.5433070866141733,0.007874015748031496,0.6614173228346457,0.7716535433070866
2024-08-29T12:18:58.165353,interface,0.8188976377952756,0.6280873353028549,0.7480314960629921,0.31496062992125984,0.5433070866141733,0.007874015748031496,0.6614173228346457,0.7716535433070866
2024-08-29T12:18:58.221638,interface,0.7952755905511811,0.6280873353028549,0.7480314960629921,0.31496062992125984,0.5433070866141733,0.007874015748031496,0.6614173228346457,0.7716535433070866
2024-08-29T12:18:58.270411,interface,0.7716535433070866,0.6280873353028549,0.7480314960629921,0.31496062992125984,0.5433070866141733,0.007874015748031496,0.6614173228346457,0.7716535433070866
2024-08-29T12:18:58.374243,interface,0.7480314960629921,0.6280873353028549,0.7480314960629921,0.31496062992125984,0.5433070866141733,0.007874015748031496,0.6614173228346457,0.7716535433070866
2024-08-29T12:18:58.414618,interface,0.7086614173228346,0.6280873353028549,0.7480314960629921,0.31496062992125984,0.5433070866141733,0.007874015748031496,0.6614173228346457,0.7716535433070866
2024-08-29T12:18:58.451902,interface,0.7007874015748031,0.6280873353028549,0.7480314960629921,0.31496062992125984,0.5433070866141733,0.007874015748031496,0.6614173228346457,0.7716535433070866
2024-08-29T12:18:58.513627,interface,0.6929133858267716,0.6280873353028549,0.7480314960629921,0.31496062992125984,0.5433070866141733,0.007874015748031496,0.6614173228346457,0.7716535433070866
2024-08-29T12:18:58.571477,interface,0.6692913385826772,0.6280873353028549,0.7480314960629921,0.31496062992125984,0.5433070866141733,0.007874015748031496,0.6614173228346457,0.7716535433070866
2024-08-29T12:18:58.579908,interface,0.6614173228346457,0.6280873353028549,0.7480314960629921,0.31496062992125984,0.5433070866141733,0.007874015748031496,0.6614173228346457,0.7716535433070866
2024-08-29T12:18:58.658458,interface,0.6614173228346457,0.6280873353028549,0.7480314960629921,0.31496062992125984,0.5433070866141733,0.007874015748031496,0.6614173228346457,0.7716535433070866
2024-08-29T12:18:58.762026,interface,0.6692913385826772,0.6280873353028549,0.7480314960629921,0.31496062992125984,0.5433070866141733,0.007874015748031496,0.6614173228346457,0.7716535433070866
2024-08-29T12:18:58.781825,interface,0.6614173228346457,0.6280873353028549,0.7480314960629921,0.31496062992125984,0.5433070866141733,0.007874015748031496,0.6614173228346457,0.7716535433070866
2024-08-29T12:18:58.995033,interface,0.6614173228346457,0.6280873353028549,0.7480314960629921,0.31496062992125984,0.5433070866141733,0.007874015748031496,0.6614173228346457,0.7716535433070866
2024-08-29T12:18:59.165959,interface,0.6614173228346457,0.6280873353028549,0.7480314960629921,0.31496062992125984,0.5433070866141733,0.007874015748031496,0.6614173228346457,0.7716535433070866
2024-08-29T12:18:59.322555,interface,0.6614173228346457,0.6280873353028549,0.7480314960629921,0.31496062992125984,0.5433070866141733,0.007874015748031496,0.6614173228346457,0.7716535433070866
2024-08-29T12:18:59.463600,interface,0.6614173228346457,0.6280873353028549,0.7480314960629921,0.31496062992125984,0.5433070866141733,0.007874015748031496,0.6614173228346457,0.7716535433070866
2024-08-29T12:19:00.816366,interface,0.7637795275590551,0.6280873353028549,0.7480314960629921,0.31496062992125984,0.5433070866141733,0.007874015748031496,0.6614173228346457,0.7716535433070866
2024-08-29T12:19:01.723419,interface,0.7637795275590551,0.6280873353028549,0.7401574803149606,0.31496062992125984,0.5433070866141733,0.007874015748031496,0.6614173228346457,0.7716535433070866
2024-08-29T12:19:01.724599,interface,0.7637795275590551,0.6280873353028549,0.7322834645669292,0.31496062992125984,0.5433070866141733,0.007874015748031496,0.6614173228346457,0.7716535433070866
2024-08-29T12:19:01.735301,interface,0.7637795275590551,0.6280873353028549,0.7244094488188977,0.31496062992125984,0.5433070866141733,0.007874015748031496,0.6614173228346457,0.7716535433070866
2024-08-29T12:19:01.736454,interface,0.7637795275590551,0.6280873353028549,0.7165354330708661,0.31496062992125984,0.5433070866141733,0.007874015748031496,0.6614173228346457,0.7716535433070866
2024-08-29T12:19:01.739783,interface,0.7637795275590551,0.6280873353028549,0.7086614173228346,0.31496062992125984,0.5433070866141733,0.007874015748031496,0.6614173228346457,0.7716535433070866
2024-08-29T12:19:01.743097,interface,0.7637795275590551,0.6280873353028549,0.7007874015748031,0.31496062992125984,0.5433070866141733,0.007874015748031496,0.6614173228346457,0.7716535433070866
2024-08-29T12:19:01.746577,interface,0.7637795275590551,0.6280873353028549,0.6929133858267716,0.31496062992125984,0.5433070866141733,0.007874015748031496,0.6614173228346457,0.7716535433070866
2024-08-29T12:19:01.751848,interface,0.7637795275590551,0.6280873353028549,0.6771653543307087,0.31496062992125984,0.5433070866141733,0.007874015748031496,0.6614173228346457,0.7716535433070866
2024-08-29T12:19:01.755267,interface,0.7637795275590551,0.6280873353028549,0.6692913385826772,0.31496062992125984,0.5433070866141733,0.007874015748031496,0.6614173228346457,0.7716535433070866
2024-08-29T12:19:01.758727,interface,0.7637795275590551,0.6280873353028549,0.6535433070866141,0.31496062992125984,0.5433070866141733,0.007874015748031496,0.6614173228346457,0.7716535433070866
2024-08-29T12:19:01.767507,interface,0.7637795275590551,0.6280873353028549,0.6456692913385826,0.31496062992125984,0.5433070866141733,0.007874015748031496,0.6614173228346457,0.7716535433070866
2024-08-29T12:19:01.768651,interface,0.7637795275590551,0.6280873353028549,0.6299212598425197,0.31496062992125984,0.5433070866141733,0.007874015748031496,0.6614173228346457,0.7716535433070866
2024-08-29T12:19:01.771974,interface,0.7637795275590551,0.6280873353028549,0.6141732283464567,0.31496062992125984,0.5433070866141733,0.007874015748031496,0.6614173228346457,0.7716535433070866
2024-08-29T12:19:01.775393,interface,0.7637795275590551,0.6280873353028549,0.5984251968503937,0.31496062992125984,0.5433070866141733,0.007874015748031496,0.6614173228346457,0.7716535433070866
2024-08-29T12:19:01.780641,interface,0.7637795275590551,0.6280873353028549,0.5826771653543307,0.31496062992125984,0.5433070866141733,0.007874015748031496,0.6614173228346457,0.7716535433070866
2024-08-29T12:19:01.783953,interface,0.7637795275590551,0.6280873353028549,0.5669291338582677,0.31496062992125984,0.5433070866141733,0.007874015748031496,0.6614173228346457,0.7716535433070866
2024-08-29T12:19:01.787363,interface,0.7637795275590551,0.6280873353028549,0.5511811023622047,0.31496062992125984,0.5433070866141733,0.007874015748031496,0.6614173228346457,0.7716535433070866
2024-08-29T12:19:01.795997,interface,0.7637795275590551,0.6280873353028549,0.5275590551181102,0.31496062992125984,0.5433070866141733,0.007874015748031496,0.6614173228346457,0.7716535433070866
2024-08-29T12:19:01.797391,interface,0.7716535433070866,0.6280873353028549,0.5275590551181102,0.31496062992125984,0.5433070866141733,0.007874015748031496,0.6614173228346457,0.7716535433070866
2024-08-29T12:19:01.798478,interface,0.7716535433070866,0.6280873353028549,0.5118110236220472,0.31496062992125984,0.5433070866141733,0.007874015748031496,0.6614173228346457,0.7716535433070866
2024-08-29T12:19:01.799526,interface,0.7716535433070866,0.6280873353028549,0.49606299212598426,0.31496062992125984,0.5433070866141733,0.007874015748031496,0.6614173228346457,0.7716535433070866
2024-08-29T12:19:01.802887,interface,0.7716535433070866,0.6280873353028549,0.47244094488188976,0.31496062992125984,0.5433070866141733,0.007874015748031496,0.6614173228346457,0.7716535433070866
2024-08-29T12:19:01.808151,interface,0.7716535433070866,0.6280873353028549,0.4566929133858268,0.31496062992125984,0.5433070866141733,0.007874015748031496,0.6614173228346457,0.7716535433070866
2024-08-29T12:19:01.811430,interface,0.7716535433070866,0.6280873353028549,0.4330708661417323,0.31496062992125984,0.5433070866141733,0.007874015748031496,0.6614173228346457,0.7716535433070866
2024-08-29T12:19:01.814815,interface,0.7716535433070866,0.6280873353028549,0.41732283464566927,0.31496062992125984,0.5433070866141733,0.007874015748031496,0.6614173228346457,0.7716535433070866
2024-08-29T12:19:01.820012,interface,0.7716535433070866,0.6280873353028549,0.4015748031496063,0.31496062992125984,0.5433070866141733,0.007874015748031496,0.6614173228346457,0.7716535433070866
2024-08-29T12:19:01.823505,interface,0.7716535433070866,0.6280873353028549,0.3779527559055118,0.31496062992125984,0.5433070866141733,0.007874015748031496,0.6614173228346457,0.7716535433070866
2024-08-29T12:19:01.826891,interface,0.7716535433070866,0.6280873353028549,0.36220472440944884,0.31496062992125984,0.5433070866141733,0.007874015748031496,0.6614173228346457,0.7716535433070866
2024-08-29T12:19:01.832159,interface,0.7716535433070866,0.6280873353028549,0.33858267716535434,0.31496062992125984,0.5433070866141733,0.007874015748031496,0.6614173228346457,0.7716535433070866
2024-08-29T12:19:01.835621,interface,0.7716535433070866,0.6280873353028549,0.3228346456692913,0.31496062992125984,0.5433070866141733,0.007874015748031496,0.6614173228346457,0.7716535433070866
2024-08-29T12:19:01.839058,interface,0.7716535433070866,0.6280873353028549,0.2992125984251969,0.31496062992125984,0.5433070866141733,0.007874015748031496,0.6614173228346457,0.7716535433070866
2024-08-29T12:19:01.847725,interface,0.7716535433070866,0.6280873353028549,0.28346456692913385,0.31496062992125984,0.5433070866141733,0.007874015748031496,0.6614173228346457,0.7716535433070866
2024-08-29T12:19:01.848876,interface,0.7716535433070866,0.6280873353028549,0.25984251968503935,0.31496062992125984,0.5433070866141733,0.007874015748031496,0.6614173228346457,0.7716535433070866
2024-08-29T12:19:01.852183,interface,0.7716535433070866,0.6280873353028549,0.2440944881889764,0.31496062992125984,0.5433070866141733,0.007874015748031496,0.6614173228346457,0.7716535433070866
2024-08-29T12:19:01.855539,interface,0.7716535433070866,0.6280873353028549,0.2204724409448819,0.31496062992125984,0.5433070866141733,0.007874015748031496,0.6614173228346457,0.7716535433070866
2024-08-29T12:19:01.860804,interface,0.7716535433070866,0.6280873353028549,0.2047244094488189,0.31496062992125984,0.5433070866141733,0.007874015748031496,0.6614173228346457,0.7716535433070866
2024-08-29T12:19:01.864180,interface,0.7716535433070866,0.6280873353028549,0.1889763779527559,0.31496062992125984,0.5433070866141733,0.007874015748031496,0.6614173228346457,0.7716535433070866
2024-08-29T12:19:01.867574,interface,0.7716535433070866,0.6280873353028549,0.16535433070866143,0.31496062992125984,0.5433070866141733,0.007874015748031496,0.6614173228346457,0.7716535433070866
2024-08-29T12:19:01.876193,interface,0.7716535433070866,0.6280873353028549,0.14960629921259844,0.31496062992125984,0.5433070866141733,0.007874015748031496,0.6614173228346457,0.7716535433070866
2024-08-29T12:19:01.877333,interface,0.7716535433070866,0.6280873353028549,0.13385826771653545,0.31496062992125984,0.5433070866141733,0.007874015748031496,0.6614173228346457,0.7716535433070866
2024-08-29T12:19:01.880597,interface,0.7716535433070866,0.6280873353028549,0.11811023622047244,0.31496062992125984,0.5433070866141733,0.007874015748031496,0.6614173228346457,0.7716535433070866
2024-08-29T12:19:01.883926,interface,0.7716535433070866,0.6280873353028549,0.09448818897637795,0.31496062992125984,0.5433070866141733,0.007874015748031496,0.6614173228346457,0.7716535433070866
2024-08-29T12:19:01.887402,interface,0.7716535433070866,0.6280873353028549,0.08661417322834646,0.31496062992125984,0.5433070866141733,0.007874015748031496,0.6614173228346457,0.7716535433070866
2024-08-29T12:19:01.892619,interface,0.7716535433070866,0.6280873353028549,0.07086614173228346,0.31496062992125984,0.5433070866141733,0.007874015748031496,0.6614173228346457,0.7716535433070866
2024-08-29T12:19:01.895918,interface,0.7716535433070866,0.6280873353028549,0.05511811023622047,0.31496062992125984,0.5433070866141733,0.007874015748031496,0.6614173228346457,0.7716535433070866
2024-08-29T12:19:01.899330,interface,0.7716535433070866,0.6280873353028549,0.047244094488188976,0.31496062992125984,0.5433070866141733,0.007874015748031496,0.6614173228346457,0.7716535433070866
2024-08-29T12:19:01.908394,interface,0.7716535433070866,0.6280873353028549,0.03937007874015748,0.31496062992125984,0.5433070866141733,0.007874015748031496,0.6614173228346457,0.7716535433070866
2024-08-29T12:19:01.909540,interface,0.7716535433070866,0.6280873353028549,0.031496062992125984,0.31496062992125984,0.5433070866141733,0.007874015748031496,0.6614173228346457,0.7716535433070866
2024-08-29T12:19:01.910803,interface,0.7716535433070866,0.6280873353028549,0.023622047244094488,0.31496062992125984,0.5433070866141733,0.007874015748031496,0.6614173228346457,0.7716535433070866
2024-08-29T12:19:01.916195,interface,0.7716535433070866,0.6280873353028549,0.015748031496062992,0.31496062992125984,0.5433070866141733,0.007874015748031496,0.6614173228346457,0.7716535433070866
2024-08-29T12:19:01.919672,interface,0.7716535433070866,0.6280873353028549,0.007874015748031496,0.31496062992125984,0.5433070866141733,0.007874015748031496,0.6614173228346457,0.7716535433070866
2024-08-29T12:19:01.932021,interface,0.7716535433070866,0.6280873353028549,0.0,0.31496062992125984,0.5433070866141733,0.007874015748031496,0.6614173228346457,0.7716535433070866
2024-08-29T12:19:02.075958,interface,0.7637795275590551,0.6280873353028549,0.0,0.31496062992125984,0.5433070866141733,0.007874015748031496,0.6614173228346457,0.7716535433070866
2024-08-29T12:19:02.077108,interface,0.7716535433070866,0.6280873353028549,0.0,0.31496062992125984,0.5433070866141733,0.007874015748031496,0.6614173228346457,0.7716535433070866
2024-08-29T12:19:02.174764,interface,0.7480314960629921,0.6280873353028549,0.0,0.31496062992125984,0.5433070866141733,0.007874015748031496,0.6614173228346457,0.7716535433070866
2024-08-29T12:19:02.229220,interface,0.7165354330708661,0.6280873353028549,0.0,0.31496062992125984,0.5433070866141733,0.007874015748031496,0.6614173228346457,0.7716535433070866
2024-08-29T12:19:02.305824,interface,0.7874015748031497,0.6280873353028549,0.0,0.31496062992125984,0.5433070866141733,0.007874015748031496,0.6614173228346457,0.7716535433070866
2024-08-29T12:19:02.306982,interface,0.7716535433070866,0.6280873353028549,0.0,0.31496062992125984,0.5433070866141733,0.007874015748031496,0.6614173228346457,0.7716535433070866
2024-08-29T12:19:02.407691,interface,0.7322834645669292,0.6280873353028549,0.0,0.31496062992125984,0.5433070866141733,0.007874015748031496,0.6614173228346457,0.7716535433070866
2024-08-29T12:19:02.511099,interface,0.7165354330708661,0.6280873353028549,0.0,0.31496062992125984,0.5433070866141733,0.007874015748031496,0.6614173228346457,0.7716535433070866
2024-08-29T12:19:02.754165,interface,0.8110236220472441,0.6280873353028549,0.0,0.31496062992125984,0.5433070866141733,0.007874015748031496,0.6614173228346457,0.7716535433070866
2024-08-29T12:19:02.767997,interface,0.8267716535433071,0.6280873353028549,0.0,0.31496062992125984,0.5433070866141733,0.007874015748031496,0.6614173228346457,0.7716535433070866
2024-08-29T12:19:02.871593,interface,0.8031496062992126,0.6280873353028549,0.0,0.31496062992125984,0.5433070866141733,0.007874015748031496,0.6614173228346457,0.7716535433070866
2024-08-29T12:19:02.954428,interface,0.8110236220472441,0.6280873353028549,0.0,0.31496062992125984,0.5433070866141733,0.007874015748031496,0.6614173228346457,0.7716535433070866
2024-08-29T12:19:03.032333,interface,0.8110236220472441,0.6280873353028549,0.0,0.31496062992125984,0.5433070866141733,0.007874015748031496,0.6614173228346457,0.7716535433070866
2024-08-29T12:19:03.097890,interface,0.8110236220472441,0.6280873353028549,0.0,0.31496062992125984,0.5433070866141733,0.007874015748031496,0.6614173228346457,0.7716535433070866
2024-08-29T12:19:03.158990,interface,0.8188976377952756,0.6280873353028549,0.0,0.31496062992125984,0.5433070866141733,0.007874015748031496,0.6614173228346457,0.7716535433070866
2024-08-29T12:19:03.401207,interface,0.8110236220472441,0.6280873353028549,0.0,0.31496062992125984,0.5433070866141733,0.007874015748031496,0.6614173228346457,0.7716535433070866
2024-08-29T12:19:03.549576,interface,0.8110236220472441,0.6280873353028549,0.0,0.31496062992125984,0.5433070866141733,0.007874015748031496,0.6614173228346457,0.7716535433070866
2024-08-29T12:19:03.777178,interface,0.7952755905511811,0.6280873353028549,0.0,0.31496062992125984,0.5433070866141733,0.007874015748031496,0.6614173228346457,0.7716535433070866
2024-08-29T12:19:07.488353,interface,0.7952755905511811,0.6280873353028549,0.0,0.31496062992125984,0.5433070866141733,0.0,0.6614173228346457,0.7716535433070866
2024-08-29T12:19:07.489623,interface,0.7952755905511811,0.6280873353028549,0.0,0.31496062992125984,0.5433070866141733,0.007874015748031496,0.6614173228346457,0.7716535433070866
2024-08-29T12:19:07.511637,interface,0.7952755905511811,0.6280873353028549,0.0,0.31496062992125984,0.5433070866141733,0.007874015748031496,0.7165354330708661,0.7716535433070866
2024-08-29T12:19:07.570917,interface,0.7952755905511811,0.6280873353028549,0.0,0.31496062992125984,0.5433070866141733,0.007874015748031496,0.7244094488188977,0.7716535433070866
2024-08-29T12:19:07.572104,interface,0.7952755905511811,0.6280873353028549,0.0,0.31496062992125984,0.5433070866141733,0.007874015748031496,0.7322834645669292,0.7716535433070866
2024-08-29T12:19:07.592183,interface,0.7952755905511811,0.6280873353028549,0.0,0.31496062992125984,0.5433070866141733,0.007874015748031496,0.7401574803149606,0.7716535433070866
2024-08-29T12:19:07.611458,interface,0.7952755905511811,0.6280873353028549,0.0,0.31496062992125984,0.5433070866141733,0.007874015748031496,0.7480314960629921,0.7716535433070866
2024-08-29T12:19:07.612608,interface,0.7952755905511811,0.6280873353028549,0.0,0.31496062992125984,0.5433070866141733,0.007874015748031496,0.7559055118110236,0.7716535433070866
2024-08-29T12:19:07.632851,interface,0.7952755905511811,0.6280873353028549,0.0,0.31496062992125984,0.5433070866141733,0.007874015748031496,0.7637795275590551,0.7716535433070866
2024-08-29T12:19:07.634247,interface,0.7952755905511811,0.6280873353028549,0.0,0.31496062992125984,0.5433070866141733,0.007874015748031496,0.7716535433070866,0.7716535433070866
2024-08-29T12:19:07.635480,interface,0.7952755905511811,0.6280873353028549,0.0,0.31496062992125984,0.5433070866141733,0.007874015748031496,0.7795275590551181,0.7716535433070866
2024-08-29T12:19:07.636541,interface,0.7952755905511811,0.6280873353028549,0.0,0.31496062992125984,0.5433070866141733,0.007874015748031496,0.7874015748031497,0.7716535433070866
2024-08-29T12:19:07.637559,interface,0.7952755905511811,0.6280873353028549,0.0,0.31496062992125984,0.5433070866141733,0.007874015748031496,0.7952755905511811,0.7716535433070866
2024-08-29T12:19:07.653807,interface,0.7952755905511811,0.6280873353028549,0.0,0.31496062992125984,0.5433070866141733,0.007874015748031496,0.8031496062992126,0.7716535433070866
2024-08-29T12:19:07.655189,interface,0.7952755905511811,0.6280873353028549,0.0,0.31496062992125984,0.5433070866141733,0.007874015748031496,0.8110236220472441,0.7716535433070866
2024-08-29T12:19:07.656321,interface,0.7952755905511811,0.6280873353028549,0.0,0.31496062992125984,0.5433070866141733,0.007874015748031496,0.8188976377952756,0.7716535433070866
2024-08-29T12:19:07.657335,interface,0.7952755905511811,0.6280873353028549,0.0,0.31496062992125984,0.5433070866141733,0.007874015748031496,0.8267716535433071,0.7716535433070866
2024-08-29T12:19:07.673516,interface,0.7952755905511811,0.6280873353028549,0.0,0.31496062992125984,0.5433070866141733,0.007874015748031496,0.8346456692913385,0.7716535433070866
2024-08-29T12:19:07.693367,interface,0.7952755905511811,0.6280873353028549,0.0,0.31496062992125984,0.5433070866141733,0.007874015748031496,0.84251968503937,0.7716535433070866
2024-08-29T12:19:07.714123,interface,0.7952755905511811,0.6280873353028549,0.0,0.31496062992125984,0.5433070866141733,0.007874015748031496,0.8503937007874016,0.7716535433070866
2024-08-29T12:19:07.715296,interface,0.7952755905511811,0.6280873353028549,0.0,0.31496062992125984,0.5433070866141733,0.007874015748031496,0.8582677165354331,0.7716535433070866
2024-08-29T12:19:08.063365,interface,0.7952755905511811,0.6280873353028549,0.0,0.31496062992125984,0.5433070866141733,0.007874015748031496,0.8503937007874016,0.7716535433070866
2024-08-29T12:19:08.084398,interface,0.7952755905511811,0.6280873353028549,0.0,0.31496062992125984,0.5433070866141733,0.007874015748031496,0.84251968503937,0.7716535433070866
2024-08-29T12:19:08.085837,interface,0.7952755905511811,0.6280873353028549,0.0,0.31496062992125984,0.5433070866141733,0.007874015748031496,0.8346456692913385,0.7716535433070866
2024-08-29T12:19:08.087221,interface,0.7952755905511811,0.6280873353028549,0.0,0.31496062992125984,0.5433070866141733,0.007874015748031496,0.8267716535433071,0.7716535433070866
2024-08-29T12:19:08.088367,interface,0.7952755905511811,0.6280873353028549,0.0,0.31496062992125984,0.5433070866141733,0.007874015748031496,0.8188976377952756,0.7716535433070866
2024-08-29T12:19:08.089628,interface,0.7952755905511811,0.6280873353028549,0.0,0.31496062992125984,0.5433070866141733,0.007874015748031496,0.8110236220472441,0.7716535433070866
2024-08-29T12:19:08.090631,interface,0.7952755905511811,0.6280873353028549,0.0,0.31496062992125984,0.5433070866141733,0.007874015748031496,0.8031496062992126,0.7716535433070866
2024-08-29T12:19:08.091662,interface,0.7952755905511811,0.6280873353028549,0.0,0.31496062992125984,0.5433070866141733,0.007874015748031496,0.7952755905511811,0.7716535433070866
2024-08-29T12:19:08.100951,interface,0.7952755905511811,0.6280873353028549,0.0,0.31496062992125984,0.5433070866141733,0.007874015748031496,0.7874015748031497,0.7716535433070866
2024-08-29T12:19:08.102285,interface,0.7952755905511811,0.6280873353028549,0.0,0.31496062992125984,0.5433070866141733,0.007874015748031496,0.7795275590551181,0.7716535433070866
2024-08-29T12:19:08.103408,interface,0.7952755905511811,0.6280873353028549,0.0,0.31496062992125984,0.5433070866141733,0.007874015748031496,0.7716535433070866,0.7716535433070866
2024-08-29T12:19:08.106873,interface,0.7952755905511811,0.6280873353028549,0.0,0.31496062992125984,0.5433070866141733,0.007874015748031496,0.7637795275590551,0.7716535433070866
2024-08-29T12:19:08.108043,interface,0.7952755905511811,0.6280873353028549,0.0,0.31496062992125984,0.5433070866141733,0.007874015748031496,0.7559055118110236,0.7716535433070866
2024-08-29T12:19:08.120918,interface,0.7952755905511811,0.6280873353028549,0.0,0.31496062992125984,0.5433070866141733,0.007874015748031496,0.7480314960629921,0.7716535433070866
2024-08-29T12:19:08.122251,interface,0.7952755905511811,0.6280873353028549,0.0,0.31496062992125984,0.5433070866141733,0.007874015748031496,0.7401574803149606,0.7716535433070866
2024-08-29T12:19:08.123370,interface,0.7952755905511811,0.6280873353028549,0.0,0.31496062992125984,0.5433070866141733,0.007874015748031496,0.7322834645669292,0.7716535433070866
2024-08-29T12:19:08.126822,interface,0.7952755905511811,0.6280873353028549,0.0,0.31496062992125984,0.5433070866141733,0.007874015748031496,0.7244094488188977,0.7716535433070866
2024-08-29T12:19:08.128181,interface,0.7952755905511811,0.6280873353028549,0.0,0.31496062992125984,0.5433070866141733,0.007874015748031496,0.7165354330708661,0.7716535433070866
2024-08-29T12:19:08.129286,interface,0.7952755905511811,0.6280873353028549,0.0,0.31496062992125984,0.5433070866141733,0.007874015748031496,0.7086614173228346,0.7716535433070866
2024-08-29T12:19:08.142050,interface,0.7952755905511811,0.6280873353028549,0.0,0.31496062992125984,0.5433070866141733,0.007874015748031496,0.7007874015748031,0.7716535433070866
2024-08-29T12:19:08.143428,interface,0.7952755905511811,0.6280873353028549,0.0,0.31496062992125984,0.5433070866141733,0.007874015748031496,0.6929133858267716,0.7716535433070866
2024-08-29T12:19:08.144536,interface,0.7952755905511811,0.6280873353028549,0.0,0.31496062992125984,0.5433070866141733,0.007874015748031496,0.6850393700787402,0.7716535433070866
2024-08-29T12:19:08.145802,interface,0.7952755905511811,0.6280873353028549,0.0,0.31496062992125984,0.5433070866141733,0.007874015748031496,0.6771653543307087,0.7716535433070866
2024-08-29T12:19:08.149035,interface,0.7952755905511811,0.6280873353028549,0.0,0.31496062992125984,0.5433070866141733,0.007874015748031496,0.6692913385826772,0.7716535433070866
2024-08-29T12:19:08.166277,interface,0.7952755905511811,0.6280873353028549,0.0,0.31496062992125984,0.5433070866141733,0.007874015748031496,0.6614173228346457,0.7716535433070866
2024-08-29T12:19:08.185493,interface,0.7952755905511811,0.6280873353028549,0.0,0.31496062992125984,0.5433070866141733,0.007874015748031496,0.6535433070866141,0.7716535433070866
2024-08-29T12:19:08.186633,interface,0.7952755905511811,0.6280873353028549,0.0,0.31496062992125984,0.5433070866141733,0.007874015748031496,0.6456692913385826,0.7716535433070866
2024-08-29T12:19:08.431866,interface,0.7952755905511811,0.6280873353028549,0.0,0.31496062992125984,0.5433070866141733,0.007874015748031496,0.6377952755905512,0.7716535433070866
2024-08-29T12:19:08.433184,interface,0.7952755905511811,0.6280873353028549,0.0,0.31496062992125984,0.5433070866141733,0.007874015748031496,0.6299212598425197,0.7716535433070866
2024-08-29T12:19:08.434222,interface,0.7952755905511811,0.6280873353028549,0.0,0.31496062992125984,0.5433070866141733,0.007874015748031496,0.6220472440944882,0.7716535433070866
2024-08-29T12:19:08.435261,interface,0.7952755905511811,0.6280873353028549,0.0,0.31496062992125984,0.5433070866141733,0.007874015748031496,0.6141732283464567,0.7716535433070866
2024-08-29T12:19:08.452344,interface,0.7952755905511811,0.6280873353028549,0.0,0.31496062992125984,0.5433070866141733,0.007874015748031496,0.6062992125984252,0.7716535433070866
2024-08-29T12:19:08.453743,interface,0.7952755905511811,0.6280873353028549,0.0,0.31496062992125984,0.5433070866141733,0.007874015748031496,0.5984251968503937,0.7716535433070866
2024-08-29T12:19:08.454944,interface,0.7952755905511811,0.6280873353028549,0.0,0.31496062992125984,0.5433070866141733,0.007874015748031496,0.5905511811023622,0.7716535433070866
2024-08-29T12:19:08.456020,interface,0.7952755905511811,0.6280873353028549,0.0,0.31496062992125984,0.5433070866141733,0.007874015748031496,0.5826771653543307,0.7716535433070866
2024-08-29T12:19:08.457049,interface,0.7952755905511811,0.6280873353028549,0.0,0.31496062992125984,0.5433070866141733,0.007874015748031496,0.5748031496062992,0.7716535433070866
2024-08-29T12:19:08.473383,interface,0.7952755905511811,0.6280873353028549,0.0,0.31496062992125984,0.5433070866141733,0.007874015748031496,0.5669291338582677,0.7716535433070866
2024-08-29T12:19:08.474844,interface,0.7952755905511811,0.6280873353028549,0.0,0.31496062992125984,0.5433070866141733,0.007874015748031496,0.5590551181102362,0.7716535433070866
2024-08-29T12:19:08.476185,interface,0.7952755905511811,0.6280873353028549,0.0,0.31496062992125984,0.5433070866141733,0.007874015748031496,0.5511811023622047,0.7716535433070866
2024-08-29T12:19:08.477290,interface,0.7952755905511811,0.6280873353028549,0.0,0.31496062992125984,0.5433070866141733,0.007874015748031496,0.5433070866141733,0.7716535433070866
2024-08-29T12:19:08.478530,interface,0.7952755905511811,0.6280873353028549,0.0,0.31496062992125984,0.5433070866141733,0.007874015748031496,0.5354330708661418,0.7716535433070866
2024-08-29T12:19:08.479635,interface,0.7952755905511811,0.6280873353028549,0.0,0.31496062992125984,0.5433070866141733,0.007874015748031496,0.5275590551181102,0.7716535433070866
2024-08-29T12:19:08.480673,interface,0.7952755905511811,0.6280873353028549,0.0,0.31496062992125984,0.5433070866141733,0.007874015748031496,0.5196850393700787,0.7716535433070866
2024-08-29T12:19:08.489782,interface,0.7952755905511811,0.6280873353028549,0.0,0.31496062992125984,0.5433070866141733,0.007874015748031496,0.5118110236220472,0.7716535433070866
2024-08-29T12:19:08.491231,interface,0.7952755905511811,0.6280873353028549,0.0,0.31496062992125984,0.5433070866141733,0.007874015748031496,0.5039370078740157,0.7716535433070866
2024-08-29T12:19:08.492557,interface,0.7952755905511811,0.6280873353028549,0.0,0.31496062992125984,0.5433070866141733,0.007874015748031496,0.49606299212598426,0.7716535433070866
2024-08-29T12:19:08.493807,interface,0.7952755905511811,0.6280873353028549,0.0,0.31496062992125984,0.5433070866141733,0.007874015748031496,0.4881889763779528,0.7716535433070866
2024-08-29T12:19:08.494885,interface,0.7952755905511811,0.6280873353028549,0.0,0.31496062992125984,0.5433070866141733,0.007874015748031496,0.48031496062992124,0.7716535433070866
2024-08-29T12:19:08.738498,interface,0.7952755905511811,0.6280873353028549,0.0,0.31496062992125984,0.5433070866141733,0.0,0.48031496062992124,0.7716535433070866
2024-08-29T12:19:08.782510,interface,0.7952755905511811,0.6280873353028549,0.0,0.31496062992125984,0.5433070866141733,0.0,0.4881889763779528,0.7716535433070866
2024-08-29T12:19:08.783689,interface,0.7952755905511811,0.6280873353028549,0.0,0.31496062992125984,0.5433070866141733,0.0,0.49606299212598426,0.7716535433070866
2024-08-29T12:19:09.087405,interface,0.7952755905511811,0.6280873353028549,0.0,0.31496062992125984,0.5433070866141733,0.007874015748031496,0.49606299212598426,0.7716535433070866
2024-08-29T12:19:09.108518,interface,0.7952755905511811,0.6280873353028549,0.0,0.31496062992125984,0.5433070866141733,0.015748031496062992,0.49606299212598426,0.7716535433070866
2024-08-29T12:19:09.109926,interface,0.7952755905511811,0.6280873353028549,0.0,0.31496062992125984,0.5433070866141733,0.023622047244094488,0.49606299212598426,0.7716535433070866
2024-08-29T12:19:09.111141,interface,0.7952755905511811,0.6280873353028549,0.0,0.31496062992125984,0.5433070866141733,0.031496062992125984,0.49606299212598426,0.7716535433070866
2024-08-29T12:19:09.112233,interface,0.7952755905511811,0.6280873353028549,0.0,0.31496062992125984,0.5433070866141733,0.03937007874015748,0.49606299212598426,0.7716535433070866
2024-08-29T12:19:09.113248,interface,0.7952755905511811,0.6280873353028549,0.0,0.31496062992125984,0.5433070866141733,0.047244094488188976,0.49606299212598426,0.7716535433070866
2024-08-29T12:19:09.124267,interface,0.7952755905511811,0.6280873353028549,0.0,0.31496062992125984,0.5433070866141733,0.05511811023622047,0.49606299212598426,0.7716535433070866
2024-08-29T12:19:09.125431,interface,0.7952755905511811,0.6280873353028549,0.0,0.31496062992125984,0.5433070866141733,0.06299212598425197,0.49606299212598426,0.7716535433070866
2024-08-29T12:19:09.128815,interface,0.7952755905511811,0.6280873353028549,0.0,0.31496062992125984,0.5433070866141733,0.07086614173228346,0.49606299212598426,0.7716535433070866
2024-08-29T12:19:09.129920,interface,0.7952755905511811,0.6280873353028549,0.0,0.31496062992125984,0.5433070866141733,0.07874015748031496,0.49606299212598426,0.7716535433070866
2024-08-29T12:19:09.149003,interface,0.7952755905511811,0.6280873353028549,0.0,0.31496062992125984,0.5433070866141733,0.08661417322834646,0.49606299212598426,0.7716535433070866
2024-08-29T12:19:09.150477,interface,0.7952755905511811,0.6280873353028549,0.0,0.31496062992125984,0.5433070866141733,0.09448818897637795,0.49606299212598426,0.7716535433070866
2024-08-29T12:19:09.151695,interface,0.7952755905511811,0.6280873353028549,0.0,0.31496062992125984,0.5433070866141733,0.10236220472440945,0.49606299212598426,0.7716535433070866
2024-08-29T12:19:09.152748,interface,0.7952755905511811,0.6280873353028549,0.0,0.31496062992125984,0.5433070866141733,0.11023622047244094,0.49606299212598426,0.7716535433070866
2024-08-29T12:19:09.153740,interface,0.7952755905511811,0.6280873353028549,0.0,0.31496062992125984,0.5433070866141733,0.11811023622047244,0.49606299212598426,0.7716535433070866
2024-08-29T12:19:09.189728,interface,0.7952755905511811,0.6280873353028549,0.0,0.31496062992125984,0.5433070866141733,0.12598425196850394,0.49606299212598426,0.7716535433070866
2024-08-29T12:19:09.333567,interface,0.7952755905511811,0.6280873353028549,0.0,0.31496062992125984,0.5433070866141733,0.11811023622047244,0.49606299212598426,0.7716535433070866
2024-08-29T12:19:09.394648,interface,0.7952755905511811,0.6280873353028549,0.0,0.31496062992125984,0.5433070866141733,0.12598425196850394,0.49606299212598426,0.7716535433070866
2024-08-29T12:19:09.415864,interface,0.7952755905511811,0.6280873353028549,0.0,0.31496062992125984,0.5433070866141733,0.13385826771653545,0.49606299212598426,0.7716535433070866
2024-08-29T12:19:09.417260,interface,0.7952755905511811,0.6280873353028549,0.0,0.31496062992125984,0.5433070866141733,0.14173228346456693,0.49606299212598426,0.7716535433070866
2024-08-29T12:19:09.418459,interface,0.7952755905511811,0.6280873353028549,0.0,0.31496062992125984,0.5433070866141733,0.14960629921259844,0.49606299212598426,0.7716535433070866
2024-08-29T12:19:09.419538,interface,0.7952755905511811,0.6280873353028549,0.0,0.31496062992125984,0.5433070866141733,0.15748031496062992,0.49606299212598426,0.7716535433070866
2024-08-29T12:19:09.420587,interface,0.7952755905511811,0.6280873353028549,0.0,0.31496062992125984,0.5433070866141733,0.16535433070866143,0.49606299212598426,0.7716535433070866
2024-08-29T12:19:09.431495,interface,0.7952755905511811,0.6280873353028549,0.0,0.31496062992125984,0.5433070866141733,0.1732283464566929,0.49606299212598426,0.7716535433070866
2024-08-29T12:19:09.434989,interface,0.7952755905511811,0.6280873353028549,0.0,0.31496062992125984,0.5433070866141733,0.18110236220472442,0.49606299212598426,0.7716535433070866
2024-08-29T12:19:09.436385,interface,0.7952755905511811,0.6280873353028549,0.0,0.31496062992125984,0.5433070866141733,0.1889763779527559,0.49606299212598426,0.7716535433070866
2024-08-29T12:19:09.437667,interface,0.7952755905511811,0.6280873353028549,0.0,0.31496062992125984,0.5433070866141733,0.1968503937007874,0.49606299212598426,0.7716535433070866
2024-08-29T12:19:09.438749,interface,0.7952755905511811,0.6280873353028549,0.0,0.31496062992125984,0.5433070866141733,0.2047244094488189,0.49606299212598426,0.7716535433070866
2024-08-29T12:19:09.456339,interface,0.7952755905511811,0.6280873353028549,0.0,0.31496062992125984,0.5433070866141733,0.2125984251968504,0.49606299212598426,0.7716535433070866
2024-08-29T12:19:09.457651,interface,0.7952755905511811,0.6280873353028549,0.0,0.31496062992125984,0.5433070866141733,0.2204724409448819,0.49606299212598426,0.7716535433070866
2024-08-29T12:19:09.458693,interface,0.7952755905511811,0.6280873353028549,0.0,0.31496062992125984,0.5433070866141733,0.2283464566929134,0.49606299212598426,0.7716535433070866
2024-08-29T12:19:09.459747,interface,0.7952755905511811,0.6280873353028549,0.0,0.31496062992125984,0.5433070866141733,0.23622047244094488,0.49606299212598426,0.7716535433070866
2024-08-29T12:19:09.477093,interface,0.7952755905511811,0.6280873353028549,0.0,0.31496062992125984,0.5433070866141733,0.2440944881889764,0.49606299212598426,0.7716535433070866
2024-08-29T12:19:09.660443,interface,0.7952755905511811,0.6280873353028549,0.0,0.31496062992125984,0.5433070866141733,0.2204724409448819,0.49606299212598426,0.7716535433070866
2024-08-29T12:19:09.661603,interface,0.7952755905511811,0.6280873353028549,0.0,0.31496062992125984,0.5433070866141733,0.2283464566929134,0.49606299212598426,0.7716535433070866
2024-08-29T12:19:09.682585,interface,0.7952755905511811,0.6280873353028549,0.0,0.31496062992125984,0.5433070866141733,0.23622047244094488,0.49606299212598426,0.7716535433070866
2024-08-29T12:19:09.683908,interface,0.7952755905511811,0.6280873353028549,0.0,0.31496062992125984,0.5433070866141733,0.2440944881889764,0.49606299212598426,0.7716535433070866
2024-08-29T12:19:09.684971,interface,0.7952755905511811,0.6280873353028549,0.0,0.31496062992125984,0.5433070866141733,0.25196850393700787,0.49606299212598426,0.7716535433070866
2024-08-29T12:19:09.685975,interface,0.7952755905511811,0.6280873353028549,0.0,0.31496062992125984,0.5433070866141733,0.25984251968503935,0.49606299212598426,0.7716535433070866
2024-08-29T12:19:09.702686,interface,0.7952755905511811,0.6280873353028549,0.0,0.31496062992125984,0.5433070866141733,0.2677165354330709,0.49606299212598426,0.7716535433070866
2024-08-29T12:19:10.009678,interface,0.7952755905511811,0.6280873353028549,0.0,0.31496062992125984,0.5433070866141733,0.2755905511811024,0.49606299212598426,0.7716535433070866
2024-08-29T12:19:10.029476,interface,0.7952755905511811,0.6280873353028549,0.0,0.31496062992125984,0.5433070866141733,0.28346456692913385,0.49606299212598426,0.7716535433070866
2024-08-29T12:19:10.050550,interface,0.7952755905511811,0.6280873353028549,0.0,0.31496062992125984,0.5433070866141733,0.29133858267716534,0.49606299212598426,0.7716535433070866
2024-08-29T12:19:10.051732,interface,0.7952755905511811,0.6280873353028549,0.0,0.31496062992125984,0.5433070866141733,0.2992125984251969,0.49606299212598426,0.7716535433070866
2024-08-29T12:19:10.316283,interface,0.7952755905511811,0.6280873353028549,0.0,0.31496062992125984,0.5511811023622047,0.2992125984251969,0.49606299212598426,0.7716535433070866
2024-08-29T12:19:10.357347,interface,0.7952755905511811,0.6280873353028549,0.0,0.31496062992125984,0.5433070866141733,0.2992125984251969,0.49606299212598426,0.7716535433070866
2024-08-29T12:19:10.378455,interface,0.7952755905511811,0.6280873353028549,0.0,0.31496062992125984,0.5354330708661418,0.2992125984251969,0.49606299212598426,0.7716535433070866
2024-08-29T12:19:10.379646,interface,0.7952755905511811,0.6280873353028549,0.0,0.31496062992125984,0.5275590551181102,0.2992125984251969,0.49606299212598426,0.7716535433070866
2024-08-29T12:19:10.890010,interface,0.7952755905511811,0.6280873353028549,0.0,0.31496062992125984,0.5196850393700787,0.2992125984251969,0.49606299212598426,0.7716535433070866
2024-08-29T12:19:10.952416,interface,0.7952755905511811,0.6280873353028549,0.0,0.31496062992125984,0.5118110236220472,0.2992125984251969,0.49606299212598426,0.7716535433070866
2024-08-29T12:19:11.156612,interface,0.7952755905511811,0.6280873353028549,0.0,0.31496062992125984,0.5354330708661418,0.2992125984251969,0.49606299212598426,0.7716535433070866
2024-08-29T12:19:11.402201,interface,0.7952755905511811,0.6280873353028549,0.0,0.31496062992125984,0.5275590551181102,0.2992125984251969,0.49606299212598426,0.7716535433070866
2024-08-29T12:19:11.423878,interface,0.7952755905511811,0.6280873353028549,0.0,0.31496062992125984,0.5196850393700787,0.2992125984251969,0.49606299212598426,0.7716535433070866
2024-08-29T12:19:11.873988,interface,0.7952755905511811,0.6280873353028549,0.0,0.31496062992125984,0.5275590551181102,0.2992125984251969,0.49606299212598426,0.7716535433070866
2024-08-29T12:19:12.282804,interface,0.7952755905511811,0.6280873353028549,0.0,0.31496062992125984,0.5196850393700787,0.2992125984251969,0.49606299212598426,0.7716535433070866
2024-08-29T12:19:13.162175,interface,0.7952755905511811,0.6280873353028549,0.0,0.31496062992125984,0.5196850393700787,0.2992125984251969,0.49606299212598426,0.7716535433070866
2024-08-29T12:19:13.173707,interface,0.7952755905511811,0.6280873353028549,0.0,0.31496062992125984,0.5196850393700787,0.2992125984251969,0.49606299212598426,0.7637795275590551
2024-08-29T12:19:13.213183,interface,0.7952755905511811,0.6280873353028549,0.0,0.31496062992125984,0.5196850393700787,0.2992125984251969,0.49606299212598426,0.7559055118110236
2024-08-29T12:19:13.259375,interface,0.7952755905511811,0.6280873353028549,0.0,0.31496062992125984,0.5196850393700787,0.2992125984251969,0.49606299212598426,0.7480314960629921
2024-08-29T12:19:13.277516,interface,0.7952755905511811,0.6280873353028549,0.0,0.31496062992125984,0.5196850393700787,0.2992125984251969,0.49606299212598426,0.7401574803149606
2024-08-29T12:19:13.303663,interface,0.7952755905511811,0.6280873353028549,0.0,0.31496062992125984,0.5196850393700787,0.2992125984251969,0.49606299212598426,0.7322834645669292
2024-08-29T12:19:13.320445,interface,0.7952755905511811,0.6280873353028549,0.0,0.31496062992125984,0.5196850393700787,0.2992125984251969,0.49606299212598426,0.7244094488188977
2024-08-29T12:19:13.336456,interface,0.7952755905511811,0.6280873353028549,0.0,0.31496062992125984,0.5196850393700787,0.2992125984251969,0.49606299212598426,0.7165354330708661
2024-08-29T12:19:13.347183,interface,0.7952755905511811,0.6280873353028549,0.0,0.31496062992125984,0.5196850393700787,0.2992125984251969,0.49606299212598426,0.7086614173228346
2024-08-29T12:19:13.364332,interface,0.7952755905511811,0.6280873353028549,0.0,0.31496062992125984,0.5196850393700787,0.2992125984251969,0.49606299212598426,0.7007874015748031
2024-08-29T12:19:13.381013,interface,0.7952755905511811,0.6280873353028549,0.0,0.31496062992125984,0.5196850393700787,0.2992125984251969,0.49606299212598426,0.6929133858267716
2024-08-29T12:19:13.395270,interface,0.7952755905511811,0.6280873353028549,0.0,0.31496062992125984,0.5196850393700787,0.2992125984251969,0.49606299212598426,0.6850393700787402
2024-08-29T12:19:13.410631,interface,0.7952755905511811,0.6280873353028549,0.0,0.31496062992125984,0.5196850393700787,0.2992125984251969,0.49606299212598426,0.6771653543307087
2024-08-29T12:19:13.414254,interface,0.7952755905511811,0.6280873353028549,0.0,0.31496062992125984,0.5196850393700787,0.2992125984251969,0.49606299212598426,0.6692913385826772
2024-08-29T12:19:13.433408,interface,0.7952755905511811,0.6280873353028549,0.0,0.31496062992125984,0.5196850393700787,0.2992125984251969,0.49606299212598426,0.6614173228346457
2024-08-29T12:19:13.447305,interface,0.7952755905511811,0.6280873353028549,0.0,0.31496062992125984,0.5196850393700787,0.2992125984251969,0.49606299212598426,0.6535433070866141
2024-08-29T12:19:13.461212,interface,0.7952755905511811,0.6280873353028549,0.0,0.31496062992125984,0.5196850393700787,0.2992125984251969,0.49606299212598426,0.6456692913385826
2024-08-29T12:19:13.471153,interface,0.7952755905511811,0.6280873353028549,0.0,0.31496062992125984,0.5196850393700787,0.2992125984251969,0.49606299212598426,0.6377952755905512
2024-08-29T12:19:13.472315,interface,0.7952755905511811,0.6280873353028549,0.0,0.31496062992125984,0.5196850393700787,0.2992125984251969,0.49606299212598426,0.6299212598425197
2024-08-29T12:19:13.488591,interface,0.7952755905511811,0.6280873353028549,0.0,0.31496062992125984,0.5196850393700787,0.2992125984251969,0.49606299212598426,0.6220472440944882
2024-08-29T12:19:13.497899,interface,0.7952755905511811,0.6280873353028549,0.0,0.31496062992125984,0.5196850393700787,0.2992125984251969,0.49606299212598426,0.6141732283464567
2024-08-29T12:19:13.499036,interface,0.7952755905511811,0.6280873353028549,0.0,0.31496062992125984,0.5196850393700787,0.2992125984251969,0.49606299212598426,0.6062992125984252
2024-08-29T12:19:13.509854,interface,0.7952755905511811,0.6280873353028549,0.0,0.31496062992125984,0.5196850393700787,0.2992125984251969,0.49606299212598426,0.5984251968503937
2024-08-29T12:19:13.522494,interface,0.7952755905511811,0.6280873353028549,0.0,0.31496062992125984,0.5196850393700787,0.2992125984251969,0.49606299212598426,0.5905511811023622
2024-08-29T12:19:13.523805,interface,0.7952755905511811,0.6280873353028549,0.0,0.31496062992125984,0.5196850393700787,0.2992125984251969,0.49606299212598426,0.5826771653543307
2024-08-29T12:19:13.527172,interface,0.7952755905511811,0.6280873353028549,0.0,0.31496062992125984,0.5196850393700787,0.2992125984251969,0.49606299212598426,0.5748031496062992
2024-08-29T12:19:13.544606,interface,0.7952755905511811,0.6280873353028549,0.0,0.31496062992125984,0.5196850393700787,0.2992125984251969,0.49606299212598426,0.5669291338582677
2024-08-29T12:19:13.545744,interface,0.7952755905511811,0.6280873353028549,0.0,0.31496062992125984,0.5196850393700787,0.2992125984251969,0.49606299212598426,0.5590551181102362
2024-08-29T12:19:13.561582,interface,0.7952755905511811,0.6280873353028549,0.0,0.31496062992125984,0.5196850393700787,0.2992125984251969,0.49606299212598426,0.5511811023622047
2024-08-29T12:19:13.574096,interface,0.7952755905511811,0.6280873353028549,0.0,0.31496062992125984,0.5196850393700787,0.2992125984251969,0.49606299212598426,0.5433070866141733
2024-08-29T12:19:13.587994,interface,0.7952755905511811,0.6280873353028549,0.0,0.31496062992125984,0.5196850393700787,0.2992125984251969,0.49606299212598426,0.5354330708661418
2024-08-29T12:19:13.605152,interface,0.7952755905511811,0.6280873353028549,0.0,0.31496062992125984,0.5196850393700787,0.2992125984251969,0.49606299212598426,0.5275590551181102
2024-08-29T12:19:13.616605,interface,0.7952755905511811,0.6280873353028549,0.0,0.31496062992125984,0.5196850393700787,0.2992125984251969,0.49606299212598426,0.5196850393700787
2024-08-29T12:19:13.630641,interface,0.7952755905511811,0.6280873353028549,0.0,0.31496062992125984,0.5196850393700787,0.2992125984251969,0.49606299212598426,0.5118110236220472
2024-08-29T12:19:13.641607,interface,0.7952755905511811,0.6280873353028549,0.0,0.31496062992125984,0.5196850393700787,0.2992125984251969,0.49606299212598426,0.5039370078740157
2024-08-29T12:19:13.659756,interface,0.7952755905511811,0.6280873353028549,0.0,0.31496062992125984,0.5196850393700787,0.2992125984251969,0.49606299212598426,0.49606299212598426
2024-08-29T12:19:13.672272,interface,0.7952755905511811,0.6280873353028549,0.0,0.31496062992125984,0.5196850393700787,0.2992125984251969,0.49606299212598426,0.4881889763779528
2024-08-29T12:19:13.687282,interface,0.7952755905511811,0.6280873353028549,0.0,0.31496062992125984,0.5196850393700787,0.2992125984251969,0.49606299212598426,0.48031496062992124
2024-08-29T12:19:13.705886,interface,0.7952755905511811,0.6280873353028549,0.0,0.31496062992125984,0.5196850393700787,0.2992125984251969,0.49606299212598426,0.47244094488188976
2024-08-29T12:19:13.726992,interface,0.7952755905511811,0.6280873353028549,0.0,0.31496062992125984,0.5196850393700787,0.2992125984251969,0.49606299212598426,0.4645669291338583
2024-08-29T12:19:13.742827,interface,0.7952755905511811,0.6280873353028549,0.0,0.31496062992125984,0.5196850393700787,0.2992125984251969,0.49606299212598426,0.4566929133858268
2024-08-29T12:19:13.763063,interface,0.7952755905511811,0.6280873353028549,0.0,0.31496062992125984,0.5196850393700787,0.2992125984251969,0.49606299212598426,0.44881889763779526
2024-08-29T12:19:13.779686,interface,0.7952755905511811,0.6280873353028549,0.0,0.31496062992125984,0.5196850393700787,0.2992125984251969,0.49606299212598426,0.4409448818897638
2024-08-29T12:19:13.790874,interface,0.7952755905511811,0.6280873353028549,0.0,0.31496062992125984,0.5196850393700787,0.2992125984251969,0.49606299212598426,0.4330708661417323
2024-08-29T12:19:13.794140,interface,0.7952755905511811,0.6280873353028549,0.0,0.31496062992125984,0.5196850393700787,0.2992125984251969,0.49606299212598426,0.4251968503937008
2024-08-29T12:19:13.813375,interface,0.7952755905511811,0.6280873353028549,0.0,0.31496062992125984,0.5196850393700787,0.2992125984251969,0.49606299212598426,0.41732283464566927
2024-08-29T12:19:13.816861,interface,0.7952755905511811,0.6280873353028549,0.0,0.31496062992125984,0.5196850393700787,0.2992125984251969,0.49606299212598426,0.4094488188976378
2024-08-29T12:19:13.848644,interface,0.7952755905511811,0.6280873353028549,0.0,0.31496062992125984,0.5196850393700787,0.2992125984251969,0.49606299212598426,0.4015748031496063
2024-08-29T12:19:13.971482,interface,0.7952755905511811,0.6280873353028549,0.0,0.31496062992125984,0.5196850393700787,0.2992125984251969,0.49606299212598426,0.3937007874015748
2024-08-29T12:19:14.003759,interface,0.7952755905511811,0.6280873353028549,0.0,0.31496062992125984,0.5196850393700787,0.2992125984251969,0.49606299212598426,0.3858267716535433
2024-08-29T12:19:14.032005,interface,0.7952755905511811,0.6280873353028549,0.0,0.31496062992125984,0.5196850393700787,0.2992125984251969,0.49606299212598426,0.3779527559055118
2024-08-29T12:19:14.056045,interface,0.7952755905511811,0.6280873353028549,0.0,0.31496062992125984,0.5196850393700787,0.2992125984251969,0.49606299212598426,0.3700787401574803
2024-08-29T12:19:14.076001,interface,0.7952755905511811,0.6280873353028549,0.0,0.31496062992125984,0.5196850393700787,0.2992125984251969,0.49606299212598426,0.36220472440944884
2024-08-29T12:19:14.092661,interface,0.7952755905511811,0.6280873353028549,0.0,0.31496062992125984,0.5196850393700787,0.2992125984251969,0.49606299212598426,0.3543307086614173
2024-08-29T12:19:14.105599,interface,0.7952755905511811,0.6280873353028549,0.0,0.31496062992125984,0.5196850393700787,0.2992125984251969,0.49606299212598426,0.3464566929133858
2024-08-29T12:19:14.120306,interface,0.7952755905511811,0.6280873353028549,0.0,0.31496062992125984,0.5196850393700787,0.2992125984251969,0.49606299212598426,0.33858267716535434
2024-08-29T12:19:14.136288,interface,0.7952755905511811,0.6280873353028549,0.0,0.31496062992125984,0.5196850393700787,0.2992125984251969,0.49606299212598426,0.33070866141732286
2024-08-29T12:19:14.152250,interface,0.7952755905511811,0.6280873353028549,0.0,0.31496062992125984,0.5196850393700787,0.2992125984251969,0.49606299212598426,0.3228346456692913
2024-08-29T12:19:14.168413,interface,0.7952755905511811,0.6280873353028549,0.0,0.31496062992125984,0.5196850393700787,0.2992125984251969,0.49606299212598426,0.31496062992125984
2024-08-29T12:19:14.180921,interface,0.7952755905511811,0.6280873353028549,0.0,0.31496062992125984,0.5196850393700787,0.2992125984251969,0.49606299212598426,0.30708661417322836
2024-08-29T12:19:14.196533,interface,0.7952755905511811,0.6280873353028549,0.0,0.31496062992125984,0.5196850393700787,0.2992125984251969,0.49606299212598426,0.2992125984251969
2024-08-29T12:19:14.208571,interface,0.7952755905511811,0.6280873353028549,0.0,0.31496062992125984,0.5196850393700787,0.2992125984251969,0.49606299212598426,0.29133858267716534
2024-08-29T12:19:14.229561,interface,0.7952755905511811,0.6280873353028549,0.0,0.31496062992125984,0.5196850393700787,0.2992125984251969,0.49606299212598426,0.28346456692913385
2024-08-29T12:19:14.250672,interface,0.7952755905511811,0.6280873353028549,0.0,0.31496062992125984,0.5196850393700787,0.2992125984251969,0.49606299212598426,0.2755905511811024
2024-08-29T12:19:14.280868,interface,0.7952755905511811,0.6280873353028549,0.0,0.31496062992125984,0.5196850393700787,0.2992125984251969,0.49606299212598426,0.2677165354330709
2024-08-29T12:19:14.315313,interface,0.7952755905511811,0.6280873353028549,0.0,0.31496062992125984,0.5196850393700787,0.2992125984251969,0.49606299212598426,0.25984251968503935
2024-08-29T12:19:14.347308,interface,0.7952755905511811,0.6280873353028549,0.0,0.31496062992125984,0.5196850393700787,0.2992125984251969,0.49606299212598426,0.25196850393700787
2024-08-29T12:19:14.385729,interface,0.7952755905511811,0.6280873353028549,0.0,0.31496062992125984,0.5196850393700787,0.2992125984251969,0.49606299212598426,0.2440944881889764
2024-08-29T12:19:14.434549,interface,0.7952755905511811,0.6280873353028549,0.0,0.31496062992125984,0.5196850393700787,0.2992125984251969,0.49606299212598426,0.23622047244094488
2024-08-29T12:19:14.484958,interface,0.7952755905511811,0.6280873353028549,0.0,0.31496062992125984,0.5196850393700787,0.2992125984251969,0.49606299212598426,0.2283464566929134
