2025-11-22T00:18:36.736322,interface,0.1889763779527559,0.757331626502564,0.1112500086447592,0.3442789302780489,0.7651766704536893,0.9916666065391868,0.7329078169949821,0.6085403535970967
2025-11-22T00:18:36.853784,interface,0.1889763779527559,0.757331626502564,0.1112500086447592,0.3442789302780489,0.7651766704536893,0.9916666065391868,0.7329078169949821,0.6085403535970967
2025-11-22T00:18:50.717603,interface,0.007874015748031496,0.757331626502564,0.1112500086447592,0.3442789302780489,0.7651766704536893,0.9916666065391868,0.7329078169949821,0.6085403535970967
2025-11-22T00:18:51.254162,interface,0.07874015748031496,0.757331626502564,0.1112500086447592,0.3442789302780489,0.7651766704536893,0.9916666065391868,0.7329078169949821,0.6085403535970967
2025-11-22T00:19:05.180099,interface,0.47244094488188976,0.757331626502564,0.1112500086447592,0.3442789302780489,0.7651766704536893,0.9916666065391868,0.7329078169949821,0.6085403535970967
2025-11-22T00:19:05.184558,interface,0.0,0.757331626502564,0.1112500086447592,0.3442789302780489,0.7651766704536893,0.9916666065391868,0.7329078169949821,0.6085403535970967
2025-11-22T00:19:06.441791,interface,0.4330708661417323,0.757331626502564,0.1112500086447592,0.3442789302780489,0.7651766704536893,0.9916666065391868,0.7329078169949821,0.6085403535970967
2025-11-22T00:19:06.983038,interface,0.6614173228346457,0.757331626502564,0.1112500086447592,0.3442789302780489,0.7651766704536893,0.9916666065391868,0.7329078169949821,0.6085403535970967
2025-11-22T00:19:08.292690,interface,0.8110236220472441,0.757331626502564,0.1112500086447592,0.3442789302780489,0.7651766704536893,0.9916666065391868,0.7329078169949821,0.6085403535970967
2025-11-22T00:19:08.733014,interface,0.6220472440944882,0.757331626502564,0.1112500086447592,0.3442789302780489,0.7651766704536893,0.9916666065391868,0.7329078169949821,0.6085403535970967
2025-11-22T00:19:08.923176,interface,0.6614173228346457,0.757331626502564,0.1112500086447592,0.3442789302780489,0.7651766704536893,0.9916666065391868,0.7329078169949821,0.6085403535970967
2025-11-22T00:19:09.234018,interface,0.47244094488188976,0.757331626502564,0.1112500086447592,0.3442789302780489,0.7651766704536893,0.9916666065391868,0.7329078169949821,0.6085403535970967
2025-11-22T00:19:09.484061,interface,0.4330708661417323,0.757331626502564,0.1112500086447592,0.3442789302780489,0.7651766704536893,0.9916666065391868,0.7329078169949821,0.6085403535970967
2025-11-22T00:19:10.420978,interface,0.12598425196850394,0.757331626502564,0.1112500086447592,0.3442789302780489,0.7651766704536893,0.9916666065391868,0.7329078169949821,0.6085403535970967
2025-11-22T00:19:14.218239,interface,0.12598425196850394,0.757331626502564,0.1112500086447592,0.0,0.7651766704536893,0.9916666065391868,0.7329078169949821,0.6085403535970967
2025-11-22T00:19:14.242345,interface,0.12598425196850394,0.757331626502564,0.1112500086447592,0.007874015748031496,0.7651766704536893,0.9916666065391868,0.7329078169949821,0.6085403535970967
2025-11-22T00:19:14.266352,interface,0.12598425196850394,0.757331626502564,0.1112500086447592,0.007874015748031496,0.7651766704536893,0.9916666065391868,0.7329078169949821,0.6085403535970967
2025-11-22T00:19:14.270296,interface,0.12598425196850394,0.757331626502564,0.1112500086447592,0.015748031496062992,0.7651766704536893,0.9916666065391868,0.7329078169949821,0.6085403535970967
2025-11-22T00:19:14.282352,interface,0.12598425196850394,0.757331626502564,0.1112500086447592,0.023622047244094488,0.7651766704536893,0.9916666065391868,0.7329078169949821,0.6085403535970967
2025-11-22T00:19:14.291939,interface,0.12598425196850394,0.757331626502564,0.1112500086447592,0.031496062992125984,0.7651766704536893,0.9916666065391868,0.7329078169949821,0.6085403535970967
2025-11-22T00:19:14.301076,interface,0.12598425196850394,0.757331626502564,0.1112500086447592,0.03937007874015748,0.7651766704536893,0.9916666065391868,0.7329078169949821,0.6085403535970967
2025-11-22T00:19:14.312590,interface,0.12598425196850394,0.757331626502564,0.1112500086447592,0.05511811023622047,0.7651766704536893,0.9916666065391868,0.7329078169949821,0.6085403535970967
2025-11-22T00:19:14.314542,interface,0.12598425196850394,0.757331626502564,0.1112500086447592,0.06299212598425197,0.7651766704536893,0.9916666065391868,0.7329078169949821,0.6085403535970967
2025-11-22T00:19:14.318523,interface,0.12598425196850394,0.757331626502564,0.1112500086447592,0.07874015748031496,0.7651766704536893,0.9916666065391868,0.7329078169949821,0.6085403535970967
2025-11-22T00:19:14.332275,interface,0.12598425196850394,0.757331626502564,0.1112500086447592,0.09448818897637795,0.7651766704536893,0.9916666065391868,0.7329078169949821,0.6085403535970967
2025-11-22T00:19:14.342039,interface,0.12598425196850394,0.757331626502564,0.1112500086447592,0.11811023622047244,0.7651766704536893,0.9916666065391868,0.7329078169949821,0.6085403535970967
2025-11-22T00:19:14.352216,interface,0.12598425196850394,0.757331626502564,0.1112500086447592,0.13385826771653545,0.7651766704536893,0.9916666065391868,0.7329078169949821,0.6085403535970967
2025-11-22T00:19:14.354115,interface,0.12598425196850394,0.757331626502564,0.1112500086447592,0.14960629921259844,0.7651766704536893,0.9916666065391868,0.7329078169949821,0.6085403535970967
2025-11-22T00:19:14.358049,interface,0.12598425196850394,0.757331626502564,0.1112500086447592,0.1732283464566929,0.7651766704536893,0.9916666065391868,0.7329078169949821,0.6085403535970967
2025-11-22T00:19:14.371916,interface,0.12598425196850394,0.757331626502564,0.1112500086447592,0.1889763779527559,0.7651766704536893,0.9916666065391868,0.7329078169949821,0.6085403535970967
2025-11-22T00:19:14.381581,interface,0.12598425196850394,0.757331626502564,0.1112500086447592,0.2047244094488189,0.7651766704536893,0.9916666065391868,0.7329078169949821,0.6085403535970967
2025-11-22T00:19:14.391786,interface,0.12598425196850394,0.757331626502564,0.1112500086447592,0.2204724409448819,0.7651766704536893,0.9916666065391868,0.7329078169949821,0.6085403535970967
2025-11-22T00:19:14.393832,interface,0.12598425196850394,0.757331626502564,0.1112500086447592,0.2440944881889764,0.7651766704536893,0.9916666065391868,0.7329078169949821,0.6085403535970967
2025-11-22T00:19:14.398280,interface,0.12598425196850394,0.757331626502564,0.1112500086447592,0.25984251968503935,0.7651766704536893,0.9916666065391868,0.7329078169949821,0.6085403535970967
2025-11-22T00:19:14.411846,interface,0.12598425196850394,0.757331626502564,0.1112500086447592,0.2755905511811024,0.7651766704536893,0.9916666065391868,0.7329078169949821,0.6085403535970967
2025-11-22T00:19:14.423297,interface,0.12598425196850394,0.757331626502564,0.1112500086447592,0.2992125984251969,0.7651766704536893,0.9916666065391868,0.7329078169949821,0.6085403535970967
2025-11-22T00:19:14.432420,interface,0.12598425196850394,0.757331626502564,0.1112500086447592,0.31496062992125984,0.7651766704536893,0.9916666065391868,0.7329078169949821,0.6085403535970967
2025-11-22T00:19:14.434323,interface,0.12598425196850394,0.757331626502564,0.1112500086447592,0.33858267716535434,0.7651766704536893,0.9916666065391868,0.7329078169949821,0.6085403535970967
2025-11-22T00:19:14.438280,interface,0.12598425196850394,0.757331626502564,0.1112500086447592,0.3543307086614173,0.7651766704536893,0.9916666065391868,0.7329078169949821,0.6085403535970967
2025-11-22T00:19:14.453015,interface,0.12598425196850394,0.757331626502564,0.1112500086447592,0.3779527559055118,0.7651766704536893,0.9916666065391868,0.7329078169949821,0.6085403535970967
2025-11-22T00:19:14.462220,interface,0.12598425196850394,0.757331626502564,0.1112500086447592,0.3937007874015748,0.7651766704536893,0.9916666065391868,0.7329078169949821,0.6085403535970967
2025-11-22T00:19:14.473441,interface,0.12598425196850394,0.757331626502564,0.1112500086447592,0.41732283464566927,0.7651766704536893,0.9916666065391868,0.7329078169949821,0.6085403535970967
2025-11-22T00:19:14.475367,interface,0.12598425196850394,0.757331626502564,0.1112500086447592,0.4330708661417323,0.7651766704536893,0.9916666065391868,0.7329078169949821,0.6085403535970967
2025-11-22T00:19:14.479152,interface,0.12598425196850394,0.757331626502564,0.1112500086447592,0.44881889763779526,0.7651766704536893,0.9916666065391868,0.7329078169949821,0.6085403535970967
2025-11-22T00:19:14.492101,interface,0.12598425196850394,0.757331626502564,0.1112500086447592,0.47244094488188976,0.7651766704536893,0.9916666065391868,0.7329078169949821,0.6085403535970967
2025-11-22T00:19:14.502891,interface,0.12598425196850394,0.757331626502564,0.1112500086447592,0.48031496062992124,0.7651766704536893,0.9916666065391868,0.7329078169949821,0.6085403535970967
2025-11-22T00:19:14.512167,interface,0.12598425196850394,0.757331626502564,0.1112500086447592,0.49606299212598426,0.7651766704536893,0.9916666065391868,0.7329078169949821,0.6085403535970967
2025-11-22T00:19:14.514063,interface,0.12598425196850394,0.757331626502564,0.1112500086447592,0.5118110236220472,0.7651766704536893,0.9916666065391868,0.7329078169949821,0.6085403535970967
2025-11-22T00:19:14.518006,interface,0.12598425196850394,0.757331626502564,0.1112500086447592,0.5275590551181102,0.7651766704536893,0.9916666065391868,0.7329078169949821,0.6085403535970967
2025-11-22T00:19:14.532009,interface,0.12598425196850394,0.757331626502564,0.1112500086447592,0.5511811023622047,0.7651766704536893,0.9916666065391868,0.7329078169949821,0.6085403535970967
2025-11-22T00:19:14.542420,interface,0.12598425196850394,0.757331626502564,0.1112500086447592,0.5669291338582677,0.7651766704536893,0.9916666065391868,0.7329078169949821,0.6085403535970967
2025-11-22T00:19:14.551963,interface,0.12598425196850394,0.757331626502564,0.1112500086447592,0.5826771653543307,0.7651766704536893,0.9916666065391868,0.7329078169949821,0.6085403535970967
2025-11-22T00:19:14.553882,interface,0.12598425196850394,0.757331626502564,0.1112500086447592,0.5984251968503937,0.7651766704536893,0.9916666065391868,0.7329078169949821,0.6085403535970967
2025-11-22T00:19:14.559491,interface,0.12598425196850394,0.757331626502564,0.1112500086447592,0.6141732283464567,0.7651766704536893,0.9916666065391868,0.7329078169949821,0.6085403535970967
2025-11-22T00:19:14.571608,interface,0.12598425196850394,0.757331626502564,0.1112500086447592,0.6220472440944882,0.7651766704536893,0.9916666065391868,0.7329078169949821,0.6085403535970967
2025-11-22T00:19:14.581433,interface,0.12598425196850394,0.757331626502564,0.1112500086447592,0.6377952755905512,0.7651766704536893,0.9916666065391868,0.7329078169949821,0.6085403535970967
2025-11-22T00:19:14.591879,interface,0.12598425196850394,0.757331626502564,0.1112500086447592,0.6535433070866141,0.7651766704536893,0.9916666065391868,0.7329078169949821,0.6085403535970967
2025-11-22T00:19:14.593875,interface,0.12598425196850394,0.757331626502564,0.1112500086447592,0.6692913385826772,0.7651766704536893,0.9916666065391868,0.7329078169949821,0.6085403535970967
2025-11-22T00:19:14.599500,interface,0.12598425196850394,0.757331626502564,0.1112500086447592,0.6850393700787402,0.7651766704536893,0.9916666065391868,0.7329078169949821,0.6085403535970967
2025-11-22T00:19:14.611837,interface,0.12598425196850394,0.757331626502564,0.1112500086447592,0.7007874015748031,0.7651766704536893,0.9916666065391868,0.7329078169949821,0.6085403535970967
2025-11-22T00:19:14.621502,interface,0.12598425196850394,0.757331626502564,0.1112500086447592,0.7086614173228346,0.7651766704536893,0.9916666065391868,0.7329078169949821,0.6085403535970967
2025-11-22T00:19:14.633112,interface,0.12598425196850394,0.757331626502564,0.1112500086447592,0.7244094488188977,0.7651766704536893,0.9916666065391868,0.7329078169949821,0.6085403535970967
2025-11-22T00:19:14.635130,interface,0.12598425196850394,0.757331626502564,0.1112500086447592,0.7401574803149606,0.7651766704536893,0.9916666065391868,0.7329078169949821,0.6085403535970967
2025-11-22T00:19:14.638948,interface,0.12598425196850394,0.757331626502564,0.1112500086447592,0.7559055118110236,0.7651766704536893,0.9916666065391868,0.7329078169949821,0.6085403535970967
2025-11-22T00:19:14.651917,interface,0.12598425196850394,0.757331626502564,0.1112500086447592,0.7716535433070866,0.7651766704536893,0.9916666065391868,0.7329078169949821,0.6085403535970967
2025-11-22T00:19:14.661347,interface,0.12598425196850394,0.757331626502564,0.1112500086447592,0.7874015748031497,0.7651766704536893,0.9916666065391868,0.7329078169949821,0.6085403535970967
2025-11-22T00:19:14.673069,interface,0.12598425196850394,0.757331626502564,0.1112500086447592,0.8031496062992126,0.7651766704536893,0.9916666065391868,0.7329078169949821,0.6085403535970967
2025-11-22T00:19:14.674986,interface,0.12598425196850394,0.757331626502564,0.1112500086447592,0.8188976377952756,0.7651766704536893,0.9916666065391868,0.7329078169949821,0.6085403535970967
2025-11-22T00:19:14.678796,interface,0.12598425196850394,0.757331626502564,0.1112500086447592,0.8346456692913385,0.7651766704536893,0.9916666065391868,0.7329078169949821,0.6085403535970967
2025-11-22T00:19:14.692347,interface,0.12598425196850394,0.757331626502564,0.1112500086447592,0.8503937007874016,0.7651766704536893,0.9916666065391868,0.7329078169949821,0.6085403535970967
2025-11-22T00:19:14.701932,interface,0.12598425196850394,0.757331626502564,0.1112500086447592,0.8740157480314961,0.7651766704536893,0.9916666065391868,0.7329078169949821,0.6085403535970967
2025-11-22T00:19:14.713071,interface,0.12598425196850394,0.757331626502564,0.1112500086447592,0.889763779527559,0.7651766704536893,0.9916666065391868,0.7329078169949821,0.6085403535970967
2025-11-22T00:19:14.714975,interface,0.12598425196850394,0.757331626502564,0.1112500086447592,0.905511811023622,0.7651766704536893,0.9916666065391868,0.7329078169949821,0.6085403535970967
2025-11-22T00:19:14.718802,interface,0.12598425196850394,0.757331626502564,0.1112500086447592,0.9212598425196851,0.7651766704536893,0.9916666065391868,0.7329078169949821,0.6085403535970967
2025-11-22T00:19:14.731862,interface,0.12598425196850394,0.757331626502564,0.1112500086447592,0.9291338582677166,0.7651766704536893,0.9916666065391868,0.7329078169949821,0.6085403535970967
2025-11-22T00:19:14.741464,interface,0.12598425196850394,0.757331626502564,0.1112500086447592,0.9448818897637795,0.7651766704536893,0.9916666065391868,0.7329078169949821,0.6085403535970967
2025-11-22T00:19:14.752457,interface,0.12598425196850394,0.757331626502564,0.1112500086447592,0.952755905511811,0.7651766704536893,0.9916666065391868,0.7329078169949821,0.6085403535970967
2025-11-22T00:19:14.754507,interface,0.12598425196850394,0.757331626502564,0.1112500086447592,0.968503937007874,0.7651766704536893,0.9916666065391868,0.7329078169949821,0.6085403535970967
2025-11-22T00:19:14.758386,interface,0.12598425196850394,0.757331626502564,0.1112500086447592,0.9763779527559056,0.7651766704536893,0.9916666065391868,0.7329078169949821,0.6085403535970967
2025-11-22T00:19:14.771433,interface,0.12598425196850394,0.757331626502564,0.1112500086447592,0.984251968503937,0.7651766704536893,0.9916666065391868,0.7329078169949821,0.6085403535970967
2025-11-22T00:19:14.786492,interface,0.12598425196850394,0.757331626502564,0.1112500086447592,0.9921259842519685,0.7651766704536893,0.9916666065391868,0.7329078169949821,0.6085403535970967
2025-11-22T00:19:14.802421,interface,0.12598425196850394,0.757331626502564,0.1112500086447592,1.0,0.7651766704536893,0.9916666065391868,0.7329078169949821,0.6085403535970967
2025-11-22T00:19:14.826678,interface,0.12598425196850394,0.757331626502564,0.1112500086447592,1.0,0.7651766704536893,0.9916666065391868,0.7329078169949821,0.6085403535970967
2025-11-22T00:19:15.090363,interface,0.12598425196850394,0.757331626502564,0.1112500086447592,0.9921259842519685,0.7651766704536893,0.9916666065391868,0.7329078169949821,0.6085403535970967
2025-11-22T00:19:15.101266,interface,0.12598425196850394,0.757331626502564,0.1112500086447592,0.9921259842519685,0.7651766704536893,0.9916666065391868,0.7329078169949821,0.6085403535970967
2025-11-22T00:19:15.111378,interface,0.12598425196850394,0.757331626502564,0.1112500086447592,0.9763779527559056,0.7651766704536893,0.9916666065391868,0.7329078169949821,0.6085403535970967
2025-11-22T00:19:15.113243,interface,0.12598425196850394,0.757331626502564,0.1112500086447592,0.9606299212598425,0.7651766704536893,0.9916666065391868,0.7329078169949821,0.6085403535970967
2025-11-22T00:19:15.118883,interface,0.12598425196850394,0.757331626502564,0.1112500086447592,0.9448818897637795,0.7651766704536893,0.9916666065391868,0.7329078169949821,0.6085403535970967
2025-11-22T00:19:15.131534,interface,0.12598425196850394,0.757331626502564,0.1112500086447592,0.9212598425196851,0.7651766704536893,0.9916666065391868,0.7329078169949821,0.6085403535970967
2025-11-22T00:19:15.142505,interface,0.12598425196850394,0.757331626502564,0.1112500086447592,0.8976377952755905,0.7651766704536893,0.9916666065391868,0.7329078169949821,0.6085403535970967
2025-11-22T00:19:15.152216,interface,0.12598425196850394,0.757331626502564,0.1112500086447592,0.8740157480314961,0.7651766704536893,0.9916666065391868,0.7329078169949821,0.6085403535970967
2025-11-22T00:19:15.154130,interface,0.12598425196850394,0.757331626502564,0.1112500086447592,0.8503937007874016,0.7651766704536893,0.9916666065391868,0.7329078169949821,0.6085403535970967
2025-11-22T00:19:15.158092,interface,0.12598425196850394,0.757331626502564,0.1112500086447592,0.8267716535433071,0.7651766704536893,0.9916666065391868,0.7329078169949821,0.6085403535970967
2025-11-22T00:19:15.171269,interface,0.12598425196850394,0.757331626502564,0.1112500086447592,0.8110236220472441,0.7651766704536893,0.9916666065391868,0.7329078169949821,0.6085403535970967
2025-11-22T00:19:15.182287,interface,0.12598425196850394,0.757331626502564,0.1112500086447592,0.7874015748031497,0.7651766704536893,0.9916666065391868,0.7329078169949821,0.6085403535970967
2025-11-22T00:19:15.192337,interface,0.12598425196850394,0.757331626502564,0.1112500086447592,0.7716535433070866,0.7651766704536893,0.9916666065391868,0.7329078169949821,0.6085403535970967
2025-11-22T00:19:15.194312,interface,0.12598425196850394,0.757331626502564,0.1112500086447592,0.7559055118110236,0.7651766704536893,0.9916666065391868,0.7329078169949821,0.6085403535970967
2025-11-22T00:19:15.199936,interface,0.12598425196850394,0.757331626502564,0.1112500086447592,0.7401574803149606,0.7651766704536893,0.9916666065391868,0.7329078169949821,0.6085403535970967
2025-11-22T00:19:15.211924,interface,0.12598425196850394,0.757331626502564,0.1112500086447592,0.7244094488188977,0.7651766704536893,0.9916666065391868,0.7329078169949821,0.6085403535970967
2025-11-22T00:19:15.221326,interface,0.12598425196850394,0.757331626502564,0.1112500086447592,0.7086614173228346,0.7651766704536893,0.9916666065391868,0.7329078169949821,0.6085403535970967
2025-11-22T00:19:15.232115,interface,0.12598425196850394,0.757331626502564,0.1112500086447592,0.7007874015748031,0.7651766704536893,0.9916666065391868,0.7329078169949821,0.6085403535970967
2025-11-22T00:19:15.234088,interface,0.12598425196850394,0.757331626502564,0.1112500086447592,0.6850393700787402,0.7651766704536893,0.9916666065391868,0.7329078169949821,0.6085403535970967
2025-11-22T00:19:15.238203,interface,0.12598425196850394,0.757331626502564,0.1112500086447592,0.6692913385826772,0.7651766704536893,0.9916666065391868,0.7329078169949821,0.6085403535970967
2025-11-22T00:19:15.251262,interface,0.12598425196850394,0.757331626502564,0.1112500086447592,0.6614173228346457,0.7651766704536893,0.9916666065391868,0.7329078169949821,0.6085403535970967
2025-11-22T00:19:15.263330,interface,0.12598425196850394,0.757331626502564,0.1112500086447592,0.6456692913385826,0.7651766704536893,0.9916666065391868,0.7329078169949821,0.6085403535970967
2025-11-22T00:19:15.267273,interface,0.12598425196850394,0.757331626502564,0.1112500086447592,0.6377952755905512,0.7651766704536893,0.9916666065391868,0.7329078169949821,0.6085403535970967
2025-11-22T00:19:15.271122,interface,0.12598425196850394,0.757331626502564,0.1112500086447592,0.6299212598425197,0.7651766704536893,0.9916666065391868,0.7329078169949821,0.6085403535970967
2025-11-22T00:19:15.282668,interface,0.12598425196850394,0.757331626502564,0.1112500086447592,0.6220472440944882,0.7651766704536893,0.9916666065391868,0.7329078169949821,0.6085403535970967
2025-11-22T00:19:15.291685,interface,0.12598425196850394,0.757331626502564,0.1112500086447592,0.6062992125984252,0.7651766704536893,0.9916666065391868,0.7329078169949821,0.6085403535970967
2025-11-22T00:19:15.301308,interface,0.12598425196850394,0.757331626502564,0.1112500086447592,0.5984251968503937,0.7651766704536893,0.9916666065391868,0.7329078169949821,0.6085403535970967
2025-11-22T00:19:15.311378,interface,0.12598425196850394,0.757331626502564,0.1112500086447592,0.5905511811023622,0.7651766704536893,0.9916666065391868,0.7329078169949821,0.6085403535970967
2025-11-22T00:19:15.313250,interface,0.12598425196850394,0.757331626502564,0.1112500086447592,0.5826771653543307,0.7651766704536893,0.9916666065391868,0.7329078169949821,0.6085403535970967
2025-11-22T00:19:15.319079,interface,0.12598425196850394,0.757331626502564,0.1112500086447592,0.5826771653543307,0.7651766704536893,0.9916666065391868,0.7329078169949821,0.6085403535970967
2025-11-22T00:19:15.331475,interface,0.12598425196850394,0.757331626502564,0.1112500086447592,0.5748031496062992,0.7651766704536893,0.9916666065391868,0.7329078169949821,0.6085403535970967
2025-11-22T00:19:15.378825,interface,0.12598425196850394,0.757331626502564,0.1112500086447592,0.5826771653543307,0.7651766704536893,0.9916666065391868,0.7329078169949821,0.6085403535970967
2025-11-22T00:19:15.391196,interface,0.12598425196850394,0.757331626502564,0.1112500086447592,0.5905511811023622,0.7651766704536893,0.9916666065391868,0.7329078169949821,0.6085403535970967
2025-11-22T00:19:15.393075,interface,0.12598425196850394,0.757331626502564,0.1112500086447592,0.5905511811023622,0.7651766704536893,0.9916666065391868,0.7329078169949821,0.6085403535970967
2025-11-22T00:19:15.398812,interface,0.12598425196850394,0.757331626502564,0.1112500086447592,0.5984251968503937,0.7651766704536893,0.9916666065391868,0.7329078169949821,0.6085403535970967
2025-11-22T00:19:15.412177,interface,0.12598425196850394,0.757331626502564,0.1112500086447592,0.5984251968503937,0.7651766704536893,0.9916666065391868,0.7329078169949821,0.6085403535970967
2025-11-22T00:19:15.416637,interface,0.12598425196850394,0.757331626502564,0.1112500086447592,0.6062992125984252,0.7651766704536893,0.9916666065391868,0.7329078169949821,0.6085403535970967
2025-11-22T00:19:15.434813,interface,0.12598425196850394,0.757331626502564,0.1112500086447592,0.6141732283464567,0.7651766704536893,0.9916666065391868,0.7329078169949821,0.6085403535970967
2025-11-22T00:19:15.438668,interface,0.12598425196850394,0.757331626502564,0.1112500086447592,0.6220472440944882,0.7651766704536893,0.9916666065391868,0.7329078169949821,0.6085403535970967
2025-11-22T00:19:15.451653,interface,0.12598425196850394,0.757331626502564,0.1112500086447592,0.6220472440944882,0.7651766704536893,0.9916666065391868,0.7329078169949821,0.6085403535970967
2025-11-22T00:19:15.466739,interface,0.12598425196850394,0.757331626502564,0.1112500086447592,0.6299212598425197,0.7651766704536893,0.9916666065391868,0.7329078169949821,0.6085403535970967
2025-11-22T00:19:15.482731,interface,0.12598425196850394,0.757331626502564,0.1112500086447592,0.6299212598425197,0.7651766704536893,0.9916666065391868,0.7329078169949821,0.6085403535970967
2025-11-22T00:19:15.498746,interface,0.12598425196850394,0.757331626502564,0.1112500086447592,0.6377952755905512,0.7651766704536893,0.9916666065391868,0.7329078169949821,0.6085403535970967
2025-11-22T00:19:15.513852,interface,0.12598425196850394,0.757331626502564,0.1112500086447592,0.6377952755905512,0.7651766704536893,0.9916666065391868,0.7329078169949821,0.6085403535970967
2025-11-22T00:19:15.515738,interface,0.12598425196850394,0.757331626502564,0.1112500086447592,0.6456692913385826,0.7651766704536893,0.9916666065391868,0.7329078169949821,0.6085403535970967
2025-11-22T00:19:15.530763,interface,0.12598425196850394,0.757331626502564,0.1112500086447592,0.6535433070866141,0.7651766704536893,0.9916666065391868,0.7329078169949821,0.6085403535970967
2025-11-22T00:19:15.541773,interface,0.12598425196850394,0.757331626502564,0.1112500086447592,0.6535433070866141,0.7651766704536893,0.9916666065391868,0.7329078169949821,0.6085403535970967
2025-11-22T00:19:15.552142,interface,0.12598425196850394,0.757331626502564,0.1112500086447592,0.6614173228346457,0.7651766704536893,0.9916666065391868,0.7329078169949821,0.6085403535970967
2025-11-22T00:19:15.554100,interface,0.12598425196850394,0.757331626502564,0.1112500086447592,0.6614173228346457,0.7651766704536893,0.9916666065391868,0.7329078169949821,0.6085403535970967
2025-11-22T00:19:15.559751,interface,0.12598425196850394,0.757331626502564,0.1112500086447592,0.6692913385826772,0.7651766704536893,0.9916666065391868,0.7329078169949821,0.6085403535970967
2025-11-22T00:19:15.576876,interface,0.12598425196850394,0.757331626502564,0.1112500086447592,0.6771653543307087,0.7651766704536893,0.9916666065391868,0.7329078169949821,0.6085403535970967
2025-11-22T00:19:15.578778,interface,0.12598425196850394,0.757331626502564,0.1112500086447592,0.6771653543307087,0.7651766704536893,0.9916666065391868,0.7329078169949821,0.6085403535970967
2025-11-22T00:19:15.591402,interface,0.12598425196850394,0.757331626502564,0.1112500086447592,0.6850393700787402,0.7651766704536893,0.9916666065391868,0.7329078169949821,0.6085403535970967
2025-11-22T00:19:15.593368,interface,0.12598425196850394,0.757331626502564,0.1112500086447592,0.6929133858267716,0.7651766704536893,0.9916666065391868,0.7329078169949821,0.6085403535970967
2025-11-22T00:19:15.599011,interface,0.12598425196850394,0.757331626502564,0.1112500086447592,0.6929133858267716,0.7651766704536893,0.9916666065391868,0.7329078169949821,0.6085403535970967
2025-11-22T00:19:15.618753,interface,0.12598425196850394,0.757331626502564,0.1112500086447592,0.7007874015748031,0.7651766704536893,0.9916666065391868,0.7329078169949821,0.6085403535970967
2025-11-22T00:19:15.631862,interface,0.12598425196850394,0.757331626502564,0.1112500086447592,0.7007874015748031,0.7651766704536893,0.9916666065391868,0.7329078169949821,0.6085403535970967
2025-11-22T00:19:15.642750,interface,0.12598425196850394,0.757331626502564,0.1112500086447592,0.7086614173228346,0.7651766704536893,0.9916666065391868,0.7329078169949821,0.6085403535970967
2025-11-22T00:19:15.658807,interface,0.12598425196850394,0.757331626502564,0.1112500086447592,0.7165354330708661,0.7651766704536893,0.9916666065391868,0.7329078169949821,0.6085403535970967
2025-11-22T00:19:15.746702,interface,0.12598425196850394,0.757331626502564,0.1112500086447592,0.7086614173228346,0.7651766704536893,0.9916666065391868,0.7329078169949821,0.6085403535970967
2025-11-22T00:19:15.770633,interface,0.12598425196850394,0.757331626502564,0.1112500086447592,0.7086614173228346,0.7651766704536893,0.9916666065391868,0.7329078169949821,0.6085403535970967
2025-11-22T00:19:24.247550,interface,0.6220472440944882,0.757331626502564,0.1112500086447592,0.7086614173228346,0.7651766704536893,0.9916666065391868,0.7329078169949821,0.6085403535970967
2025-11-22T00:19:24.586978,interface,0.4330708661417323,0.757331626502564,0.1112500086447592,0.7086614173228346,0.7651766704536893,0.9916666065391868,0.7329078169949821,0.6085403535970967
2025-11-22T00:19:24.613121,interface,0.47244094488188976,0.757331626502564,0.1112500086447592,0.7086614173228346,0.7651766704536893,0.9916666065391868,0.7329078169949821,0.6085403535970967
2025-11-22T00:19:25.394126,interface,0.2440944881889764,0.757331626502564,0.1112500086447592,0.7086614173228346,0.7651766704536893,0.9916666065391868,0.7329078169949821,0.6085403535970967
2025-11-22T00:19:25.413600,interface,0.1889763779527559,0.757331626502564,0.1112500086447592,0.7086614173228346,0.7651766704536893,0.9916666065391868,0.7329078169949821,0.6085403535970967
2025-11-22T00:19:25.935179,interface,0.3779527559055118,0.757331626502564,0.1112500086447592,0.7086614173228346,0.7651766704536893,0.9916666065391868,0.7329078169949821,0.6085403535970967
2025-11-22T00:19:26.170010,interface,0.8503937007874016,0.757331626502564,0.1112500086447592,0.7086614173228346,0.7651766704536893,0.9916666065391868,0.7329078169949821,0.6085403535970967
2025-11-22T00:19:26.561846,interface,0.905511811023622,0.757331626502564,0.1112500086447592,0.7086614173228346,0.7651766704536893,0.9916666065391868,0.7329078169949821,0.6085403535970967
2025-11-22T00:19:26.665519,interface,0.6220472440944882,0.757331626502564,0.1112500086447592,0.7086614173228346,0.7651766704536893,0.9916666065391868,0.7329078169949821,0.6085403535970967
2025-11-22T00:19:26.849373,interface,0.7165354330708661,0.757331626502564,0.1112500086447592,0.7086614173228346,0.7651766704536893,0.9916666065391868,0.7329078169949821,0.6085403535970967
2025-11-22T00:19:27.032899,interface,0.6614173228346457,0.757331626502564,0.1112500086447592,0.7086614173228346,0.7651766704536893,0.9916666065391868,0.7329078169949821,0.6085403535970967
2025-11-22T00:19:27.580763,interface,0.5275590551181102,0.757331626502564,0.1112500086447592,0.7086614173228346,0.7651766704536893,0.9916666065391868,0.7329078169949821,0.6085403535970967
2025-11-22T00:19:27.585449,interface,0.031496062992125984,0.757331626502564,0.1112500086447592,0.7086614173228346,0.7651766704536893,0.9916666065391868,0.7329078169949821,0.6085403535970967
2025-11-22T00:19:28.190783,interface,0.47244094488188976,0.757331626502564,0.1112500086447592,0.7086614173228346,0.7651766704536893,0.9916666065391868,0.7329078169949821,0.6085403535970967
2025-11-22T00:19:28.258777,interface,0.47244094488188976,0.757331626502564,0.1112500086447592,0.7086614173228346,0.7651766704536893,0.9916666065391868,0.7329078169949821,0.6085403535970967
2025-11-22T00:19:28.848688,interface,0.47244094488188976,0.757331626502564,0.1112500086447592,0.7086614173228346,0.7651766704536893,0.9916666065391868,0.7329078169949821,0.6085403535970967
2025-11-22T00:19:28.936508,interface,0.47244094488188976,0.757331626502564,0.1112500086447592,0.7086614173228346,0.7651766704536893,0.9916666065391868,0.7329078169949821,0.6085403535970967
2025-11-22T00:19:29.011706,interface,0.47244094488188976,0.757331626502564,0.1112500086447592,0.7086614173228346,0.7651766704536893,0.9916666065391868,0.7329078169949821,0.6085403535970967
2025-11-22T00:19:29.215365,interface,0.6614173228346457,0.757331626502564,0.1112500086447592,0.7086614173228346,0.7651766704536893,0.9916666065391868,0.7329078169949821,0.6085403535970967
2025-11-22T00:19:29.302119,interface,0.6614173228346457,0.757331626502564,0.1112500086447592,0.7086614173228346,0.7651766704536893,0.9916666065391868,0.7329078169949821,0.6085403535970967
2025-11-22T00:19:29.355783,interface,0.6614173228346457,0.757331626502564,0.1112500086447592,0.7086614173228346,0.7651766704536893,0.9916666065391868,0.7329078169949821,0.6085403535970967
2025-11-22T00:19:29.430312,interface,0.6614173228346457,0.757331626502564,0.1112500086447592,0.7086614173228346,0.7651766704536893,0.9916666065391868,0.7329078169949821,0.6085403535970967
2025-11-22T00:19:29.588073,interface,0.6614173228346457,0.757331626502564,0.1112500086447592,0.7086614173228346,0.7651766704536893,0.9916666065391868,0.7329078169949821,0.6085403535970967
2025-11-22T00:19:29.672331,interface,0.6614173228346457,0.757331626502564,0.1112500086447592,0.7086614173228346,0.7651766704536893,0.9916666065391868,0.7329078169949821,0.6085403535970967
2025-11-22T00:19:29.741964,interface,0.6614173228346457,0.757331626502564,0.1112500086447592,0.7086614173228346,0.7651766704536893,0.9916666065391868,0.7329078169949821,0.6085403535970967
2025-11-22T00:19:29.814516,interface,0.6614173228346457,0.757331626502564,0.1112500086447592,0.7086614173228346,0.7651766704536893,0.9916666065391868,0.7329078169949821,0.6085403535970967
2025-11-22T00:19:29.905612,interface,0.6614173228346457,0.757331626502564,0.1112500086447592,0.7086614173228346,0.7651766704536893,0.9916666065391868,0.7329078169949821,0.6085403535970967
2025-11-22T00:19:29.981845,interface,0.6614173228346457,0.757331626502564,0.1112500086447592,0.7086614173228346,0.7651766704536893,0.9916666065391868,0.7329078169949821,0.6085403535970967
2025-11-22T00:19:30.077323,interface,0.6614173228346457,0.757331626502564,0.1112500086447592,0.7086614173228346,0.7651766704536893,0.9916666065391868,0.7329078169949821,0.6085403535970967
2025-11-22T00:19:30.180696,interface,0.6614173228346457,0.757331626502564,0.1112500086447592,0.7086614173228346,0.7651766704536893,0.9916666065391868,0.7329078169949821,0.6085403535970967
2025-11-22T00:19:30.421837,interface,0.6614173228346457,0.757331626502564,0.1112500086447592,0.7086614173228346,0.7651766704536893,0.9916666065391868,0.7329078169949821,0.6085403535970967
2025-11-22T00:19:30.572126,interface,0.6614173228346457,0.757331626502564,0.1112500086447592,0.7086614173228346,0.7651766704536893,0.9916666065391868,0.7329078169949821,0.6085403535970967
2025-11-22T00:19:30.675647,interface,0.6614173228346457,0.757331626502564,0.1112500086447592,0.7086614173228346,0.7651766704536893,0.9916666065391868,0.7329078169949821,0.6085403535970967
2025-11-22T00:19:30.766756,interface,0.6614173228346457,0.757331626502564,0.1112500086447592,0.7086614173228346,0.7651766704536893,0.9916666065391868,0.7329078169949821,0.6085403535970967
2025-11-22T00:19:30.869968,interface,0.6614173228346457,0.757331626502564,0.1112500086447592,0.7086614173228346,0.7651766704536893,0.9916666065391868,0.7329078169949821,0.6085403535970967
2025-11-22T00:19:30.936940,interface,0.6614173228346457,0.757331626502564,0.1112500086447592,0.7086614173228346,0.7651766704536893,0.9916666065391868,0.7329078169949821,0.6085403535970967
2025-11-22T00:19:31.024346,interface,0.6614173228346457,0.757331626502564,0.1112500086447592,0.7086614173228346,0.7651766704536893,0.9916666065391868,0.7329078169949821,0.6085403535970967
2025-11-22T00:19:31.289206,interface,0.6220472440944882,0.757331626502564,0.1112500086447592,0.7086614173228346,0.7651766704536893,0.9916666065391868,0.7329078169949821,0.6085403535970967
2025-11-22T00:19:31.365745,interface,0.6614173228346457,0.757331626502564,0.1112500086447592,0.7086614173228346,0.7651766704536893,0.9916666065391868,0.7329078169949821,0.6085403535970967
2025-11-22T00:19:31.428648,interface,0.6220472440944882,0.757331626502564,0.1112500086447592,0.7086614173228346,0.7651766704536893,0.9916666065391868,0.7329078169949821,0.6085403535970967
2025-11-22T00:19:31.524698,interface,0.6614173228346457,0.757331626502564,0.1112500086447592,0.7086614173228346,0.7651766704536893,0.9916666065391868,0.7329078169949821,0.6085403535970967
2025-11-22T00:19:31.604753,interface,0.6614173228346457,0.757331626502564,0.1112500086447592,0.7086614173228346,0.7651766704536893,0.9916666065391868,0.7329078169949821,0.6085403535970967
2025-11-22T00:19:31.695592,interface,0.6614173228346457,0.757331626502564,0.1112500086447592,0.7086614173228346,0.7651766704536893,0.9916666065391868,0.7329078169949821,0.6085403535970967
2025-11-22T00:19:31.765557,interface,0.6614173228346457,0.757331626502564,0.1112500086447592,0.7086614173228346,0.7651766704536893,0.9916666065391868,0.7329078169949821,0.6085403535970967
2025-11-22T00:19:31.845496,interface,0.6614173228346457,0.757331626502564,0.1112500086447592,0.7086614173228346,0.7651766704536893,0.9916666065391868,0.7329078169949821,0.6085403535970967
2025-11-22T00:19:31.932860,interface,0.6614173228346457,0.757331626502564,0.1112500086447592,0.7086614173228346,0.7651766704536893,0.9916666065391868,0.7329078169949821,0.6085403535970967
2025-11-22T00:19:32.017684,interface,0.6614173228346457,0.757331626502564,0.1112500086447592,0.7086614173228346,0.7651766704536893,0.9916666065391868,0.7329078169949821,0.6085403535970967
2025-11-22T00:19:32.097871,interface,0.6614173228346457,0.757331626502564,0.1112500086447592,0.7086614173228346,0.7651766704536893,0.9916666065391868,0.7329078169949821,0.6085403535970967
2025-11-22T00:19:32.170151,interface,0.6614173228346457,0.757331626502564,0.1112500086447592,0.7086614173228346,0.7651766704536893,0.9916666065391868,0.7329078169949821,0.6085403535970967
2025-11-22T00:19:32.250881,interface,0.6614173228346457,0.757331626502564,0.1112500086447592,0.7086614173228346,0.7651766704536893,0.9916666065391868,0.7329078169949821,0.6085403535970967
2025-11-22T00:19:32.354709,interface,0.6614173228346457,0.757331626502564,0.1112500086447592,0.7086614173228346,0.7651766704536893,0.9916666065391868,0.7329078169949821,0.6085403535970967
2025-11-22T00:19:32.447102,interface,0.6614173228346457,0.757331626502564,0.1112500086447592,0.7086614173228346,0.7651766704536893,0.9916666065391868,0.7329078169949821,0.6085403535970967
2025-11-22T00:19:32.525297,interface,0.6614173228346457,0.757331626502564,0.1112500086447592,0.7086614173228346,0.7651766704536893,0.9916666065391868,0.7329078169949821,0.6085403535970967
2025-11-22T00:19:32.593411,interface,0.6614173228346457,0.757331626502564,0.1112500086447592,0.7086614173228346,0.7651766704536893,0.9916666065391868,0.7329078169949821,0.6085403535970967
2025-11-22T00:19:32.687635,interface,0.6614173228346457,0.757331626502564,0.1112500086447592,0.7086614173228346,0.7651766704536893,0.9916666065391868,0.7329078169949821,0.6085403535970967
2025-11-22T00:19:32.762752,interface,0.6220472440944882,0.757331626502564,0.1112500086447592,0.7086614173228346,0.7651766704536893,0.9916666065391868,0.7329078169949821,0.6085403535970967
2025-11-22T00:19:32.852552,interface,0.6614173228346457,0.757331626502564,0.1112500086447592,0.7086614173228346,0.7651766704536893,0.9916666065391868,0.7329078169949821,0.6085403535970967
2025-11-22T00:19:32.929420,interface,0.6220472440944882,0.757331626502564,0.1112500086447592,0.7086614173228346,0.7651766704536893,0.9916666065391868,0.7329078169949821,0.6085403535970967
2025-11-22T00:19:33.002379,interface,0.6614173228346457,0.757331626502564,0.1112500086447592,0.7086614173228346,0.7651766704536893,0.9916666065391868,0.7329078169949821,0.6085403535970967
2025-11-22T00:19:33.079580,interface,0.6220472440944882,0.757331626502564,0.1112500086447592,0.7086614173228346,0.7651766704536893,0.9916666065391868,0.7329078169949821,0.6085403535970967
2025-11-22T00:19:33.177010,interface,0.6614173228346457,0.757331626502564,0.1112500086447592,0.7086614173228346,0.7651766704536893,0.9916666065391868,0.7329078169949821,0.6085403535970967
2025-11-22T00:19:33.352853,interface,0.6614173228346457,0.757331626502564,0.1112500086447592,0.7086614173228346,0.7651766704536893,0.9916666065391868,0.7329078169949821,0.6085403535970967
2025-11-22T00:19:33.357129,interface,0.6220472440944882,0.757331626502564,0.1112500086447592,0.7086614173228346,0.7651766704536893,0.9916666065391868,0.7329078169949821,0.6085403535970967
2025-11-22T00:19:33.431394,interface,0.6220472440944882,0.757331626502564,0.1112500086447592,0.7086614173228346,0.7651766704536893,0.9916666065391868,0.7329078169949821,0.6085403535970967
2025-11-22T00:19:33.514030,interface,0.6220472440944882,0.757331626502564,0.1112500086447592,0.7086614173228346,0.7651766704536893,0.9916666065391868,0.7329078169949821,0.6085403535970967
2025-11-22T00:19:33.587864,interface,0.6220472440944882,0.757331626502564,0.1112500086447592,0.7086614173228346,0.7651766704536893,0.9916666065391868,0.7329078169949821,0.6085403535970967
2025-11-22T00:19:33.691987,interface,0.6614173228346457,0.757331626502564,0.1112500086447592,0.7086614173228346,0.7651766704536893,0.9916666065391868,0.7329078169949821,0.6085403535970967
2025-11-22T00:19:33.848579,interface,0.6614173228346457,0.757331626502564,0.1112500086447592,0.7086614173228346,0.7651766704536893,0.9916666065391868,0.7329078169949821,0.6085403535970967
2025-11-22T00:19:33.920607,interface,0.6220472440944882,0.757331626502564,0.1112500086447592,0.7086614173228346,0.7651766704536893,0.9916666065391868,0.7329078169949821,0.6085403535970967
2025-11-22T00:19:34.020898,interface,0.6614173228346457,0.757331626502564,0.1112500086447592,0.7086614173228346,0.7651766704536893,0.9916666065391868,0.7329078169949821,0.6085403535970967
2025-11-22T00:19:34.264293,interface,0.6220472440944882,0.757331626502564,0.1112500086447592,0.7086614173228346,0.7651766704536893,0.9916666065391868,0.7329078169949821,0.6085403535970967
2025-11-22T00:19:34.542500,interface,0.6614173228346457,0.757331626502564,0.1112500086447592,0.7086614173228346,0.7651766704536893,0.9916666065391868,0.7329078169949821,0.6085403535970967
2025-11-22T00:19:34.695169,interface,0.6614173228346457,0.757331626502564,0.1112500086447592,0.7086614173228346,0.7651766704536893,0.9916666065391868,0.7329078169949821,0.6085403535970967
2025-11-22T00:19:34.699740,interface,0.6535433070866141,0.757331626502564,0.1112500086447592,0.7086614173228346,0.7651766704536893,0.9916666065391868,0.7329078169949821,0.6085403535970967
2025-11-22T00:19:34.778867,interface,0.6614173228346457,0.757331626502564,0.1112500086447592,0.7086614173228346,0.7651766704536893,0.9916666065391868,0.7329078169949821,0.6085403535970967
2025-11-22T00:19:35.107553,interface,0.8110236220472441,0.757331626502564,0.1112500086447592,0.7086614173228346,0.7651766704536893,0.9916666065391868,0.7329078169949821,0.6085403535970967
2025-11-22T00:19:35.378161,interface,0.6614173228346457,0.757331626502564,0.1112500086447592,0.7086614173228346,0.7651766704536893,0.9916666065391868,0.7329078169949821,0.6085403535970967
2025-11-22T00:19:35.542444,interface,0.8503937007874016,0.757331626502564,0.1112500086447592,0.7086614173228346,0.7651766704536893,0.9916666065391868,0.7329078169949821,0.6085403535970967
2025-11-22T00:19:35.743651,interface,0.6614173228346457,0.757331626502564,0.1112500086447592,0.7086614173228346,0.7651766704536893,0.9916666065391868,0.7329078169949821,0.6085403535970967
2025-11-22T00:19:35.919450,interface,0.6220472440944882,0.757331626502564,0.1112500086447592,0.7086614173228346,0.7651766704536893,0.9916666065391868,0.7329078169949821,0.6085403535970967
2025-11-22T00:19:36.009101,interface,0.6220472440944882,0.757331626502564,0.1112500086447592,0.7086614173228346,0.7651766704536893,0.9916666065391868,0.7329078169949821,0.6085403535970967
2025-11-22T00:19:36.096269,interface,0.6614173228346457,0.757331626502564,0.1112500086447592,0.7086614173228346,0.7651766704536893,0.9916666065391868,0.7329078169949821,0.6085403535970967
2025-11-22T00:19:36.461997,interface,0.6220472440944882,0.757331626502564,0.1112500086447592,0.7086614173228346,0.7651766704536893,0.9916666065391868,0.7329078169949821,0.6085403535970967
2025-11-22T00:19:36.639148,interface,0.6220472440944882,0.757331626502564,0.1112500086447592,0.7086614173228346,0.7651766704536893,0.9916666065391868,0.7329078169949821,0.6085403535970967
2025-11-22T00:19:36.664729,interface,0.6220472440944882,0.757331626502564,0.1112500086447592,0.7086614173228346,0.7651766704536893,0.9916666065391868,0.7329078169949821,0.6085403535970967
2025-11-22T00:19:36.757206,interface,0.6220472440944882,0.757331626502564,0.1112500086447592,0.7086614173228346,0.7651766704536893,0.9916666065391868,0.7329078169949821,0.6085403535970967
2025-11-22T00:19:36.820111,interface,0.6220472440944882,0.757331626502564,0.1112500086447592,0.7086614173228346,0.7651766704536893,0.9916666065391868,0.7329078169949821,0.6085403535970967
2025-11-22T00:19:37.050163,interface,0.8503937007874016,0.757331626502564,0.1112500086447592,0.7086614173228346,0.7651766704536893,0.9916666065391868,0.7329078169949821,0.6085403535970967
2025-11-22T00:19:37.404919,interface,0.6614173228346457,0.757331626502564,0.1112500086447592,0.7086614173228346,0.7651766704536893,0.9916666065391868,0.7329078169949821,0.6085403535970967
2025-11-22T00:19:37.409718,interface,0.5275590551181102,0.757331626502564,0.1112500086447592,0.7086614173228346,0.7651766704536893,0.9916666065391868,0.7329078169949821,0.6085403535970967
2025-11-22T00:19:37.513875,interface,0.6614173228346457,0.757331626502564,0.1112500086447592,0.7086614173228346,0.7651766704536893,0.9916666065391868,0.7329078169949821,0.6085403535970967
2025-11-22T00:19:37.816456,interface,0.8110236220472441,0.757331626502564,0.1112500086447592,0.7086614173228346,0.7651766704536893,0.9916666065391868,0.7329078169949821,0.6085403535970967
2025-11-22T00:19:37.881049,interface,0.8110236220472441,0.757331626502564,0.1112500086447592,0.7086614173228346,0.7651766704536893,0.9916666065391868,0.7329078169949821,0.6085403535970967
2025-11-22T00:19:38.002004,interface,0.8503937007874016,0.757331626502564,0.1112500086447592,0.7086614173228346,0.7651766704536893,0.9916666065391868,0.7329078169949821,0.6085403535970967
2025-11-22T00:19:38.157072,interface,0.8346456692913385,0.757331626502564,0.1112500086447592,0.7086614173228346,0.7651766704536893,0.9916666065391868,0.7329078169949821,0.6085403535970967
2025-11-22T00:19:38.330638,interface,0.6614173228346457,0.757331626502564,0.1112500086447592,0.7086614173228346,0.7651766704536893,0.9916666065391868,0.7329078169949821,0.6085403535970967
2025-11-22T00:19:38.335367,interface,0.7795275590551181,0.757331626502564,0.1112500086447592,0.7086614173228346,0.7651766704536893,0.9916666065391868,0.7329078169949821,0.6085403535970967
2025-11-22T00:19:38.543574,interface,0.6220472440944882,0.757331626502564,0.1112500086447592,0.7086614173228346,0.7651766704536893,0.9916666065391868,0.7329078169949821,0.6085403535970967
2025-11-22T00:19:38.559951,interface,0.6771653543307087,0.757331626502564,0.1112500086447592,0.7086614173228346,0.7651766704536893,0.9916666065391868,0.7329078169949821,0.6085403535970967
2025-11-22T00:19:38.617094,interface,0.6220472440944882,0.757331626502564,0.1112500086447592,0.7086614173228346,0.7651766704536893,0.9916666065391868,0.7329078169949821,0.6085403535970967
2025-11-22T00:19:38.720728,interface,0.8110236220472441,0.757331626502564,0.1112500086447592,0.7086614173228346,0.7651766704536893,0.9916666065391868,0.7329078169949821,0.6085403535970967
2025-11-22T00:19:38.799488,interface,0.8110236220472441,0.757331626502564,0.1112500086447592,0.7086614173228346,0.7651766704536893,0.9916666065391868,0.7329078169949821,0.6085403535970967
2025-11-22T00:19:38.887515,interface,0.8503937007874016,0.757331626502564,0.1112500086447592,0.7086614173228346,0.7651766704536893,0.9916666065391868,0.7329078169949821,0.6085403535970967
2025-11-22T00:19:39.290721,interface,0.6220472440944882,0.757331626502564,0.1112500086447592,0.7086614173228346,0.7651766704536893,0.9916666065391868,0.7329078169949821,0.6085403535970967
2025-11-22T00:19:39.394361,interface,0.6220472440944882,0.757331626502564,0.1112500086447592,0.7086614173228346,0.7651766704536893,0.9916666065391868,0.7329078169949821,0.6085403535970967
2025-11-22T00:19:39.519697,interface,0.8503937007874016,0.757331626502564,0.1112500086447592,0.7086614173228346,0.7651766704536893,0.9916666065391868,0.7329078169949821,0.6085403535970967
2025-11-22T00:19:39.607528,interface,0.8110236220472441,0.757331626502564,0.1112500086447592,0.7086614173228346,0.7651766704536893,0.9916666065391868,0.7329078169949821,0.6085403535970967
2025-11-22T00:19:39.659608,interface,0.6220472440944882,0.757331626502564,0.1112500086447592,0.7086614173228346,0.7651766704536893,0.9916666065391868,0.7329078169949821,0.6085403535970967
2025-11-22T00:19:39.822324,interface,0.8110236220472441,0.757331626502564,0.1112500086447592,0.7086614173228346,0.7651766704536893,0.9916666065391868,0.7329078169949821,0.6085403535970967
2025-11-22T00:19:39.887094,interface,0.6220472440944882,0.757331626502564,0.1112500086447592,0.7086614173228346,0.7651766704536893,0.9916666065391868,0.7329078169949821,0.6085403535970967
2025-11-22T00:19:39.967016,interface,0.8503937007874016,0.757331626502564,0.1112500086447592,0.7086614173228346,0.7651766704536893,0.9916666065391868,0.7329078169949821,0.6085403535970967
2025-11-22T00:19:40.019477,interface,0.8503937007874016,0.757331626502564,0.1112500086447592,0.7086614173228346,0.7651766704536893,0.9916666065391868,0.7329078169949821,0.6085403535970967
2025-11-22T00:19:40.085974,interface,0.6220472440944882,0.757331626502564,0.1112500086447592,0.7086614173228346,0.7651766704536893,0.9916666065391868,0.7329078169949821,0.6085403535970967
2025-11-22T00:19:40.240131,interface,0.8503937007874016,0.757331626502564,0.1112500086447592,0.7086614173228346,0.7651766704536893,0.9916666065391868,0.7329078169949821,0.6085403535970967
2025-11-22T00:19:40.319978,interface,0.6220472440944882,0.757331626502564,0.1112500086447592,0.7086614173228346,0.7651766704536893,0.9916666065391868,0.7329078169949821,0.6085403535970967
2025-11-22T00:19:40.391660,interface,0.8503937007874016,0.757331626502564,0.1112500086447592,0.7086614173228346,0.7651766704536893,0.9916666065391868,0.7329078169949821,0.6085403535970967
2025-11-22T00:19:40.483128,interface,0.8110236220472441,0.757331626502564,0.1112500086447592,0.7086614173228346,0.7651766704536893,0.9916666065391868,0.7329078169949821,0.6085403535970967
2025-11-22T00:19:40.518804,interface,0.6220472440944882,0.757331626502564,0.1112500086447592,0.7086614173228346,0.7651766704536893,0.9916666065391868,0.7329078169949821,0.6085403535970967
2025-11-22T00:19:40.597698,interface,0.8503937007874016,0.757331626502564,0.1112500086447592,0.7086614173228346,0.7651766704536893,0.9916666065391868,0.7329078169949821,0.6085403535970967
2025-11-22T00:19:40.645745,interface,0.8110236220472441,0.757331626502564,0.1112500086447592,0.7086614173228346,0.7651766704536893,0.9916666065391868,0.7329078169949821,0.6085403535970967
2025-11-22T00:19:41.168377,interface,0.6220472440944882,0.757331626502564,0.1112500086447592,0.7086614173228346,0.7651766704536893,0.9916666065391868,0.7329078169949821,0.6085403535970967
2025-11-22T00:19:41.399229,interface,0.6220472440944882,0.757331626502564,0.1112500086447592,0.7086614173228346,0.7651766704536893,0.9916666065391868,0.7329078169949821,0.6085403535970967
2025-11-22T00:19:41.559433,interface,0.6220472440944882,0.757331626502564,0.1112500086447592,0.7086614173228346,0.7651766704536893,0.9916666065391868,0.7329078169949821,0.6085403535970967
2025-11-22T00:19:41.602674,interface,0.7165354330708661,0.757331626502564,0.1112500086447592,0.7086614173228346,0.7651766704536893,0.9916666065391868,0.7329078169949821,0.6085403535970967
2025-11-22T00:19:41.634025,interface,0.8503937007874016,0.757331626502564,0.1112500086447592,0.7086614173228346,0.7651766704536893,0.9916666065391868,0.7329078169949821,0.6085403535970967
2025-11-22T00:19:41.722051,interface,0.8110236220472441,0.757331626502564,0.1112500086447592,0.7086614173228346,0.7651766704536893,0.9916666065391868,0.7329078169949821,0.6085403535970967
2025-11-22T00:19:41.774406,interface,0.6220472440944882,0.757331626502564,0.1112500086447592,0.7086614173228346,0.7651766704536893,0.9916666065391868,0.7329078169949821,0.6085403535970967
2025-11-22T00:19:41.853160,interface,0.8503937007874016,0.757331626502564,0.1112500086447592,0.7086614173228346,0.7651766704536893,0.9916666065391868,0.7329078169949821,0.6085403535970967
2025-11-22T00:19:41.905735,interface,0.8110236220472441,0.757331626502564,0.1112500086447592,0.7086614173228346,0.7651766704536893,0.9916666065391868,0.7329078169949821,0.6085403535970967
2025-11-22T00:19:41.984302,interface,0.6220472440944882,0.757331626502564,0.1112500086447592,0.7086614173228346,0.7651766704536893,0.9916666065391868,0.7329078169949821,0.6085403535970967
2025-11-22T00:19:42.083659,interface,0.8503937007874016,0.757331626502564,0.1112500086447592,0.7086614173228346,0.7651766704536893,0.9916666065391868,0.7329078169949821,0.6085403535970967
2025-11-22T00:19:42.187324,interface,0.6220472440944882,0.757331626502564,0.1112500086447592,0.7086614173228346,0.7651766704536893,0.9916666065391868,0.7329078169949821,0.6085403535970967
2025-11-22T00:19:42.325151,interface,0.8110236220472441,0.757331626502564,0.1112500086447592,0.7086614173228346,0.7651766704536893,0.9916666065391868,0.7329078169949821,0.6085403535970967
2025-11-22T00:19:42.336389,interface,0.6299212598425197,0.757331626502564,0.1112500086447592,0.7086614173228346,0.7651766704536893,0.9916666065391868,0.7329078169949821,0.6085403535970967
2025-11-22T00:19:42.461029,interface,0.6220472440944882,0.757331626502564,0.1112500086447592,0.7086614173228346,0.7651766704536893,0.9916666065391868,0.7329078169949821,0.6085403535970967
2025-11-22T00:19:42.497491,interface,0.8503937007874016,0.757331626502564,0.1112500086447592,0.7086614173228346,0.7651766704536893,0.9916666065391868,0.7329078169949821,0.6085403535970967
2025-11-22T00:19:42.580474,interface,0.8110236220472441,0.757331626502564,0.1112500086447592,0.7086614173228346,0.7651766704536893,0.9916666065391868,0.7329078169949821,0.6085403535970967
2025-11-22T00:19:42.632979,interface,0.6220472440944882,0.757331626502564,0.1112500086447592,0.7086614173228346,0.7651766704536893,0.9916666065391868,0.7329078169949821,0.6085403535970967
2025-11-22T00:19:42.711377,interface,0.8503937007874016,0.757331626502564,0.1112500086447592,0.7086614173228346,0.7651766704536893,0.9916666065391868,0.7329078169949821,0.6085403535970967
2025-11-22T00:19:42.764128,interface,0.8110236220472441,0.757331626502564,0.1112500086447592,0.7086614173228346,0.7651766704536893,0.9916666065391868,0.7329078169949821,0.6085403535970967
2025-11-22T00:19:42.868336,interface,0.6220472440944882,0.757331626502564,0.1112500086447592,0.7086614173228346,0.7651766704536893,0.9916666065391868,0.7329078169949821,0.6085403535970967
2025-11-22T00:19:42.921921,interface,0.8503937007874016,0.757331626502564,0.1112500086447592,0.7086614173228346,0.7651766704536893,0.9916666065391868,0.7329078169949821,0.6085403535970967
2025-11-22T00:19:43.060817,interface,0.6220472440944882,0.757331626502564,0.1112500086447592,0.7086614173228346,0.7651766704536893,0.9916666065391868,0.7329078169949821,0.6085403535970967
2025-11-22T00:19:43.065671,interface,0.84251968503937,0.757331626502564,0.1112500086447592,0.7086614173228346,0.7651766704536893,0.9916666065391868,0.7329078169949821,0.6085403535970967
2025-11-22T00:19:43.132205,interface,0.6614173228346457,0.757331626502564,0.1112500086447592,0.7086614173228346,0.7651766704536893,0.9916666065391868,0.7329078169949821,0.6085403535970967
2025-11-22T00:19:43.275628,interface,0.6220472440944882,0.757331626502564,0.1112500086447592,0.7086614173228346,0.7651766704536893,0.9916666065391868,0.7329078169949821,0.6085403535970967
2025-11-22T00:19:43.398537,interface,0.6614173228346457,0.757331626502564,0.1112500086447592,0.7086614173228346,0.7651766704536893,0.9916666065391868,0.7329078169949821,0.6085403535970967
2025-11-22T00:19:43.644436,interface,0.6220472440944882,0.757331626502564,0.1112500086447592,0.7086614173228346,0.7651766704536893,0.9916666065391868,0.7329078169949821,0.6085403535970967
2025-11-22T00:19:43.748646,interface,0.8503937007874016,0.757331626502564,0.1112500086447592,0.7086614173228346,0.7651766704536893,0.9916666065391868,0.7329078169949821,0.6085403535970967
2025-11-22T00:19:43.818192,interface,0.8110236220472441,0.757331626502564,0.1112500086447592,0.7086614173228346,0.7651766704536893,0.9916666065391868,0.7329078169949821,0.6085403535970967
2025-11-22T00:19:43.922241,interface,0.6220472440944882,0.757331626502564,0.1112500086447592,0.7086614173228346,0.7651766704536893,0.9916666065391868,0.7329078169949821,0.6085403535970967
2025-11-22T00:19:43.947548,interface,0.8503937007874016,0.757331626502564,0.1112500086447592,0.7086614173228346,0.7651766704536893,0.9916666065391868,0.7329078169949821,0.6085403535970967
2025-11-22T00:19:44.027757,interface,0.8110236220472441,0.757331626502564,0.1112500086447592,0.7086614173228346,0.7651766704536893,0.9916666065391868,0.7329078169949821,0.6085403535970967
2025-11-22T00:19:44.090285,interface,0.6220472440944882,0.757331626502564,0.1112500086447592,0.7086614173228346,0.7651766704536893,0.9916666065391868,0.7329078169949821,0.6085403535970967
2025-11-22T00:19:44.183168,interface,0.6614173228346457,0.757331626502564,0.1112500086447592,0.7086614173228346,0.7651766704536893,0.9916666065391868,0.7329078169949821,0.6085403535970967
2025-11-22T00:19:44.342413,interface,0.6220472440944882,0.757331626502564,0.1112500086447592,0.7086614173228346,0.7651766704536893,0.9916666065391868,0.7329078169949821,0.6085403535970967
2025-11-22T00:19:44.404998,interface,0.6614173228346457,0.757331626502564,0.1112500086447592,0.7086614173228346,0.7651766704536893,0.9916666065391868,0.7329078169949821,0.6085403535970967
2025-11-22T00:19:44.587487,interface,0.8503937007874016,0.757331626502564,0.1112500086447592,0.7086614173228346,0.7651766704536893,0.9916666065391868,0.7329078169949821,0.6085403535970967
2025-11-22T00:19:44.645984,interface,0.8110236220472441,0.757331626502564,0.1112500086447592,0.7086614173228346,0.7651766704536893,0.9916666065391868,0.7329078169949821,0.6085403535970967
2025-11-22T00:19:44.694237,interface,0.6220472440944882,0.757331626502564,0.1112500086447592,0.7086614173228346,0.7651766704536893,0.9916666065391868,0.7329078169949821,0.6085403535970967
2025-11-22T00:19:44.753279,interface,0.8503937007874016,0.757331626502564,0.1112500086447592,0.7086614173228346,0.7651766704536893,0.9916666065391868,0.7329078169949821,0.6085403535970967
2025-11-22T00:19:44.852362,interface,0.8110236220472441,0.757331626502564,0.1112500086447592,0.7086614173228346,0.7651766704536893,0.9916666065391868,0.7329078169949821,0.6085403535970967
2025-11-22T00:19:44.957268,interface,0.6220472440944882,0.757331626502564,0.1112500086447592,0.7086614173228346,0.7651766704536893,0.9916666065391868,0.7329078169949821,0.6085403535970967
2025-11-22T00:19:44.959814,interface,0.8503937007874016,0.757331626502564,0.1112500086447592,0.7086614173228346,0.7651766704536893,0.9916666065391868,0.7329078169949821,0.6085403535970967
2025-11-22T00:19:44.966338,interface,0.6220472440944882,0.757331626502564,0.1112500086447592,0.7086614173228346,0.7651766704536893,0.9916666065391868,0.7329078169949821,0.6085403535970967
2025-11-22T00:19:45.060021,interface,0.6220472440944882,0.757331626502564,0.1112500086447592,0.7086614173228346,0.7651766704536893,0.9916666065391868,0.7329078169949821,0.6085403535970967
2025-11-22T00:20:10.725902,interface,0.007874015748031496,0.757331626502564,0.1112500086447592,0.7086614173228346,0.7651766704536893,0.9916666065391868,0.7329078169949821,0.6085403535970967
2025-11-22T00:20:23.973098,interface,0.5275590551181102,0.757331626502564,0.1112500086447592,0.7086614173228346,0.7651766704536893,0.9916666065391868,0.7329078169949821,0.6085403535970967
2025-11-22T00:20:25.918069,interface,0.5984251968503937,0.757331626502564,0.1112500086447592,0.7086614173228346,0.7651766704536893,0.9916666065391868,0.7329078169949821,0.6085403535970967
2025-11-22T00:20:26.233572,interface,0.5275590551181102,0.757331626502564,0.1112500086447592,0.7086614173228346,0.7651766704536893,0.9916666065391868,0.7329078169949821,0.6085403535970967
2025-11-22T00:20:29.840112,interface,0.5905511811023622,0.757331626502564,0.1112500086447592,0.7086614173228346,0.7651766704536893,0.9916666065391868,0.7329078169949821,0.6085403535970967
2025-11-22T00:20:35.094201,interface,0.3779527559055118,0.757331626502564,0.1112500086447592,0.7086614173228346,0.7651766704536893,0.9916666065391868,0.7329078169949821,0.6085403535970967
2025-11-22T00:20:37.173765,interface,0.905511811023622,0.757331626502564,0.1112500086447592,0.7086614173228346,0.7651766704536893,0.9916666065391868,0.7329078169949821,0.6085403535970967
2025-11-22T00:20:55.902506,interface,0.8031496062992126,0.757331626502564,0.1112500086447592,0.7086614173228346,0.7651766704536893,0.9916666065391868,0.7329078169949821,0.6085403535970967
2025-11-22T00:21:00.086279,interface,0.937007874015748,0.757331626502564,0.1112500086447592,0.7086614173228346,0.7651766704536893,0.9916666065391868,0.7329078169949821,0.6085403535970967
2025-11-22T00:22:18.326722,interface,0.0,0.757331626502564,0.1112500086447592,0.7086614173228346,0.7651766704536893,0.9916666065391868,0.7329078169949821,0.6085403535970967
2025-11-22T00:22:18.462556,interface,0.07086614173228346,0.757331626502564,0.1112500086447592,0.7086614173228346,0.7651766704536893,0.9916666065391868,0.7329078169949821,0.6085403535970967
2025-11-22T00:22:23.021274,interface,0.007874015748031496,0.757331626502564,0.1112500086447592,0.7086614173228346,0.7651766704536893,0.9916666065391868,0.7329078169949821,0.6085403535970967
2025-11-22T00:22:23.525380,interface,0.0,0.757331626502564,0.1112500086447592,0.7086614173228346,0.7651766704536893,0.9916666065391868,0.7329078169949821,0.6085403535970967
2025-11-22T00:22:42.337417,interface,0.0,0.757331626502564,0.1112500086447592,0.7086614173228346,0.7651766704536893,0.9916666065391868,0.7329078169949821,0.6085403535970967
2025-11-22T00:22:42.770077,interface,0.8110236220472441,0.757331626502564,0.1112500086447592,0.7086614173228346,0.7651766704536893,0.9916666065391868,0.7329078169949821,0.6085403535970967
2025-11-22T00:22:45.802012,interface,0.031496062992125984,0.757331626502564,0.1112500086447592,0.7086614173228346,0.7651766704536893,0.9916666065391868,0.7329078169949821,0.6085403535970967
2025-11-22T00:22:48.535475,interface,0.06299212598425197,0.757331626502564,0.1112500086447592,0.7086614173228346,0.7651766704536893,0.9916666065391868,0.7329078169949821,0.6085403535970967
2025-11-22T00:22:53.877777,interface,0.015748031496062992,0.757331626502564,0.1112500086447592,0.7086614173228346,0.7651766704536893,0.9916666065391868,0.7329078169949821,0.6085403535970967
2025-11-22T00:22:55.118420,interface,0.08661417322834646,0.757331626502564,0.1112500086447592,0.7086614173228346,0.7651766704536893,0.9916666065391868,0.7329078169949821,0.6085403535970967
2025-11-22T00:22:55.524228,interface,0.06299212598425197,0.757331626502564,0.1112500086447592,0.7086614173228346,0.7651766704536893,0.9916666065391868,0.7329078169949821,0.6085403535970967
2025-11-22T00:23:19.401257,interface,0.0,0.757331626502564,0.1112500086447592,0.7086614173228346,0.7651766704536893,0.9916666065391868,0.7329078169949821,0.6085403535970967
2025-11-22T00:23:54.010790,interface,0.031496062992125984,0.757331626502564,0.1112500086447592,0.7086614173228346,0.7651766704536893,0.9916666065391868,0.7329078169949821,0.6085403535970967
2025-11-22T00:23:54.151223,interface,0.07086614173228346,0.757331626502564,0.1112500086447592,0.7086614173228346,0.7651766704536893,0.9916666065391868,0.7329078169949821,0.6085403535970967
2025-11-22T00:23:57.168933,interface,0.0,0.757331626502564,0.1112500086447592,0.7086614173228346,0.7651766704536893,0.9916666065391868,0.7329078169949821,0.6085403535970967
2025-11-22T00:23:59.901426,interface,0.0,0.757331626502564,0.1112500086447592,0.7086614173228346,0.7651766704536893,0.9916666065391868,0.7329078169949821,0.6085403535970967
2025-11-22T00:24:01.464316,interface,0.08661417322834646,0.757331626502564,0.1112500086447592,0.7086614173228346,0.7651766704536893,0.9916666065391868,0.7329078169949821,0.6085403535970967
2025-11-22T00:24:01.963592,interface,0.0,0.757331626502564,0.1112500086447592,0.7086614173228346,0.7651766704536893,0.9916666065391868,0.7329078169949821,0.6085403535970967
2025-11-22T00:24:03.022669,interface,0.28346456692913385,0.757331626502564,0.1112500086447592,0.7086614173228346,0.7651766704536893,0.9916666065391868,0.7329078169949821,0.6085403535970967
2025-11-22T00:24:13.014387,interface,0.015748031496062992,0.757331626502564,0.1112500086447592,0.7086614173228346,0.7651766704536893,0.9916666065391868,0.7329078169949821,0.6085403535970967
2025-11-22T00:24:13.214427,interface,0.0,0.757331626502564,0.1112500086447592,0.7086614173228346,0.7651766704536893,0.9916666065391868,0.7329078169949821,0.6085403535970967
2025-11-22T00:25:06.761151,interface,0.6614173228346457,0.757331626502564,0.1112500086447592,0.7086614173228346,0.7651766704536893,0.9916666065391868,0.7329078169949821,0.6085403535970967
2025-11-22T00:25:07.084262,interface,0.6614173228346457,0.757331626502564,0.1112500086447592,0.7086614173228346,0.7651766704536893,0.9916666065391868,0.7329078169949821,0.6085403535970967
2025-11-22T00:25:07.217121,interface,0.6614173228346457,0.757331626502564,0.1112500086447592,0.7086614173228346,0.7651766704536893,0.9916666065391868,0.7329078169949821,0.6085403535970967
2025-11-22T00:25:07.819187,interface,0.6614173228346457,0.757331626502564,0.1112500086447592,0.7086614173228346,0.7651766704536893,0.9916666065391868,0.7329078169949821,0.6085403535970967
2025-11-22T00:25:07.951800,interface,0.6614173228346457,0.757331626502564,0.1112500086447592,0.7086614173228346,0.7651766704536893,0.9916666065391868,0.7329078169949821,0.6085403535970967
2025-11-22T00:25:08.025818,interface,0.6614173228346457,0.757331626502564,0.1112500086447592,0.7086614173228346,0.7651766704536893,0.9916666065391868,0.7329078169949821,0.6085403535970967
2025-11-22T00:25:08.072241,interface,0.4330708661417323,0.757331626502564,0.1112500086447592,0.7086614173228346,0.7651766704536893,0.9916666065391868,0.7329078169949821,0.6085403535970967
2025-11-22T00:25:08.098151,interface,0.6614173228346457,0.757331626502564,0.1112500086447592,0.7086614173228346,0.7651766704536893,0.9916666065391868,0.7329078169949821,0.6085403535970967
2025-11-22T00:25:08.156916,interface,0.6614173228346457,0.757331626502564,0.1112500086447592,0.7086614173228346,0.7651766704536893,0.9916666065391868,0.7329078169949821,0.6085403535970967
2025-11-22T00:25:08.244277,interface,0.6614173228346457,0.757331626502564,0.1112500086447592,0.7086614173228346,0.7651766704536893,0.9916666065391868,0.7329078169949821,0.6085403535970967
2025-11-22T00:25:08.347744,interface,0.6614173228346457,0.757331626502564,0.1112500086447592,0.7086614173228346,0.7651766704536893,0.9916666065391868,0.7329078169949821,0.6085403535970967
2025-11-22T00:25:08.750727,interface,0.6614173228346457,0.757331626502564,0.1112500086447592,0.7086614173228346,0.7651766704536893,0.9916666065391868,0.7329078169949821,0.6085403535970967
2025-11-22T00:25:08.903387,interface,0.6614173228346457,0.757331626502564,0.1112500086447592,0.7086614173228346,0.7651766704536893,0.9916666065391868,0.7329078169949821,0.6085403535970967
2025-11-22T00:25:09.064948,interface,0.6614173228346457,0.757331626502564,0.1112500086447592,0.7086614173228346,0.7651766704536893,0.9916666065391868,0.7329078169949821,0.6085403535970967
2025-11-22T00:25:09.122193,interface,0.6614173228346457,0.757331626502564,0.1112500086447592,0.7086614173228346,0.7651766704536893,0.9916666065391868,0.7329078169949821,0.6085403535970967
2025-11-22T00:25:09.197832,interface,0.6614173228346457,0.757331626502564,0.1112500086447592,0.7086614173228346,0.7651766704536893,0.9916666065391868,0.7329078169949821,0.6085403535970967
2025-11-22T00:25:09.271237,interface,0.6614173228346457,0.757331626502564,0.1112500086447592,0.7086614173228346,0.7651766704536893,0.9916666065391868,0.7329078169949821,0.6085403535970967
2025-11-22T00:25:09.404390,interface,0.6614173228346457,0.757331626502564,0.1112500086447592,0.7086614173228346,0.7651766704536893,0.9916666065391868,0.7329078169949821,0.6085403535970967
2025-11-22T00:25:09.502474,interface,0.6614173228346457,0.757331626502564,0.1112500086447592,0.7086614173228346,0.7651766704536893,0.9916666065391868,0.7329078169949821,0.6085403535970967
2025-11-22T00:25:09.935502,interface,0.7165354330708661,0.757331626502564,0.1112500086447592,0.7086614173228346,0.7651766704536893,0.9916666065391868,0.7329078169949821,0.6085403535970967
2025-11-22T00:25:10.025456,interface,0.6614173228346457,0.757331626502564,0.1112500086447592,0.7086614173228346,0.7651766704536893,0.9916666065391868,0.7329078169949821,0.6085403535970967
2025-11-22T00:25:10.083811,interface,0.7165354330708661,0.757331626502564,0.1112500086447592,0.7086614173228346,0.7651766704536893,0.9916666065391868,0.7329078169949821,0.6085403535970967
2025-11-22T00:25:10.146552,interface,0.6614173228346457,0.757331626502564,0.1112500086447592,0.7086614173228346,0.7651766704536893,0.9916666065391868,0.7329078169949821,0.6085403535970967
2025-11-22T00:25:10.223314,interface,0.7165354330708661,0.757331626502564,0.1112500086447592,0.7086614173228346,0.7651766704536893,0.9916666065391868,0.7329078169949821,0.6085403535970967
2025-11-22T00:25:10.288335,interface,0.6614173228346457,0.757331626502564,0.1112500086447592,0.7086614173228346,0.7651766704536893,0.9916666065391868,0.7329078169949821,0.6085403535970967
2025-11-22T00:25:10.387820,interface,0.7165354330708661,0.757331626502564,0.1112500086447592,0.7086614173228346,0.7651766704536893,0.9916666065391868,0.7329078169949821,0.6085403535970967
2025-11-22T00:25:10.526162,interface,0.6220472440944882,0.757331626502564,0.1112500086447592,0.7086614173228346,0.7651766704536893,0.9916666065391868,0.7329078169949821,0.6085403535970967
2025-11-22T00:25:10.531060,interface,0.7086614173228346,0.757331626502564,0.1112500086447592,0.7086614173228346,0.7651766704536893,0.9916666065391868,0.7329078169949821,0.6085403535970967
2025-11-22T00:25:10.653735,interface,0.905511811023622,0.757331626502564,0.1112500086447592,0.7086614173228346,0.7651766704536893,0.9916666065391868,0.7329078169949821,0.6085403535970967
2025-11-22T00:25:10.737746,interface,0.6614173228346457,0.757331626502564,0.1112500086447592,0.7086614173228346,0.7651766704536893,0.9916666065391868,0.7329078169949821,0.6085403535970967
2025-11-22T00:25:10.783632,interface,0.905511811023622,0.757331626502564,0.1112500086447592,0.7086614173228346,0.7651766704536893,0.9916666065391868,0.7329078169949821,0.6085403535970967
2025-11-22T00:25:10.887510,interface,0.6614173228346457,0.757331626502564,0.1112500086447592,0.7086614173228346,0.7651766704536893,0.9916666065391868,0.7329078169949821,0.6085403535970967
2025-11-22T00:25:10.975835,interface,0.7165354330708661,0.757331626502564,0.1112500086447592,0.7086614173228346,0.7651766704536893,0.9916666065391868,0.7329078169949821,0.6085403535970967
2025-11-22T00:25:11.055438,interface,0.8503937007874016,0.757331626502564,0.1112500086447592,0.7086614173228346,0.7651766704536893,0.9916666065391868,0.7329078169949821,0.6085403535970967
2025-11-22T00:25:11.127025,interface,0.7165354330708661,0.757331626502564,0.1112500086447592,0.7086614173228346,0.7651766704536893,0.9916666065391868,0.7329078169949821,0.6085403535970967
2025-11-22T00:25:11.212858,interface,0.8503937007874016,0.757331626502564,0.1112500086447592,0.7086614173228346,0.7651766704536893,0.9916666065391868,0.7329078169949821,0.6085403535970967
2025-11-22T00:25:11.298387,interface,0.7165354330708661,0.757331626502564,0.1112500086447592,0.7086614173228346,0.7651766704536893,0.9916666065391868,0.7329078169949821,0.6085403535970967
2025-11-22T00:25:11.386123,interface,0.6614173228346457,0.757331626502564,0.1112500086447592,0.7086614173228346,0.7651766704536893,0.9916666065391868,0.7329078169949821,0.6085403535970967
2025-11-22T00:25:11.481591,interface,0.905511811023622,0.757331626502564,0.1112500086447592,0.7086614173228346,0.7651766704536893,0.9916666065391868,0.7329078169949821,0.6085403535970967
2025-11-22T00:25:11.525876,interface,0.6614173228346457,0.757331626502564,0.1112500086447592,0.7086614173228346,0.7651766704536893,0.9916666065391868,0.7329078169949821,0.6085403535970967
2025-11-22T00:25:11.614444,interface,0.905511811023622,0.757331626502564,0.1112500086447592,0.7086614173228346,0.7651766704536893,0.9916666065391868,0.7329078169949821,0.6085403535970967
2025-11-22T00:25:11.681976,interface,0.6220472440944882,0.757331626502564,0.1112500086447592,0.7086614173228346,0.7651766704536893,0.9916666065391868,0.7329078169949821,0.6085403535970967
2025-11-22T00:25:11.956590,interface,0.7165354330708661,0.757331626502564,0.1112500086447592,0.7086614173228346,0.7651766704536893,0.9916666065391868,0.7329078169949821,0.6085403535970967
2025-11-22T00:25:12.016956,interface,0.6614173228346457,0.757331626502564,0.1112500086447592,0.7086614173228346,0.7651766704536893,0.9916666065391868,0.7329078169949821,0.6085403535970967
2025-11-22T00:25:12.090761,interface,0.7165354330708661,0.757331626502564,0.1112500086447592,0.7086614173228346,0.7651766704536893,0.9916666065391868,0.7329078169949821,0.6085403535970967
2025-11-22T00:25:12.183217,interface,0.8110236220472441,0.757331626502564,0.1112500086447592,0.7086614173228346,0.7651766704536893,0.9916666065391868,0.7329078169949821,0.6085403535970967
2025-11-22T00:25:12.262439,interface,0.6614173228346457,0.757331626502564,0.1112500086447592,0.7086614173228346,0.7651766704536893,0.9916666065391868,0.7329078169949821,0.6085403535970967
2025-11-22T00:25:12.353966,interface,0.8503937007874016,0.757331626502564,0.1112500086447592,0.7086614173228346,0.7651766704536893,0.9916666065391868,0.7329078169949821,0.6085403535970967
2025-11-22T00:25:12.431447,interface,0.7165354330708661,0.757331626502564,0.1112500086447592,0.7086614173228346,0.7651766704536893,0.9916666065391868,0.7329078169949821,0.6085403535970967
2025-11-22T00:25:12.586741,interface,0.6614173228346457,0.757331626502564,0.1112500086447592,0.7086614173228346,0.7651766704536893,0.9916666065391868,0.7329078169949821,0.6085403535970967
2025-11-22T00:25:12.650383,interface,0.8503937007874016,0.757331626502564,0.1112500086447592,0.7086614173228346,0.7651766704536893,0.9916666065391868,0.7329078169949821,0.6085403535970967
2025-11-22T00:25:12.718114,interface,0.7165354330708661,0.757331626502564,0.1112500086447592,0.7086614173228346,0.7651766704536893,0.9916666065391868,0.7329078169949821,0.6085403535970967
2025-11-22T00:25:12.803447,interface,0.8110236220472441,0.757331626502564,0.1112500086447592,0.7086614173228346,0.7651766704536893,0.9916666065391868,0.7329078169949821,0.6085403535970967
2025-11-22T00:25:12.867664,interface,0.6614173228346457,0.757331626502564,0.1112500086447592,0.7086614173228346,0.7651766704536893,0.9916666065391868,0.7329078169949821,0.6085403535970967
2025-11-22T00:25:12.971490,interface,0.6614173228346457,0.757331626502564,0.1112500086447592,0.7086614173228346,0.7651766704536893,0.9916666065391868,0.7329078169949821,0.6085403535970967
2025-11-22T00:25:13.054083,interface,0.905511811023622,0.757331626502564,0.1112500086447592,0.7086614173228346,0.7651766704536893,0.9916666065391868,0.7329078169949821,0.6085403535970967
2025-11-22T00:25:13.230778,interface,0.7165354330708661,0.757331626502564,0.1112500086447592,0.7086614173228346,0.7651766704536893,0.9916666065391868,0.7329078169949821,0.6085403535970967
2025-11-22T00:25:13.289698,interface,0.6220472440944882,0.757331626502564,0.1112500086447592,0.7086614173228346,0.7651766704536893,0.9916666065391868,0.7329078169949821,0.6085403535970967
2025-11-22T00:25:13.378912,interface,0.7165354330708661,0.757331626502564,0.1112500086447592,0.7086614173228346,0.7651766704536893,0.9916666065391868,0.7329078169949821,0.6085403535970967
2025-11-22T00:25:13.531224,interface,0.7165354330708661,0.757331626502564,0.1112500086447592,0.7086614173228346,0.7651766704536893,0.9916666065391868,0.7329078169949821,0.6085403535970967
2025-11-22T00:25:13.628574,interface,0.6614173228346457,0.757331626502564,0.1112500086447592,0.7086614173228346,0.7651766704536893,0.9916666065391868,0.7329078169949821,0.6085403535970967
2025-11-22T00:25:13.693163,interface,0.7165354330708661,0.757331626502564,0.1112500086447592,0.7086614173228346,0.7651766704536893,0.9916666065391868,0.7329078169949821,0.6085403535970967
2025-11-22T00:25:13.761428,interface,0.6614173228346457,0.757331626502564,0.1112500086447592,0.7086614173228346,0.7651766704536893,0.9916666065391868,0.7329078169949821,0.6085403535970967
2025-11-22T00:25:13.850185,interface,0.7165354330708661,0.757331626502564,0.1112500086447592,0.7086614173228346,0.7651766704536893,0.9916666065391868,0.7329078169949821,0.6085403535970967
2025-11-22T00:25:13.929272,interface,0.6614173228346457,0.757331626502564,0.1112500086447592,0.7086614173228346,0.7651766704536893,0.9916666065391868,0.7329078169949821,0.6085403535970967
2025-11-22T00:25:13.999689,interface,0.7165354330708661,0.757331626502564,0.1112500086447592,0.7086614173228346,0.7651766704536893,0.9916666065391868,0.7329078169949821,0.6085403535970967
2025-11-22T00:25:14.118660,interface,0.6614173228346457,0.757331626502564,0.1112500086447592,0.7086614173228346,0.7651766704536893,0.9916666065391868,0.7329078169949821,0.6085403535970967
2025-11-22T00:25:14.167070,interface,0.7165354330708661,0.757331626502564,0.1112500086447592,0.7086614173228346,0.7651766704536893,0.9916666065391868,0.7329078169949821,0.6085403535970967
2025-11-22T00:25:14.323472,interface,0.6614173228346457,0.757331626502564,0.1112500086447592,0.7086614173228346,0.7651766704536893,0.9916666065391868,0.7329078169949821,0.6085403535970967
2025-11-22T00:25:14.636219,interface,0.6614173228346457,0.757331626502564,0.1112500086447592,0.7086614173228346,0.7651766704536893,0.9916666065391868,0.7329078169949821,0.6085403535970967
2025-11-22T00:25:14.772916,interface,0.6614173228346457,0.757331626502564,0.1112500086447592,0.7086614173228346,0.7651766704536893,0.9916666065391868,0.7329078169949821,0.6085403535970967
2025-11-22T00:25:14.918927,interface,0.6614173228346457,0.757331626502564,0.1112500086447592,0.7086614173228346,0.7651766704536893,0.9916666065391868,0.7329078169949821,0.6085403535970967
2025-11-22T00:25:14.985577,interface,0.7165354330708661,0.757331626502564,0.1112500086447592,0.7086614173228346,0.7651766704536893,0.9916666065391868,0.7329078169949821,0.6085403535970967
2025-11-22T00:25:15.084054,interface,0.6614173228346457,0.757331626502564,0.1112500086447592,0.7086614173228346,0.7651766704536893,0.9916666065391868,0.7329078169949821,0.6085403535970967
2025-11-22T00:25:15.161010,interface,0.7165354330708661,0.757331626502564,0.1112500086447592,0.7086614173228346,0.7651766704536893,0.9916666065391868,0.7329078169949821,0.6085403535970967
2025-11-22T00:25:15.222272,interface,0.6614173228346457,0.757331626502564,0.1112500086447592,0.7086614173228346,0.7651766704536893,0.9916666065391868,0.7329078169949821,0.6085403535970967
2025-11-22T00:25:15.344417,interface,0.6614173228346457,0.757331626502564,0.1112500086447592,0.7086614173228346,0.7651766704536893,0.9916666065391868,0.7329078169949821,0.6085403535970967
2025-11-22T00:25:15.432527,interface,0.8503937007874016,0.757331626502564,0.1112500086447592,0.7086614173228346,0.7651766704536893,0.9916666065391868,0.7329078169949821,0.6085403535970967
2025-11-22T00:25:15.535855,interface,0.6614173228346457,0.757331626502564,0.1112500086447592,0.7086614173228346,0.7651766704536893,0.9916666065391868,0.7329078169949821,0.6085403535970967
2025-11-22T00:25:15.606996,interface,0.6614173228346457,0.757331626502564,0.1112500086447592,0.7086614173228346,0.7651766704536893,0.9916666065391868,0.7329078169949821,0.6085403535970967
2025-11-22T00:25:15.710893,interface,0.7165354330708661,0.757331626502564,0.1112500086447592,0.7086614173228346,0.7651766704536893,0.9916666065391868,0.7329078169949821,0.6085403535970967
2025-11-22T00:25:15.761043,interface,0.6614173228346457,0.757331626502564,0.1112500086447592,0.7086614173228346,0.7651766704536893,0.9916666065391868,0.7329078169949821,0.6085403535970967
2025-11-22T00:25:15.881273,interface,0.6614173228346457,0.757331626502564,0.1112500086447592,0.7086614173228346,0.7651766704536893,0.9916666065391868,0.7329078169949821,0.6085403535970967
2025-11-22T00:25:16.167617,interface,0.6614173228346457,0.757331626502564,0.1112500086447592,0.7086614173228346,0.7651766704536893,0.9916666065391868,0.7329078169949821,0.6085403535970967
2025-11-22T00:25:16.328725,interface,0.6614173228346457,0.757331626502564,0.1112500086447592,0.7086614173228346,0.7651766704536893,0.9916666065391868,0.7329078169949821,0.6085403535970967
2025-11-22T00:25:16.331311,interface,0.6614173228346457,0.757331626502564,0.1112500086447592,0.7086614173228346,0.7651766704536893,0.9916666065391868,0.7329078169949821,0.6085403535970967
2025-11-22T00:25:16.353376,interface,0.6299212598425197,0.757331626502564,0.1112500086447592,0.7086614173228346,0.7651766704536893,0.9916666065391868,0.7329078169949821,0.6085403535970967
2025-11-22T00:25:16.413987,interface,0.6614173228346457,0.757331626502564,0.1112500086447592,0.7086614173228346,0.7651766704536893,0.9916666065391868,0.7329078169949821,0.6085403535970967
2025-11-22T00:25:16.496356,interface,0.6614173228346457,0.757331626502564,0.1112500086447592,0.7086614173228346,0.7651766704536893,0.9916666065391868,0.7329078169949821,0.6085403535970967
2025-11-22T00:25:16.615594,interface,0.8503937007874016,0.757331626502564,0.1112500086447592,0.7086614173228346,0.7651766704536893,0.9916666065391868,0.7329078169949821,0.6085403535970967
2025-11-22T00:25:16.709625,interface,0.6220472440944882,0.757331626502564,0.1112500086447592,0.7086614173228346,0.7651766704536893,0.9916666065391868,0.7329078169949821,0.6085403535970967
2025-11-22T00:25:16.790129,interface,0.6614173228346457,0.757331626502564,0.1112500086447592,0.7086614173228346,0.7651766704536893,0.9916666065391868,0.7329078169949821,0.6085403535970967
2025-11-22T00:25:16.909655,interface,0.6614173228346457,0.757331626502564,0.1112500086447592,0.7086614173228346,0.7651766704536893,0.9916666065391868,0.7329078169949821,0.6085403535970967
2025-11-22T00:25:16.940670,interface,0.6614173228346457,0.757331626502564,0.1112500086447592,0.7086614173228346,0.7651766704536893,0.9916666065391868,0.7329078169949821,0.6085403535970967
2025-11-22T00:25:17.152571,interface,0.7165354330708661,0.757331626502564,0.1112500086447592,0.7086614173228346,0.7651766704536893,0.9916666065391868,0.7329078169949821,0.6085403535970967
2025-11-22T00:25:17.157145,interface,0.5669291338582677,0.757331626502564,0.1112500086447592,0.7086614173228346,0.7651766704536893,0.9916666065391868,0.7329078169949821,0.6085403535970967
2025-11-22T00:25:17.260890,interface,0.6220472440944882,0.757331626502564,0.1112500086447592,0.7086614173228346,0.7651766704536893,0.9916666065391868,0.7329078169949821,0.6085403535970967
2025-11-22T00:25:17.337265,interface,0.6614173228346457,0.757331626502564,0.1112500086447592,0.7086614173228346,0.7651766704536893,0.9916666065391868,0.7329078169949821,0.6085403535970967
2025-11-22T00:25:17.438163,interface,0.6614173228346457,0.757331626502564,0.1112500086447592,0.7086614173228346,0.7651766704536893,0.9916666065391868,0.7329078169949821,0.6085403535970967
2025-11-22T00:25:17.529419,interface,0.6614173228346457,0.757331626502564,0.1112500086447592,0.7086614173228346,0.7651766704536893,0.9916666065391868,0.7329078169949821,0.6085403535970967
2025-11-22T00:25:17.622854,interface,0.6614173228346457,0.757331626502564,0.1112500086447592,0.7086614173228346,0.7651766704536893,0.9916666065391868,0.7329078169949821,0.6085403535970967
2025-11-22T00:25:17.722059,interface,0.8503937007874016,0.757331626502564,0.1112500086447592,0.7086614173228346,0.7651766704536893,0.9916666065391868,0.7329078169949821,0.6085403535970967
2025-11-22T00:25:17.852129,interface,0.8503937007874016,0.757331626502564,0.1112500086447592,0.7086614173228346,0.7651766704536893,0.9916666065391868,0.7329078169949821,0.6085403535970967
2025-11-22T00:25:17.904848,interface,0.6614173228346457,0.757331626502564,0.1112500086447592,0.7086614173228346,0.7651766704536893,0.9916666065391868,0.7329078169949821,0.6085403535970967
2025-11-22T00:25:18.041266,interface,0.6614173228346457,0.757331626502564,0.1112500086447592,0.7086614173228346,0.7651766704536893,0.9916666065391868,0.7329078169949821,0.6085403535970967
2025-11-22T00:25:18.118181,interface,0.8503937007874016,0.757331626502564,0.1112500086447592,0.7086614173228346,0.7651766704536893,0.9916666065391868,0.7329078169949821,0.6085403535970967
2025-11-22T00:25:18.189366,interface,0.6614173228346457,0.757331626502564,0.1112500086447592,0.7086614173228346,0.7651766704536893,0.9916666065391868,0.7329078169949821,0.6085403535970967
2025-11-22T00:25:18.325746,interface,0.6614173228346457,0.757331626502564,0.1112500086447592,0.7086614173228346,0.7651766704536893,0.9916666065391868,0.7329078169949821,0.6085403535970967
2025-11-22T00:25:18.419003,interface,0.6614173228346457,0.757331626502564,0.1112500086447592,0.7086614173228346,0.7651766704536893,0.9916666065391868,0.7329078169949821,0.6085403535970967
2025-11-22T00:25:18.485612,interface,0.6220472440944882,0.757331626502564,0.1112500086447592,0.7086614173228346,0.7651766704536893,0.9916666065391868,0.7329078169949821,0.6085403535970967
2025-11-22T00:25:18.569289,interface,0.6220472440944882,0.757331626502564,0.1112500086447592,0.7086614173228346,0.7651766704536893,0.9916666065391868,0.7329078169949821,0.6085403535970967
2025-11-22T00:25:18.665977,interface,0.905511811023622,0.757331626502564,0.1112500086447592,0.7086614173228346,0.7651766704536893,0.9916666065391868,0.7329078169949821,0.6085403535970967
2025-11-22T00:25:18.879242,interface,0.6614173228346457,0.757331626502564,0.1112500086447592,0.7086614173228346,0.7651766704536893,0.9916666065391868,0.7329078169949821,0.6085403535970967
2025-11-22T00:25:18.998628,interface,0.8110236220472441,0.757331626502564,0.1112500086447592,0.7086614173228346,0.7651766704536893,0.9916666065391868,0.7329078169949821,0.6085403535970967
2025-11-22T00:25:19.057985,interface,0.7165354330708661,0.757331626502564,0.1112500086447592,0.7086614173228346,0.7651766704536893,0.9916666065391868,0.7329078169949821,0.6085403535970967
2025-11-22T00:25:19.183507,interface,0.8503937007874016,0.757331626502564,0.1112500086447592,0.7086614173228346,0.7651766704536893,0.9916666065391868,0.7329078169949821,0.6085403535970967
2025-11-22T00:25:19.239749,interface,0.6614173228346457,0.757331626502564,0.1112500086447592,0.7086614173228346,0.7651766704536893,0.9916666065391868,0.7329078169949821,0.6085403535970967
2025-11-22T00:25:19.338033,interface,0.8110236220472441,0.757331626502564,0.1112500086447592,0.7086614173228346,0.7651766704536893,0.9916666065391868,0.7329078169949821,0.6085403535970967
2025-11-22T00:25:19.380721,interface,0.7165354330708661,0.757331626502564,0.1112500086447592,0.7086614173228346,0.7651766704536893,0.9916666065391868,0.7329078169949821,0.6085403535970967
2025-11-22T00:25:19.484145,interface,0.8503937007874016,0.757331626502564,0.1112500086447592,0.7086614173228346,0.7651766704536893,0.9916666065391868,0.7329078169949821,0.6085403535970967
2025-11-22T00:25:19.553689,interface,0.6614173228346457,0.757331626502564,0.1112500086447592,0.7086614173228346,0.7651766704536893,0.9916666065391868,0.7329078169949821,0.6085403535970967
2025-11-22T00:25:19.652718,interface,0.8110236220472441,0.757331626502564,0.1112500086447592,0.7086614173228346,0.7651766704536893,0.9916666065391868,0.7329078169949821,0.6085403535970967
2025-11-22T00:25:19.703998,interface,0.7165354330708661,0.757331626502564,0.1112500086447592,0.7086614173228346,0.7651766704536893,0.9916666065391868,0.7329078169949821,0.6085403535970967
2025-11-22T00:25:19.854641,interface,0.6614173228346457,0.757331626502564,0.1112500086447592,0.7086614173228346,0.7651766704536893,0.9916666065391868,0.7329078169949821,0.6085403535970967
2025-11-22T00:25:19.859761,interface,0.7165354330708661,0.757331626502564,0.1112500086447592,0.7086614173228346,0.7651766704536893,0.9916666065391868,0.7329078169949821,0.6085403535970967
2025-11-22T00:25:19.864575,interface,0.6614173228346457,0.757331626502564,0.1112500086447592,0.7086614173228346,0.7651766704536893,0.9916666065391868,0.7329078169949821,0.6085403535970967
2025-11-22T00:25:19.988618,interface,0.6614173228346457,0.757331626502564,0.1112500086447592,0.7086614173228346,0.7651766704536893,0.9916666065391868,0.7329078169949821,0.6085403535970967
2025-11-22T00:25:20.034017,interface,0.8503937007874016,0.757331626502564,0.1112500086447592,0.7086614173228346,0.7651766704536893,0.9916666065391868,0.7329078169949821,0.6085403535970967
2025-11-22T00:25:20.158464,interface,0.6614173228346457,0.757331626502564,0.1112500086447592,0.7086614173228346,0.7651766704536893,0.9916666065391868,0.7329078169949821,0.6085403535970967
2025-11-22T00:25:20.227952,interface,0.8503937007874016,0.757331626502564,0.1112500086447592,0.7086614173228346,0.7651766704536893,0.9916666065391868,0.7329078169949821,0.6085403535970967
2025-11-22T00:25:20.253055,interface,0.8503937007874016,0.757331626502564,0.1112500086447592,0.7086614173228346,0.7651766704536893,0.9916666065391868,0.7329078169949821,0.6085403535970967
2025-11-22T00:25:20.313303,interface,0.6614173228346457,0.757331626502564,0.1112500086447592,0.7086614173228346,0.7651766704536893,0.9916666065391868,0.7329078169949821,0.6085403535970967
2025-11-22T00:25:20.446926,interface,0.6614173228346457,0.757331626502564,0.1112500086447592,0.7086614173228346,0.7651766704536893,0.9916666065391868,0.7329078169949821,0.6085403535970967
2025-11-22T00:25:20.537271,interface,0.6614173228346457,0.757331626502564,0.1112500086447592,0.7086614173228346,0.7651766704536893,0.9916666065391868,0.7329078169949821,0.6085403535970967
2025-11-22T00:25:20.601802,interface,0.6220472440944882,0.757331626502564,0.1112500086447592,0.7086614173228346,0.7651766704536893,0.9916666065391868,0.7329078169949821,0.6085403535970967
2025-11-22T00:25:20.705450,interface,0.6220472440944882,0.757331626502564,0.1112500086447592,0.7086614173228346,0.7651766704536893,0.9916666065391868,0.7329078169949821,0.6085403535970967
2025-11-22T00:25:20.809217,interface,0.6614173228346457,0.757331626502564,0.1112500086447592,0.7086614173228346,0.7651766704536893,0.9916666065391868,0.7329078169949821,0.6085403535970967
2025-11-22T00:25:20.892140,interface,0.6220472440944882,0.757331626502564,0.1112500086447592,0.7086614173228346,0.7651766704536893,0.9916666065391868,0.7329078169949821,0.6085403535970967
2025-11-22T00:25:20.996119,interface,0.8503937007874016,0.757331626502564,0.1112500086447592,0.7086614173228346,0.7651766704536893,0.9916666065391868,0.7329078169949821,0.6085403535970967
2025-11-22T00:25:21.100250,interface,0.6220472440944882,0.757331626502564,0.1112500086447592,0.7086614173228346,0.7651766704536893,0.9916666065391868,0.7329078169949821,0.6085403535970967
2025-11-22T00:25:21.239663,interface,0.6614173228346457,0.757331626502564,0.1112500086447592,0.7086614173228346,0.7651766704536893,0.9916666065391868,0.7329078169949821,0.6085403535970967
2025-11-22T00:25:21.337600,interface,0.6220472440944882,0.757331626502564,0.1112500086447592,0.7086614173228346,0.7651766704536893,0.9916666065391868,0.7329078169949821,0.6085403535970967
2025-11-22T00:25:21.373914,interface,0.6220472440944882,0.757331626502564,0.1112500086447592,0.7086614173228346,0.7651766704536893,0.9916666065391868,0.7329078169949821,0.6085403535970967
2025-11-22T00:25:21.376707,interface,0.6614173228346457,0.757331626502564,0.1112500086447592,0.7086614173228346,0.7651766704536893,0.9916666065391868,0.7329078169949821,0.6085403535970967
2025-11-22T00:25:21.703151,interface,0.6614173228346457,0.757331626502564,0.1112500086447592,0.7086614173228346,0.7651766704536893,0.9916666065391868,0.7329078169949821,0.6085403535970967
2025-11-22T00:25:21.822672,interface,0.5669291338582677,0.757331626502564,0.1112500086447592,0.7086614173228346,0.7651766704536893,0.9916666065391868,0.7329078169949821,0.6085403535970967
2025-11-22T00:25:21.901452,interface,0.6220472440944882,0.757331626502564,0.1112500086447592,0.7086614173228346,0.7651766704536893,0.9916666065391868,0.7329078169949821,0.6085403535970967
2025-11-22T00:25:22.001280,interface,0.5669291338582677,0.757331626502564,0.1112500086447592,0.7086614173228346,0.7651766704536893,0.9916666065391868,0.7329078169949821,0.6085403535970967
2025-11-22T00:25:22.086585,interface,0.8110236220472441,0.757331626502564,0.1112500086447592,0.7086614173228346,0.7651766704536893,0.9916666065391868,0.7329078169949821,0.6085403535970967
2025-11-22T00:25:22.184968,interface,0.3779527559055118,0.757331626502564,0.1112500086447592,0.7086614173228346,0.7651766704536893,0.9916666065391868,0.7329078169949821,0.6085403535970967
2025-11-22T00:25:22.289077,interface,0.6220472440944882,0.757331626502564,0.1112500086447592,0.7086614173228346,0.7651766704536893,0.9916666065391868,0.7329078169949821,0.6085403535970967
2025-11-22T00:25:23.485200,interface,0.05511811023622047,0.757331626502564,0.1112500086447592,0.7086614173228346,0.7651766704536893,0.9916666065391868,0.7329078169949821,0.6085403535970967
2025-11-22T00:25:23.487394,interface,0.05511811023622047,0.7401574803149606,0.1112500086447592,0.7086614173228346,0.7651766704536893,0.9916666065391868,0.7329078169949821,0.6085403535970967
2025-11-22T00:25:23.492187,interface,0.5433070866141733,0.7401574803149606,0.1112500086447592,0.7086614173228346,0.7651766704536893,0.9916666065391868,0.7329078169949821,0.6085403535970967
2025-11-22T00:25:23.494669,interface,0.5433070866141733,0.7165354330708661,0.1112500086447592,0.7086614173228346,0.7651766704536893,0.9916666065391868,0.7329078169949821,0.6085403535970967
2025-11-22T00:25:23.498731,interface,0.05511811023622047,0.7165354330708661,0.1112500086447592,0.7086614173228346,0.7651766704536893,0.9916666065391868,0.7329078169949821,0.6085403535970967
2025-11-22T00:25:23.502864,interface,0.05511811023622047,0.6850393700787402,0.1112500086447592,0.7086614173228346,0.7651766704536893,0.9916666065391868,0.7329078169949821,0.6085403535970967
2025-11-22T00:25:23.523212,interface,0.05511811023622047,0.6377952755905512,0.1112500086447592,0.7086614173228346,0.7651766704536893,0.9916666065391868,0.7329078169949821,0.6085403535970967
2025-11-22T00:25:23.527686,interface,0.05511811023622047,0.5826771653543307,0.1112500086447592,0.7086614173228346,0.7651766704536893,0.9916666065391868,0.7329078169949821,0.6085403535970967
2025-11-22T00:25:23.538061,interface,0.05511811023622047,0.5511811023622047,0.1112500086447592,0.7086614173228346,0.7651766704536893,0.9916666065391868,0.7329078169949821,0.6085403535970967
2025-11-22T00:25:23.553421,interface,0.05511811023622047,0.5275590551181102,0.1112500086447592,0.7086614173228346,0.7651766704536893,0.9916666065391868,0.7329078169949821,0.6085403535970967
2025-11-22T00:25:23.568801,interface,0.05511811023622047,0.5118110236220472,0.1112500086447592,0.7086614173228346,0.7651766704536893,0.9916666065391868,0.7329078169949821,0.6085403535970967
2025-11-22T00:25:23.583629,interface,0.05511811023622047,0.48031496062992124,0.1112500086447592,0.7086614173228346,0.7651766704536893,0.9916666065391868,0.7329078169949821,0.6085403535970967
2025-11-22T00:25:23.588124,interface,0.05511811023622047,0.4409448818897638,0.1112500086447592,0.7086614173228346,0.7651766704536893,0.9916666065391868,0.7329078169949821,0.6085403535970967
2025-11-22T00:25:23.603437,interface,0.05511811023622047,0.4094488188976378,0.1112500086447592,0.7086614173228346,0.7651766704536893,0.9916666065391868,0.7329078169949821,0.6085403535970967
2025-11-22T00:25:23.618601,interface,0.05511811023622047,0.3937007874015748,0.1112500086447592,0.7086614173228346,0.7651766704536893,0.9916666065391868,0.7329078169949821,0.6085403535970967
2025-11-22T00:25:23.623137,interface,0.05511811023622047,0.3543307086614173,0.1112500086447592,0.7086614173228346,0.7651766704536893,0.9916666065391868,0.7329078169949821,0.6085403535970967
2025-11-22T00:25:23.638484,interface,0.05511811023622047,0.33070866141732286,0.1112500086447592,0.7086614173228346,0.7651766704536893,0.9916666065391868,0.7329078169949821,0.6085403535970967
2025-11-22T00:25:23.653786,interface,0.05511811023622047,0.31496062992125984,0.1112500086447592,0.7086614173228346,0.7651766704536893,0.9916666065391868,0.7329078169949821,0.6085403535970967
2025-11-22T00:25:23.658419,interface,0.05511811023622047,0.29133858267716534,0.1112500086447592,0.7086614173228346,0.7651766704536893,0.9916666065391868,0.7329078169949821,0.6085403535970967
2025-11-22T00:25:23.761978,interface,0.05511811023622047,0.15748031496062992,0.1112500086447592,0.7086614173228346,0.7651766704536893,0.9916666065391868,0.7329078169949821,0.6085403535970967
2025-11-22T00:25:23.801813,interface,0.05511811023622047,0.14960629921259844,0.1112500086447592,0.7086614173228346,0.7651766704536893,0.9916666065391868,0.7329078169949821,0.6085403535970967
2025-11-22T00:25:23.803974,interface,0.05511811023622047,0.14173228346456693,0.1112500086447592,0.7086614173228346,0.7651766704536893,0.9916666065391868,0.7329078169949821,0.6085403535970967
2025-11-22T00:25:23.913451,interface,0.05511811023622047,0.3228346456692913,0.1112500086447592,0.7086614173228346,0.7651766704536893,0.9916666065391868,0.7329078169949821,0.6085403535970967
2025-11-22T00:25:23.923680,interface,0.05511811023622047,0.33070866141732286,0.1112500086447592,0.7086614173228346,0.7651766704536893,0.9916666065391868,0.7329078169949821,0.6085403535970967
2025-11-22T00:25:23.933792,interface,0.05511811023622047,0.3543307086614173,0.1112500086447592,0.7086614173228346,0.7651766704536893,0.9916666065391868,0.7329078169949821,0.6085403535970967
2025-11-22T00:25:23.951097,interface,0.05511811023622047,0.3700787401574803,0.1112500086447592,0.7086614173228346,0.7651766704536893,0.9916666065391868,0.7329078169949821,0.6085403535970967
2025-11-22T00:25:23.961397,interface,0.05511811023622047,0.3779527559055118,0.1112500086447592,0.7086614173228346,0.7651766704536893,0.9916666065391868,0.7329078169949821,0.6085403535970967
2025-11-22T00:25:23.971605,interface,0.05511811023622047,0.3858267716535433,0.1112500086447592,0.7086614173228346,0.7651766704536893,0.9916666065391868,0.7329078169949821,0.6085403535970967
2025-11-22T00:25:23.991817,interface,0.05511811023622047,0.3937007874015748,0.1112500086447592,0.7086614173228346,0.7651766704536893,0.9916666065391868,0.7329078169949821,0.6085403535970967
2025-11-22T00:25:24.033149,interface,0.05511811023622047,0.3858267716535433,0.1112500086447592,0.7086614173228346,0.7651766704536893,0.9916666065391868,0.7329078169949821,0.6085403535970967
2025-11-22T00:25:24.043403,interface,0.05511811023622047,0.3937007874015748,0.1112500086447592,0.7086614173228346,0.7651766704536893,0.9916666065391868,0.7329078169949821,0.6085403535970967
2025-11-22T00:25:24.125552,interface,0.05511811023622047,0.6377952755905512,0.1112500086447592,0.7086614173228346,0.7651766704536893,0.9916666065391868,0.7329078169949821,0.6085403535970967
2025-11-22T00:25:24.127576,interface,0.05511811023622047,0.6614173228346457,0.1112500086447592,0.7086614173228346,0.7651766704536893,0.9916666065391868,0.7329078169949821,0.6085403535970967
2025-11-22T00:25:24.133865,interface,0.05511811023622047,0.6692913385826772,0.1112500086447592,0.7086614173228346,0.7651766704536893,0.9916666065391868,0.7329078169949821,0.6085403535970967
2025-11-22T00:25:24.161069,interface,0.05511811023622047,0.6771653543307087,0.1112500086447592,0.7086614173228346,0.7651766704536893,0.9916666065391868,0.7329078169949821,0.6085403535970967
2025-11-22T00:25:24.196645,interface,0.05511811023622047,0.6850393700787402,0.1112500086447592,0.7086614173228346,0.7651766704536893,0.9916666065391868,0.7329078169949821,0.6085403535970967
2025-11-22T00:25:24.344129,interface,0.05511811023622047,0.6850393700787402,0.1112500086447592,0.7086614173228346,0.7651766704536893,0.9916666065391868,0.7329078169949821,0.6085403535970967
2025-11-22T00:25:24.418607,interface,0.05511811023622047,0.6850393700787402,0.1112500086447592,0.7086614173228346,0.7651766704536893,0.9916666065391868,0.7329078169949821,0.6085403535970967
2025-11-22T00:25:24.420605,interface,0.05511811023622047,0.5669291338582677,0.1112500086447592,0.7086614173228346,0.7651766704536893,0.9916666065391868,0.7329078169949821,0.6085403535970967
2025-11-22T00:25:24.426877,interface,0.05511811023622047,0.5590551181102362,0.1112500086447592,0.7086614173228346,0.7651766704536893,0.9916666065391868,0.7329078169949821,0.6085403535970967
2025-11-22T00:25:24.442312,interface,0.05511811023622047,0.5511811023622047,0.1112500086447592,0.7086614173228346,0.7651766704536893,0.9916666065391868,0.7329078169949821,0.6085403535970967
2025-11-22T00:25:24.452526,interface,0.05511811023622047,0.5039370078740157,0.1112500086447592,0.7086614173228346,0.7651766704536893,0.9916666065391868,0.7329078169949821,0.6085403535970967
2025-11-22T00:25:24.462869,interface,0.05511811023622047,0.4645669291338583,0.1112500086447592,0.7086614173228346,0.7651766704536893,0.9916666065391868,0.7329078169949821,0.6085403535970967
2025-11-22T00:25:24.478160,interface,0.05511811023622047,0.4251968503937008,0.1112500086447592,0.7086614173228346,0.7651766704536893,0.9916666065391868,0.7329078169949821,0.6085403535970967
2025-11-22T00:25:24.488356,interface,0.05511811023622047,0.41732283464566927,0.1112500086447592,0.7086614173228346,0.7651766704536893,0.9916666065391868,0.7329078169949821,0.6085403535970967
2025-11-22T00:25:24.498625,interface,0.05511811023622047,0.4015748031496063,0.1112500086447592,0.7086614173228346,0.7651766704536893,0.9916666065391868,0.7329078169949821,0.6085403535970967
2025-11-22T00:25:24.513914,interface,0.05511811023622047,0.3779527559055118,0.1112500086447592,0.7086614173228346,0.7651766704536893,0.9916666065391868,0.7329078169949821,0.6085403535970967
2025-11-22T00:25:24.555716,interface,0.05511811023622047,0.36220472440944884,0.1112500086447592,0.7086614173228346,0.7651766704536893,0.9916666065391868,0.7329078169949821,0.6085403535970967
2025-11-22T00:25:24.570960,interface,0.05511811023622047,0.3543307086614173,0.1112500086447592,0.7086614173228346,0.7651766704536893,0.9916666065391868,0.7329078169949821,0.6085403535970967
2025-11-22T00:25:24.591337,interface,0.05511811023622047,0.3700787401574803,0.1112500086447592,0.7086614173228346,0.7651766704536893,0.9916666065391868,0.7329078169949821,0.6085403535970967
2025-11-22T00:25:24.657234,interface,0.05511811023622047,0.3700787401574803,0.1112500086447592,0.7086614173228346,0.7651766704536893,0.9916666065391868,0.7329078169949821,0.6085403535970967
2025-11-22T00:25:25.058743,interface,0.07086614173228346,0.3700787401574803,0.1112500086447592,0.7086614173228346,0.7651766704536893,0.9916666065391868,0.7329078169949821,0.6085403535970967
2025-11-22T00:25:25.060873,interface,0.07086614173228346,0.3700787401574803,0.1112500086447592,0.8346456692913385,0.7651766704536893,0.9916666065391868,0.7329078169949821,0.6085403535970967
2025-11-22T00:25:25.062910,interface,0.07086614173228346,0.3700787401574803,0.1112500086447592,0.7952755905511811,0.7651766704536893,0.9916666065391868,0.7329078169949821,0.6085403535970967
2025-11-22T00:25:25.088181,interface,0.07086614173228346,0.3700787401574803,0.1112500086447592,0.7480314960629921,0.7651766704536893,0.9916666065391868,0.7329078169949821,0.6085403535970967
2025-11-22T00:25:25.090169,interface,0.07086614173228346,0.3700787401574803,0.1112500086447592,0.7086614173228346,0.7651766704536893,0.9916666065391868,0.7329078169949821,0.6085403535970967
2025-11-22T00:25:25.106486,interface,0.07086614173228346,0.3700787401574803,0.1112500086447592,0.6614173228346457,0.7651766704536893,0.9916666065391868,0.7329078169949821,0.6085403535970967
2025-11-22T00:25:25.116784,interface,0.07086614173228346,0.3700787401574803,0.1112500086447592,0.5748031496062992,0.7651766704536893,0.9916666065391868,0.7329078169949821,0.6085403535970967
2025-11-22T00:25:25.127102,interface,0.07086614173228346,0.3700787401574803,0.1112500086447592,0.5275590551181102,0.7651766704536893,0.9916666065391868,0.7329078169949821,0.6085403535970967
2025-11-22T00:25:25.142294,interface,0.07086614173228346,0.3700787401574803,0.1112500086447592,0.4881889763779528,0.7651766704536893,0.9916666065391868,0.7329078169949821,0.6085403535970967
2025-11-22T00:25:25.146426,interface,0.07086614173228346,0.3700787401574803,0.1112500086447592,0.4251968503937008,0.7651766704536893,0.9916666065391868,0.7329078169949821,0.6085403535970967
2025-11-22T00:25:25.166845,interface,0.07086614173228346,0.3700787401574803,0.1112500086447592,0.3937007874015748,0.7651766704536893,0.9916666065391868,0.7329078169949821,0.6085403535970967
2025-11-22T00:25:25.170988,interface,0.07086614173228346,0.3700787401574803,0.1112500086447592,0.3700787401574803,0.7651766704536893,0.9916666065391868,0.7329078169949821,0.6085403535970967
2025-11-22T00:25:25.186478,interface,0.07086614173228346,0.3700787401574803,0.1112500086447592,0.3543307086614173,0.7651766704536893,0.9916666065391868,0.7329078169949821,0.6085403535970967
2025-11-22T00:25:25.201743,interface,0.07086614173228346,0.3700787401574803,0.1112500086447592,0.3464566929133858,0.7651766704536893,0.9916666065391868,0.7329078169949821,0.6085403535970967
2025-11-22T00:25:25.273220,interface,0.07086614173228346,0.3700787401574803,0.1112500086447592,0.3464566929133858,0.7651766704536893,0.9916666065391868,0.7329078169949821,0.6085403535970967
2025-11-22T00:25:26.885208,interface,0.07086614173228346,0.3700787401574803,0.1112500086447592,0.6929133858267716,0.7651766704536893,0.9916666065391868,0.7329078169949821,0.6085403535970967
2025-11-22T00:25:26.896212,interface,0.07086614173228346,0.3700787401574803,0.1112500086447592,0.6850393700787402,0.7651766704536893,0.9916666065391868,0.7329078169949821,0.6085403535970967
2025-11-22T00:25:26.900132,interface,0.07086614173228346,0.3700787401574803,0.1112500086447592,0.6771653543307087,0.7651766704536893,0.9916666065391868,0.7329078169949821,0.6085403535970967
2025-11-22T00:25:26.913811,interface,0.07086614173228346,0.3700787401574803,0.1112500086447592,0.6692913385826772,0.7651766704536893,0.9916666065391868,0.7329078169949821,0.6085403535970967
2025-11-22T00:25:26.915691,interface,0.07086614173228346,0.3700787401574803,0.1112500086447592,0.6614173228346457,0.7651766704536893,0.9916666065391868,0.7329078169949821,0.6085403535970967
2025-11-22T00:25:26.921277,interface,0.07086614173228346,0.3700787401574803,0.1112500086447592,0.6456692913385826,0.7651766704536893,0.9916666065391868,0.7329078169949821,0.6085403535970967
2025-11-22T00:25:26.933879,interface,0.07086614173228346,0.3700787401574803,0.1112500086447592,0.6299212598425197,0.7651766704536893,0.9916666065391868,0.7329078169949821,0.6085403535970967
2025-11-22T00:25:26.944312,interface,0.07086614173228346,0.3700787401574803,0.1112500086447592,0.6141732283464567,0.7651766704536893,0.9916666065391868,0.7329078169949821,0.6085403535970967
2025-11-22T00:25:26.954576,interface,0.07086614173228346,0.3700787401574803,0.1112500086447592,0.5984251968503937,0.7651766704536893,0.9916666065391868,0.7329078169949821,0.6085403535970967
2025-11-22T00:25:26.956477,interface,0.07086614173228346,0.3700787401574803,0.1112500086447592,0.5826771653543307,0.7651766704536893,0.9916666065391868,0.7329078169949821,0.6085403535970967
2025-11-22T00:25:26.960448,interface,0.07086614173228346,0.3700787401574803,0.1112500086447592,0.5590551181102362,0.7651766704536893,0.9916666065391868,0.7329078169949821,0.6085403535970967
2025-11-22T00:25:26.973762,interface,0.07086614173228346,0.3700787401574803,0.1112500086447592,0.5354330708661418,0.7651766704536893,0.9916666065391868,0.7329078169949821,0.6085403535970967
2025-11-22T00:25:26.985100,interface,0.07086614173228346,0.3700787401574803,0.1112500086447592,0.5196850393700787,0.7651766704536893,0.9916666065391868,0.7329078169949821,0.6085403535970967
2025-11-22T00:25:26.994379,interface,0.07086614173228346,0.3700787401574803,0.1112500086447592,0.49606299212598426,0.7651766704536893,0.9916666065391868,0.7329078169949821,0.6085403535970967
2025-11-22T00:25:26.996246,interface,0.07086614173228346,0.3700787401574803,0.1112500086447592,0.47244094488188976,0.7651766704536893,0.9916666065391868,0.7329078169949821,0.6085403535970967
2025-11-22T00:25:27.001895,interface,0.07086614173228346,0.3700787401574803,0.1112500086447592,0.44881889763779526,0.7651766704536893,0.9916666065391868,0.7329078169949821,0.6085403535970967
2025-11-22T00:25:27.016138,interface,0.07086614173228346,0.3700787401574803,0.1112500086447592,0.4251968503937008,0.7651766704536893,0.9916666065391868,0.7329078169949821,0.6085403535970967
2025-11-22T00:25:27.020130,interface,0.07086614173228346,0.3700787401574803,0.1112500086447592,0.4015748031496063,0.7651766704536893,0.9916666065391868,0.7329078169949821,0.6085403535970967
2025-11-22T00:25:27.033840,interface,0.07086614173228346,0.3700787401574803,0.1112500086447592,0.3858267716535433,0.7651766704536893,0.9916666065391868,0.7329078169949821,0.6085403535970967
2025-11-22T00:25:27.035709,interface,0.07086614173228346,0.3700787401574803,0.1112500086447592,0.36220472440944884,0.7651766704536893,0.9916666065391868,0.7329078169949821,0.6085403535970967
2025-11-22T00:25:27.041321,interface,0.07086614173228346,0.3700787401574803,0.1112500086447592,0.3464566929133858,0.7651766704536893,0.9916666065391868,0.7329078169949821,0.6085403535970967
2025-11-22T00:25:27.054470,interface,0.07086614173228346,0.3700787401574803,0.1112500086447592,0.3228346456692913,0.7651766704536893,0.9916666065391868,0.7329078169949821,0.6085403535970967
2025-11-22T00:25:27.063726,interface,0.07086614173228346,0.3700787401574803,0.1112500086447592,0.30708661417322836,0.7651766704536893,0.9916666065391868,0.7329078169949821,0.6085403535970967
2025-11-22T00:25:27.079351,interface,0.07086614173228346,0.3700787401574803,0.1112500086447592,0.29133858267716534,0.7651766704536893,0.9916666065391868,0.7329078169949821,0.6085403535970967
2025-11-22T00:25:27.081237,interface,0.07086614173228346,0.3700787401574803,0.1112500086447592,0.2755905511811024,0.7651766704536893,0.9916666065391868,0.7329078169949821,0.6085403535970967
2025-11-22T00:25:27.083060,interface,0.07086614173228346,0.3700787401574803,0.1112500086447592,0.2677165354330709,0.7651766704536893,0.9916666065391868,0.7329078169949821,0.6085403535970967
2025-11-22T00:25:27.090538,interface,0.07086614173228346,0.3700787401574803,0.1112500086447592,0.25196850393700787,0.7651766704536893,0.9916666065391868,0.7329078169949821,0.6085403535970967
2025-11-22T00:25:27.103836,interface,0.07086614173228346,0.3700787401574803,0.1112500086447592,0.2440944881889764,0.7651766704536893,0.9916666065391868,0.7329078169949821,0.6085403535970967
2025-11-22T00:25:27.114115,interface,0.07086614173228346,0.3700787401574803,0.1112500086447592,0.23622047244094488,0.7651766704536893,0.9916666065391868,0.7329078169949821,0.6085403535970967
2025-11-22T00:25:27.116201,interface,0.07086614173228346,0.3700787401574803,0.1112500086447592,0.2204724409448819,0.7651766704536893,0.9916666065391868,0.7329078169949821,0.6085403535970967
2025-11-22T00:25:27.122247,interface,0.07086614173228346,0.3700787401574803,0.1112500086447592,0.2047244094488189,0.7651766704536893,0.9916666065391868,0.7329078169949821,0.6085403535970967
2025-11-22T00:25:27.133936,interface,0.07086614173228346,0.3700787401574803,0.1112500086447592,0.1889763779527559,0.7651766704536893,0.9916666065391868,0.7329078169949821,0.6085403535970967
2025-11-22T00:25:27.144596,interface,0.07086614173228346,0.3700787401574803,0.1112500086447592,0.1732283464566929,0.7651766704536893,0.9916666065391868,0.7329078169949821,0.6085403535970967
2025-11-22T00:25:27.153832,interface,0.07086614173228346,0.3700787401574803,0.1112500086447592,0.15748031496062992,0.7651766704536893,0.9916666065391868,0.7329078169949821,0.6085403535970967
2025-11-22T00:25:27.155709,interface,0.07086614173228346,0.3700787401574803,0.1112500086447592,0.13385826771653545,0.7651766704536893,0.9916666065391868,0.7329078169949821,0.6085403535970967
2025-11-22T00:25:27.161323,interface,0.07086614173228346,0.3700787401574803,0.1112500086447592,0.10236220472440945,0.7651766704536893,0.9916666065391868,0.7329078169949821,0.6085403535970967
2025-11-22T00:25:27.174545,interface,0.07086614173228346,0.3700787401574803,0.1112500086447592,0.07874015748031496,0.7651766704536893,0.9916666065391868,0.7329078169949821,0.6085403535970967
2025-11-22T00:25:27.183567,interface,0.07086614173228346,0.3700787401574803,0.1112500086447592,0.047244094488188976,0.7651766704536893,0.9916666065391868,0.7329078169949821,0.6085403535970967
2025-11-22T00:25:27.195402,interface,0.07086614173228346,0.3700787401574803,0.1112500086447592,0.023622047244094488,0.7651766704536893,0.9916666065391868,0.7329078169949821,0.6085403535970967
2025-11-22T00:25:27.197357,interface,0.07086614173228346,0.3700787401574803,0.1112500086447592,0.007874015748031496,0.7651766704536893,0.9916666065391868,0.7329078169949821,0.6085403535970967
2025-11-22T00:25:27.201195,interface,0.07086614173228346,0.3700787401574803,0.1112500086447592,0.0,0.7651766704536893,0.9916666065391868,0.7329078169949821,0.6085403535970967
2025-11-22T00:25:28.141619,interface,0.07086614173228346,1.0,0.1112500086447592,0.0,0.7651766704536893,0.9916666065391868,0.7329078169949821,0.6085403535970967
2025-11-22T00:25:28.143857,interface,0.1889763779527559,1.0,0.1112500086447592,0.0,0.7651766704536893,0.9916666065391868,0.7329078169949821,0.6085403535970967
2025-11-22T00:25:28.164166,interface,0.1889763779527559,0.9921259842519685,0.1112500086447592,0.0,0.7651766704536893,0.9916666065391868,0.7329078169949821,0.6085403535970967
2025-11-22T00:25:28.166157,interface,0.1889763779527559,0.984251968503937,0.1112500086447592,0.0,0.7651766704536893,0.9916666065391868,0.7329078169949821,0.6085403535970967
2025-11-22T00:25:28.167930,interface,0.1889763779527559,0.9763779527559056,0.1112500086447592,0.0,0.7651766704536893,0.9916666065391868,0.7329078169949821,0.6085403535970967
2025-11-22T00:25:28.171704,interface,0.1889763779527559,0.952755905511811,0.1112500086447592,0.0,0.7651766704536893,0.9916666065391868,0.7329078169949821,0.6085403535970967
2025-11-22T00:25:28.179256,interface,0.1889763779527559,0.937007874015748,0.1112500086447592,0.0,0.7651766704536893,0.9916666065391868,0.7329078169949821,0.6085403535970967
2025-11-22T00:25:28.191615,interface,0.1889763779527559,0.9133858267716536,0.1112500086447592,0.0,0.7651766704536893,0.9916666065391868,0.7329078169949821,0.6085403535970967
2025-11-22T00:25:28.193685,interface,0.1889763779527559,0.889763779527559,0.1112500086447592,0.0,0.7651766704536893,0.9916666065391868,0.7329078169949821,0.6085403535970967
2025-11-22T00:25:28.205391,interface,0.1889763779527559,0.8661417322834646,0.1112500086447592,0.0,0.7651766704536893,0.9916666065391868,0.7329078169949821,0.6085403535970967
2025-11-22T00:25:28.209402,interface,0.1889763779527559,0.8503937007874016,0.1112500086447592,0.0,0.7651766704536893,0.9916666065391868,0.7329078169949821,0.6085403535970967
2025-11-22T00:25:28.225823,interface,0.1889763779527559,0.8267716535433071,0.1112500086447592,0.0,0.7651766704536893,0.9916666065391868,0.7329078169949821,0.6085403535970967
2025-11-22T00:25:28.229829,interface,0.1889763779527559,0.8110236220472441,0.1112500086447592,0.0,0.7651766704536893,0.9916666065391868,0.7329078169949821,0.6085403535970967
2025-11-22T00:25:28.233691,interface,0.1889763779527559,0.8031496062992126,0.1112500086447592,0.0,0.7651766704536893,0.9916666065391868,0.7329078169949821,0.6085403535970967
2025-11-22T00:25:28.245347,interface,0.1889763779527559,0.7874015748031497,0.1112500086447592,0.0,0.7651766704536893,0.9916666065391868,0.7329078169949821,0.6085403535970967
2025-11-22T00:25:28.249352,interface,0.1889763779527559,0.7795275590551181,0.1112500086447592,0.0,0.7651766704536893,0.9916666065391868,0.7329078169949821,0.6085403535970967
2025-11-22T00:25:28.266237,interface,0.1889763779527559,0.7637795275590551,0.1112500086447592,0.0,0.7651766704536893,0.9916666065391868,0.7329078169949821,0.6085403535970967
2025-11-22T00:25:28.270098,interface,0.1889763779527559,0.7480314960629921,0.1112500086447592,0.0,0.7651766704536893,0.9916666065391868,0.7329078169949821,0.6085403535970967
2025-11-22T00:25:28.273964,interface,0.1889763779527559,0.7322834645669292,0.1112500086447592,0.0,0.7651766704536893,0.9916666065391868,0.7329078169949821,0.6085403535970967
2025-11-22T00:25:28.285370,interface,0.1889763779527559,0.7165354330708661,0.1112500086447592,0.0,0.7651766704536893,0.9916666065391868,0.7329078169949821,0.6085403535970967
2025-11-22T00:25:28.289384,interface,0.1889763779527559,0.7007874015748031,0.1112500086447592,0.0,0.7651766704536893,0.9916666065391868,0.7329078169949821,0.6085403535970967
2025-11-22T00:25:28.304663,interface,0.1889763779527559,0.6771653543307087,0.1112500086447592,0.0,0.7651766704536893,0.9916666065391868,0.7329078169949821,0.6085403535970967
2025-11-22T00:25:28.308652,interface,0.1889763779527559,0.6614173228346457,0.1112500086447592,0.0,0.7651766704536893,0.9916666065391868,0.7329078169949821,0.6085403535970967
2025-11-22T00:25:28.312640,interface,0.1889763779527559,0.6535433070866141,0.1112500086447592,0.0,0.7651766704536893,0.9916666065391868,0.7329078169949821,0.6085403535970967
2025-11-22T00:25:28.329183,interface,0.1889763779527559,0.6456692913385826,0.1112500086447592,0.0,0.7651766704536893,0.9916666065391868,0.7329078169949821,0.6085403535970967
2025-11-22T00:25:28.349438,interface,0.1889763779527559,0.6535433070866141,0.1112500086447592,0.0,0.7651766704536893,0.9916666065391868,0.7329078169949821,0.6085403535970967
2025-11-22T00:25:28.353323,interface,0.1889763779527559,0.6614173228346457,0.1112500086447592,0.0,0.7651766704536893,0.9916666065391868,0.7329078169949821,0.6085403535970967
2025-11-22T00:25:28.365362,interface,0.1889763779527559,0.6771653543307087,0.1112500086447592,0.0,0.7651766704536893,0.9916666065391868,0.7329078169949821,0.6085403535970967
2025-11-22T00:25:28.374820,interface,0.1889763779527559,0.7007874015748031,0.1112500086447592,0.0,0.7651766704536893,0.9916666065391868,0.7329078169949821,0.6085403535970967
2025-11-22T00:25:28.384044,interface,0.1889763779527559,0.7165354330708661,0.1112500086447592,0.0,0.7651766704536893,0.9916666065391868,0.7329078169949821,0.6085403535970967
2025-11-22T00:25:28.394869,interface,0.1889763779527559,0.7401574803149606,0.1112500086447592,0.0,0.7651766704536893,0.9916666065391868,0.7329078169949821,0.6085403535970967
2025-11-22T00:25:28.396744,interface,0.1889763779527559,0.7637795275590551,0.1112500086447592,0.0,0.7651766704536893,0.9916666065391868,0.7329078169949821,0.6085403535970967
2025-11-22T00:25:28.400679,interface,0.1889763779527559,0.7874015748031497,0.1112500086447592,0.0,0.7651766704536893,0.9916666065391868,0.7329078169949821,0.6085403535970967
2025-11-22T00:25:28.415730,interface,0.1889763779527559,0.8031496062992126,0.1112500086447592,0.0,0.7651766704536893,0.9916666065391868,0.7329078169949821,0.6085403535970967
2025-11-22T00:25:28.419726,interface,0.1889763779527559,0.8188976377952756,0.1112500086447592,0.0,0.7651766704536893,0.9916666065391868,0.7329078169949821,0.6085403535970967
2025-11-22T00:25:28.433863,interface,0.1889763779527559,0.8346456692913385,0.1112500086447592,0.0,0.7651766704536893,0.9916666065391868,0.7329078169949821,0.6085403535970967
2025-11-22T00:25:28.435754,interface,0.1889763779527559,0.8503937007874016,0.1112500086447592,0.0,0.7651766704536893,0.9916666065391868,0.7329078169949821,0.6085403535970967
2025-11-22T00:25:28.441360,interface,0.1889763779527559,0.8582677165354331,0.1112500086447592,0.0,0.7651766704536893,0.9916666065391868,0.7329078169949821,0.6085403535970967
2025-11-22T00:25:28.453820,interface,0.1889763779527559,0.8661417322834646,0.1112500086447592,0.0,0.7651766704536893,0.9916666065391868,0.7329078169949821,0.6085403535970967
2025-11-22T00:25:28.464740,interface,0.1889763779527559,0.8661417322834646,0.1112500086447592,0.0,0.7651766704536893,0.9916666065391868,0.7329078169949821,0.6085403535970967
2025-11-22T00:25:28.501396,interface,0.1889763779527559,0.8582677165354331,0.1112500086447592,0.0,0.7651766704536893,0.9916666065391868,0.7329078169949821,0.6085403535970967
2025-11-22T00:25:28.516260,interface,0.1889763779527559,0.8582677165354331,0.1112500086447592,0.0,0.7651766704536893,0.9916666065391868,0.7329078169949821,0.6085403535970967
2025-11-22T00:25:28.518175,interface,0.1889763779527559,0.8503937007874016,0.1112500086447592,0.0,0.7651766704536893,0.9916666065391868,0.7329078169949821,0.6085403535970967
2025-11-22T00:25:28.521981,interface,0.1889763779527559,0.84251968503937,0.1112500086447592,0.0,0.7651766704536893,0.9916666065391868,0.7329078169949821,0.6085403535970967
2025-11-22T00:25:28.534378,interface,0.1889763779527559,0.8267716535433071,0.1112500086447592,0.0,0.7651766704536893,0.9916666065391868,0.7329078169949821,0.6085403535970967
2025-11-22T00:25:28.543704,interface,0.1889763779527559,0.8188976377952756,0.1112500086447592,0.0,0.7651766704536893,0.9916666065391868,0.7329078169949821,0.6085403535970967
2025-11-22T00:25:28.555454,interface,0.1889763779527559,0.8031496062992126,0.1112500086447592,0.0,0.7651766704536893,0.9916666065391868,0.7329078169949821,0.6085403535970967
2025-11-22T00:25:28.557317,interface,0.1889763779527559,0.7952755905511811,0.1112500086447592,0.0,0.7651766704536893,0.9916666065391868,0.7329078169949821,0.6085403535970967
2025-11-22T00:25:28.561299,interface,0.1889763779527559,0.7795275590551181,0.1112500086447592,0.0,0.7651766704536893,0.9916666065391868,0.7329078169949821,0.6085403535970967
2025-11-22T00:25:28.579303,interface,0.1889763779527559,0.7637795275590551,0.1112500086447592,0.0,0.7651766704536893,0.9916666065391868,0.7329078169949821,0.6085403535970967
2025-11-22T00:25:28.581184,interface,0.1889763779527559,0.7480314960629921,0.1112500086447592,0.0,0.7651766704536893,0.9916666065391868,0.7329078169949821,0.6085403535970967
2025-11-22T00:25:28.593829,interface,0.1889763779527559,0.7401574803149606,0.1112500086447592,0.0,0.7651766704536893,0.9916666065391868,0.7329078169949821,0.6085403535970967
2025-11-22T00:25:28.595697,interface,0.1889763779527559,0.7244094488188977,0.1112500086447592,0.0,0.7651766704536893,0.9916666065391868,0.7329078169949821,0.6085403535970967
2025-11-22T00:25:28.601358,interface,0.1889763779527559,0.7165354330708661,0.1112500086447592,0.0,0.7651766704536893,0.9916666065391868,0.7329078169949821,0.6085403535970967
2025-11-22T00:25:28.614376,interface,0.1889763779527559,0.7086614173228346,0.1112500086447592,0.0,0.7651766704536893,0.9916666065391868,0.7329078169949821,0.6085403535970967
2025-11-22T00:25:28.623818,interface,0.1889763779527559,0.7007874015748031,0.1112500086447592,0.0,0.7651766704536893,0.9916666065391868,0.7329078169949821,0.6085403535970967
2025-11-22T00:25:28.641174,interface,0.1889763779527559,0.6929133858267716,0.1112500086447592,0.0,0.7651766704536893,0.9916666065391868,0.7329078169949821,0.6085403535970967
2025-11-22T00:25:28.661439,interface,0.1889763779527559,0.6929133858267716,0.1112500086447592,0.0,0.7651766704536893,0.9916666065391868,0.7329078169949821,0.6085403535970967
2025-11-22T00:25:28.677497,interface,0.1889763779527559,0.6850393700787402,0.1112500086447592,0.0,0.7651766704536893,0.9916666065391868,0.7329078169949821,0.6085403535970967
2025-11-22T00:25:28.693589,interface,0.1889763779527559,0.6771653543307087,0.1112500086447592,0.0,0.7651766704536893,0.9916666065391868,0.7329078169949821,0.6085403535970967
2025-11-22T00:25:28.704328,interface,0.1889763779527559,0.6692913385826772,0.1112500086447592,0.0,0.7651766704536893,0.9916666065391868,0.7329078169949821,0.6085403535970967
2025-11-22T00:25:28.713995,interface,0.1889763779527559,0.6614173228346457,0.1112500086447592,0.0,0.7651766704536893,0.9916666065391868,0.7329078169949821,0.6085403535970967
2025-11-22T00:25:28.715866,interface,0.1889763779527559,0.6535433070866141,0.1112500086447592,0.0,0.7651766704536893,0.9916666065391868,0.7329078169949821,0.6085403535970967
2025-11-22T00:25:28.721401,interface,0.1889763779527559,0.6456692913385826,0.1112500086447592,0.0,0.7651766704536893,0.9916666065391868,0.7329078169949821,0.6085403535970967
2025-11-22T00:25:28.734352,interface,0.1889763779527559,0.6377952755905512,0.1112500086447592,0.0,0.7651766704536893,0.9916666065391868,0.7329078169949821,0.6085403535970967
2025-11-22T00:25:28.743824,interface,0.1889763779527559,0.6299212598425197,0.1112500086447592,0.0,0.7651766704536893,0.9916666065391868,0.7329078169949821,0.6085403535970967
2025-11-22T00:25:28.753986,interface,0.1889763779527559,0.6141732283464567,0.1112500086447592,0.0,0.7651766704536893,0.9916666065391868,0.7329078169949821,0.6085403535970967
2025-11-22T00:25:28.756021,interface,0.1889763779527559,0.6062992125984252,0.1112500086447592,0.0,0.7651766704536893,0.9916666065391868,0.7329078169949821,0.6085403535970967
2025-11-22T00:25:28.761663,interface,0.1889763779527559,0.5905511811023622,0.1112500086447592,0.0,0.7651766704536893,0.9916666065391868,0.7329078169949821,0.6085403535970967
2025-11-22T00:25:28.776920,interface,0.1889763779527559,0.5826771653543307,0.1112500086447592,0.0,0.7651766704536893,0.9916666065391868,0.7329078169949821,0.6085403535970967
2025-11-22T00:25:28.780929,interface,0.1889763779527559,0.5748031496062992,0.1112500086447592,0.0,0.7651766704536893,0.9916666065391868,0.7329078169949821,0.6085403535970967
2025-11-22T00:25:28.793665,interface,0.1889763779527559,0.5669291338582677,0.1112500086447592,0.0,0.7651766704536893,0.9916666065391868,0.7329078169949821,0.6085403535970967
2025-11-22T00:25:28.795537,interface,0.1889763779527559,0.5590551181102362,0.1112500086447592,0.0,0.7651766704536893,0.9916666065391868,0.7329078169949821,0.6085403535970967
2025-11-22T00:25:28.821596,interface,0.1889763779527559,0.5669291338582677,0.1112500086447592,0.0,0.7651766704536893,0.9916666065391868,0.7329078169949821,0.6085403535970967
2025-11-22T00:25:28.833997,interface,0.1889763779527559,0.5748031496062992,0.1112500086447592,0.0,0.7651766704536893,0.9916666065391868,0.7329078169949821,0.6085403535970967
2025-11-22T00:25:28.835871,interface,0.1889763779527559,0.5826771653543307,0.1112500086447592,0.0,0.7651766704536893,0.9916666065391868,0.7329078169949821,0.6085403535970967
2025-11-22T00:25:28.841491,interface,0.1889763779527559,0.5984251968503937,0.1112500086447592,0.0,0.7651766704536893,0.9916666065391868,0.7329078169949821,0.6085403535970967
2025-11-22T00:25:28.854826,interface,0.1889763779527559,0.6062992125984252,0.1112500086447592,0.0,0.7651766704536893,0.9916666065391868,0.7329078169949821,0.6085403535970967
2025-11-22T00:25:28.864154,interface,0.1889763779527559,0.6220472440944882,0.1112500086447592,0.0,0.7651766704536893,0.9916666065391868,0.7329078169949821,0.6085403535970967
2025-11-22T00:25:28.873910,interface,0.1889763779527559,0.6299212598425197,0.1112500086447592,0.0,0.7651766704536893,0.9916666065391868,0.7329078169949821,0.6085403535970967
2025-11-22T00:25:28.875792,interface,0.1889763779527559,0.6456692913385826,0.1112500086447592,0.0,0.7651766704536893,0.9916666065391868,0.7329078169949821,0.6085403535970967
2025-11-22T00:25:28.881584,interface,0.1889763779527559,0.6535433070866141,0.1112500086447592,0.0,0.7651766704536893,0.9916666065391868,0.7329078169949821,0.6085403535970967
2025-11-22T00:25:28.893908,interface,0.1889763779527559,0.6692913385826772,0.1112500086447592,0.0,0.7651766704536893,0.9916666065391868,0.7329078169949821,0.6085403535970967
2025-11-22T00:25:28.904525,interface,0.1889763779527559,0.6850393700787402,0.1112500086447592,0.0,0.7651766704536893,0.9916666065391868,0.7329078169949821,0.6085403535970967
2025-11-22T00:25:28.914437,interface,0.1889763779527559,0.7086614173228346,0.1112500086447592,0.0,0.7651766704536893,0.9916666065391868,0.7329078169949821,0.6085403535970967
2025-11-22T00:25:28.916329,interface,0.1889763779527559,0.7244094488188977,0.1112500086447592,0.0,0.7651766704536893,0.9916666065391868,0.7329078169949821,0.6085403535970967
2025-11-22T00:25:28.921979,interface,0.1889763779527559,0.7480314960629921,0.1112500086447592,0.0,0.7651766704536893,0.9916666065391868,0.7329078169949821,0.6085403535970967
2025-11-22T00:25:28.934385,interface,0.1889763779527559,0.7637795275590551,0.1112500086447592,0.0,0.7651766704536893,0.9916666065391868,0.7329078169949821,0.6085403535970967
2025-11-22T00:25:28.944209,interface,0.1889763779527559,0.7795275590551181,0.1112500086447592,0.0,0.7651766704536893,0.9916666065391868,0.7329078169949821,0.6085403535970967
2025-11-22T00:25:28.954511,interface,0.1889763779527559,0.7874015748031497,0.1112500086447592,0.0,0.7651766704536893,0.9916666065391868,0.7329078169949821,0.6085403535970967
2025-11-22T00:25:28.956372,interface,0.1889763779527559,0.8031496062992126,0.1112500086447592,0.0,0.7651766704536893,0.9916666065391868,0.7329078169949821,0.6085403535970967
2025-11-22T00:25:28.962111,interface,0.1889763779527559,0.8188976377952756,0.1112500086447592,0.0,0.7651766704536893,0.9916666065391868,0.7329078169949821,0.6085403535970967
2025-11-22T00:25:28.974219,interface,0.1889763779527559,0.8267716535433071,0.1112500086447592,0.0,0.7651766704536893,0.9916666065391868,0.7329078169949821,0.6085403535970967
2025-11-22T00:25:28.985306,interface,0.1889763779527559,0.8503937007874016,0.1112500086447592,0.0,0.7651766704536893,0.9916666065391868,0.7329078169949821,0.6085403535970967
2025-11-22T00:25:28.994645,interface,0.1889763779527559,0.8661417322834646,0.1112500086447592,0.0,0.7651766704536893,0.9916666065391868,0.7329078169949821,0.6085403535970967
2025-11-22T00:25:28.996510,interface,0.1889763779527559,0.889763779527559,0.1112500086447592,0.0,0.7651766704536893,0.9916666065391868,0.7329078169949821,0.6085403535970967
2025-11-22T00:25:29.002170,interface,0.1889763779527559,0.905511811023622,0.1112500086447592,0.0,0.7651766704536893,0.9916666065391868,0.7329078169949821,0.6085403535970967
2025-11-22T00:25:29.016347,interface,0.1889763779527559,0.9212598425196851,0.1112500086447592,0.0,0.7651766704536893,0.9916666065391868,0.7329078169949821,0.6085403535970967
2025-11-22T00:25:29.020195,interface,0.1889763779527559,0.9291338582677166,0.1112500086447592,0.0,0.7651766704536893,0.9916666065391868,0.7329078169949821,0.6085403535970967
2025-11-22T00:25:29.033976,interface,0.1889763779527559,0.937007874015748,0.1112500086447592,0.0,0.7651766704536893,0.9916666065391868,0.7329078169949821,0.6085403535970967
2025-11-22T00:25:29.035846,interface,0.1889763779527559,0.952755905511811,0.1112500086447592,0.0,0.7651766704536893,0.9916666065391868,0.7329078169949821,0.6085403535970967
2025-11-22T00:25:29.041392,interface,0.1889763779527559,0.9606299212598425,0.1112500086447592,0.0,0.7651766704536893,0.9916666065391868,0.7329078169949821,0.6085403535970967
2025-11-22T00:25:29.054437,interface,0.1889763779527559,0.968503937007874,0.1112500086447592,0.0,0.7651766704536893,0.9916666065391868,0.7329078169949821,0.6085403535970967
2025-11-22T00:25:29.064133,interface,0.1889763779527559,0.9763779527559056,0.1112500086447592,0.0,0.7651766704536893,0.9916666065391868,0.7329078169949821,0.6085403535970967
2025-11-22T00:25:29.073659,interface,0.1889763779527559,0.9763779527559056,0.1112500086447592,0.0,0.7651766704536893,0.9916666065391868,0.7329078169949821,0.6085403535970967
2025-11-22T00:25:29.075608,interface,0.1889763779527559,0.984251968503937,0.1112500086447592,0.0,0.7651766704536893,0.9916666065391868,0.7329078169949821,0.6085403535970967
2025-11-22T00:25:29.093533,interface,0.1889763779527559,0.9921259842519685,0.1112500086447592,0.0,0.7651766704536893,0.9916666065391868,0.7329078169949821,0.6085403535970967
2025-11-22T00:25:29.104296,interface,0.1889763779527559,0.9921259842519685,0.1112500086447592,0.0,0.7651766704536893,0.9916666065391868,0.7329078169949821,0.6085403535970967
2025-11-22T00:25:29.117540,interface,0.1889763779527559,1.0,0.1112500086447592,0.0,0.7651766704536893,0.9916666065391868,0.7329078169949821,0.6085403535970967
2025-11-22T00:25:29.133627,interface,0.1889763779527559,1.0,0.1112500086447592,0.0,0.7651766704536893,0.9916666065391868,0.7329078169949821,0.6085403535970967
2025-11-22T00:25:29.293419,interface,0.1889763779527559,1.0,0.1112500086447592,0.0,0.7651766704536893,0.9916666065391868,0.7329078169949821,0.6085403535970967
2025-11-22T00:25:29.303818,interface,0.1889763779527559,0.9921259842519685,0.1112500086447592,0.0,0.7651766704536893,0.9916666065391868,0.7329078169949821,0.6085403535970967
2025-11-22T00:25:29.314003,interface,0.1889763779527559,0.984251968503937,0.1112500086447592,0.0,0.7651766704536893,0.9916666065391868,0.7329078169949821,0.6085403535970967
2025-11-22T00:25:29.315863,interface,0.1889763779527559,0.9763779527559056,0.1112500086447592,0.0,0.7651766704536893,0.9916666065391868,0.7329078169949821,0.6085403535970967
2025-11-22T00:25:29.321701,interface,0.1889763779527559,0.968503937007874,0.1112500086447592,0.0,0.7651766704536893,0.9916666065391868,0.7329078169949821,0.6085403535970967
2025-11-22T00:25:29.334282,interface,0.1889763779527559,0.952755905511811,0.1112500086447592,0.0,0.7651766704536893,0.9916666065391868,0.7329078169949821,0.6085403535970967
2025-11-22T00:25:29.343841,interface,0.1889763779527559,0.9291338582677166,0.1112500086447592,0.0,0.7651766704536893,0.9916666065391868,0.7329078169949821,0.6085403535970967
2025-11-22T00:25:29.354815,interface,0.1889763779527559,0.905511811023622,0.1112500086447592,0.0,0.7651766704536893,0.9916666065391868,0.7329078169949821,0.6085403535970967
2025-11-22T00:25:29.356685,interface,0.1889763779527559,0.8740157480314961,0.1112500086447592,0.0,0.7651766704536893,0.9916666065391868,0.7329078169949821,0.6085403535970967
2025-11-22T00:25:29.362331,interface,0.1889763779527559,0.8503937007874016,0.1112500086447592,0.0,0.7651766704536893,0.9916666065391868,0.7329078169949821,0.6085403535970967
2025-11-22T00:25:29.374950,interface,0.1889763779527559,0.8267716535433071,0.1112500086447592,0.0,0.7651766704536893,0.9916666065391868,0.7329078169949821,0.6085403535970967
2025-11-22T00:25:29.378966,interface,0.1889763779527559,0.8031496062992126,0.1112500086447592,0.0,0.7651766704536893,0.9916666065391868,0.7329078169949821,0.6085403535970967
2025-11-22T00:25:29.395358,interface,0.1889763779527559,0.7795275590551181,0.1112500086447592,0.0,0.7651766704536893,0.9916666065391868,0.7329078169949821,0.6085403535970967
2025-11-22T00:25:29.397218,interface,0.1889763779527559,0.7559055118110236,0.1112500086447592,0.0,0.7651766704536893,0.9916666065391868,0.7329078169949821,0.6085403535970967
2025-11-22T00:25:29.402870,interface,0.1889763779527559,0.7322834645669292,0.1112500086447592,0.0,0.7651766704536893,0.9916666065391868,0.7329078169949821,0.6085403535970967
2025-11-22T00:25:29.414219,interface,0.1889763779527559,0.7086614173228346,0.1112500086447592,0.0,0.7651766704536893,0.9916666065391868,0.7329078169949821,0.6085403535970967
2025-11-22T00:25:29.423821,interface,0.1889763779527559,0.6850393700787402,0.1112500086447592,0.0,0.7651766704536893,0.9916666065391868,0.7329078169949821,0.6085403535970967
2025-11-22T00:25:29.435364,interface,0.1889763779527559,0.6614173228346457,0.1112500086447592,0.0,0.7651766704536893,0.9916666065391868,0.7329078169949821,0.6085403535970967
2025-11-22T00:25:29.437246,interface,0.1889763779527559,0.6456692913385826,0.1112500086447592,0.0,0.7651766704536893,0.9916666065391868,0.7329078169949821,0.6085403535970967
2025-11-22T00:25:29.441245,interface,0.1889763779527559,0.6299212598425197,0.1112500086447592,0.0,0.7651766704536893,0.9916666065391868,0.7329078169949821,0.6085403535970967
2025-11-22T00:25:29.454360,interface,0.1889763779527559,0.6141732283464567,0.1112500086447592,0.0,0.7651766704536893,0.9916666065391868,0.7329078169949821,0.6085403535970967
2025-11-22T00:25:29.463931,interface,0.1889763779527559,0.5905511811023622,0.1112500086447592,0.0,0.7651766704536893,0.9916666065391868,0.7329078169949821,0.6085403535970967
2025-11-22T00:25:29.474662,interface,0.1889763779527559,0.5748031496062992,0.1112500086447592,0.0,0.7651766704536893,0.9916666065391868,0.7329078169949821,0.6085403535970967
2025-11-22T00:25:29.476530,interface,0.1889763779527559,0.5511811023622047,0.1112500086447592,0.0,0.7651766704536893,0.9916666065391868,0.7329078169949821,0.6085403535970967
2025-11-22T00:25:29.482197,interface,0.1889763779527559,0.5354330708661418,0.1112500086447592,0.0,0.7651766704536893,0.9916666065391868,0.7329078169949821,0.6085403535970967
2025-11-22T00:25:29.495355,interface,0.1889763779527559,0.5118110236220472,0.1112500086447592,0.0,0.7651766704536893,0.9916666065391868,0.7329078169949821,0.6085403535970967
2025-11-22T00:25:29.504460,interface,0.1889763779527559,0.49606299212598426,0.1112500086447592,0.0,0.7651766704536893,0.9916666065391868,0.7329078169949821,0.6085403535970967
2025-11-22T00:25:29.515508,interface,0.1889763779527559,0.47244094488188976,0.1112500086447592,0.0,0.7651766704536893,0.9916666065391868,0.7329078169949821,0.6085403535970967
2025-11-22T00:25:29.517359,interface,0.1889763779527559,0.44881889763779526,0.1112500086447592,0.0,0.7651766704536893,0.9916666065391868,0.7329078169949821,0.6085403535970967
2025-11-22T00:25:29.521194,interface,0.1889763779527559,0.41732283464566927,0.1112500086447592,0.0,0.7651766704536893,0.9916666065391868,0.7329078169949821,0.6085403535970967
2025-11-22T00:25:29.534860,interface,0.1889763779527559,0.3937007874015748,0.1112500086447592,0.0,0.7651766704536893,0.9916666065391868,0.7329078169949821,0.6085403535970967
2025-11-22T00:25:29.543866,interface,0.1889763779527559,0.3700787401574803,0.1112500086447592,0.0,0.7651766704536893,0.9916666065391868,0.7329078169949821,0.6085403535970967
2025-11-22T00:25:29.555489,interface,0.1889763779527559,0.3464566929133858,0.1112500086447592,0.0,0.7651766704536893,0.9916666065391868,0.7329078169949821,0.6085403535970967
2025-11-22T00:25:29.557357,interface,0.1889763779527559,0.33070866141732286,0.1112500086447592,0.0,0.7651766704536893,0.9916666065391868,0.7329078169949821,0.6085403535970967
2025-11-22T00:25:29.561310,interface,0.1889763779527559,0.31496062992125984,0.1112500086447592,0.0,0.7651766704536893,0.9916666065391868,0.7329078169949821,0.6085403535970967
2025-11-22T00:25:29.579295,interface,0.1889763779527559,0.29133858267716534,0.1112500086447592,0.0,0.7651766704536893,0.9916666065391868,0.7329078169949821,0.6085403535970967
2025-11-22T00:25:29.581171,interface,0.1889763779527559,0.2755905511811024,0.1112500086447592,0.0,0.7651766704536893,0.9916666065391868,0.7329078169949821,0.6085403535970967
2025-11-22T00:25:29.594407,interface,0.1889763779527559,0.25984251968503935,0.1112500086447592,0.0,0.7651766704536893,0.9916666065391868,0.7329078169949821,0.6085403535970967
2025-11-22T00:25:29.596264,interface,0.1889763779527559,0.2440944881889764,0.1112500086447592,0.0,0.7651766704536893,0.9916666065391868,0.7329078169949821,0.6085403535970967
2025-11-22T00:25:29.601844,interface,0.1889763779527559,0.2204724409448819,0.1112500086447592,0.0,0.7651766704536893,0.9916666065391868,0.7329078169949821,0.6085403535970967
2025-11-22T00:25:29.614457,interface,0.1889763779527559,0.2047244094488189,0.1112500086447592,0.0,0.7651766704536893,0.9916666065391868,0.7329078169949821,0.6085403535970967
2025-11-22T00:25:29.623673,interface,0.1889763779527559,0.1968503937007874,0.1112500086447592,0.0,0.7651766704536893,0.9916666065391868,0.7329078169949821,0.6085403535970967
2025-11-22T00:25:29.633996,interface,0.1889763779527559,0.1889763779527559,0.1112500086447592,0.0,0.7651766704536893,0.9916666065391868,0.7329078169949821,0.6085403535970967
2025-11-22T00:25:29.635959,interface,0.1889763779527559,0.18110236220472442,0.1112500086447592,0.0,0.7651766704536893,0.9916666065391868,0.7329078169949821,0.6085403535970967
2025-11-22T00:25:29.669574,interface,0.1889763779527559,0.1889763779527559,0.1112500086447592,0.0,0.7651766704536893,0.9916666065391868,0.7329078169949821,0.6085403535970967
2025-11-22T00:25:29.673564,interface,0.1889763779527559,0.1889763779527559,0.1112500086447592,0.0,0.7651766704536893,0.9916666065391868,0.7329078169949821,0.6085403535970967
2025-11-22T00:25:29.685553,interface,0.1889763779527559,0.2047244094488189,0.1112500086447592,0.0,0.7651766704536893,0.9916666065391868,0.7329078169949821,0.6085403535970967
2025-11-22T00:25:29.694864,interface,0.1889763779527559,0.2125984251968504,0.1112500086447592,0.0,0.7651766704536893,0.9916666065391868,0.7329078169949821,0.6085403535970967
2025-11-22T00:25:29.704476,interface,0.1889763779527559,0.2283464566929134,0.1112500086447592,0.0,0.7651766704536893,0.9916666065391868,0.7329078169949821,0.6085403535970967
2025-11-22T00:25:29.713803,interface,0.1889763779527559,0.2440944881889764,0.1112500086447592,0.0,0.7651766704536893,0.9916666065391868,0.7329078169949821,0.6085403535970967
2025-11-22T00:25:29.715680,interface,0.1889763779527559,0.25984251968503935,0.1112500086447592,0.0,0.7651766704536893,0.9916666065391868,0.7329078169949821,0.6085403535970967
2025-11-22T00:25:29.721444,interface,0.1889763779527559,0.2755905511811024,0.1112500086447592,0.0,0.7651766704536893,0.9916666065391868,0.7329078169949821,0.6085403535970967
2025-11-22T00:25:29.735752,interface,0.1889763779527559,0.29133858267716534,0.1112500086447592,0.0,0.7651766704536893,0.9916666065391868,0.7329078169949821,0.6085403535970967
2025-11-22T00:25:29.739749,interface,0.1889763779527559,0.31496062992125984,0.1112500086447592,0.0,0.7651766704536893,0.9916666065391868,0.7329078169949821,0.6085403535970967
2025-11-22T00:25:29.755541,interface,0.1889763779527559,0.33858267716535434,0.1112500086447592,0.0,0.7651766704536893,0.9916666065391868,0.7329078169949821,0.6085403535970967
2025-11-22T00:25:29.757710,interface,0.1889763779527559,0.36220472440944884,0.1112500086447592,0.0,0.7651766704536893,0.9916666065391868,0.7329078169949821,0.6085403535970967
2025-11-22T00:25:29.761695,interface,0.1889763779527559,0.3858267716535433,0.1112500086447592,0.0,0.7651766704536893,0.9916666065391868,0.7329078169949821,0.6085403535970967
2025-11-22T00:25:29.774198,interface,0.1889763779527559,0.41732283464566927,0.1112500086447592,0.0,0.7651766704536893,0.9916666065391868,0.7329078169949821,0.6085403535970967
2025-11-22T00:25:29.784627,interface,0.1889763779527559,0.4409448818897638,0.1112500086447592,0.0,0.7651766704536893,0.9916666065391868,0.7329078169949821,0.6085403535970967
2025-11-22T00:25:29.795004,interface,0.1889763779527559,0.4645669291338583,0.1112500086447592,0.0,0.7651766704536893,0.9916666065391868,0.7329078169949821,0.6085403535970967
2025-11-22T00:25:29.796882,interface,0.1889763779527559,0.49606299212598426,0.1112500086447592,0.0,0.7651766704536893,0.9916666065391868,0.7329078169949821,0.6085403535970967
2025-11-22T00:25:29.800873,interface,0.1889763779527559,0.5196850393700787,0.1112500086447592,0.0,0.7651766704536893,0.9916666065391868,0.7329078169949821,0.6085403535970967
2025-11-22T00:25:29.814393,interface,0.1889763779527559,0.5590551181102362,0.1112500086447592,0.0,0.7651766704536893,0.9916666065391868,0.7329078169949821,0.6085403535970967
2025-11-22T00:25:29.829308,interface,0.1889763779527559,0.5984251968503937,0.1112500086447592,0.0,0.7651766704536893,0.9916666065391868,0.7329078169949821,0.6085403535970967
2025-11-22T00:25:29.831211,interface,0.1889763779527559,0.6299212598425197,0.1112500086447592,0.0,0.7651766704536893,0.9916666065391868,0.7329078169949821,0.6085403535970967
2025-11-22T00:25:29.833184,interface,0.1889763779527559,0.6692913385826772,0.1112500086447592,0.0,0.7651766704536893,0.9916666065391868,0.7329078169949821,0.6085403535970967
2025-11-22T00:25:29.845674,interface,0.1889763779527559,0.7086614173228346,0.1112500086447592,0.0,0.7651766704536893,0.9916666065391868,0.7329078169949821,0.6085403535970967
2025-11-22T00:25:29.855221,interface,0.1889763779527559,0.7401574803149606,0.1112500086447592,0.0,0.7651766704536893,0.9916666065391868,0.7329078169949821,0.6085403535970967
2025-11-22T00:25:29.859220,interface,0.1889763779527559,0.7637795275590551,0.1112500086447592,0.0,0.7651766704536893,0.9916666065391868,0.7329078169949821,0.6085403535970967
2025-11-22T00:25:29.874360,interface,0.1889763779527559,0.7874015748031497,0.1112500086447592,0.0,0.7651766704536893,0.9916666065391868,0.7329078169949821,0.6085403535970967
2025-11-22T00:25:29.876232,interface,0.1889763779527559,0.8031496062992126,0.1112500086447592,0.0,0.7651766704536893,0.9916666065391868,0.7329078169949821,0.6085403535970967
2025-11-22T00:25:29.882149,interface,0.1889763779527559,0.8188976377952756,0.1112500086447592,0.0,0.7651766704536893,0.9916666065391868,0.7329078169949821,0.6085403535970967
2025-11-22T00:25:29.894343,interface,0.1889763779527559,0.8267716535433071,0.1112500086447592,0.0,0.7651766704536893,0.9916666065391868,0.7329078169949821,0.6085403535970967
2025-11-22T00:25:29.905351,interface,0.1889763779527559,0.84251968503937,0.1112500086447592,0.0,0.7651766704536893,0.9916666065391868,0.7329078169949821,0.6085403535970967
2025-11-22T00:25:29.909350,interface,0.1889763779527559,0.8582677165354331,0.1112500086447592,0.0,0.7651766704536893,0.9916666065391868,0.7329078169949821,0.6085403535970967
2025-11-22T00:25:29.913352,interface,0.1889763779527559,0.8661417322834646,0.1112500086447592,0.0,0.7651766704536893,0.9916666065391868,0.7329078169949821,0.6085403535970967
2025-11-22T00:25:29.925583,interface,0.1889763779527559,0.8740157480314961,0.1112500086447592,0.0,0.7651766704536893,0.9916666065391868,0.7329078169949821,0.6085403535970967
2025-11-22T00:25:29.929586,interface,0.1889763779527559,0.8818897637795275,0.1112500086447592,0.0,0.7651766704536893,0.9916666065391868,0.7329078169949821,0.6085403535970967
2025-11-22T00:25:29.944398,interface,0.1889763779527559,0.889763779527559,0.1112500086447592,0.0,0.7651766704536893,0.9916666065391868,0.7329078169949821,0.6085403535970967
2025-11-22T00:25:29.954599,interface,0.1889763779527559,0.889763779527559,0.1112500086447592,0.0,0.7651766704536893,0.9916666065391868,0.7329078169949821,0.6085403535970967
2025-11-22T00:25:29.956462,interface,0.1889763779527559,0.8976377952755905,0.1112500086447592,0.0,0.7651766704536893,0.9916666065391868,0.7329078169949821,0.6085403535970967
2025-11-22T00:25:29.962098,interface,0.1889763779527559,0.905511811023622,0.1112500086447592,0.0,0.7651766704536893,0.9916666065391868,0.7329078169949821,0.6085403535970967
2025-11-22T00:25:29.974493,interface,0.1889763779527559,0.905511811023622,0.1112500086447592,0.0,0.7651766704536893,0.9916666065391868,0.7329078169949821,0.6085403535970967
2025-11-22T00:25:29.984436,interface,0.1889763779527559,0.9133858267716536,0.1112500086447592,0.0,0.7651766704536893,0.9916666065391868,0.7329078169949821,0.6085403535970967
2025-11-22T00:25:29.994498,interface,0.1889763779527559,0.9212598425196851,0.1112500086447592,0.0,0.7651766704536893,0.9916666065391868,0.7329078169949821,0.6085403535970967
2025-11-22T00:25:29.996375,interface,0.1889763779527559,0.9212598425196851,0.1112500086447592,0.0,0.7651766704536893,0.9916666065391868,0.7329078169949821,0.6085403535970967
2025-11-22T00:25:30.002070,interface,0.1889763779527559,0.9291338582677166,0.1112500086447592,0.0,0.7651766704536893,0.9916666065391868,0.7329078169949821,0.6085403535970967
2025-11-22T00:25:30.021423,interface,0.1889763779527559,0.9291338582677166,0.1112500086447592,0.0,0.7651766704536893,0.9916666065391868,0.7329078169949821,0.6085403535970967
2025-11-22T00:25:30.037603,interface,0.1889763779527559,0.937007874015748,0.1112500086447592,0.0,0.7651766704536893,0.9916666065391868,0.7329078169949821,0.6085403535970967
2025-11-22T00:25:30.101453,interface,0.1889763779527559,0.9291338582677166,0.1112500086447592,0.0,0.7651766704536893,0.9916666065391868,0.7329078169949821,0.6085403535970967
2025-11-22T00:25:30.114248,interface,0.1889763779527559,0.9291338582677166,0.1112500086447592,0.0,0.7651766704536893,0.9916666065391868,0.7329078169949821,0.6085403535970967
2025-11-22T00:25:30.116149,interface,0.1889763779527559,0.9133858267716536,0.1112500086447592,0.0,0.7651766704536893,0.9916666065391868,0.7329078169949821,0.6085403535970967
2025-11-22T00:25:30.121728,interface,0.1889763779527559,0.8976377952755905,0.1112500086447592,0.0,0.7651766704536893,0.9916666065391868,0.7329078169949821,0.6085403535970967
2025-11-22T00:25:30.134342,interface,0.1889763779527559,0.8818897637795275,0.1112500086447592,0.0,0.7651766704536893,0.9916666065391868,0.7329078169949821,0.6085403535970967
2025-11-22T00:25:30.143672,interface,0.1889763779527559,0.8582677165354331,0.1112500086447592,0.0,0.7651766704536893,0.9916666065391868,0.7329078169949821,0.6085403535970967
2025-11-22T00:25:30.155117,interface,0.1889763779527559,0.8346456692913385,0.1112500086447592,0.0,0.7651766704536893,0.9916666065391868,0.7329078169949821,0.6085403535970967
2025-11-22T00:25:30.157556,interface,0.1889763779527559,0.8188976377952756,0.1112500086447592,0.0,0.7651766704536893,0.9916666065391868,0.7329078169949821,0.6085403535970967
2025-11-22T00:25:30.161834,interface,0.1889763779527559,0.7952755905511811,0.1112500086447592,0.0,0.7651766704536893,0.9916666065391868,0.7329078169949821,0.6085403535970967
2025-11-22T00:25:30.174238,interface,0.1889763779527559,0.7716535433070866,0.1112500086447592,0.0,0.7651766704536893,0.9916666065391868,0.7329078169949821,0.6085403535970967
2025-11-22T00:25:30.185964,interface,0.1889763779527559,0.7480314960629921,0.1112500086447592,0.0,0.7651766704536893,0.9916666065391868,0.7329078169949821,0.6085403535970967
2025-11-22T00:25:30.189849,interface,0.1889763779527559,0.7244094488188977,0.1112500086447592,0.0,0.7651766704536893,0.9916666065391868,0.7329078169949821,0.6085403535970967
2025-11-22T00:25:30.194047,interface,0.1889763779527559,0.6929133858267716,0.1112500086447592,0.0,0.7651766704536893,0.9916666065391868,0.7329078169949821,0.6085403535970967
2025-11-22T00:25:30.205812,interface,0.1889763779527559,0.6614173228346457,0.1112500086447592,0.0,0.7651766704536893,0.9916666065391868,0.7329078169949821,0.6085403535970967
2025-11-22T00:25:30.215217,interface,0.1889763779527559,0.6299212598425197,0.1112500086447592,0.0,0.7651766704536893,0.9916666065391868,0.7329078169949821,0.6085403535970967
2025-11-22T00:25:30.219324,interface,0.1889763779527559,0.6062992125984252,0.1112500086447592,0.0,0.7651766704536893,0.9916666065391868,0.7329078169949821,0.6085403535970967
2025-11-22T00:25:30.234691,interface,0.1889763779527559,0.5669291338582677,0.1112500086447592,0.0,0.7651766704536893,0.9916666065391868,0.7329078169949821,0.6085403535970967
2025-11-22T00:25:30.236998,interface,0.1889763779527559,0.5354330708661418,0.1112500086447592,0.0,0.7651766704536893,0.9916666065391868,0.7329078169949821,0.6085403535970967
2025-11-22T00:25:30.240926,interface,0.1889763779527559,0.5118110236220472,0.1112500086447592,0.0,0.7651766704536893,0.9916666065391868,0.7329078169949821,0.6085403535970967
2025-11-22T00:25:30.254328,interface,0.1889763779527559,0.48031496062992124,0.1112500086447592,0.0,0.7651766704536893,0.9916666065391868,0.7329078169949821,0.6085403535970967
2025-11-22T00:25:30.264636,interface,0.1889763779527559,0.4566929133858268,0.1112500086447592,0.0,0.7651766704536893,0.9916666065391868,0.7329078169949821,0.6085403535970967
2025-11-22T00:25:30.274816,interface,0.1889763779527559,0.4330708661417323,0.1112500086447592,0.0,0.7651766704536893,0.9916666065391868,0.7329078169949821,0.6085403535970967
2025-11-22T00:25:30.276702,interface,0.1889763779527559,0.4094488188976378,0.1112500086447592,0.0,0.7651766704536893,0.9916666065391868,0.7329078169949821,0.6085403535970967
2025-11-22T00:25:30.282366,interface,0.1889763779527559,0.3858267716535433,0.1112500086447592,0.0,0.7651766704536893,0.9916666065391868,0.7329078169949821,0.6085403535970967
2025-11-22T00:25:30.294974,interface,0.1889763779527559,0.36220472440944884,0.1112500086447592,0.0,0.7651766704536893,0.9916666065391868,0.7329078169949821,0.6085403535970967
2025-11-22T00:25:30.299000,interface,0.1889763779527559,0.3464566929133858,0.1112500086447592,0.0,0.7651766704536893,0.9916666065391868,0.7329078169949821,0.6085403535970967
2025-11-22T00:25:30.314345,interface,0.1889763779527559,0.33858267716535434,0.1112500086447592,0.0,0.7651766704536893,0.9916666065391868,0.7329078169949821,0.6085403535970967
2025-11-22T00:25:30.316214,interface,0.1889763779527559,0.33070866141732286,0.1112500086447592,0.0,0.7651766704536893,0.9916666065391868,0.7329078169949821,0.6085403535970967
2025-11-22T00:25:30.321905,interface,0.1889763779527559,0.3228346456692913,0.1112500086447592,0.0,0.7651766704536893,0.9916666065391868,0.7329078169949821,0.6085403535970967
2025-11-22T00:25:30.341568,interface,0.1889763779527559,0.3228346456692913,0.1112500086447592,0.0,0.7651766704536893,0.9916666065391868,0.7329078169949821,0.6085403535970967
2025-11-22T00:25:30.357601,interface,0.1889763779527559,0.31496062992125984,0.1112500086447592,0.0,0.7651766704536893,0.9916666065391868,0.7329078169949821,0.6085403535970967
2025-11-22T00:25:30.373584,interface,0.1889763779527559,0.31496062992125984,0.1112500086447592,0.0,0.7651766704536893,0.9916666065391868,0.7329078169949821,0.6085403535970967
2025-11-22T00:25:31.150944,interface,0.1889763779527559,0.31496062992125984,1.0,0.0,0.7651766704536893,0.9916666065391868,0.7329078169949821,0.6085403535970967
2025-11-22T00:25:31.152977,interface,0.1889763779527559,0.31496062992125984,0.9921259842519685,0.0,0.7651766704536893,0.9916666065391868,0.7329078169949821,0.6085403535970967
2025-11-22T00:25:31.154797,interface,0.1889763779527559,0.31496062992125984,0.968503937007874,0.0,0.7651766704536893,0.9916666065391868,0.7329078169949821,0.6085403535970967
2025-11-22T00:25:31.162356,interface,0.1889763779527559,0.31496062992125984,0.937007874015748,0.0,0.7651766704536893,0.9916666065391868,0.7329078169949821,0.6085403535970967
2025-11-22T00:25:31.174987,interface,0.1889763779527559,0.31496062992125984,0.8740157480314961,0.0,0.7651766704536893,0.9916666065391868,0.7329078169949821,0.6085403535970967
2025-11-22T00:25:31.184503,interface,0.1889763779527559,0.31496062992125984,0.8110236220472441,0.0,0.7651766704536893,0.9916666065391868,0.7329078169949821,0.6085403535970967
2025-11-22T00:25:31.194576,interface,0.1889763779527559,0.31496062992125984,0.7559055118110236,0.0,0.7651766704536893,0.9916666065391868,0.7329078169949821,0.6085403535970967
2025-11-22T00:25:31.196520,interface,0.1889763779527559,0.31496062992125984,0.7007874015748031,0.0,0.7651766704536893,0.9916666065391868,0.7329078169949821,0.6085403535970967
2025-11-22T00:25:31.202237,interface,0.1889763779527559,0.31496062992125984,0.6535433070866141,0.0,0.7651766704536893,0.9916666065391868,0.7329078169949821,0.6085403535970967
2025-11-22T00:25:31.214703,interface,0.1889763779527559,0.31496062992125984,0.6141732283464567,0.0,0.7651766704536893,0.9916666065391868,0.7329078169949821,0.6085403535970967
2025-11-22T00:25:31.223709,interface,0.1889763779527559,0.31496062992125984,0.5748031496062992,0.0,0.7651766704536893,0.9916666065391868,0.7329078169949821,0.6085403535970967
2025-11-22T00:25:31.235023,interface,0.1889763779527559,0.31496062992125984,0.5433070866141733,0.0,0.7651766704536893,0.9916666065391868,0.7329078169949821,0.6085403535970967
2025-11-22T00:25:31.236974,interface,0.1889763779527559,0.31496062992125984,0.5196850393700787,0.0,0.7651766704536893,0.9916666065391868,0.7329078169949821,0.6085403535970967
2025-11-22T00:25:31.240925,interface,0.1889763779527559,0.31496062992125984,0.5039370078740157,0.0,0.7651766704536893,0.9916666065391868,0.7329078169949821,0.6085403535970967
2025-11-22T00:25:31.254251,interface,0.1889763779527559,0.31496062992125984,0.4881889763779528,0.0,0.7651766704536893,0.9916666065391868,0.7329078169949821,0.6085403535970967
2025-11-22T00:25:31.264244,interface,0.1889763779527559,0.31496062992125984,0.48031496062992124,0.0,0.7651766704536893,0.9916666065391868,0.7329078169949821,0.6085403535970967
2025-11-22T00:25:31.274351,interface,0.1889763779527559,0.31496062992125984,0.47244094488188976,0.0,0.7651766704536893,0.9916666065391868,0.7329078169949821,0.6085403535970967
2025-11-22T00:25:31.276258,interface,0.1889763779527559,0.31496062992125984,0.4645669291338583,0.0,0.7651766704536893,0.9916666065391868,0.7329078169949821,0.6085403535970967
2025-11-22T00:25:31.329270,interface,0.1889763779527559,0.31496062992125984,0.47244094488188976,0.0,0.7651766704536893,0.9916666065391868,0.7329078169949821,0.6085403535970967
2025-11-22T00:25:31.331189,interface,0.1889763779527559,0.31496062992125984,0.48031496062992124,0.0,0.7651766704536893,0.9916666065391868,0.7329078169949821,0.6085403535970967
2025-11-22T00:25:31.343869,interface,0.1889763779527559,0.31496062992125984,0.49606299212598426,0.0,0.7651766704536893,0.9916666065391868,0.7329078169949821,0.6085403535970967
2025-11-22T00:25:31.353846,interface,0.1889763779527559,0.31496062992125984,0.5196850393700787,0.0,0.7651766704536893,0.9916666065391868,0.7329078169949821,0.6085403535970967
2025-11-22T00:25:31.355713,interface,0.1889763779527559,0.31496062992125984,0.5590551181102362,0.0,0.7651766704536893,0.9916666065391868,0.7329078169949821,0.6085403535970967
2025-11-22T00:25:31.361500,interface,0.1889763779527559,0.31496062992125984,0.5905511811023622,0.0,0.7651766704536893,0.9916666065391868,0.7329078169949821,0.6085403535970967
2025-11-22T00:25:31.374919,interface,0.1889763779527559,0.31496062992125984,0.6299212598425197,0.0,0.7651766704536893,0.9916666065391868,0.7329078169949821,0.6085403535970967
2025-11-22T00:25:31.378918,interface,0.1889763779527559,0.31496062992125984,0.6692913385826772,0.0,0.7651766704536893,0.9916666065391868,0.7329078169949821,0.6085403535970967
2025-11-22T00:25:31.394584,interface,0.1889763779527559,0.31496062992125984,0.7165354330708661,0.0,0.7651766704536893,0.9916666065391868,0.7329078169949821,0.6085403535970967
2025-11-22T00:25:31.396453,interface,0.1889763779527559,0.31496062992125984,0.7716535433070866,0.0,0.7651766704536893,0.9916666065391868,0.7329078169949821,0.6085403535970967
2025-11-22T00:25:31.402048,interface,0.1889763779527559,0.31496062992125984,0.8267716535433071,0.0,0.7651766704536893,0.9916666065391868,0.7329078169949821,0.6085403535970967
2025-11-22T00:25:31.415530,interface,0.1889763779527559,0.31496062992125984,0.8818897637795275,0.0,0.7651766704536893,0.9916666065391868,0.7329078169949821,0.6085403535970967
2025-11-22T00:25:31.425204,interface,0.1889763779527559,0.31496062992125984,0.937007874015748,0.0,0.7651766704536893,0.9916666065391868,0.7329078169949821,0.6085403535970967
2025-11-22T00:25:31.434398,interface,0.1889763779527559,0.31496062992125984,0.9763779527559056,0.0,0.7651766704536893,0.9916666065391868,0.7329078169949821,0.6085403535970967
2025-11-22T00:25:31.436263,interface,0.1889763779527559,0.31496062992125984,0.9921259842519685,0.0,0.7651766704536893,0.9916666065391868,0.7329078169949821,0.6085403535970967
2025-11-22T00:25:31.441833,interface,0.1889763779527559,0.31496062992125984,1.0,0.0,0.7651766704536893,0.9916666065391868,0.7329078169949821,0.6085403535970967
2025-11-22T00:25:31.613680,interface,0.1889763779527559,0.31496062992125984,1.0,0.0,0.7651766704536893,0.9916666065391868,0.7329078169949821,0.6085403535970967
2025-11-22T00:25:31.623850,interface,0.1889763779527559,0.31496062992125984,0.9921259842519685,0.0,0.7651766704536893,0.9916666065391868,0.7329078169949821,0.6085403535970967
2025-11-22T00:25:31.633965,interface,0.1889763779527559,0.31496062992125984,0.9921259842519685,0.0,0.7651766704536893,0.9916666065391868,0.7329078169949821,0.6085403535970967
2025-11-22T00:25:31.635921,interface,0.1889763779527559,0.31496062992125984,0.9763779527559056,0.0,0.7651766704536893,0.9916666065391868,0.7329078169949821,0.6085403535970967
2025-11-22T00:25:31.641673,interface,0.1889763779527559,0.31496062992125984,0.9448818897637795,0.0,0.7651766704536893,0.9916666065391868,0.7329078169949821,0.6085403535970967
2025-11-22T00:25:31.654537,interface,0.1889763779527559,0.31496062992125984,0.9133858267716536,0.0,0.7651766704536893,0.9916666065391868,0.7329078169949821,0.6085403535970967
2025-11-22T00:25:31.664927,interface,0.1889763779527559,0.31496062992125984,0.8661417322834646,0.0,0.7651766704536893,0.9916666065391868,0.7329078169949821,0.6085403535970967
2025-11-22T00:25:31.674878,interface,0.1889763779527559,0.31496062992125984,0.8267716535433071,0.0,0.7651766704536893,0.9916666065391868,0.7329078169949821,0.6085403535970967
2025-11-22T00:25:31.676750,interface,0.1889763779527559,0.31496062992125984,0.7874015748031497,0.0,0.7651766704536893,0.9916666065391868,0.7329078169949821,0.6085403535970967
2025-11-22T00:25:31.682373,interface,0.1889763779527559,0.31496062992125984,0.7559055118110236,0.0,0.7651766704536893,0.9916666065391868,0.7329078169949821,0.6085403535970967
2025-11-22T00:25:31.695780,interface,0.1889763779527559,0.31496062992125984,0.7322834645669292,0.0,0.7651766704536893,0.9916666065391868,0.7329078169949821,0.6085403535970967
2025-11-22T00:25:31.699801,interface,0.1889763779527559,0.31496062992125984,0.7086614173228346,0.0,0.7651766704536893,0.9916666065391868,0.7329078169949821,0.6085403535970967
2025-11-22T00:25:31.713713,interface,0.1889763779527559,0.31496062992125984,0.6929133858267716,0.0,0.7651766704536893,0.9916666065391868,0.7329078169949821,0.6085403535970967
2025-11-22T00:25:31.715575,interface,0.1889763779527559,0.31496062992125984,0.6771653543307087,0.0,0.7651766704536893,0.9916666065391868,0.7329078169949821,0.6085403535970967
2025-11-22T00:25:31.721266,interface,0.1889763779527559,0.31496062992125984,0.6692913385826772,0.0,0.7651766704536893,0.9916666065391868,0.7329078169949821,0.6085403535970967
2025-11-22T00:25:31.734326,interface,0.1889763779527559,0.31496062992125984,0.6614173228346457,0.0,0.7651766704536893,0.9916666065391868,0.7329078169949821,0.6085403535970967
2025-11-22T00:25:31.744632,interface,0.1889763779527559,0.31496062992125984,0.6535433070866141,0.0,0.7651766704536893,0.9916666065391868,0.7329078169949821,0.6085403535970967
2025-11-22T00:25:31.766153,interface,0.1889763779527559,0.31496062992125984,0.6535433070866141,0.0,0.7651766704536893,0.9916666065391868,0.7329078169949821,0.6085403535970967
2025-11-22T00:25:31.789870,interface,0.1889763779527559,0.31496062992125984,0.6456692913385826,0.0,0.7651766704536893,0.9916666065391868,0.7329078169949821,0.6085403535970967
2025-11-22T00:25:31.805835,interface,0.1889763779527559,0.31496062992125984,0.6377952755905512,0.0,0.7651766704536893,0.9916666065391868,0.7329078169949821,0.6085403535970967
2025-11-22T00:25:31.809799,interface,0.1889763779527559,0.31496062992125984,0.6377952755905512,0.0,0.7651766704536893,0.9916666065391868,0.7329078169949821,0.6085403535970967
2025-11-22T00:25:31.823801,interface,0.1889763779527559,0.31496062992125984,0.6299212598425197,0.0,0.7651766704536893,0.9916666065391868,0.7329078169949821,0.6085403535970967
2025-11-22T00:25:31.834006,interface,0.1889763779527559,0.31496062992125984,0.6220472440944882,0.0,0.7651766704536893,0.9916666065391868,0.7329078169949821,0.6085403535970967
2025-11-22T00:25:31.835873,interface,0.1889763779527559,0.31496062992125984,0.6141732283464567,0.0,0.7651766704536893,0.9916666065391868,0.7329078169949821,0.6085403535970967
2025-11-22T00:25:31.841660,interface,0.1889763779527559,0.31496062992125984,0.5984251968503937,0.0,0.7651766704536893,0.9916666065391868,0.7329078169949821,0.6085403535970967
2025-11-22T00:25:31.854340,interface,0.1889763779527559,0.31496062992125984,0.5905511811023622,0.0,0.7651766704536893,0.9916666065391868,0.7329078169949821,0.6085403535970967
2025-11-22T00:25:31.863902,interface,0.1889763779527559,0.31496062992125984,0.5748031496062992,0.0,0.7651766704536893,0.9916666065391868,0.7329078169949821,0.6085403535970967
2025-11-22T00:25:31.874564,interface,0.1889763779527559,0.31496062992125984,0.5511811023622047,0.0,0.7651766704536893,0.9916666065391868,0.7329078169949821,0.6085403535970967
2025-11-22T00:25:31.876428,interface,0.1889763779527559,0.31496062992125984,0.5354330708661418,0.0,0.7651766704536893,0.9916666065391868,0.7329078169949821,0.6085403535970967
2025-11-22T00:25:31.882062,interface,0.1889763779527559,0.31496062992125984,0.5196850393700787,0.0,0.7651766704536893,0.9916666065391868,0.7329078169949821,0.6085403535970967
2025-11-22T00:25:31.894351,interface,0.1889763779527559,0.31496062992125984,0.5039370078740157,0.0,0.7651766704536893,0.9916666065391868,0.7329078169949821,0.6085403535970967
2025-11-22T00:25:31.904231,interface,0.1889763779527559,0.31496062992125984,0.4881889763779528,0.0,0.7651766704536893,0.9916666065391868,0.7329078169949821,0.6085403535970967
2025-11-22T00:25:31.914076,interface,0.1889763779527559,0.31496062992125984,0.47244094488188976,0.0,0.7651766704536893,0.9916666065391868,0.7329078169949821,0.6085403535970967
2025-11-22T00:25:31.915957,interface,0.1889763779527559,0.31496062992125984,0.4566929133858268,0.0,0.7651766704536893,0.9916666065391868,0.7329078169949821,0.6085403535970967
2025-11-22T00:25:31.921712,interface,0.1889763779527559,0.31496062992125984,0.44881889763779526,0.0,0.7651766704536893,0.9916666065391868,0.7329078169949821,0.6085403535970967
2025-11-22T00:25:31.934213,interface,0.1889763779527559,0.31496062992125984,0.4409448818897638,0.0,0.7651766704536893,0.9916666065391868,0.7329078169949821,0.6085403535970967
2025-11-22T00:25:31.944476,interface,0.1889763779527559,0.31496062992125984,0.4251968503937008,0.0,0.7651766704536893,0.9916666065391868,0.7329078169949821,0.6085403535970967
2025-11-22T00:25:31.955556,interface,0.1889763779527559,0.31496062992125984,0.41732283464566927,0.0,0.7651766704536893,0.9916666065391868,0.7329078169949821,0.6085403535970967
2025-11-22T00:25:31.957419,interface,0.1889763779527559,0.31496062992125984,0.4015748031496063,0.0,0.7651766704536893,0.9916666065391868,0.7329078169949821,0.6085403535970967
2025-11-22T00:25:31.961359,interface,0.1889763779527559,0.31496062992125984,0.3858267716535433,0.0,0.7651766704536893,0.9916666065391868,0.7329078169949821,0.6085403535970967
2025-11-22T00:25:31.974743,interface,0.1889763779527559,0.31496062992125984,0.3700787401574803,0.0,0.7651766704536893,0.9916666065391868,0.7329078169949821,0.6085403535970967
2025-11-22T00:25:31.983763,interface,0.1889763779527559,0.31496062992125984,0.36220472440944884,0.0,0.7651766704536893,0.9916666065391868,0.7329078169949821,0.6085403535970967
2025-11-22T00:25:31.994358,interface,0.1889763779527559,0.31496062992125984,0.3464566929133858,0.0,0.7651766704536893,0.9916666065391868,0.7329078169949821,0.6085403535970967
2025-11-22T00:25:31.996219,interface,0.1889763779527559,0.31496062992125984,0.33858267716535434,0.0,0.7651766704536893,0.9916666065391868,0.7329078169949821,0.6085403535970967
2025-11-22T00:25:32.001838,interface,0.1889763779527559,0.31496062992125984,0.33070866141732286,0.0,0.7651766704536893,0.9916666065391868,0.7329078169949821,0.6085403535970967
2025-11-22T00:25:32.016159,interface,0.1889763779527559,0.31496062992125984,0.3228346456692913,0.0,0.7651766704536893,0.9916666065391868,0.7329078169949821,0.6085403535970967
2025-11-22T00:25:32.020135,interface,0.1889763779527559,0.31496062992125984,0.31496062992125984,0.0,0.7651766704536893,0.9916666065391868,0.7329078169949821,0.6085403535970967
2025-11-22T00:25:32.070055,interface,0.1889763779527559,0.31496062992125984,0.3228346456692913,0.0,0.7651766704536893,0.9916666065391868,0.7329078169949821,0.6085403535970967
2025-11-22T00:25:32.157803,interface,0.1889763779527559,0.31496062992125984,0.33070866141732286,0.0,0.7651766704536893,0.9916666065391868,0.7329078169949821,0.6085403535970967
2025-11-22T00:25:32.161831,interface,0.1889763779527559,0.31496062992125984,0.33070866141732286,0.0,0.7651766704536893,0.9916666065391868,0.7329078169949821,0.6085403535970967
2025-11-22T00:25:32.174364,interface,0.1889763779527559,0.31496062992125984,0.33858267716535434,0.0,0.7651766704536893,0.9916666065391868,0.7329078169949821,0.6085403535970967
2025-11-22T00:25:32.183507,interface,0.1889763779527559,0.31496062992125984,0.3464566929133858,0.0,0.7651766704536893,0.9916666065391868,0.7329078169949821,0.6085403535970967
2025-11-22T00:25:32.193915,interface,0.1889763779527559,0.31496062992125984,0.3464566929133858,0.0,0.7651766704536893,0.9916666065391868,0.7329078169949821,0.6085403535970967
2025-11-22T00:25:32.196113,interface,0.1889763779527559,0.31496062992125984,0.3543307086614173,0.0,0.7651766704536893,0.9916666065391868,0.7329078169949821,0.6085403535970967
2025-11-22T00:25:32.202245,interface,0.1889763779527559,0.31496062992125984,0.3543307086614173,0.0,0.7651766704536893,0.9916666065391868,0.7329078169949821,0.6085403535970967
2025-11-22T00:25:32.214456,interface,0.1889763779527559,0.31496062992125984,0.36220472440944884,0.0,0.7651766704536893,0.9916666065391868,0.7329078169949821,0.6085403535970967
2025-11-22T00:25:32.229901,interface,0.1889763779527559,0.31496062992125984,0.36220472440944884,0.0,0.7651766704536893,0.9916666065391868,0.7329078169949821,0.6085403535970967
2025-11-22T00:25:32.253909,interface,0.1889763779527559,0.31496062992125984,0.3700787401574803,0.0,0.7651766704536893,0.9916666065391868,0.7329078169949821,0.6085403535970967
2025-11-22T00:25:32.293916,interface,0.1889763779527559,0.31496062992125984,0.3700787401574803,0.0,0.7651766704536893,0.9916666065391868,0.7329078169949821,0.6085403535970967
2025-11-22T00:25:32.341843,interface,0.1889763779527559,0.31496062992125984,0.3779527559055118,0.0,0.7651766704536893,0.9916666065391868,0.7329078169949821,0.6085403535970967
2025-11-22T00:25:32.365952,interface,0.1889763779527559,0.31496062992125984,0.3858267716535433,0.0,0.7651766704536893,0.9916666065391868,0.7329078169949821,0.6085403535970967
2025-11-22T00:25:32.382054,interface,0.1889763779527559,0.31496062992125984,0.3858267716535433,0.0,0.7651766704536893,0.9916666065391868,0.7329078169949821,0.6085403535970967
2025-11-22T00:25:35.064103,interface,0.5590551181102362,0.31496062992125984,0.3858267716535433,0.0,0.7651766704536893,0.9916666065391868,0.7329078169949821,0.6085403535970967
2025-11-22T00:25:35.214922,interface,0.5275590551181102,0.31496062992125984,0.3858267716535433,0.0,0.7651766704536893,0.9916666065391868,0.7329078169949821,0.6085403535970967
2025-11-22T00:25:35.369598,interface,0.5590551181102362,0.31496062992125984,0.3858267716535433,0.0,0.7651766704536893,0.9916666065391868,0.7329078169949821,0.6085403535970967
2025-11-22T00:25:35.544935,interface,0.5275590551181102,0.31496062992125984,0.3858267716535433,0.0,0.7651766704536893,0.9916666065391868,0.7329078169949821,0.6085403535970967
2025-11-22T00:25:36.188653,interface,0.5039370078740157,0.31496062992125984,0.3858267716535433,0.0,0.7651766704536893,0.9916666065391868,0.7329078169949821,0.6085403535970967
2025-11-22T00:25:37.657425,interface,0.25196850393700787,0.31496062992125984,0.3858267716535433,0.0,0.7651766704536893,0.9916666065391868,0.7329078169949821,0.6085403535970967
2025-11-22T00:25:40.095439,interface,0.25196850393700787,0.31496062992125984,0.3937007874015748,0.0,0.7651766704536893,0.9916666065391868,0.7329078169949821,0.6085403535970967
2025-11-22T00:25:40.111596,interface,0.25196850393700787,0.31496062992125984,0.3937007874015748,0.0,0.7651766704536893,0.9916666065391868,0.7329078169949821,0.6085403535970967
2025-11-22T00:25:40.127584,interface,0.25196850393700787,0.31496062992125984,0.4015748031496063,0.0,0.7651766704536893,0.9916666065391868,0.7329078169949821,0.6085403535970967
2025-11-22T00:25:41.549450,interface,0.0,0.31496062992125984,0.4015748031496063,0.0,0.7651766704536893,0.9916666065391868,0.7329078169949821,0.6085403535970967
2025-11-22T00:25:41.915509,interface,0.0,0.31496062992125984,0.4015748031496063,0.0,0.7651766704536893,0.9916666065391868,0.7329078169949821,0.0
2025-11-22T00:25:41.931658,interface,0.0,0.31496062992125984,0.4015748031496063,0.0,0.7651766704536893,0.9916666065391868,0.7329078169949821,0.007874015748031496
2025-11-22T00:25:41.944516,interface,0.0,0.31496062992125984,0.4015748031496063,0.0,0.7651766704536893,0.9916666065391868,0.7329078169949821,0.015748031496062992
2025-11-22T00:25:41.946498,interface,0.0,0.31496062992125984,0.4015748031496063,0.0,0.7651766704536893,0.9916666065391868,0.7329078169949821,0.023622047244094488
2025-11-22T00:25:41.952131,interface,0.0,0.31496062992125984,0.4015748031496063,0.0,0.7651766704536893,0.9916666065391868,0.7329078169949821,0.03937007874015748
2025-11-22T00:25:41.964479,interface,0.0,0.31496062992125984,0.4015748031496063,0.0,0.7651766704536893,0.9916666065391868,0.7329078169949821,0.047244094488188976
2025-11-22T00:25:41.974254,interface,0.0,0.31496062992125984,0.4015748031496063,0.0,0.7651766704536893,0.9916666065391868,0.7329078169949821,0.07086614173228346
2025-11-22T00:25:41.983889,interface,0.0,0.31496062992125984,0.4015748031496063,0.0,0.7651766704536893,0.9916666065391868,0.7329078169949821,0.08661417322834646
2025-11-22T00:25:41.985801,interface,0.0,0.31496062992125984,0.4015748031496063,0.0,0.7651766704536893,0.9916666065391868,0.7329078169949821,0.11023622047244094
2025-11-22T00:25:41.991579,interface,0.0,0.31496062992125984,0.4015748031496063,0.0,0.7651766704536893,0.9916666065391868,0.7329078169949821,0.13385826771653545
2025-11-22T00:25:42.004178,interface,0.0,0.31496062992125984,0.4015748031496063,0.0,0.7651766704536893,0.9916666065391868,0.7329078169949821,0.15748031496062992
2025-11-22T00:25:42.015323,interface,0.0,0.31496062992125984,0.4015748031496063,0.0,0.7651766704536893,0.9916666065391868,0.7329078169949821,0.18110236220472442
2025-11-22T00:25:42.019308,interface,0.0,0.31496062992125984,0.4015748031496063,0.0,0.7651766704536893,0.9916666065391868,0.7329078169949821,0.1968503937007874
2025-11-22T00:25:42.023304,interface,0.0,0.31496062992125984,0.4015748031496063,0.0,0.7651766704536893,0.9916666065391868,0.7329078169949821,0.2204724409448819
2025-11-22T00:25:42.035704,interface,0.0,0.31496062992125984,0.4015748031496063,0.0,0.7651766704536893,0.9916666065391868,0.7329078169949821,0.23622047244094488
2025-11-22T00:25:42.039764,interface,0.0,0.31496062992125984,0.4015748031496063,0.0,0.7651766704536893,0.9916666065391868,0.7329078169949821,0.25196850393700787
2025-11-22T00:25:42.053993,interface,0.0,0.31496062992125984,0.4015748031496063,0.0,0.7651766704536893,0.9916666065391868,0.7329078169949821,0.2677165354330709
2025-11-22T00:25:42.063911,interface,0.0,0.31496062992125984,0.4015748031496063,0.0,0.7651766704536893,0.9916666065391868,0.7329078169949821,0.28346456692913385
2025-11-22T00:25:42.065812,interface,0.0,0.31496062992125984,0.4015748031496063,0.0,0.7651766704536893,0.9916666065391868,0.7329078169949821,0.2992125984251969
2025-11-22T00:25:42.071732,interface,0.0,0.31496062992125984,0.4015748031496063,0.0,0.7651766704536893,0.9916666065391868,0.7329078169949821,0.31496062992125984
2025-11-22T00:25:42.084428,interface,0.0,0.31496062992125984,0.4015748031496063,0.0,0.7651766704536893,0.9916666065391868,0.7329078169949821,0.33070866141732286
2025-11-22T00:25:42.094425,interface,0.0,0.31496062992125984,0.4015748031496063,0.0,0.7651766704536893,0.9916666065391868,0.7329078169949821,0.3464566929133858
2025-11-22T00:25:42.103909,interface,0.0,0.31496062992125984,0.4015748031496063,0.0,0.7651766704536893,0.9916666065391868,0.7329078169949821,0.36220472440944884
2025-11-22T00:25:42.105813,interface,0.0,0.31496062992125984,0.4015748031496063,0.0,0.7651766704536893,0.9916666065391868,0.7329078169949821,0.3858267716535433
2025-11-22T00:25:42.111575,interface,0.0,0.31496062992125984,0.4015748031496063,0.0,0.7651766704536893,0.9916666065391868,0.7329078169949821,0.4015748031496063
2025-11-22T00:25:42.124788,interface,0.0,0.31496062992125984,0.4015748031496063,0.0,0.7651766704536893,0.9916666065391868,0.7329078169949821,0.41732283464566927
2025-11-22T00:25:42.133927,interface,0.0,0.31496062992125984,0.4015748031496063,0.0,0.7651766704536893,0.9916666065391868,0.7329078169949821,0.4409448818897638
2025-11-22T00:25:42.145122,interface,0.0,0.31496062992125984,0.4015748031496063,0.0,0.7651766704536893,0.9916666065391868,0.7329078169949821,0.4566929133858268
2025-11-22T00:25:42.147024,interface,0.0,0.31496062992125984,0.4015748031496063,0.0,0.7651766704536893,0.9916666065391868,0.7329078169949821,0.4645669291338583
2025-11-22T00:25:42.151006,interface,0.0,0.31496062992125984,0.4015748031496063,0.0,0.7651766704536893,0.9916666065391868,0.7329078169949821,0.48031496062992124
2025-11-22T00:25:42.165435,interface,0.0,0.31496062992125984,0.4015748031496063,0.0,0.7651766704536893,0.9916666065391868,0.7329078169949821,0.4881889763779528
2025-11-22T00:25:42.174467,interface,0.0,0.31496062992125984,0.4015748031496063,0.0,0.7651766704536893,0.9916666065391868,0.7329078169949821,0.49606299212598426
2025-11-22T00:25:42.184080,interface,0.0,0.31496062992125984,0.4015748031496063,0.0,0.7651766704536893,0.9916666065391868,0.7329078169949821,0.5039370078740157
2025-11-22T00:25:42.185991,interface,0.0,0.31496062992125984,0.4015748031496063,0.0,0.7651766704536893,0.9916666065391868,0.7329078169949821,0.5118110236220472
2025-11-22T00:25:42.191699,interface,0.0,0.31496062992125984,0.4015748031496063,0.0,0.7651766704536893,0.9916666065391868,0.7329078169949821,0.5196850393700787
2025-11-22T00:25:42.204380,interface,0.0,0.31496062992125984,0.4015748031496063,0.0,0.7651766704536893,0.9916666065391868,0.7329078169949821,0.5275590551181102
2025-11-22T00:25:42.214435,interface,0.0,0.31496062992125984,0.4015748031496063,0.0,0.7651766704536893,0.9916666065391868,0.7329078169949821,0.5354330708661418
2025-11-22T00:25:42.224361,interface,0.0,0.31496062992125984,0.4015748031496063,0.0,0.7651766704536893,0.9916666065391868,0.7329078169949821,0.5433070866141733
2025-11-22T00:25:42.226282,interface,0.0,0.31496062992125984,0.4015748031496063,0.0,0.7651766704536893,0.9916666065391868,0.7329078169949821,0.5511811023622047
2025-11-22T00:25:42.231920,interface,0.0,0.31496062992125984,0.4015748031496063,0.0,0.7651766704536893,0.9916666065391868,0.7329078169949821,0.5590551181102362
2025-11-22T00:25:42.244380,interface,0.0,0.31496062992125984,0.4015748031496063,0.0,0.7651766704536893,0.9916666065391868,0.7329078169949821,0.5590551181102362
2025-11-22T00:25:42.253743,interface,0.0,0.31496062992125984,0.4015748031496063,0.0,0.7651766704536893,0.9916666065391868,0.7329078169949821,0.5669291338582677
2025-11-22T00:25:42.267747,interface,0.0,0.31496062992125984,0.4015748031496063,0.0,0.7651766704536893,0.9916666065391868,0.7329078169949821,0.5748031496062992
2025-11-22T00:25:42.283711,interface,0.0,0.31496062992125984,0.4015748031496063,0.0,0.7651766704536893,0.9916666065391868,0.7329078169949821,0.5748031496062992
2025-11-22T00:25:42.297761,interface,0.0,0.31496062992125984,0.4015748031496063,0.0,0.7651766704536893,0.9916666065391868,0.7329078169949821,0.5826771653543307
2025-11-22T00:25:42.307760,interface,0.0,0.31496062992125984,0.4015748031496063,0.0,0.7651766704536893,0.9916666065391868,0.7329078169949821,0.5905511811023622
2025-11-22T00:25:42.323828,interface,0.0,0.31496062992125984,0.4015748031496063,0.0,0.7651766704536893,0.9916666065391868,0.7329078169949821,0.5984251968503937
2025-11-22T00:25:42.339761,interface,0.0,0.31496062992125984,0.4015748031496063,0.0,0.7651766704536893,0.9916666065391868,0.7329078169949821,0.5984251968503937
2025-11-22T00:25:42.343814,interface,0.0,0.31496062992125984,0.4015748031496063,0.0,0.7651766704536893,0.9916666065391868,0.7329078169949821,0.6062992125984252
2025-11-22T00:25:42.355928,interface,0.0,0.31496062992125984,0.4015748031496063,0.0,0.7651766704536893,0.9916666065391868,0.7329078169949821,0.6141732283464567
2025-11-22T00:25:42.360271,interface,0.0,0.31496062992125984,0.4015748031496063,0.0,0.7651766704536893,0.9916666065391868,0.7329078169949821,0.6141732283464567
2025-11-22T00:25:42.374401,interface,0.0,0.31496062992125984,0.4015748031496063,0.0,0.7651766704536893,0.9916666065391868,0.7329078169949821,0.6220472440944882
2025-11-22T00:25:42.384322,interface,0.0,0.31496062992125984,0.4015748031496063,0.0,0.7651766704536893,0.9916666065391868,0.7329078169949821,0.6299212598425197
2025-11-22T00:25:42.386326,interface,0.0,0.31496062992125984,0.4015748031496063,0.0,0.7651766704536893,0.9916666065391868,0.7329078169949821,0.6299212598425197
2025-11-22T00:25:42.391955,interface,0.0,0.31496062992125984,0.4015748031496063,0.0,0.7651766704536893,0.9916666065391868,0.7329078169949821,0.6377952755905512
2025-11-22T00:25:42.404372,interface,0.0,0.31496062992125984,0.4015748031496063,0.0,0.7651766704536893,0.9916666065391868,0.7329078169949821,0.6456692913385826
2025-11-22T00:25:42.413748,interface,0.0,0.31496062992125984,0.4015748031496063,0.0,0.7651766704536893,0.9916666065391868,0.7329078169949821,0.6535433070866141
2025-11-22T00:25:42.423695,interface,0.0,0.31496062992125984,0.4015748031496063,0.0,0.7651766704536893,0.9916666065391868,0.7329078169949821,0.6614173228346457
2025-11-22T00:25:42.425587,interface,0.0,0.31496062992125984,0.4015748031496063,0.0,0.7651766704536893,0.9916666065391868,0.7329078169949821,0.6692913385826772
2025-11-22T00:25:42.436296,interface,0.0,0.31496062992125984,0.4015748031496063,0.0,0.7651766704536893,0.9916666065391868,0.7329078169949821,0.6850393700787402
2025-11-22T00:25:42.440133,interface,0.0,0.31496062992125984,0.4015748031496063,0.0,0.7651766704536893,0.9916666065391868,0.7329078169949821,0.6929133858267716
2025-11-22T00:25:42.454440,interface,0.0,0.31496062992125984,0.4015748031496063,0.0,0.7651766704536893,0.9916666065391868,0.7329078169949821,0.7007874015748031
2025-11-22T00:25:42.464078,interface,0.0,0.31496062992125984,0.4015748031496063,0.0,0.7651766704536893,0.9916666065391868,0.7329078169949821,0.7165354330708661
2025-11-22T00:25:42.465976,interface,0.0,0.31496062992125984,0.4015748031496063,0.0,0.7651766704536893,0.9916666065391868,0.7329078169949821,0.7244094488188977
2025-11-22T00:25:42.471699,interface,0.0,0.31496062992125984,0.4015748031496063,0.0,0.7651766704536893,0.9916666065391868,0.7329078169949821,0.7401574803149606
2025-11-22T00:25:42.484225,interface,0.0,0.31496062992125984,0.4015748031496063,0.0,0.7651766704536893,0.9916666065391868,0.7329078169949821,0.7559055118110236
2025-11-22T00:25:42.494370,interface,0.0,0.31496062992125984,0.4015748031496063,0.0,0.7651766704536893,0.9916666065391868,0.7329078169949821,0.7637795275590551
2025-11-22T00:25:42.504360,interface,0.0,0.31496062992125984,0.4015748031496063,0.0,0.7651766704536893,0.9916666065391868,0.7329078169949821,0.7795275590551181
2025-11-22T00:25:42.506393,interface,0.0,0.31496062992125984,0.4015748031496063,0.0,0.7651766704536893,0.9916666065391868,0.7329078169949821,0.7952755905511811
2025-11-22T00:25:42.512146,interface,0.0,0.31496062992125984,0.4015748031496063,0.0,0.7651766704536893,0.9916666065391868,0.7329078169949821,0.8110236220472441
2025-11-22T00:25:42.524383,interface,0.0,0.31496062992125984,0.4015748031496063,0.0,0.7651766704536893,0.9916666065391868,0.7329078169949821,0.8267716535433071
2025-11-22T00:25:42.534715,interface,0.0,0.31496062992125984,0.4015748031496063,0.0,0.7651766704536893,0.9916666065391868,0.7329078169949821,0.8346456692913385
2025-11-22T00:25:42.544036,interface,0.0,0.31496062992125984,0.4015748031496063,0.0,0.7651766704536893,0.9916666065391868,0.7329078169949821,0.8503937007874016
2025-11-22T00:25:42.545921,interface,0.0,0.31496062992125984,0.4015748031496063,0.0,0.7651766704536893,0.9916666065391868,0.7329078169949821,0.8582677165354331
2025-11-22T00:25:42.551667,interface,0.0,0.31496062992125984,0.4015748031496063,0.0,0.7651766704536893,0.9916666065391868,0.7329078169949821,0.8740157480314961
2025-11-22T00:25:42.565392,interface,0.0,0.31496062992125984,0.4015748031496063,0.0,0.7651766704536893,0.9916666065391868,0.7329078169949821,0.8818897637795275
2025-11-22T00:25:42.574551,interface,0.0,0.31496062992125984,0.4015748031496063,0.0,0.7651766704536893,0.9916666065391868,0.7329078169949821,0.8976377952755905
2025-11-22T00:25:42.583852,interface,0.0,0.31496062992125984,0.4015748031496063,0.0,0.7651766704536893,0.9916666065391868,0.7329078169949821,0.905511811023622
2025-11-22T00:25:42.585734,interface,0.0,0.31496062992125984,0.4015748031496063,0.0,0.7651766704536893,0.9916666065391868,0.7329078169949821,0.9212598425196851
2025-11-22T00:25:42.591456,interface,0.0,0.31496062992125984,0.4015748031496063,0.0,0.7651766704536893,0.9916666065391868,0.7329078169949821,0.937007874015748
2025-11-22T00:25:42.604364,interface,0.0,0.31496062992125984,0.4015748031496063,0.0,0.7651766704536893,0.9916666065391868,0.7329078169949821,0.9448818897637795
2025-11-22T00:25:42.615023,interface,0.0,0.31496062992125984,0.4015748031496063,0.0,0.7651766704536893,0.9916666065391868,0.7329078169949821,0.9606299212598425
2025-11-22T00:25:42.619071,interface,0.0,0.31496062992125984,0.4015748031496063,0.0,0.7651766704536893,0.9916666065391868,0.7329078169949821,0.968503937007874
2025-11-22T00:25:42.623080,interface,0.0,0.31496062992125984,0.4015748031496063,0.0,0.7651766704536893,0.9916666065391868,0.7329078169949821,0.9763779527559056
2025-11-22T00:25:42.635879,interface,0.0,0.31496062992125984,0.4015748031496063,0.0,0.7651766704536893,0.9916666065391868,0.7329078169949821,0.984251968503937
2025-11-22T00:25:42.639961,interface,0.0,0.31496062992125984,0.4015748031496063,0.0,0.7651766704536893,0.9916666065391868,0.7329078169949821,0.984251968503937
2025-11-22T00:25:42.659788,interface,0.0,0.31496062992125984,0.4015748031496063,0.0,0.7651766704536893,0.9916666065391868,0.7329078169949821,0.9921259842519685
2025-11-22T00:25:42.663712,interface,0.0,0.31496062992125984,0.4015748031496063,0.0,0.7651766704536893,0.9916666065391868,0.7329078169949821,0.9921259842519685
2025-11-22T00:25:42.707738,interface,0.0,0.31496062992125984,0.4015748031496063,0.0,0.7651766704536893,0.9916666065391868,0.7329078169949821,1.0
2025-11-22T00:25:42.859293,interface,0.0,0.31496062992125984,0.4015748031496063,0.0,0.7651766704536893,0.9916666065391868,0.7329078169949821,0.9921259842519685
2025-11-22T00:25:42.863387,interface,0.0,0.31496062992125984,0.4015748031496063,0.0,0.7651766704536893,0.9916666065391868,0.7329078169949821,0.984251968503937
2025-11-22T00:25:42.875889,interface,0.0,0.31496062992125984,0.4015748031496063,0.0,0.7651766704536893,0.9916666065391868,0.7329078169949821,0.984251968503937
2025-11-22T00:25:42.879904,interface,0.0,0.31496062992125984,0.4015748031496063,0.0,0.7651766704536893,0.9916666065391868,0.7329078169949821,0.9763779527559056
2025-11-22T00:25:42.894314,interface,0.0,0.31496062992125984,0.4015748031496063,0.0,0.7651766704536893,0.9916666065391868,0.7329078169949821,0.9606299212598425
2025-11-22T00:25:42.903842,interface,0.0,0.31496062992125984,0.4015748031496063,0.0,0.7651766704536893,0.9916666065391868,0.7329078169949821,0.952755905511811
2025-11-22T00:25:42.905740,interface,0.0,0.31496062992125984,0.4015748031496063,0.0,0.7651766704536893,0.9916666065391868,0.7329078169949821,0.937007874015748
2025-11-22T00:25:42.911459,interface,0.0,0.31496062992125984,0.4015748031496063,0.0,0.7651766704536893,0.9916666065391868,0.7329078169949821,0.9212598425196851
2025-11-22T00:25:42.924381,interface,0.0,0.31496062992125984,0.4015748031496063,0.0,0.7651766704536893,0.9916666065391868,0.7329078169949821,0.905511811023622
2025-11-22T00:25:42.934248,interface,0.0,0.31496062992125984,0.4015748031496063,0.0,0.7651766704536893,0.9916666065391868,0.7329078169949821,0.8818897637795275
2025-11-22T00:25:42.944605,interface,0.0,0.31496062992125984,0.4015748031496063,0.0,0.7651766704536893,0.9916666065391868,0.7329078169949821,0.8661417322834646
2025-11-22T00:25:42.946565,interface,0.0,0.31496062992125984,0.4015748031496063,0.0,0.7651766704536893,0.9916666065391868,0.7329078169949821,0.8503937007874016
2025-11-22T00:25:42.952186,interface,0.0,0.31496062992125984,0.4015748031496063,0.0,0.7651766704536893,0.9916666065391868,0.7329078169949821,0.8267716535433071
2025-11-22T00:25:42.964917,interface,0.0,0.31496062992125984,0.4015748031496063,0.0,0.7651766704536893,0.9916666065391868,0.7329078169949821,0.8110236220472441
2025-11-22T00:25:42.974487,interface,0.0,0.31496062992125984,0.4015748031496063,0.0,0.7651766704536893,0.9916666065391868,0.7329078169949821,0.7952755905511811
2025-11-22T00:25:42.983889,interface,0.0,0.31496062992125984,0.4015748031496063,0.0,0.7651766704536893,0.9916666065391868,0.7329078169949821,0.7795275590551181
2025-11-22T00:25:42.985778,interface,0.0,0.31496062992125984,0.4015748031496063,0.0,0.7651766704536893,0.9916666065391868,0.7329078169949821,0.7559055118110236
2025-11-22T00:25:42.991486,interface,0.0,0.31496062992125984,0.4015748031496063,0.0,0.7651766704536893,0.9916666065391868,0.7329078169949821,0.7401574803149606
2025-11-22T00:25:43.004335,interface,0.0,0.31496062992125984,0.4015748031496063,0.0,0.7651766704536893,0.9916666065391868,0.7329078169949821,0.7244094488188977
2025-11-22T00:25:43.013998,interface,0.0,0.31496062992125984,0.4015748031496063,0.0,0.7651766704536893,0.9916666065391868,0.7329078169949821,0.7086614173228346
2025-11-22T00:25:43.024336,interface,0.0,0.31496062992125984,0.4015748031496063,0.0,0.7651766704536893,0.9916666065391868,0.7329078169949821,0.6850393700787402
2025-11-22T00:25:43.026231,interface,0.0,0.31496062992125984,0.4015748031496063,0.0,0.7651766704536893,0.9916666065391868,0.7329078169949821,0.6692913385826772
2025-11-22T00:25:43.031895,interface,0.0,0.31496062992125984,0.4015748031496063,0.0,0.7651766704536893,0.9916666065391868,0.7329078169949821,0.6535433070866141
2025-11-22T00:25:43.044724,interface,0.0,0.31496062992125984,0.4015748031496063,0.0,0.7651766704536893,0.9916666065391868,0.7329078169949821,0.6377952755905512
2025-11-22T00:25:43.053862,interface,0.0,0.31496062992125984,0.4015748031496063,0.0,0.7651766704536893,0.9916666065391868,0.7329078169949821,0.6299212598425197
2025-11-22T00:25:43.064080,interface,0.0,0.31496062992125984,0.4015748031496063,0.0,0.7651766704536893,0.9916666065391868,0.7329078169949821,0.6141732283464567
2025-11-22T00:25:43.065979,interface,0.0,0.31496062992125984,0.4015748031496063,0.0,0.7651766704536893,0.9916666065391868,0.7329078169949821,0.5984251968503937
2025-11-22T00:25:43.071898,interface,0.0,0.31496062992125984,0.4015748031496063,0.0,0.7651766704536893,0.9916666065391868,0.7329078169949821,0.5826771653543307
2025-11-22T00:25:43.084487,interface,0.0,0.31496062992125984,0.4015748031496063,0.0,0.7651766704536893,0.9916666065391868,0.7329078169949821,0.5669291338582677
2025-11-22T00:25:43.093825,interface,0.0,0.31496062992125984,0.4015748031496063,0.0,0.7651766704536893,0.9916666065391868,0.7329078169949821,0.5511811023622047
2025-11-22T00:25:43.104495,interface,0.0,0.31496062992125984,0.4015748031496063,0.0,0.7651766704536893,0.9916666065391868,0.7329078169949821,0.5433070866141733
2025-11-22T00:25:43.106389,interface,0.0,0.31496062992125984,0.4015748031496063,0.0,0.7651766704536893,0.9916666065391868,0.7329078169949821,0.5275590551181102
2025-11-22T00:25:43.111986,interface,0.0,0.31496062992125984,0.4015748031496063,0.0,0.7651766704536893,0.9916666065391868,0.7329078169949821,0.5118110236220472
2025-11-22T00:25:43.124742,interface,0.0,0.31496062992125984,0.4015748031496063,0.0,0.7651766704536893,0.9916666065391868,0.7329078169949821,0.5039370078740157
2025-11-22T00:25:43.134608,interface,0.0,0.31496062992125984,0.4015748031496063,0.0,0.7651766704536893,0.9916666065391868,0.7329078169949821,0.49606299212598426
2025-11-22T00:25:43.144052,interface,0.0,0.31496062992125984,0.4015748031496063,0.0,0.7651766704536893,0.9916666065391868,0.7329078169949821,0.48031496062992124
2025-11-22T00:25:43.145938,interface,0.0,0.31496062992125984,0.4015748031496063,0.0,0.7651766704536893,0.9916666065391868,0.7329078169949821,0.47244094488188976
2025-11-22T00:25:43.151668,interface,0.0,0.31496062992125984,0.4015748031496063,0.0,0.7651766704536893,0.9916666065391868,0.7329078169949821,0.4566929133858268
2025-11-22T00:25:43.165005,interface,0.0,0.31496062992125984,0.4015748031496063,0.0,0.7651766704536893,0.9916666065391868,0.7329078169949821,0.44881889763779526
2025-11-22T00:25:43.174064,interface,0.0,0.31496062992125984,0.4015748031496063,0.0,0.7651766704536893,0.9916666065391868,0.7329078169949821,0.4330708661417323
2025-11-22T00:25:43.184339,interface,0.0,0.31496062992125984,0.4015748031496063,0.0,0.7651766704536893,0.9916666065391868,0.7329078169949821,0.41732283464566927
2025-11-22T00:25:43.186239,interface,0.0,0.31496062992125984,0.4015748031496063,0.0,0.7651766704536893,0.9916666065391868,0.7329078169949821,0.4015748031496063
2025-11-22T00:25:43.191901,interface,0.0,0.31496062992125984,0.4015748031496063,0.0,0.7651766704536893,0.9916666065391868,0.7329078169949821,0.3858267716535433
2025-11-22T00:25:43.205226,interface,0.0,0.31496062992125984,0.4015748031496063,0.0,0.7651766704536893,0.9916666065391868,0.7329078169949821,0.3700787401574803
2025-11-22T00:25:43.209282,interface,0.0,0.31496062992125984,0.4015748031496063,0.0,0.7651766704536893,0.9916666065391868,0.7329078169949821,0.3543307086614173
2025-11-22T00:25:43.224459,interface,0.0,0.31496062992125984,0.4015748031496063,0.0,0.7651766704536893,0.9916666065391868,0.7329078169949821,0.33858267716535434
2025-11-22T00:25:43.226373,interface,0.0,0.31496062992125984,0.4015748031496063,0.0,0.7651766704536893,0.9916666065391868,0.7329078169949821,0.3228346456692913
2025-11-22T00:25:43.231979,interface,0.0,0.31496062992125984,0.4015748031496063,0.0,0.7651766704536893,0.9916666065391868,0.7329078169949821,0.31496062992125984
2025-11-22T00:25:43.244403,interface,0.0,0.31496062992125984,0.4015748031496063,0.0,0.7651766704536893,0.9916666065391868,0.7329078169949821,0.2992125984251969
2025-11-22T00:25:43.254640,interface,0.0,0.31496062992125984,0.4015748031496063,0.0,0.7651766704536893,0.9916666065391868,0.7329078169949821,0.28346456692913385
2025-11-22T00:25:43.264525,interface,0.0,0.31496062992125984,0.4015748031496063,0.0,0.7651766704536893,0.9916666065391868,0.7329078169949821,0.2755905511811024
2025-11-22T00:25:43.266442,interface,0.0,0.31496062992125984,0.4015748031496063,0.0,0.7651766704536893,0.9916666065391868,0.7329078169949821,0.25984251968503935
2025-11-22T00:25:43.272026,interface,0.0,0.31496062992125984,0.4015748031496063,0.0,0.7651766704536893,0.9916666065391868,0.7329078169949821,0.2440944881889764
2025-11-22T00:25:43.284375,interface,0.0,0.31496062992125984,0.4015748031496063,0.0,0.7651766704536893,0.9916666065391868,0.7329078169949821,0.2283464566929134
2025-11-22T00:25:43.294492,interface,0.0,0.31496062992125984,0.4015748031496063,0.0,0.7651766704536893,0.9916666065391868,0.7329078169949821,0.2125984251968504
2025-11-22T00:25:43.303874,interface,0.0,0.31496062992125984,0.4015748031496063,0.0,0.7651766704536893,0.9916666065391868,0.7329078169949821,0.1968503937007874
2025-11-22T00:25:43.305765,interface,0.0,0.31496062992125984,0.4015748031496063,0.0,0.7651766704536893,0.9916666065391868,0.7329078169949821,0.18110236220472442
2025-11-22T00:25:43.311527,interface,0.0,0.31496062992125984,0.4015748031496063,0.0,0.7651766704536893,0.9916666065391868,0.7329078169949821,0.16535433070866143
2025-11-22T00:25:43.329347,interface,0.0,0.31496062992125984,0.4015748031496063,0.0,0.7651766704536893,0.9916666065391868,0.7329078169949821,0.14173228346456693
2025-11-22T00:25:43.331239,interface,0.0,0.31496062992125984,0.4015748031496063,0.0,0.7651766704536893,0.9916666065391868,0.7329078169949821,0.12598425196850394
2025-11-22T00:25:43.343868,interface,0.0,0.31496062992125984,0.4015748031496063,0.0,0.7651766704536893,0.9916666065391868,0.7329078169949821,0.11023622047244094
2025-11-22T00:25:43.345783,interface,0.0,0.31496062992125984,0.4015748031496063,0.0,0.7651766704536893,0.9916666065391868,0.7329078169949821,0.09448818897637795
2025-11-22T00:25:43.351541,interface,0.0,0.31496062992125984,0.4015748031496063,0.0,0.7651766704536893,0.9916666065391868,0.7329078169949821,0.08661417322834646
2025-11-22T00:25:43.364724,interface,0.0,0.31496062992125984,0.4015748031496063,0.0,0.7651766704536893,0.9916666065391868,0.7329078169949821,0.07086614173228346
2025-11-22T00:25:43.375122,interface,0.0,0.31496062992125984,0.4015748031496063,0.0,0.7651766704536893,0.9916666065391868,0.7329078169949821,0.05511811023622047
2025-11-22T00:25:43.379248,interface,0.0,0.31496062992125984,0.4015748031496063,0.0,0.7651766704536893,0.9916666065391868,0.7329078169949821,0.047244094488188976
2025-11-22T00:25:43.383299,interface,0.0,0.31496062992125984,0.4015748031496063,0.0,0.7651766704536893,0.9916666065391868,0.7329078169949821,0.031496062992125984
2025-11-22T00:25:43.394992,interface,0.0,0.31496062992125984,0.4015748031496063,0.0,0.7651766704536893,0.9916666065391868,0.7329078169949821,0.023622047244094488
2025-11-22T00:25:43.404257,interface,0.0,0.31496062992125984,0.4015748031496063,0.0,0.7651766704536893,0.9916666065391868,0.7329078169949821,0.015748031496062992
2025-11-22T00:25:43.414256,interface,0.0,0.31496062992125984,0.4015748031496063,0.0,0.7651766704536893,0.9916666065391868,0.7329078169949821,0.007874015748031496
2025-11-22T00:25:43.423749,interface,0.0,0.31496062992125984,0.4015748031496063,0.0,0.7651766704536893,0.9916666065391868,0.7329078169949821,0.007874015748031496
2025-11-22T00:25:43.434323,interface,0.0,0.31496062992125984,0.4015748031496063,0.0,0.7651766704536893,0.9916666065391868,0.7329078169949821,0.0
2025-11-22T00:25:43.459874,interface,0.0,0.31496062992125984,0.4015748031496063,0.0,0.7651766704536893,0.9916666065391868,0.7329078169949821,0.0
2025-11-22T00:25:43.657925,interface,0.0,0.31496062992125984,0.4015748031496063,0.0,0.7651766704536893,0.9916666065391868,0.7329078169949821,0.0
2025-11-22T00:25:43.662044,interface,0.0,0.31496062992125984,0.4015748031496063,0.0,0.7651766704536893,0.9916666065391868,0.7329078169949821,0.007874015748031496
2025-11-22T00:25:43.674456,interface,0.0,0.31496062992125984,0.4015748031496063,0.0,0.7651766704536893,0.9916666065391868,0.7329078169949821,0.023622047244094488
2025-11-22T00:25:43.683709,interface,0.0,0.31496062992125984,0.4015748031496063,0.0,0.7651766704536893,0.9916666065391868,0.7329078169949821,0.047244094488188976
2025-11-22T00:25:43.694808,interface,0.0,0.31496062992125984,0.4015748031496063,0.0,0.7651766704536893,0.9916666065391868,0.7329078169949821,0.07086614173228346
2025-11-22T00:25:43.696741,interface,0.0,0.31496062992125984,0.4015748031496063,0.0,0.7651766704536893,0.9916666065391868,0.7329078169949821,0.10236220472440945
2025-11-22T00:25:43.702449,interface,0.0,0.31496062992125984,0.4015748031496063,0.0,0.7651766704536893,0.9916666065391868,0.7329078169949821,0.13385826771653545
2025-11-22T00:25:43.714626,interface,0.0,0.31496062992125984,0.4015748031496063,0.0,0.7651766704536893,0.9916666065391868,0.7329078169949821,0.16535433070866143
2025-11-22T00:25:43.725009,interface,0.0,0.31496062992125984,0.4015748031496063,0.0,0.7651766704536893,0.9916666065391868,0.7329078169949821,0.1968503937007874
2025-11-22T00:25:43.734764,interface,0.0,0.31496062992125984,0.4015748031496063,0.0,0.7651766704536893,0.9916666065391868,0.7329078169949821,0.2204724409448819
2025-11-22T00:25:43.736616,interface,0.0,0.31496062992125984,0.4015748031496063,0.0,0.7651766704536893,0.9916666065391868,0.7329078169949821,0.25196850393700787
2025-11-22T00:25:43.742224,interface,0.0,0.31496062992125984,0.4015748031496063,0.0,0.7651766704536893,0.9916666065391868,0.7329078169949821,0.2755905511811024
2025-11-22T00:25:43.755433,interface,0.0,0.31496062992125984,0.4015748031496063,0.0,0.7651766704536893,0.9916666065391868,0.7329078169949821,0.2992125984251969
2025-11-22T00:25:43.764522,interface,0.0,0.31496062992125984,0.4015748031496063,0.0,0.7651766704536893,0.9916666065391868,0.7329078169949821,0.3228346456692913
2025-11-22T00:25:43.774950,interface,0.0,0.31496062992125984,0.4015748031496063,0.0,0.7651766704536893,0.9916666065391868,0.7329078169949821,0.33858267716535434
2025-11-22T00:25:43.776819,interface,0.0,0.31496062992125984,0.4015748031496063,0.0,0.7651766704536893,0.9916666065391868,0.7329078169949821,0.36220472440944884
2025-11-22T00:25:43.782435,interface,0.0,0.31496062992125984,0.4015748031496063,0.0,0.7651766704536893,0.9916666065391868,0.7329078169949821,0.3858267716535433
2025-11-22T00:25:43.794310,interface,0.0,0.31496062992125984,0.4015748031496063,0.0,0.7651766704536893,0.9916666065391868,0.7329078169949821,0.4094488188976378
2025-11-22T00:25:43.805219,interface,0.0,0.31496062992125984,0.4015748031496063,0.0,0.7651766704536893,0.9916666065391868,0.7329078169949821,0.4330708661417323
2025-11-22T00:25:43.814797,interface,0.0,0.31496062992125984,0.4015748031496063,0.0,0.7651766704536893,0.9916666065391868,0.7329078169949821,0.4566929133858268
2025-11-22T00:25:43.816675,interface,0.0,0.31496062992125984,0.4015748031496063,0.0,0.7651766704536893,0.9916666065391868,0.7329078169949821,0.47244094488188976
2025-11-22T00:25:43.822357,interface,0.0,0.31496062992125984,0.4015748031496063,0.0,0.7651766704536893,0.9916666065391868,0.7329078169949821,0.49606299212598426
2025-11-22T00:25:43.834903,interface,0.0,0.31496062992125984,0.4015748031496063,0.0,0.7651766704536893,0.9916666065391868,0.7329078169949821,0.5196850393700787
2025-11-22T00:25:43.844470,interface,0.0,0.31496062992125984,0.4015748031496063,0.0,0.7651766704536893,0.9916666065391868,0.7329078169949821,0.5511811023622047
2025-11-22T00:25:43.854794,interface,0.0,0.31496062992125984,0.4015748031496063,0.0,0.7651766704536893,0.9916666065391868,0.7329078169949821,0.5748031496062992
2025-11-22T00:25:43.856661,interface,0.0,0.31496062992125984,0.4015748031496063,0.0,0.7651766704536893,0.9916666065391868,0.7329078169949821,0.6062992125984252
2025-11-22T00:25:43.862385,interface,0.0,0.31496062992125984,0.4015748031496063,0.0,0.7651766704536893,0.9916666065391868,0.7329078169949821,0.6299212598425197
2025-11-22T00:25:43.874247,interface,0.0,0.31496062992125984,0.4015748031496063,0.0,0.7651766704536893,0.9916666065391868,0.7329078169949821,0.6614173228346457
2025-11-22T00:25:43.884517,interface,0.0,0.31496062992125984,0.4015748031496063,0.0,0.7651766704536893,0.9916666065391868,0.7329078169949821,0.6850393700787402
2025-11-22T00:25:43.895376,interface,0.0,0.31496062992125984,0.4015748031496063,0.0,0.7651766704536893,0.9916666065391868,0.7329078169949821,0.7086614173228346
2025-11-22T00:25:43.897237,interface,0.0,0.31496062992125984,0.4015748031496063,0.0,0.7651766704536893,0.9916666065391868,0.7329078169949821,0.7401574803149606
2025-11-22T00:25:43.902910,interface,0.0,0.31496062992125984,0.4015748031496063,0.0,0.7651766704536893,0.9916666065391868,0.7329078169949821,0.7637795275590551
2025-11-22T00:25:43.914320,interface,0.0,0.31496062992125984,0.4015748031496063,0.0,0.7651766704536893,0.9916666065391868,0.7329078169949821,0.7952755905511811
2025-11-22T00:25:43.925613,interface,0.0,0.31496062992125984,0.4015748031496063,0.0,0.7651766704536893,0.9916666065391868,0.7329078169949821,0.8267716535433071
2025-11-22T00:25:43.935034,interface,0.0,0.31496062992125984,0.4015748031496063,0.0,0.7651766704536893,0.9916666065391868,0.7329078169949821,0.8582677165354331
2025-11-22T00:25:43.936896,interface,0.0,0.31496062992125984,0.4015748031496063,0.0,0.7651766704536893,0.9916666065391868,0.7329078169949821,0.8976377952755905
2025-11-22T00:25:43.942534,interface,0.0,0.31496062992125984,0.4015748031496063,0.0,0.7651766704536893,0.9916666065391868,0.7329078169949821,0.9291338582677166
2025-11-22T00:25:43.954932,interface,0.0,0.31496062992125984,0.4015748031496063,0.0,0.7651766704536893,0.9916666065391868,0.7329078169949821,0.9606299212598425
2025-11-22T00:25:43.964670,interface,0.0,0.31496062992125984,0.4015748031496063,0.0,0.7651766704536893,0.9916666065391868,0.7329078169949821,0.9763779527559056
2025-11-22T00:25:43.973889,interface,0.0,0.31496062992125984,0.4015748031496063,0.0,0.7651766704536893,0.9916666065391868,0.7329078169949821,0.9921259842519685
2025-11-22T00:25:43.975751,interface,0.0,0.31496062992125984,0.4015748031496063,0.0,0.7651766704536893,0.9916666065391868,0.7329078169949821,1.0
2025-11-22T00:25:43.994238,interface,0.0,0.31496062992125984,0.4015748031496063,0.0,0.7651766704536893,0.9916666065391868,0.7329078169949821,1.0
2025-11-22T00:25:44.242157,interface,0.0,0.31496062992125984,0.4015748031496063,0.0,0.7651766704536893,0.9916666065391868,0.7329078169949821,0.9921259842519685
2025-11-22T00:25:44.254398,interface,0.0,0.31496062992125984,0.4015748031496063,0.0,0.7651766704536893,0.9916666065391868,0.7329078169949821,0.984251968503937
2025-11-22T00:25:44.256419,interface,0.0,0.31496062992125984,0.4015748031496063,0.0,0.7651766704536893,0.9916666065391868,0.7329078169949821,0.9763779527559056
2025-11-22T00:25:44.262240,interface,0.0,0.31496062992125984,0.4015748031496063,0.0,0.7651766704536893,0.9916666065391868,0.7329078169949821,0.952755905511811
2025-11-22T00:25:44.274313,interface,0.0,0.31496062992125984,0.4015748031496063,0.0,0.7651766704536893,0.9916666065391868,0.7329078169949821,0.9291338582677166
2025-11-22T00:25:44.284458,interface,0.0,0.31496062992125984,0.4015748031496063,0.0,0.7651766704536893,0.9916666065391868,0.7329078169949821,0.905511811023622
2025-11-22T00:25:44.294097,interface,0.0,0.31496062992125984,0.4015748031496063,0.0,0.7651766704536893,0.9916666065391868,0.7329078169949821,0.8740157480314961
2025-11-22T00:25:44.295963,interface,0.0,0.31496062992125984,0.4015748031496063,0.0,0.7651766704536893,0.9916666065391868,0.7329078169949821,0.8503937007874016
2025-11-22T00:25:44.301658,interface,0.0,0.31496062992125984,0.4015748031496063,0.0,0.7651766704536893,0.9916666065391868,0.7329078169949821,0.8267716535433071
2025-11-22T00:25:44.314434,interface,0.0,0.31496062992125984,0.4015748031496063,0.0,0.7651766704536893,0.9916666065391868,0.7329078169949821,0.8031496062992126
2025-11-22T00:25:44.329222,interface,0.0,0.31496062992125984,0.4015748031496063,0.0,0.7651766704536893,0.9916666065391868,0.7329078169949821,0.7795275590551181
2025-11-22T00:25:44.331283,interface,0.0,0.31496062992125984,0.4015748031496063,0.0,0.7651766704536893,0.9916666065391868,0.7329078169949821,0.7637795275590551
2025-11-22T00:25:44.335101,interface,0.0,0.31496062992125984,0.4015748031496063,0.0,0.7651766704536893,0.9916666065391868,0.7329078169949821,0.7401574803149606
2025-11-22T00:25:44.346312,interface,0.0,0.31496062992125984,0.4015748031496063,0.0,0.7651766704536893,0.9916666065391868,0.7329078169949821,0.7244094488188977
2025-11-22T00:25:44.350261,interface,0.0,0.31496062992125984,0.4015748031496063,0.0,0.7651766704536893,0.9916666065391868,0.7329078169949821,0.7007874015748031
2025-11-22T00:25:44.364846,interface,0.0,0.31496062992125984,0.4015748031496063,0.0,0.7651766704536893,0.9916666065391868,0.7329078169949821,0.6771653543307087
2025-11-22T00:25:44.374011,interface,0.0,0.31496062992125984,0.4015748031496063,0.0,0.7651766704536893,0.9916666065391868,0.7329078169949821,0.6614173228346457
2025-11-22T00:25:44.375884,interface,0.0,0.31496062992125984,0.4015748031496063,0.0,0.7651766704536893,0.9916666065391868,0.7329078169949821,0.6456692913385826
2025-11-22T00:25:44.382515,interface,0.0,0.31496062992125984,0.4015748031496063,0.0,0.7651766704536893,0.9916666065391868,0.7329078169949821,0.6299212598425197
2025-11-22T00:25:44.394898,interface,0.0,0.31496062992125984,0.4015748031496063,0.0,0.7651766704536893,0.9916666065391868,0.7329078169949821,0.6141732283464567
2025-11-22T00:25:44.404178,interface,0.0,0.31496062992125984,0.4015748031496063,0.0,0.7651766704536893,0.9916666065391868,0.7329078169949821,0.5905511811023622
2025-11-22T00:25:44.415301,interface,0.0,0.31496062992125984,0.4015748031496063,0.0,0.7651766704536893,0.9916666065391868,0.7329078169949821,0.5748031496062992
2025-11-22T00:25:44.417649,interface,0.0,0.31496062992125984,0.4015748031496063,0.0,0.7651766704536893,0.9916666065391868,0.7329078169949821,0.5511811023622047
2025-11-22T00:25:44.422013,interface,0.0,0.31496062992125984,0.4015748031496063,0.0,0.7651766704536893,0.9916666065391868,0.7329078169949821,0.5275590551181102
2025-11-22T00:25:44.435032,interface,0.0,0.31496062992125984,0.4015748031496063,0.0,0.7651766704536893,0.9916666065391868,0.7329078169949821,0.5039370078740157
2025-11-22T00:25:44.444363,interface,0.0,0.31496062992125984,0.4015748031496063,0.0,0.7651766704536893,0.9916666065391868,0.7329078169949821,0.4881889763779528
2025-11-22T00:25:44.454225,interface,0.0,0.31496062992125984,0.4015748031496063,0.0,0.7651766704536893,0.9916666065391868,0.7329078169949821,0.47244094488188976
2025-11-22T00:25:44.456418,interface,0.0,0.31496062992125984,0.4015748031496063,0.0,0.7651766704536893,0.9916666065391868,0.7329078169949821,0.44881889763779526
2025-11-22T00:25:44.462605,interface,0.0,0.31496062992125984,0.4015748031496063,0.0,0.7651766704536893,0.9916666065391868,0.7329078169949821,0.4330708661417323
2025-11-22T00:25:44.474652,interface,0.0,0.31496062992125984,0.4015748031496063,0.0,0.7651766704536893,0.9916666065391868,0.7329078169949821,0.4094488188976378
2025-11-22T00:25:44.484898,interface,0.0,0.31496062992125984,0.4015748031496063,0.0,0.7651766704536893,0.9916666065391868,0.7329078169949821,0.3937007874015748
2025-11-22T00:25:44.494272,interface,0.0,0.31496062992125984,0.4015748031496063,0.0,0.7651766704536893,0.9916666065391868,0.7329078169949821,0.3700787401574803
2025-11-22T00:25:44.496549,interface,0.0,0.31496062992125984,0.4015748031496063,0.0,0.7651766704536893,0.9916666065391868,0.7329078169949821,0.3543307086614173
2025-11-22T00:25:44.502553,interface,0.0,0.31496062992125984,0.4015748031496063,0.0,0.7651766704536893,0.9916666065391868,0.7329078169949821,0.33858267716535434
2025-11-22T00:25:44.514470,interface,0.0,0.31496062992125984,0.4015748031496063,0.0,0.7651766704536893,0.9916666065391868,0.7329078169949821,0.31496062992125984
2025-11-22T00:25:44.524841,interface,0.0,0.31496062992125984,0.4015748031496063,0.0,0.7651766704536893,0.9916666065391868,0.7329078169949821,0.2992125984251969
2025-11-22T00:25:44.535762,interface,0.0,0.31496062992125984,0.4015748031496063,0.0,0.7651766704536893,0.9916666065391868,0.7329078169949821,0.28346456692913385
2025-11-22T00:25:44.538037,interface,0.0,0.31496062992125984,0.4015748031496063,0.0,0.7651766704536893,0.9916666065391868,0.7329078169949821,0.25984251968503935
2025-11-22T00:25:44.542417,interface,0.0,0.31496062992125984,0.4015748031496063,0.0,0.7651766704536893,0.9916666065391868,0.7329078169949821,0.25196850393700787
2025-11-22T00:25:44.554437,interface,0.0,0.31496062992125984,0.4015748031496063,0.0,0.7651766704536893,0.9916666065391868,0.7329078169949821,0.23622047244094488
2025-11-22T00:25:44.563997,interface,0.0,0.31496062992125984,0.4015748031496063,0.0,0.7651766704536893,0.9916666065391868,0.7329078169949821,0.2283464566929134
2025-11-22T00:25:44.579603,interface,0.0,0.31496062992125984,0.4015748031496063,0.0,0.7651766704536893,0.9916666065391868,0.7329078169949821,0.2204724409448819
2025-11-22T00:25:44.581682,interface,0.0,0.31496062992125984,0.4015748031496063,0.0,0.7651766704536893,0.9916666065391868,0.7329078169949821,0.2125984251968504
2025-11-22T00:25:44.583542,interface,0.0,0.31496062992125984,0.4015748031496063,0.0,0.7651766704536893,0.9916666065391868,0.7329078169949821,0.2125984251968504
2025-11-22T00:25:44.602351,interface,0.0,0.31496062992125984,0.4015748031496063,0.0,0.7651766704536893,0.9916666065391868,0.7329078169949821,0.2047244094488189
2025-11-22T00:25:47.431985,interface,0.05511811023622047,0.31496062992125984,0.4015748031496063,0.0,0.7651766704536893,0.9916666065391868,0.7329078169949821,0.2047244094488189
2025-11-22T00:25:51.266186,interface,0.05511811023622047,0.31496062992125984,0.4015748031496063,0.0,0.7651766704536893,0.9916666065391868,0.7329078169949821,0.2125984251968504
2025-11-22T00:25:51.277673,interface,0.05511811023622047,0.31496062992125984,0.4015748031496063,0.0,0.7651766704536893,0.9916666065391868,0.7329078169949821,0.2204724409448819
2025-11-22T00:25:51.281592,interface,0.05511811023622047,0.31496062992125984,0.4015748031496063,0.0,0.7651766704536893,0.9916666065391868,0.7329078169949821,0.2283464566929134
2025-11-22T00:25:51.293846,interface,0.05511811023622047,0.31496062992125984,0.4015748031496063,0.0,0.7651766704536893,0.9916666065391868,0.7329078169949821,0.2283464566929134
2025-11-22T00:25:51.303781,interface,0.05511811023622047,0.31496062992125984,0.4015748031496063,0.0,0.7651766704536893,0.9916666065391868,0.7329078169949821,0.23622047244094488
2025-11-22T00:25:51.314531,interface,0.05511811023622047,0.31496062992125984,0.4015748031496063,0.0,0.7651766704536893,0.9916666065391868,0.7329078169949821,0.2440944881889764
2025-11-22T00:25:51.316408,interface,0.05511811023622047,0.31496062992125984,0.4015748031496063,0.0,0.7651766704536893,0.9916666065391868,0.7329078169949821,0.25196850393700787
2025-11-22T00:25:51.322124,interface,0.05511811023622047,0.31496062992125984,0.4015748031496063,0.0,0.7651766704536893,0.9916666065391868,0.7329078169949821,0.2677165354330709
2025-11-22T00:25:51.334034,interface,0.05511811023622047,0.31496062992125984,0.4015748031496063,0.0,0.7651766704536893,0.9916666065391868,0.7329078169949821,0.2755905511811024
2025-11-22T00:25:51.345722,interface,0.05511811023622047,0.31496062992125984,0.4015748031496063,0.0,0.7651766704536893,0.9916666065391868,0.7329078169949821,0.29133858267716534
2025-11-22T00:25:51.349741,interface,0.05511811023622047,0.31496062992125984,0.4015748031496063,0.0,0.7651766704536893,0.9916666065391868,0.7329078169949821,0.2992125984251969
2025-11-22T00:25:51.353615,interface,0.05511811023622047,0.31496062992125984,0.4015748031496063,0.0,0.7651766704536893,0.9916666065391868,0.7329078169949821,0.31496062992125984
2025-11-22T00:25:51.365663,interface,0.05511811023622047,0.31496062992125984,0.4015748031496063,0.0,0.7651766704536893,0.9916666065391868,0.7329078169949821,0.33070866141732286
2025-11-22T00:25:51.369689,interface,0.05511811023622047,0.31496062992125984,0.4015748031496063,0.0,0.7651766704536893,0.9916666065391868,0.7329078169949821,0.3464566929133858
2025-11-22T00:25:51.383886,interface,0.05511811023622047,0.31496062992125984,0.4015748031496063,0.0,0.7651766704536893,0.9916666065391868,0.7329078169949821,0.3543307086614173
2025-11-22T00:25:51.395149,interface,0.05511811023622047,0.31496062992125984,0.4015748031496063,0.0,0.7651766704536893,0.9916666065391868,0.7329078169949821,0.3700787401574803
2025-11-22T00:25:51.397018,interface,0.05511811023622047,0.31496062992125984,0.4015748031496063,0.0,0.7651766704536893,0.9916666065391868,0.7329078169949821,0.3779527559055118
2025-11-22T00:25:51.400928,interface,0.05511811023622047,0.31496062992125984,0.4015748031496063,0.0,0.7651766704536893,0.9916666065391868,0.7329078169949821,0.3937007874015748
2025-11-22T00:25:51.414909,interface,0.05511811023622047,0.31496062992125984,0.4015748031496063,0.0,0.7651766704536893,0.9916666065391868,0.7329078169949821,0.4094488188976378
2025-11-22T00:25:51.423951,interface,0.05511811023622047,0.31496062992125984,0.4015748031496063,0.0,0.7651766704536893,0.9916666065391868,0.7329078169949821,0.41732283464566927
2025-11-22T00:25:51.434143,interface,0.05511811023622047,0.31496062992125984,0.4015748031496063,0.0,0.7651766704536893,0.9916666065391868,0.7329078169949821,0.4251968503937008
2025-11-22T00:25:51.436023,interface,0.05511811023622047,0.31496062992125984,0.4015748031496063,0.0,0.7651766704536893,0.9916666065391868,0.7329078169949821,0.4409448818897638
2025-11-22T00:25:51.441664,interface,0.05511811023622047,0.31496062992125984,0.4015748031496063,0.0,0.7651766704536893,0.9916666065391868,0.7329078169949821,0.44881889763779526
2025-11-22T00:25:51.454769,interface,0.05511811023622047,0.31496062992125984,0.4015748031496063,0.0,0.7651766704536893,0.9916666065391868,0.7329078169949821,0.44881889763779526
2025-11-22T00:25:51.463985,interface,0.05511811023622047,0.31496062992125984,0.4015748031496063,0.0,0.7651766704536893,0.9916666065391868,0.7329078169949821,0.4566929133858268
2025-11-22T00:25:51.474447,interface,0.05511811023622047,0.31496062992125984,0.4015748031496063,0.0,0.7651766704536893,0.9916666065391868,0.7329078169949821,0.4645669291338583
2025-11-22T00:25:51.476305,interface,0.05511811023622047,0.31496062992125984,0.4015748031496063,0.0,0.7651766704536893,0.9916666065391868,0.7329078169949821,0.47244094488188976
2025-11-22T00:25:51.481943,interface,0.05511811023622047,0.31496062992125984,0.4015748031496063,0.0,0.7651766704536893,0.9916666065391868,0.7329078169949821,0.48031496062992124
2025-11-22T00:25:51.494639,interface,0.05511811023622047,0.31496062992125984,0.4015748031496063,0.0,0.7651766704536893,0.9916666065391868,0.7329078169949821,0.4881889763779528
2025-11-22T00:25:51.504168,interface,0.05511811023622047,0.31496062992125984,0.4015748031496063,0.0,0.7651766704536893,0.9916666065391868,0.7329078169949821,0.49606299212598426
2025-11-22T00:25:51.514712,interface,0.05511811023622047,0.31496062992125984,0.4015748031496063,0.0,0.7651766704536893,0.9916666065391868,0.7329078169949821,0.49606299212598426
2025-11-22T00:25:51.516588,interface,0.05511811023622047,0.31496062992125984,0.4015748031496063,0.0,0.7651766704536893,0.9916666065391868,0.7329078169949821,0.5039370078740157
2025-11-22T00:25:51.533663,interface,0.05511811023622047,0.31496062992125984,0.4015748031496063,0.0,0.7651766704536893,0.9916666065391868,0.7329078169949821,0.5039370078740157
2025-11-22T00:25:51.549686,interface,0.05511811023622047,0.31496062992125984,0.4015748031496063,0.0,0.7651766704536893,0.9916666065391868,0.7329078169949821,0.5118110236220472
2025-11-22T00:25:51.565697,interface,0.05511811023622047,0.31496062992125984,0.4015748031496063,0.0,0.7651766704536893,0.9916666065391868,0.7329078169949821,0.5196850393700787
2025-11-22T00:25:51.575234,interface,0.05511811023622047,0.31496062992125984,0.4015748031496063,0.0,0.7651766704536893,0.9916666065391868,0.7329078169949821,0.5196850393700787
2025-11-22T00:25:51.579241,interface,0.05511811023622047,0.31496062992125984,0.4015748031496063,0.0,0.7651766704536893,0.9916666065391868,0.7329078169949821,0.5275590551181102
2025-11-22T00:25:51.593929,interface,0.05511811023622047,0.31496062992125984,0.4015748031496063,0.0,0.7651766704536893,0.9916666065391868,0.7329078169949821,0.5354330708661418
2025-11-22T00:25:51.595807,interface,0.05511811023622047,0.31496062992125984,0.4015748031496063,0.0,0.7651766704536893,0.9916666065391868,0.7329078169949821,0.5433070866141733
2025-11-22T00:25:51.601597,interface,0.05511811023622047,0.31496062992125984,0.4015748031496063,0.0,0.7651766704536893,0.9916666065391868,0.7329078169949821,0.5511811023622047
2025-11-22T00:25:51.614725,interface,0.05511811023622047,0.31496062992125984,0.4015748031496063,0.0,0.7651766704536893,0.9916666065391868,0.7329078169949821,0.5590551181102362
2025-11-22T00:25:51.624014,interface,0.05511811023622047,0.31496062992125984,0.4015748031496063,0.0,0.7651766704536893,0.9916666065391868,0.7329078169949821,0.5748031496062992
2025-11-22T00:25:51.634115,interface,0.05511811023622047,0.31496062992125984,0.4015748031496063,0.0,0.7651766704536893,0.9916666065391868,0.7329078169949821,0.5826771653543307
2025-11-22T00:25:51.636100,interface,0.05511811023622047,0.31496062992125984,0.4015748031496063,0.0,0.7651766704536893,0.9916666065391868,0.7329078169949821,0.5905511811023622
2025-11-22T00:25:51.641758,interface,0.05511811023622047,0.31496062992125984,0.4015748031496063,0.0,0.7651766704536893,0.9916666065391868,0.7329078169949821,0.5984251968503937
2025-11-22T00:25:51.654402,interface,0.05511811023622047,0.31496062992125984,0.4015748031496063,0.0,0.7651766704536893,0.9916666065391868,0.7329078169949821,0.5984251968503937
2025-11-22T00:25:51.669705,interface,0.05511811023622047,0.31496062992125984,0.4015748031496063,0.0,0.7651766704536893,0.9916666065391868,0.7329078169949821,0.6062992125984252
2025-11-22T00:25:51.717547,interface,0.05511811023622047,0.31496062992125984,0.4015748031496063,0.0,0.7651766704536893,0.9916666065391868,0.7329078169949821,0.5984251968503937
2025-11-22T00:25:51.721630,interface,0.05511811023622047,0.31496062992125984,0.4015748031496063,0.0,0.7651766704536893,0.9916666065391868,0.7329078169949821,0.5984251968503937
2025-11-22T00:25:51.734097,interface,0.05511811023622047,0.31496062992125984,0.4015748031496063,0.0,0.7651766704536893,0.9916666065391868,0.7329078169949821,0.5905511811023622
2025-11-22T00:25:51.743957,interface,0.05511811023622047,0.31496062992125984,0.4015748031496063,0.0,0.7651766704536893,0.9916666065391868,0.7329078169949821,0.5826771653543307
2025-11-22T00:25:51.754850,interface,0.05511811023622047,0.31496062992125984,0.4015748031496063,0.0,0.7651766704536893,0.9916666065391868,0.7329078169949821,0.5748031496062992
2025-11-22T00:25:51.756864,interface,0.05511811023622047,0.31496062992125984,0.4015748031496063,0.0,0.7651766704536893,0.9916666065391868,0.7329078169949821,0.5669291338582677
2025-11-22T00:25:51.762588,interface,0.05511811023622047,0.31496062992125984,0.4015748031496063,0.0,0.7651766704536893,0.9916666065391868,0.7329078169949821,0.5590551181102362
2025-11-22T00:25:51.774096,interface,0.05511811023622047,0.31496062992125984,0.4015748031496063,0.0,0.7651766704536893,0.9916666065391868,0.7329078169949821,0.5511811023622047
2025-11-22T00:25:51.784002,interface,0.05511811023622047,0.31496062992125984,0.4015748031496063,0.0,0.7651766704536893,0.9916666065391868,0.7329078169949821,0.5433070866141733
2025-11-22T00:25:51.794827,interface,0.05511811023622047,0.31496062992125984,0.4015748031496063,0.0,0.7651766704536893,0.9916666065391868,0.7329078169949821,0.5354330708661418
2025-11-22T00:25:51.796746,interface,0.05511811023622047,0.31496062992125984,0.4015748031496063,0.0,0.7651766704536893,0.9916666065391868,0.7329078169949821,0.5275590551181102
2025-11-22T00:25:51.802380,interface,0.05511811023622047,0.31496062992125984,0.4015748031496063,0.0,0.7651766704536893,0.9916666065391868,0.7329078169949821,0.5196850393700787
2025-11-22T00:25:51.814318,interface,0.05511811023622047,0.31496062992125984,0.4015748031496063,0.0,0.7651766704536893,0.9916666065391868,0.7329078169949821,0.5118110236220472
2025-11-22T00:25:51.824068,interface,0.05511811023622047,0.31496062992125984,0.4015748031496063,0.0,0.7651766704536893,0.9916666065391868,0.7329078169949821,0.5118110236220472
2025-11-22T00:25:51.834511,interface,0.05511811023622047,0.31496062992125984,0.4015748031496063,0.0,0.7651766704536893,0.9916666065391868,0.7329078169949821,0.5039370078740157
2025-11-22T00:25:51.836399,interface,0.05511811023622047,0.31496062992125984,0.4015748031496063,0.0,0.7651766704536893,0.9916666065391868,0.7329078169949821,0.49606299212598426
2025-11-22T00:25:51.842045,interface,0.05511811023622047,0.31496062992125984,0.4015748031496063,0.0,0.7651766704536893,0.9916666065391868,0.7329078169949821,0.49606299212598426
2025-11-22T00:25:51.861713,interface,0.05511811023622047,0.31496062992125984,0.4015748031496063,0.0,0.7651766704536893,0.9916666065391868,0.7329078169949821,0.4881889763779528
2025-11-22T00:25:51.885838,interface,0.05511811023622047,0.31496062992125984,0.4015748031496063,0.0,0.7651766704536893,0.9916666065391868,0.7329078169949821,0.48031496062992124
2025-11-22T00:25:51.909781,interface,0.05511811023622047,0.31496062992125984,0.4015748031496063,0.0,0.7651766704536893,0.9916666065391868,0.7329078169949821,0.48031496062992124
2025-11-22T00:25:51.933738,interface,0.05511811023622047,0.31496062992125984,0.4015748031496063,0.0,0.7651766704536893,0.9916666065391868,0.7329078169949821,0.47244094488188976
2025-11-22T00:25:51.957592,interface,0.05511811023622047,0.31496062992125984,0.4015748031496063,0.0,0.7651766704536893,0.9916666065391868,0.7329078169949821,0.47244094488188976
2025-11-22T00:25:51.973708,interface,0.05511811023622047,0.31496062992125984,0.4015748031496063,0.0,0.7651766704536893,0.9916666065391868,0.7329078169949821,0.4645669291338583
2025-11-22T00:25:51.989727,interface,0.05511811023622047,0.31496062992125984,0.4015748031496063,0.0,0.7651766704536893,0.9916666065391868,0.7329078169949821,0.4566929133858268
2025-11-22T00:25:52.005875,interface,0.05511811023622047,0.31496062992125984,0.4015748031496063,0.0,0.7651766704536893,0.9916666065391868,0.7329078169949821,0.4566929133858268
2025-11-22T00:25:52.021770,interface,0.05511811023622047,0.31496062992125984,0.4015748031496063,0.0,0.7651766704536893,0.9916666065391868,0.7329078169949821,0.44881889763779526
2025-11-22T00:25:52.033770,interface,0.05511811023622047,0.31496062992125984,0.4015748031496063,0.0,0.7651766704536893,0.9916666065391868,0.7329078169949821,0.44881889763779526
2025-11-22T00:25:52.035661,interface,0.05511811023622047,0.31496062992125984,0.4015748031496063,0.0,0.7651766704536893,0.9916666065391868,0.7329078169949821,0.4409448818897638
2025-11-22T00:25:52.041326,interface,0.05511811023622047,0.31496062992125984,0.4015748031496063,0.0,0.7651766704536893,0.9916666065391868,0.7329078169949821,0.4409448818897638
2025-11-22T00:25:52.053803,interface,0.05511811023622047,0.31496062992125984,0.4015748031496063,0.0,0.7651766704536893,0.9916666065391868,0.7329078169949821,0.4330708661417323
2025-11-22T00:25:52.064144,interface,0.05511811023622047,0.31496062992125984,0.4015748031496063,0.0,0.7651766704536893,0.9916666065391868,0.7329078169949821,0.4251968503937008
2025-11-22T00:25:52.066074,interface,0.05511811023622047,0.31496062992125984,0.4015748031496063,0.0,0.7651766704536893,0.9916666065391868,0.7329078169949821,0.4251968503937008
2025-11-22T00:25:52.071955,interface,0.05511811023622047,0.31496062992125984,0.4015748031496063,0.0,0.7651766704536893,0.9916666065391868,0.7329078169949821,0.41732283464566927
2025-11-22T00:25:52.084628,interface,0.05511811023622047,0.31496062992125984,0.4015748031496063,0.0,0.7651766704536893,0.9916666065391868,0.7329078169949821,0.4094488188976378
2025-11-22T00:25:52.094403,interface,0.05511811023622047,0.31496062992125984,0.4015748031496063,0.0,0.7651766704536893,0.9916666065391868,0.7329078169949821,0.4094488188976378
2025-11-22T00:25:52.104123,interface,0.05511811023622047,0.31496062992125984,0.4015748031496063,0.0,0.7651766704536893,0.9916666065391868,0.7329078169949821,0.4015748031496063
2025-11-22T00:25:52.106051,interface,0.05511811023622047,0.31496062992125984,0.4015748031496063,0.0,0.7651766704536893,0.9916666065391868,0.7329078169949821,0.4015748031496063
2025-11-22T00:25:52.111663,interface,0.05511811023622047,0.31496062992125984,0.4015748031496063,0.0,0.7651766704536893,0.9916666065391868,0.7329078169949821,0.3937007874015748
2025-11-22T00:25:52.124476,interface,0.05511811023622047,0.31496062992125984,0.4015748031496063,0.0,0.7651766704536893,0.9916666065391868,0.7329078169949821,0.3858267716535433
2025-11-22T00:25:52.135478,interface,0.05511811023622047,0.31496062992125984,0.4015748031496063,0.0,0.7651766704536893,0.9916666065391868,0.7329078169949821,0.3779527559055118
2025-11-22T00:25:52.139528,interface,0.05511811023622047,0.31496062992125984,0.4015748031496063,0.0,0.7651766704536893,0.9916666065391868,0.7329078169949821,0.3779527559055118
2025-11-22T00:25:52.143631,interface,0.05511811023622047,0.31496062992125984,0.4015748031496063,0.0,0.7651766704536893,0.9916666065391868,0.7329078169949821,0.3700787401574803
2025-11-22T00:25:52.155762,interface,0.05511811023622047,0.31496062992125984,0.4015748031496063,0.0,0.7651766704536893,0.9916666065391868,0.7329078169949821,0.36220472440944884
2025-11-22T00:25:52.159782,interface,0.05511811023622047,0.31496062992125984,0.4015748031496063,0.0,0.7651766704536893,0.9916666065391868,0.7329078169949821,0.36220472440944884
2025-11-22T00:25:52.173868,interface,0.05511811023622047,0.31496062992125984,0.4015748031496063,0.0,0.7651766704536893,0.9916666065391868,0.7329078169949821,0.3543307086614173
2025-11-22T00:25:52.184121,interface,0.05511811023622047,0.31496062992125984,0.4015748031496063,0.0,0.7651766704536893,0.9916666065391868,0.7329078169949821,0.3464566929133858
2025-11-22T00:25:52.186041,interface,0.05511811023622047,0.31496062992125984,0.4015748031496063,0.0,0.7651766704536893,0.9916666065391868,0.7329078169949821,0.33858267716535434
2025-11-22T00:25:52.191717,interface,0.05511811023622047,0.31496062992125984,0.4015748031496063,0.0,0.7651766704536893,0.9916666065391868,0.7329078169949821,0.33858267716535434
2025-11-22T00:25:52.204757,interface,0.05511811023622047,0.31496062992125984,0.4015748031496063,0.0,0.7651766704536893,0.9916666065391868,0.7329078169949821,0.33070866141732286
2025-11-22T00:25:52.214363,interface,0.05511811023622047,0.31496062992125984,0.4015748031496063,0.0,0.7651766704536893,0.9916666065391868,0.7329078169949821,0.3228346456692913
2025-11-22T00:25:52.224155,interface,0.05511811023622047,0.31496062992125984,0.4015748031496063,0.0,0.7651766704536893,0.9916666065391868,0.7329078169949821,0.3228346456692913
2025-11-22T00:25:52.226069,interface,0.05511811023622047,0.31496062992125984,0.4015748031496063,0.0,0.7651766704536893,0.9916666065391868,0.7329078169949821,0.31496062992125984
2025-11-22T00:25:52.231678,interface,0.05511811023622047,0.31496062992125984,0.4015748031496063,0.0,0.7651766704536893,0.9916666065391868,0.7329078169949821,0.30708661417322836
2025-11-22T00:25:52.244847,interface,0.05511811023622047,0.31496062992125984,0.4015748031496063,0.0,0.7651766704536893,0.9916666065391868,0.7329078169949821,0.2992125984251969
2025-11-22T00:25:52.253896,interface,0.05511811023622047,0.31496062992125984,0.4015748031496063,0.0,0.7651766704536893,0.9916666065391868,0.7329078169949821,0.2992125984251969
2025-11-22T00:25:52.264946,interface,0.05511811023622047,0.31496062992125984,0.4015748031496063,0.0,0.7651766704536893,0.9916666065391868,0.7329078169949821,0.29133858267716534
2025-11-22T00:25:52.266913,interface,0.05511811023622047,0.31496062992125984,0.4015748031496063,0.0,0.7651766704536893,0.9916666065391868,0.7329078169949821,0.29133858267716534
2025-11-22T00:25:52.272621,interface,0.05511811023622047,0.31496062992125984,0.4015748031496063,0.0,0.7651766704536893,0.9916666065391868,0.7329078169949821,0.28346456692913385
2025-11-22T00:25:52.284450,interface,0.05511811023622047,0.31496062992125984,0.4015748031496063,0.0,0.7651766704536893,0.9916666065391868,0.7329078169949821,0.28346456692913385
2025-11-22T00:25:52.293803,interface,0.05511811023622047,0.31496062992125984,0.4015748031496063,0.0,0.7651766704536893,0.9916666065391868,0.7329078169949821,0.2755905511811024
2025-11-22T00:25:52.304498,interface,0.05511811023622047,0.31496062992125984,0.4015748031496063,0.0,0.7651766704536893,0.9916666065391868,0.7329078169949821,0.2755905511811024
2025-11-22T00:25:52.315709,interface,0.05511811023622047,0.31496062992125984,0.4015748031496063,0.0,0.7651766704536893,0.9916666065391868,0.7329078169949821,0.2677165354330709
2025-11-22T00:25:52.331628,interface,0.05511811023622047,0.31496062992125984,0.4015748031496063,0.0,0.7651766704536893,0.9916666065391868,0.7329078169949821,0.25984251968503935
2025-11-22T00:25:52.355703,interface,0.05511811023622047,0.31496062992125984,0.4015748031496063,0.0,0.7651766704536893,0.9916666065391868,0.7329078169949821,0.25984251968503935
2025-11-22T00:25:52.395561,interface,0.05511811023622047,0.31496062992125984,0.4015748031496063,0.0,0.7651766704536893,0.9916666065391868,0.7329078169949821,0.25196850393700787
2025-11-22T00:25:52.454411,interface,0.05511811023622047,0.31496062992125984,0.4015748031496063,0.0,0.7651766704536893,0.9916666065391868,0.7329078169949821,0.25196850393700787
2025-11-22T00:25:52.523812,interface,0.05511811023622047,0.31496062992125984,0.4015748031496063,0.0,0.7651766704536893,0.9916666065391868,0.7329078169949821,0.2440944881889764
2025-11-22T00:25:52.563712,interface,0.05511811023622047,0.31496062992125984,0.4015748031496063,0.0,0.7651766704536893,0.9916666065391868,0.7329078169949821,0.2440944881889764
2025-11-22T00:25:52.595570,interface,0.05511811023622047,0.31496062992125984,0.4015748031496063,0.0,0.7651766704536893,0.9916666065391868,0.7329078169949821,0.23622047244094488
2025-11-22T00:25:52.619731,interface,0.05511811023622047,0.31496062992125984,0.4015748031496063,0.0,0.7651766704536893,0.9916666065391868,0.7329078169949821,0.23622047244094488
2025-11-22T00:25:52.643576,interface,0.05511811023622047,0.31496062992125984,0.4015748031496063,0.0,0.7651766704536893,0.9916666065391868,0.7329078169949821,0.2283464566929134
2025-11-22T00:25:52.667700,interface,0.05511811023622047,0.31496062992125984,0.4015748031496063,0.0,0.7651766704536893,0.9916666065391868,0.7329078169949821,0.2204724409448819
2025-11-22T00:25:52.704485,interface,0.05511811023622047,0.31496062992125984,0.4015748031496063,0.0,0.7651766704536893,0.9916666065391868,0.7329078169949821,0.2204724409448819
2025-11-22T00:25:52.739737,interface,0.05511811023622047,0.31496062992125984,0.4015748031496063,0.0,0.7651766704536893,0.9916666065391868,0.7329078169949821,0.2125984251968504
2025-11-22T00:25:52.787588,interface,0.05511811023622047,0.31496062992125984,0.4015748031496063,0.0,0.7651766704536893,0.9916666065391868,0.7329078169949821,0.2125984251968504
2025-11-22T00:25:53.609670,interface,0.5826771653543307,0.31496062992125984,0.4015748031496063,0.0,0.7651766704536893,0.9916666065391868,0.7329078169949821,0.2125984251968504
2025-11-22T00:25:53.685611,interface,0.6062992125984252,0.31496062992125984,0.4015748031496063,0.0,0.7651766704536893,0.9916666065391868,0.7329078169949821,0.2125984251968504
2025-11-22T00:25:53.766135,interface,0.5826771653543307,0.31496062992125984,0.4015748031496063,0.0,0.7651766704536893,0.9916666065391868,0.7329078169949821,0.2125984251968504
2025-11-22T00:25:54.209695,interface,0.5590551181102362,0.31496062992125984,0.4015748031496063,0.0,0.7651766704536893,0.9916666065391868,0.7329078169949821,0.2125984251968504
2025-11-22T00:25:54.293853,interface,0.5826771653543307,0.31496062992125984,0.4015748031496063,0.0,0.7651766704536893,0.9916666065391868,0.7329078169949821,0.2125984251968504
2025-11-22T00:25:54.379734,interface,0.6062992125984252,0.31496062992125984,0.4015748031496063,0.0,0.7651766704536893,0.9916666065391868,0.7329078169949821,0.2125984251968504
2025-11-22T00:25:54.702592,interface,0.03937007874015748,0.31496062992125984,0.4015748031496063,0.0,0.7651766704536893,0.9916666065391868,0.7329078169949821,0.2125984251968504
2025-11-22T00:25:56.198402,interface,0.5118110236220472,0.31496062992125984,0.4015748031496063,0.0,0.7651766704536893,0.9916666065391868,0.7329078169949821,0.2125984251968504
2025-11-22T00:25:56.236471,interface,0.5826771653543307,0.31496062992125984,0.4015748031496063,0.0,0.7651766704536893,0.9916666065391868,0.7329078169949821,0.2125984251968504
2025-11-22T00:25:57.343659,interface,0.8503937007874016,0.31496062992125984,0.4015748031496063,0.0,0.7651766704536893,0.9916666065391868,0.7329078169949821,0.2125984251968504
2025-11-22T00:25:57.778721,interface,0.6220472440944882,0.31496062992125984,0.4015748031496063,0.0,0.7651766704536893,0.9916666065391868,0.7329078169949821,0.2125984251968504
2025-11-22T00:25:57.990984,interface,0.6614173228346457,0.31496062992125984,0.4015748031496063,0.0,0.7651766704536893,0.9916666065391868,0.7329078169949821,0.2125984251968504
2025-11-22T00:25:58.310749,interface,0.4330708661417323,0.31496062992125984,0.4015748031496063,0.0,0.7651766704536893,0.9916666065391868,0.7329078169949821,0.2125984251968504
2025-11-22T00:25:58.524267,interface,0.47244094488188976,0.31496062992125984,0.4015748031496063,0.0,0.7651766704536893,0.9916666065391868,0.7329078169949821,0.2125984251968504
2025-11-22T00:25:58.844843,interface,0.4330708661417323,0.31496062992125984,0.4015748031496063,0.0,0.7651766704536893,0.9916666065391868,0.7329078169949821,0.2125984251968504
2025-11-22T00:25:58.982517,interface,0.6220472440944882,0.31496062992125984,0.4015748031496063,0.0,0.7651766704536893,0.9916666065391868,0.7329078169949821,0.2125984251968504
2025-11-22T00:25:59.516478,interface,0.5669291338582677,0.31496062992125984,0.4015748031496063,0.0,0.7651766704536893,0.9916666065391868,0.7329078169949821,0.2125984251968504
2025-11-22T00:25:59.745707,interface,0.7559055118110236,0.31496062992125984,0.4015748031496063,0.0,0.7651766704536893,0.9916666065391868,0.7329078169949821,0.2125984251968504
2025-11-22T00:25:59.999503,interface,0.6220472440944882,0.31496062992125984,0.4015748031496063,0.0,0.7651766704536893,0.9916666065391868,0.7329078169949821,0.2125984251968504
2025-11-22T00:26:00.266968,interface,0.5669291338582677,0.31496062992125984,0.4015748031496063,0.0,0.7651766704536893,0.9916666065391868,0.7329078169949821,0.2125984251968504
2025-11-22T00:26:00.492535,interface,0.6614173228346457,0.31496062992125984,0.4015748031496063,0.0,0.7651766704536893,0.9916666065391868,0.7329078169949821,0.2125984251968504
2025-11-22T00:26:00.699288,interface,0.6220472440944882,0.31496062992125984,0.4015748031496063,0.0,0.7651766704536893,0.9916666065391868,0.7329078169949821,0.2125984251968504
2025-11-22T00:26:00.899998,interface,0.4330708661417323,0.31496062992125984,0.4015748031496063,0.0,0.7651766704536893,0.9916666065391868,0.7329078169949821,0.2125984251968504
2025-11-22T00:26:01.145914,interface,0.3779527559055118,0.31496062992125984,0.4015748031496063,0.0,0.7651766704536893,0.9916666065391868,0.7329078169949821,0.2125984251968504
2025-11-22T00:26:01.150715,interface,0.41732283464566927,0.31496062992125984,0.4015748031496063,0.0,0.7651766704536893,0.9916666065391868,0.7329078169949821,0.2125984251968504
2025-11-22T00:26:01.341983,interface,0.4330708661417323,0.31496062992125984,0.4015748031496063,0.0,0.7651766704536893,0.9916666065391868,0.7329078169949821,0.2125984251968504
2025-11-22T00:26:01.619964,interface,0.4330708661417323,0.31496062992125984,0.4015748031496063,0.0,0.7651766704536893,0.9916666065391868,0.7329078169949821,0.2125984251968504
2025-11-22T00:26:01.773618,interface,0.47244094488188976,0.31496062992125984,0.4015748031496063,0.0,0.7651766704536893,0.9916666065391868,0.7329078169949821,0.2125984251968504
2025-11-22T00:26:01.948261,interface,0.4330708661417323,0.31496062992125984,0.4015748031496063,0.0,0.7651766704536893,0.9916666065391868,0.7329078169949821,0.2125984251968504
2025-11-22T00:26:02.045333,interface,0.3779527559055118,0.31496062992125984,0.4015748031496063,0.0,0.7651766704536893,0.9916666065391868,0.7329078169949821,0.2125984251968504
2025-11-22T00:26:02.368551,interface,0.4330708661417323,0.31496062992125984,0.4015748031496063,0.0,0.7651766704536893,0.9916666065391868,0.7329078169949821,0.2125984251968504
2025-11-22T00:26:02.437782,interface,0.3779527559055118,0.31496062992125984,0.4015748031496063,0.0,0.7651766704536893,0.9916666065391868,0.7329078169949821,0.2125984251968504
2025-11-22T00:26:02.589787,interface,0.47244094488188976,0.31496062992125984,0.4015748031496063,0.0,0.7651766704536893,0.9916666065391868,0.7329078169949821,0.2125984251968504
2025-11-22T00:26:02.723842,interface,0.4330708661417323,0.31496062992125984,0.4015748031496063,0.0,0.7651766704536893,0.9916666065391868,0.7329078169949821,0.2125984251968504
2025-11-22T00:26:02.827776,interface,0.3779527559055118,0.31496062992125984,0.4015748031496063,0.0,0.7651766704536893,0.9916666065391868,0.7329078169949821,0.2125984251968504
2025-11-22T00:26:02.927828,interface,0.3779527559055118,0.31496062992125984,0.4015748031496063,0.0,0.7651766704536893,0.9916666065391868,0.7329078169949821,0.2125984251968504
2025-11-22T00:26:02.949665,interface,0.4330708661417323,0.31496062992125984,0.4015748031496063,0.0,0.7651766704536893,0.9916666065391868,0.7329078169949821,0.2125984251968504
2025-11-22T00:26:03.089031,interface,0.3779527559055118,0.31496062992125984,0.4015748031496063,0.0,0.7651766704536893,0.9916666065391868,0.7329078169949821,0.2125984251968504
2025-11-22T00:26:03.093457,interface,0.4330708661417323,0.31496062992125984,0.4015748031496063,0.0,0.7651766704536893,0.9916666065391868,0.7329078169949821,0.2125984251968504
2025-11-22T00:26:03.181012,interface,0.4330708661417323,0.31496062992125984,0.4015748031496063,0.0,0.7651766704536893,0.9916666065391868,0.7329078169949821,0.2125984251968504
2025-11-22T00:26:03.280317,interface,0.3779527559055118,0.31496062992125984,0.4015748031496063,0.0,0.7651766704536893,0.9916666065391868,0.7329078169949821,0.2125984251968504
2025-11-22T00:26:03.356336,interface,0.4330708661417323,0.31496062992125984,0.4015748031496063,0.0,0.7651766704536893,0.9916666065391868,0.7329078169949821,0.2125984251968504
2025-11-22T00:26:03.452869,interface,0.3779527559055118,0.31496062992125984,0.4015748031496063,0.0,0.7651766704536893,0.9916666065391868,0.7329078169949821,0.2125984251968504
2025-11-22T00:26:03.529863,interface,0.4330708661417323,0.31496062992125984,0.4015748031496063,0.0,0.7651766704536893,0.9916666065391868,0.7329078169949821,0.2125984251968504
2025-11-22T00:26:03.607978,interface,0.3779527559055118,0.31496062992125984,0.4015748031496063,0.0,0.7651766704536893,0.9916666065391868,0.7329078169949821,0.2125984251968504
2025-11-22T00:26:03.970007,interface,0.3779527559055118,0.31496062992125984,0.4015748031496063,0.0,0.7651766704536893,0.9916666065391868,0.7329078169949821,0.2125984251968504
2025-11-22T00:26:04.141723,interface,0.5669291338582677,0.31496062992125984,0.4015748031496063,0.0,0.7651766704536893,0.9916666065391868,0.7329078169949821,0.2125984251968504
2025-11-22T00:26:04.224652,interface,0.3779527559055118,0.31496062992125984,0.4015748031496063,0.0,0.7651766704536893,0.9916666065391868,0.7329078169949821,0.2125984251968504
2025-11-22T00:26:04.350693,interface,0.5669291338582677,0.31496062992125984,0.4015748031496063,0.0,0.7651766704536893,0.9916666065391868,0.7329078169949821,0.2125984251968504
2025-11-22T00:26:04.391607,interface,0.3779527559055118,0.31496062992125984,0.4015748031496063,0.0,0.7651766704536893,0.9916666065391868,0.7329078169949821,0.2125984251968504
2025-11-22T00:26:04.456872,interface,0.6220472440944882,0.31496062992125984,0.4015748031496063,0.0,0.7651766704536893,0.9916666065391868,0.7329078169949821,0.2125984251968504
2025-11-22T00:26:04.527641,interface,0.5669291338582677,0.31496062992125984,0.4015748031496063,0.0,0.7651766704536893,0.9916666065391868,0.7329078169949821,0.2125984251968504
2025-11-22T00:26:04.620732,interface,0.6220472440944882,0.31496062992125984,0.4015748031496063,0.0,0.7651766704536893,0.9916666065391868,0.7329078169949821,0.2125984251968504
2025-11-22T00:26:04.886834,interface,0.5669291338582677,0.31496062992125984,0.4015748031496063,0.0,0.7651766704536893,0.9916666065391868,0.7329078169949821,0.2125984251968504
2025-11-22T00:26:04.985732,interface,0.6220472440944882,0.31496062992125984,0.4015748031496063,0.0,0.7651766704536893,0.9916666065391868,0.7329078169949821,0.2125984251968504
2025-11-22T00:26:05.066874,interface,0.5669291338582677,0.31496062992125984,0.4015748031496063,0.0,0.7651766704536893,0.9916666065391868,0.7329078169949821,0.2125984251968504
2025-11-22T00:26:05.160827,interface,0.6220472440944882,0.31496062992125984,0.4015748031496063,0.0,0.7651766704536893,0.9916666065391868,0.7329078169949821,0.2125984251968504
2025-11-22T00:26:05.227143,interface,0.5669291338582677,0.31496062992125984,0.4015748031496063,0.0,0.7651766704536893,0.9916666065391868,0.7329078169949821,0.2125984251968504
2025-11-22T00:26:05.268934,interface,0.3779527559055118,0.31496062992125984,0.4015748031496063,0.0,0.7651766704536893,0.9916666065391868,0.7329078169949821,0.2125984251968504
2025-11-22T00:26:05.429263,interface,0.7559055118110236,0.31496062992125984,0.4015748031496063,0.0,0.7651766704536893,0.9916666065391868,0.7329078169949821,0.2125984251968504
2025-11-22T00:26:05.842532,interface,0.5669291338582677,0.31496062992125984,0.4015748031496063,0.0,0.7651766704536893,0.9916666065391868,0.7329078169949821,0.2125984251968504
2025-11-22T00:26:06.017147,interface,0.5669291338582677,0.31496062992125984,0.4015748031496063,0.0,0.7651766704536893,0.9916666065391868,0.7329078169949821,0.2125984251968504
2025-11-22T00:26:06.189400,interface,0.8503937007874016,0.31496062992125984,0.4015748031496063,0.0,0.7651766704536893,0.9916666065391868,0.7329078169949821,0.2125984251968504
2025-11-22T00:26:06.690534,interface,0.6220472440944882,0.31496062992125984,0.4015748031496063,0.0,0.7651766704536893,0.9916666065391868,0.7329078169949821,0.2125984251968504
2025-11-22T00:26:06.716407,interface,0.6220472440944882,0.31496062992125984,0.4015748031496063,0.0,0.7651766704536893,0.9916666065391868,0.7329078169949821,0.2125984251968504
2025-11-22T00:26:07.570486,interface,0.06299212598425197,0.31496062992125984,0.4015748031496063,0.0,0.7651766704536893,0.9916666065391868,0.7329078169949821,0.2125984251968504
2025-11-22T00:26:07.572757,interface,0.06299212598425197,0.31496062992125984,0.5511811023622047,0.0,0.7651766704536893,0.9916666065391868,0.7329078169949821,0.2125984251968504
2025-11-22T00:26:07.579018,interface,0.06299212598425197,0.31496062992125984,0.49606299212598426,0.0,0.7651766704536893,0.9916666065391868,0.7329078169949821,0.2125984251968504
2025-11-22T00:26:07.594384,interface,0.06299212598425197,0.31496062992125984,0.47244094488188976,0.0,0.7651766704536893,0.9916666065391868,0.7329078169949821,0.2125984251968504
2025-11-22T00:26:07.604773,interface,0.06299212598425197,0.31496062992125984,0.4645669291338583,0.0,0.7651766704536893,0.9916666065391868,0.7329078169949821,0.2125984251968504
2025-11-22T00:26:07.619939,interface,0.06299212598425197,0.31496062992125984,0.4251968503937008,0.0,0.7651766704536893,0.9916666065391868,0.7329078169949821,0.2125984251968504
2025-11-22T00:26:07.630181,interface,0.06299212598425197,0.31496062992125984,0.4015748031496063,0.0,0.7651766704536893,0.9916666065391868,0.7329078169949821,0.2125984251968504
2025-11-22T00:26:07.640591,interface,0.06299212598425197,0.31496062992125984,0.3937007874015748,0.0,0.7651766704536893,0.9916666065391868,0.7329078169949821,0.2125984251968504
2025-11-22T00:26:07.650776,interface,0.06299212598425197,0.31496062992125984,0.3858267716535433,0.0,0.7651766704536893,0.9916666065391868,0.7329078169949821,0.2125984251968504
2025-11-22T00:26:07.665978,interface,0.06299212598425197,0.31496062992125984,0.3700787401574803,0.0,0.7651766704536893,0.9916666065391868,0.7329078169949821,0.2125984251968504
2025-11-22T00:26:07.712820,interface,0.06299212598425197,0.31496062992125984,0.1732283464566929,0.0,0.7651766704536893,0.9916666065391868,0.7329078169949821,0.2125984251968504
2025-11-22T00:26:07.722967,interface,0.06299212598425197,0.31496062992125984,0.14173228346456693,0.0,0.7651766704536893,0.9916666065391868,0.7329078169949821,0.2125984251968504
2025-11-22T00:26:07.738342,interface,0.06299212598425197,0.31496062992125984,0.08661417322834646,0.0,0.7651766704536893,0.9916666065391868,0.7329078169949821,0.2125984251968504
2025-11-22T00:26:07.761179,interface,0.06299212598425197,0.31496062992125984,0.3700787401574803,0.0,0.7651766704536893,0.9916666065391868,0.7329078169949821,0.2125984251968504
2025-11-22T00:26:07.811315,interface,0.06299212598425197,0.31496062992125984,0.3700787401574803,0.0,0.7651766704536893,0.9916666065391868,0.7329078169949821,0.2125984251968504
2025-11-22T00:26:07.813706,interface,0.06299212598425197,0.31496062992125984,0.0,0.0,0.7651766704536893,0.9916666065391868,0.7329078169949821,0.2125984251968504
2025-11-22T00:26:07.871302,interface,0.06299212598425197,0.31496062992125984,0.0,0.0,0.7651766704536893,0.9916666065391868,0.7329078169949821,0.2125984251968504
2025-11-22T00:26:07.991596,interface,0.06299212598425197,0.31496062992125984,0.0,0.0,0.7651766704536893,0.9916666065391868,0.7329078169949821,0.2125984251968504
2025-11-22T00:26:07.993756,interface,0.06299212598425197,0.31496062992125984,0.07086614173228346,0.0,0.7651766704536893,0.9916666065391868,0.7329078169949821,0.2125984251968504
2025-11-22T00:26:08.000173,interface,0.06299212598425197,0.31496062992125984,0.08661417322834646,0.0,0.7651766704536893,0.9916666065391868,0.7329078169949821,0.2125984251968504
2025-11-22T00:26:08.054692,interface,0.06299212598425197,0.31496062992125984,0.14960629921259844,0.0,0.7651766704536893,0.9916666065391868,0.7329078169949821,0.2125984251968504
2025-11-22T00:26:08.058868,interface,0.06299212598425197,0.31496062992125984,0.16535433070866143,0.0,0.7651766704536893,0.9916666065391868,0.7329078169949821,0.2125984251968504
2025-11-22T00:26:08.109846,interface,0.06299212598425197,0.31496062992125984,0.1732283464566929,0.0,0.7651766704536893,0.9916666065391868,0.7329078169949821,0.2125984251968504
2025-11-22T00:26:08.137311,interface,0.06299212598425197,0.31496062992125984,0.18110236220472442,0.0,0.7651766704536893,0.9916666065391868,0.7329078169949821,0.2125984251968504
2025-11-22T00:26:08.225142,interface,0.06299212598425197,0.31496062992125984,0.2440944881889764,0.0,0.7651766704536893,0.9916666065391868,0.7329078169949821,0.2125984251968504
2025-11-22T00:26:08.256220,interface,0.06299212598425197,0.31496062992125984,0.23622047244094488,0.0,0.7651766704536893,0.9916666065391868,0.7329078169949821,0.2125984251968504
2025-11-22T00:26:08.292219,interface,0.06299212598425197,0.31496062992125984,0.2440944881889764,0.0,0.7651766704536893,0.9916666065391868,0.7329078169949821,0.2125984251968504
2025-11-22T00:26:08.307503,interface,0.06299212598425197,0.31496062992125984,0.25196850393700787,0.0,0.7651766704536893,0.9916666065391868,0.7329078169949821,0.2125984251968504
2025-11-22T00:26:08.316869,interface,0.06299212598425197,0.31496062992125984,0.2992125984251969,0.0,0.7651766704536893,0.9916666065391868,0.7329078169949821,0.2125984251968504
2025-11-22T00:26:08.327011,interface,0.06299212598425197,0.31496062992125984,0.3228346456692913,0.0,0.7651766704536893,0.9916666065391868,0.7329078169949821,0.2125984251968504
2025-11-22T00:26:08.337274,interface,0.06299212598425197,0.31496062992125984,0.33858267716535434,0.0,0.7651766704536893,0.9916666065391868,0.7329078169949821,0.2125984251968504
2025-11-22T00:26:08.362672,interface,0.06299212598425197,0.31496062992125984,0.3464566929133858,0.0,0.7651766704536893,0.9916666065391868,0.7329078169949821,0.2125984251968504
2025-11-22T00:26:08.364713,interface,0.06299212598425197,0.31496062992125984,0.33858267716535434,0.0,0.7651766704536893,0.9916666065391868,0.7329078169949821,0.2125984251968504
2025-11-22T00:26:08.410393,interface,0.06299212598425197,0.31496062992125984,0.3464566929133858,0.0,0.7651766704536893,0.9916666065391868,0.7329078169949821,0.2125984251968504
2025-11-22T00:26:08.481325,interface,0.06299212598425197,0.31496062992125984,0.4566929133858268,0.0,0.7651766704536893,0.9916666065391868,0.7329078169949821,0.2125984251968504
2025-11-22T00:26:08.509068,interface,0.06299212598425197,0.31496062992125984,0.44881889763779526,0.0,0.7651766704536893,0.9916666065391868,0.7329078169949821,0.2125984251968504
2025-11-22T00:26:08.596152,interface,0.06299212598425197,0.31496062992125984,0.5905511811023622,0.0,0.7651766704536893,0.9916666065391868,0.7329078169949821,0.2125984251968504
2025-11-22T00:26:08.600397,interface,0.06299212598425197,0.31496062992125984,0.5826771653543307,0.0,0.7651766704536893,0.9916666065391868,0.7329078169949821,0.2125984251968504
2025-11-22T00:26:08.627073,interface,0.06299212598425197,0.31496062992125984,0.5905511811023622,0.0,0.7651766704536893,0.9916666065391868,0.7329078169949821,0.2125984251968504
2025-11-22T00:26:08.663108,interface,0.06299212598425197,0.31496062992125984,0.5984251968503937,0.0,0.7651766704536893,0.9916666065391868,0.7329078169949821,0.2125984251968504
2025-11-22T00:26:08.709294,interface,0.06299212598425197,0.31496062992125984,0.6929133858267716,0.0,0.7651766704536893,0.9916666065391868,0.7329078169949821,0.2125984251968504
2025-11-22T00:26:08.755979,interface,0.06299212598425197,0.31496062992125984,0.7480314960629921,0.0,0.7651766704536893,0.9916666065391868,0.7329078169949821,0.2125984251968504
2025-11-22T00:26:08.778955,interface,0.06299212598425197,0.31496062992125984,0.7559055118110236,0.0,0.7651766704536893,0.9916666065391868,0.7329078169949821,0.2125984251968504
2025-11-22T00:26:08.783264,interface,0.06299212598425197,0.31496062992125984,0.7480314960629921,0.0,0.7651766704536893,0.9916666065391868,0.7329078169949821,0.2125984251968504
2025-11-22T00:26:08.833811,interface,0.06299212598425197,0.31496062992125984,0.7559055118110236,0.0,0.7651766704536893,0.9916666065391868,0.7329078169949821,0.2125984251968504
2025-11-22T00:26:08.856117,interface,0.06299212598425197,0.31496062992125984,0.7480314960629921,0.0,0.7651766704536893,0.9916666065391868,0.7329078169949821,0.2125984251968504
2025-11-22T00:26:08.903725,interface,0.06299212598425197,0.31496062992125984,0.7401574803149606,0.0,0.7651766704536893,0.9916666065391868,0.7329078169949821,0.2125984251968504
2025-11-22T00:26:08.928288,interface,0.06299212598425197,0.31496062992125984,0.7480314960629921,0.0,0.7651766704536893,0.9916666065391868,0.7329078169949821,0.2125984251968504
2025-11-22T00:26:08.985986,interface,0.06299212598425197,0.31496062992125984,0.7480314960629921,0.0,0.7651766704536893,0.9916666065391868,0.7329078169949821,0.2125984251968504
2025-11-22T00:26:09.534165,interface,0.05511811023622047,0.31496062992125984,0.7480314960629921,0.0,0.7651766704536893,0.9916666065391868,0.7329078169949821,0.2125984251968504
2025-11-22T00:26:09.536386,interface,0.05511811023622047,0.7637795275590551,0.7480314960629921,0.0,0.7651766704536893,0.9916666065391868,0.7329078169949821,0.2125984251968504
2025-11-22T00:26:09.538431,interface,0.05511811023622047,0.7795275590551181,0.7480314960629921,0.0,0.7651766704536893,0.9916666065391868,0.7329078169949821,0.2125984251968504
2025-11-22T00:26:09.579618,interface,0.05511811023622047,0.7874015748031497,0.7480314960629921,0.0,0.7651766704536893,0.9916666065391868,0.7329078169949821,0.2125984251968504
2025-11-22T00:26:09.647601,interface,0.05511811023622047,0.7874015748031497,0.7480314960629921,0.0,0.7651766704536893,0.9916666065391868,0.7329078169949821,0.2125984251968504
2025-11-22T00:26:09.900522,interface,0.05511811023622047,0.7874015748031497,0.7480314960629921,0.0,0.7651766704536893,0.9916666065391868,0.7329078169949821,0.2125984251968504
2025-11-22T00:26:09.902547,interface,0.05511811023622047,0.25984251968503935,0.7480314960629921,0.0,0.7651766704536893,0.9916666065391868,0.7329078169949821,0.2125984251968504
2025-11-22T00:26:09.908986,interface,0.05511811023622047,0.25196850393700787,0.7480314960629921,0.0,0.7651766704536893,0.9916666065391868,0.7329078169949821,0.2125984251968504
2025-11-22T00:26:09.929512,interface,0.05511811023622047,0.2440944881889764,0.7480314960629921,0.0,0.7651766704536893,0.9916666065391868,0.7329078169949821,0.2125984251968504
2025-11-22T00:26:09.949903,interface,0.05511811023622047,0.2283464566929134,0.7480314960629921,0.0,0.7651766704536893,0.9916666065391868,0.7329078169949821,0.2125984251968504
2025-11-22T00:26:09.996504,interface,0.05511811023622047,0.2204724409448819,0.7480314960629921,0.0,0.7651766704536893,0.9916666065391868,0.7329078169949821,0.2125984251968504
2025-11-22T00:26:10.118936,interface,0.05511811023622047,0.2204724409448819,0.7480314960629921,0.0,0.7651766704536893,0.9916666065391868,0.7329078169949821,0.2125984251968504
2025-11-22T00:26:10.440547,interface,0.0,0.2204724409448819,0.7480314960629921,0.0,0.7651766704536893,0.9916666065391868,0.7329078169949821,0.2125984251968504
2025-11-22T00:26:10.931667,interface,0.07086614173228346,0.2204724409448819,0.7480314960629921,0.0,0.7651766704536893,0.9916666065391868,0.7329078169949821,0.2125984251968504
2025-11-22T00:26:10.934179,interface,0.07086614173228346,0.2204724409448819,0.7480314960629921,0.14173228346456693,0.7651766704536893,0.9916666065391868,0.7329078169949821,0.2125984251968504
2025-11-22T00:26:10.945815,interface,0.07086614173228346,0.2204724409448819,0.7480314960629921,0.13385826771653545,0.7651766704536893,0.9916666065391868,0.7329078169949821,0.2125984251968504
2025-11-22T00:26:10.971160,interface,0.07086614173228346,0.2204724409448819,0.7480314960629921,0.13385826771653545,0.7651766704536893,0.9916666065391868,0.7329078169949821,0.2125984251968504
2025-11-22T00:26:10.973095,interface,0.07086614173228346,0.2204724409448819,0.7480314960629921,0.11811023622047244,0.7651766704536893,0.9916666065391868,0.7329078169949821,0.2125984251968504
2025-11-22T00:26:10.977384,interface,0.07086614173228346,0.2204724409448819,0.7480314960629921,0.11023622047244094,0.7651766704536893,0.9916666065391868,0.7329078169949821,0.2125984251968504
2025-11-22T00:26:11.050436,interface,0.07086614173228346,0.2204724409448819,0.7480314960629921,0.11811023622047244,0.7651766704536893,0.9916666065391868,0.7329078169949821,0.2125984251968504
2025-11-22T00:26:11.079459,interface,0.07086614173228346,0.2204724409448819,0.7480314960629921,0.11811023622047244,0.7651766704536893,0.9916666065391868,0.7329078169949821,0.2125984251968504
2025-11-22T00:26:11.136397,interface,0.07086614173228346,0.2204724409448819,0.7480314960629921,0.11811023622047244,0.7651766704536893,0.9916666065391868,0.7329078169949821,0.2125984251968504
2025-11-22T00:26:11.138406,interface,0.07086614173228346,0.2204724409448819,0.7480314960629921,0.3228346456692913,0.7651766704536893,0.9916666065391868,0.7329078169949821,0.2125984251968504
2025-11-22T00:26:11.149620,interface,0.07086614173228346,0.2204724409448819,0.7480314960629921,0.31496062992125984,0.7651766704536893,0.9916666065391868,0.7329078169949821,0.2125984251968504
2025-11-22T00:26:11.208137,interface,0.07086614173228346,0.2204724409448819,0.7480314960629921,0.4330708661417323,0.7651766704536893,0.9916666065391868,0.7329078169949821,0.2125984251968504
2025-11-22T00:26:11.218412,interface,0.07086614173228346,0.2204724409448819,0.7480314960629921,0.4566929133858268,0.7651766704536893,0.9916666065391868,0.7329078169949821,0.2125984251968504
2025-11-22T00:26:11.280048,interface,0.07086614173228346,0.2204724409448819,0.7480314960629921,0.48031496062992124,0.7651766704536893,0.9916666065391868,0.7329078169949821,0.2125984251968504
2025-11-22T00:26:11.337181,interface,0.07086614173228346,0.2204724409448819,0.7480314960629921,0.6377952755905512,0.7651766704536893,0.9916666065391868,0.7329078169949821,0.2125984251968504
2025-11-22T00:26:11.341200,interface,0.07086614173228346,0.2204724409448819,0.7480314960629921,0.6850393700787402,0.7651766704536893,0.9916666065391868,0.7329078169949821,0.2125984251968504
2025-11-22T00:26:11.351674,interface,0.07086614173228346,0.2204724409448819,0.7480314960629921,0.7401574803149606,0.7651766704536893,0.9916666065391868,0.7329078169949821,0.2125984251968504
2025-11-22T00:26:11.366898,interface,0.07086614173228346,0.2204724409448819,0.7480314960629921,0.7795275590551181,0.7651766704536893,0.9916666065391868,0.7329078169949821,0.2125984251968504
2025-11-22T00:26:11.438324,interface,0.07086614173228346,0.2204724409448819,0.7480314960629921,0.984251968503937,0.7651766704536893,0.9916666065391868,0.7329078169949821,0.2125984251968504
2025-11-22T00:26:11.448619,interface,0.07086614173228346,0.2204724409448819,0.7480314960629921,0.9921259842519685,0.7651766704536893,0.9916666065391868,0.7329078169949821,0.2125984251968504
2025-11-22T00:26:11.530710,interface,0.07086614173228346,0.2204724409448819,0.7480314960629921,0.968503937007874,0.7651766704536893,0.9916666065391868,0.7329078169949821,0.2125984251968504
2025-11-22T00:26:11.572835,interface,0.07086614173228346,0.2204724409448819,0.7480314960629921,0.9921259842519685,0.7651766704536893,0.9916666065391868,0.7329078169949821,0.2125984251968504
2025-11-22T00:26:11.669145,interface,0.07086614173228346,0.2204724409448819,0.7480314960629921,0.9921259842519685,0.7651766704536893,0.9916666065391868,0.7329078169949821,0.2125984251968504
2025-11-22T00:26:11.671536,interface,0.07086614173228346,0.2204724409448819,0.7480314960629921,0.14173228346456693,0.7651766704536893,0.9916666065391868,0.7329078169949821,0.2125984251968504
2025-11-22T00:26:11.673706,interface,0.33858267716535434,0.2204724409448819,0.7480314960629921,0.14173228346456693,0.7651766704536893,0.9916666065391868,0.7329078169949821,0.2125984251968504
2025-11-22T00:26:11.677698,interface,0.33858267716535434,0.2204724409448819,0.7480314960629921,0.11023622047244094,0.7651766704536893,0.9916666065391868,0.7329078169949821,0.2125984251968504
2025-11-22T00:26:11.682098,interface,0.07086614173228346,0.2204724409448819,0.7480314960629921,0.11023622047244094,0.7651766704536893,0.9916666065391868,0.7329078169949821,0.2125984251968504
2025-11-22T00:26:11.684337,interface,0.07086614173228346,0.2204724409448819,0.7480314960629921,0.11023622047244094,0.7651766704536893,0.9916666065391868,0.7329078169949821,0.2125984251968504
2025-11-22T00:26:11.719385,interface,0.07086614173228346,0.2204724409448819,0.7480314960629921,0.11023622047244094,0.7651766704536893,0.9916666065391868,0.7329078169949821,0.2125984251968504
2025-11-22T00:26:12.434989,interface,0.047244094488188976,0.2204724409448819,0.7480314960629921,0.11023622047244094,0.7651766704536893,0.9916666065391868,0.7329078169949821,0.2125984251968504
2025-11-22T00:26:12.916457,interface,0.047244094488188976,0.2204724409448819,0.7480314960629921,0.11023622047244094,0.7651766704536893,0.9916666065391868,0.7329078169949821,0.2125984251968504
2025-11-22T00:26:14.087950,interface,0.0,0.2204724409448819,0.7480314960629921,0.11023622047244094,0.7651766704536893,0.9916666065391868,0.7329078169949821,0.2125984251968504
2025-11-22T00:26:37.963894,interface,0.0,0.2204724409448819,0.7480314960629921,0.11023622047244094,0.7651766704536893,0.9916666065391868,0.7329078169949821,0.2125984251968504
2025-11-22T00:26:49.342352,interface,0.16535433070866143,0.2204724409448819,0.7480314960629921,0.11023622047244094,0.7651766704536893,0.9916666065391868,0.7329078169949821,0.2125984251968504
2025-11-22T00:26:58.960075,interface,0.9291338582677166,0.2204724409448819,0.7480314960629921,0.11023622047244094,0.7651766704536893,0.9916666065391868,0.7329078169949821,0.2125984251968504
2025-11-22T00:26:59.215162,interface,0.6377952755905512,0.2204724409448819,0.7480314960629921,0.11023622047244094,0.7651766704536893,0.9916666065391868,0.7329078169949821,0.2125984251968504
2025-11-22T00:27:12.339387,interface,0.8346456692913385,0.2204724409448819,0.7480314960629921,0.11023622047244094,0.7651766704536893,0.9916666065391868,0.7329078169949821,0.2125984251968504
2025-11-22T00:27:13.216663,interface,0.4015748031496063,0.2204724409448819,0.7480314960629921,0.11023622047244094,0.7651766704536893,0.9916666065391868,0.7329078169949821,0.2125984251968504
2025-11-22T00:27:13.738820,interface,0.7401574803149606,0.2204724409448819,0.7480314960629921,0.11023622047244094,0.7651766704536893,0.9916666065391868,0.7329078169949821,0.2125984251968504
2025-11-22T00:27:22.278640,interface,0.25984251968503935,0.2204724409448819,0.7480314960629921,0.11023622047244094,0.7651766704536893,0.9916666065391868,0.7329078169949821,0.2125984251968504
2025-11-22T00:27:25.292179,interface,0.30708661417322836,0.2204724409448819,0.7480314960629921,0.11023622047244094,0.7651766704536893,0.9916666065391868,0.7329078169949821,0.2125984251968504
2025-11-22T00:27:26.776596,interface,0.0,0.2204724409448819,0.7480314960629921,0.11023622047244094,0.7651766704536893,0.9916666065391868,0.7329078169949821,0.2125984251968504
2025-11-22T00:28:56.278307,interface,0.0,0.2204724409448819,0.7480314960629921,0.11023622047244094,0.7651766704536893,0.9916666065391868,0.7329078169949821,0.2125984251968504
2025-11-22T00:29:05.965260,interface,0.0,0.2204724409448819,0.7480314960629921,0.11023622047244094,0.7651766704536893,0.9916666065391868,0.7329078169949821,0.2125984251968504
2025-11-22T00:29:16.655018,interface,0.7952755905511811,0.2204724409448819,0.7480314960629921,0.11023622047244094,0.7651766704536893,0.9916666065391868,0.7329078169949821,0.2125984251968504
2025-11-22T00:29:28.435681,interface,0.31496062992125984,0.2204724409448819,0.7480314960629921,0.11023622047244094,0.7651766704536893,0.9916666065391868,0.7329078169949821,0.2125984251968504
2025-11-22T00:29:43.383210,interface,0.8976377952755905,0.2204724409448819,0.7480314960629921,0.11023622047244094,0.7651766704536893,0.9916666065391868,0.7329078169949821,0.2125984251968504
2025-11-22T00:29:44.185500,interface,0.9448818897637795,0.2204724409448819,0.7480314960629921,0.11023622047244094,0.7651766704536893,0.9916666065391868,0.7329078169949821,0.2125984251968504
2025-11-22T00:29:44.340034,interface,0.984251968503937,0.2204724409448819,0.7480314960629921,0.11023622047244094,0.7651766704536893,0.9916666065391868,0.7329078169949821,0.2125984251968504
2025-11-22T00:29:45.555530,interface,0.8110236220472441,0.2204724409448819,0.7480314960629921,0.11023622047244094,0.7651766704536893,0.9916666065391868,0.7329078169949821,0.2125984251968504
2025-11-22T00:29:56.833767,interface,0.8503937007874016,0.2204724409448819,0.7480314960629921,0.11023622047244094,0.7651766704536893,0.9916666065391868,0.7329078169949821,0.2125984251968504
2025-11-22T00:30:08.973210,interface,0.6220472440944882,0.2204724409448819,0.7480314960629921,0.11023622047244094,0.7651766704536893,0.9916666065391868,0.7329078169949821,0.2125984251968504
2025-11-22T00:30:53.841879,interface,1.0,0.2204724409448819,0.7480314960629921,0.11023622047244094,0.7651766704536893,0.9916666065391868,0.7329078169949821,0.2125984251968504
2025-11-22T00:30:53.980496,interface,1.0,0.2204724409448819,0.7480314960629921,0.11023622047244094,0.7651766704536893,0.9916666065391868,0.7329078169949821,0.2125984251968504
2025-11-22T00:31:06.402851,interface,0.8582677165354331,0.2204724409448819,0.7480314960629921,0.11023622047244094,0.7651766704536893,0.9916666065391868,0.7329078169949821,0.2125984251968504
2025-11-22T00:31:10.593853,interface,0.28346456692913385,0.2204724409448819,0.7480314960629921,0.11023622047244094,0.7651766704536893,0.9916666065391868,0.7329078169949821,0.2125984251968504
2025-11-22T00:31:13.048404,interface,0.11023622047244094,0.2204724409448819,0.7480314960629921,0.11023622047244094,0.7651766704536893,0.9916666065391868,0.7329078169949821,0.2125984251968504
2025-11-22T00:31:13.215956,interface,0.023622047244094488,0.2204724409448819,0.7480314960629921,0.11023622047244094,0.7651766704536893,0.9916666065391868,0.7329078169949821,0.2125984251968504
2025-11-22T00:32:00.561848,interface,0.36220472440944884,0.2204724409448819,0.7480314960629921,0.11023622047244094,0.7651766704536893,0.9916666065391868,0.7329078169949821,0.2125984251968504
2025-11-22T00:32:13.280798,interface,0.6614173228346457,0.2204724409448819,0.7480314960629921,0.11023622047244094,0.7651766704536893,0.9916666065391868,0.7329078169949821,0.2125984251968504
2025-11-22T00:32:19.531624,interface,0.6456692913385826,0.2204724409448819,0.7480314960629921,0.11023622047244094,0.7651766704536893,0.9916666065391868,0.7329078169949821,0.2125984251968504
2025-11-22T00:32:24.249689,interface,0.6299212598425197,0.2204724409448819,0.7480314960629921,0.11023622047244094,0.7651766704536893,0.9916666065391868,0.7329078169949821,0.2125984251968504
2025-11-22T00:32:28.217992,interface,0.905511811023622,0.2204724409448819,0.7480314960629921,0.11023622047244094,0.7651766704536893,0.9916666065391868,0.7329078169949821,0.2125984251968504
2025-11-22T00:32:40.246368,interface,0.9212598425196851,0.2204724409448819,0.7480314960629921,0.11023622047244094,0.7651766704536893,0.9916666065391868,0.7329078169949821,0.2125984251968504
2025-11-22T00:32:44.965344,interface,0.7165354330708661,0.2204724409448819,0.7480314960629921,0.11023622047244094,0.7651766704536893,0.9916666065391868,0.7329078169949821,0.2125984251968504
2025-11-22T00:32:45.217560,interface,0.7637795275590551,0.2204724409448819,0.7480314960629921,0.11023622047244094,0.7651766704536893,0.9916666065391868,0.7329078169949821,0.2125984251968504
2025-11-22T00:33:12.719382,interface,0.9133858267716536,0.2204724409448819,0.7480314960629921,0.11023622047244094,0.7651766704536893,0.9916666065391868,0.7329078169949821,0.2125984251968504
2025-11-22T00:33:13.724850,interface,0.7874015748031497,0.2204724409448819,0.7480314960629921,0.11023622047244094,0.7651766704536893,0.9916666065391868,0.7329078169949821,0.2125984251968504
2025-11-22T00:33:14.186443,interface,0.1889763779527559,0.2204724409448819,0.7480314960629921,0.11023622047244094,0.7651766704536893,0.9916666065391868,0.7329078169949821,0.2125984251968504
2025-11-22T00:33:14.643516,interface,1.0,0.2204724409448819,0.7480314960629921,0.11023622047244094,0.7651766704536893,0.9916666065391868,0.7329078169949821,0.2125984251968504
2025-11-22T00:33:20.679527,interface,0.937007874015748,0.2204724409448819,0.7480314960629921,0.11023622047244094,0.7651766704536893,0.9916666065391868,0.7329078169949821,0.2125984251968504
2025-11-22T00:33:33.405166,interface,1.0,0.2204724409448819,0.7480314960629921,0.11023622047244094,0.7651766704536893,0.9916666065391868,0.7329078169949821,0.2125984251968504
2025-11-22T00:33:33.593494,interface,0.4330708661417323,0.2204724409448819,0.7480314960629921,0.11023622047244094,0.7651766704536893,0.9916666065391868,0.7329078169949821,0.2125984251968504
2025-11-22T00:33:35.030277,interface,0.4330708661417323,0.2204724409448819,0.7480314960629921,0.11023622047244094,0.7651766704536893,0.9916666065391868,0.7329078169949821,0.2125984251968504
2025-11-22T00:33:41.850922,interface,1.0,0.2204724409448819,0.7480314960629921,0.11023622047244094,0.7651766704536893,0.9916666065391868,0.7329078169949821,0.2125984251968504
2025-11-22T00:33:42.970736,interface,0.937007874015748,0.2204724409448819,0.7480314960629921,0.11023622047244094,0.7651766704536893,0.9916666065391868,0.7329078169949821,0.2125984251968504
2025-11-22T00:33:49.968290,interface,0.8503937007874016,0.2204724409448819,0.7480314960629921,0.11023622047244094,0.7651766704536893,0.9916666065391868,0.7329078169949821,0.2125984251968504
2025-11-22T00:33:51.227376,interface,0.8582677165354331,0.2204724409448819,0.7480314960629921,0.11023622047244094,0.7651766704536893,0.9916666065391868,0.7329078169949821,0.2125984251968504
2025-11-22T00:34:12.468764,interface,1.0,0.2204724409448819,0.7480314960629921,0.11023622047244094,0.7651766704536893,0.9916666065391868,0.7329078169949821,0.2125984251968504
2025-11-22T00:34:55.363309,interface,0.8661417322834646,0.2204724409448819,0.7480314960629921,0.11023622047244094,0.7651766704536893,0.9916666065391868,0.7329078169949821,0.2125984251968504
2025-11-22T00:34:57.149304,interface,0.9291338582677166,0.2204724409448819,0.7480314960629921,0.11023622047244094,0.7651766704536893,0.9916666065391868,0.7329078169949821,0.2125984251968504
2025-11-22T00:34:59.529667,interface,1.0,0.2204724409448819,0.7480314960629921,0.11023622047244094,0.7651766704536893,0.9916666065391868,0.7329078169949821,0.2125984251968504
2025-11-22T00:35:00.659362,interface,0.7559055118110236,0.2204724409448819,0.7480314960629921,0.11023622047244094,0.7651766704536893,0.9916666065391868,0.7329078169949821,0.2125984251968504
2025-11-22T00:35:00.976188,interface,0.7716535433070866,0.2204724409448819,0.7480314960629921,0.11023622047244094,0.7651766704536893,0.9916666065391868,0.7329078169949821,0.2125984251968504
2025-11-22T00:35:10.436539,interface,0.984251968503937,0.2204724409448819,0.7480314960629921,0.11023622047244094,0.7651766704536893,0.9916666065391868,0.7329078169949821,0.2125984251968504
2025-11-22T00:35:21.690243,interface,0.9606299212598425,0.2204724409448819,0.7480314960629921,0.11023622047244094,0.7651766704536893,0.9916666065391868,0.7329078169949821,0.2125984251968504
2025-11-22T00:36:02.520674,interface,0.9763779527559056,0.2204724409448819,0.7480314960629921,0.11023622047244094,0.7651766704536893,0.9916666065391868,0.7329078169949821,0.2125984251968504
2025-11-22T00:36:06.166909,interface,0.8818897637795275,0.2204724409448819,0.7480314960629921,0.11023622047244094,0.7651766704536893,0.9916666065391868,0.7329078169949821,0.2125984251968504
2025-11-22T00:36:11.781270,interface,0.7322834645669292,0.2204724409448819,0.7480314960629921,0.11023622047244094,0.7651766704536893,0.9916666065391868,0.7329078169949821,0.2125984251968504
2025-11-22T00:36:13.678007,interface,0.905511811023622,0.2204724409448819,0.7480314960629921,0.11023622047244094,0.7651766704536893,0.9916666065391868,0.7329078169949821,0.2125984251968504
2025-11-22T00:36:15.373599,interface,0.07874015748031496,0.2204724409448819,0.7480314960629921,0.11023622047244094,0.7651766704536893,0.9916666065391868,0.7329078169949821,0.2125984251968504
2025-11-22T00:36:49.632125,interface,0.03937007874015748,0.2204724409448819,0.7480314960629921,0.11023622047244094,0.7651766704536893,0.9916666065391868,0.7329078169949821,0.2125984251968504
2025-11-22T00:37:33.160725,interface,0.031496062992125984,0.2204724409448819,0.7480314960629921,0.11023622047244094,0.7651766704536893,0.9916666065391868,0.7329078169949821,0.2125984251968504
2025-11-22T00:37:38.897817,interface,0.007874015748031496,0.2204724409448819,0.7480314960629921,0.11023622047244094,0.7651766704536893,0.9916666065391868,0.7329078169949821,0.2125984251968504
2025-11-22T00:38:22.428041,interface,0.0,0.2204724409448819,0.7480314960629921,0.11023622047244094,0.7651766704536893,0.9916666065391868,0.7329078169949821,0.2125984251968504
2025-11-22T00:38:23.044976,interface,0.0,0.2204724409448819,0.7480314960629921,0.11023622047244094,0.7651766704536893,0.9916666065391868,0.7329078169949821,0.2125984251968504
2025-11-22T00:38:25.844536,interface,0.7559055118110236,0.2204724409448819,0.7480314960629921,0.11023622047244094,0.7651766704536893,0.9916666065391868,0.7329078169949821,0.2125984251968504
2025-11-22T00:38:27.714460,interface,0.08661417322834646,0.2204724409448819,0.7480314960629921,0.11023622047244094,0.7651766704536893,0.9916666065391868,0.7329078169949821,0.2125984251968504
2025-11-22T00:38:35.156674,interface,0.0,0.2204724409448819,0.7480314960629921,0.11023622047244094,0.7651766704536893,0.9916666065391868,0.7329078169949821,0.2125984251968504
2025-11-22T00:38:41.084396,interface,0.6220472440944882,0.2204724409448819,0.7480314960629921,0.11023622047244094,0.7651766704536893,0.9916666065391868,0.7329078169949821,0.2125984251968504
2025-11-22T00:38:42.760221,interface,0.7559055118110236,0.2204724409448819,0.7480314960629921,0.11023622047244094,0.7651766704536893,0.9916666065391868,0.7329078169949821,0.2125984251968504
2025-11-22T00:38:43.368398,interface,0.8110236220472441,0.2204724409448819,0.7480314960629921,0.11023622047244094,0.7651766704536893,0.9916666065391868,0.7329078169949821,0.2125984251968504
2025-11-22T00:38:44.799674,interface,0.9921259842519685,0.2204724409448819,0.7480314960629921,0.11023622047244094,0.7651766704536893,0.9916666065391868,0.7329078169949821,0.2125984251968504
2025-11-22T00:38:51.821177,interface,0.952755905511811,0.2204724409448819,0.7480314960629921,0.11023622047244094,0.7651766704536893,0.9916666065391868,0.7329078169949821,0.2125984251968504
2025-11-22T00:38:52.387701,interface,0.984251968503937,0.2204724409448819,0.7480314960629921,0.11023622047244094,0.7651766704536893,0.9916666065391868,0.7329078169949821,0.2125984251968504
2025-11-22T00:38:54.200953,interface,0.7322834645669292,0.2204724409448819,0.7480314960629921,0.11023622047244094,0.7651766704536893,0.9916666065391868,0.7329078169949821,0.2125984251968504
2025-11-22T00:39:04.619421,interface,1.0,0.2204724409448819,0.7480314960629921,0.11023622047244094,0.7651766704536893,0.9916666065391868,0.7329078169949821,0.2125984251968504
2025-11-22T00:39:09.043928,interface,0.905511811023622,0.2204724409448819,0.7480314960629921,0.11023622047244094,0.7651766704536893,0.9916666065391868,0.7329078169949821,0.2125984251968504
2025-11-22T00:39:10.097702,interface,0.7952755905511811,0.2204724409448819,0.7480314960629921,0.11023622047244094,0.7651766704536893,0.9916666065391868,0.7329078169949821,0.2125984251968504
2025-11-22T00:39:10.344926,interface,0.8188976377952756,0.2204724409448819,0.7480314960629921,0.11023622047244094,0.7651766704536893,0.9916666065391868,0.7329078169949821,0.2125984251968504
2025-11-22T00:39:49.349185,interface,0.952755905511811,0.2204724409448819,0.7480314960629921,0.11023622047244094,0.7651766704536893,0.9916666065391868,0.7329078169949821,0.2125984251968504
2025-11-22T00:39:57.744740,interface,0.8818897637795275,0.2204724409448819,0.7480314960629921,0.11023622047244094,0.7651766704536893,0.9916666065391868,0.7329078169949821,0.2125984251968504
2025-11-22T00:40:01.104820,interface,0.7795275590551181,0.2204724409448819,0.7480314960629921,0.11023622047244094,0.7651766704536893,0.9916666065391868,0.7329078169949821,0.2125984251968504
2025-11-22T00:40:03.026943,interface,0.6614173228346457,0.2204724409448819,0.7480314960629921,0.11023622047244094,0.7651766704536893,0.9916666065391868,0.7329078169949821,0.2125984251968504
2025-11-22T00:40:06.354837,interface,0.6771653543307087,0.2204724409448819,0.7480314960629921,0.11023622047244094,0.7651766704536893,0.9916666065391868,0.7329078169949821,0.2125984251968504
2025-11-22T00:40:47.222987,interface,0.9133858267716536,0.2204724409448819,0.7480314960629921,0.11023622047244094,0.7651766704536893,0.9916666065391868,0.7329078169949821,0.2125984251968504
2025-11-22T00:40:54.339018,interface,0.8188976377952756,0.2204724409448819,0.7480314960629921,0.11023622047244094,0.7651766704536893,0.9916666065391868,0.7329078169949821,0.2125984251968504
2025-11-22T00:41:03.721448,interface,1.0,0.2204724409448819,0.7480314960629921,0.11023622047244094,0.7651766704536893,0.9916666065391868,0.7329078169949821,0.2125984251968504
2025-11-22T00:41:09.033519,interface,0.8661417322834646,0.2204724409448819,0.7480314960629921,0.11023622047244094,0.7651766704536893,0.9916666065391868,0.7329078169949821,0.2125984251968504
2025-11-22T00:41:12.470851,interface,0.84251968503937,0.2204724409448819,0.7480314960629921,0.11023622047244094,0.7651766704536893,0.9916666065391868,0.7329078169949821,0.2125984251968504
2025-11-22T00:41:20.159042,interface,1.0,0.2204724409448819,0.7480314960629921,0.11023622047244094,0.7651766704536893,0.9916666065391868,0.7329078169949821,0.2125984251968504
2025-11-22T00:41:37.408395,interface,0.9291338582677166,0.2204724409448819,0.7480314960629921,0.11023622047244094,0.7651766704536893,0.9916666065391868,0.7329078169949821,0.2125984251968504
2025-11-22T00:41:39.908198,interface,0.5196850393700787,0.2204724409448819,0.7480314960629921,0.11023622047244094,0.7651766704536893,0.9916666065391868,0.7329078169949821,0.2125984251968504
2025-11-22T00:41:43.987922,interface,0.5669291338582677,0.2204724409448819,0.7480314960629921,0.11023622047244094,0.7651766704536893,0.9916666065391868,0.7329078169949821,0.2125984251968504
2025-11-22T00:41:46.179363,interface,0.5275590551181102,0.2204724409448819,0.7480314960629921,0.11023622047244094,0.7651766704536893,0.9916666065391868,0.7329078169949821,0.2125984251968504
2025-11-22T00:41:58.895159,interface,1.0,0.2204724409448819,0.7480314960629921,0.11023622047244094,0.7651766704536893,0.9916666065391868,0.7329078169949821,0.2125984251968504
2025-11-22T00:42:00.183798,interface,0.84251968503937,0.2204724409448819,0.7480314960629921,0.11023622047244094,0.7651766704536893,0.9916666065391868,0.7329078169949821,0.2125984251968504
2025-11-22T00:42:02.178634,interface,0.8031496062992126,0.2204724409448819,0.7480314960629921,0.11023622047244094,0.7651766704536893,0.9916666065391868,0.7329078169949821,0.2125984251968504
2025-11-22T00:42:08.720846,interface,0.7244094488188977,0.2204724409448819,0.7480314960629921,0.11023622047244094,0.7651766704536893,0.9916666065391868,0.7329078169949821,0.2125984251968504
2025-11-22T00:42:17.207422,interface,0.8976377952755905,0.2204724409448819,0.7480314960629921,0.11023622047244094,0.7651766704536893,0.9916666065391868,0.7329078169949821,0.2125984251968504
2025-11-22T00:42:17.615536,interface,0.4015748031496063,0.2204724409448819,0.7480314960629921,0.11023622047244094,0.7651766704536893,0.9916666065391868,0.7329078169949821,0.2125984251968504
2025-11-22T00:42:19.907981,interface,0.031496062992125984,0.2204724409448819,0.7480314960629921,0.11023622047244094,0.7651766704536893,0.9916666065391868,0.7329078169949821,0.2125984251968504
2025-11-22T00:42:31.283327,interface,0.0,0.2204724409448819,0.7480314960629921,0.11023622047244094,0.7651766704536893,0.9916666065391868,0.7329078169949821,0.2125984251968504
2025-11-22T00:42:31.729455,interface,0.08661417322834646,0.2204724409448819,0.7480314960629921,0.11023622047244094,0.7651766704536893,0.9916666065391868,0.7329078169949821,0.2125984251968504
2025-11-22T00:42:33.755579,interface,0.7559055118110236,0.2204724409448819,0.7480314960629921,0.11023622047244094,0.7651766704536893,0.9916666065391868,0.7329078169949821,0.2125984251968504
2025-11-22T00:42:37.673849,interface,0.7637795275590551,0.2204724409448819,0.7480314960629921,0.11023622047244094,0.7651766704536893,0.9916666065391868,0.7329078169949821,0.2125984251968504
2025-11-22T00:42:47.716346,interface,0.7559055118110236,0.2204724409448819,0.7480314960629921,0.11023622047244094,0.7651766704536893,0.9916666065391868,0.7329078169949821,0.2125984251968504
2025-11-22T00:42:48.317881,interface,0.5275590551181102,0.2204724409448819,0.7480314960629921,0.11023622047244094,0.7651766704536893,0.9916666065391868,0.7329078169949821,0.2125984251968504
2025-11-22T00:42:49.379076,interface,0.6220472440944882,0.2204724409448819,0.7480314960629921,0.11023622047244094,0.7651766704536893,0.9916666065391868,0.7329078169949821,0.2125984251968504
2025-11-22T00:42:50.248506,interface,0.5433070866141733,0.2204724409448819,0.7480314960629921,0.11023622047244094,0.7651766704536893,0.9916666065391868,0.7329078169949821,0.2125984251968504
2025-11-22T00:42:51.348074,interface,0.023622047244094488,0.2204724409448819,0.7480314960629921,0.11023622047244094,0.7651766704536893,0.9916666065391868,0.7329078169949821,0.2125984251968504
2025-11-22T00:42:52.041768,interface,0.5669291338582677,0.2204724409448819,0.7480314960629921,0.11023622047244094,0.7651766704536893,0.9916666065391868,0.7329078169949821,0.2125984251968504
2025-11-22T00:42:58.059560,interface,0.7165354330708661,0.2204724409448819,0.7480314960629921,0.11023622047244094,0.7651766704536893,0.9916666065391868,0.7329078169949821,0.2125984251968504
2025-11-22T00:42:58.453223,interface,0.8661417322834646,0.2204724409448819,0.7480314960629921,0.11023622047244094,0.7651766704536893,0.9916666065391868,0.7329078169949821,0.2125984251968504
2025-11-22T00:43:11.535880,interface,1.0,0.2204724409448819,0.7480314960629921,0.11023622047244094,0.7651766704536893,0.9916666065391868,0.7329078169949821,0.2125984251968504
2025-11-22T00:43:16.096812,interface,0.49606299212598426,0.2204724409448819,0.7480314960629921,0.11023622047244094,0.7651766704536893,0.9916666065391868,0.7329078169949821,0.2125984251968504
2025-11-22T00:43:19.784960,interface,0.4645669291338583,0.2204724409448819,0.7480314960629921,0.11023622047244094,0.7651766704536893,0.9916666065391868,0.7329078169949821,0.2125984251968504
2025-11-22T00:43:49.225117,interface,0.8740157480314961,0.2204724409448819,0.7480314960629921,0.11023622047244094,0.7651766704536893,0.9916666065391868,0.7329078169949821,0.2125984251968504
2025-11-22T00:43:49.368052,interface,0.889763779527559,0.2204724409448819,0.7480314960629921,0.11023622047244094,0.7651766704536893,0.9916666065391868,0.7329078169949821,0.2125984251968504
2025-11-22T00:44:28.836972,interface,0.905511811023622,0.2204724409448819,0.7480314960629921,0.11023622047244094,0.7651766704536893,0.9916666065391868,0.7329078169949821,0.2125984251968504
2025-11-22T00:44:32.803370,interface,0.6692913385826772,0.2204724409448819,0.7480314960629921,0.11023622047244094,0.7651766704536893,0.9916666065391868,0.7329078169949821,0.2125984251968504
2025-11-22T00:44:33.229519,interface,0.28346456692913385,0.2204724409448819,0.7480314960629921,0.11023622047244094,0.7651766704536893,0.9916666065391868,0.7329078169949821,0.2125984251968504
2025-11-22T00:44:41.599953,interface,0.4330708661417323,0.2204724409448819,0.7480314960629921,0.11023622047244094,0.7651766704536893,0.9916666065391868,0.7329078169949821,0.2125984251968504
2025-11-22T00:44:41.683628,interface,0.4330708661417323,0.2204724409448819,0.7480314960629921,0.11023622047244094,0.7651766704536893,0.9916666065391868,0.7329078169949821,0.2125984251968504
2025-11-22T00:44:41.868527,interface,0.4094488188976378,0.2204724409448819,0.7480314960629921,0.11023622047244094,0.7651766704536893,0.9916666065391868,0.7329078169949821,0.2125984251968504
2025-11-22T00:44:41.914739,interface,0.4330708661417323,0.2204724409448819,0.7480314960629921,0.11023622047244094,0.7651766704536893,0.9916666065391868,0.7329078169949821,0.2125984251968504
2025-11-22T00:44:42.206196,interface,0.3779527559055118,0.2204724409448819,0.7480314960629921,0.11023622047244094,0.7651766704536893,0.9916666065391868,0.7329078169949821,0.2125984251968504
2025-11-22T00:44:42.540315,interface,0.3779527559055118,0.2204724409448819,0.7480314960629921,0.11023622047244094,0.7651766704536893,0.9916666065391868,0.7329078169949821,0.2125984251968504
2025-11-22T00:44:42.744987,interface,0.3779527559055118,0.2204724409448819,0.7480314960629921,0.11023622047244094,0.7651766704536893,0.9916666065391868,0.7329078169949821,0.2125984251968504
2025-11-22T00:44:42.805607,interface,0.3779527559055118,0.2204724409448819,0.7480314960629921,0.11023622047244094,0.7651766704536893,0.9916666065391868,0.7329078169949821,0.2125984251968504
2025-11-22T00:44:43.009134,interface,0.3779527559055118,0.2204724409448819,0.7480314960629921,0.11023622047244094,0.7651766704536893,0.9916666065391868,0.7329078169949821,0.2125984251968504
2025-11-22T00:44:43.182698,interface,0.3779527559055118,0.2204724409448819,0.7480314960629921,0.11023622047244094,0.7651766704536893,0.9916666065391868,0.7329078169949821,0.2125984251968504
2025-11-22T00:44:43.411339,interface,0.6220472440944882,0.2204724409448819,0.7480314960629921,0.11023622047244094,0.7651766704536893,0.9916666065391868,0.7329078169949821,0.2125984251968504
2025-11-22T00:44:43.429150,interface,0.44881889763779526,0.2204724409448819,0.7480314960629921,0.11023622047244094,0.7651766704536893,0.9916666065391868,0.7329078169949821,0.2125984251968504
2025-11-22T00:44:43.530480,interface,0.6220472440944882,0.2204724409448819,0.7480314960629921,0.11023622047244094,0.7651766704536893,0.9916666065391868,0.7329078169949821,0.2125984251968504
2025-11-22T00:44:43.616820,interface,0.6220472440944882,0.2204724409448819,0.7480314960629921,0.11023622047244094,0.7651766704536893,0.9916666065391868,0.7329078169949821,0.2125984251968504
2025-11-22T00:44:43.720674,interface,0.6220472440944882,0.2204724409448819,0.7480314960629921,0.11023622047244094,0.7651766704536893,0.9916666065391868,0.7329078169949821,0.2125984251968504
2025-11-22T00:44:43.808095,interface,0.6220472440944882,0.2204724409448819,0.7480314960629921,0.11023622047244094,0.7651766704536893,0.9916666065391868,0.7329078169949821,0.2125984251968504
2025-11-22T00:44:43.980303,interface,0.6220472440944882,0.2204724409448819,0.7480314960629921,0.11023622047244094,0.7651766704536893,0.9916666065391868,0.7329078169949821,0.2125984251968504
2025-11-22T00:44:44.124141,interface,0.6220472440944882,0.2204724409448819,0.7480314960629921,0.11023622047244094,0.7651766704536893,0.9916666065391868,0.7329078169949821,0.2125984251968504
2025-11-22T00:44:44.303602,interface,0.6220472440944882,0.2204724409448819,0.7480314960629921,0.11023622047244094,0.7651766704536893,0.9916666065391868,0.7329078169949821,0.2125984251968504
2025-11-22T00:44:44.308459,interface,0.6062992125984252,0.2204724409448819,0.7480314960629921,0.11023622047244094,0.7651766704536893,0.9916666065391868,0.7329078169949821,0.2125984251968504
2025-11-22T00:44:44.412194,interface,0.6220472440944882,0.2204724409448819,0.7480314960629921,0.11023622047244094,0.7651766704536893,0.9916666065391868,0.7329078169949821,0.2125984251968504
2025-11-22T00:44:44.479443,interface,0.6220472440944882,0.2204724409448819,0.7480314960629921,0.11023622047244094,0.7651766704536893,0.9916666065391868,0.7329078169949821,0.2125984251968504
2025-11-22T00:44:44.668916,interface,0.5669291338582677,0.2204724409448819,0.7480314960629921,0.11023622047244094,0.7651766704536893,0.9916666065391868,0.7329078169949821,0.2125984251968504
2025-11-22T00:44:44.926866,interface,0.5669291338582677,0.2204724409448819,0.7480314960629921,0.11023622047244094,0.7651766704536893,0.9916666065391868,0.7329078169949821,0.2125984251968504
2025-11-22T00:44:45.066345,interface,0.5669291338582677,0.2204724409448819,0.7480314960629921,0.11023622047244094,0.7651766704536893,0.9916666065391868,0.7329078169949821,0.2125984251968504
2025-11-22T00:44:45.070855,interface,0.5748031496062992,0.2204724409448819,0.7480314960629921,0.11023622047244094,0.7651766704536893,0.9916666065391868,0.7329078169949821,0.2125984251968504
2025-11-22T00:44:45.137562,interface,0.5669291338582677,0.2204724409448819,0.7480314960629921,0.11023622047244094,0.7651766704536893,0.9916666065391868,0.7329078169949821,0.2125984251968504
2025-11-22T00:44:45.241080,interface,0.5669291338582677,0.2204724409448819,0.7480314960629921,0.11023622047244094,0.7651766704536893,0.9916666065391868,0.7329078169949821,0.2125984251968504
2025-11-22T00:44:45.308835,interface,0.5669291338582677,0.2204724409448819,0.7480314960629921,0.11023622047244094,0.7651766704536893,0.9916666065391868,0.7329078169949821,0.2125984251968504
2025-11-22T00:44:45.395289,interface,0.5669291338582677,0.2204724409448819,0.7480314960629921,0.11023622047244094,0.7651766704536893,0.9916666065391868,0.7329078169949821,0.2125984251968504
2025-11-22T00:44:45.557355,interface,0.5669291338582677,0.2204724409448819,0.7480314960629921,0.11023622047244094,0.7651766704536893,0.9916666065391868,0.7329078169949821,0.2125984251968504
2025-11-22T00:44:45.714669,interface,0.5669291338582677,0.2204724409448819,0.7480314960629921,0.11023622047244094,0.7651766704536893,0.9916666065391868,0.7329078169949821,0.2125984251968504
2025-11-22T00:44:45.781644,interface,0.5669291338582677,0.2204724409448819,0.7480314960629921,0.11023622047244094,0.7651766704536893,0.9916666065391868,0.7329078169949821,0.2125984251968504
2025-11-22T00:44:45.885641,interface,0.5669291338582677,0.2204724409448819,0.7480314960629921,0.11023622047244094,0.7651766704536893,0.9916666065391868,0.7329078169949821,0.2125984251968504
2025-11-22T00:44:45.908514,interface,0.5669291338582677,0.2204724409448819,0.7480314960629921,0.11023622047244094,0.7651766704536893,0.9916666065391868,0.7329078169949821,0.2125984251968504
2025-11-22T00:44:46.116745,interface,0.7559055118110236,0.2204724409448819,0.7480314960629921,0.11023622047244094,0.7651766704536893,0.9916666065391868,0.7329078169949821,0.2125984251968504
2025-11-22T00:44:46.306668,interface,0.7559055118110236,0.2204724409448819,0.7480314960629921,0.11023622047244094,0.7651766704536893,0.9916666065391868,0.7329078169949821,0.2125984251968504
2025-11-22T00:44:46.450688,interface,0.7559055118110236,0.2204724409448819,0.7480314960629921,0.11023622047244094,0.7651766704536893,0.9916666065391868,0.7329078169949821,0.2125984251968504
2025-11-22T00:44:46.636153,interface,0.8110236220472441,0.2204724409448819,0.7480314960629921,0.11023622047244094,0.7651766704536893,0.9916666065391868,0.7329078169949821,0.2125984251968504
2025-11-22T00:44:46.795191,interface,0.8110236220472441,0.2204724409448819,0.7480314960629921,0.11023622047244094,0.7651766704536893,0.9916666065391868,0.7329078169949821,0.2125984251968504
2025-11-22T00:44:46.968881,interface,0.8110236220472441,0.2204724409448819,0.7480314960629921,0.11023622047244094,0.7651766704536893,0.9916666065391868,0.7329078169949821,0.2125984251968504
2025-11-22T00:44:47.156233,interface,0.7559055118110236,0.2204724409448819,0.7480314960629921,0.11023622047244094,0.7651766704536893,0.9916666065391868,0.7329078169949821,0.2125984251968504
2025-11-22T00:44:47.355756,interface,0.7559055118110236,0.2204724409448819,0.7480314960629921,0.11023622047244094,0.7651766704536893,0.9916666065391868,0.7329078169949821,0.2125984251968504
2025-11-22T00:44:47.588602,interface,0.5669291338582677,0.2204724409448819,0.7480314960629921,0.11023622047244094,0.7651766704536893,0.9916666065391868,0.7329078169949821,0.2125984251968504
2025-11-22T00:44:47.863306,interface,0.5669291338582677,0.2204724409448819,0.7480314960629921,0.11023622047244094,0.7651766704536893,0.9916666065391868,0.7329078169949821,0.2125984251968504
2025-11-22T00:44:48.077336,interface,0.6220472440944882,0.2204724409448819,0.7480314960629921,0.11023622047244094,0.7651766704536893,0.9916666065391868,0.7329078169949821,0.2125984251968504
2025-11-22T00:44:48.080249,interface,0.5669291338582677,0.2204724409448819,0.7480314960629921,0.11023622047244094,0.7651766704536893,0.9916666065391868,0.7329078169949821,0.2125984251968504
2025-11-22T00:44:48.085721,interface,0.6220472440944882,0.2204724409448819,0.7480314960629921,0.11023622047244094,0.7651766704536893,0.9916666065391868,0.7329078169949821,0.2125984251968504
2025-11-22T00:44:48.189893,interface,0.5669291338582677,0.2204724409448819,0.7480314960629921,0.11023622047244094,0.7651766704536893,0.9916666065391868,0.7329078169949821,0.2125984251968504
2025-11-22T00:44:48.755271,interface,0.5354330708661418,0.2204724409448819,0.7480314960629921,0.11023622047244094,0.7651766704536893,0.9916666065391868,0.7329078169949821,0.2125984251968504
2025-11-22T00:44:48.757588,interface,0.6614173228346457,0.2204724409448819,0.7480314960629921,0.11023622047244094,0.7651766704536893,0.9916666065391868,0.7329078169949821,0.2125984251968504
2025-11-22T00:44:48.762187,interface,0.5511811023622047,0.2204724409448819,0.7480314960629921,0.11023622047244094,0.7651766704536893,0.9916666065391868,0.7329078169949821,0.2125984251968504
2025-11-22T00:44:49.290148,interface,0.3779527559055118,0.2204724409448819,0.7480314960629921,0.11023622047244094,0.7651766704536893,0.9916666065391868,0.7329078169949821,0.2125984251968504
2025-11-22T00:44:49.295271,interface,0.15748031496062992,0.2204724409448819,0.7480314960629921,0.11023622047244094,0.7651766704536893,0.9916666065391868,0.7329078169949821,0.2125984251968504
2025-11-22T00:44:49.718340,interface,0.6614173228346457,0.2204724409448819,0.7480314960629921,0.11023622047244094,0.7651766704536893,0.9916666065391868,0.7329078169949821,0.2125984251968504
2025-11-22T00:44:49.723399,interface,0.6220472440944882,0.2204724409448819,0.7480314960629921,0.11023622047244094,0.7651766704536893,0.9916666065391868,0.7329078169949821,0.2125984251968504
2025-11-22T00:44:49.728269,interface,0.6614173228346457,0.2204724409448819,0.7480314960629921,0.11023622047244094,0.7651766704536893,0.9916666065391868,0.7329078169949821,0.2125984251968504
2025-11-22T00:44:49.781453,interface,0.3779527559055118,0.2204724409448819,0.7480314960629921,0.11023622047244094,0.7651766704536893,0.9916666065391868,0.7329078169949821,0.2125984251968504
2025-11-22T00:44:50.231996,interface,0.47244094488188976,0.2204724409448819,0.7480314960629921,0.11023622047244094,0.7651766704536893,0.9916666065391868,0.7329078169949821,0.2125984251968504
2025-11-22T00:44:50.473631,interface,0.4330708661417323,0.2204724409448819,0.7480314960629921,0.11023622047244094,0.7651766704536893,0.9916666065391868,0.7329078169949821,0.2125984251968504
2025-11-22T00:44:50.547483,interface,0.3779527559055118,0.2204724409448819,0.7480314960629921,0.11023622047244094,0.7651766704536893,0.9916666065391868,0.7329078169949821,0.2125984251968504
2025-11-22T00:44:50.728895,interface,0.4330708661417323,0.2204724409448819,0.7480314960629921,0.11023622047244094,0.7651766704536893,0.9916666065391868,0.7329078169949821,0.2125984251968504
2025-11-22T00:44:50.999740,interface,0.28346456692913385,0.2204724409448819,0.7480314960629921,0.11023622047244094,0.7651766704536893,0.9916666065391868,0.7329078169949821,0.2125984251968504
2025-11-22T00:44:51.174899,interface,0.2440944881889764,0.2204724409448819,0.7480314960629921,0.11023622047244094,0.7651766704536893,0.9916666065391868,0.7329078169949821,0.2125984251968504
2025-11-22T00:44:51.260257,interface,0.1889763779527559,0.2204724409448819,0.7480314960629921,0.11023622047244094,0.7651766704536893,0.9916666065391868,0.7329078169949821,0.2125984251968504
2025-11-22T00:44:51.476906,interface,0.1889763779527559,0.2204724409448819,0.7480314960629921,0.11023622047244094,0.7651766704536893,0.9916666065391868,0.7329078169949821,0.2125984251968504
2025-11-22T00:44:51.608279,interface,0.1889763779527559,0.2204724409448819,0.7480314960629921,0.11023622047244094,0.7651766704536893,0.9916666065391868,0.7329078169949821,0.2125984251968504
2025-11-22T00:44:51.769956,interface,0.1889763779527559,0.2204724409448819,0.7480314960629921,0.11023622047244094,0.7651766704536893,0.9916666065391868,0.7329078169949821,0.2125984251968504
2025-11-22T00:44:51.890566,interface,0.1889763779527559,0.2204724409448819,0.7480314960629921,0.11023622047244094,0.7651766704536893,0.9916666065391868,0.7329078169949821,0.2125984251968504
2025-11-22T00:44:52.117450,interface,0.4330708661417323,0.2204724409448819,0.7480314960629921,0.11023622047244094,0.7651766704536893,0.9916666065391868,0.7329078169949821,0.2125984251968504
2025-11-22T00:44:52.279478,interface,0.4330708661417323,0.2204724409448819,0.7480314960629921,0.11023622047244094,0.7651766704536893,0.9916666065391868,0.7329078169949821,0.2125984251968504
2025-11-22T00:44:52.379013,interface,0.4330708661417323,0.2204724409448819,0.7480314960629921,0.11023622047244094,0.7651766704536893,0.9916666065391868,0.7329078169949821,0.2125984251968504
2025-11-22T00:44:52.531995,interface,0.4330708661417323,0.2204724409448819,0.7480314960629921,0.11023622047244094,0.7651766704536893,0.9916666065391868,0.7329078169949821,0.2125984251968504
2025-11-22T00:44:52.675721,interface,0.4330708661417323,0.2204724409448819,0.7480314960629921,0.11023622047244094,0.7651766704536893,0.9916666065391868,0.7329078169949821,0.2125984251968504
2025-11-22T00:44:52.809036,interface,0.4330708661417323,0.2204724409448819,0.7480314960629921,0.11023622047244094,0.7651766704536893,0.9916666065391868,0.7329078169949821,0.2125984251968504
2025-11-22T00:44:52.972308,interface,0.6220472440944882,0.2204724409448819,0.7480314960629921,0.11023622047244094,0.7651766704536893,0.9916666065391868,0.7329078169949821,0.2125984251968504
2025-11-22T00:44:53.130557,interface,0.6220472440944882,0.2204724409448819,0.7480314960629921,0.11023622047244094,0.7651766704536893,0.9916666065391868,0.7329078169949821,0.2125984251968504
2025-11-22T00:44:53.264368,interface,0.6220472440944882,0.2204724409448819,0.7480314960629921,0.11023622047244094,0.7651766704536893,0.9916666065391868,0.7329078169949821,0.2125984251968504
2025-11-22T00:44:53.422390,interface,0.6220472440944882,0.2204724409448819,0.7480314960629921,0.11023622047244094,0.7651766704536893,0.9916666065391868,0.7329078169949821,0.2125984251968504
2025-11-22T00:44:53.646948,interface,0.6614173228346457,0.2204724409448819,0.7480314960629921,0.11023622047244094,0.7651766704536893,0.9916666065391868,0.7329078169949821,0.2125984251968504
2025-11-22T00:44:53.788335,interface,0.6614173228346457,0.2204724409448819,0.7480314960629921,0.11023622047244094,0.7651766704536893,0.9916666065391868,0.7329078169949821,0.2125984251968504
2025-11-22T00:44:53.951802,interface,0.6614173228346457,0.2204724409448819,0.7480314960629921,0.11023622047244094,0.7651766704536893,0.9916666065391868,0.7329078169949821,0.2125984251968504
2025-11-22T00:44:54.115183,interface,0.6614173228346457,0.2204724409448819,0.7480314960629921,0.11023622047244094,0.7651766704536893,0.9916666065391868,0.7329078169949821,0.2125984251968504
2025-11-22T00:44:54.356651,interface,0.8503937007874016,0.2204724409448819,0.7480314960629921,0.11023622047244094,0.7651766704536893,0.9916666065391868,0.7329078169949821,0.2125984251968504
2025-11-22T00:44:54.492870,interface,0.8503937007874016,0.2204724409448819,0.7480314960629921,0.11023622047244094,0.7651766704536893,0.9916666065391868,0.7329078169949821,0.2125984251968504
2025-11-22T00:44:54.634002,interface,0.8503937007874016,0.2204724409448819,0.7480314960629921,0.11023622047244094,0.7651766704536893,0.9916666065391868,0.7329078169949821,0.2125984251968504
2025-11-22T00:44:54.909044,interface,0.7165354330708661,0.2204724409448819,0.7480314960629921,0.11023622047244094,0.7651766704536893,0.9916666065391868,0.7329078169949821,0.2125984251968504
2025-11-22T00:44:55.012681,interface,0.7165354330708661,0.2204724409448819,0.7480314960629921,0.11023622047244094,0.7651766704536893,0.9916666065391868,0.7329078169949821,0.2125984251968504
2025-11-22T00:44:55.039721,interface,0.7165354330708661,0.2204724409448819,0.7480314960629921,0.11023622047244094,0.7651766704536893,0.9916666065391868,0.7329078169949821,0.2125984251968504
2025-11-22T00:44:55.143328,interface,0.7165354330708661,0.2204724409448819,0.7480314960629921,0.11023622047244094,0.7651766704536893,0.9916666065391868,0.7329078169949821,0.2125984251968504
2025-11-22T00:44:55.414842,interface,0.6220472440944882,0.2204724409448819,0.7480314960629921,0.11023622047244094,0.7651766704536893,0.9916666065391868,0.7329078169949821,0.2125984251968504
2025-11-22T00:44:55.518372,interface,0.6220472440944882,0.2204724409448819,0.7480314960629921,0.11023622047244094,0.7651766704536893,0.9916666065391868,0.7329078169949821,0.2125984251968504
2025-11-22T00:44:55.638830,interface,0.6220472440944882,0.2204724409448819,0.7480314960629921,0.11023622047244094,0.7651766704536893,0.9916666065391868,0.7329078169949821,0.2125984251968504
2025-11-22T00:44:55.913176,interface,0.4330708661417323,0.2204724409448819,0.7480314960629921,0.11023622047244094,0.7651766704536893,0.9916666065391868,0.7329078169949821,0.2125984251968504
2025-11-22T00:44:56.039297,interface,0.4330708661417323,0.2204724409448819,0.7480314960629921,0.11023622047244094,0.7651766704536893,0.9916666065391868,0.7329078169949821,0.2125984251968504
2025-11-22T00:44:56.182966,interface,0.4330708661417323,0.2204724409448819,0.7480314960629921,0.11023622047244094,0.7651766704536893,0.9916666065391868,0.7329078169949821,0.2125984251968504
2025-11-22T00:44:56.379206,interface,0.47244094488188976,0.2204724409448819,0.7480314960629921,0.11023622047244094,0.7651766704536893,0.9916666065391868,0.7329078169949821,0.2125984251968504
2025-11-22T00:44:56.511024,interface,0.47244094488188976,0.2204724409448819,0.7480314960629921,0.11023622047244094,0.7651766704536893,0.9916666065391868,0.7329078169949821,0.2125984251968504
2025-11-22T00:44:56.660815,interface,0.47244094488188976,0.2204724409448819,0.7480314960629921,0.11023622047244094,0.7651766704536893,0.9916666065391868,0.7329078169949821,0.2125984251968504
2025-11-22T00:44:57.369081,interface,0.5433070866141733,0.2204724409448819,0.7480314960629921,0.11023622047244094,0.7651766704536893,0.9916666065391868,0.7329078169949821,0.2125984251968504
2025-11-22T00:44:57.533858,interface,0.5275590551181102,0.2204724409448819,0.7480314960629921,0.11023622047244094,0.7651766704536893,0.9916666065391868,0.7329078169949821,0.2125984251968504
2025-11-22T00:45:15.348051,interface,0.0,0.2204724409448819,0.7480314960629921,0.11023622047244094,0.7651766704536893,0.9916666065391868,0.7329078169949821,0.2125984251968504
2025-11-22T00:45:15.774090,interface,0.0,0.2204724409448819,0.7480314960629921,0.11023622047244094,0.7651766704536893,0.9916666065391868,0.7329078169949821,0.2125984251968504
2025-11-22T00:45:21.298784,interface,0.0,0.2204724409448819,0.7480314960629921,0.0,0.7651766704536893,0.9916666065391868,0.7329078169949821,0.2125984251968504
2025-11-22T00:45:21.432252,interface,0.0,0.2204724409448819,0.7480314960629921,0.007874015748031496,0.7651766704536893,0.9916666065391868,0.7329078169949821,0.2125984251968504
2025-11-22T00:45:21.434697,interface,0.0,0.2204724409448819,0.7480314960629921,0.007874015748031496,0.7651766704536893,0.9916666065391868,0.7329078169949821,0.2125984251968504
2025-11-22T00:45:21.436753,interface,0.0,0.2204724409448819,0.7480314960629921,0.015748031496062992,0.7651766704536893,0.9916666065391868,0.7329078169949821,0.2125984251968504
2025-11-22T00:45:21.439104,interface,0.0,0.2204724409448819,0.7480314960629921,0.023622047244094488,0.7651766704536893,0.9916666065391868,0.7329078169949821,0.2125984251968504
2025-11-22T00:45:21.441194,interface,0.0,0.2204724409448819,0.7480314960629921,0.031496062992125984,0.7651766704536893,0.9916666065391868,0.7329078169949821,0.2125984251968504
2025-11-22T00:45:21.443303,interface,0.0,0.2204724409448819,0.7480314960629921,0.031496062992125984,0.7651766704536893,0.9916666065391868,0.7329078169949821,0.2125984251968504
2025-11-22T00:45:21.445347,interface,0.0,0.2204724409448819,0.7480314960629921,0.03937007874015748,0.7651766704536893,0.9916666065391868,0.7329078169949821,0.2125984251968504
2025-11-22T00:45:21.447411,interface,0.0,0.2204724409448819,0.7480314960629921,0.03937007874015748,0.7651766704536893,0.9916666065391868,0.7329078169949821,0.2125984251968504
2025-11-22T00:45:21.455200,interface,0.0,0.2204724409448819,0.7480314960629921,0.047244094488188976,0.7651766704536893,0.9916666065391868,0.7329078169949821,0.2125984251968504
2025-11-22T00:45:21.474958,interface,0.0,0.2204724409448819,0.7480314960629921,0.05511811023622047,0.7651766704536893,0.9916666065391868,0.7329078169949821,0.2125984251968504
2025-11-22T00:45:21.484045,interface,0.0,0.2204724409448819,0.7480314960629921,0.05511811023622047,0.7651766704536893,0.9916666065391868,0.7329078169949821,0.2125984251968504
2025-11-22T00:45:21.493334,interface,0.0,0.2204724409448819,0.7480314960629921,0.06299212598425197,0.7651766704536893,0.9916666065391868,0.7329078169949821,0.2125984251968504
2025-11-22T00:45:21.503111,interface,0.0,0.2204724409448819,0.7480314960629921,0.06299212598425197,0.7651766704536893,0.9916666065391868,0.7329078169949821,0.2125984251968504
2025-11-22T00:45:21.505025,interface,0.0,0.2204724409448819,0.7480314960629921,0.07086614173228346,0.7651766704536893,0.9916666065391868,0.7329078169949821,0.2125984251968504
2025-11-22T00:45:21.510873,interface,0.0,0.2204724409448819,0.7480314960629921,0.07086614173228346,0.7651766704536893,0.9916666065391868,0.7329078169949821,0.2125984251968504
2025-11-22T00:45:21.525584,interface,0.0,0.2204724409448819,0.7480314960629921,0.07874015748031496,0.7651766704536893,0.9916666065391868,0.7329078169949821,0.2125984251968504
2025-11-22T00:45:21.534691,interface,0.0,0.2204724409448819,0.7480314960629921,0.08661417322834646,0.7651766704536893,0.9916666065391868,0.7329078169949821,0.2125984251968504
2025-11-22T00:45:21.543902,interface,0.0,0.2204724409448819,0.7480314960629921,0.09448818897637795,0.7651766704536893,0.9916666065391868,0.7329078169949821,0.2125984251968504
2025-11-22T00:45:21.545814,interface,0.0,0.2204724409448819,0.7480314960629921,0.09448818897637795,0.7651766704536893,0.9916666065391868,0.7329078169949821,0.2125984251968504
2025-11-22T00:45:21.551478,interface,0.0,0.2204724409448819,0.7480314960629921,0.10236220472440945,0.7651766704536893,0.9916666065391868,0.7329078169949821,0.2125984251968504
2025-11-22T00:45:21.563896,interface,0.0,0.2204724409448819,0.7480314960629921,0.11023622047244094,0.7651766704536893,0.9916666065391868,0.7329078169949821,0.2125984251968504
2025-11-22T00:45:21.573680,interface,0.0,0.2204724409448819,0.7480314960629921,0.11811023622047244,0.7651766704536893,0.9916666065391868,0.7329078169949821,0.2125984251968504
2025-11-22T00:45:21.588597,interface,0.0,0.2204724409448819,0.7480314960629921,0.11811023622047244,0.7651766704536893,0.9916666065391868,0.7329078169949821,0.2125984251968504
2025-11-22T00:45:21.590739,interface,0.0,0.2204724409448819,0.7480314960629921,0.12598425196850394,0.7651766704536893,0.9916666065391868,0.7329078169949821,0.2125984251968504
2025-11-22T00:45:21.592557,interface,0.0,0.2204724409448819,0.7480314960629921,0.13385826771653545,0.7651766704536893,0.9916666065391868,0.7329078169949821,0.2125984251968504
2025-11-22T00:45:21.599995,interface,0.0,0.2204724409448819,0.7480314960629921,0.14173228346456693,0.7651766704536893,0.9916666065391868,0.7329078169949821,0.2125984251968504
2025-11-22T00:45:21.613724,interface,0.0,0.2204724409448819,0.7480314960629921,0.14960629921259844,0.7651766704536893,0.9916666065391868,0.7329078169949821,0.2125984251968504
2025-11-22T00:45:21.623095,interface,0.0,0.2204724409448819,0.7480314960629921,0.14960629921259844,0.7651766704536893,0.9916666065391868,0.7329078169949821,0.2125984251968504
2025-11-22T00:45:21.624994,interface,0.0,0.2204724409448819,0.7480314960629921,0.15748031496062992,0.7651766704536893,0.9916666065391868,0.7329078169949821,0.2125984251968504
2025-11-22T00:45:21.630787,interface,0.0,0.2204724409448819,0.7480314960629921,0.16535433070866143,0.7651766704536893,0.9916666065391868,0.7329078169949821,0.2125984251968504
2025-11-22T00:45:21.643469,interface,0.0,0.2204724409448819,0.7480314960629921,0.1732283464566929,0.7651766704536893,0.9916666065391868,0.7329078169949821,0.2125984251968504
2025-11-22T00:45:21.653404,interface,0.0,0.2204724409448819,0.7480314960629921,0.18110236220472442,0.7651766704536893,0.9916666065391868,0.7329078169949821,0.2125984251968504
2025-11-22T00:45:21.655315,interface,0.0,0.2204724409448819,0.7480314960629921,0.1889763779527559,0.7651766704536893,0.9916666065391868,0.7329078169949821,0.2125984251968504
2025-11-22T00:45:21.660918,interface,0.0,0.2204724409448819,0.7480314960629921,0.1889763779527559,0.7651766704536893,0.9916666065391868,0.7329078169949821,0.2125984251968504
2025-11-22T00:45:21.673559,interface,0.0,0.2204724409448819,0.7480314960629921,0.1968503937007874,0.7651766704536893,0.9916666065391868,0.7329078169949821,0.2125984251968504
2025-11-22T00:45:21.684229,interface,0.0,0.2204724409448819,0.7480314960629921,0.2047244094488189,0.7651766704536893,0.9916666065391868,0.7329078169949821,0.2125984251968504
2025-11-22T00:45:21.693913,interface,0.0,0.2204724409448819,0.7480314960629921,0.2125984251968504,0.7651766704536893,0.9916666065391868,0.7329078169949821,0.2125984251968504
2025-11-22T00:45:21.695781,interface,0.0,0.2204724409448819,0.7480314960629921,0.2204724409448819,0.7651766704536893,0.9916666065391868,0.7329078169949821,0.2125984251968504
2025-11-22T00:45:21.701377,interface,0.0,0.2204724409448819,0.7480314960629921,0.2204724409448819,0.7651766704536893,0.9916666065391868,0.7329078169949821,0.2125984251968504
2025-11-22T00:45:21.714215,interface,0.0,0.2204724409448819,0.7480314960629921,0.2283464566929134,0.7651766704536893,0.9916666065391868,0.7329078169949821,0.2125984251968504
2025-11-22T00:45:21.723198,interface,0.0,0.2204724409448819,0.7480314960629921,0.23622047244094488,0.7651766704536893,0.9916666065391868,0.7329078169949821,0.2125984251968504
2025-11-22T00:45:21.733887,interface,0.0,0.2204724409448819,0.7480314960629921,0.2440944881889764,0.7651766704536893,0.9916666065391868,0.7329078169949821,0.2125984251968504
2025-11-22T00:45:21.735758,interface,0.0,0.2204724409448819,0.7480314960629921,0.25196850393700787,0.7651766704536893,0.9916666065391868,0.7329078169949821,0.2125984251968504
2025-11-22T00:45:21.741360,interface,0.0,0.2204724409448819,0.7480314960629921,0.25196850393700787,0.7651766704536893,0.9916666065391868,0.7329078169949821,0.2125984251968504
2025-11-22T00:45:21.753712,interface,0.0,0.2204724409448819,0.7480314960629921,0.25984251968503935,0.7651766704536893,0.9916666065391868,0.7329078169949821,0.2125984251968504
2025-11-22T00:45:21.763684,interface,0.0,0.2204724409448819,0.7480314960629921,0.2677165354330709,0.7651766704536893,0.9916666065391868,0.7329078169949821,0.2125984251968504
2025-11-22T00:45:21.774125,interface,0.0,0.2204724409448819,0.7480314960629921,0.2755905511811024,0.7651766704536893,0.9916666065391868,0.7329078169949821,0.2125984251968504
2025-11-22T00:45:21.775991,interface,0.0,0.2204724409448819,0.7480314960629921,0.28346456692913385,0.7651766704536893,0.9916666065391868,0.7329078169949821,0.2125984251968504
2025-11-22T00:45:21.781641,interface,0.0,0.2204724409448819,0.7480314960629921,0.29133858267716534,0.7651766704536893,0.9916666065391868,0.7329078169949821,0.2125984251968504
2025-11-22T00:45:21.793561,interface,0.0,0.2204724409448819,0.7480314960629921,0.2992125984251969,0.7651766704536893,0.9916666065391868,0.7329078169949821,0.2125984251968504
2025-11-22T00:45:21.803639,interface,0.0,0.2204724409448819,0.7480314960629921,0.31496062992125984,0.7651766704536893,0.9916666065391868,0.7329078169949821,0.2125984251968504
2025-11-22T00:45:21.814508,interface,0.0,0.2204724409448819,0.7480314960629921,0.3228346456692913,0.7651766704536893,0.9916666065391868,0.7329078169949821,0.2125984251968504
2025-11-22T00:45:21.816368,interface,0.0,0.2204724409448819,0.7480314960629921,0.33070866141732286,0.7651766704536893,0.9916666065391868,0.7329078169949821,0.2125984251968504
2025-11-22T00:45:21.820294,interface,0.0,0.2204724409448819,0.7480314960629921,0.33858267716535434,0.7651766704536893,0.9916666065391868,0.7329078169949821,0.2125984251968504
2025-11-22T00:45:21.838662,interface,0.0,0.2204724409448819,0.7480314960629921,0.3464566929133858,0.7651766704536893,0.9916666065391868,0.7329078169949821,0.2125984251968504
2025-11-22T00:45:21.840520,interface,0.0,0.2204724409448819,0.7480314960629921,0.36220472440944884,0.7651766704536893,0.9916666065391868,0.7329078169949821,0.2125984251968504
2025-11-22T00:45:21.854193,interface,0.0,0.2204724409448819,0.7480314960629921,0.3700787401574803,0.7651766704536893,0.9916666065391868,0.7329078169949821,0.2125984251968504
2025-11-22T00:45:21.856075,interface,0.0,0.2204724409448819,0.7480314960629921,0.3858267716535433,0.7651766704536893,0.9916666065391868,0.7329078169949821,0.2125984251968504
2025-11-22T00:45:21.860034,interface,0.0,0.2204724409448819,0.7480314960629921,0.4015748031496063,0.7651766704536893,0.9916666065391868,0.7329078169949821,0.2125984251968504
2025-11-22T00:45:21.874787,interface,0.0,0.2204724409448819,0.7480314960629921,0.41732283464566927,0.7651766704536893,0.9916666065391868,0.7329078169949821,0.2125984251968504
2025-11-22T00:45:21.883802,interface,0.0,0.2204724409448819,0.7480314960629921,0.4251968503937008,0.7651766704536893,0.9916666065391868,0.7329078169949821,0.2125984251968504
2025-11-22T00:45:21.893431,interface,0.0,0.2204724409448819,0.7480314960629921,0.4409448818897638,0.7651766704536893,0.9916666065391868,0.7329078169949821,0.2125984251968504
2025-11-22T00:45:21.895439,interface,0.0,0.2204724409448819,0.7480314960629921,0.4566929133858268,0.7651766704536893,0.9916666065391868,0.7329078169949821,0.2125984251968504
2025-11-22T00:45:21.901029,interface,0.0,0.2204724409448819,0.7480314960629921,0.47244094488188976,0.7651766704536893,0.9916666065391868,0.7329078169949821,0.2125984251968504
2025-11-22T00:45:21.914645,interface,0.0,0.2204724409448819,0.7480314960629921,0.48031496062992124,0.7651766704536893,0.9916666065391868,0.7329078169949821,0.2125984251968504
2025-11-22T00:45:21.918635,interface,0.0,0.2204724409448819,0.7480314960629921,0.49606299212598426,0.7651766704536893,0.9916666065391868,0.7329078169949821,0.2125984251968504
2025-11-22T00:45:21.933384,interface,0.0,0.2204724409448819,0.7480314960629921,0.5039370078740157,0.7651766704536893,0.9916666065391868,0.7329078169949821,0.2125984251968504
2025-11-22T00:45:21.935295,interface,0.0,0.2204724409448819,0.7480314960629921,0.5118110236220472,0.7651766704536893,0.9916666065391868,0.7329078169949821,0.2125984251968504
2025-11-22T00:45:21.940984,interface,0.0,0.2204724409448819,0.7480314960629921,0.5196850393700787,0.7651766704536893,0.9916666065391868,0.7329078169949821,0.2125984251968504
2025-11-22T00:45:21.953853,interface,0.0,0.2204724409448819,0.7480314960629921,0.5354330708661418,0.7651766704536893,0.9916666065391868,0.7329078169949821,0.2125984251968504
2025-11-22T00:45:21.963775,interface,0.0,0.2204724409448819,0.7480314960629921,0.5433070866141733,0.7651766704536893,0.9916666065391868,0.7329078169949821,0.2125984251968504
2025-11-22T00:45:21.973459,interface,0.0,0.2204724409448819,0.7480314960629921,0.5590551181102362,0.7651766704536893,0.9916666065391868,0.7329078169949821,0.2125984251968504
2025-11-22T00:45:21.975361,interface,0.0,0.2204724409448819,0.7480314960629921,0.5669291338582677,0.7651766704536893,0.9916666065391868,0.7329078169949821,0.2125984251968504
2025-11-22T00:45:21.980952,interface,0.0,0.2204724409448819,0.7480314960629921,0.5826771653543307,0.7651766704536893,0.9916666065391868,0.7329078169949821,0.2125984251968504
2025-11-22T00:45:21.993638,interface,0.0,0.2204724409448819,0.7480314960629921,0.5984251968503937,0.7651766704536893,0.9916666065391868,0.7329078169949821,0.2125984251968504
2025-11-22T00:45:22.004290,interface,0.0,0.2204724409448819,0.7480314960629921,0.6062992125984252,0.7651766704536893,0.9916666065391868,0.7329078169949821,0.2125984251968504
2025-11-22T00:45:22.013761,interface,0.0,0.2204724409448819,0.7480314960629921,0.6220472440944882,0.7651766704536893,0.9916666065391868,0.7329078169949821,0.2125984251968504
2025-11-22T00:45:22.015769,interface,0.0,0.2204724409448819,0.7480314960629921,0.6220472440944882,0.7651766704536893,0.9916666065391868,0.7329078169949821,0.2125984251968504
2025-11-22T00:45:22.021373,interface,0.0,0.2204724409448819,0.7480314960629921,0.6299212598425197,0.7651766704536893,0.9916666065391868,0.7329078169949821,0.2125984251968504
2025-11-22T00:45:22.033742,interface,0.0,0.2204724409448819,0.7480314960629921,0.6377952755905512,0.7651766704536893,0.9916666065391868,0.7329078169949821,0.2125984251968504
2025-11-22T00:45:22.043306,interface,0.0,0.2204724409448819,0.7480314960629921,0.6456692913385826,0.7651766704536893,0.9916666065391868,0.7329078169949821,0.2125984251968504
2025-11-22T00:45:22.056987,interface,0.0,0.2204724409448819,0.7480314960629921,0.6456692913385826,0.7651766704536893,0.9916666065391868,0.7329078169949821,0.2125984251968504
2025-11-22T00:45:22.193051,interface,0.0,0.2204724409448819,0.7480314960629921,0.6535433070866141,0.7651766704536893,0.9916666065391868,0.7329078169949821,0.2125984251968504
2025-11-22T00:45:22.216892,interface,0.0,0.2204724409448819,0.7480314960629921,0.6535433070866141,0.7651766704536893,0.9916666065391868,0.7329078169949821,0.2125984251968504
2025-11-22T00:45:22.241011,interface,0.0,0.2204724409448819,0.7480314960629921,0.6614173228346457,0.7651766704536893,0.9916666065391868,0.7329078169949821,0.2125984251968504
2025-11-22T00:45:22.265152,interface,0.0,0.2204724409448819,0.7480314960629921,0.6614173228346457,0.7651766704536893,0.9916666065391868,0.7329078169949821,0.2125984251968504
2025-11-22T00:45:22.281074,interface,0.0,0.2204724409448819,0.7480314960629921,0.6692913385826772,0.7651766704536893,0.9916666065391868,0.7329078169949821,0.2125984251968504
2025-11-22T00:45:22.296998,interface,0.0,0.2204724409448819,0.7480314960629921,0.6771653543307087,0.7651766704536893,0.9916666065391868,0.7329078169949821,0.2125984251968504
2025-11-22T00:45:22.301000,interface,0.0,0.2204724409448819,0.7480314960629921,0.6771653543307087,0.7651766704536893,0.9916666065391868,0.7329078169949821,0.2125984251968504
2025-11-22T00:45:22.313628,interface,0.0,0.2204724409448819,0.7480314960629921,0.6850393700787402,0.7651766704536893,0.9916666065391868,0.7329078169949821,0.2125984251968504
2025-11-22T00:45:22.323142,interface,0.0,0.2204724409448819,0.7480314960629921,0.6929133858267716,0.7651766704536893,0.9916666065391868,0.7329078169949821,0.2125984251968504
2025-11-22T00:45:22.338630,interface,0.0,0.2204724409448819,0.7480314960629921,0.7007874015748031,0.7651766704536893,0.9916666065391868,0.7329078169949821,0.2125984251968504
2025-11-22T00:45:22.340654,interface,0.0,0.2204724409448819,0.7480314960629921,0.7165354330708661,0.7651766704536893,0.9916666065391868,0.7329078169949821,0.2125984251968504
2025-11-22T00:45:22.342505,interface,0.0,0.2204724409448819,0.7480314960629921,0.7244094488188977,0.7651766704536893,0.9916666065391868,0.7329078169949821,0.2125984251968504
2025-11-22T00:45:22.349863,interface,0.0,0.2204724409448819,0.7480314960629921,0.7401574803149606,0.7651766704536893,0.9916666065391868,0.7329078169949821,0.2125984251968504
2025-11-22T00:45:22.363141,interface,0.0,0.2204724409448819,0.7480314960629921,0.7480314960629921,0.7651766704536893,0.9916666065391868,0.7329078169949821,0.2125984251968504
2025-11-22T00:45:22.374456,interface,0.0,0.2204724409448819,0.7480314960629921,0.7637795275590551,0.7651766704536893,0.9916666065391868,0.7329078169949821,0.2125984251968504
2025-11-22T00:45:22.376330,interface,0.0,0.2204724409448819,0.7480314960629921,0.7716535433070866,0.7651766704536893,0.9916666065391868,0.7329078169949821,0.2125984251968504
2025-11-22T00:45:22.380286,interface,0.0,0.2204724409448819,0.7480314960629921,0.7874015748031497,0.7651766704536893,0.9916666065391868,0.7329078169949821,0.2125984251968504
2025-11-22T00:45:22.394888,interface,0.0,0.2204724409448819,0.7480314960629921,0.8031496062992126,0.7651766704536893,0.9916666065391868,0.7329078169949821,0.2125984251968504
2025-11-22T00:45:22.398894,interface,0.0,0.2204724409448819,0.7480314960629921,0.8110236220472441,0.7651766704536893,0.9916666065391868,0.7329078169949821,0.2125984251968504
2025-11-22T00:45:22.413452,interface,0.0,0.2204724409448819,0.7480314960629921,0.8267716535433071,0.7651766704536893,0.9916666065391868,0.7329078169949821,0.2125984251968504
2025-11-22T00:45:22.415354,interface,0.0,0.2204724409448819,0.7480314960629921,0.8346456692913385,0.7651766704536893,0.9916666065391868,0.7329078169949821,0.2125984251968504
2025-11-22T00:45:22.420988,interface,0.0,0.2204724409448819,0.7480314960629921,0.8503937007874016,0.7651766704536893,0.9916666065391868,0.7329078169949821,0.2125984251968504
2025-11-22T00:45:22.433668,interface,0.0,0.2204724409448819,0.7480314960629921,0.8661417322834646,0.7651766704536893,0.9916666065391868,0.7329078169949821,0.2125984251968504
2025-11-22T00:45:22.444705,interface,0.0,0.2204724409448819,0.7480314960629921,0.8818897637795275,0.7651766704536893,0.9916666065391868,0.7329078169949821,0.2125984251968504
2025-11-22T00:45:22.456139,interface,0.0,0.2204724409448819,0.7480314960629921,0.889763779527559,0.7651766704536893,0.9916666065391868,0.7329078169949821,0.2125984251968504
2025-11-22T00:45:22.458435,interface,0.0,0.2204724409448819,0.7480314960629921,0.905511811023622,0.7651766704536893,0.9916666065391868,0.7329078169949821,0.2125984251968504
2025-11-22T00:45:22.462653,interface,0.0,0.2204724409448819,0.7480314960629921,0.9212598425196851,0.7651766704536893,0.9916666065391868,0.7329078169949821,0.2125984251968504
2025-11-22T00:45:22.473772,interface,0.0,0.2204724409448819,0.7480314960629921,0.9291338582677166,0.7651766704536893,0.9916666065391868,0.7329078169949821,0.2125984251968504
2025-11-22T00:45:22.483351,interface,0.0,0.2204724409448819,0.7480314960629921,0.9448818897637795,0.7651766704536893,0.9916666065391868,0.7329078169949821,0.2125984251968504
2025-11-22T00:45:22.494176,interface,0.0,0.2204724409448819,0.7480314960629921,0.952755905511811,0.7651766704536893,0.9916666065391868,0.7329078169949821,0.2125984251968504
2025-11-22T00:45:22.496042,interface,0.0,0.2204724409448819,0.7480314960629921,0.968503937007874,0.7651766704536893,0.9916666065391868,0.7329078169949821,0.2125984251968504
2025-11-22T00:45:22.501736,interface,0.0,0.2204724409448819,0.7480314960629921,0.9763779527559056,0.7651766704536893,0.9916666065391868,0.7329078169949821,0.2125984251968504
2025-11-22T00:45:22.513823,interface,0.0,0.2204724409448819,0.7480314960629921,0.984251968503937,0.7651766704536893,0.9916666065391868,0.7329078169949821,0.2125984251968504
2025-11-22T00:45:22.524371,interface,0.0,0.2204724409448819,0.7480314960629921,0.9921259842519685,0.7651766704536893,0.9916666065391868,0.7329078169949821,0.2125984251968504
2025-11-22T00:45:22.533842,interface,0.0,0.2204724409448819,0.7480314960629921,1.0,0.7651766704536893,0.9916666065391868,0.7329078169949821,0.2125984251968504
2025-11-22T00:45:22.545045,interface,0.0,0.2204724409448819,0.7480314960629921,1.0,0.7651766704536893,0.9916666065391868,0.7329078169949821,0.2125984251968504
2025-11-22T00:45:24.006754,interface,0.0,0.2204724409448819,0.7480314960629921,1.0,0.7651766704536893,0.9916666065391868,0.7329078169949821,0.2125984251968504
2025-11-22T00:45:26.892335,interface,0.7559055118110236,0.2204724409448819,0.7480314960629921,1.0,0.7651766704536893,0.9916666065391868,0.7329078169949821,0.2125984251968504
2025-11-22T00:45:30.326678,interface,0.905511811023622,0.2204724409448819,0.7480314960629921,1.0,0.7651766704536893,0.9916666065391868,0.7329078169949821,0.2125984251968504
2025-11-22T00:45:30.373252,interface,0.8503937007874016,0.2204724409448819,0.7480314960629921,1.0,0.7651766704536893,0.9916666065391868,0.7329078169949821,0.2125984251968504
2025-11-22T00:45:33.161774,interface,0.5669291338582677,0.2204724409448819,0.7480314960629921,1.0,0.7651766704536893,0.9916666065391868,0.7329078169949821,0.2125984251968504
2025-11-22T00:46:26.316282,interface,0.007874015748031496,0.2204724409448819,0.7480314960629921,1.0,0.7651766704536893,0.9916666065391868,0.7329078169949821,0.2125984251968504
2025-11-22T00:46:26.449328,interface,0.25984251968503935,0.2204724409448819,0.7480314960629921,1.0,0.7651766704536893,0.9916666065391868,0.7329078169949821,0.2125984251968504
2025-11-22T00:46:31.911547,interface,0.0,0.2204724409448819,0.7480314960629921,1.0,0.7651766704536893,0.9916666065391868,0.7329078169949821,0.2125984251968504
2025-11-22T00:46:53.976115,interface,0.015748031496062992,0.2204724409448819,0.7480314960629921,1.0,0.7651766704536893,0.9916666065391868,0.7329078169949821,0.2125984251968504
2025-11-22T00:47:11.162481,interface,0.0,0.2204724409448819,0.7480314960629921,1.0,0.7651766704536893,0.9916666065391868,0.7329078169949821,0.2125984251968504
2025-11-22T00:47:16.305284,interface,0.4330708661417323,0.2204724409448819,0.7480314960629921,1.0,0.7651766704536893,0.9916666065391868,0.7329078169949821,0.2125984251968504
2025-11-22T00:47:19.404242,interface,0.31496062992125984,0.2204724409448819,0.7480314960629921,1.0,0.7651766704536893,0.9916666065391868,0.7329078169949821,0.2125984251968504
2025-11-22T00:47:28.052223,interface,0.3779527559055118,0.2204724409448819,0.7480314960629921,1.0,0.7651766704536893,0.9916666065391868,0.7329078169949821,0.2125984251968504
2025-11-22T00:47:31.626146,interface,0.47244094488188976,0.2204724409448819,0.7480314960629921,1.0,0.7651766704536893,0.9916666065391868,0.7329078169949821,0.2125984251968504
2025-11-22T00:47:36.901312,interface,0.0,0.2204724409448819,0.7480314960629921,1.0,0.7651766704536893,0.9916666065391868,0.7329078169949821,0.2125984251968504
2025-11-22T00:47:38.810832,interface,0.3779527559055118,0.2204724409448819,0.7480314960629921,1.0,0.7651766704536893,0.9916666065391868,0.7329078169949821,0.2125984251968504
2025-11-22T00:47:40.631340,interface,0.05511811023622047,0.2204724409448819,0.7480314960629921,1.0,0.7651766704536893,0.9916666065391868,0.7329078169949821,0.2125984251968504
2025-11-22T00:47:47.100116,interface,0.0,0.2204724409448819,0.7480314960629921,1.0,0.7651766704536893,0.9916666065391868,0.7329078169949821,0.2125984251968504
2025-11-22T00:47:47.350741,interface,0.0,0.2204724409448819,0.7480314960629921,1.0,0.7651766704536893,0.9916666065391868,0.7329078169949821,0.2125984251968504
2025-11-22T00:47:50.154927,interface,0.0,0.2204724409448819,0.7480314960629921,1.0,0.7651766704536893,0.9916666065391868,0.7329078169949821,0.2125984251968504
2025-11-22T00:47:51.567957,interface,0.28346456692913385,0.2204724409448819,0.7480314960629921,1.0,0.7651766704536893,0.9916666065391868,0.7329078169949821,0.2125984251968504
2025-11-22T00:47:55.252443,interface,0.6771653543307087,0.2204724409448819,0.7480314960629921,1.0,0.7651766704536893,0.9916666065391868,0.7329078169949821,0.2125984251968504
2025-11-22T00:47:59.727192,interface,0.6141732283464567,0.2204724409448819,0.7480314960629921,1.0,0.7651766704536893,0.9916666065391868,0.7329078169949821,0.2125984251968504
2025-11-22T00:48:00.126508,interface,0.8110236220472441,0.2204724409448819,0.7480314960629921,1.0,0.7651766704536893,0.9916666065391868,0.7329078169949821,0.2125984251968504
2025-11-22T00:48:01.412850,interface,0.031496062992125984,0.2204724409448819,0.7480314960629921,1.0,0.7651766704536893,0.9916666065391868,0.7329078169949821,0.2125984251968504
2025-11-22T00:48:02.809391,interface,0.023622047244094488,0.2204724409448819,0.7480314960629921,1.0,0.7651766704536893,0.9916666065391868,0.7329078169949821,0.2125984251968504
2025-11-22T00:48:02.815961,interface,0.11023622047244094,0.2204724409448819,0.7480314960629921,1.0,0.7651766704536893,0.9916666065391868,0.7329078169949821,0.2125984251968504
2025-11-22T00:48:24.282882,interface,0.0,0.2204724409448819,0.7480314960629921,1.0,0.7651766704536893,0.9916666065391868,0.7329078169949821,0.2125984251968504
2025-11-22T00:48:24.568817,interface,0.33858267716535434,0.2204724409448819,0.7480314960629921,1.0,0.7651766704536893,0.9916666065391868,0.7329078169949821,0.2125984251968504
2025-11-22T00:48:26.156423,interface,0.7165354330708661,0.2204724409448819,0.7480314960629921,1.0,0.7651766704536893,0.9916666065391868,0.7329078169949821,0.2125984251968504
2025-11-22T00:48:28.306140,interface,0.0,0.2204724409448819,0.7480314960629921,1.0,0.7651766704536893,0.9916666065391868,0.7329078169949821,0.2125984251968504
2025-11-22T00:48:32.188160,interface,0.0,0.2204724409448819,0.7480314960629921,1.0,0.7651766704536893,0.9916666065391868,0.7329078169949821,0.2125984251968504
2025-11-22T00:48:36.418132,interface,0.07874015748031496,0.2204724409448819,0.7480314960629921,1.0,0.7651766704536893,0.9916666065391868,0.7329078169949821,0.2125984251968504
2025-11-22T00:48:39.075806,interface,0.6220472440944882,0.2204724409448819,0.7480314960629921,1.0,0.7651766704536893,0.9916666065391868,0.7329078169949821,0.2125984251968504
2025-11-22T00:48:45.084661,interface,0.905511811023622,0.2204724409448819,0.7480314960629921,1.0,0.7651766704536893,0.9916666065391868,0.7329078169949821,0.2125984251968504
2025-11-22T00:48:46.596971,interface,0.8740157480314961,0.2204724409448819,0.7480314960629921,1.0,0.7651766704536893,0.9916666065391868,0.7329078169949821,0.2125984251968504
2025-11-22T00:48:46.599239,interface,0.33070866141732286,0.2204724409448819,0.7480314960629921,1.0,0.7651766704536893,0.9916666065391868,0.7329078169949821,0.2125984251968504
2025-11-22T00:49:07.101310,interface,0.0,0.2204724409448819,0.7480314960629921,1.0,0.7651766704536893,0.9916666065391868,0.7329078169949821,0.2125984251968504
2025-11-22T00:49:07.233199,interface,0.10236220472440945,0.2204724409448819,0.7480314960629921,1.0,0.7651766704536893,0.9916666065391868,0.7329078169949821,0.2125984251968504
2025-11-22T00:49:10.205422,interface,0.2440944881889764,0.2204724409448819,0.7480314960629921,1.0,0.7651766704536893,0.9916666065391868,0.7329078169949821,0.2125984251968504
2025-11-22T00:49:12.308598,interface,0.5039370078740157,0.2204724409448819,0.7480314960629921,1.0,0.7651766704536893,0.9916666065391868,0.7329078169949821,0.2125984251968504
2025-11-22T00:49:16.410008,interface,0.7401574803149606,0.2204724409448819,0.7480314960629921,1.0,0.7651766704536893,0.9916666065391868,0.7329078169949821,0.2125984251968504
2025-11-22T00:49:36.406894,interface,0.7480314960629921,0.2204724409448819,0.7480314960629921,1.0,0.7651766704536893,0.9916666065391868,0.7329078169949821,0.2125984251968504
2025-11-22T00:49:36.752141,interface,0.9921259842519685,0.2204724409448819,0.7480314960629921,1.0,0.7651766704536893,0.9916666065391868,0.7329078169949821,0.2125984251968504
2025-11-22T00:49:45.163383,interface,0.8503937007874016,0.2204724409448819,0.7480314960629921,1.0,0.7651766704536893,0.9916666065391868,0.7329078169949821,0.2125984251968504
2025-11-22T00:49:46.033212,interface,1.0,0.2204724409448819,0.7480314960629921,1.0,0.7651766704536893,0.9916666065391868,0.7329078169949821,0.2125984251968504
2025-11-22T00:49:47.413687,interface,0.9606299212598425,0.2204724409448819,0.7480314960629921,1.0,0.7651766704536893,0.9916666065391868,0.7329078169949821,0.2125984251968504
2025-11-22T00:50:22.692016,interface,0.968503937007874,0.2204724409448819,0.7480314960629921,1.0,0.7651766704536893,0.9916666065391868,0.7329078169949821,0.2125984251968504
2025-11-22T00:50:22.822825,interface,0.9606299212598425,0.2204724409448819,0.7480314960629921,1.0,0.7651766704536893,0.9916666065391868,0.7329078169949821,0.2125984251968504
2025-11-22T00:50:25.812990,interface,0.7559055118110236,0.2204724409448819,0.7480314960629921,1.0,0.7651766704536893,0.9916666065391868,0.7329078169949821,0.2125984251968504
2025-11-22T00:50:28.556410,interface,0.0,0.2204724409448819,0.7480314960629921,1.0,0.7651766704536893,0.9916666065391868,0.7329078169949821,0.2125984251968504
2025-11-22T00:50:28.966423,interface,0.8503937007874016,0.2204724409448819,0.7480314960629921,1.0,0.7651766704536893,0.9916666065391868,0.7329078169949821,0.2125984251968504
2025-11-22T00:50:34.412856,interface,0.0,0.2204724409448819,0.7480314960629921,1.0,0.7651766704536893,0.9916666065391868,0.7329078169949821,0.2125984251968504
2025-11-22T00:50:34.890001,interface,0.47244094488188976,0.2204724409448819,0.7480314960629921,1.0,0.7651766704536893,0.9916666065391868,0.7329078169949821,0.2125984251968504
2025-11-22T00:50:36.499780,interface,0.905511811023622,0.2204724409448819,0.7480314960629921,1.0,0.7651766704536893,0.9916666065391868,0.7329078169949821,0.2125984251968504
2025-11-22T00:50:41.323801,interface,0.16535433070866143,0.2204724409448819,0.7480314960629921,1.0,0.7651766704536893,0.9916666065391868,0.7329078169949821,0.2125984251968504
2025-11-22T00:50:44.481808,interface,0.25196850393700787,0.2204724409448819,0.7480314960629921,1.0,0.7651766704536893,0.9916666065391868,0.7329078169949821,0.2125984251968504
2025-11-22T00:51:32.662498,interface,0.0,0.2204724409448819,0.7480314960629921,1.0,0.7651766704536893,0.9916666065391868,0.7329078169949821,0.2125984251968504
2025-11-22T00:51:40.396756,interface,0.0,0.2204724409448819,0.7480314960629921,1.0,0.7651766704536893,0.9916666065391868,0.7329078169949821,0.2125984251968504
2025-11-22T00:51:41.479938,interface,0.3779527559055118,0.2204724409448819,0.7480314960629921,1.0,0.7651766704536893,0.9916666065391868,0.7329078169949821,0.2125984251968504
2025-11-22T00:51:46.636729,interface,0.7165354330708661,0.2204724409448819,0.7480314960629921,1.0,0.7651766704536893,0.9916666065391868,0.7329078169949821,0.2125984251968504
2025-11-22T00:51:47.088315,interface,0.937007874015748,0.2204724409448819,0.7480314960629921,1.0,0.7651766704536893,0.9916666065391868,0.7329078169949821,0.2125984251968504
2025-11-22T00:51:47.601811,interface,0.8188976377952756,0.2204724409448819,0.7480314960629921,1.0,0.7651766704536893,0.9916666065391868,0.7329078169949821,0.2125984251968504
2025-11-22T00:51:49.997004,interface,0.8740157480314961,0.2204724409448819,0.7480314960629921,1.0,0.7651766704536893,0.9916666065391868,0.7329078169949821,0.2125984251968504
2025-11-22T00:51:58.664824,interface,0.8503937007874016,0.2204724409448819,0.7480314960629921,1.0,0.7651766704536893,0.9916666065391868,0.7329078169949821,0.2125984251968504
2025-11-22T00:51:59.008971,interface,0.33858267716535434,0.2204724409448819,0.7480314960629921,1.0,0.7651766704536893,0.9916666065391868,0.7329078169949821,0.2125984251968504
2025-11-22T00:52:06.638131,interface,0.28346456692913385,0.2204724409448819,0.7480314960629921,1.0,0.7651766704536893,0.9916666065391868,0.7329078169949821,0.2125984251968504
2025-11-22T00:52:06.643240,interface,0.10236220472440945,0.2204724409448819,0.7480314960629921,1.0,0.7651766704536893,0.9916666065391868,0.7329078169949821,0.2125984251968504
2025-11-22T00:52:06.647190,interface,0.6299212598425197,0.2204724409448819,0.7480314960629921,1.0,0.7651766704536893,0.9916666065391868,0.7329078169949821,0.2125984251968504
2025-11-22T00:52:20.352831,interface,0.023622047244094488,0.2204724409448819,0.7480314960629921,1.0,0.7651766704536893,0.9916666065391868,0.7329078169949821,0.2125984251968504
2025-11-22T00:52:38.977710,interface,0.07874015748031496,0.2204724409448819,0.7480314960629921,1.0,0.7651766704536893,0.9916666065391868,0.7329078169949821,0.2125984251968504
2025-11-22T00:52:40.571656,interface,0.03937007874015748,0.2204724409448819,0.7480314960629921,1.0,0.7651766704536893,0.9916666065391868,0.7329078169949821,0.2125984251968504
2025-11-22T00:53:00.539488,interface,0.0,0.2204724409448819,0.7480314960629921,1.0,0.7651766704536893,0.9916666065391868,0.7329078169949821,0.2125984251968504
2025-11-22T00:53:10.665333,interface,0.0,0.2204724409448819,0.7480314960629921,1.0,0.7651766704536893,0.9916666065391868,0.7329078169949821,0.2125984251968504
2025-11-22T00:53:29.392883,interface,0.5669291338582677,0.2204724409448819,0.7480314960629921,1.0,0.7651766704536893,0.9916666065391868,0.7329078169949821,0.2125984251968504
2025-11-22T00:53:36.545589,interface,0.5826771653543307,0.2204724409448819,0.7480314960629921,1.0,0.7651766704536893,0.9916666065391868,0.7329078169949821,0.2125984251968504
2025-11-22T00:53:52.603681,interface,0.023622047244094488,0.2204724409448819,0.7480314960629921,1.0,0.7651766704536893,0.9916666065391868,0.7329078169949821,0.2125984251968504
2025-11-22T00:54:05.477241,interface,0.0,0.2204724409448819,0.7480314960629921,1.0,0.7651766704536893,0.9916666065391868,0.7329078169949821,0.2125984251968504
2025-11-22T00:54:08.789779,interface,0.0,0.2204724409448819,0.7480314960629921,1.0,0.7651766704536893,0.9916666065391868,0.7329078169949821,0.2125984251968504
2025-11-22T00:54:11.164331,interface,0.0,0.2204724409448819,0.7480314960629921,1.0,0.7651766704536893,0.9916666065391868,0.7329078169949821,0.2125984251968504
2025-11-22T00:54:14.761171,interface,0.4330708661417323,0.2204724409448819,0.7480314960629921,1.0,0.7651766704536893,0.9916666065391868,0.7329078169949821,0.2125984251968504
2025-11-22T00:54:17.593625,interface,0.31496062992125984,0.2204724409448819,0.7480314960629921,1.0,0.7651766704536893,0.9916666065391868,0.7329078169949821,0.2125984251968504
2025-11-22T00:54:24.914811,interface,0.03937007874015748,0.2204724409448819,0.7480314960629921,1.0,0.7651766704536893,0.9916666065391868,0.7329078169949821,0.2125984251968504
2025-11-22T00:54:31.826240,interface,0.6614173228346457,0.2204724409448819,0.7480314960629921,1.0,0.7651766704536893,0.9916666065391868,0.7329078169949821,0.2125984251968504
2025-11-22T00:54:32.405664,interface,0.6614173228346457,0.2204724409448819,0.7480314960629921,1.0,0.7651766704536893,0.9916666065391868,0.7329078169949821,0.2125984251968504
2025-11-22T00:54:34.883406,interface,0.23622047244094488,0.2204724409448819,0.7480314960629921,1.0,0.7651766704536893,0.9916666065391868,0.7329078169949821,0.2125984251968504
2025-11-22T00:54:35.103956,interface,0.1889763779527559,0.2204724409448819,0.7480314960629921,1.0,0.7651766704536893,0.9916666065391868,0.7329078169949821,0.2125984251968504
2025-11-22T00:54:35.999784,interface,0.5275590551181102,0.2204724409448819,0.7480314960629921,1.0,0.7651766704536893,0.9916666065391868,0.7329078169949821,0.2125984251968504
2025-11-22T00:54:44.214900,interface,0.2125984251968504,0.2204724409448819,0.7480314960629921,1.0,0.7651766704536893,0.9916666065391868,0.7329078169949821,0.2125984251968504
2025-11-22T00:54:49.748623,interface,0.4015748031496063,0.2204724409448819,0.7480314960629921,1.0,0.7651766704536893,0.9916666065391868,0.7329078169949821,0.2125984251968504
2025-11-22T00:54:52.418315,interface,0.8110236220472441,0.2204724409448819,0.7480314960629921,1.0,0.7651766704536893,0.9916666065391868,0.7329078169949821,0.2125984251968504
2025-11-22T00:54:58.699274,interface,0.36220472440944884,0.2204724409448819,0.7480314960629921,1.0,0.7651766704536893,0.9916666065391868,0.7329078169949821,0.2125984251968504
2025-11-22T00:55:02.625494,interface,0.0,0.2204724409448819,0.7480314960629921,1.0,0.7651766704536893,0.9916666065391868,0.7329078169949821,0.2125984251968504
2025-11-22T00:55:06.356606,interface,0.905511811023622,0.2204724409448819,0.7480314960629921,1.0,0.7651766704536893,0.9916666065391868,0.7329078169949821,0.2125984251968504
2025-11-22T00:55:07.400992,interface,0.0,0.2204724409448819,0.7480314960629921,1.0,0.7651766704536893,0.9916666065391868,0.7329078169949821,0.2125984251968504
2025-11-22T00:55:56.041437,interface,0.0,0.2204724409448819,0.7480314960629921,1.0,0.7651766704536893,0.9916666065391868,0.7329078169949821,0.2125984251968504
2025-11-22T00:55:56.172977,interface,0.25196850393700787,0.2204724409448819,0.7480314960629921,1.0,0.7651766704536893,0.9916666065391868,0.7329078169949821,0.2125984251968504
2025-11-22T00:55:56.644150,interface,0.8110236220472441,0.2204724409448819,0.7480314960629921,1.0,0.7651766704536893,0.9916666065391868,0.7329078169949821,0.2125984251968504
2025-11-22T00:55:58.941648,interface,0.1889763779527559,0.2204724409448819,0.7480314960629921,1.0,0.7651766704536893,0.9916666065391868,0.7329078169949821,0.2125984251968504
2025-11-22T00:56:03.265654,interface,0.8503937007874016,0.2204724409448819,0.7480314960629921,1.0,0.7651766704536893,0.9916666065391868,0.7329078169949821,0.2125984251968504
2025-11-22T00:56:09.500341,interface,0.2677165354330709,0.2204724409448819,0.7480314960629921,1.0,0.7651766704536893,0.9916666065391868,0.7329078169949821,0.2125984251968504
2025-11-22T00:56:09.979661,interface,0.0,0.2204724409448819,0.7480314960629921,1.0,0.7651766704536893,0.9916666065391868,0.7329078169949821,0.2125984251968504
2025-11-22T00:56:11.875958,interface,0.6614173228346457,0.2204724409448819,0.7480314960629921,1.0,0.7651766704536893,0.9916666065391868,0.7329078169949821,0.2125984251968504
2025-11-22T00:56:12.277908,interface,0.1889763779527559,0.2204724409448819,0.7480314960629921,1.0,0.7651766704536893,0.9916666065391868,0.7329078169949821,0.2125984251968504
2025-11-22T00:56:15.678049,interface,0.0,0.2204724409448819,0.7480314960629921,1.0,0.7651766704536893,0.9916666065391868,0.7329078169949821,0.2125984251968504
2025-11-22T00:56:24.981391,interface,0.33858267716535434,0.2204724409448819,0.7480314960629921,1.0,0.7651766704536893,0.9916666065391868,0.7329078169949821,0.2125984251968504
2025-11-22T00:56:27.307752,interface,0.4251968503937008,0.2204724409448819,0.7480314960629921,1.0,0.7651766704536893,0.9916666065391868,0.7329078169949821,0.2125984251968504
2025-11-22T00:56:27.916146,interface,0.5984251968503937,0.2204724409448819,0.7480314960629921,1.0,0.7651766704536893,0.9916666065391868,0.7329078169949821,0.2125984251968504
2025-11-22T00:56:28.872762,interface,0.5433070866141733,0.2204724409448819,0.7480314960629921,1.0,0.7651766704536893,0.9916666065391868,0.7329078169949821,0.2125984251968504
2025-11-22T00:56:29.846916,interface,0.6377952755905512,0.2204724409448819,0.7480314960629921,1.0,0.7651766704536893,0.9916666065391868,0.7329078169949821,0.2125984251968504
2025-11-22T00:56:34.514009,interface,0.28346456692913385,0.2204724409448819,0.7480314960629921,1.0,0.7651766704536893,0.9916666065391868,0.7329078169949821,0.2125984251968504
2025-11-22T00:56:36.167541,interface,0.14960629921259844,0.2204724409448819,0.7480314960629921,1.0,0.7651766704536893,0.9916666065391868,0.7329078169949821,0.2125984251968504
2025-11-22T00:56:50.917664,interface,0.0,0.2204724409448819,0.7480314960629921,1.0,0.7651766704536893,0.9916666065391868,0.7329078169949821,0.2125984251968504
2025-11-22T00:57:05.105450,interface,0.0,0.2204724409448819,0.7480314960629921,1.0,0.7651766704536893,0.9916666065391868,0.7329078169949821,0.2125984251968504
2025-11-22T00:57:17.907179,interface,0.03937007874015748,0.2204724409448819,0.7480314960629921,1.0,0.7651766704536893,0.9916666065391868,0.7329078169949821,0.2125984251968504
2025-11-22T00:57:36.914099,interface,0.0,0.2204724409448819,0.7480314960629921,1.0,0.7651766704536893,0.9916666065391868,0.7329078169949821,0.2125984251968504
2025-11-22T00:59:01.404983,interface,0.905511811023622,0.2204724409448819,0.7480314960629921,1.0,0.7651766704536893,0.9916666065391868,0.7329078169949821,0.2125984251968504
2025-11-22T00:59:01.538670,interface,0.0,0.2204724409448819,0.7480314960629921,1.0,0.7651766704536893,0.9916666065391868,0.7329078169949821,0.2125984251968504
2025-11-22T00:59:27.994608,interface,0.0,0.2204724409448819,0.7480314960629921,1.0,0.7651766704536893,0.9916666065391868,0.7329078169949821,0.2125984251968504
2025-11-22T00:59:46.920061,interface,0.06299212598425197,0.2204724409448819,0.7480314960629921,1.0,0.7651766704536893,0.9916666065391868,0.7329078169949821,0.2125984251968504
2025-11-22T00:59:51.137085,interface,0.905511811023622,0.2204724409448819,0.7480314960629921,1.0,0.7651766704536893,0.9916666065391868,0.7329078169949821,0.2125984251968504
2025-11-22T00:59:52.006671,interface,0.905511811023622,0.2204724409448819,0.7480314960629921,1.0,0.7651766704536893,0.9916666065391868,0.7329078169949821,0.2125984251968504
2025-11-22T00:59:53.960272,interface,1.0,0.2204724409448819,0.7480314960629921,1.0,0.7651766704536893,0.9916666065391868,0.7329078169949821,0.2125984251968504
2025-11-22T00:59:55.481567,interface,1.0,0.2204724409448819,0.7480314960629921,1.0,0.7651766704536893,0.9916666065391868,0.7329078169949821,0.2125984251968504
2025-11-22T00:59:56.818940,interface,0.28346456692913385,0.2204724409448819,0.7480314960629921,1.0,0.7651766704536893,0.9916666065391868,0.7329078169949821,0.2125984251968504
2025-11-22T01:00:00.976152,interface,0.0,0.2204724409448819,0.7480314960629921,1.0,0.7651766704536893,0.9916666065391868,0.7329078169949821,0.2125984251968504
2025-11-22T01:00:03.981192,interface,0.0,0.2204724409448819,0.7480314960629921,1.0,0.7651766704536893,0.9916666065391868,0.7329078169949821,0.2125984251968504
2025-11-22T01:00:22.917827,interface,0.0,0.2204724409448819,0.7480314960629921,1.0,0.7651766704536893,0.9916666065391868,0.7329078169949821,0.2125984251968504
2025-11-22T01:00:23.055228,interface,0.06299212598425197,0.2204724409448819,0.7480314960629921,1.0,0.7651766704536893,0.9916666065391868,0.7329078169949821,0.2125984251968504
2025-11-22T01:00:29.032846,interface,0.5669291338582677,0.2204724409448819,0.7480314960629921,1.0,0.7651766704536893,0.9916666065391868,0.7329078169949821,0.2125984251968504
2025-11-22T01:00:31.939890,interface,0.1968503937007874,0.2204724409448819,0.7480314960629921,1.0,0.7651766704536893,0.9916666065391868,0.7329078169949821,0.2125984251968504
2025-11-22T01:00:37.320410,interface,0.33858267716535434,0.2204724409448819,0.7480314960629921,1.0,0.7651766704536893,0.9916666065391868,0.7329078169949821,0.2125984251968504
2025-11-22T01:00:43.730848,interface,0.3543307086614173,0.2204724409448819,0.7480314960629921,1.0,0.7651766704536893,0.9916666065391868,0.7329078169949821,0.2125984251968504
2025-11-22T01:01:22.631289,interface,0.47244094488188976,0.2204724409448819,0.7480314960629921,1.0,0.7651766704536893,0.9916666065391868,0.7329078169949821,0.2125984251968504
2025-11-22T01:02:07.357063,interface,0.0,0.2204724409448819,0.7480314960629921,1.0,0.7651766704536893,0.9916666065391868,0.7329078169949821,0.2125984251968504
2025-11-22T01:02:07.489261,interface,0.2125984251968504,0.2204724409448819,0.7480314960629921,1.0,0.7651766704536893,0.9916666065391868,0.7329078169949821,0.2125984251968504
2025-11-22T01:02:07.857851,interface,0.03937007874015748,0.2204724409448819,0.7480314960629921,1.0,0.7651766704536893,0.9916666065391868,0.7329078169949821,0.2125984251968504
2025-11-22T01:02:11.548213,interface,0.0,0.2204724409448819,0.7480314960629921,1.0,0.7651766704536893,0.9916666065391868,0.7329078169949821,0.2125984251968504
2025-11-22T01:02:12.381569,interface,0.03937007874015748,0.2204724409448819,0.7480314960629921,1.0,0.7651766704536893,0.9916666065391868,0.7329078169949821,0.2125984251968504
2025-11-22T01:02:24.293785,interface,0.0,0.2204724409448819,0.7480314960629921,1.0,0.7651766704536893,0.9916666065391868,0.7329078169949821,0.2125984251968504
2025-11-22T01:02:24.774184,interface,0.3779527559055118,0.2204724409448819,0.7480314960629921,1.0,0.7651766704536893,0.9916666065391868,0.7329078169949821,0.2125984251968504
2025-11-22T01:02:29.279122,interface,0.6771653543307087,0.2204724409448819,0.7480314960629921,1.0,0.7651766704536893,0.9916666065391868,0.7329078169949821,0.2125984251968504
2025-11-22T01:02:29.468766,interface,0.6456692913385826,0.2204724409448819,0.7480314960629921,1.0,0.7651766704536893,0.9916666065391868,0.7329078169949821,0.2125984251968504
2025-11-22T01:02:30.389389,interface,0.7007874015748031,0.2204724409448819,0.7480314960629921,1.0,0.7651766704536893,0.9916666065391868,0.7329078169949821,0.2125984251968504
2025-11-22T01:02:31.044905,interface,0.968503937007874,0.2204724409448819,0.7480314960629921,1.0,0.7651766704536893,0.9916666065391868,0.7329078169949821,0.2125984251968504
2025-11-22T01:02:31.733104,interface,0.8188976377952756,0.2204724409448819,0.7480314960629921,1.0,0.7651766704536893,0.9916666065391868,0.7329078169949821,0.2125984251968504
2025-11-22T01:02:33.232545,interface,1.0,0.2204724409448819,0.7480314960629921,1.0,0.7651766704536893,0.9916666065391868,0.7329078169949821,0.2125984251968504
2025-11-22T01:02:41.686679,interface,0.7716535433070866,0.2204724409448819,0.7480314960629921,1.0,0.7651766704536893,0.9916666065391868,0.7329078169949821,0.2125984251968504
2025-11-22T01:02:43.467812,interface,0.9921259842519685,0.2204724409448819,0.7480314960629921,1.0,0.7651766704536893,0.9916666065391868,0.7329078169949821,0.2125984251968504
2025-11-22T01:02:47.858103,interface,0.7952755905511811,0.2204724409448819,0.7480314960629921,1.0,0.7651766704536893,0.9916666065391868,0.7329078169949821,0.2125984251968504
2025-11-22T01:03:01.226440,interface,0.6141732283464567,0.2204724409448819,0.7480314960629921,1.0,0.7651766704536893,0.9916666065391868,0.7329078169949821,0.2125984251968504
2025-11-22T01:03:28.068610,interface,0.031496062992125984,0.2204724409448819,0.7480314960629921,1.0,0.7651766704536893,0.9916666065391868,0.7329078169949821,0.2125984251968504
2025-11-22T01:03:58.670742,interface,0.03937007874015748,0.2204724409448819,0.7480314960629921,1.0,0.7651766704536893,0.9916666065391868,0.7329078169949821,0.2125984251968504
2025-11-22T01:04:03.420782,interface,0.0,0.2204724409448819,0.7480314960629921,1.0,0.7651766704536893,0.9916666065391868,0.7329078169949821,0.2125984251968504
2025-11-22T01:04:03.796273,interface,0.0,0.2204724409448819,0.7480314960629921,1.0,0.7651766704536893,0.9916666065391868,0.7329078169949821,0.2125984251968504
2025-11-22T01:04:19.250461,interface,0.0,0.2204724409448819,0.7480314960629921,1.0,0.7651766704536893,0.9916666065391868,0.7329078169949821,0.2125984251968504
2025-11-22T01:04:19.590753,interface,0.0,0.2204724409448819,0.7480314960629921,1.0,0.7651766704536893,0.9916666065391868,0.7329078169949821,0.2125984251968504
2025-11-22T01:04:19.592730,interface,0.3228346456692913,0.2204724409448819,0.7480314960629921,1.0,0.7651766704536893,0.9916666065391868,0.7329078169949821,0.2125984251968504
2025-11-22T01:04:31.169955,interface,0.0,0.2204724409448819,0.7480314960629921,1.0,0.7651766704536893,0.9916666065391868,0.7329078169949821,0.2125984251968504
2025-11-22T01:04:34.800427,interface,0.031496062992125984,0.2204724409448819,0.7480314960629921,1.0,0.7651766704536893,0.9916666065391868,0.7329078169949821,0.2125984251968504
2025-11-22T01:04:50.010229,interface,0.5669291338582677,0.2204724409448819,0.7480314960629921,1.0,0.7651766704536893,0.9916666065391868,0.7329078169949821,0.2125984251968504
2025-11-22T01:04:52.399896,interface,0.6062992125984252,0.2204724409448819,0.7480314960629921,1.0,0.7651766704536893,0.9916666065391868,0.7329078169949821,0.2125984251968504
2025-11-22T01:04:52.984822,interface,0.6850393700787402,0.2204724409448819,0.7480314960629921,1.0,0.7651766704536893,0.9916666065391868,0.7329078169949821,0.2125984251968504
2025-11-22T01:04:53.018919,interface,0.28346456692913385,0.2204724409448819,0.7480314960629921,1.0,0.7651766704536893,0.9916666065391868,0.7329078169949821,0.2125984251968504
2025-11-22T01:04:53.912329,interface,0.8503937007874016,0.2204724409448819,0.7480314960629921,1.0,0.7651766704536893,0.9916666065391868,0.7329078169949821,0.2125984251968504
2025-11-22T01:04:59.245587,interface,0.0,0.2204724409448819,0.7480314960629921,1.0,0.7651766704536893,0.9916666065391868,0.7329078169949821,0.2125984251968504
2025-11-22T01:05:01.217462,interface,0.1732283464566929,0.2204724409448819,0.7480314960629921,1.0,0.7651766704536893,0.9916666065391868,0.7329078169949821,0.2125984251968504
2025-11-22T01:05:05.285744,interface,0.5118110236220472,0.2204724409448819,0.7480314960629921,1.0,0.7651766704536893,0.9916666065391868,0.7329078169949821,0.2125984251968504
2025-11-22T01:05:05.768707,interface,0.6535433070866141,0.2204724409448819,0.7480314960629921,1.0,0.7651766704536893,0.9916666065391868,0.7329078169949821,0.2125984251968504
2025-11-22T01:05:10.134976,interface,1.0,0.2204724409448819,0.7480314960629921,1.0,0.7651766704536893,0.9916666065391868,0.7329078169949821,0.2125984251968504
2025-11-22T01:05:14.922103,interface,0.13385826771653545,0.2204724409448819,0.7480314960629921,1.0,0.7651766704536893,0.9916666065391868,0.7329078169949821,0.2125984251968504
2025-11-22T01:05:24.796764,interface,0.6220472440944882,0.2204724409448819,0.7480314960629921,1.0,0.7651766704536893,0.9916666065391868,0.7329078169949821,0.2125984251968504
2025-11-22T01:05:25.451272,interface,0.6850393700787402,0.2204724409448819,0.7480314960629921,1.0,0.7651766704536893,0.9916666065391868,0.7329078169949821,0.2125984251968504
2025-11-22T01:05:31.752747,interface,0.14173228346456693,0.2204724409448819,0.7480314960629921,1.0,0.7651766704536893,0.9916666065391868,0.7329078169949821,0.2125984251968504
2025-11-22T01:05:32.039498,interface,0.09448818897637795,0.2204724409448819,0.7480314960629921,1.0,0.7651766704536893,0.9916666065391868,0.7329078169949821,0.2125984251968504
2025-11-22T01:05:40.858174,interface,0.0,0.2204724409448819,0.7480314960629921,1.0,0.7651766704536893,0.9916666065391868,0.7329078169949821,0.2125984251968504
2025-11-22T01:06:50.247625,interface,0.031496062992125984,0.2204724409448819,0.7480314960629921,1.0,0.7651766704536893,0.9916666065391868,0.7329078169949821,0.2125984251968504
2025-11-22T01:08:22.870589,interface,0.0,0.2204724409448819,0.7480314960629921,1.0,0.7651766704536893,0.9916666065391868,0.7329078169949821,0.2125984251968504
2025-11-22T01:08:23.002424,interface,0.2440944881889764,0.2204724409448819,0.7480314960629921,1.0,0.7651766704536893,0.9916666065391868,0.7329078169949821,0.2125984251968504
2025-11-22T01:09:28.110388,interface,0.0,0.2204724409448819,0.7480314960629921,1.0,0.7651766704536893,0.9916666065391868,0.7329078169949821,0.2125984251968504
2025-11-22T01:09:28.194526,interface,0.1889763779527559,0.2204724409448819,0.7480314960629921,1.0,0.7651766704536893,0.9916666065391868,0.7329078169949821,0.2125984251968504
2025-11-22T01:09:32.955578,interface,0.13385826771653545,0.2204724409448819,0.7480314960629921,1.0,0.7651766704536893,0.9916666065391868,0.7329078169949821,0.2125984251968504
2025-11-22T01:09:34.111632,interface,0.6614173228346457,0.2204724409448819,0.7480314960629921,1.0,0.7651766704536893,0.9916666065391868,0.7329078169949821,0.2125984251968504
2025-11-22T01:09:36.969226,interface,0.1732283464566929,0.2204724409448819,0.7480314960629921,1.0,0.7651766704536893,0.9916666065391868,0.7329078169949821,0.2125984251968504
2025-11-22T01:09:37.486218,interface,0.0,0.2204724409448819,0.7480314960629921,1.0,0.7651766704536893,0.9916666065391868,0.7329078169949821,0.2125984251968504
2025-11-22T01:09:44.345892,interface,0.33070866141732286,0.2204724409448819,0.7480314960629921,1.0,0.7651766704536893,0.9916666065391868,0.7329078169949821,0.2125984251968504
2025-11-22T01:10:13.411377,interface,1.0,0.2204724409448819,0.7480314960629921,1.0,0.7651766704536893,0.9916666065391868,0.7329078169949821,0.2125984251968504
2025-11-22T01:10:13.547459,interface,1.0,0.2204724409448819,0.7480314960629921,1.0,0.7651766704536893,0.9916666065391868,0.7329078169949821,0.2125984251968504
2025-11-22T01:10:27.172917,interface,0.031496062992125984,0.2204724409448819,0.7480314960629921,1.0,0.7651766704536893,0.9916666065391868,0.7329078169949821,0.2125984251968504
2025-11-22T01:10:43.480127,interface,0.4330708661417323,0.2204724409448819,0.7480314960629921,1.0,0.7651766704536893,0.9916666065391868,0.7329078169949821,0.2125984251968504
2025-11-22T01:10:46.550116,interface,0.16535433070866143,0.2204724409448819,0.7480314960629921,1.0,0.7651766704536893,0.9916666065391868,0.7329078169949821,0.2125984251968504
2025-11-22T01:11:14.044336,interface,0.0,0.2204724409448819,0.7480314960629921,1.0,0.7651766704536893,0.9916666065391868,0.7329078169949821,0.2125984251968504
2025-11-22T01:11:14.185582,interface,0.15748031496062992,0.2204724409448819,0.7480314960629921,1.0,0.7651766704536893,0.9916666065391868,0.7329078169949821,0.2125984251968504
2025-11-22T01:11:17.299492,interface,0.14173228346456693,0.2204724409448819,0.7480314960629921,1.0,0.7651766704536893,0.9916666065391868,0.7329078169949821,0.2125984251968504
2025-11-22T01:11:48.048964,interface,0.0,0.2204724409448819,0.7480314960629921,1.0,0.7651766704536893,0.9916666065391868,0.7329078169949821,0.2125984251968504
2025-11-22T01:11:48.180800,interface,0.2047244094488189,0.2204724409448819,0.7480314960629921,1.0,0.7651766704536893,0.9916666065391868,0.7329078169949821,0.2125984251968504
2025-11-22T01:11:52.932355,interface,0.6614173228346457,0.2204724409448819,0.7480314960629921,1.0,0.7651766704536893,0.9916666065391868,0.7329078169949821,0.2125984251968504
2025-11-22T01:11:57.620705,interface,0.7559055118110236,0.2204724409448819,0.7480314960629921,1.0,0.7651766704536893,0.9916666065391868,0.7329078169949821,0.2125984251968504
2025-11-22T01:11:59.772856,interface,0.1889763779527559,0.2204724409448819,0.7480314960629921,1.0,0.7651766704536893,0.9916666065391868,0.7329078169949821,0.2125984251968504
2025-11-22T01:12:01.230007,interface,0.2440944881889764,0.2204724409448819,0.7480314960629921,1.0,0.7651766704536893,0.9916666065391868,0.7329078169949821,0.2125984251968504
2025-11-22T01:12:37.487577,interface,0.0,0.2204724409448819,0.7480314960629921,1.0,0.7651766704536893,0.9916666065391868,0.7329078169949821,0.2125984251968504
2025-11-22T01:12:44.549865,interface,0.047244094488188976,0.2204724409448819,0.7480314960629921,1.0,0.7651766704536893,0.9916666065391868,0.7329078169949821,0.2125984251968504
2025-11-22T01:12:45.395589,interface,0.08661417322834646,0.2204724409448819,0.7480314960629921,1.0,0.7651766704536893,0.9916666065391868,0.7329078169949821,0.2125984251968504
2025-11-22T01:14:07.092462,interface,0.8582677165354331,0.2204724409448819,0.7480314960629921,1.0,0.7651766704536893,0.9916666065391868,0.7329078169949821,0.2125984251968504
2025-11-22T01:14:09.843278,interface,0.5984251968503937,0.2204724409448819,0.7480314960629921,1.0,0.7651766704536893,0.9916666065391868,0.7329078169949821,0.2125984251968504
2025-11-22T01:14:10.426125,interface,0.8346456692913385,0.2204724409448819,0.7480314960629921,1.0,0.7651766704536893,0.9916666065391868,0.7329078169949821,0.2125984251968504
2025-11-22T01:14:23.940791,interface,0.8740157480314961,0.2204724409448819,0.7480314960629921,1.0,0.7651766704536893,0.9916666065391868,0.7329078169949821,0.2125984251968504
2025-11-22T01:14:37.605580,interface,0.28346456692913385,0.2204724409448819,0.7480314960629921,1.0,0.7651766704536893,0.9916666065391868,0.7329078169949821,0.2125984251968504
2025-11-22T01:14:39.784755,interface,0.1968503937007874,0.2204724409448819,0.7480314960629921,1.0,0.7651766704536893,0.9916666065391868,0.7329078169949821,0.2125984251968504
2025-11-22T01:15:15.113986,interface,0.0,0.2204724409448819,0.7480314960629921,1.0,0.7651766704536893,0.9916666065391868,0.7329078169949821,0.2125984251968504
2025-11-22T01:15:23.881329,interface,0.023622047244094488,0.2204724409448819,0.7480314960629921,1.0,0.7651766704536893,0.9916666065391868,0.7329078169949821,0.2125984251968504
2025-11-22T01:15:33.801875,interface,0.0,0.2204724409448819,0.7480314960629921,1.0,0.7651766704536893,0.9916666065391868,0.7329078169949821,0.2125984251968504
2025-11-22T01:15:36.470799,interface,0.6220472440944882,0.2204724409448819,0.7480314960629921,1.0,0.7651766704536893,0.9916666065391868,0.7329078169949821,0.2125984251968504
2025-11-22T01:15:49.109239,interface,0.0,0.2204724409448819,0.7480314960629921,1.0,0.7651766704536893,0.9916666065391868,0.7329078169949821,0.2125984251968504
2025-11-22T01:16:06.451957,interface,0.023622047244094488,0.2204724409448819,0.7480314960629921,1.0,0.7651766704536893,0.9916666065391868,0.7329078169949821,0.2125984251968504
2025-11-22T01:16:07.165097,interface,0.0,0.2204724409448819,0.7480314960629921,1.0,0.7651766704536893,0.9916666065391868,0.7329078169949821,0.2125984251968504
2025-11-22T01:16:26.553392,interface,0.015748031496062992,0.2204724409448819,0.7480314960629921,1.0,0.7651766704536893,0.9916666065391868,0.7329078169949821,0.2125984251968504
2025-11-22T01:16:28.749566,interface,0.2283464566929134,0.2204724409448819,0.7480314960629921,1.0,0.7651766704536893,0.9916666065391868,0.7329078169949821,0.2125984251968504
2025-11-22T01:16:36.955429,interface,0.30708661417322836,0.2204724409448819,0.7480314960629921,1.0,0.7651766704536893,0.9916666065391868,0.7329078169949821,0.2125984251968504
2025-11-22T01:16:37.487761,interface,0.10236220472440945,0.2204724409448819,0.7480314960629921,1.0,0.7651766704536893,0.9916666065391868,0.7329078169949821,0.2125984251968504
2025-11-22T01:16:40.945594,interface,0.031496062992125984,0.2204724409448819,0.7480314960629921,1.0,0.7651766704536893,0.9916666065391868,0.7329078169949821,0.2125984251968504
2025-11-22T01:16:59.676694,interface,0.03937007874015748,0.2204724409448819,0.7480314960629921,1.0,0.7651766704536893,0.9916666065391868,0.7329078169949821,0.2125984251968504
2025-11-22T01:17:44.052366,interface,0.007874015748031496,0.2204724409448819,0.7480314960629921,1.0,0.7651766704536893,0.9916666065391868,0.7329078169949821,0.2125984251968504
2025-11-22T01:17:44.185246,interface,0.2204724409448819,0.2204724409448819,0.7480314960629921,1.0,0.7651766704536893,0.9916666065391868,0.7329078169949821,0.2125984251968504
2025-11-22T01:20:26.549109,interface,0.0,0.2204724409448819,0.7480314960629921,1.0,0.7651766704536893,0.9916666065391868,0.7329078169949821,0.2125984251968504
2025-11-22T01:20:30.194757,interface,1.0,0.2204724409448819,0.7480314960629921,1.0,0.7651766704536893,0.9916666065391868,0.7329078169949821,0.2125984251968504
2025-11-22T01:20:30.496058,interface,0.3779527559055118,0.2204724409448819,0.7480314960629921,1.0,0.7651766704536893,0.9916666065391868,0.7329078169949821,0.2125984251968504
2025-11-22T01:20:33.585116,interface,0.6220472440944882,0.2204724409448819,0.7480314960629921,1.0,0.7651766704536893,0.9916666065391868,0.7329078169949821,0.2125984251968504
2025-11-22T01:20:33.927735,interface,0.7165354330708661,0.2204724409448819,0.7480314960629921,1.0,0.7651766704536893,0.9916666065391868,0.7329078169949821,0.2125984251968504
2025-11-22T01:20:35.247408,interface,0.968503937007874,0.2204724409448819,0.7480314960629921,1.0,0.7651766704536893,0.9916666065391868,0.7329078169949821,0.2125984251968504
2025-11-22T01:20:35.491385,interface,1.0,0.2204724409448819,0.7480314960629921,1.0,0.7651766704536893,0.9916666065391868,0.7329078169949821,0.2125984251968504
2025-11-22T01:20:41.102838,interface,0.7480314960629921,0.2204724409448819,0.7480314960629921,1.0,0.7651766704536893,0.9916666065391868,0.7329078169949821,0.2125984251968504
2025-11-22T01:20:42.721316,interface,0.7165354330708661,0.2204724409448819,0.7480314960629921,1.0,0.7651766704536893,0.9916666065391868,0.7329078169949821,0.2125984251968504
2025-11-22T01:20:45.035353,interface,0.6614173228346457,0.2204724409448819,0.7480314960629921,1.0,0.7651766704536893,0.9916666065391868,0.7329078169949821,0.2125984251968504
2025-11-22T01:20:45.040053,interface,0.6771653543307087,0.2204724409448819,0.7480314960629921,1.0,0.7651766704536893,0.9916666065391868,0.7329078169949821,0.2125984251968504
2025-11-22T01:20:46.082584,interface,0.7559055118110236,0.2204724409448819,0.7480314960629921,1.0,0.7651766704536893,0.9916666065391868,0.7329078169949821,0.2125984251968504
2025-11-22T01:20:51.592503,interface,0.84251968503937,0.2204724409448819,0.7480314960629921,1.0,0.7651766704536893,0.9916666065391868,0.7329078169949821,0.2125984251968504
2025-11-22T01:20:54.538173,interface,0.6771653543307087,0.2204724409448819,0.7480314960629921,1.0,0.7651766704536893,0.9916666065391868,0.7329078169949821,0.2125984251968504
2025-11-22T01:20:57.441568,interface,0.7952755905511811,0.2204724409448819,0.7480314960629921,1.0,0.7651766704536893,0.9916666065391868,0.7329078169949821,0.2125984251968504
2025-11-22T01:21:02.991683,interface,0.7086614173228346,0.2204724409448819,0.7480314960629921,1.0,0.7651766704536893,0.9916666065391868,0.7329078169949821,0.2125984251968504
2025-11-22T01:21:03.393510,interface,0.4330708661417323,0.2204724409448819,0.7480314960629921,1.0,0.7651766704536893,0.9916666065391868,0.7329078169949821,0.2125984251968504
2025-11-22T01:21:03.409650,interface,0.9448818897637795,0.2204724409448819,0.7480314960629921,1.0,0.7651766704536893,0.9916666065391868,0.7329078169949821,0.2125984251968504
2025-11-22T01:21:12.619293,interface,0.984251968503937,0.2204724409448819,0.7480314960629921,1.0,0.7651766704536893,0.9916666065391868,0.7329078169949821,0.2125984251968504
2025-11-22T01:21:13.131920,interface,0.47244094488188976,0.2204724409448819,0.7480314960629921,1.0,0.7651766704536893,0.9916666065391868,0.7329078169949821,0.2125984251968504
2025-11-22T01:21:28.187687,interface,0.47244094488188976,0.2204724409448819,0.7480314960629921,1.0,0.7651766704536893,0.9916666065391868,0.7329078169949821,0.2125984251968504
2025-11-22T01:21:33.180886,interface,0.07874015748031496,0.2204724409448819,0.7480314960629921,1.0,0.7651766704536893,0.9916666065391868,0.7329078169949821,0.2125984251968504
2025-11-22T01:21:34.694875,interface,0.05511811023622047,0.2204724409448819,0.7480314960629921,1.0,0.7651766704536893,0.9916666065391868,0.7329078169949821,0.2125984251968504
2025-11-22T01:21:38.613949,interface,0.5275590551181102,0.2204724409448819,0.7480314960629921,1.0,0.7651766704536893,0.9916666065391868,0.7329078169949821,0.2125984251968504
2025-11-22T01:21:44.524572,interface,0.11811023622047244,0.2204724409448819,0.7480314960629921,1.0,0.7651766704536893,0.9916666065391868,0.7329078169949821,0.2125984251968504
2025-11-22T01:21:50.363167,interface,0.6614173228346457,0.2204724409448819,0.7480314960629921,1.0,0.7651766704536893,0.9916666065391868,0.7329078169949821,0.2125984251968504
2025-11-22T01:21:51.629142,interface,0.3543307086614173,0.2204724409448819,0.7480314960629921,1.0,0.7651766704536893,0.9916666065391868,0.7329078169949821,0.2125984251968504
2025-11-22T01:21:53.417144,interface,0.5039370078740157,0.2204724409448819,0.7480314960629921,1.0,0.7651766704536893,0.9916666065391868,0.7329078169949821,0.2125984251968504
2025-11-22T01:22:09.243584,interface,0.0,0.2204724409448819,0.7480314960629921,1.0,0.7651766704536893,0.9916666065391868,0.7329078169949821,0.2125984251968504
2025-11-22T01:22:11.165313,interface,0.047244094488188976,0.2204724409448819,0.7480314960629921,1.0,0.7651766704536893,0.9916666065391868,0.7329078169949821,0.2125984251968504
2025-11-22T01:22:47.813700,interface,0.031496062992125984,0.2204724409448819,0.7480314960629921,1.0,0.7651766704536893,0.9916666065391868,0.7329078169949821,0.2125984251968504
2025-11-22T01:23:18.806056,interface,0.0,0.2204724409448819,0.7480314960629921,1.0,0.7651766704536893,0.9916666065391868,0.7329078169949821,0.2125984251968504
2025-11-22T01:23:57.163396,interface,0.0,0.2204724409448819,0.7480314960629921,1.0,0.7651766704536893,0.9916666065391868,0.7329078169949821,0.2125984251968504
2025-11-22T01:24:05.306733,interface,0.0,0.2204724409448819,0.7480314960629921,1.0,0.7651766704536893,0.9916666065391868,0.7329078169949821,0.2125984251968504
2025-11-22T01:24:12.121347,interface,0.33070866141732286,0.2204724409448819,0.7480314960629921,1.0,0.7651766704536893,0.9916666065391868,0.7329078169949821,0.2125984251968504
2025-11-22T01:24:18.797563,interface,0.6062992125984252,0.2204724409448819,0.7480314960629921,1.0,0.7651766704536893,0.9916666065391868,0.7329078169949821,0.2125984251968504
2025-11-22T01:24:19.906366,interface,0.5669291338582677,0.2204724409448819,0.7480314960629921,1.0,0.7651766704536893,0.9916666065391868,0.7329078169949821,0.2125984251968504
2025-11-22T01:24:22.696207,interface,0.7874015748031497,0.2204724409448819,0.7480314960629921,1.0,0.7651766704536893,0.9916666065391868,0.7329078169949821,0.2125984251968504
2025-11-22T01:24:53.682371,interface,0.0,0.2204724409448819,0.7480314960629921,1.0,0.7651766704536893,0.9916666065391868,0.7329078169949821,0.2125984251968504
2025-11-22T01:25:13.676943,interface,0.015748031496062992,0.2204724409448819,0.7480314960629921,1.0,0.7651766704536893,0.9916666065391868,0.7329078169949821,0.2125984251968504
2025-11-22T01:25:35.960947,interface,0.015748031496062992,0.2204724409448819,0.7480314960629921,1.0,0.7651766704536893,0.9916666065391868,0.7329078169949821,0.2125984251968504
2025-11-22T01:25:37.729523,interface,0.7165354330708661,0.2204724409448819,0.7480314960629921,1.0,0.7651766704536893,0.9916666065391868,0.7329078169949821,0.2125984251968504
2025-11-22T01:25:42.002318,interface,0.8661417322834646,0.2204724409448819,0.7480314960629921,1.0,0.7651766704536893,0.9916666065391868,0.7329078169949821,0.2125984251968504
2025-11-22T01:25:43.111674,interface,1.0,0.2204724409448819,0.7480314960629921,1.0,0.7651766704536893,0.9916666065391868,0.7329078169949821,0.2125984251968504
2025-11-22T01:25:54.086570,interface,0.9133858267716536,0.2204724409448819,0.7480314960629921,1.0,0.7651766704536893,0.9916666065391868,0.7329078169949821,0.2125984251968504
2025-11-22T01:25:55.113934,interface,0.1889763779527559,0.2204724409448819,0.7480314960629921,1.0,0.7651766704536893,0.9916666065391868,0.7329078169949821,0.2125984251968504
2025-11-22T01:25:58.698053,interface,0.3228346456692913,0.2204724409448819,0.7480314960629921,1.0,0.7651766704536893,0.9916666065391868,0.7329078169949821,0.2125984251968504
2025-11-22T01:26:04.932932,interface,0.0,0.2204724409448819,0.7480314960629921,1.0,0.7651766704536893,0.9916666065391868,0.7329078169949821,0.2125984251968504
2025-11-22T01:26:09.673781,interface,0.0,0.2204724409448819,0.7480314960629921,1.0,0.7651766704536893,0.9916666065391868,0.7329078169949821,0.2125984251968504
2025-11-22T01:26:13.344027,interface,0.7559055118110236,0.2204724409448819,0.7480314960629921,1.0,0.7651766704536893,0.9916666065391868,0.7329078169949821,0.2125984251968504
2025-11-22T01:26:14.163396,interface,0.4094488188976378,0.2204724409448819,0.7480314960629921,1.0,0.7651766704536893,0.9916666065391868,0.7329078169949821,0.2125984251968504
2025-11-22T01:26:17.244155,interface,0.007874015748031496,0.2204724409448819,0.7480314960629921,1.0,0.7651766704536893,0.9916666065391868,0.7329078169949821,0.2125984251968504
2025-11-22T01:26:18.255839,interface,0.015748031496062992,0.2204724409448819,0.7480314960629921,1.0,0.7651766704536893,0.9916666065391868,0.7329078169949821,0.2125984251968504
2025-11-22T01:26:21.306509,interface,0.0,0.2204724409448819,0.7480314960629921,1.0,0.7651766704536893,0.9916666065391868,0.7329078169949821,0.2125984251968504
2025-11-22T01:26:48.807738,interface,0.0,0.2204724409448819,0.7480314960629921,1.0,0.7651766704536893,0.9916666065391868,0.7329078169949821,0.2125984251968504
2025-11-22T01:26:51.124714,interface,0.0,0.2204724409448819,0.7480314960629921,1.0,0.7651766704536893,0.9916666065391868,0.7329078169949821,0.2125984251968504
2025-11-22T01:26:51.127669,interface,0.16535433070866143,0.2204724409448819,0.7480314960629921,1.0,0.7651766704536893,0.9916666065391868,0.7329078169949821,0.2125984251968504
2025-11-22T01:26:51.130660,interface,0.2204724409448819,0.2204724409448819,0.7480314960629921,1.0,0.7651766704536893,0.9916666065391868,0.7329078169949821,0.2125984251968504
2025-11-22T01:27:11.116052,interface,0.0,0.2204724409448819,0.7480314960629921,1.0,0.7651766704536893,0.9916666065391868,0.7329078169949821,0.2125984251968504
2025-11-22T01:27:17.468670,interface,0.007874015748031496,0.2204724409448819,0.7480314960629921,1.0,0.7651766704536893,0.9916666065391868,0.7329078169949821,0.2125984251968504
2025-11-22T01:27:18.676976,interface,0.1889763779527559,0.2204724409448819,0.7480314960629921,1.0,0.7651766704536893,0.9916666065391868,0.7329078169949821,0.2125984251968504
2025-11-22T01:27:21.557170,interface,0.0,0.2204724409448819,0.7480314960629921,1.0,0.7651766704536893,0.9916666065391868,0.7329078169949821,0.2125984251968504
2025-11-22T01:27:37.746845,interface,0.0,0.2204724409448819,0.7480314960629921,1.0,0.7651766704536893,0.9916666065391868,0.7329078169949821,0.2125984251968504
2025-11-22T01:27:42.746056,interface,0.0,0.2204724409448819,0.7480314960629921,1.0,0.7651766704536893,0.9916666065391868,0.7329078169949821,0.2125984251968504
2025-11-22T01:28:28.728319,interface,0.905511811023622,0.2204724409448819,0.7480314960629921,1.0,0.7651766704536893,0.9916666065391868,0.7329078169949821,0.2125984251968504
2025-11-22T01:28:30.774164,interface,1.0,0.2204724409448819,0.7480314960629921,1.0,0.7651766704536893,0.9916666065391868,0.7329078169949821,0.2125984251968504
2025-11-22T01:28:52.094104,interface,0.6614173228346457,0.2204724409448819,0.7480314960629921,1.0,0.7651766704536893,0.9916666065391868,0.7329078169949821,0.2125984251968504
2025-11-22T01:28:54.235407,interface,0.2440944881889764,0.2204724409448819,0.7480314960629921,1.0,0.7651766704536893,0.9916666065391868,0.7329078169949821,0.2125984251968504
2025-11-22T01:28:57.427121,interface,0.2440944881889764,0.2204724409448819,0.7480314960629921,1.0,0.7651766704536893,0.9916666065391868,0.7329078169949821,0.2125984251968504
2025-11-22T01:28:57.437665,interface,0.8110236220472441,0.2204724409448819,0.7480314960629921,1.0,0.7651766704536893,0.9916666065391868,0.7329078169949821,0.2125984251968504
2025-11-22T01:29:02.870709,interface,0.2283464566929134,0.2204724409448819,0.7480314960629921,1.0,0.7651766704536893,0.9916666065391868,0.7329078169949821,0.2125984251968504
2025-11-22T01:29:07.300751,interface,0.49606299212598426,0.2204724409448819,0.7480314960629921,1.0,0.7651766704536893,0.9916666065391868,0.7329078169949821,0.2125984251968504
2025-11-22T01:29:11.400777,interface,0.3779527559055118,0.2204724409448819,0.7480314960629921,1.0,0.7651766704536893,0.9916666065391868,0.7329078169949821,0.2125984251968504
2025-11-22T01:29:12.458138,interface,0.6614173228346457,0.2204724409448819,0.7480314960629921,1.0,0.7651766704536893,0.9916666065391868,0.7329078169949821,0.2125984251968504
2025-11-22T01:29:23.465713,interface,0.2440944881889764,0.2204724409448819,0.7480314960629921,1.0,0.7651766704536893,0.9916666065391868,0.7329078169949821,0.2125984251968504
2025-11-22T01:29:27.297987,interface,0.18110236220472442,0.2204724409448819,0.7480314960629921,1.0,0.7651766704536893,0.9916666065391868,0.7329078169949821,0.2125984251968504
2025-11-22T01:29:29.226181,interface,0.6614173228346457,0.2204724409448819,0.7480314960629921,1.0,0.7651766704536893,0.9916666065391868,0.7329078169949821,0.2125984251968504
2025-11-22T01:29:31.493856,interface,0.7559055118110236,0.2204724409448819,0.7480314960629921,1.0,0.7651766704536893,0.9916666065391868,0.7329078169949821,0.2125984251968504
2025-11-22T01:29:38.558875,interface,0.0,0.2204724409448819,0.7480314960629921,1.0,0.7651766704536893,0.9916666065391868,0.7329078169949821,0.2125984251968504
2025-11-22T01:29:39.287538,interface,0.07874015748031496,0.2204724409448819,0.7480314960629921,1.0,0.7651766704536893,0.9916666065391868,0.7329078169949821,0.2125984251968504
2025-11-22T01:29:43.121921,interface,0.0,0.2204724409448819,0.7480314960629921,1.0,0.7651766704536893,0.9916666065391868,0.7329078169949821,0.2125984251968504
2025-11-22T01:29:55.323776,interface,0.12598425196850394,0.2204724409448819,0.7480314960629921,1.0,0.7651766704536893,0.9916666065391868,0.7329078169949821,0.2125984251968504
2025-11-22T01:30:21.497095,interface,0.015748031496062992,0.2204724409448819,0.7480314960629921,1.0,0.7651766704536893,0.9916666065391868,0.7329078169949821,0.2125984251968504
2025-11-22T01:30:21.629831,interface,0.2125984251968504,0.2204724409448819,0.7480314960629921,1.0,0.7651766704536893,0.9916666065391868,0.7329078169949821,0.2125984251968504
2025-11-22T01:30:23.086867,interface,0.07874015748031496,0.2204724409448819,0.7480314960629921,1.0,0.7651766704536893,0.9916666065391868,0.7329078169949821,0.2125984251968504
2025-11-22T01:30:26.498016,interface,0.0,0.2204724409448819,0.7480314960629921,1.0,0.7651766704536893,0.9916666065391868,0.7329078169949821,0.2125984251968504
2025-11-22T01:30:30.748157,interface,0.031496062992125984,0.2204724409448819,0.7480314960629921,1.0,0.7651766704536893,0.9916666065391868,0.7329078169949821,0.2125984251968504
2025-11-22T01:31:01.873123,interface,0.0,0.2204724409448819,0.7480314960629921,1.0,0.7651766704536893,0.9916666065391868,0.7329078169949821,0.2125984251968504
2025-11-22T01:31:17.860677,interface,0.11811023622047244,0.2204724409448819,0.7480314960629921,1.0,0.7651766704536893,0.9916666065391868,0.7329078169949821,0.2125984251968504
2025-11-22T01:31:18.492507,interface,0.08661417322834646,0.2204724409448819,0.7480314960629921,1.0,0.7651766704536893,0.9916666065391868,0.7329078169949821,0.2125984251968504
2025-11-22T01:31:50.997583,interface,0.0,0.2204724409448819,0.7480314960629921,1.0,0.7651766704536893,0.9916666065391868,0.7329078169949821,0.2125984251968504
2025-11-22T01:31:54.075998,interface,0.0,0.2204724409448819,0.7480314960629921,1.0,0.7651766704536893,0.9916666065391868,0.7329078169949821,0.2125984251968504
2025-11-22T01:31:54.078171,interface,0.1732283464566929,0.2204724409448819,0.7480314960629921,1.0,0.7651766704536893,0.9916666065391868,0.7329078169949821,0.2125984251968504
2025-11-22T01:31:54.289048,interface,0.31496062992125984,0.2204724409448819,0.7480314960629921,1.0,0.7651766704536893,0.9916666065391868,0.7329078169949821,0.2125984251968504
2025-11-22T01:31:57.052684,interface,0.3779527559055118,0.2204724409448819,0.7480314960629921,1.0,0.7651766704536893,0.9916666065391868,0.7329078169949821,0.2125984251968504
2025-11-22T01:32:02.604870,interface,0.11811023622047244,0.2204724409448819,0.7480314960629921,1.0,0.7651766704536893,0.9916666065391868,0.7329078169949821,0.2125984251968504
2025-11-22T01:32:32.417564,interface,0.9448818897637795,0.2204724409448819,0.7480314960629921,1.0,0.7651766704536893,0.9916666065391868,0.7329078169949821,0.2125984251968504
2025-11-22T01:32:32.568816,interface,0.984251968503937,0.2204724409448819,0.7480314960629921,1.0,0.7651766704536893,0.9916666065391868,0.7329078169949821,0.2125984251968504
2025-11-22T01:32:55.311438,interface,0.0,0.2204724409448819,0.7480314960629921,1.0,0.7651766704536893,0.9916666065391868,0.7329078169949821,0.2125984251968504
2025-11-22T01:33:08.185816,interface,0.0,0.2204724409448819,0.7480314960629921,1.0,0.7651766704536893,0.9916666065391868,0.7329078169949821,0.2125984251968504
2025-11-22T01:33:08.618240,interface,0.28346456692913385,0.2204724409448819,0.7480314960629921,1.0,0.7651766704536893,0.9916666065391868,0.7329078169949821,0.2125984251968504
2025-11-22T01:33:10.461537,interface,0.3228346456692913,0.2204724409448819,0.7480314960629921,1.0,0.7651766704536893,0.9916666065391868,0.7329078169949821,0.2125984251968504
2025-11-22T01:33:15.228362,interface,0.2440944881889764,0.2204724409448819,0.7480314960629921,1.0,0.7651766704536893,0.9916666065391868,0.7329078169949821,0.2125984251968504
2025-11-22T01:33:20.332745,interface,0.9212598425196851,0.2204724409448819,0.7480314960629921,1.0,0.7651766704536893,0.9916666065391868,0.7329078169949821,0.2125984251968504
2025-11-22T01:33:25.362364,interface,0.5275590551181102,0.2204724409448819,0.7480314960629921,1.0,0.7651766704536893,0.9916666065391868,0.7329078169949821,0.2125984251968504
2025-11-22T01:33:29.715945,interface,0.14173228346456693,0.2204724409448819,0.7480314960629921,1.0,0.7651766704536893,0.9916666065391868,0.7329078169949821,0.2125984251968504
2025-11-22T01:33:57.123552,interface,0.0,0.2204724409448819,0.7480314960629921,1.0,0.7651766704536893,0.9916666065391868,0.7329078169949821,0.2125984251968504
2025-11-22T01:33:58.333799,interface,0.0,0.2204724409448819,0.7480314960629921,1.0,0.7651766704536893,0.9916666065391868,0.7329078169949821,0.2125984251968504
2025-11-22T01:33:58.337814,interface,0.1968503937007874,0.2204724409448819,0.7480314960629921,1.0,0.7651766704536893,0.9916666065391868,0.7329078169949821,0.2125984251968504
2025-11-22T01:34:03.999564,interface,0.0,0.2204724409448819,0.7480314960629921,1.0,0.7651766704536893,0.9916666065391868,0.7329078169949821,0.2125984251968504
2025-11-22T01:34:04.560244,interface,0.0,0.2204724409448819,0.7480314960629921,1.0,0.7651766704536893,0.9916666065391868,0.7329078169949821,0.2125984251968504
2025-11-22T01:35:27.171418,interface,0.0,0.2204724409448819,0.7480314960629921,1.0,0.7651766704536893,0.9916666065391868,0.7329078169949821,0.2125984251968504
2025-11-22T01:35:47.562643,interface,0.0,0.2204724409448819,0.7480314960629921,1.0,0.7651766704536893,0.9916666065391868,0.7329078169949821,0.2125984251968504
2025-11-22T01:35:49.437403,interface,0.09448818897637795,0.2204724409448819,0.7480314960629921,1.0,0.7651766704536893,0.9916666065391868,0.7329078169949821,0.2125984251968504
2025-11-22T01:36:48.000149,interface,0.0,0.2204724409448819,0.7480314960629921,1.0,0.7651766704536893,0.9916666065391868,0.7329078169949821,0.2125984251968504
2025-11-22T01:37:01.812997,interface,1.0,0.2204724409448819,0.7480314960629921,1.0,0.7651766704536893,0.9916666065391868,0.7329078169949821,0.2125984251968504
2025-11-22T01:37:06.501303,interface,0.0,0.2204724409448819,0.7480314960629921,1.0,0.7651766704536893,0.9916666065391868,0.7329078169949821,0.2125984251968504
2025-11-22T01:37:31.376486,interface,0.0,0.2204724409448819,0.7480314960629921,1.0,0.7651766704536893,0.9916666065391868,0.7329078169949821,0.2125984251968504
2025-11-22T01:37:34.187495,interface,0.5748031496062992,0.2204724409448819,0.7480314960629921,1.0,0.7651766704536893,0.9916666065391868,0.7329078169949821,0.2125984251968504
2025-11-22T01:37:59.107379,interface,0.7165354330708661,0.2204724409448819,0.7480314960629921,1.0,0.7651766704536893,0.9916666065391868,0.7329078169949821,0.2125984251968504
2025-11-22T01:38:22.880519,interface,0.28346456692913385,0.2204724409448819,0.7480314960629921,1.0,0.7651766704536893,0.9916666065391868,0.7329078169949821,0.2125984251968504
2025-11-22T01:38:24.145209,interface,0.3779527559055118,0.2204724409448819,0.7480314960629921,1.0,0.7651766704536893,0.9916666065391868,0.7329078169949821,0.2125984251968504
2025-11-22T01:38:26.819309,interface,0.33070866141732286,0.2204724409448819,0.7480314960629921,1.0,0.7651766704536893,0.9916666065391868,0.7329078169949821,0.2125984251968504
2025-11-22T01:38:27.313625,interface,0.41732283464566927,0.2204724409448819,0.7480314960629921,1.0,0.7651766704536893,0.9916666065391868,0.7329078169949821,0.2125984251968504
2025-11-22T01:38:27.315485,interface,0.36220472440944884,0.2204724409448819,0.7480314960629921,1.0,0.7651766704536893,0.9916666065391868,0.7329078169949821,0.2125984251968504
2025-11-22T01:38:29.150853,interface,0.8503937007874016,0.2204724409448819,0.7480314960629921,1.0,0.7651766704536893,0.9916666065391868,0.7329078169949821,0.2125984251968504
2025-11-22T01:38:49.814387,interface,0.7637795275590551,0.2204724409448819,0.7480314960629921,1.0,0.7651766704536893,0.9916666065391868,0.7329078169949821,0.2125984251968504
2025-11-22T01:38:59.690235,interface,0.0,0.2204724409448819,0.7480314960629921,1.0,0.7651766704536893,0.9916666065391868,0.7329078169949821,0.2125984251968504
2025-11-22T01:39:03.525999,interface,0.28346456692913385,0.2204724409448819,0.7480314960629921,1.0,0.7651766704536893,0.9916666065391868,0.7329078169949821,0.2125984251968504
2025-11-22T01:39:09.170600,interface,0.5275590551181102,0.2204724409448819,0.7480314960629921,1.0,0.7651766704536893,0.9916666065391868,0.7329078169949821,0.2125984251968504
2025-11-22T01:39:12.877960,interface,0.7322834645669292,0.2204724409448819,0.7480314960629921,1.0,0.7651766704536893,0.9916666065391868,0.7329078169949821,0.2125984251968504
2025-11-22T01:39:13.174533,interface,0.6614173228346457,0.2204724409448819,0.7480314960629921,1.0,0.7651766704536893,0.9916666065391868,0.7329078169949821,0.2125984251968504
2025-11-22T01:39:15.665515,interface,0.14960629921259844,0.2204724409448819,0.7480314960629921,1.0,0.7651766704536893,0.9916666065391868,0.7329078169949821,0.2125984251968504
2025-11-22T01:39:25.003226,interface,0.05511811023622047,0.2204724409448819,0.7480314960629921,1.0,0.7651766704536893,0.9916666065391868,0.7329078169949821,0.2125984251968504
2025-11-22T01:39:44.188785,interface,0.0,0.2204724409448819,0.7480314960629921,1.0,0.7651766704536893,0.9916666065391868,0.7329078169949821,0.2125984251968504
2025-11-22T01:39:47.558334,interface,0.0,0.2204724409448819,0.7480314960629921,1.0,0.7651766704536893,0.9916666065391868,0.7329078169949821,0.2125984251968504
2025-11-22T01:39:49.805531,interface,0.05511811023622047,0.2204724409448819,0.7480314960629921,1.0,0.7651766704536893,0.9916666065391868,0.7329078169949821,0.2125984251968504
2025-11-22T01:39:55.253135,interface,0.0,0.2204724409448819,0.7480314960629921,1.0,0.7651766704536893,0.9916666065391868,0.7329078169949821,0.2125984251968504
2025-11-22T01:39:55.466047,interface,0.905511811023622,0.2204724409448819,0.7480314960629921,1.0,0.7651766704536893,0.9916666065391868,0.7329078169949821,0.2125984251968504
2025-11-22T01:40:00.447026,interface,0.0,0.2204724409448819,0.7480314960629921,1.0,0.7651766704536893,0.9916666065391868,0.7329078169949821,0.2125984251968504
2025-11-22T01:40:03.953853,interface,0.18110236220472442,0.2204724409448819,0.7480314960629921,1.0,0.7651766704536893,0.9916666065391868,0.7329078169949821,0.2125984251968504
2025-11-22T01:40:04.829424,interface,0.8110236220472441,0.2204724409448819,0.7480314960629921,1.0,0.7651766704536893,0.9916666065391868,0.7329078169949821,0.2125984251968504
2025-11-22T01:40:05.942206,interface,0.5669291338582677,0.2204724409448819,0.7480314960629921,1.0,0.7651766704536893,0.9916666065391868,0.7329078169949821,0.2125984251968504
2025-11-22T01:40:08.035379,interface,0.007874015748031496,0.2204724409448819,0.7480314960629921,1.0,0.7651766704536893,0.9916666065391868,0.7329078169949821,0.2125984251968504
2025-11-22T01:40:11.160169,interface,0.3779527559055118,0.2204724409448819,0.7480314960629921,1.0,0.7651766704536893,0.9916666065391868,0.7329078169949821,0.2125984251968504
2025-11-22T01:40:13.763220,interface,0.4330708661417323,0.2204724409448819,0.7480314960629921,1.0,0.7651766704536893,0.9916666065391868,0.7329078169949821,0.2125984251968504
2025-11-22T01:40:15.252591,interface,0.3779527559055118,0.2204724409448819,0.7480314960629921,1.0,0.7651766704536893,0.9916666065391868,0.7329078169949821,0.2125984251968504
2025-11-22T01:40:15.502094,interface,0.31496062992125984,0.2204724409448819,0.7480314960629921,1.0,0.7651766704536893,0.9916666065391868,0.7329078169949821,0.2125984251968504
2025-11-22T01:40:24.299453,interface,0.6220472440944882,0.2204724409448819,0.7480314960629921,1.0,0.7651766704536893,0.9916666065391868,0.7329078169949821,0.2125984251968504
2025-11-22T01:40:25.616565,interface,0.3937007874015748,0.2204724409448819,0.7480314960629921,1.0,0.7651766704536893,0.9916666065391868,0.7329078169949821,0.2125984251968504
2025-11-22T01:40:31.877858,interface,0.0,0.2204724409448819,0.7480314960629921,1.0,0.7651766704536893,0.9916666065391868,0.7329078169949821,0.2125984251968504
2025-11-22T01:40:31.882312,interface,0.5669291338582677,0.2204724409448819,0.7480314960629921,1.0,0.7651766704536893,0.9916666065391868,0.7329078169949821,0.2125984251968504
2025-11-22T01:40:35.854957,interface,0.9212598425196851,0.2204724409448819,0.7480314960629921,1.0,0.7651766704536893,0.9916666065391868,0.7329078169949821,0.2125984251968504
2025-11-22T01:40:40.654735,interface,0.5669291338582677,0.2204724409448819,0.7480314960629921,1.0,0.7651766704536893,0.9916666065391868,0.7329078169949821,0.2125984251968504
2025-11-22T01:40:46.815645,interface,0.11811023622047244,0.2204724409448819,0.7480314960629921,1.0,0.7651766704536893,0.9916666065391868,0.7329078169949821,0.2125984251968504
2025-11-22T01:42:14.815106,interface,1.0,0.2204724409448819,0.7480314960629921,1.0,0.7651766704536893,0.9916666065391868,0.7329078169949821,0.2125984251968504
2025-11-22T01:42:15.028987,interface,0.9448818897637795,0.2204724409448819,0.7480314960629921,1.0,0.7651766704536893,0.9916666065391868,0.7329078169949821,0.2125984251968504
2025-11-22T01:42:18.151105,interface,0.5433070866141733,0.2204724409448819,0.7480314960629921,1.0,0.7651766704536893,0.9916666065391868,0.7329078169949821,0.2125984251968504
2025-11-22T01:42:21.378554,interface,0.7165354330708661,0.2204724409448819,0.7480314960629921,1.0,0.7651766704536893,0.9916666065391868,0.7329078169949821,0.2125984251968504
2025-11-22T01:42:22.333014,interface,0.5669291338582677,0.2204724409448819,0.7480314960629921,1.0,0.7651766704536893,0.9916666065391868,0.7329078169949821,0.2125984251968504
2025-11-22T01:42:26.044430,interface,0.5196850393700787,0.2204724409448819,0.7480314960629921,1.0,0.7651766704536893,0.9916666065391868,0.7329078169949821,0.2125984251968504
