2026-01-16T22:36:43.901333,interface,0.4330708661417323,0.5863612871901767,0.15031637486051652,0.6377427265687714,0.6789829978099313,0.6952565060512348,0.6128206795586401,0.10436784843831337
2026-01-16T22:36:44.000522,interface,0.47244094488188976,0.5863612871901767,0.15031637486051652,0.6377427265687714,0.6789829978099313,0.6952565060512348,0.6128206795586401,0.10436784843831337
2026-01-16T22:36:44.199888,interface,0.6220472440944882,0.5863612871901767,0.15031637486051652,0.6377427265687714,0.6789829978099313,0.6952565060512348,0.6128206795586401,0.10436784843831337
2026-01-16T22:36:44.318610,interface,0.6614173228346457,0.5863612871901767,0.15031637486051652,0.6377427265687714,0.6789829978099313,0.6952565060512348,0.6128206795586401,0.10436784843831337
2026-01-16T22:36:44.571411,interface,0.8503937007874016,0.5863612871901767,0.15031637486051652,0.6377427265687714,0.6789829978099313,0.6952565060512348,0.6128206795586401,0.10436784843831337
2026-01-16T22:36:44.579713,interface,0.7165354330708661,0.5863612871901767,0.15031637486051652,0.6377427265687714,0.6789829978099313,0.6952565060512348,0.6128206795586401,0.10436784843831337
2026-01-16T22:36:44.839336,interface,0.8110236220472441,0.5863612871901767,0.15031637486051652,0.6377427265687714,0.6789829978099313,0.6952565060512348,0.6128206795586401,0.10436784843831337
2026-01-16T22:36:51.397133,interface,0.007874015748031496,0.5863612871901767,0.15031637486051652,0.6377427265687714,0.6789829978099313,0.6952565060512348,0.6128206795586401,0.10436784843831337
2026-01-16T22:37:24.347429,interface,0.9133858267716536,0.5863612871901767,0.15031637486051652,0.6377427265687714,0.6789829978099313,0.6952565060512348,0.6128206795586401,0.10436784843831337
2026-01-16T22:37:34.774752,interface,0.47244094488188976,0.5863612871901767,0.15031637486051652,0.6377427265687714,0.6789829978099313,0.6952565060512348,0.6128206795586401,0.10436784843831337
2026-01-16T22:37:35.890704,interface,0.8110236220472441,0.5863612871901767,0.15031637486051652,0.6377427265687714,0.6789829978099313,0.6952565060512348,0.6128206795586401,0.10436784843831337
2026-01-16T22:37:35.902454,interface,0.8818897637795275,0.5863612871901767,0.15031637486051652,0.6377427265687714,0.6789829978099313,0.6952565060512348,0.6128206795586401,0.10436784843831337
2026-01-16T22:37:36.445283,interface,0.8110236220472441,0.5863612871901767,0.15031637486051652,0.6377427265687714,0.6789829978099313,0.6952565060512348,0.6128206795586401,0.10436784843831337
2026-01-16T22:37:36.591811,interface,0.8110236220472441,0.5863612871901767,0.15031637486051652,0.6377427265687714,0.6789829978099313,0.6952565060512348,0.6128206795586401,0.10436784843831337
2026-01-16T22:37:36.672524,interface,0.8110236220472441,0.5863612871901767,0.15031637486051652,0.6377427265687714,0.6789829978099313,0.6952565060512348,0.6128206795586401,0.10436784843831337
2026-01-16T22:37:36.738651,interface,0.8110236220472441,0.5863612871901767,0.15031637486051652,0.6377427265687714,0.6789829978099313,0.6952565060512348,0.6128206795586401,0.10436784843831337
2026-01-16T22:37:36.821194,interface,0.8110236220472441,0.5863612871901767,0.15031637486051652,0.6377427265687714,0.6789829978099313,0.6952565060512348,0.6128206795586401,0.10436784843831337
2026-01-16T22:37:36.890124,interface,0.8110236220472441,0.5863612871901767,0.15031637486051652,0.6377427265687714,0.6789829978099313,0.6952565060512348,0.6128206795586401,0.10436784843831337
2026-01-16T22:37:36.972979,interface,0.8110236220472441,0.5863612871901767,0.15031637486051652,0.6377427265687714,0.6789829978099313,0.6952565060512348,0.6128206795586401,0.10436784843831337
2026-01-16T22:37:37.043208,interface,0.8110236220472441,0.5863612871901767,0.15031637486051652,0.6377427265687714,0.6789829978099313,0.6952565060512348,0.6128206795586401,0.10436784843831337
2026-01-16T22:37:37.118918,interface,0.8110236220472441,0.5863612871901767,0.15031637486051652,0.6377427265687714,0.6789829978099313,0.6952565060512348,0.6128206795586401,0.10436784843831337
2026-01-16T22:37:37.201522,interface,0.8110236220472441,0.5863612871901767,0.15031637486051652,0.6377427265687714,0.6789829978099313,0.6952565060512348,0.6128206795586401,0.10436784843831337
2026-01-16T22:37:37.354379,interface,0.8110236220472441,0.5863612871901767,0.15031637486051652,0.6377427265687714,0.6789829978099313,0.6952565060512348,0.6128206795586401,0.10436784843831337
2026-01-16T22:37:37.524127,interface,0.8110236220472441,0.5863612871901767,0.15031637486051652,0.6377427265687714,0.6789829978099313,0.6952565060512348,0.6128206795586401,0.10436784843831337
2026-01-16T22:37:37.595423,interface,0.8110236220472441,0.5863612871901767,0.15031637486051652,0.6377427265687714,0.6789829978099313,0.6952565060512348,0.6128206795586401,0.10436784843831337
2026-01-16T22:37:37.661881,interface,0.8110236220472441,0.5863612871901767,0.15031637486051652,0.6377427265687714,0.6789829978099313,0.6952565060512348,0.6128206795586401,0.10436784843831337
2026-01-16T22:37:37.760378,interface,0.8110236220472441,0.5863612871901767,0.15031637486051652,0.6377427265687714,0.6789829978099313,0.6952565060512348,0.6128206795586401,0.10436784843831337
2026-01-16T22:37:37.834623,interface,0.8110236220472441,0.5863612871901767,0.15031637486051652,0.6377427265687714,0.6789829978099313,0.6952565060512348,0.6128206795586401,0.10436784843831337
2026-01-16T22:37:37.922544,interface,0.8110236220472441,0.5863612871901767,0.15031637486051652,0.6377427265687714,0.6789829978099313,0.6952565060512348,0.6128206795586401,0.10436784843831337
2026-01-16T22:37:38.010718,interface,0.8110236220472441,0.5863612871901767,0.15031637486051652,0.6377427265687714,0.6789829978099313,0.6952565060512348,0.6128206795586401,0.10436784843831337
2026-01-16T22:37:38.184678,interface,0.8110236220472441,0.5863612871901767,0.15031637486051652,0.6377427265687714,0.6789829978099313,0.6952565060512348,0.6128206795586401,0.10436784843831337
2026-01-16T22:37:38.272645,interface,0.8110236220472441,0.5863612871901767,0.15031637486051652,0.6377427265687714,0.6789829978099313,0.6952565060512348,0.6128206795586401,0.10436784843831337
2026-01-16T22:37:38.578456,interface,0.8110236220472441,0.5863612871901767,0.15031637486051652,0.6377427265687714,0.6789829978099313,0.6952565060512348,0.6128206795586401,0.10436784843831337
2026-01-16T22:37:38.579817,interface,0.9448818897637795,0.5863612871901767,0.15031637486051652,0.6377427265687714,0.6789829978099313,0.6952565060512348,0.6128206795586401,0.10436784843831337
2026-01-16T22:37:38.680965,interface,0.8110236220472441,0.5863612871901767,0.15031637486051652,0.6377427265687714,0.6789829978099313,0.6952565060512348,0.6128206795586401,0.10436784843831337
2026-01-16T22:37:38.782157,interface,0.8110236220472441,0.5863612871901767,0.15031637486051652,0.6377427265687714,0.6789829978099313,0.6952565060512348,0.6128206795586401,0.10436784843831337
2026-01-16T22:37:39.750104,interface,0.8110236220472441,0.5863612871901767,0.15031637486051652,0.8110236220472441,0.6789829978099313,0.6952565060512348,0.6128206795586401,0.10436784843831337
2026-01-16T22:37:40.637984,interface,0.8110236220472441,0.5863612871901767,0.15031637486051652,0.8110236220472441,0.6789829978099313,0.6952565060512348,0.6128206795586401,0.10436784843831337
2026-01-16T22:37:41.050832,interface,0.8110236220472441,0.5863612871901767,0.15031637486051652,0.8110236220472441,0.6789829978099313,0.6952565060512348,0.6128206795586401,0.10436784843831337
2026-01-16T22:37:41.240013,interface,0.8110236220472441,0.5863612871901767,0.15031637486051652,0.8110236220472441,0.6789829978099313,0.6952565060512348,0.6128206795586401,0.10436784843831337
2026-01-16T22:37:41.386551,interface,0.8110236220472441,0.5863612871901767,0.15031637486051652,0.8110236220472441,0.6789829978099313,0.6952565060512348,0.6128206795586401,0.10436784843831337
2026-01-16T22:37:41.726583,interface,0.7559055118110236,0.5863612871901767,0.15031637486051652,0.8110236220472441,0.6789829978099313,0.6952565060512348,0.6128206795586401,0.10436784843831337
2026-01-16T22:37:41.809237,interface,0.8503937007874016,0.5863612871901767,0.15031637486051652,0.8110236220472441,0.6789829978099313,0.6952565060512348,0.6128206795586401,0.10436784843831337
2026-01-16T22:37:41.905973,interface,0.8110236220472441,0.5863612871901767,0.15031637486051652,0.8110236220472441,0.6789829978099313,0.6952565060512348,0.6128206795586401,0.10436784843831337
2026-01-16T22:37:42.686141,interface,0.6614173228346457,0.5863612871901767,0.15031637486051652,0.8110236220472441,0.6789829978099313,0.6952565060512348,0.6128206795586401,0.10436784843831337
2026-01-16T22:37:43.765530,interface,0.6614173228346457,0.5863612871901767,0.15031637486051652,0.8110236220472441,0.6789829978099313,0.6952565060512348,0.6128206795586401,0.10436784843831337
2026-01-16T22:37:43.983370,interface,0.6220472440944882,0.5863612871901767,0.15031637486051652,0.8110236220472441,0.6789829978099313,0.6952565060512348,0.6128206795586401,0.10436784843831337
2026-01-16T22:37:44.084476,interface,0.8110236220472441,0.5863612871901767,0.15031637486051652,0.8110236220472441,0.6789829978099313,0.6952565060512348,0.6128206795586401,0.10436784843831337
2026-01-16T22:37:44.183170,interface,0.8503937007874016,0.5863612871901767,0.15031637486051652,0.8110236220472441,0.6789829978099313,0.6952565060512348,0.6128206795586401,0.10436784843831337
2026-01-16T22:37:44.253958,interface,0.6220472440944882,0.5863612871901767,0.15031637486051652,0.8110236220472441,0.6789829978099313,0.6952565060512348,0.6128206795586401,0.10436784843831337
2026-01-16T22:37:44.417784,interface,0.6614173228346457,0.5863612871901767,0.15031637486051652,0.8110236220472441,0.6789829978099313,0.6952565060512348,0.6128206795586401,0.10436784843831337
2026-01-16T22:37:44.502512,interface,0.7559055118110236,0.5863612871901767,0.15031637486051652,0.8110236220472441,0.6789829978099313,0.6952565060512348,0.6128206795586401,0.10436784843831337
2026-01-16T22:37:45.491343,interface,0.6614173228346457,0.5863612871901767,0.15031637486051652,0.8110236220472441,0.6789829978099313,0.6952565060512348,0.6128206795586401,0.10436784843831337
2026-01-16T22:37:45.677800,interface,0.6614173228346457,0.5863612871901767,0.15031637486051652,0.8110236220472441,0.6789829978099313,0.6952565060512348,0.6128206795586401,0.10436784843831337
2026-01-16T22:37:45.844707,interface,0.6614173228346457,0.5863612871901767,0.15031637486051652,0.8110236220472441,0.6789829978099313,0.6952565060512348,0.6128206795586401,0.10436784843831337
2026-01-16T22:37:46.020974,interface,0.6614173228346457,0.5863612871901767,0.15031637486051652,0.8110236220472441,0.6789829978099313,0.6952565060512348,0.6128206795586401,0.10436784843831337
2026-01-16T22:37:46.267747,interface,0.6614173228346457,0.5863612871901767,0.15031637486051652,0.8110236220472441,0.6789829978099313,0.6952565060512348,0.6128206795586401,0.10436784843831337
2026-01-16T22:37:46.496957,interface,0.6614173228346457,0.5863612871901767,0.15031637486051652,0.8110236220472441,0.6789829978099313,0.6952565060512348,0.6128206795586401,0.10436784843831337
2026-01-16T22:37:46.510727,interface,0.6850393700787402,0.5863612871901767,0.15031637486051652,0.8110236220472441,0.6789829978099313,0.6952565060512348,0.6128206795586401,0.10436784843831337
2026-01-16T22:37:46.694804,interface,0.6614173228346457,0.5863612871901767,0.15031637486051652,0.8110236220472441,0.6789829978099313,0.6952565060512348,0.6128206795586401,0.10436784843831337
2026-01-16T22:37:46.717975,interface,0.6614173228346457,0.5863612871901767,0.15031637486051652,0.8110236220472441,0.6789829978099313,0.6952565060512348,0.6128206795586401,0.10436784843831337
2026-01-16T22:37:46.909504,interface,0.6614173228346457,0.5863612871901767,0.15031637486051652,0.8110236220472441,0.6789829978099313,0.6952565060512348,0.6128206795586401,0.10436784843831337
2026-01-16T22:37:46.924485,interface,0.6850393700787402,0.5863612871901767,0.15031637486051652,0.8110236220472441,0.6789829978099313,0.6952565060512348,0.6128206795586401,0.10436784843831337
2026-01-16T22:37:48.209241,interface,0.6614173228346457,0.5863612871901767,0.15031637486051652,0.8110236220472441,0.6789829978099313,0.6952565060512348,0.6128206795586401,0.10436784843831337
2026-01-16T22:37:48.356161,interface,0.6614173228346457,0.5863612871901767,0.15031637486051652,0.8110236220472441,0.6789829978099313,0.6952565060512348,0.6128206795586401,0.10436784843831337
2026-01-16T22:37:48.498077,interface,0.6614173228346457,0.5863612871901767,0.15031637486051652,0.8110236220472441,0.6789829978099313,0.6952565060512348,0.6128206795586401,0.10436784843831337
2026-01-16T22:37:48.512067,interface,0.6771653543307087,0.5863612871901767,0.15031637486051652,0.8110236220472441,0.6789829978099313,0.6952565060512348,0.6128206795586401,0.10436784843831337
2026-01-16T22:37:48.632878,interface,0.6614173228346457,0.5863612871901767,0.15031637486051652,0.8110236220472441,0.6789829978099313,0.6952565060512348,0.6128206795586401,0.10436784843831337
2026-01-16T22:37:48.767943,interface,0.6614173228346457,0.5863612871901767,0.15031637486051652,0.8110236220472441,0.6789829978099313,0.6952565060512348,0.6128206795586401,0.10436784843831337
2026-01-16T22:37:48.908930,interface,0.6614173228346457,0.5863612871901767,0.15031637486051652,0.8110236220472441,0.6789829978099313,0.6952565060512348,0.6128206795586401,0.10436784843831337
2026-01-16T22:37:48.923908,interface,0.6771653543307087,0.5863612871901767,0.15031637486051652,0.8110236220472441,0.6789829978099313,0.6952565060512348,0.6128206795586401,0.10436784843831337
2026-01-16T22:37:49.183840,interface,0.6614173228346457,0.5863612871901767,0.15031637486051652,0.8110236220472441,0.6789829978099313,0.6952565060512348,0.6128206795586401,0.10436784843831337
2026-01-16T22:37:50.647665,interface,0.7559055118110236,0.5863612871901767,0.15031637486051652,0.8110236220472441,0.6789829978099313,0.6952565060512348,0.6128206795586401,0.10436784843831337
2026-01-16T22:37:50.737216,interface,0.8503937007874016,0.5863612871901767,0.15031637486051652,0.8110236220472441,0.6789829978099313,0.6952565060512348,0.6128206795586401,0.10436784843831337
2026-01-16T22:37:50.746007,interface,0.8110236220472441,0.5863612871901767,0.15031637486051652,0.8110236220472441,0.6789829978099313,0.6952565060512348,0.6128206795586401,0.10436784843831337
2026-01-16T22:37:50.747376,interface,0.8503937007874016,0.5863612871901767,0.15031637486051652,0.8110236220472441,0.6789829978099313,0.6952565060512348,0.6128206795586401,0.10436784843831337
2026-01-16T22:37:51.041067,interface,0.6220472440944882,0.5863612871901767,0.15031637486051652,0.8110236220472441,0.6789829978099313,0.6952565060512348,0.6128206795586401,0.10436784843831337
2026-01-16T22:37:51.147552,interface,0.6614173228346457,0.5863612871901767,0.15031637486051652,0.8110236220472441,0.6789829978099313,0.6952565060512348,0.6128206795586401,0.10436784843831337
2026-01-16T22:37:51.517864,interface,0.8110236220472441,0.5863612871901767,0.15031637486051652,0.8110236220472441,0.6789829978099313,0.6952565060512348,0.6128206795586401,0.10436784843831337
2026-01-16T22:37:51.618449,interface,0.6220472440944882,0.5863612871901767,0.15031637486051652,0.8110236220472441,0.6789829978099313,0.6952565060512348,0.6128206795586401,0.10436784843831337
2026-01-16T22:37:51.619190,interface,0.8503937007874016,0.5863612871901767,0.15031637486051652,0.8110236220472441,0.6789829978099313,0.6952565060512348,0.6128206795586401,0.10436784843831337
2026-01-16T22:37:51.634296,interface,0.6220472440944882,0.5863612871901767,0.15031637486051652,0.8110236220472441,0.6789829978099313,0.6952565060512348,0.6128206795586401,0.10436784843831337
2026-01-16T22:37:52.272307,interface,0.6614173228346457,0.5863612871901767,0.15031637486051652,0.8110236220472441,0.6789829978099313,0.6952565060512348,0.6128206795586401,0.10436784843831337
2026-01-16T22:37:52.373524,interface,0.6220472440944882,0.5863612871901767,0.15031637486051652,0.8110236220472441,0.6789829978099313,0.6952565060512348,0.6128206795586401,0.10436784843831337
2026-01-16T22:37:52.469075,interface,0.8503937007874016,0.5863612871901767,0.15031637486051652,0.8110236220472441,0.6789829978099313,0.6952565060512348,0.6128206795586401,0.10436784843831337
2026-01-16T22:37:52.554455,interface,0.8110236220472441,0.5863612871901767,0.15031637486051652,0.8110236220472441,0.6789829978099313,0.6952565060512348,0.6128206795586401,0.10436784843831337
2026-01-16T22:37:52.584442,interface,0.6614173228346457,0.5863612871901767,0.15031637486051652,0.8110236220472441,0.6789829978099313,0.6952565060512348,0.6128206795586401,0.10436784843831337
2026-01-16T22:37:52.621540,interface,0.6220472440944882,0.5863612871901767,0.15031637486051652,0.8110236220472441,0.6789829978099313,0.6952565060512348,0.6128206795586401,0.10436784843831337
2026-01-16T22:37:52.738261,interface,0.7559055118110236,0.5863612871901767,0.15031637486051652,0.8110236220472441,0.6789829978099313,0.6952565060512348,0.6128206795586401,0.10436784843831337
2026-01-16T22:37:52.801286,interface,0.6614173228346457,0.5863612871901767,0.15031637486051652,0.8110236220472441,0.6789829978099313,0.6952565060512348,0.6128206795586401,0.10436784843831337
2026-01-16T22:37:53.667946,interface,0.6220472440944882,0.5863612871901767,0.15031637486051652,0.8110236220472441,0.6789829978099313,0.6952565060512348,0.6128206795586401,0.10436784843831337
2026-01-16T22:37:53.828512,interface,0.8503937007874016,0.5863612871901767,0.15031637486051652,0.8110236220472441,0.6789829978099313,0.6952565060512348,0.6128206795586401,0.10436784843831337
2026-01-16T22:37:53.973303,interface,0.7559055118110236,0.5863612871901767,0.15031637486051652,0.8110236220472441,0.6789829978099313,0.6952565060512348,0.6128206795586401,0.10436784843831337
2026-01-16T22:37:53.997365,interface,0.7559055118110236,0.5863612871901767,0.15031637486051652,0.8110236220472441,0.6789829978099313,0.6952565060512348,0.6128206795586401,0.10436784843831337
2026-01-16T22:37:54.018495,interface,0.6220472440944882,0.5863612871901767,0.15031637486051652,0.8110236220472441,0.6789829978099313,0.6952565060512348,0.6128206795586401,0.10436784843831337
2026-01-16T22:37:54.609438,interface,0.6220472440944882,0.5863612871901767,0.15031637486051652,0.8110236220472441,0.6789829978099313,0.6952565060512348,0.6128206795586401,0.10436784843831337
2026-01-16T22:37:54.832846,interface,0.6220472440944882,0.5863612871901767,0.15031637486051652,0.8110236220472441,0.6789829978099313,0.6952565060512348,0.6128206795586401,0.10436784843831337
2026-01-16T22:37:54.984916,interface,0.8110236220472441,0.5863612871901767,0.15031637486051652,0.8110236220472441,0.6789829978099313,0.6952565060512348,0.6128206795586401,0.10436784843831337
2026-01-16T22:37:55.003960,interface,0.6220472440944882,0.5863612871901767,0.15031637486051652,0.8110236220472441,0.6789829978099313,0.6952565060512348,0.6128206795586401,0.10436784843831337
2026-01-16T22:37:55.166170,interface,0.8110236220472441,0.5863612871901767,0.15031637486051652,0.8110236220472441,0.6789829978099313,0.6952565060512348,0.6128206795586401,0.10436784843831337
2026-01-16T22:37:55.230764,interface,0.6220472440944882,0.5863612871901767,0.15031637486051652,0.8110236220472441,0.6789829978099313,0.6952565060512348,0.6128206795586401,0.10436784843831337
2026-01-16T22:37:55.365759,interface,0.8110236220472441,0.5863612871901767,0.15031637486051652,0.8110236220472441,0.6789829978099313,0.6952565060512348,0.6128206795586401,0.10436784843831337
2026-01-16T22:37:55.384885,interface,0.6220472440944882,0.5863612871901767,0.15031637486051652,0.8110236220472441,0.6789829978099313,0.6952565060512348,0.6128206795586401,0.10436784843831337
2026-01-16T22:37:55.574631,interface,0.6220472440944882,0.5863612871901767,0.15031637486051652,0.8110236220472441,0.6789829978099313,0.6952565060512348,0.6128206795586401,0.10436784843831337
2026-01-16T22:37:55.748882,interface,0.6220472440944882,0.5863612871901767,0.15031637486051652,0.8110236220472441,0.6789829978099313,0.6952565060512348,0.6128206795586401,0.10436784843831337
2026-01-16T22:37:55.959413,interface,0.6220472440944882,0.5863612871901767,0.15031637486051652,0.8110236220472441,0.6789829978099313,0.6952565060512348,0.6128206795586401,0.10436784843831337
2026-01-16T22:37:56.154436,interface,0.6220472440944882,0.5863612871901767,0.15031637486051652,0.8110236220472441,0.6789829978099313,0.6952565060512348,0.6128206795586401,0.10436784843831337
2026-01-16T22:37:56.169305,interface,0.6456692913385826,0.5863612871901767,0.15031637486051652,0.8110236220472441,0.6789829978099313,0.6952565060512348,0.6128206795586401,0.10436784843831337
2026-01-16T22:37:56.793494,interface,0.7559055118110236,0.5863612871901767,0.15031637486051652,0.8110236220472441,0.6789829978099313,0.6952565060512348,0.6128206795586401,0.10436784843831337
2026-01-16T22:37:56.833864,interface,0.5669291338582677,0.5863612871901767,0.15031637486051652,0.8110236220472441,0.6789829978099313,0.6952565060512348,0.6128206795586401,0.10436784843831337
2026-01-16T22:37:56.867550,interface,0.47244094488188976,0.5863612871901767,0.15031637486051652,0.8110236220472441,0.6789829978099313,0.6952565060512348,0.6128206795586401,0.10436784843831337
2026-01-16T22:37:56.920570,interface,0.4330708661417323,0.5863612871901767,0.15031637486051652,0.8110236220472441,0.6789829978099313,0.6952565060512348,0.6128206795586401,0.10436784843831337
2026-01-16T22:37:56.969049,interface,0.4330708661417323,0.5863612871901767,0.15031637486051652,0.8110236220472441,0.6789829978099313,0.6952565060512348,0.6128206795586401,0.10436784843831337
2026-01-16T22:37:56.991726,interface,0.7559055118110236,0.5863612871901767,0.15031637486051652,0.8110236220472441,0.6789829978099313,0.6952565060512348,0.6128206795586401,0.10436784843831337
2026-01-16T22:37:56.992413,interface,0.47244094488188976,0.5863612871901767,0.15031637486051652,0.8110236220472441,0.6789829978099313,0.6952565060512348,0.6128206795586401,0.10436784843831337
2026-01-16T22:37:57.000560,interface,0.7559055118110236,0.5863612871901767,0.15031637486051652,0.8110236220472441,0.6789829978099313,0.6952565060512348,0.6128206795586401,0.10436784843831337
2026-01-16T22:37:57.072883,interface,0.5669291338582677,0.5863612871901767,0.15031637486051652,0.8110236220472441,0.6789829978099313,0.6952565060512348,0.6128206795586401,0.10436784843831337
2026-01-16T22:37:57.074339,interface,0.4330708661417323,0.5863612871901767,0.15031637486051652,0.8110236220472441,0.6789829978099313,0.6952565060512348,0.6128206795586401,0.10436784843831337
2026-01-16T22:37:57.081654,interface,0.7559055118110236,0.5863612871901767,0.15031637486051652,0.8110236220472441,0.6789829978099313,0.6952565060512348,0.6128206795586401,0.10436784843831337
2026-01-16T22:37:57.083135,interface,0.5669291338582677,0.5863612871901767,0.15031637486051652,0.8110236220472441,0.6789829978099313,0.6952565060512348,0.6128206795586401,0.10436784843831337
2026-01-16T22:37:57.083787,interface,0.4330708661417323,0.5863612871901767,0.15031637486051652,0.8110236220472441,0.6789829978099313,0.6952565060512348,0.6128206795586401,0.10436784843831337
2026-01-16T22:37:57.181503,interface,0.7559055118110236,0.5863612871901767,0.15031637486051652,0.8110236220472441,0.6789829978099313,0.6952565060512348,0.6128206795586401,0.10436784843831337
2026-01-16T22:37:57.203620,interface,0.7559055118110236,0.5863612871901767,0.15031637486051652,0.8110236220472441,0.6789829978099313,0.6952565060512348,0.6128206795586401,0.10436784843831337
2026-01-16T22:37:57.264207,interface,0.5669291338582677,0.5863612871901767,0.15031637486051652,0.8110236220472441,0.6789829978099313,0.6952565060512348,0.6128206795586401,0.10436784843831337
2026-01-16T22:38:01.999570,interface,0.6299212598425197,0.5863612871901767,0.15031637486051652,0.8110236220472441,0.6789829978099313,0.6952565060512348,0.6128206795586401,0.10436784843831337
2026-01-16T22:38:43.752031,interface,0.0,0.5863612871901767,0.15031637486051652,0.8110236220472441,0.6789829978099313,0.6952565060512348,0.6128206795586401,0.10436784843831337
2026-01-16T22:38:43.752983,interface,0.0,0.5863612871901767,0.15031637486051652,0.8110236220472441,0.6789829978099313,0.6952565060512348,0.6128206795586401,0.08661417322834646
2026-01-16T22:38:43.826660,interface,0.0,0.5863612871901767,0.15031637486051652,0.8110236220472441,0.6789829978099313,0.6952565060512348,0.6128206795586401,0.08661417322834646
2026-01-16T22:38:43.872359,interface,0.0,0.5863612871901767,0.15031637486051652,0.8110236220472441,0.6789829978099313,0.6952565060512348,0.6128206795586401,0.08661417322834646
2026-01-16T22:38:43.873212,interface,0.0,0.5863612871901767,0.15031637486051652,0.8110236220472441,0.6789829978099313,0.6952565060512348,0.6128206795586401,1.0
2026-01-16T22:38:43.944613,interface,0.0,0.5863612871901767,0.15031637486051652,0.8110236220472441,0.6789829978099313,0.6952565060512348,0.6128206795586401,0.9921259842519685
2026-01-16T22:38:43.958535,interface,0.0,0.5863612871901767,0.15031637486051652,0.8110236220472441,0.6789829978099313,0.6952565060512348,0.6128206795586401,0.984251968503937
2026-01-16T22:38:43.991839,interface,0.0,0.5863612871901767,0.15031637486051652,0.8110236220472441,0.6789829978099313,0.6952565060512348,0.6128206795586401,0.9763779527559056
2026-01-16T22:38:44.021619,interface,0.0,0.5863612871901767,0.15031637486051652,0.8110236220472441,0.6789829978099313,0.6952565060512348,0.6128206795586401,0.968503937007874
2026-01-16T22:38:44.117699,interface,0.0,0.5863612871901767,0.15031637486051652,0.8110236220472441,0.6789829978099313,0.6952565060512348,0.6128206795586401,0.968503937007874
2026-01-16T22:38:44.572580,interface,0.007874015748031496,0.5863612871901767,0.15031637486051652,0.8110236220472441,0.6789829978099313,0.6952565060512348,0.6128206795586401,0.968503937007874
2026-01-16T22:38:44.573473,interface,0.007874015748031496,0.5863612871901767,0.15031637486051652,0.8110236220472441,0.6789829978099313,0.6952565060512348,0.25196850393700787,0.968503937007874
2026-01-16T22:38:44.588802,interface,0.007874015748031496,0.5863612871901767,0.15031637486051652,0.8110236220472441,0.6789829978099313,0.6952565060512348,0.3228346456692913,0.968503937007874
2026-01-16T22:38:44.596602,interface,0.007874015748031496,0.5863612871901767,0.15031637486051652,0.8110236220472441,0.6789829978099313,0.6952565060512348,0.4094488188976378,0.968503937007874
2026-01-16T22:38:44.605472,interface,0.007874015748031496,0.5863612871901767,0.15031637486051652,0.8110236220472441,0.6789829978099313,0.6952565060512348,0.5669291338582677,0.968503937007874
2026-01-16T22:38:44.619356,interface,0.007874015748031496,0.5863612871901767,0.15031637486051652,0.8110236220472441,0.6789829978099313,0.6952565060512348,0.7322834645669292,0.968503937007874
2026-01-16T22:38:44.628249,interface,0.007874015748031496,0.5863612871901767,0.15031637486051652,0.8110236220472441,0.6789829978099313,0.6952565060512348,0.937007874015748,0.968503937007874
2026-01-16T22:38:44.652206,interface,0.007874015748031496,0.5863612871901767,0.15031637486051652,0.8110236220472441,0.6789829978099313,0.6952565060512348,0.5669291338582677,0.968503937007874
2026-01-16T22:38:44.730465,interface,0.007874015748031496,0.5863612871901767,0.15031637486051652,0.8110236220472441,0.6789829978099313,0.6952565060512348,0.5669291338582677,0.968503937007874
2026-01-16T22:38:44.731249,interface,0.007874015748031496,0.5863612871901767,0.15031637486051652,0.8110236220472441,0.6789829978099313,0.6952565060512348,1.0,0.968503937007874
2026-01-16T22:38:44.767762,interface,0.007874015748031496,0.5863612871901767,0.15031637486051652,0.8110236220472441,0.6789829978099313,0.6952565060512348,0.9921259842519685,0.968503937007874
2026-01-16T22:38:44.866021,interface,0.007874015748031496,0.5863612871901767,0.15031637486051652,0.8110236220472441,0.6789829978099313,0.6952565060512348,0.9921259842519685,0.968503937007874
2026-01-16T22:38:45.285723,interface,0.015748031496062992,0.5863612871901767,0.15031637486051652,0.8110236220472441,0.6789829978099313,0.6952565060512348,0.9921259842519685,0.968503937007874
2026-01-16T22:38:45.286632,interface,0.015748031496062992,0.5863612871901767,0.15031637486051652,0.8110236220472441,0.6789829978099313,0.2440944881889764,0.9921259842519685,0.968503937007874
2026-01-16T22:38:45.296833,interface,0.015748031496062992,0.5863612871901767,0.15031637486051652,0.8110236220472441,0.6789829978099313,0.3700787401574803,0.9921259842519685,0.968503937007874
2026-01-16T22:38:45.384715,interface,0.015748031496062992,0.5863612871901767,0.15031637486051652,0.8110236220472441,0.6789829978099313,0.3700787401574803,0.9921259842519685,0.968503937007874
2026-01-16T22:38:45.419043,interface,0.015748031496062992,0.5863612871901767,0.15031637486051652,0.8110236220472441,0.6789829978099313,0.3700787401574803,0.9921259842519685,0.968503937007874
2026-01-16T22:38:45.419880,interface,0.015748031496062992,0.5863612871901767,0.15031637486051652,0.8110236220472441,0.6789829978099313,0.8582677165354331,0.9921259842519685,0.968503937007874
2026-01-16T22:38:45.455220,interface,0.015748031496062992,0.5863612871901767,0.15031637486051652,0.8110236220472441,0.6789829978099313,0.8503937007874016,0.9921259842519685,0.968503937007874
2026-01-16T22:38:45.464024,interface,0.015748031496062992,0.5863612871901767,0.15031637486051652,0.8110236220472441,0.6789829978099313,0.84251968503937,0.9921259842519685,0.968503937007874
2026-01-16T22:38:45.477934,interface,0.015748031496062992,0.5863612871901767,0.15031637486051652,0.8110236220472441,0.6789829978099313,0.8503937007874016,0.9921259842519685,0.968503937007874
2026-01-16T22:38:45.486737,interface,0.015748031496062992,0.5863612871901767,0.15031637486051652,0.8110236220472441,0.6789829978099313,0.8582677165354331,0.9921259842519685,0.968503937007874
2026-01-16T22:38:45.515481,interface,0.015748031496062992,0.5863612871901767,0.15031637486051652,0.8110236220472441,0.6789829978099313,0.8661417322834646,0.9921259842519685,0.968503937007874
2026-01-16T22:38:45.539517,interface,0.015748031496062992,0.5863612871901767,0.15031637486051652,0.8110236220472441,0.6789829978099313,0.8818897637795275,0.9921259842519685,0.968503937007874
2026-01-16T22:38:45.563853,interface,0.015748031496062992,0.5863612871901767,0.15031637486051652,0.8110236220472441,0.6789829978099313,0.9133858267716536,0.9921259842519685,0.968503937007874
2026-01-16T22:38:45.583688,interface,0.015748031496062992,0.5863612871901767,0.15031637486051652,0.8110236220472441,0.6789829978099313,0.937007874015748,0.9921259842519685,0.968503937007874
2026-01-16T22:38:45.610036,interface,0.015748031496062992,0.5863612871901767,0.15031637486051652,0.8110236220472441,0.6789829978099313,0.9133858267716536,0.9921259842519685,0.968503937007874
2026-01-16T22:38:46.296327,interface,0.023622047244094488,0.5863612871901767,0.15031637486051652,0.8110236220472441,0.6789829978099313,0.9133858267716536,0.9921259842519685,0.968503937007874
2026-01-16T22:38:46.297212,interface,0.023622047244094488,0.5863612871901767,0.15031637486051652,0.8110236220472441,0.7480314960629921,0.9133858267716536,0.9921259842519685,0.968503937007874
2026-01-16T22:38:46.312385,interface,0.023622047244094488,0.5863612871901767,0.15031637486051652,0.8110236220472441,0.8503937007874016,0.9133858267716536,0.9921259842519685,0.968503937007874
2026-01-16T22:38:46.325185,interface,0.023622047244094488,0.5863612871901767,0.15031637486051652,0.8110236220472441,0.9212598425196851,0.9133858267716536,0.9921259842519685,0.968503937007874
2026-01-16T22:38:46.332404,interface,0.023622047244094488,0.5863612871901767,0.15031637486051652,0.8110236220472441,0.9606299212598425,0.9133858267716536,0.9921259842519685,0.968503937007874
2026-01-16T22:38:46.341212,interface,0.023622047244094488,0.5863612871901767,0.15031637486051652,0.8110236220472441,0.984251968503937,0.9133858267716536,0.9921259842519685,0.968503937007874
2026-01-16T22:38:46.368263,interface,0.023622047244094488,0.5863612871901767,0.15031637486051652,0.8110236220472441,0.9763779527559056,0.9133858267716536,0.9921259842519685,0.968503937007874
2026-01-16T22:38:46.416440,interface,0.023622047244094488,0.5863612871901767,0.15031637486051652,0.8110236220472441,0.968503937007874,0.9133858267716536,0.9921259842519685,0.968503937007874
2026-01-16T22:38:46.481068,interface,0.023622047244094488,0.5863612871901767,0.15031637486051652,0.8110236220472441,0.968503937007874,0.9133858267716536,0.9921259842519685,0.968503937007874
2026-01-16T22:38:46.891185,interface,0.0,0.5863612871901767,0.15031637486051652,0.8110236220472441,0.968503937007874,0.9133858267716536,0.9921259842519685,0.968503937007874
2026-01-16T22:38:46.892140,interface,0.0,0.5863612871901767,0.15031637486051652,0.8110236220472441,0.968503937007874,0.9133858267716536,0.9921259842519685,0.2440944881889764
2026-01-16T22:38:46.902152,interface,0.0,0.5863612871901767,0.15031637486051652,0.8110236220472441,0.968503937007874,0.9133858267716536,0.9921259842519685,0.31496062992125984
2026-01-16T22:38:46.910989,interface,0.0,0.5863612871901767,0.15031637486051652,0.8110236220472441,0.968503937007874,0.9133858267716536,0.9921259842519685,0.3937007874015748
2026-01-16T22:38:46.924834,interface,0.0,0.5863612871901767,0.15031637486051652,0.8110236220472441,0.968503937007874,0.9133858267716536,0.9921259842519685,0.48031496062992124
2026-01-16T22:38:46.938728,interface,0.0,0.5863612871901767,0.15031637486051652,0.8110236220472441,0.968503937007874,0.9133858267716536,0.9921259842519685,0.6141732283464567
2026-01-16T22:38:46.947495,interface,0.0,0.5863612871901767,0.15031637486051652,0.8110236220472441,0.968503937007874,0.9133858267716536,0.9921259842519685,0.6850393700787402
2026-01-16T22:38:47.066440,interface,0.0,0.5863612871901767,0.15031637486051652,0.8110236220472441,0.968503937007874,0.9133858267716536,0.9921259842519685,0.7637795275590551
2026-01-16T22:38:47.085343,interface,0.0,0.5863612871901767,0.15031637486051652,0.8110236220472441,0.968503937007874,0.9133858267716536,0.9921259842519685,0.7480314960629921
2026-01-16T22:38:47.120337,interface,0.0,0.5863612871901767,0.15031637486051652,0.8110236220472441,0.968503937007874,0.9133858267716536,0.9921259842519685,0.7480314960629921
2026-01-16T22:38:48.149984,interface,0.1968503937007874,0.5863612871901767,0.15031637486051652,0.8110236220472441,0.968503937007874,0.9133858267716536,0.9921259842519685,0.7480314960629921
2026-01-16T22:38:50.238372,interface,0.3779527559055118,0.5863612871901767,0.15031637486051652,0.8110236220472441,0.968503937007874,0.9133858267716536,0.9921259842519685,0.7480314960629921
2026-01-16T22:38:51.364646,interface,0.06299212598425197,0.5863612871901767,0.15031637486051652,0.8110236220472441,0.968503937007874,0.9133858267716536,0.9921259842519685,0.7480314960629921
2026-01-16T22:38:51.365574,interface,0.06299212598425197,0.5863612871901767,0.8110236220472441,0.8110236220472441,0.968503937007874,0.9133858267716536,0.9921259842519685,0.7480314960629921
2026-01-16T22:38:51.375870,interface,0.06299212598425197,0.5863612871901767,0.8188976377952756,0.8110236220472441,0.968503937007874,0.9133858267716536,0.9921259842519685,0.7480314960629921
2026-01-16T22:38:51.399856,interface,0.06299212598425197,0.5863612871901767,0.7952755905511811,0.8110236220472441,0.968503937007874,0.9133858267716536,0.9921259842519685,0.7480314960629921
2026-01-16T22:38:51.486872,interface,0.06299212598425197,0.5863612871901767,0.7952755905511811,0.8110236220472441,0.968503937007874,0.9133858267716536,0.9921259842519685,0.7480314960629921
2026-01-16T22:38:52.726102,interface,0.05511811023622047,0.5863612871901767,0.7952755905511811,0.8110236220472441,0.968503937007874,0.9133858267716536,0.9921259842519685,0.7480314960629921
2026-01-16T22:38:52.727004,interface,0.05511811023622047,0.33858267716535434,0.7952755905511811,0.8110236220472441,0.968503937007874,0.9133858267716536,0.9921259842519685,0.7480314960629921
2026-01-16T22:38:52.822737,interface,0.05511811023622047,0.33858267716535434,0.7952755905511811,0.8110236220472441,0.968503937007874,0.9133858267716536,0.9921259842519685,0.7480314960629921
2026-01-16T22:38:53.446431,interface,0.05511811023622047,0.33858267716535434,0.7952755905511811,0.8110236220472441,0.968503937007874,0.9133858267716536,0.9921259842519685,0.7480314960629921
2026-01-16T22:38:53.447323,interface,0.05511811023622047,0.9212598425196851,0.7952755905511811,0.8110236220472441,0.968503937007874,0.9133858267716536,0.9921259842519685,0.7480314960629921
2026-01-16T22:38:53.457639,interface,0.05511811023622047,0.9133858267716536,0.7952755905511811,0.8110236220472441,0.968503937007874,0.9133858267716536,0.9921259842519685,0.7480314960629921
2026-01-16T22:38:53.466508,interface,0.05511811023622047,0.905511811023622,0.7952755905511811,0.8110236220472441,0.968503937007874,0.9133858267716536,0.9921259842519685,0.7480314960629921
2026-01-16T22:38:53.567775,interface,0.05511811023622047,0.905511811023622,0.7952755905511811,0.8110236220472441,0.968503937007874,0.9133858267716536,0.9921259842519685,0.7480314960629921
2026-01-16T22:38:54.331005,interface,0.07086614173228346,0.905511811023622,0.7952755905511811,0.8110236220472441,0.968503937007874,0.9133858267716536,0.9921259842519685,0.7480314960629921
2026-01-16T22:38:54.331902,interface,0.07086614173228346,0.905511811023622,0.7952755905511811,0.6692913385826772,0.968503937007874,0.9133858267716536,0.9921259842519685,0.7480314960629921
2026-01-16T22:38:54.377119,interface,0.07086614173228346,0.905511811023622,0.7952755905511811,0.6456692913385826,0.968503937007874,0.9133858267716536,0.9921259842519685,0.7480314960629921
2026-01-16T22:38:54.463907,interface,0.07086614173228346,0.905511811023622,0.7952755905511811,0.6456692913385826,0.968503937007874,0.9133858267716536,0.9921259842519685,0.7480314960629921
2026-01-16T22:38:54.685155,interface,0.1889763779527559,0.905511811023622,0.7952755905511811,0.6456692913385826,0.968503937007874,0.9133858267716536,0.9921259842519685,0.7480314960629921
2026-01-16T22:38:55.165501,interface,0.3779527559055118,0.905511811023622,0.7952755905511811,0.6456692913385826,0.968503937007874,0.9133858267716536,0.9921259842519685,0.7480314960629921
2026-01-16T22:38:55.261920,interface,0.3779527559055118,0.905511811023622,0.7952755905511811,0.6456692913385826,0.968503937007874,0.9133858267716536,0.9921259842519685,0.7480314960629921
2026-01-16T22:38:55.552137,interface,0.3779527559055118,0.905511811023622,0.7952755905511811,0.6456692913385826,0.968503937007874,0.9133858267716536,0.9921259842519685,0.7480314960629921
2026-01-16T22:38:55.566937,interface,0.06299212598425197,0.905511811023622,0.7952755905511811,0.6456692913385826,0.968503937007874,0.9133858267716536,0.9921259842519685,0.7480314960629921
2026-01-16T22:38:55.624733,interface,0.3779527559055118,0.905511811023622,0.7952755905511811,0.6456692913385826,0.968503937007874,0.9133858267716536,0.9921259842519685,0.7480314960629921
2026-01-16T22:38:55.891694,interface,0.3779527559055118,0.905511811023622,0.7952755905511811,0.6456692913385826,0.968503937007874,0.9133858267716536,0.9921259842519685,0.7480314960629921
2026-01-16T22:38:55.976011,interface,0.3779527559055118,0.905511811023622,0.7952755905511811,0.6456692913385826,0.968503937007874,0.9133858267716536,0.9921259842519685,0.7480314960629921
2026-01-16T22:38:56.302691,interface,0.3779527559055118,0.905511811023622,0.7952755905511811,0.6456692913385826,0.968503937007874,0.9133858267716536,0.9921259842519685,0.7480314960629921
2026-01-16T22:38:56.497154,interface,0.3779527559055118,0.905511811023622,0.7952755905511811,0.6456692913385826,0.968503937007874,0.9133858267716536,0.9921259842519685,0.7480314960629921
2026-01-16T22:38:56.614671,interface,0.3779527559055118,0.905511811023622,0.7952755905511811,0.6456692913385826,0.968503937007874,0.9133858267716536,0.9921259842519685,0.7480314960629921
2026-01-16T22:38:56.919614,interface,0.3779527559055118,0.905511811023622,0.7952755905511811,0.6456692913385826,0.968503937007874,0.9133858267716536,0.9921259842519685,0.7480314960629921
2026-01-16T22:38:57.015978,interface,0.3779527559055118,0.905511811023622,0.7952755905511811,0.6456692913385826,0.968503937007874,0.9133858267716536,0.9921259842519685,0.7480314960629921
2026-01-16T22:38:59.351569,interface,0.6220472440944882,0.905511811023622,0.7952755905511811,0.6456692913385826,0.968503937007874,0.9133858267716536,0.9921259842519685,0.7480314960629921
2026-01-16T22:38:59.640015,interface,0.6220472440944882,0.905511811023622,0.7952755905511811,0.6456692913385826,0.968503937007874,0.9133858267716536,0.9921259842519685,0.7480314960629921
2026-01-16T22:38:59.652166,interface,0.3543307086614173,0.905511811023622,0.7952755905511811,0.6456692913385826,0.968503937007874,0.9133858267716536,0.9921259842519685,0.7480314960629921
2026-01-16T22:38:59.729444,interface,0.6220472440944882,0.905511811023622,0.7952755905511811,0.6456692913385826,0.968503937007874,0.9133858267716536,0.9921259842519685,0.7480314960629921
2026-01-16T22:38:59.861631,interface,0.6220472440944882,0.905511811023622,0.7952755905511811,0.6456692913385826,0.968503937007874,0.9133858267716536,0.9921259842519685,0.7480314960629921
2026-01-16T22:38:59.876727,interface,0.6614173228346457,0.905511811023622,0.7952755905511811,0.6456692913385826,0.968503937007874,0.9133858267716536,0.9921259842519685,0.7480314960629921
2026-01-16T22:39:00.787346,interface,0.6614173228346457,0.905511811023622,0.7952755905511811,0.6456692913385826,0.968503937007874,0.9133858267716536,0.9921259842519685,0.2677165354330709
2026-01-16T22:39:00.805889,interface,0.6614173228346457,0.905511811023622,0.7952755905511811,0.6456692913385826,0.968503937007874,0.9133858267716536,0.9921259842519685,0.25984251968503935
2026-01-16T22:39:00.806721,interface,0.6614173228346457,0.905511811023622,0.7952755905511811,0.6456692913385826,0.968503937007874,0.9133858267716536,0.9921259842519685,0.25196850393700787
2026-01-16T22:39:00.807438,interface,0.6614173228346457,0.905511811023622,0.7952755905511811,0.6456692913385826,0.968503937007874,0.9133858267716536,0.9921259842519685,0.2440944881889764
2026-01-16T22:39:00.815630,interface,0.6614173228346457,0.905511811023622,0.7952755905511811,0.6456692913385826,0.968503937007874,0.9133858267716536,0.9921259842519685,0.2283464566929134
2026-01-16T22:39:00.826842,interface,0.6614173228346457,0.905511811023622,0.7952755905511811,0.6456692913385826,0.968503937007874,0.9133858267716536,0.9921259842519685,0.2125984251968504
2026-01-16T22:39:00.833327,interface,0.6614173228346457,0.905511811023622,0.7952755905511811,0.6456692913385826,0.968503937007874,0.9133858267716536,0.9921259842519685,0.1968503937007874
2026-01-16T22:39:00.846157,interface,0.6614173228346457,0.905511811023622,0.7952755905511811,0.6456692913385826,0.968503937007874,0.9133858267716536,0.9921259842519685,0.1732283464566929
2026-01-16T22:39:00.846953,interface,0.6614173228346457,0.905511811023622,0.7952755905511811,0.6456692913385826,0.968503937007874,0.9133858267716536,0.9921259842519685,0.14173228346456693
2026-01-16T22:39:00.857210,interface,0.6614173228346457,0.905511811023622,0.7952755905511811,0.6456692913385826,0.968503937007874,0.9133858267716536,0.9921259842519685,0.11811023622047244
2026-01-16T22:39:00.866164,interface,0.6614173228346457,0.905511811023622,0.7952755905511811,0.6456692913385826,0.968503937007874,0.9133858267716536,0.9921259842519685,0.09448818897637795
2026-01-16T22:39:00.876986,interface,0.6614173228346457,0.905511811023622,0.7952755905511811,0.6456692913385826,0.968503937007874,0.9133858267716536,0.9921259842519685,0.06299212598425197
2026-01-16T22:39:00.887492,interface,0.6614173228346457,0.905511811023622,0.7952755905511811,0.6456692913385826,0.968503937007874,0.9133858267716536,0.9921259842519685,0.03937007874015748
2026-01-16T22:39:00.888307,interface,0.6614173228346457,0.905511811023622,0.7952755905511811,0.6456692913385826,0.968503937007874,0.9133858267716536,0.9921259842519685,0.015748031496062992
2026-01-16T22:39:00.901441,interface,0.6614173228346457,0.905511811023622,0.7952755905511811,0.6456692913385826,0.968503937007874,0.9133858267716536,0.9921259842519685,0.007874015748031496
2026-01-16T22:39:00.902237,interface,0.6614173228346457,0.905511811023622,0.7952755905511811,0.6456692913385826,0.968503937007874,0.9133858267716536,0.9921259842519685,0.0
2026-01-16T22:39:00.916760,interface,0.6614173228346457,0.905511811023622,0.7952755905511811,0.6456692913385826,0.968503937007874,0.9133858267716536,0.9921259842519685,0.0
2026-01-16T22:39:01.033189,interface,0.6614173228346457,0.905511811023622,0.7952755905511811,0.6456692913385826,0.968503937007874,0.9133858267716536,0.9921259842519685,0.0
2026-01-16T22:39:01.046540,interface,0.6614173228346457,0.905511811023622,0.7952755905511811,0.6456692913385826,0.968503937007874,0.9133858267716536,0.9921259842519685,0.015748031496062992
2026-01-16T22:39:01.047338,interface,0.6614173228346457,0.905511811023622,0.7952755905511811,0.6456692913385826,0.968503937007874,0.9133858267716536,0.9921259842519685,0.023622047244094488
2026-01-16T22:39:01.057134,interface,0.6614173228346457,0.905511811023622,0.7952755905511811,0.6456692913385826,0.968503937007874,0.9133858267716536,0.9921259842519685,0.03937007874015748
2026-01-16T22:39:01.066805,interface,0.6614173228346457,0.905511811023622,0.7952755905511811,0.6456692913385826,0.968503937007874,0.9133858267716536,0.9921259842519685,0.047244094488188976
2026-01-16T22:39:01.076162,interface,0.6614173228346457,0.905511811023622,0.7952755905511811,0.6456692913385826,0.968503937007874,0.9133858267716536,0.9921259842519685,0.06299212598425197
2026-01-16T22:39:01.088352,interface,0.6614173228346457,0.905511811023622,0.7952755905511811,0.6456692913385826,0.968503937007874,0.9133858267716536,0.9921259842519685,0.07086614173228346
2026-01-16T22:39:01.089175,interface,0.6614173228346457,0.905511811023622,0.7952755905511811,0.6456692913385826,0.968503937007874,0.9133858267716536,0.9921259842519685,0.08661417322834646
2026-01-16T22:39:01.097820,interface,0.6614173228346457,0.905511811023622,0.7952755905511811,0.6456692913385826,0.968503937007874,0.9133858267716536,0.9921259842519685,0.09448818897637795
2026-01-16T22:39:01.106498,interface,0.6614173228346457,0.905511811023622,0.7952755905511811,0.6456692913385826,0.968503937007874,0.9133858267716536,0.9921259842519685,0.10236220472440945
2026-01-16T22:39:01.116474,interface,0.6614173228346457,0.905511811023622,0.7952755905511811,0.6456692913385826,0.968503937007874,0.9133858267716536,0.9921259842519685,0.11023622047244094
2026-01-16T22:39:01.125953,interface,0.6614173228346457,0.905511811023622,0.7952755905511811,0.6456692913385826,0.968503937007874,0.9133858267716536,0.9921259842519685,0.11811023622047244
2026-01-16T22:39:01.126749,interface,0.6614173228346457,0.905511811023622,0.7952755905511811,0.6456692913385826,0.968503937007874,0.9133858267716536,0.9921259842519685,0.12598425196850394
2026-01-16T22:39:01.137226,interface,0.6614173228346457,0.905511811023622,0.7952755905511811,0.6456692913385826,0.968503937007874,0.9133858267716536,0.9921259842519685,0.12598425196850394
2026-01-16T22:39:01.145948,interface,0.6614173228346457,0.905511811023622,0.7952755905511811,0.6456692913385826,0.968503937007874,0.9133858267716536,0.9921259842519685,0.13385826771653545
2026-01-16T22:39:01.155991,interface,0.6614173228346457,0.905511811023622,0.7952755905511811,0.6456692913385826,0.968503937007874,0.9133858267716536,0.9921259842519685,0.14173228346456693
2026-01-16T22:39:01.165789,interface,0.6614173228346457,0.905511811023622,0.7952755905511811,0.6456692913385826,0.968503937007874,0.9133858267716536,0.9921259842519685,0.14173228346456693
2026-01-16T22:39:01.166564,interface,0.6614173228346457,0.905511811023622,0.7952755905511811,0.6456692913385826,0.968503937007874,0.9133858267716536,0.9921259842519685,0.14960629921259844
2026-01-16T22:39:01.177242,interface,0.6614173228346457,0.905511811023622,0.7952755905511811,0.6456692913385826,0.968503937007874,0.9133858267716536,0.9921259842519685,0.15748031496062992
2026-01-16T22:39:01.187073,interface,0.6614173228346457,0.905511811023622,0.7952755905511811,0.6456692913385826,0.968503937007874,0.9133858267716536,0.9921259842519685,0.16535433070866143
2026-01-16T22:39:01.196142,interface,0.6614173228346457,0.905511811023622,0.7952755905511811,0.6456692913385826,0.968503937007874,0.9133858267716536,0.9921259842519685,0.1732283464566929
2026-01-16T22:39:01.205910,interface,0.6614173228346457,0.905511811023622,0.7952755905511811,0.6456692913385826,0.968503937007874,0.9133858267716536,0.9921259842519685,0.18110236220472442
2026-01-16T22:39:01.206743,interface,0.6614173228346457,0.905511811023622,0.7952755905511811,0.6456692913385826,0.968503937007874,0.9133858267716536,0.9921259842519685,0.1968503937007874
2026-01-16T22:39:01.217249,interface,0.6614173228346457,0.905511811023622,0.7952755905511811,0.6456692913385826,0.968503937007874,0.9133858267716536,0.9921259842519685,0.2047244094488189
2026-01-16T22:39:01.226153,interface,0.6614173228346457,0.905511811023622,0.7952755905511811,0.6456692913385826,0.968503937007874,0.9133858267716536,0.9921259842519685,0.2125984251968504
2026-01-16T22:39:01.236706,interface,0.6614173228346457,0.905511811023622,0.7952755905511811,0.6456692913385826,0.968503937007874,0.9133858267716536,0.9921259842519685,0.2204724409448819
2026-01-16T22:39:01.246399,interface,0.6614173228346457,0.905511811023622,0.7952755905511811,0.6456692913385826,0.968503937007874,0.9133858267716536,0.9921259842519685,0.2283464566929134
2026-01-16T22:39:01.247226,interface,0.6614173228346457,0.905511811023622,0.7952755905511811,0.6456692913385826,0.968503937007874,0.9133858267716536,0.9921259842519685,0.23622047244094488
2026-01-16T22:39:01.257245,interface,0.6614173228346457,0.905511811023622,0.7952755905511811,0.6456692913385826,0.968503937007874,0.9133858267716536,0.9921259842519685,0.25196850393700787
2026-01-16T22:39:01.265985,interface,0.6614173228346457,0.905511811023622,0.7952755905511811,0.6456692913385826,0.968503937007874,0.9133858267716536,0.9921259842519685,0.25984251968503935
2026-01-16T22:39:01.276891,interface,0.6614173228346457,0.905511811023622,0.7952755905511811,0.6456692913385826,0.968503937007874,0.9133858267716536,0.9921259842519685,0.2677165354330709
2026-01-16T22:39:01.285786,interface,0.6614173228346457,0.905511811023622,0.7952755905511811,0.6456692913385826,0.968503937007874,0.9133858267716536,0.9921259842519685,0.2755905511811024
2026-01-16T22:39:01.286576,interface,0.6614173228346457,0.905511811023622,0.7952755905511811,0.6456692913385826,0.968503937007874,0.9133858267716536,0.9921259842519685,0.28346456692913385
2026-01-16T22:39:01.297488,interface,0.6614173228346457,0.905511811023622,0.7952755905511811,0.6456692913385826,0.968503937007874,0.9133858267716536,0.9921259842519685,0.29133858267716534
2026-01-16T22:39:01.305957,interface,0.6614173228346457,0.905511811023622,0.7952755905511811,0.6456692913385826,0.968503937007874,0.9133858267716536,0.9921259842519685,0.2992125984251969
2026-01-16T22:39:01.316440,interface,0.6614173228346457,0.905511811023622,0.7952755905511811,0.6456692913385826,0.968503937007874,0.9133858267716536,0.9921259842519685,0.30708661417322836
2026-01-16T22:39:01.325949,interface,0.6614173228346457,0.905511811023622,0.7952755905511811,0.6456692913385826,0.968503937007874,0.9133858267716536,0.9921259842519685,0.3228346456692913
2026-01-16T22:39:01.326764,interface,0.6614173228346457,0.905511811023622,0.7952755905511811,0.6456692913385826,0.968503937007874,0.9133858267716536,0.9921259842519685,0.33070866141732286
2026-01-16T22:39:01.337245,interface,0.6614173228346457,0.905511811023622,0.7952755905511811,0.6456692913385826,0.968503937007874,0.9133858267716536,0.9921259842519685,0.33858267716535434
2026-01-16T22:39:01.346173,interface,0.6614173228346457,0.905511811023622,0.7952755905511811,0.6456692913385826,0.968503937007874,0.9133858267716536,0.9921259842519685,0.3543307086614173
2026-01-16T22:39:01.356786,interface,0.6614173228346457,0.905511811023622,0.7952755905511811,0.6456692913385826,0.968503937007874,0.9133858267716536,0.9921259842519685,0.36220472440944884
2026-01-16T22:39:01.366113,interface,0.6614173228346457,0.905511811023622,0.7952755905511811,0.6456692913385826,0.968503937007874,0.9133858267716536,0.9921259842519685,0.3779527559055118
2026-01-16T22:39:01.366955,interface,0.6614173228346457,0.905511811023622,0.7952755905511811,0.6456692913385826,0.968503937007874,0.9133858267716536,0.9921259842519685,0.3858267716535433
2026-01-16T22:39:01.377274,interface,0.6614173228346457,0.905511811023622,0.7952755905511811,0.6456692913385826,0.968503937007874,0.9133858267716536,0.9921259842519685,0.4015748031496063
2026-01-16T22:39:01.387547,interface,0.6614173228346457,0.905511811023622,0.7952755905511811,0.6456692913385826,0.968503937007874,0.9133858267716536,0.9921259842519685,0.4094488188976378
2026-01-16T22:39:01.401401,interface,0.6614173228346457,0.905511811023622,0.7952755905511811,0.6456692913385826,0.968503937007874,0.9133858267716536,0.9921259842519685,0.4251968503937008
2026-01-16T22:39:01.402173,interface,0.6614173228346457,0.905511811023622,0.7952755905511811,0.6456692913385826,0.968503937007874,0.9133858267716536,0.9921259842519685,0.4330708661417323
2026-01-16T22:39:01.409282,interface,0.6614173228346457,0.905511811023622,0.7952755905511811,0.6456692913385826,0.968503937007874,0.9133858267716536,0.9921259842519685,0.44881889763779526
2026-01-16T22:39:01.417457,interface,0.6614173228346457,0.905511811023622,0.7952755905511811,0.6456692913385826,0.968503937007874,0.9133858267716536,0.9921259842519685,0.4566929133858268
2026-01-16T22:39:01.426521,interface,0.6614173228346457,0.905511811023622,0.7952755905511811,0.6456692913385826,0.968503937007874,0.9133858267716536,0.9921259842519685,0.4645669291338583
2026-01-16T22:39:01.435707,interface,0.6614173228346457,0.905511811023622,0.7952755905511811,0.6456692913385826,0.968503937007874,0.9133858267716536,0.9921259842519685,0.47244094488188976
2026-01-16T22:39:01.447045,interface,0.6614173228346457,0.905511811023622,0.7952755905511811,0.6456692913385826,0.968503937007874,0.9133858267716536,0.9921259842519685,0.48031496062992124
2026-01-16T22:39:01.447837,interface,0.6614173228346457,0.905511811023622,0.7952755905511811,0.6456692913385826,0.968503937007874,0.9133858267716536,0.9921259842519685,0.48031496062992124
2026-01-16T22:39:01.457226,interface,0.6614173228346457,0.905511811023622,0.7952755905511811,0.6456692913385826,0.968503937007874,0.9133858267716536,0.9921259842519685,0.4881889763779528
2026-01-16T22:39:01.497384,interface,0.6614173228346457,0.905511811023622,0.7952755905511811,0.6456692913385826,0.968503937007874,0.9133858267716536,0.9921259842519685,0.48031496062992124
2026-01-16T22:39:01.506151,interface,0.6614173228346457,0.905511811023622,0.7952755905511811,0.6456692913385826,0.968503937007874,0.9133858267716536,0.9921259842519685,0.47244094488188976
2026-01-16T22:39:01.516144,interface,0.6614173228346457,0.905511811023622,0.7952755905511811,0.6456692913385826,0.968503937007874,0.9133858267716536,0.9921259842519685,0.4645669291338583
2026-01-16T22:39:01.528008,interface,0.6614173228346457,0.905511811023622,0.7952755905511811,0.6456692913385826,0.968503937007874,0.9133858267716536,0.9921259842519685,0.44881889763779526
2026-01-16T22:39:01.528786,interface,0.6614173228346457,0.905511811023622,0.7952755905511811,0.6456692913385826,0.968503937007874,0.9133858267716536,0.9921259842519685,0.4330708661417323
2026-01-16T22:39:01.537408,interface,0.6614173228346457,0.905511811023622,0.7952755905511811,0.6456692913385826,0.968503937007874,0.9133858267716536,0.9921259842519685,0.4094488188976378
2026-01-16T22:39:01.547337,interface,0.6614173228346457,0.905511811023622,0.7952755905511811,0.6456692913385826,0.968503937007874,0.9133858267716536,0.9921259842519685,0.3858267716535433
2026-01-16T22:39:01.556993,interface,0.6614173228346457,0.905511811023622,0.7952755905511811,0.6456692913385826,0.968503937007874,0.9133858267716536,0.9921259842519685,0.36220472440944884
2026-01-16T22:39:01.565917,interface,0.6614173228346457,0.905511811023622,0.7952755905511811,0.6456692913385826,0.968503937007874,0.9133858267716536,0.9921259842519685,0.33858267716535434
2026-01-16T22:39:01.566700,interface,0.6614173228346457,0.905511811023622,0.7952755905511811,0.6456692913385826,0.968503937007874,0.9133858267716536,0.9921259842519685,0.31496062992125984
2026-01-16T22:39:01.577417,interface,0.6614173228346457,0.905511811023622,0.7952755905511811,0.6456692913385826,0.968503937007874,0.9133858267716536,0.9921259842519685,0.29133858267716534
2026-01-16T22:39:01.587121,interface,0.6614173228346457,0.905511811023622,0.7952755905511811,0.6456692913385826,0.968503937007874,0.9133858267716536,0.9921259842519685,0.25984251968503935
2026-01-16T22:39:01.597515,interface,0.6614173228346457,0.905511811023622,0.7952755905511811,0.6456692913385826,0.968503937007874,0.9133858267716536,0.9921259842519685,0.23622047244094488
2026-01-16T22:39:01.606145,interface,0.6614173228346457,0.905511811023622,0.7952755905511811,0.6456692913385826,0.968503937007874,0.9133858267716536,0.9921259842519685,0.2047244094488189
2026-01-16T22:39:01.606921,interface,0.6614173228346457,0.905511811023622,0.7952755905511811,0.6456692913385826,0.968503937007874,0.9133858267716536,0.9921259842519685,0.18110236220472442
2026-01-16T22:39:01.617432,interface,0.6614173228346457,0.905511811023622,0.7952755905511811,0.6456692913385826,0.968503937007874,0.9133858267716536,0.9921259842519685,0.14960629921259844
2026-01-16T22:39:01.626804,interface,0.6614173228346457,0.905511811023622,0.7952755905511811,0.6456692913385826,0.968503937007874,0.9133858267716536,0.9921259842519685,0.12598425196850394
2026-01-16T22:39:01.635923,interface,0.6614173228346457,0.905511811023622,0.7952755905511811,0.6456692913385826,0.968503937007874,0.9133858267716536,0.9921259842519685,0.10236220472440945
2026-01-16T22:39:01.651365,interface,0.6614173228346457,0.905511811023622,0.7952755905511811,0.6456692913385826,0.968503937007874,0.9133858267716536,0.9921259842519685,0.08661417322834646
2026-01-16T22:39:01.652152,interface,0.6614173228346457,0.905511811023622,0.7952755905511811,0.6456692913385826,0.968503937007874,0.9133858267716536,0.9921259842519685,0.06299212598425197
2026-01-16T22:39:01.652891,interface,0.6614173228346457,0.905511811023622,0.7952755905511811,0.6456692913385826,0.968503937007874,0.9133858267716536,0.9921259842519685,0.047244094488188976
2026-01-16T22:39:01.665898,interface,0.6614173228346457,0.905511811023622,0.7952755905511811,0.6456692913385826,0.968503937007874,0.9133858267716536,0.9921259842519685,0.031496062992125984
2026-01-16T22:39:01.678188,interface,0.6614173228346457,0.905511811023622,0.7952755905511811,0.6456692913385826,0.968503937007874,0.9133858267716536,0.9921259842519685,0.023622047244094488
2026-01-16T22:39:01.679166,interface,0.33858267716535434,0.905511811023622,0.7952755905511811,0.6456692913385826,0.968503937007874,0.9133858267716536,0.9921259842519685,0.023622047244094488
2026-01-16T22:39:01.692949,interface,0.33858267716535434,0.905511811023622,0.7952755905511811,0.6456692913385826,0.968503937007874,0.9133858267716536,0.9921259842519685,0.007874015748031496
2026-01-16T22:39:01.693708,interface,0.33858267716535434,0.905511811023622,0.7952755905511811,0.6456692913385826,0.968503937007874,0.9133858267716536,0.9921259842519685,0.0
2026-01-16T22:39:01.702024,interface,0.33858267716535434,0.905511811023622,0.7952755905511811,0.6456692913385826,0.968503937007874,0.9133858267716536,0.9921259842519685,0.0
2026-01-16T22:39:02.049448,interface,0.33858267716535434,0.905511811023622,0.7952755905511811,0.6456692913385826,0.968503937007874,0.9133858267716536,0.9921259842519685,0.0
2026-01-16T22:39:02.057504,interface,0.33858267716535434,0.905511811023622,0.7952755905511811,0.6456692913385826,0.968503937007874,0.9133858267716536,0.9921259842519685,0.007874015748031496
2026-01-16T22:39:02.066594,interface,0.33858267716535434,0.905511811023622,0.7952755905511811,0.6456692913385826,0.968503937007874,0.9133858267716536,0.9921259842519685,0.015748031496062992
2026-01-16T22:39:02.076450,interface,0.33858267716535434,0.905511811023622,0.7952755905511811,0.6456692913385826,0.968503937007874,0.9133858267716536,0.9921259842519685,0.031496062992125984
2026-01-16T22:39:02.088357,interface,0.33858267716535434,0.905511811023622,0.7952755905511811,0.6456692913385826,0.968503937007874,0.9133858267716536,0.9921259842519685,0.05511811023622047
2026-01-16T22:39:02.089146,interface,0.33858267716535434,0.905511811023622,0.7952755905511811,0.6456692913385826,0.968503937007874,0.9133858267716536,0.9921259842519685,0.07874015748031496
2026-01-16T22:39:02.097514,interface,0.33858267716535434,0.905511811023622,0.7952755905511811,0.6456692913385826,0.968503937007874,0.9133858267716536,0.9921259842519685,0.10236220472440945
2026-01-16T22:39:02.105764,interface,0.33858267716535434,0.905511811023622,0.7952755905511811,0.6456692913385826,0.968503937007874,0.9133858267716536,0.9921259842519685,0.13385826771653545
2026-01-16T22:39:02.116769,interface,0.33858267716535434,0.905511811023622,0.7952755905511811,0.6456692913385826,0.968503937007874,0.9133858267716536,0.9921259842519685,0.16535433070866143
2026-01-16T22:39:02.127409,interface,0.33858267716535434,0.905511811023622,0.7952755905511811,0.6456692913385826,0.968503937007874,0.9133858267716536,0.9921259842519685,0.1889763779527559
2026-01-16T22:39:02.128240,interface,0.33858267716535434,0.905511811023622,0.7952755905511811,0.6456692913385826,0.968503937007874,0.9133858267716536,0.9921259842519685,0.2125984251968504
2026-01-16T22:39:02.137510,interface,0.33858267716535434,0.905511811023622,0.7952755905511811,0.6456692913385826,0.968503937007874,0.9133858267716536,0.9921259842519685,0.2440944881889764
2026-01-16T22:39:02.151352,interface,0.33858267716535434,0.905511811023622,0.7952755905511811,0.6456692913385826,0.968503937007874,0.9133858267716536,0.9921259842519685,0.2677165354330709
2026-01-16T22:39:02.152147,interface,0.33858267716535434,0.905511811023622,0.7952755905511811,0.6456692913385826,0.968503937007874,0.9133858267716536,0.9921259842519685,0.29133858267716534
2026-01-16T22:39:02.167147,interface,0.33858267716535434,0.905511811023622,0.7952755905511811,0.6456692913385826,0.968503937007874,0.9133858267716536,0.9921259842519685,0.31496062992125984
2026-01-16T22:39:02.167974,interface,0.33858267716535434,0.905511811023622,0.7952755905511811,0.6456692913385826,0.968503937007874,0.9133858267716536,0.9921259842519685,0.33858267716535434
2026-01-16T22:39:02.177724,interface,0.33858267716535434,0.905511811023622,0.7952755905511811,0.6456692913385826,0.968503937007874,0.9133858267716536,0.9921259842519685,0.36220472440944884
2026-01-16T22:39:02.186893,interface,0.33858267716535434,0.905511811023622,0.7952755905511811,0.6456692913385826,0.968503937007874,0.9133858267716536,0.9921259842519685,0.3858267716535433
2026-01-16T22:39:02.195922,interface,0.33858267716535434,0.905511811023622,0.7952755905511811,0.6456692913385826,0.968503937007874,0.9133858267716536,0.9921259842519685,0.4094488188976378
2026-01-16T22:39:02.207167,interface,0.33858267716535434,0.905511811023622,0.7952755905511811,0.6456692913385826,0.968503937007874,0.9133858267716536,0.9921259842519685,0.4330708661417323
2026-01-16T22:39:02.207975,interface,0.33858267716535434,0.905511811023622,0.7952755905511811,0.6456692913385826,0.968503937007874,0.9133858267716536,0.9921259842519685,0.4566929133858268
2026-01-16T22:39:02.217716,interface,0.33858267716535434,0.905511811023622,0.7952755905511811,0.6456692913385826,0.968503937007874,0.9133858267716536,0.9921259842519685,0.48031496062992124
2026-01-16T22:39:02.227077,interface,0.33858267716535434,0.905511811023622,0.7952755905511811,0.6456692913385826,0.968503937007874,0.9133858267716536,0.9921259842519685,0.5039370078740157
2026-01-16T22:39:02.236049,interface,0.33858267716535434,0.905511811023622,0.7952755905511811,0.6456692913385826,0.968503937007874,0.9133858267716536,0.9921259842519685,0.5275590551181102
2026-01-16T22:39:02.246445,interface,0.33858267716535434,0.905511811023622,0.7952755905511811,0.6456692913385826,0.968503937007874,0.9133858267716536,0.9921259842519685,0.5590551181102362
2026-01-16T22:39:02.247271,interface,0.33858267716535434,0.905511811023622,0.7952755905511811,0.6456692913385826,0.968503937007874,0.9133858267716536,0.9921259842519685,0.5826771653543307
2026-01-16T22:39:02.257532,interface,0.33858267716535434,0.905511811023622,0.7952755905511811,0.6456692913385826,0.968503937007874,0.9133858267716536,0.9921259842519685,0.6062992125984252
2026-01-16T22:39:02.266655,interface,0.33858267716535434,0.905511811023622,0.7952755905511811,0.6456692913385826,0.968503937007874,0.9133858267716536,0.9921259842519685,0.6299212598425197
2026-01-16T22:39:02.276828,interface,0.33858267716535434,0.905511811023622,0.7952755905511811,0.6456692913385826,0.968503937007874,0.9133858267716536,0.9921259842519685,0.6456692913385826
2026-01-16T22:39:02.286045,interface,0.33858267716535434,0.905511811023622,0.7952755905511811,0.6456692913385826,0.968503937007874,0.9133858267716536,0.9921259842519685,0.6692913385826772
2026-01-16T22:39:02.286860,interface,0.33858267716535434,0.905511811023622,0.7952755905511811,0.6456692913385826,0.968503937007874,0.9133858267716536,0.9921259842519685,0.6850393700787402
2026-01-16T22:39:02.297530,interface,0.33858267716535434,0.905511811023622,0.7952755905511811,0.6456692913385826,0.968503937007874,0.9133858267716536,0.9921259842519685,0.7007874015748031
2026-01-16T22:39:02.305978,interface,0.33858267716535434,0.905511811023622,0.7952755905511811,0.6456692913385826,0.968503937007874,0.9133858267716536,0.9921259842519685,0.7165354330708661
2026-01-16T22:39:02.316934,interface,0.33858267716535434,0.905511811023622,0.7952755905511811,0.6456692913385826,0.968503937007874,0.9133858267716536,0.9921259842519685,0.7322834645669292
2026-01-16T22:39:02.325891,interface,0.33858267716535434,0.905511811023622,0.7952755905511811,0.6456692913385826,0.968503937007874,0.9133858267716536,0.9921259842519685,0.7480314960629921
2026-01-16T22:39:02.326625,interface,0.33858267716535434,0.905511811023622,0.7952755905511811,0.6456692913385826,0.968503937007874,0.9133858267716536,0.9921259842519685,0.7637795275590551
2026-01-16T22:39:02.337520,interface,0.33858267716535434,0.905511811023622,0.7952755905511811,0.6456692913385826,0.968503937007874,0.9133858267716536,0.9921259842519685,0.7716535433070866
2026-01-16T22:39:02.346181,interface,0.33858267716535434,0.905511811023622,0.7952755905511811,0.6456692913385826,0.968503937007874,0.9133858267716536,0.9921259842519685,0.7874015748031497
2026-01-16T22:39:02.357881,interface,0.33858267716535434,0.905511811023622,0.7952755905511811,0.6456692913385826,0.968503937007874,0.9133858267716536,0.9921259842519685,0.7952755905511811
2026-01-16T22:39:02.366078,interface,0.33858267716535434,0.905511811023622,0.7952755905511811,0.6456692913385826,0.968503937007874,0.9133858267716536,0.9921259842519685,0.8031496062992126
2026-01-16T22:39:02.366865,interface,0.33858267716535434,0.905511811023622,0.7952755905511811,0.6456692913385826,0.968503937007874,0.9133858267716536,0.9921259842519685,0.8031496062992126
2026-01-16T22:39:02.377544,interface,0.33858267716535434,0.905511811023622,0.7952755905511811,0.6456692913385826,0.968503937007874,0.9133858267716536,0.9921259842519685,0.8110236220472441
2026-01-16T22:39:02.386493,interface,0.33858267716535434,0.905511811023622,0.7952755905511811,0.6456692913385826,0.968503937007874,0.9133858267716536,0.9921259842519685,0.8188976377952756
2026-01-16T22:39:02.401342,interface,0.33858267716535434,0.905511811023622,0.7952755905511811,0.6456692913385826,0.968503937007874,0.9133858267716536,0.9921259842519685,0.8188976377952756
2026-01-16T22:39:02.402074,interface,0.33858267716535434,0.905511811023622,0.7952755905511811,0.6456692913385826,0.968503937007874,0.9133858267716536,0.9921259842519685,0.8267716535433071
2026-01-16T22:39:02.409587,interface,0.33858267716535434,0.905511811023622,0.7952755905511811,0.6456692913385826,0.968503937007874,0.9133858267716536,0.9921259842519685,0.8267716535433071
2026-01-16T22:39:02.425554,interface,0.33858267716535434,0.905511811023622,0.7952755905511811,0.6456692913385826,0.968503937007874,0.9133858267716536,0.9921259842519685,0.8346456692913385
2026-01-16T22:39:02.441490,interface,0.33858267716535434,0.905511811023622,0.7952755905511811,0.6456692913385826,0.968503937007874,0.9133858267716536,0.9921259842519685,0.8346456692913385
2026-01-16T22:39:02.526613,interface,0.33858267716535434,0.905511811023622,0.7952755905511811,0.6456692913385826,0.968503937007874,0.9133858267716536,0.9921259842519685,0.8346456692913385
2026-01-16T22:39:02.537574,interface,0.33858267716535434,0.905511811023622,0.7952755905511811,0.6456692913385826,0.968503937007874,0.9133858267716536,0.9921259842519685,0.8267716535433071
2026-01-16T22:39:02.546117,interface,0.33858267716535434,0.905511811023622,0.7952755905511811,0.6456692913385826,0.968503937007874,0.9133858267716536,0.9921259842519685,0.8188976377952756
2026-01-16T22:39:02.556652,interface,0.33858267716535434,0.905511811023622,0.7952755905511811,0.6456692913385826,0.968503937007874,0.9133858267716536,0.9921259842519685,0.8110236220472441
2026-01-16T22:39:02.566456,interface,0.33858267716535434,0.905511811023622,0.7952755905511811,0.6456692913385826,0.968503937007874,0.9133858267716536,0.9921259842519685,0.8031496062992126
2026-01-16T22:39:02.567270,interface,0.33858267716535434,0.905511811023622,0.7952755905511811,0.6456692913385826,0.968503937007874,0.9133858267716536,0.9921259842519685,0.7952755905511811
2026-01-16T22:39:02.577587,interface,0.33858267716535434,0.905511811023622,0.7952755905511811,0.6456692913385826,0.968503937007874,0.9133858267716536,0.9921259842519685,0.7874015748031497
2026-01-16T22:39:02.586606,interface,0.33858267716535434,0.905511811023622,0.7952755905511811,0.6456692913385826,0.968503937007874,0.9133858267716536,0.9921259842519685,0.7795275590551181
2026-01-16T22:39:02.598379,interface,0.33858267716535434,0.905511811023622,0.7952755905511811,0.6456692913385826,0.968503937007874,0.9133858267716536,0.9921259842519685,0.7637795275590551
2026-01-16T22:39:02.606095,interface,0.33858267716535434,0.905511811023622,0.7952755905511811,0.6456692913385826,0.968503937007874,0.9133858267716536,0.9921259842519685,0.7480314960629921
2026-01-16T22:39:02.606881,interface,0.33858267716535434,0.905511811023622,0.7952755905511811,0.6456692913385826,0.968503937007874,0.9133858267716536,0.9921259842519685,0.7244094488188977
2026-01-16T22:39:02.617647,interface,0.33858267716535434,0.905511811023622,0.7952755905511811,0.6456692913385826,0.968503937007874,0.9133858267716536,0.9921259842519685,0.7007874015748031
2026-01-16T22:39:02.627000,interface,0.33858267716535434,0.905511811023622,0.7952755905511811,0.6456692913385826,0.968503937007874,0.9133858267716536,0.9921259842519685,0.6771653543307087
2026-01-16T22:39:02.635912,interface,0.33858267716535434,0.905511811023622,0.7952755905511811,0.6456692913385826,0.968503937007874,0.9133858267716536,0.9921259842519685,0.6535433070866141
2026-01-16T22:39:02.651438,interface,0.33858267716535434,0.905511811023622,0.7952755905511811,0.6456692913385826,0.968503937007874,0.9133858267716536,0.9921259842519685,0.6299212598425197
2026-01-16T22:39:02.652197,interface,0.33858267716535434,0.905511811023622,0.7952755905511811,0.6456692913385826,0.968503937007874,0.9133858267716536,0.9921259842519685,0.6141732283464567
2026-01-16T22:39:02.652901,interface,0.33858267716535434,0.905511811023622,0.7952755905511811,0.6456692913385826,0.968503937007874,0.9133858267716536,0.9921259842519685,0.5905511811023622
2026-01-16T22:39:02.665975,interface,0.33858267716535434,0.905511811023622,0.7952755905511811,0.6456692913385826,0.968503937007874,0.9133858267716536,0.9921259842519685,0.5669291338582677
2026-01-16T22:39:02.677305,interface,0.33858267716535434,0.905511811023622,0.7952755905511811,0.6456692913385826,0.968503937007874,0.9133858267716536,0.9921259842519685,0.5433070866141733
2026-01-16T22:39:02.686564,interface,0.33858267716535434,0.905511811023622,0.7952755905511811,0.6456692913385826,0.968503937007874,0.9133858267716536,0.9921259842519685,0.5196850393700787
2026-01-16T22:39:02.687410,interface,0.33858267716535434,0.905511811023622,0.7952755905511811,0.6456692913385826,0.968503937007874,0.9133858267716536,0.9921259842519685,0.49606299212598426
2026-01-16T22:39:02.697594,interface,0.33858267716535434,0.905511811023622,0.7952755905511811,0.6456692913385826,0.968503937007874,0.9133858267716536,0.9921259842519685,0.48031496062992124
2026-01-16T22:39:02.706038,interface,0.33858267716535434,0.905511811023622,0.7952755905511811,0.6456692913385826,0.968503937007874,0.9133858267716536,0.9921259842519685,0.4645669291338583
2026-01-16T22:39:02.717131,interface,0.33858267716535434,0.905511811023622,0.7952755905511811,0.6456692913385826,0.968503937007874,0.9133858267716536,0.9921259842519685,0.4409448818897638
2026-01-16T22:39:02.725924,interface,0.33858267716535434,0.905511811023622,0.7952755905511811,0.6456692913385826,0.968503937007874,0.9133858267716536,0.9921259842519685,0.41732283464566927
2026-01-16T22:39:02.726720,interface,0.33858267716535434,0.905511811023622,0.7952755905511811,0.6456692913385826,0.968503937007874,0.9133858267716536,0.9921259842519685,0.3937007874015748
2026-01-16T22:39:02.737710,interface,0.33858267716535434,0.905511811023622,0.7952755905511811,0.6456692913385826,0.968503937007874,0.9133858267716536,0.9921259842519685,0.3779527559055118
2026-01-16T22:39:02.747918,interface,0.33858267716535434,0.905511811023622,0.7952755905511811,0.6456692913385826,0.968503937007874,0.9133858267716536,0.9921259842519685,0.3543307086614173
2026-01-16T22:39:02.756722,interface,0.33858267716535434,0.905511811023622,0.7952755905511811,0.6456692913385826,0.968503937007874,0.9133858267716536,0.9921259842519685,0.33858267716535434
2026-01-16T22:39:02.766205,interface,0.33858267716535434,0.905511811023622,0.7952755905511811,0.6456692913385826,0.968503937007874,0.9133858267716536,0.9921259842519685,0.3228346456692913
2026-01-16T22:39:02.766992,interface,0.33858267716535434,0.905511811023622,0.7952755905511811,0.6456692913385826,0.968503937007874,0.9133858267716536,0.9921259842519685,0.30708661417322836
2026-01-16T22:39:02.777610,interface,0.33858267716535434,0.905511811023622,0.7952755905511811,0.6456692913385826,0.968503937007874,0.9133858267716536,0.9921259842519685,0.29133858267716534
2026-01-16T22:39:02.785861,interface,0.33858267716535434,0.905511811023622,0.7952755905511811,0.6456692913385826,0.968503937007874,0.9133858267716536,0.9921259842519685,0.2755905511811024
2026-01-16T22:39:02.796409,interface,0.33858267716535434,0.905511811023622,0.7952755905511811,0.6456692913385826,0.968503937007874,0.9133858267716536,0.9921259842519685,0.25196850393700787
2026-01-16T22:39:02.807402,interface,0.33858267716535434,0.905511811023622,0.7952755905511811,0.6456692913385826,0.968503937007874,0.9133858267716536,0.9921259842519685,0.23622047244094488
2026-01-16T22:39:02.808181,interface,0.33858267716535434,0.905511811023622,0.7952755905511811,0.6456692913385826,0.968503937007874,0.9133858267716536,0.9921259842519685,0.2204724409448819
2026-01-16T22:39:02.817554,interface,0.33858267716535434,0.905511811023622,0.7952755905511811,0.6456692913385826,0.968503937007874,0.9133858267716536,0.9921259842519685,0.2047244094488189
2026-01-16T22:39:02.826425,interface,0.33858267716535434,0.905511811023622,0.7952755905511811,0.6456692913385826,0.968503937007874,0.9133858267716536,0.9921259842519685,0.18110236220472442
2026-01-16T22:39:02.838354,interface,0.33858267716535434,0.905511811023622,0.7952755905511811,0.6456692913385826,0.968503937007874,0.9133858267716536,0.9921259842519685,0.16535433070866143
2026-01-16T22:39:02.845883,interface,0.33858267716535434,0.905511811023622,0.7952755905511811,0.6456692913385826,0.968503937007874,0.9133858267716536,0.9921259842519685,0.14960629921259844
2026-01-16T22:39:02.846685,interface,0.33858267716535434,0.905511811023622,0.7952755905511811,0.6456692913385826,0.968503937007874,0.9133858267716536,0.9921259842519685,0.13385826771653545
2026-01-16T22:39:02.857562,interface,0.33858267716535434,0.905511811023622,0.7952755905511811,0.6456692913385826,0.968503937007874,0.9133858267716536,0.9921259842519685,0.12598425196850394
2026-01-16T22:39:02.866536,interface,0.33858267716535434,0.905511811023622,0.7952755905511811,0.6456692913385826,0.968503937007874,0.9133858267716536,0.9921259842519685,0.11023622047244094
2026-01-16T22:39:02.876482,interface,0.33858267716535434,0.905511811023622,0.7952755905511811,0.6456692913385826,0.968503937007874,0.9133858267716536,0.9921259842519685,0.09448818897637795
2026-01-16T22:39:02.885887,interface,0.33858267716535434,0.905511811023622,0.7952755905511811,0.6456692913385826,0.968503937007874,0.9133858267716536,0.9921259842519685,0.07874015748031496
2026-01-16T22:39:02.886681,interface,0.33858267716535434,0.905511811023622,0.7952755905511811,0.6456692913385826,0.968503937007874,0.9133858267716536,0.9921259842519685,0.06299212598425197
2026-01-16T22:39:02.901387,interface,0.33858267716535434,0.905511811023622,0.7952755905511811,0.6456692913385826,0.968503937007874,0.9133858267716536,0.9921259842519685,0.047244094488188976
2026-01-16T22:39:02.902214,interface,0.33858267716535434,0.905511811023622,0.7952755905511811,0.6456692913385826,0.968503937007874,0.9133858267716536,0.9921259842519685,0.03937007874015748
2026-01-16T22:39:02.916101,interface,0.33858267716535434,0.905511811023622,0.7952755905511811,0.6456692913385826,0.968503937007874,0.9133858267716536,0.9921259842519685,0.023622047244094488
2026-01-16T22:39:02.926632,interface,0.33858267716535434,0.905511811023622,0.7952755905511811,0.6456692913385826,0.968503937007874,0.9133858267716536,0.9921259842519685,0.015748031496062992
2026-01-16T22:39:02.927367,interface,0.33858267716535434,0.905511811023622,0.7952755905511811,0.6456692913385826,0.968503937007874,0.9133858267716536,0.9921259842519685,0.007874015748031496
2026-01-16T22:39:02.937640,interface,0.33858267716535434,0.905511811023622,0.7952755905511811,0.6456692913385826,0.968503937007874,0.9133858267716536,0.9921259842519685,0.0
2026-01-16T22:39:02.953628,interface,0.33858267716535434,0.905511811023622,0.7952755905511811,0.6456692913385826,0.968503937007874,0.9133858267716536,0.9921259842519685,0.0
2026-01-16T22:39:03.559688,interface,0.33858267716535434,0.905511811023622,0.7952755905511811,0.6456692913385826,0.968503937007874,0.9133858267716536,0.9921259842519685,0.007874015748031496
2026-01-16T22:39:03.567668,interface,0.33858267716535434,0.905511811023622,0.7952755905511811,0.6456692913385826,0.968503937007874,0.9133858267716536,0.9921259842519685,0.015748031496062992
2026-01-16T22:39:03.576649,interface,0.33858267716535434,0.905511811023622,0.7952755905511811,0.6456692913385826,0.968503937007874,0.9133858267716536,0.9921259842519685,0.03937007874015748
2026-01-16T22:39:03.588352,interface,0.33858267716535434,0.905511811023622,0.7952755905511811,0.6456692913385826,0.968503937007874,0.9133858267716536,0.9921259842519685,0.07086614173228346
2026-01-16T22:39:03.596543,interface,0.33858267716535434,0.905511811023622,0.7952755905511811,0.6456692913385826,0.968503937007874,0.9133858267716536,0.9921259842519685,0.10236220472440945
2026-01-16T22:39:03.597326,interface,0.33858267716535434,0.905511811023622,0.7952755905511811,0.6456692913385826,0.968503937007874,0.9133858267716536,0.9921259842519685,0.14173228346456693
2026-01-16T22:39:03.607739,interface,0.33858267716535434,0.905511811023622,0.7952755905511811,0.6456692913385826,0.968503937007874,0.9133858267716536,0.9921259842519685,0.1732283464566929
2026-01-16T22:39:03.616467,interface,0.33858267716535434,0.905511811023622,0.7952755905511811,0.6456692913385826,0.968503937007874,0.9133858267716536,0.9921259842519685,0.2125984251968504
2026-01-16T22:39:03.626716,interface,0.33858267716535434,0.905511811023622,0.7952755905511811,0.6456692913385826,0.968503937007874,0.9133858267716536,0.9921259842519685,0.25196850393700787
2026-01-16T22:39:03.635760,interface,0.33858267716535434,0.905511811023622,0.7952755905511811,0.6456692913385826,0.968503937007874,0.9133858267716536,0.9921259842519685,0.28346456692913385
2026-01-16T22:39:03.636538,interface,0.33858267716535434,0.905511811023622,0.7952755905511811,0.6456692913385826,0.968503937007874,0.9133858267716536,0.9921259842519685,0.31496062992125984
2026-01-16T22:39:03.651340,interface,0.33858267716535434,0.905511811023622,0.7952755905511811,0.6456692913385826,0.968503937007874,0.9133858267716536,0.9921259842519685,0.3543307086614173
2026-01-16T22:39:03.652170,interface,0.33858267716535434,0.905511811023622,0.7952755905511811,0.6456692913385826,0.968503937007874,0.9133858267716536,0.9921259842519685,0.3858267716535433
2026-01-16T22:39:03.665727,interface,0.33858267716535434,0.905511811023622,0.7952755905511811,0.6456692913385826,0.968503937007874,0.9133858267716536,0.9921259842519685,0.4251968503937008
2026-01-16T22:39:03.676537,interface,0.33858267716535434,0.905511811023622,0.7952755905511811,0.6456692913385826,0.968503937007874,0.9133858267716536,0.9921259842519685,0.4566929133858268
2026-01-16T22:39:03.677264,interface,0.33858267716535434,0.905511811023622,0.7952755905511811,0.6456692913385826,0.968503937007874,0.9133858267716536,0.9921259842519685,0.4881889763779528
2026-01-16T22:39:03.687895,interface,0.33858267716535434,0.905511811023622,0.7952755905511811,0.6456692913385826,0.968503937007874,0.9133858267716536,0.9921259842519685,0.5196850393700787
2026-01-16T22:39:03.696508,interface,0.33858267716535434,0.905511811023622,0.7952755905511811,0.6456692913385826,0.968503937007874,0.9133858267716536,0.9921259842519685,0.5590551181102362
2026-01-16T22:39:03.706649,interface,0.33858267716535434,0.905511811023622,0.7952755905511811,0.6456692913385826,0.968503937007874,0.9133858267716536,0.9921259842519685,0.5905511811023622
2026-01-16T22:39:03.717384,interface,0.33858267716535434,0.905511811023622,0.7952755905511811,0.6456692913385826,0.968503937007874,0.9133858267716536,0.9921259842519685,0.6299212598425197
2026-01-16T22:39:03.718218,interface,0.33858267716535434,0.905511811023622,0.7952755905511811,0.6456692913385826,0.968503937007874,0.9133858267716536,0.9921259842519685,0.6614173228346457
2026-01-16T22:39:03.727755,interface,0.33858267716535434,0.905511811023622,0.7952755905511811,0.6456692913385826,0.968503937007874,0.9133858267716536,0.9921259842519685,0.6929133858267716
2026-01-16T22:39:03.737074,interface,0.33858267716535434,0.905511811023622,0.7952755905511811,0.6456692913385826,0.968503937007874,0.9133858267716536,0.9921259842519685,0.7322834645669292
2026-01-16T22:39:03.747523,interface,0.33858267716535434,0.905511811023622,0.7952755905511811,0.6456692913385826,0.968503937007874,0.9133858267716536,0.9921259842519685,0.7637795275590551
2026-01-16T22:39:03.756757,interface,0.33858267716535434,0.905511811023622,0.7952755905511811,0.6456692913385826,0.968503937007874,0.9133858267716536,0.9921259842519685,0.7952755905511811
2026-01-16T22:39:03.757570,interface,0.33858267716535434,0.905511811023622,0.7952755905511811,0.6456692913385826,0.968503937007874,0.9133858267716536,0.9921259842519685,0.8267716535433071
2026-01-16T22:39:03.768585,interface,0.33858267716535434,0.905511811023622,0.7952755905511811,0.6456692913385826,0.968503937007874,0.9133858267716536,0.9921259842519685,0.8582677165354331
2026-01-16T22:39:03.776551,interface,0.33858267716535434,0.905511811023622,0.7952755905511811,0.6456692913385826,0.968503937007874,0.9133858267716536,0.9921259842519685,0.889763779527559
2026-01-16T22:39:03.787133,interface,0.33858267716535434,0.905511811023622,0.7952755905511811,0.6456692913385826,0.968503937007874,0.9133858267716536,0.9921259842519685,0.9212598425196851
2026-01-16T22:39:03.796744,interface,0.33858267716535434,0.905511811023622,0.7952755905511811,0.6456692913385826,0.968503937007874,0.9133858267716536,0.9921259842519685,0.952755905511811
2026-01-16T22:39:03.797541,interface,0.33858267716535434,0.905511811023622,0.7952755905511811,0.6456692913385826,0.968503937007874,0.9133858267716536,0.9921259842519685,0.968503937007874
2026-01-16T22:39:03.807774,interface,0.33858267716535434,0.905511811023622,0.7952755905511811,0.6456692913385826,0.968503937007874,0.9133858267716536,0.9921259842519685,0.984251968503937
2026-01-16T22:39:03.816555,interface,0.33858267716535434,0.905511811023622,0.7952755905511811,0.6456692913385826,0.968503937007874,0.9133858267716536,0.9921259842519685,0.9921259842519685
2026-01-16T22:39:03.826559,interface,0.33858267716535434,0.905511811023622,0.7952755905511811,0.6456692913385826,0.968503937007874,0.9133858267716536,0.9921259842519685,1.0
2026-01-16T22:39:03.839805,interface,0.33858267716535434,0.905511811023622,0.7952755905511811,0.6456692913385826,0.968503937007874,0.9133858267716536,0.9921259842519685,1.0
2026-01-16T22:39:04.088445,interface,0.33858267716535434,0.905511811023622,0.7952755905511811,0.6456692913385826,0.968503937007874,0.9133858267716536,0.9921259842519685,1.0
2026-01-16T22:39:04.103783,interface,0.33858267716535434,0.905511811023622,0.7952755905511811,0.6456692913385826,0.968503937007874,0.9133858267716536,0.9921259842519685,0.9921259842519685
2026-01-16T22:39:04.116555,interface,0.33858267716535434,0.905511811023622,0.7952755905511811,0.6456692913385826,0.968503937007874,0.9133858267716536,0.9921259842519685,0.984251968503937
2026-01-16T22:39:04.117357,interface,0.33858267716535434,0.905511811023622,0.7952755905511811,0.6456692913385826,0.968503937007874,0.9133858267716536,0.9921259842519685,0.968503937007874
2026-01-16T22:39:04.127800,interface,0.33858267716535434,0.905511811023622,0.7952755905511811,0.6456692913385826,0.968503937007874,0.9133858267716536,0.9921259842519685,0.9448818897637795
2026-01-16T22:39:04.137121,interface,0.33858267716535434,0.905511811023622,0.7952755905511811,0.6456692913385826,0.968503937007874,0.9133858267716536,0.9921259842519685,0.9212598425196851
2026-01-16T22:39:04.151324,interface,0.33858267716535434,0.905511811023622,0.7952755905511811,0.6456692913385826,0.968503937007874,0.9133858267716536,0.9921259842519685,0.889763779527559
2026-01-16T22:39:04.152103,interface,0.33858267716535434,0.905511811023622,0.7952755905511811,0.6456692913385826,0.968503937007874,0.9133858267716536,0.9921259842519685,0.8582677165354331
2026-01-16T22:39:04.159789,interface,0.33858267716535434,0.905511811023622,0.7952755905511811,0.6456692913385826,0.968503937007874,0.9133858267716536,0.9921259842519685,0.8346456692913385
2026-01-16T22:39:04.167864,interface,0.33858267716535434,0.905511811023622,0.7952755905511811,0.6456692913385826,0.968503937007874,0.9133858267716536,0.9921259842519685,0.8031496062992126
2026-01-16T22:39:04.177512,interface,0.33858267716535434,0.905511811023622,0.7952755905511811,0.6456692913385826,0.968503937007874,0.9133858267716536,0.9921259842519685,0.7795275590551181
2026-01-16T22:39:04.187699,interface,0.33858267716535434,0.905511811023622,0.7952755905511811,0.6456692913385826,0.968503937007874,0.9133858267716536,0.9921259842519685,0.7480314960629921
2026-01-16T22:39:04.196524,interface,0.33858267716535434,0.905511811023622,0.7952755905511811,0.6456692913385826,0.968503937007874,0.9133858267716536,0.9921259842519685,0.7244094488188977
2026-01-16T22:39:04.197299,interface,0.33858267716535434,0.905511811023622,0.7952755905511811,0.6456692913385826,0.968503937007874,0.9133858267716536,0.9921259842519685,0.7007874015748031
2026-01-16T22:39:04.207799,interface,0.33858267716535434,0.905511811023622,0.7952755905511811,0.6456692913385826,0.968503937007874,0.9133858267716536,0.9921259842519685,0.6771653543307087
2026-01-16T22:39:04.216372,interface,0.33858267716535434,0.905511811023622,0.7952755905511811,0.6456692913385826,0.968503937007874,0.9133858267716536,0.9921259842519685,0.6535433070866141
2026-01-16T22:39:04.227611,interface,0.33858267716535434,0.905511811023622,0.7952755905511811,0.6456692913385826,0.968503937007874,0.9133858267716536,0.9921259842519685,0.6377952755905512
2026-01-16T22:39:04.236376,interface,0.33858267716535434,0.905511811023622,0.7952755905511811,0.6456692913385826,0.968503937007874,0.9133858267716536,0.9921259842519685,0.6141732283464567
2026-01-16T22:39:04.237151,interface,0.33858267716535434,0.905511811023622,0.7952755905511811,0.6456692913385826,0.968503937007874,0.9133858267716536,0.9921259842519685,0.5984251968503937
2026-01-16T22:39:04.247792,interface,0.33858267716535434,0.905511811023622,0.7952755905511811,0.6456692913385826,0.968503937007874,0.9133858267716536,0.9921259842519685,0.5748031496062992
2026-01-16T22:39:04.257097,interface,0.33858267716535434,0.905511811023622,0.7952755905511811,0.6456692913385826,0.968503937007874,0.9133858267716536,0.9921259842519685,0.5511811023622047
2026-01-16T22:39:04.265700,interface,0.33858267716535434,0.905511811023622,0.7952755905511811,0.6456692913385826,0.968503937007874,0.9133858267716536,0.9921259842519685,0.5354330708661418
2026-01-16T22:39:04.277776,interface,0.33858267716535434,0.905511811023622,0.7952755905511811,0.6456692913385826,0.968503937007874,0.9133858267716536,0.9921259842519685,0.5118110236220472
2026-01-16T22:39:04.278567,interface,0.33858267716535434,0.905511811023622,0.7952755905511811,0.6456692913385826,0.968503937007874,0.9133858267716536,0.9921259842519685,0.49606299212598426
2026-01-16T22:39:04.287781,interface,0.33858267716535434,0.905511811023622,0.7952755905511811,0.6456692913385826,0.968503937007874,0.9133858267716536,0.9921259842519685,0.48031496062992124
2026-01-16T22:39:04.296364,interface,0.33858267716535434,0.905511811023622,0.7952755905511811,0.6456692913385826,0.968503937007874,0.9133858267716536,0.9921259842519685,0.4645669291338583
2026-01-16T22:39:04.307048,interface,0.33858267716535434,0.905511811023622,0.7952755905511811,0.6456692913385826,0.968503937007874,0.9133858267716536,0.9921259842519685,0.4566929133858268
2026-01-16T22:39:04.316073,interface,0.33858267716535434,0.905511811023622,0.7952755905511811,0.6456692913385826,0.968503937007874,0.9133858267716536,0.9921259842519685,0.4409448818897638
2026-01-16T22:39:04.316847,interface,0.33858267716535434,0.905511811023622,0.7952755905511811,0.6456692913385826,0.968503937007874,0.9133858267716536,0.9921259842519685,0.4251968503937008
2026-01-16T22:39:04.327793,interface,0.33858267716535434,0.905511811023622,0.7952755905511811,0.6456692913385826,0.968503937007874,0.9133858267716536,0.9921259842519685,0.4094488188976378
2026-01-16T22:39:04.336595,interface,0.33858267716535434,0.905511811023622,0.7952755905511811,0.6456692913385826,0.968503937007874,0.9133858267716536,0.9921259842519685,0.3937007874015748
2026-01-16T22:39:04.346301,interface,0.33858267716535434,0.905511811023622,0.7952755905511811,0.6456692913385826,0.968503937007874,0.9133858267716536,0.9921259842519685,0.3779527559055118
2026-01-16T22:39:04.356961,interface,0.33858267716535434,0.905511811023622,0.7952755905511811,0.6456692913385826,0.968503937007874,0.9133858267716536,0.9921259842519685,0.3700787401574803
2026-01-16T22:39:04.357754,interface,0.33858267716535434,0.905511811023622,0.7952755905511811,0.6456692913385826,0.968503937007874,0.9133858267716536,0.9921259842519685,0.3543307086614173
2026-01-16T22:39:04.367806,interface,0.33858267716535434,0.905511811023622,0.7952755905511811,0.6456692913385826,0.968503937007874,0.9133858267716536,0.9921259842519685,0.3464566929133858
2026-01-16T22:39:04.376931,interface,0.33858267716535434,0.905511811023622,0.7952755905511811,0.6456692913385826,0.968503937007874,0.9133858267716536,0.9921259842519685,0.33858267716535434
2026-01-16T22:39:04.385717,interface,0.33858267716535434,0.905511811023622,0.7952755905511811,0.6456692913385826,0.968503937007874,0.9133858267716536,0.9921259842519685,0.3228346456692913
2026-01-16T22:39:04.396152,interface,0.33858267716535434,0.905511811023622,0.7952755905511811,0.6456692913385826,0.968503937007874,0.9133858267716536,0.9921259842519685,0.31496062992125984
2026-01-16T22:39:04.396936,interface,0.33858267716535434,0.905511811023622,0.7952755905511811,0.6456692913385826,0.968503937007874,0.9133858267716536,0.9921259842519685,0.30708661417322836
2026-01-16T22:39:04.407784,interface,0.33858267716535434,0.905511811023622,0.7952755905511811,0.6456692913385826,0.968503937007874,0.9133858267716536,0.9921259842519685,0.2992125984251969
2026-01-16T22:39:04.416060,interface,0.33858267716535434,0.905511811023622,0.7952755905511811,0.6456692913385826,0.968503937007874,0.9133858267716536,0.9921259842519685,0.28346456692913385
2026-01-16T22:39:04.426057,interface,0.33858267716535434,0.905511811023622,0.7952755905511811,0.6456692913385826,0.968503937007874,0.9133858267716536,0.9921259842519685,0.2755905511811024
2026-01-16T22:39:04.436037,interface,0.33858267716535434,0.905511811023622,0.7952755905511811,0.6456692913385826,0.968503937007874,0.9133858267716536,0.9921259842519685,0.2677165354330709
2026-01-16T22:39:04.436815,interface,0.33858267716535434,0.905511811023622,0.7952755905511811,0.6456692913385826,0.968503937007874,0.9133858267716536,0.9921259842519685,0.25196850393700787
2026-01-16T22:39:04.447921,interface,0.33858267716535434,0.905511811023622,0.7952755905511811,0.6456692913385826,0.968503937007874,0.9133858267716536,0.9921259842519685,0.2440944881889764
2026-01-16T22:39:04.456694,interface,0.33858267716535434,0.905511811023622,0.7952755905511811,0.6456692913385826,0.968503937007874,0.9133858267716536,0.9921259842519685,0.2283464566929134
2026-01-16T22:39:04.466643,interface,0.33858267716535434,0.905511811023622,0.7952755905511811,0.6456692913385826,0.968503937007874,0.9133858267716536,0.9921259842519685,0.2204724409448819
2026-01-16T22:39:04.475988,interface,0.33858267716535434,0.905511811023622,0.7952755905511811,0.6456692913385826,0.968503937007874,0.9133858267716536,0.9921259842519685,0.2047244094488189
2026-01-16T22:39:04.476802,interface,0.33858267716535434,0.905511811023622,0.7952755905511811,0.6456692913385826,0.968503937007874,0.9133858267716536,0.9921259842519685,0.1968503937007874
2026-01-16T22:39:04.487786,interface,0.33858267716535434,0.905511811023622,0.7952755905511811,0.6456692913385826,0.968503937007874,0.9133858267716536,0.9921259842519685,0.18110236220472442
2026-01-16T22:39:04.496603,interface,0.33858267716535434,0.905511811023622,0.7952755905511811,0.6456692913385826,0.968503937007874,0.9133858267716536,0.9921259842519685,0.16535433070866143
2026-01-16T22:39:04.506041,interface,0.33858267716535434,0.905511811023622,0.7952755905511811,0.6456692913385826,0.968503937007874,0.9133858267716536,0.9921259842519685,0.14960629921259844
2026-01-16T22:39:04.516643,interface,0.33858267716535434,0.905511811023622,0.7952755905511811,0.6456692913385826,0.968503937007874,0.9133858267716536,0.9921259842519685,0.13385826771653545
2026-01-16T22:39:04.517457,interface,0.33858267716535434,0.905511811023622,0.7952755905511811,0.6456692913385826,0.968503937007874,0.9133858267716536,0.9921259842519685,0.11811023622047244
2026-01-16T22:39:04.527781,interface,0.33858267716535434,0.905511811023622,0.7952755905511811,0.6456692913385826,0.968503937007874,0.9133858267716536,0.9921259842519685,0.11023622047244094
2026-01-16T22:39:04.536922,interface,0.33858267716535434,0.905511811023622,0.7952755905511811,0.6456692913385826,0.968503937007874,0.9133858267716536,0.9921259842519685,0.09448818897637795
2026-01-16T22:39:04.545914,interface,0.33858267716535434,0.905511811023622,0.7952755905511811,0.6456692913385826,0.968503937007874,0.9133858267716536,0.9921259842519685,0.08661417322834646
2026-01-16T22:39:04.556320,interface,0.33858267716535434,0.905511811023622,0.7952755905511811,0.6456692913385826,0.968503937007874,0.9133858267716536,0.9921259842519685,0.07086614173228346
2026-01-16T22:39:04.557139,interface,0.33858267716535434,0.905511811023622,0.7952755905511811,0.6456692913385826,0.968503937007874,0.9133858267716536,0.9921259842519685,0.06299212598425197
2026-01-16T22:39:04.568028,interface,0.33858267716535434,0.905511811023622,0.7952755905511811,0.6456692913385826,0.968503937007874,0.9133858267716536,0.9921259842519685,0.05511811023622047
2026-01-16T22:39:04.576622,interface,0.33858267716535434,0.905511811023622,0.7952755905511811,0.6456692913385826,0.968503937007874,0.9133858267716536,0.9921259842519685,0.047244094488188976
2026-01-16T22:39:04.588401,interface,0.33858267716535434,0.905511811023622,0.7952755905511811,0.6456692913385826,0.968503937007874,0.9133858267716536,0.9921259842519685,0.03937007874015748
2026-01-16T22:39:04.596088,interface,0.33858267716535434,0.905511811023622,0.7952755905511811,0.6456692913385826,0.968503937007874,0.9133858267716536,0.9921259842519685,0.031496062992125984
2026-01-16T22:39:04.596885,interface,0.33858267716535434,0.905511811023622,0.7952755905511811,0.6456692913385826,0.968503937007874,0.9133858267716536,0.9921259842519685,0.023622047244094488
2026-01-16T22:39:04.607782,interface,0.33858267716535434,0.905511811023622,0.7952755905511811,0.6456692913385826,0.968503937007874,0.9133858267716536,0.9921259842519685,0.015748031496062992
2026-01-16T22:39:04.616696,interface,0.33858267716535434,0.905511811023622,0.7952755905511811,0.6456692913385826,0.968503937007874,0.9133858267716536,0.9921259842519685,0.007874015748031496
2026-01-16T22:39:04.631726,interface,0.33858267716535434,0.905511811023622,0.7952755905511811,0.6456692913385826,0.968503937007874,0.9133858267716536,0.9921259842519685,0.0
2026-01-16T22:39:04.651351,interface,0.33858267716535434,0.905511811023622,0.7952755905511811,0.6456692913385826,0.968503937007874,0.9133858267716536,0.9921259842519685,0.0
2026-01-16T22:39:06.128381,interface,0.1968503937007874,0.905511811023622,0.7952755905511811,0.6456692913385826,0.968503937007874,0.9133858267716536,0.9921259842519685,0.0
2026-01-16T22:39:10.095012,interface,0.1968503937007874,0.905511811023622,0.7952755905511811,0.6456692913385826,0.968503937007874,0.9133858267716536,0.0,0.0
2026-01-16T22:39:10.111096,interface,0.1968503937007874,0.905511811023622,0.7952755905511811,0.6456692913385826,0.968503937007874,0.9133858267716536,0.007874015748031496,0.0
2026-01-16T22:39:10.126794,interface,0.1968503937007874,0.905511811023622,0.7952755905511811,0.6456692913385826,0.968503937007874,0.9133858267716536,0.007874015748031496,0.0
2026-01-16T22:39:10.135845,interface,0.1968503937007874,0.905511811023622,0.7952755905511811,0.6456692913385826,0.968503937007874,0.9133858267716536,0.015748031496062992,0.0
2026-01-16T22:39:10.146071,interface,0.1968503937007874,0.905511811023622,0.7952755905511811,0.6456692913385826,0.968503937007874,0.9133858267716536,0.023622047244094488,0.0
2026-01-16T22:39:10.156395,interface,0.1968503937007874,0.905511811023622,0.7952755905511811,0.6456692913385826,0.968503937007874,0.9133858267716536,0.023622047244094488,0.0
2026-01-16T22:39:10.157188,interface,0.1968503937007874,0.905511811023622,0.7952755905511811,0.6456692913385826,0.968503937007874,0.9133858267716536,0.031496062992125984,0.0
2026-01-16T22:39:10.166717,interface,0.1968503937007874,0.905511811023622,0.7952755905511811,0.6456692913385826,0.968503937007874,0.9133858267716536,0.031496062992125984,0.0
2026-01-16T22:39:10.175812,interface,0.1968503937007874,0.905511811023622,0.7952755905511811,0.6456692913385826,0.968503937007874,0.9133858267716536,0.03937007874015748,0.0
2026-01-16T22:39:10.186687,interface,0.1968503937007874,0.905511811023622,0.7952755905511811,0.6456692913385826,0.968503937007874,0.9133858267716536,0.03937007874015748,0.0
2026-01-16T22:39:10.198690,interface,0.1968503937007874,0.905511811023622,0.7952755905511811,0.6456692913385826,0.968503937007874,0.9133858267716536,0.047244094488188976,0.0
2026-01-16T22:39:10.206695,interface,0.1968503937007874,0.905511811023622,0.7952755905511811,0.6456692913385826,0.968503937007874,0.9133858267716536,0.05511811023622047,0.0
2026-01-16T22:39:10.216066,interface,0.1968503937007874,0.905511811023622,0.7952755905511811,0.6456692913385826,0.968503937007874,0.9133858267716536,0.06299212598425197,0.0
2026-01-16T22:39:10.226374,interface,0.1968503937007874,0.905511811023622,0.7952755905511811,0.6456692913385826,0.968503937007874,0.9133858267716536,0.06299212598425197,0.0
2026-01-16T22:39:10.236600,interface,0.1968503937007874,0.905511811023622,0.7952755905511811,0.6456692913385826,0.968503937007874,0.9133858267716536,0.07086614173228346,0.0
2026-01-16T22:39:10.237394,interface,0.1968503937007874,0.905511811023622,0.7952755905511811,0.6456692913385826,0.968503937007874,0.9133858267716536,0.07874015748031496,0.0
2026-01-16T22:39:10.246952,interface,0.1968503937007874,0.905511811023622,0.7952755905511811,0.6456692913385826,0.968503937007874,0.9133858267716536,0.08661417322834646,0.0
2026-01-16T22:39:10.256536,interface,0.1968503937007874,0.905511811023622,0.7952755905511811,0.6456692913385826,0.968503937007874,0.9133858267716536,0.09448818897637795,0.0
2026-01-16T22:39:10.266576,interface,0.1968503937007874,0.905511811023622,0.7952755905511811,0.6456692913385826,0.968503937007874,0.9133858267716536,0.10236220472440945,0.0
2026-01-16T22:39:10.276563,interface,0.1968503937007874,0.905511811023622,0.7952755905511811,0.6456692913385826,0.968503937007874,0.9133858267716536,0.11023622047244094,0.0
2026-01-16T22:39:10.277350,interface,0.1968503937007874,0.905511811023622,0.7952755905511811,0.6456692913385826,0.968503937007874,0.9133858267716536,0.11811023622047244,0.0
2026-01-16T22:39:10.286712,interface,0.1968503937007874,0.905511811023622,0.7952755905511811,0.6456692913385826,0.968503937007874,0.9133858267716536,0.12598425196850394,0.0
2026-01-16T22:39:10.295973,interface,0.1968503937007874,0.905511811023622,0.7952755905511811,0.6456692913385826,0.968503937007874,0.9133858267716536,0.13385826771653545,0.0
2026-01-16T22:39:10.305971,interface,0.1968503937007874,0.905511811023622,0.7952755905511811,0.6456692913385826,0.968503937007874,0.9133858267716536,0.14173228346456693,0.0
2026-01-16T22:39:10.306757,interface,0.1968503937007874,0.905511811023622,0.7952755905511811,0.6456692913385826,0.968503937007874,0.9133858267716536,0.14173228346456693,0.0
2026-01-16T22:39:10.316708,interface,0.1968503937007874,0.905511811023622,0.7952755905511811,0.6456692913385826,0.968503937007874,0.9133858267716536,0.14960629921259844,0.0
2026-01-16T22:39:10.332706,interface,0.1968503937007874,0.905511811023622,0.7952755905511811,0.6456692913385826,0.968503937007874,0.9133858267716536,0.14960629921259844,0.0
2026-01-16T22:39:10.372724,interface,0.1968503937007874,0.905511811023622,0.7952755905511811,0.6456692913385826,0.968503937007874,0.9133858267716536,0.14960629921259844,0.0
2026-01-16T22:39:10.385816,interface,0.1968503937007874,0.905511811023622,0.7952755905511811,0.6456692913385826,0.968503937007874,0.9133858267716536,0.14173228346456693,0.0
2026-01-16T22:39:10.386563,interface,0.1968503937007874,0.905511811023622,0.7952755905511811,0.6456692913385826,0.968503937007874,0.9133858267716536,0.13385826771653545,0.0
2026-01-16T22:39:10.401367,interface,0.1968503937007874,0.905511811023622,0.7952755905511811,0.6456692913385826,0.968503937007874,0.9133858267716536,0.12598425196850394,0.0
2026-01-16T22:39:10.402178,interface,0.1968503937007874,0.905511811023622,0.7952755905511811,0.6456692913385826,0.968503937007874,0.9133858267716536,0.11811023622047244,0.0
2026-01-16T22:39:10.415930,interface,0.1968503937007874,0.905511811023622,0.7952755905511811,0.6456692913385826,0.968503937007874,0.9133858267716536,0.10236220472440945,0.0
2026-01-16T22:39:10.426632,interface,0.1968503937007874,0.905511811023622,0.7952755905511811,0.6456692913385826,0.968503937007874,0.9133858267716536,0.09448818897637795,0.0
2026-01-16T22:39:10.427425,interface,0.1968503937007874,0.905511811023622,0.7952755905511811,0.6456692913385826,0.968503937007874,0.9133858267716536,0.07874015748031496,0.0
2026-01-16T22:39:10.436722,interface,0.1968503937007874,0.905511811023622,0.7952755905511811,0.6456692913385826,0.968503937007874,0.9133858267716536,0.06299212598425197,0.0
2026-01-16T22:39:10.447000,interface,0.1968503937007874,0.905511811023622,0.7952755905511811,0.6456692913385826,0.968503937007874,0.9133858267716536,0.047244094488188976,0.0
2026-01-16T22:39:10.455979,interface,0.1968503937007874,0.905511811023622,0.7952755905511811,0.6456692913385826,0.968503937007874,0.9133858267716536,0.031496062992125984,0.0
2026-01-16T22:39:10.466462,interface,0.1968503937007874,0.905511811023622,0.7952755905511811,0.6456692913385826,0.968503937007874,0.9133858267716536,0.015748031496062992,0.0
2026-01-16T22:39:10.467287,interface,0.1968503937007874,0.905511811023622,0.7952755905511811,0.6456692913385826,0.968503937007874,0.9133858267716536,0.007874015748031496,0.0
2026-01-16T22:39:10.476714,interface,0.1968503937007874,0.905511811023622,0.7952755905511811,0.6456692913385826,0.968503937007874,0.9133858267716536,0.007874015748031496,0.0
2026-01-16T22:39:10.492692,interface,0.1968503937007874,0.905511811023622,0.7952755905511811,0.6456692913385826,0.968503937007874,0.9133858267716536,0.0,0.0
2026-01-16T22:39:10.908764,interface,0.1968503937007874,0.905511811023622,0.7952755905511811,0.6456692913385826,0.968503937007874,0.9133858267716536,0.007874015748031496,0.0
2026-01-16T22:39:10.916780,interface,0.1968503937007874,0.905511811023622,0.7952755905511811,0.6456692913385826,0.968503937007874,0.9133858267716536,0.007874015748031496,0.0
2026-01-16T22:39:10.925809,interface,0.1968503937007874,0.905511811023622,0.7952755905511811,0.6456692913385826,0.968503937007874,0.9133858267716536,0.023622047244094488,0.0
2026-01-16T22:39:10.935989,interface,0.1968503937007874,0.905511811023622,0.7952755905511811,0.6456692913385826,0.968503937007874,0.9133858267716536,0.03937007874015748,0.0
2026-01-16T22:39:10.946449,interface,0.1968503937007874,0.905511811023622,0.7952755905511811,0.6456692913385826,0.968503937007874,0.9133858267716536,0.05511811023622047,0.0
2026-01-16T22:39:10.947248,interface,0.1968503937007874,0.905511811023622,0.7952755905511811,0.6456692913385826,0.968503937007874,0.9133858267716536,0.07874015748031496,0.0
2026-01-16T22:39:10.957567,interface,0.1968503937007874,0.905511811023622,0.7952755905511811,0.6456692913385826,0.968503937007874,0.9133858267716536,0.10236220472440945,0.0
2026-01-16T22:39:10.965676,interface,0.1968503937007874,0.905511811023622,0.7952755905511811,0.6456692913385826,0.968503937007874,0.9133858267716536,0.12598425196850394,0.0
2026-01-16T22:39:10.976545,interface,0.1968503937007874,0.905511811023622,0.7952755905511811,0.6456692913385826,0.968503937007874,0.9133858267716536,0.14960629921259844,0.0
2026-01-16T22:39:10.985813,interface,0.1968503937007874,0.905511811023622,0.7952755905511811,0.6456692913385826,0.968503937007874,0.9133858267716536,0.1732283464566929,0.0
2026-01-16T22:39:10.986610,interface,0.1968503937007874,0.905511811023622,0.7952755905511811,0.6456692913385826,0.968503937007874,0.9133858267716536,0.1968503937007874,0.0
2026-01-16T22:39:10.996694,interface,0.1968503937007874,0.905511811023622,0.7952755905511811,0.6456692913385826,0.968503937007874,0.9133858267716536,0.2204724409448819,0.0
2026-01-16T22:39:11.005795,interface,0.1968503937007874,0.905511811023622,0.7952755905511811,0.6456692913385826,0.968503937007874,0.9133858267716536,0.23622047244094488,0.0
2026-01-16T22:39:11.017047,interface,0.1968503937007874,0.905511811023622,0.7952755905511811,0.6456692913385826,0.968503937007874,0.9133858267716536,0.25984251968503935,0.0
2026-01-16T22:39:11.025932,interface,0.1968503937007874,0.905511811023622,0.7952755905511811,0.6456692913385826,0.968503937007874,0.9133858267716536,0.28346456692913385,0.0
2026-01-16T22:39:11.026750,interface,0.1968503937007874,0.905511811023622,0.7952755905511811,0.6456692913385826,0.968503937007874,0.9133858267716536,0.30708661417322836,0.0
2026-01-16T22:39:11.037594,interface,0.1968503937007874,0.905511811023622,0.7952755905511811,0.6456692913385826,0.968503937007874,0.9133858267716536,0.33070866141732286,0.0
2026-01-16T22:39:11.047072,interface,0.1968503937007874,0.905511811023622,0.7952755905511811,0.6456692913385826,0.968503937007874,0.9133858267716536,0.3464566929133858,0.0
2026-01-16T22:39:11.055641,interface,0.1968503937007874,0.905511811023622,0.7952755905511811,0.6456692913385826,0.968503937007874,0.9133858267716536,0.3700787401574803,0.0
2026-01-16T22:39:11.066391,interface,0.1968503937007874,0.905511811023622,0.7952755905511811,0.6456692913385826,0.968503937007874,0.9133858267716536,0.3937007874015748,0.0
2026-01-16T22:39:11.067213,interface,0.1968503937007874,0.905511811023622,0.7952755905511811,0.6456692913385826,0.968503937007874,0.9133858267716536,0.41732283464566927,0.0
2026-01-16T22:39:11.077606,interface,0.1968503937007874,0.905511811023622,0.7952755905511811,0.6456692913385826,0.968503937007874,0.9133858267716536,0.4409448818897638,0.0
2026-01-16T22:39:11.087044,interface,0.1968503937007874,0.905511811023622,0.7952755905511811,0.6456692913385826,0.968503937007874,0.9133858267716536,0.4645669291338583,0.0
2026-01-16T22:39:11.096022,interface,0.1968503937007874,0.905511811023622,0.7952755905511811,0.6456692913385826,0.968503937007874,0.9133858267716536,0.48031496062992124,0.0
2026-01-16T22:39:11.106943,interface,0.1968503937007874,0.905511811023622,0.7952755905511811,0.6456692913385826,0.968503937007874,0.9133858267716536,0.5039370078740157,0.0
2026-01-16T22:39:11.107677,interface,0.1968503937007874,0.905511811023622,0.7952755905511811,0.6456692913385826,0.968503937007874,0.9133858267716536,0.5196850393700787,0.0
2026-01-16T22:39:11.116792,interface,0.1968503937007874,0.905511811023622,0.7952755905511811,0.6456692913385826,0.968503937007874,0.9133858267716536,0.5354330708661418,0.0
2026-01-16T22:39:11.125773,interface,0.1968503937007874,0.905511811023622,0.7952755905511811,0.6456692913385826,0.968503937007874,0.9133858267716536,0.5511811023622047,0.0
2026-01-16T22:39:11.136376,interface,0.1968503937007874,0.905511811023622,0.7952755905511811,0.6456692913385826,0.968503937007874,0.9133858267716536,0.5748031496062992,0.0
2026-01-16T22:39:11.151469,interface,0.1968503937007874,0.905511811023622,0.7952755905511811,0.6456692913385826,0.968503937007874,0.9133858267716536,0.5905511811023622,0.0
2026-01-16T22:39:11.152267,interface,0.1968503937007874,0.905511811023622,0.7952755905511811,0.6456692913385826,0.968503937007874,0.9133858267716536,0.5984251968503937,0.0
2026-01-16T22:39:11.153002,interface,0.1968503937007874,0.905511811023622,0.7952755905511811,0.6456692913385826,0.968503937007874,0.9133858267716536,0.6141732283464567,0.0
2026-01-16T22:39:11.165747,interface,0.1968503937007874,0.905511811023622,0.7952755905511811,0.6456692913385826,0.968503937007874,0.9133858267716536,0.6299212598425197,0.0
2026-01-16T22:39:11.176435,interface,0.1968503937007874,0.905511811023622,0.7952755905511811,0.6456692913385826,0.968503937007874,0.9133858267716536,0.6456692913385826,0.0
2026-01-16T22:39:11.186384,interface,0.1968503937007874,0.905511811023622,0.7952755905511811,0.6456692913385826,0.968503937007874,0.9133858267716536,0.6535433070866141,0.0
2026-01-16T22:39:11.187142,interface,0.1968503937007874,0.905511811023622,0.7952755905511811,0.6456692913385826,0.968503937007874,0.9133858267716536,0.6692913385826772,0.0
2026-01-16T22:39:11.197640,interface,0.1968503937007874,0.905511811023622,0.7952755905511811,0.6456692913385826,0.968503937007874,0.9133858267716536,0.6771653543307087,0.0
2026-01-16T22:39:11.205976,interface,0.1968503937007874,0.905511811023622,0.7952755905511811,0.6456692913385826,0.968503937007874,0.9133858267716536,0.6850393700787402,0.0
2026-01-16T22:39:11.216481,interface,0.1968503937007874,0.905511811023622,0.7952755905511811,0.6456692913385826,0.968503937007874,0.9133858267716536,0.6929133858267716,0.0
2026-01-16T22:39:11.226395,interface,0.1968503937007874,0.905511811023622,0.7952755905511811,0.6456692913385826,0.968503937007874,0.9133858267716536,0.6929133858267716,0.0
2026-01-16T22:39:11.227183,interface,0.1968503937007874,0.905511811023622,0.7952755905511811,0.6456692913385826,0.968503937007874,0.9133858267716536,0.7007874015748031,0.0
2026-01-16T22:39:11.244857,interface,0.1968503937007874,0.905511811023622,0.7952755905511811,0.6456692913385826,0.968503937007874,0.9133858267716536,0.7086614173228346,0.0
2026-01-16T22:39:11.268809,interface,0.1968503937007874,0.905511811023622,0.7952755905511811,0.6456692913385826,0.968503937007874,0.9133858267716536,0.7086614173228346,0.0
2026-01-16T22:39:11.412777,interface,0.1968503937007874,0.905511811023622,0.7952755905511811,0.6456692913385826,0.968503937007874,0.9133858267716536,0.7086614173228346,0.0
2026-01-16T22:39:11.428842,interface,0.1968503937007874,0.905511811023622,0.7952755905511811,0.6456692913385826,0.968503937007874,0.9133858267716536,0.7007874015748031,0.0
2026-01-16T22:39:11.444835,interface,0.1968503937007874,0.905511811023622,0.7952755905511811,0.6456692913385826,0.968503937007874,0.9133858267716536,0.6929133858267716,0.0
2026-01-16T22:39:11.455751,interface,0.1968503937007874,0.905511811023622,0.7952755905511811,0.6456692913385826,0.968503937007874,0.9133858267716536,0.6850393700787402,0.0
2026-01-16T22:39:11.466363,interface,0.1968503937007874,0.905511811023622,0.7952755905511811,0.6456692913385826,0.968503937007874,0.9133858267716536,0.6850393700787402,0.0
2026-01-16T22:39:11.467171,interface,0.1968503937007874,0.905511811023622,0.7952755905511811,0.6456692913385826,0.968503937007874,0.9133858267716536,0.6771653543307087,0.0
2026-01-16T22:39:11.476853,interface,0.1968503937007874,0.905511811023622,0.7952755905511811,0.6456692913385826,0.968503937007874,0.9133858267716536,0.6692913385826772,0.0
2026-01-16T22:39:11.486008,interface,0.1968503937007874,0.905511811023622,0.7952755905511811,0.6456692913385826,0.968503937007874,0.9133858267716536,0.6535433070866141,0.0
2026-01-16T22:39:11.497284,interface,0.1968503937007874,0.905511811023622,0.7952755905511811,0.6456692913385826,0.968503937007874,0.9133858267716536,0.6456692913385826,0.0
2026-01-16T22:39:11.506359,interface,0.1968503937007874,0.905511811023622,0.7952755905511811,0.6456692913385826,0.968503937007874,0.9133858267716536,0.6377952755905512,0.0
2026-01-16T22:39:11.507165,interface,0.1968503937007874,0.905511811023622,0.7952755905511811,0.6456692913385826,0.968503937007874,0.9133858267716536,0.6220472440944882,0.0
2026-01-16T22:39:11.516867,interface,0.1968503937007874,0.905511811023622,0.7952755905511811,0.6456692913385826,0.968503937007874,0.9133858267716536,0.6141732283464567,0.0
2026-01-16T22:39:11.526568,interface,0.1968503937007874,0.905511811023622,0.7952755905511811,0.6456692913385826,0.968503937007874,0.9133858267716536,0.5984251968503937,0.0
2026-01-16T22:39:11.536024,interface,0.1968503937007874,0.905511811023622,0.7952755905511811,0.6456692913385826,0.968503937007874,0.9133858267716536,0.5826771653543307,0.0
2026-01-16T22:39:11.546903,interface,0.1968503937007874,0.905511811023622,0.7952755905511811,0.6456692913385826,0.968503937007874,0.9133858267716536,0.5748031496062992,0.0
2026-01-16T22:39:11.547721,interface,0.1968503937007874,0.905511811023622,0.7952755905511811,0.6456692913385826,0.968503937007874,0.9133858267716536,0.5590551181102362,0.0
2026-01-16T22:39:11.556866,interface,0.1968503937007874,0.905511811023622,0.7952755905511811,0.6456692913385826,0.968503937007874,0.9133858267716536,0.5433070866141733,0.0
2026-01-16T22:39:11.566713,interface,0.1968503937007874,0.905511811023622,0.7952755905511811,0.6456692913385826,0.968503937007874,0.9133858267716536,0.5275590551181102,0.0
2026-01-16T22:39:11.575792,interface,0.1968503937007874,0.905511811023622,0.7952755905511811,0.6456692913385826,0.968503937007874,0.9133858267716536,0.5118110236220472,0.0
2026-01-16T22:39:11.588221,interface,0.1968503937007874,0.905511811023622,0.7952755905511811,0.6456692913385826,0.968503937007874,0.9133858267716536,0.49606299212598426,0.0
2026-01-16T22:39:11.588959,interface,0.1968503937007874,0.905511811023622,0.7952755905511811,0.6456692913385826,0.968503937007874,0.9133858267716536,0.4881889763779528,0.0
2026-01-16T22:39:11.596890,interface,0.1968503937007874,0.905511811023622,0.7952755905511811,0.6456692913385826,0.968503937007874,0.9133858267716536,0.47244094488188976,0.0
2026-01-16T22:39:11.605781,interface,0.1968503937007874,0.905511811023622,0.7952755905511811,0.6456692913385826,0.968503937007874,0.9133858267716536,0.4566929133858268,0.0
2026-01-16T22:39:11.616763,interface,0.1968503937007874,0.905511811023622,0.7952755905511811,0.6456692913385826,0.968503937007874,0.9133858267716536,0.44881889763779526,0.0
2026-01-16T22:39:11.625951,interface,0.1968503937007874,0.905511811023622,0.7952755905511811,0.6456692913385826,0.968503937007874,0.9133858267716536,0.4330708661417323,0.0
2026-01-16T22:39:11.626751,interface,0.1968503937007874,0.905511811023622,0.7952755905511811,0.6456692913385826,0.968503937007874,0.9133858267716536,0.41732283464566927,0.0
2026-01-16T22:39:11.637440,interface,0.1968503937007874,0.905511811023622,0.7952755905511811,0.6456692913385826,0.968503937007874,0.9133858267716536,0.4015748031496063,0.0
2026-01-16T22:39:11.645976,interface,0.1968503937007874,0.905511811023622,0.7952755905511811,0.6456692913385826,0.968503937007874,0.9133858267716536,0.3858267716535433,0.0
2026-01-16T22:39:11.657023,interface,0.1968503937007874,0.905511811023622,0.7952755905511811,0.6456692913385826,0.968503937007874,0.9133858267716536,0.3700787401574803,0.0
2026-01-16T22:39:11.665766,interface,0.1968503937007874,0.905511811023622,0.7952755905511811,0.6456692913385826,0.968503937007874,0.9133858267716536,0.36220472440944884,0.0
2026-01-16T22:39:11.666589,interface,0.1968503937007874,0.905511811023622,0.7952755905511811,0.6456692913385826,0.968503937007874,0.9133858267716536,0.3464566929133858,0.0
2026-01-16T22:39:11.676913,interface,0.1968503937007874,0.905511811023622,0.7952755905511811,0.6456692913385826,0.968503937007874,0.9133858267716536,0.33070866141732286,0.0
2026-01-16T22:39:11.686098,interface,0.1968503937007874,0.905511811023622,0.7952755905511811,0.6456692913385826,0.968503937007874,0.9133858267716536,0.31496062992125984,0.0
2026-01-16T22:39:11.696432,interface,0.1968503937007874,0.905511811023622,0.7952755905511811,0.6456692913385826,0.968503937007874,0.9133858267716536,0.2992125984251969,0.0
2026-01-16T22:39:11.706824,interface,0.1968503937007874,0.905511811023622,0.7952755905511811,0.6456692913385826,0.968503937007874,0.9133858267716536,0.28346456692913385,0.0
2026-01-16T22:39:11.707570,interface,0.1968503937007874,0.905511811023622,0.7952755905511811,0.6456692913385826,0.968503937007874,0.9133858267716536,0.2677165354330709,0.0
2026-01-16T22:39:11.716934,interface,0.1968503937007874,0.905511811023622,0.7952755905511811,0.6456692913385826,0.968503937007874,0.9133858267716536,0.25196850393700787,0.0
2026-01-16T22:39:11.725972,interface,0.1968503937007874,0.905511811023622,0.7952755905511811,0.6456692913385826,0.968503937007874,0.9133858267716536,0.23622047244094488,0.0
2026-01-16T22:39:11.738930,interface,0.1968503937007874,0.905511811023622,0.7952755905511811,0.6456692913385826,0.968503937007874,0.9133858267716536,0.2204724409448819,0.0
2026-01-16T22:39:11.746089,interface,0.1968503937007874,0.905511811023622,0.7952755905511811,0.6456692913385826,0.968503937007874,0.9133858267716536,0.2047244094488189,0.0
2026-01-16T22:39:11.746945,interface,0.1968503937007874,0.905511811023622,0.7952755905511811,0.6456692913385826,0.968503937007874,0.9133858267716536,0.18110236220472442,0.0
2026-01-16T22:39:11.757308,interface,0.1968503937007874,0.905511811023622,0.7952755905511811,0.6456692913385826,0.968503937007874,0.9133858267716536,0.16535433070866143,0.0
2026-01-16T22:39:11.765810,interface,0.1968503937007874,0.905511811023622,0.7952755905511811,0.6456692913385826,0.968503937007874,0.9133858267716536,0.14960629921259844,0.0
2026-01-16T22:39:11.776886,interface,0.1968503937007874,0.905511811023622,0.7952755905511811,0.6456692913385826,0.968503937007874,0.9133858267716536,0.12598425196850394,0.0
2026-01-16T22:39:11.785754,interface,0.1968503937007874,0.905511811023622,0.7952755905511811,0.6456692913385826,0.968503937007874,0.9133858267716536,0.11023622047244094,0.0
2026-01-16T22:39:11.786574,interface,0.1968503937007874,0.905511811023622,0.7952755905511811,0.6456692913385826,0.968503937007874,0.9133858267716536,0.08661417322834646,0.0
2026-01-16T22:39:11.796942,interface,0.1968503937007874,0.905511811023622,0.7952755905511811,0.6456692913385826,0.968503937007874,0.9133858267716536,0.07086614173228346,0.0
2026-01-16T22:39:11.806953,interface,0.1968503937007874,0.905511811023622,0.7952755905511811,0.6456692913385826,0.968503937007874,0.9133858267716536,0.05511811023622047,0.0
2026-01-16T22:39:11.816007,interface,0.1968503937007874,0.905511811023622,0.7952755905511811,0.6456692913385826,0.968503937007874,0.9133858267716536,0.03937007874015748,0.0
2026-01-16T22:39:11.826410,interface,0.1968503937007874,0.905511811023622,0.7952755905511811,0.6456692913385826,0.968503937007874,0.9133858267716536,0.023622047244094488,0.0
2026-01-16T22:39:11.827156,interface,0.1968503937007874,0.905511811023622,0.7952755905511811,0.6456692913385826,0.968503937007874,0.9133858267716536,0.007874015748031496,0.0
2026-01-16T22:39:11.836983,interface,0.1968503937007874,0.905511811023622,0.7952755905511811,0.6456692913385826,0.968503937007874,0.9133858267716536,0.007874015748031496,0.0
2026-01-16T22:39:11.845796,interface,0.1968503937007874,0.905511811023622,0.7952755905511811,0.6456692913385826,0.968503937007874,0.9133858267716536,0.0,0.0
2026-01-16T22:39:11.860928,interface,0.1968503937007874,0.905511811023622,0.7952755905511811,0.6456692913385826,0.968503937007874,0.9133858267716536,0.0,0.0
2026-01-16T22:39:12.751321,interface,0.1968503937007874,0.905511811023622,0.7952755905511811,0.6456692913385826,0.968503937007874,0.9133858267716536,0.0,0.0
2026-01-16T22:39:12.763308,interface,0.1968503937007874,0.905511811023622,0.7952755905511811,0.6456692913385826,0.968503937007874,0.9133858267716536,0.007874015748031496,0.0
2026-01-16T22:39:12.776598,interface,0.1968503937007874,0.905511811023622,0.7952755905511811,0.6456692913385826,0.968503937007874,0.9133858267716536,0.015748031496062992,0.0
2026-01-16T22:39:12.777412,interface,0.1968503937007874,0.905511811023622,0.7952755905511811,0.6456692913385826,0.968503937007874,0.9133858267716536,0.031496062992125984,0.0
2026-01-16T22:39:12.787259,interface,0.1968503937007874,0.905511811023622,0.7952755905511811,0.6456692913385826,0.968503937007874,0.9133858267716536,0.047244094488188976,0.0
2026-01-16T22:39:12.796337,interface,0.1968503937007874,0.905511811023622,0.7952755905511811,0.6456692913385826,0.968503937007874,0.9133858267716536,0.06299212598425197,0.0
2026-01-16T22:39:12.806267,interface,0.1968503937007874,0.905511811023622,0.7952755905511811,0.6456692913385826,0.968503937007874,0.9133858267716536,0.08661417322834646,0.0
2026-01-16T22:39:12.817603,interface,0.1968503937007874,0.905511811023622,0.7952755905511811,0.6456692913385826,0.968503937007874,0.9133858267716536,0.11023622047244094,0.0
2026-01-16T22:39:12.818395,interface,0.1968503937007874,0.905511811023622,0.7952755905511811,0.6456692913385826,0.968503937007874,0.9133858267716536,0.12598425196850394,0.0
2026-01-16T22:39:12.827259,interface,0.1968503937007874,0.905511811023622,0.7952755905511811,0.6456692913385826,0.968503937007874,0.9133858267716536,0.14960629921259844,0.0
2026-01-16T22:39:12.836315,interface,0.1968503937007874,0.905511811023622,0.7952755905511811,0.6456692913385826,0.968503937007874,0.9133858267716536,0.1732283464566929,0.0
2026-01-16T22:39:12.846599,interface,0.1968503937007874,0.905511811023622,0.7952755905511811,0.6456692913385826,0.968503937007874,0.9133858267716536,0.1968503937007874,0.0
2026-01-16T22:39:12.857358,interface,0.1968503937007874,0.905511811023622,0.7952755905511811,0.6456692913385826,0.968503937007874,0.9133858267716536,0.2204724409448819,0.0
2026-01-16T22:39:12.858154,interface,0.1968503937007874,0.905511811023622,0.7952755905511811,0.6456692913385826,0.968503937007874,0.9133858267716536,0.2440944881889764,0.0
2026-01-16T22:39:12.867278,interface,0.1968503937007874,0.905511811023622,0.7952755905511811,0.6456692913385826,0.968503937007874,0.9133858267716536,0.25984251968503935,0.0
2026-01-16T22:39:12.876292,interface,0.1968503937007874,0.905511811023622,0.7952755905511811,0.6456692913385826,0.968503937007874,0.9133858267716536,0.28346456692913385,0.0
2026-01-16T22:39:12.887600,interface,0.1968503937007874,0.905511811023622,0.7952755905511811,0.6456692913385826,0.968503937007874,0.9133858267716536,0.2992125984251969,0.0
2026-01-16T22:39:12.895960,interface,0.1968503937007874,0.905511811023622,0.7952755905511811,0.6456692913385826,0.968503937007874,0.9133858267716536,0.31496062992125984,0.0
2026-01-16T22:39:12.896743,interface,0.1968503937007874,0.905511811023622,0.7952755905511811,0.6456692913385826,0.968503937007874,0.9133858267716536,0.33070866141732286,0.0
2026-01-16T22:39:12.907286,interface,0.1968503937007874,0.905511811023622,0.7952755905511811,0.6456692913385826,0.968503937007874,0.9133858267716536,0.3464566929133858,0.0
2026-01-16T22:39:12.915870,interface,0.1968503937007874,0.905511811023622,0.7952755905511811,0.6456692913385826,0.968503937007874,0.9133858267716536,0.36220472440944884,0.0
2026-01-16T22:39:12.926329,interface,0.1968503937007874,0.905511811023622,0.7952755905511811,0.6456692913385826,0.968503937007874,0.9133858267716536,0.3858267716535433,0.0
2026-01-16T22:39:12.935776,interface,0.1968503937007874,0.905511811023622,0.7952755905511811,0.6456692913385826,0.968503937007874,0.9133858267716536,0.4015748031496063,0.0
2026-01-16T22:39:12.936565,interface,0.1968503937007874,0.905511811023622,0.7952755905511811,0.6456692913385826,0.968503937007874,0.9133858267716536,0.41732283464566927,0.0
2026-01-16T22:39:12.947618,interface,0.1968503937007874,0.905511811023622,0.7952755905511811,0.6456692913385826,0.968503937007874,0.9133858267716536,0.4409448818897638,0.0
2026-01-16T22:39:12.957256,interface,0.1968503937007874,0.905511811023622,0.7952755905511811,0.6456692913385826,0.968503937007874,0.9133858267716536,0.4566929133858268,0.0
2026-01-16T22:39:12.965995,interface,0.1968503937007874,0.905511811023622,0.7952755905511811,0.6456692913385826,0.968503937007874,0.9133858267716536,0.47244094488188976,0.0
2026-01-16T22:39:12.976899,interface,0.1968503937007874,0.905511811023622,0.7952755905511811,0.6456692913385826,0.968503937007874,0.9133858267716536,0.4881889763779528,0.0
2026-01-16T22:39:12.977716,interface,0.1968503937007874,0.905511811023622,0.7952755905511811,0.6456692913385826,0.968503937007874,0.9133858267716536,0.5039370078740157,0.0
2026-01-16T22:39:12.987281,interface,0.1968503937007874,0.905511811023622,0.7952755905511811,0.6456692913385826,0.968503937007874,0.9133858267716536,0.5196850393700787,0.0
2026-01-16T22:39:12.996391,interface,0.1968503937007874,0.905511811023622,0.7952755905511811,0.6456692913385826,0.968503937007874,0.9133858267716536,0.5354330708661418,0.0
2026-01-16T22:39:13.006282,interface,0.1968503937007874,0.905511811023622,0.7952755905511811,0.6456692913385826,0.968503937007874,0.9133858267716536,0.5590551181102362,0.0
2026-01-16T22:39:13.016976,interface,0.1968503937007874,0.905511811023622,0.7952755905511811,0.6456692913385826,0.968503937007874,0.9133858267716536,0.5748031496062992,0.0
2026-01-16T22:39:13.017757,interface,0.1968503937007874,0.905511811023622,0.7952755905511811,0.6456692913385826,0.968503937007874,0.9133858267716536,0.5905511811023622,0.0
2026-01-16T22:39:13.027626,interface,0.1968503937007874,0.905511811023622,0.7952755905511811,0.6456692913385826,0.968503937007874,0.9133858267716536,0.6141732283464567,0.0
2026-01-16T22:39:13.036754,interface,0.1968503937007874,0.905511811023622,0.7952755905511811,0.6456692913385826,0.968503937007874,0.9133858267716536,0.6299212598425197,0.0
2026-01-16T22:39:13.046814,interface,0.1968503937007874,0.905511811023622,0.7952755905511811,0.6456692913385826,0.968503937007874,0.9133858267716536,0.6535433070866141,0.0
2026-01-16T22:39:13.056682,interface,0.1968503937007874,0.905511811023622,0.7952755905511811,0.6456692913385826,0.968503937007874,0.9133858267716536,0.6771653543307087,0.0
2026-01-16T22:39:13.057467,interface,0.1968503937007874,0.905511811023622,0.7952755905511811,0.6456692913385826,0.968503937007874,0.9133858267716536,0.6929133858267716,0.0
2026-01-16T22:39:13.067752,interface,0.1968503937007874,0.905511811023622,0.7952755905511811,0.6456692913385826,0.968503937007874,0.9133858267716536,0.7165354330708661,0.0
2026-01-16T22:39:13.076746,interface,0.1968503937007874,0.905511811023622,0.7952755905511811,0.6456692913385826,0.968503937007874,0.9133858267716536,0.7401574803149606,0.0
2026-01-16T22:39:13.086252,interface,0.1968503937007874,0.905511811023622,0.7952755905511811,0.6456692913385826,0.968503937007874,0.9133858267716536,0.7559055118110236,0.0
2026-01-16T22:39:13.096349,interface,0.1968503937007874,0.905511811023622,0.7952755905511811,0.6456692913385826,0.968503937007874,0.9133858267716536,0.7795275590551181,0.0
2026-01-16T22:39:13.097166,interface,0.1968503937007874,0.905511811023622,0.7952755905511811,0.6456692913385826,0.968503937007874,0.9133858267716536,0.8031496062992126,0.0
2026-01-16T22:39:13.107839,interface,0.1968503937007874,0.905511811023622,0.7952755905511811,0.6456692913385826,0.968503937007874,0.9133858267716536,0.8188976377952756,0.0
2026-01-16T22:39:13.115606,interface,0.1968503937007874,0.905511811023622,0.7952755905511811,0.6456692913385826,0.968503937007874,0.9133858267716536,0.8503937007874016,0.0
2026-01-16T22:39:13.126976,interface,0.1968503937007874,0.905511811023622,0.7952755905511811,0.6456692913385826,0.968503937007874,0.9133858267716536,0.8740157480314961,0.0
2026-01-16T22:39:13.137227,interface,0.1968503937007874,0.905511811023622,0.7952755905511811,0.6456692913385826,0.968503937007874,0.9133858267716536,0.905511811023622,0.0
2026-01-16T22:39:13.138038,interface,0.1968503937007874,0.905511811023622,0.7952755905511811,0.6456692913385826,0.968503937007874,0.9133858267716536,0.9291338582677166,0.0
2026-01-16T22:39:13.151255,interface,0.1968503937007874,0.905511811023622,0.7952755905511811,0.6456692913385826,0.968503937007874,0.9133858267716536,0.952755905511811,0.0
2026-01-16T22:39:13.152087,interface,0.1968503937007874,0.905511811023622,0.7952755905511811,0.6456692913385826,0.968503937007874,0.9133858267716536,0.9763779527559056,0.0
2026-01-16T22:39:13.165763,interface,0.1968503937007874,0.905511811023622,0.7952755905511811,0.6456692913385826,0.968503937007874,0.9133858267716536,0.984251968503937,0.0
2026-01-16T22:39:13.177377,interface,0.1968503937007874,0.905511811023622,0.7952755905511811,0.6456692913385826,0.968503937007874,0.9133858267716536,0.9921259842519685,0.0
2026-01-16T22:39:13.178135,interface,0.1968503937007874,0.905511811023622,0.7952755905511811,0.6456692913385826,0.968503937007874,0.9133858267716536,1.0,0.0
2026-01-16T22:39:13.187321,interface,0.1968503937007874,0.905511811023622,0.7952755905511811,0.6456692913385826,0.968503937007874,0.9133858267716536,1.0,0.0
2026-01-16T22:39:13.427386,interface,0.1968503937007874,0.905511811023622,0.7952755905511811,0.6456692913385826,0.968503937007874,0.9133858267716536,0.9921259842519685,0.0
2026-01-16T22:39:13.435815,interface,0.1968503937007874,0.905511811023622,0.7952755905511811,0.6456692913385826,0.968503937007874,0.9133858267716536,0.9921259842519685,0.0
2026-01-16T22:39:13.445761,interface,0.1968503937007874,0.905511811023622,0.7952755905511811,0.6456692913385826,0.968503937007874,0.9133858267716536,0.968503937007874,0.0
2026-01-16T22:39:13.456967,interface,0.1968503937007874,0.905511811023622,0.7952755905511811,0.6456692913385826,0.968503937007874,0.9133858267716536,0.937007874015748,0.0
2026-01-16T22:39:13.457782,interface,0.1968503937007874,0.905511811023622,0.7952755905511811,0.6456692913385826,0.968503937007874,0.9133858267716536,0.905511811023622,0.0
2026-01-16T22:39:13.467372,interface,0.1968503937007874,0.905511811023622,0.7952755905511811,0.6456692913385826,0.968503937007874,0.9133858267716536,0.8661417322834646,0.0
2026-01-16T22:39:13.475773,interface,0.1968503937007874,0.905511811023622,0.7952755905511811,0.6456692913385826,0.968503937007874,0.9133858267716536,0.8267716535433071,0.0
2026-01-16T22:39:13.486642,interface,0.1968503937007874,0.905511811023622,0.7952755905511811,0.6456692913385826,0.968503937007874,0.9133858267716536,0.7952755905511811,0.0
2026-01-16T22:39:13.496883,interface,0.1968503937007874,0.905511811023622,0.7952755905511811,0.6456692913385826,0.968503937007874,0.9133858267716536,0.7637795275590551,0.0
2026-01-16T22:39:13.497692,interface,0.1968503937007874,0.905511811023622,0.7952755905511811,0.6456692913385826,0.968503937007874,0.9133858267716536,0.7322834645669292,0.0
2026-01-16T22:39:13.507639,interface,0.1968503937007874,0.905511811023622,0.7952755905511811,0.6456692913385826,0.968503937007874,0.9133858267716536,0.7007874015748031,0.0
2026-01-16T22:39:13.517009,interface,0.1968503937007874,0.905511811023622,0.7952755905511811,0.6456692913385826,0.968503937007874,0.9133858267716536,0.6771653543307087,0.0
2026-01-16T22:39:13.526691,interface,0.1968503937007874,0.905511811023622,0.7952755905511811,0.6456692913385826,0.968503937007874,0.9133858267716536,0.6456692913385826,0.0
2026-01-16T22:39:13.537585,interface,0.1968503937007874,0.905511811023622,0.7952755905511811,0.6456692913385826,0.968503937007874,0.9133858267716536,0.6141732283464567,0.0
2026-01-16T22:39:13.538400,interface,0.1968503937007874,0.905511811023622,0.7952755905511811,0.6456692913385826,0.968503937007874,0.9133858267716536,0.5826771653543307,0.0
2026-01-16T22:39:13.547398,interface,0.1968503937007874,0.905511811023622,0.7952755905511811,0.6456692913385826,0.968503937007874,0.9133858267716536,0.5433070866141733,0.0
2026-01-16T22:39:13.556486,interface,0.1968503937007874,0.905511811023622,0.7952755905511811,0.6456692913385826,0.968503937007874,0.9133858267716536,0.5118110236220472,0.0
2026-01-16T22:39:13.565982,interface,0.1968503937007874,0.905511811023622,0.7952755905511811,0.6456692913385826,0.968503937007874,0.9133858267716536,0.47244094488188976,0.0
2026-01-16T22:39:13.576811,interface,0.1968503937007874,0.905511811023622,0.7952755905511811,0.6456692913385826,0.968503937007874,0.9133858267716536,0.4330708661417323,0.0
2026-01-16T22:39:13.577542,interface,0.1968503937007874,0.905511811023622,0.7952755905511811,0.6456692913385826,0.968503937007874,0.9133858267716536,0.3937007874015748,0.0
2026-01-16T22:39:13.587388,interface,0.1968503937007874,0.905511811023622,0.7952755905511811,0.6456692913385826,0.968503937007874,0.9133858267716536,0.36220472440944884,0.0
2026-01-16T22:39:13.597633,interface,0.1968503937007874,0.905511811023622,0.7952755905511811,0.6456692913385826,0.968503937007874,0.9133858267716536,0.33070866141732286,0.0
2026-01-16T22:39:13.606887,interface,0.1968503937007874,0.905511811023622,0.7952755905511811,0.6456692913385826,0.968503937007874,0.9133858267716536,0.2992125984251969,0.0
2026-01-16T22:39:13.617280,interface,0.1968503937007874,0.905511811023622,0.7952755905511811,0.6456692913385826,0.968503937007874,0.9133858267716536,0.2677165354330709,0.0
2026-01-16T22:39:13.618089,interface,0.1968503937007874,0.905511811023622,0.7952755905511811,0.6456692913385826,0.968503937007874,0.9133858267716536,0.23622047244094488,0.0
2026-01-16T22:39:13.627950,interface,0.1968503937007874,0.905511811023622,0.7952755905511811,0.6456692913385826,0.968503937007874,0.9133858267716536,0.2047244094488189,0.0
2026-01-16T22:39:13.635239,interface,0.1968503937007874,0.905511811023622,0.7952755905511811,0.6456692913385826,0.968503937007874,0.9133858267716536,0.18110236220472442,0.0
2026-01-16T22:39:13.651198,interface,0.1968503937007874,0.905511811023622,0.7952755905511811,0.6456692913385826,0.968503937007874,0.9133858267716536,0.14960629921259844,0.0
2026-01-16T22:39:13.651944,interface,0.1968503937007874,0.905511811023622,0.7952755905511811,0.6456692913385826,0.968503937007874,0.9133858267716536,0.11811023622047244,0.0
2026-01-16T22:39:13.659387,interface,0.1968503937007874,0.905511811023622,0.7952755905511811,0.6456692913385826,0.968503937007874,0.9133858267716536,0.08661417322834646,0.0
2026-01-16T22:39:13.667416,interface,0.1968503937007874,0.905511811023622,0.7952755905511811,0.6456692913385826,0.968503937007874,0.9133858267716536,0.06299212598425197,0.0
2026-01-16T22:39:13.676840,interface,0.1968503937007874,0.905511811023622,0.7952755905511811,0.6456692913385826,0.968503937007874,0.9133858267716536,0.047244094488188976,0.0
2026-01-16T22:39:13.685752,interface,0.1968503937007874,0.905511811023622,0.7952755905511811,0.6456692913385826,0.968503937007874,0.9133858267716536,0.03937007874015748,0.0
2026-01-16T22:39:13.695964,interface,0.1968503937007874,0.905511811023622,0.7952755905511811,0.6456692913385826,0.968503937007874,0.9133858267716536,0.031496062992125984,0.0
2026-01-16T22:39:13.696762,interface,0.1968503937007874,0.905511811023622,0.7952755905511811,0.6456692913385826,0.968503937007874,0.9133858267716536,0.023622047244094488,0.0
2026-01-16T22:39:13.707415,interface,0.1968503937007874,0.905511811023622,0.7952755905511811,0.6456692913385826,0.968503937007874,0.9133858267716536,0.023622047244094488,0.0
2026-01-16T22:39:13.716446,interface,0.1968503937007874,0.905511811023622,0.7952755905511811,0.6456692913385826,0.968503937007874,0.9133858267716536,0.015748031496062992,0.0
2026-01-16T22:39:13.726190,interface,0.1968503937007874,0.905511811023622,0.7952755905511811,0.6456692913385826,0.968503937007874,0.9133858267716536,0.007874015748031496,0.0
2026-01-16T22:39:13.750922,interface,0.1968503937007874,0.905511811023622,0.7952755905511811,0.6456692913385826,0.968503937007874,0.9133858267716536,0.007874015748031496,0.0
2026-01-16T22:39:13.763508,interface,0.1968503937007874,0.905511811023622,0.7952755905511811,0.6456692913385826,0.968503937007874,0.9133858267716536,0.0,0.0
2026-01-16T22:39:13.795447,interface,0.1968503937007874,0.905511811023622,0.7952755905511811,0.6456692913385826,0.968503937007874,0.9133858267716536,0.0,0.0
2026-01-16T22:39:16.129727,interface,0.1968503937007874,0.905511811023622,0.7952755905511811,0.6456692913385826,0.968503937007874,0.9133858267716536,0.007874015748031496,0.0
2026-01-16T22:39:16.137677,interface,0.1968503937007874,0.905511811023622,0.7952755905511811,0.6456692913385826,0.968503937007874,0.9133858267716536,0.015748031496062992,0.0
2026-01-16T22:39:16.151163,interface,0.1968503937007874,0.905511811023622,0.7952755905511811,0.6456692913385826,0.968503937007874,0.9133858267716536,0.031496062992125984,0.0
2026-01-16T22:39:16.151926,interface,0.1968503937007874,0.905511811023622,0.7952755905511811,0.6456692913385826,0.968503937007874,0.9133858267716536,0.047244094488188976,0.0
2026-01-16T22:39:16.166355,interface,0.1968503937007874,0.905511811023622,0.7952755905511811,0.6456692913385826,0.968503937007874,0.9133858267716536,0.07086614173228346,0.0
2026-01-16T22:39:16.167189,interface,0.1968503937007874,0.905511811023622,0.7952755905511811,0.6456692913385826,0.968503937007874,0.9133858267716536,0.09448818897637795,0.0
2026-01-16T22:39:16.177551,interface,0.1968503937007874,0.905511811023622,0.7952755905511811,0.6456692913385826,0.968503937007874,0.9133858267716536,0.12598425196850394,0.0
2026-01-16T22:39:16.186627,interface,0.1968503937007874,0.905511811023622,0.7952755905511811,0.6456692913385826,0.968503937007874,0.9133858267716536,0.14960629921259844,0.0
2026-01-16T22:39:16.195736,interface,0.1968503937007874,0.905511811023622,0.7952755905511811,0.6456692913385826,0.968503937007874,0.9133858267716536,0.1732283464566929,0.0
2026-01-16T22:39:16.206594,interface,0.1968503937007874,0.905511811023622,0.7952755905511811,0.6456692913385826,0.968503937007874,0.9133858267716536,0.1968503937007874,0.0
2026-01-16T22:39:16.207406,interface,0.1968503937007874,0.905511811023622,0.7952755905511811,0.6456692913385826,0.968503937007874,0.9133858267716536,0.2204724409448819,0.0
2026-01-16T22:39:16.217618,interface,0.1968503937007874,0.905511811023622,0.7952755905511811,0.6456692913385826,0.968503937007874,0.9133858267716536,0.2440944881889764,0.0
2026-01-16T22:39:16.226357,interface,0.1968503937007874,0.905511811023622,0.7952755905511811,0.6456692913385826,0.968503937007874,0.9133858267716536,0.2677165354330709,0.0
2026-01-16T22:39:16.235661,interface,0.1968503937007874,0.905511811023622,0.7952755905511811,0.6456692913385826,0.968503937007874,0.9133858267716536,0.29133858267716534,0.0
2026-01-16T22:39:16.247080,interface,0.1968503937007874,0.905511811023622,0.7952755905511811,0.6456692913385826,0.968503937007874,0.9133858267716536,0.30708661417322836,0.0
2026-01-16T22:39:16.247871,interface,0.1968503937007874,0.905511811023622,0.7952755905511811,0.6456692913385826,0.968503937007874,0.9133858267716536,0.33070866141732286,0.0
2026-01-16T22:39:16.257626,interface,0.1968503937007874,0.905511811023622,0.7952755905511811,0.6456692913385826,0.968503937007874,0.9133858267716536,0.3543307086614173,0.0
2026-01-16T22:39:16.266457,interface,0.1968503937007874,0.905511811023622,0.7952755905511811,0.6456692913385826,0.968503937007874,0.9133858267716536,0.3700787401574803,0.0
2026-01-16T22:39:16.276471,interface,0.1968503937007874,0.905511811023622,0.7952755905511811,0.6456692913385826,0.968503937007874,0.9133858267716536,0.3937007874015748,0.0
2026-01-16T22:39:16.287230,interface,0.1968503937007874,0.905511811023622,0.7952755905511811,0.6456692913385826,0.968503937007874,0.9133858267716536,0.41732283464566927,0.0
2026-01-16T22:39:16.288037,interface,0.1968503937007874,0.905511811023622,0.7952755905511811,0.6456692913385826,0.968503937007874,0.9133858267716536,0.4330708661417323,0.0
2026-01-16T22:39:16.297626,interface,0.1968503937007874,0.905511811023622,0.7952755905511811,0.6456692913385826,0.968503937007874,0.9133858267716536,0.44881889763779526,0.0
2026-01-16T22:39:16.306741,interface,0.1968503937007874,0.905511811023622,0.7952755905511811,0.6456692913385826,0.968503937007874,0.9133858267716536,0.4645669291338583,0.0
2026-01-16T22:39:16.315730,interface,0.1968503937007874,0.905511811023622,0.7952755905511811,0.6456692913385826,0.968503937007874,0.9133858267716536,0.48031496062992124,0.0
2026-01-16T22:39:16.326713,interface,0.1968503937007874,0.905511811023622,0.7952755905511811,0.6456692913385826,0.968503937007874,0.9133858267716536,0.49606299212598426,0.0
2026-01-16T22:39:16.327518,interface,0.1968503937007874,0.905511811023622,0.7952755905511811,0.6456692913385826,0.968503937007874,0.9133858267716536,0.5118110236220472,0.0
2026-01-16T22:39:16.337861,interface,0.1968503937007874,0.905511811023622,0.7952755905511811,0.6456692913385826,0.968503937007874,0.9133858267716536,0.5275590551181102,0.0
2026-01-16T22:39:16.346565,interface,0.1968503937007874,0.905511811023622,0.7952755905511811,0.6456692913385826,0.968503937007874,0.9133858267716536,0.5354330708661418,0.0
2026-01-16T22:39:16.355926,interface,0.1968503937007874,0.905511811023622,0.7952755905511811,0.6456692913385826,0.968503937007874,0.9133858267716536,0.5511811023622047,0.0
2026-01-16T22:39:16.366608,interface,0.1968503937007874,0.905511811023622,0.7952755905511811,0.6456692913385826,0.968503937007874,0.9133858267716536,0.5669291338582677,0.0
2026-01-16T22:39:16.367342,interface,0.1968503937007874,0.905511811023622,0.7952755905511811,0.6456692913385826,0.968503937007874,0.9133858267716536,0.5748031496062992,0.0
2026-01-16T22:39:16.377641,interface,0.1968503937007874,0.905511811023622,0.7952755905511811,0.6456692913385826,0.968503937007874,0.9133858267716536,0.5905511811023622,0.0
2026-01-16T22:39:16.386647,interface,0.1968503937007874,0.905511811023622,0.7952755905511811,0.6456692913385826,0.968503937007874,0.9133858267716536,0.6062992125984252,0.0
2026-01-16T22:39:16.401106,interface,0.1968503937007874,0.905511811023622,0.7952755905511811,0.6456692913385826,0.968503937007874,0.9133858267716536,0.6220472440944882,0.0
2026-01-16T22:39:16.401921,interface,0.1968503937007874,0.905511811023622,0.7952755905511811,0.6456692913385826,0.968503937007874,0.9133858267716536,0.6377952755905512,0.0
2026-01-16T22:39:16.409643,interface,0.1968503937007874,0.905511811023622,0.7952755905511811,0.6456692913385826,0.968503937007874,0.9133858267716536,0.6535433070866141,0.0
2026-01-16T22:39:16.417632,interface,0.1968503937007874,0.905511811023622,0.7952755905511811,0.6456692913385826,0.968503937007874,0.9133858267716536,0.6692913385826772,0.0
2026-01-16T22:39:16.426650,interface,0.1968503937007874,0.905511811023622,0.7952755905511811,0.6456692913385826,0.968503937007874,0.9133858267716536,0.6929133858267716,0.0
2026-01-16T22:39:16.435550,interface,0.1968503937007874,0.905511811023622,0.7952755905511811,0.6456692913385826,0.968503937007874,0.9133858267716536,0.7086614173228346,0.0
2026-01-16T22:39:16.446443,interface,0.1968503937007874,0.905511811023622,0.7952755905511811,0.6456692913385826,0.968503937007874,0.9133858267716536,0.7322834645669292,0.0
2026-01-16T22:39:16.447248,interface,0.1968503937007874,0.905511811023622,0.7952755905511811,0.6456692913385826,0.968503937007874,0.9133858267716536,0.7480314960629921,0.0
2026-01-16T22:39:16.457602,interface,0.1968503937007874,0.905511811023622,0.7952755905511811,0.6456692913385826,0.968503937007874,0.9133858267716536,0.7637795275590551,0.0
2026-01-16T22:39:16.466526,interface,0.1968503937007874,0.905511811023622,0.7952755905511811,0.6456692913385826,0.968503937007874,0.9133858267716536,0.7795275590551181,0.0
2026-01-16T22:39:16.476148,interface,0.1968503937007874,0.905511811023622,0.7952755905511811,0.6456692913385826,0.968503937007874,0.9133858267716536,0.7952755905511811,0.0
2026-01-16T22:39:16.487517,interface,0.1968503937007874,0.905511811023622,0.7952755905511811,0.6456692913385826,0.968503937007874,0.9133858267716536,0.8110236220472441,0.0
2026-01-16T22:39:16.488327,interface,0.1968503937007874,0.905511811023622,0.7952755905511811,0.6456692913385826,0.968503937007874,0.9133858267716536,0.8188976377952756,0.0
2026-01-16T22:39:16.497666,interface,0.1968503937007874,0.905511811023622,0.7952755905511811,0.6456692913385826,0.968503937007874,0.9133858267716536,0.84251968503937,0.0
2026-01-16T22:39:16.506479,interface,0.1968503937007874,0.905511811023622,0.7952755905511811,0.6456692913385826,0.968503937007874,0.9133858267716536,0.8582677165354331,0.0
2026-01-16T22:39:16.515934,interface,0.1968503937007874,0.905511811023622,0.7952755905511811,0.6456692913385826,0.968503937007874,0.9133858267716536,0.8661417322834646,0.0
2026-01-16T22:39:16.527724,interface,0.1968503937007874,0.905511811023622,0.7952755905511811,0.6456692913385826,0.968503937007874,0.9133858267716536,0.8740157480314961,0.0
2026-01-16T22:39:16.528536,interface,0.1968503937007874,0.905511811023622,0.7952755905511811,0.6456692913385826,0.968503937007874,0.9133858267716536,0.8818897637795275,0.0
2026-01-16T22:39:16.537687,interface,0.1968503937007874,0.905511811023622,0.7952755905511811,0.6456692913385826,0.968503937007874,0.9133858267716536,0.889763779527559,0.0
2026-01-16T22:39:16.545884,interface,0.1968503937007874,0.905511811023622,0.7952755905511811,0.6456692913385826,0.968503937007874,0.9133858267716536,0.889763779527559,0.0
2026-01-16T22:39:16.556407,interface,0.1968503937007874,0.905511811023622,0.7952755905511811,0.6456692913385826,0.968503937007874,0.9133858267716536,0.8976377952755905,0.0
2026-01-16T22:39:16.566118,interface,0.1968503937007874,0.905511811023622,0.7952755905511811,0.6456692913385826,0.968503937007874,0.9133858267716536,0.8976377952755905,0.0
2026-01-16T22:39:16.577657,interface,0.1968503937007874,0.905511811023622,0.7952755905511811,0.6456692913385826,0.968503937007874,0.9133858267716536,0.905511811023622,0.0
2026-01-16T22:39:16.601660,interface,0.1968503937007874,0.905511811023622,0.7952755905511811,0.6456692913385826,0.968503937007874,0.9133858267716536,0.9133858267716536,0.0
2026-01-16T22:39:16.617583,interface,0.1968503937007874,0.905511811023622,0.7952755905511811,0.6456692913385826,0.968503937007874,0.9133858267716536,0.9133858267716536,0.0
2026-01-16T22:39:16.641680,interface,0.1968503937007874,0.905511811023622,0.7952755905511811,0.6456692913385826,0.968503937007874,0.9133858267716536,0.9212598425196851,0.0
2026-01-16T22:39:16.705748,interface,0.1968503937007874,0.905511811023622,0.7952755905511811,0.6456692913385826,0.968503937007874,0.9133858267716536,0.9133858267716536,0.0
2026-01-16T22:39:16.721678,interface,0.1968503937007874,0.905511811023622,0.7952755905511811,0.6456692913385826,0.968503937007874,0.9133858267716536,0.905511811023622,0.0
2026-01-16T22:39:16.729749,interface,0.1968503937007874,0.905511811023622,0.7952755905511811,0.6456692913385826,0.968503937007874,0.9133858267716536,0.905511811023622,0.0
2026-01-16T22:39:16.737745,interface,0.1968503937007874,0.905511811023622,0.7952755905511811,0.6456692913385826,0.968503937007874,0.9133858267716536,0.8976377952755905,0.0
2026-01-16T22:39:16.746364,interface,0.1968503937007874,0.905511811023622,0.7952755905511811,0.6456692913385826,0.968503937007874,0.9133858267716536,0.889763779527559,0.0
2026-01-16T22:39:16.755787,interface,0.1968503937007874,0.905511811023622,0.7952755905511811,0.6456692913385826,0.968503937007874,0.9133858267716536,0.8818897637795275,0.0
2026-01-16T22:39:16.766256,interface,0.1968503937007874,0.905511811023622,0.7952755905511811,0.6456692913385826,0.968503937007874,0.9133858267716536,0.8740157480314961,0.0
2026-01-16T22:39:16.767746,interface,0.1968503937007874,0.905511811023622,0.7952755905511811,0.6456692913385826,0.968503937007874,0.9133858267716536,0.8661417322834646,0.0
2026-01-16T22:39:16.778653,interface,0.1968503937007874,0.905511811023622,0.7952755905511811,0.6456692913385826,0.968503937007874,0.9133858267716536,0.8582677165354331,0.0
2026-01-16T22:39:16.787726,interface,0.1968503937007874,0.905511811023622,0.7952755905511811,0.6456692913385826,0.968503937007874,0.9133858267716536,0.8503937007874016,0.0
2026-01-16T22:39:16.795558,interface,0.1968503937007874,0.905511811023622,0.7952755905511811,0.6456692913385826,0.968503937007874,0.9133858267716536,0.8346456692913385,0.0
2026-01-16T22:39:16.805856,interface,0.1968503937007874,0.905511811023622,0.7952755905511811,0.6456692913385826,0.968503937007874,0.9133858267716536,0.8267716535433071,0.0
2026-01-16T22:39:16.806685,interface,0.1968503937007874,0.905511811023622,0.7952755905511811,0.6456692913385826,0.968503937007874,0.9133858267716536,0.8188976377952756,0.0
2026-01-16T22:39:16.817774,interface,0.1968503937007874,0.905511811023622,0.7952755905511811,0.6456692913385826,0.968503937007874,0.9133858267716536,0.8110236220472441,0.0
2026-01-16T22:39:16.825871,interface,0.1968503937007874,0.905511811023622,0.7952755905511811,0.6456692913385826,0.968503937007874,0.9133858267716536,0.7952755905511811,0.0
2026-01-16T22:39:16.838237,interface,0.1968503937007874,0.905511811023622,0.7952755905511811,0.6456692913385826,0.968503937007874,0.9133858267716536,0.7874015748031497,0.0
2026-01-16T22:39:16.845856,interface,0.1968503937007874,0.905511811023622,0.7952755905511811,0.6456692913385826,0.968503937007874,0.9133858267716536,0.7716535433070866,0.0
2026-01-16T22:39:16.846696,interface,0.1968503937007874,0.905511811023622,0.7952755905511811,0.6456692913385826,0.968503937007874,0.9133858267716536,0.7637795275590551,0.0
2026-01-16T22:39:16.858455,interface,0.1968503937007874,0.905511811023622,0.7952755905511811,0.6456692913385826,0.968503937007874,0.9133858267716536,0.7480314960629921,0.0
2026-01-16T22:39:16.866235,interface,0.1968503937007874,0.905511811023622,0.7952755905511811,0.6456692913385826,0.968503937007874,0.9133858267716536,0.7401574803149606,0.0
2026-01-16T22:39:16.876787,interface,0.1968503937007874,0.905511811023622,0.7952755905511811,0.6456692913385826,0.968503937007874,0.9133858267716536,0.7244094488188977,0.0
2026-01-16T22:39:16.885634,interface,0.1968503937007874,0.905511811023622,0.7952755905511811,0.6456692913385826,0.968503937007874,0.9133858267716536,0.7165354330708661,0.0
2026-01-16T22:39:16.886446,interface,0.1968503937007874,0.905511811023622,0.7952755905511811,0.6456692913385826,0.968503937007874,0.9133858267716536,0.7086614173228346,0.0
2026-01-16T22:39:16.901177,interface,0.1968503937007874,0.905511811023622,0.7952755905511811,0.6456692913385826,0.968503937007874,0.9133858267716536,0.6929133858267716,0.0
2026-01-16T22:39:16.902560,interface,0.1968503937007874,0.905511811023622,0.7952755905511811,0.6456692913385826,0.968503937007874,0.9133858267716536,0.6850393700787402,0.0
2026-01-16T22:39:16.916223,interface,0.1968503937007874,0.905511811023622,0.7952755905511811,0.6456692913385826,0.968503937007874,0.9133858267716536,0.6771653543307087,0.0
2026-01-16T22:39:16.925669,interface,0.1968503937007874,0.905511811023622,0.7952755905511811,0.6456692913385826,0.968503937007874,0.9133858267716536,0.6692913385826772,0.0
2026-01-16T22:39:16.926406,interface,0.1968503937007874,0.905511811023622,0.7952755905511811,0.6456692913385826,0.968503937007874,0.9133858267716536,0.6692913385826772,0.0
2026-01-16T22:39:16.937799,interface,0.1968503937007874,0.905511811023622,0.7952755905511811,0.6456692913385826,0.968503937007874,0.9133858267716536,0.6614173228346457,0.0
2026-01-16T22:39:16.946724,interface,0.1968503937007874,0.905511811023622,0.7952755905511811,0.6456692913385826,0.968503937007874,0.9133858267716536,0.6535433070866141,0.0
2026-01-16T22:39:16.955535,interface,0.1968503937007874,0.905511811023622,0.7952755905511811,0.6456692913385826,0.968503937007874,0.9133858267716536,0.6456692913385826,0.0
2026-01-16T22:39:16.965502,interface,0.1968503937007874,0.905511811023622,0.7952755905511811,0.6456692913385826,0.968503937007874,0.9133858267716536,0.6377952755905512,0.0
2026-01-16T22:39:16.966296,interface,0.1968503937007874,0.905511811023622,0.7952755905511811,0.6456692913385826,0.968503937007874,0.9133858267716536,0.6299212598425197,0.0
2026-01-16T22:39:16.977781,interface,0.1968503937007874,0.905511811023622,0.7952755905511811,0.6456692913385826,0.968503937007874,0.9133858267716536,0.6220472440944882,0.0
2026-01-16T22:39:16.986350,interface,0.1968503937007874,0.905511811023622,0.7952755905511811,0.6456692913385826,0.968503937007874,0.9133858267716536,0.6141732283464567,0.0
2026-01-16T22:39:16.995858,interface,0.1968503937007874,0.905511811023622,0.7952755905511811,0.6456692913385826,0.968503937007874,0.9133858267716536,0.6062992125984252,0.0
2026-01-16T22:39:17.006159,interface,0.1968503937007874,0.905511811023622,0.7952755905511811,0.6456692913385826,0.968503937007874,0.9133858267716536,0.5984251968503937,0.0
2026-01-16T22:39:17.006865,interface,0.1968503937007874,0.905511811023622,0.7952755905511811,0.6456692913385826,0.968503937007874,0.9133858267716536,0.5905511811023622,0.0
2026-01-16T22:39:17.017813,interface,0.1968503937007874,0.905511811023622,0.7952755905511811,0.6456692913385826,0.968503937007874,0.9133858267716536,0.5826771653543307,0.0
2026-01-16T22:39:17.026603,interface,0.1968503937007874,0.905511811023622,0.7952755905511811,0.6456692913385826,0.968503937007874,0.9133858267716536,0.5669291338582677,0.0
2026-01-16T22:39:17.035781,interface,0.1968503937007874,0.905511811023622,0.7952755905511811,0.6456692913385826,0.968503937007874,0.9133858267716536,0.5590551181102362,0.0
2026-01-16T22:39:17.046200,interface,0.1968503937007874,0.905511811023622,0.7952755905511811,0.6456692913385826,0.968503937007874,0.9133858267716536,0.5433070866141733,0.0
2026-01-16T22:39:17.046939,interface,0.1968503937007874,0.905511811023622,0.7952755905511811,0.6456692913385826,0.968503937007874,0.9133858267716536,0.5275590551181102,0.0
2026-01-16T22:39:17.057823,interface,0.1968503937007874,0.905511811023622,0.7952755905511811,0.6456692913385826,0.968503937007874,0.9133858267716536,0.5118110236220472,0.0
2026-01-16T22:39:17.066218,interface,0.1968503937007874,0.905511811023622,0.7952755905511811,0.6456692913385826,0.968503937007874,0.9133858267716536,0.5039370078740157,0.0
2026-01-16T22:39:17.076779,interface,0.1968503937007874,0.905511811023622,0.7952755905511811,0.6456692913385826,0.968503937007874,0.9133858267716536,0.4881889763779528,0.0
2026-01-16T22:39:17.086446,interface,0.1968503937007874,0.905511811023622,0.7952755905511811,0.6456692913385826,0.968503937007874,0.9133858267716536,0.47244094488188976,0.0
2026-01-16T22:39:17.087252,interface,0.1968503937007874,0.905511811023622,0.7952755905511811,0.6456692913385826,0.968503937007874,0.9133858267716536,0.44881889763779526,0.0
2026-01-16T22:39:17.097731,interface,0.1968503937007874,0.905511811023622,0.7952755905511811,0.6456692913385826,0.968503937007874,0.9133858267716536,0.4251968503937008,0.0
2026-01-16T22:39:17.106750,interface,0.1968503937007874,0.905511811023622,0.7952755905511811,0.6456692913385826,0.968503937007874,0.9133858267716536,0.4015748031496063,0.0
2026-01-16T22:39:17.116197,interface,0.1968503937007874,0.905511811023622,0.7952755905511811,0.6456692913385826,0.968503937007874,0.9133858267716536,0.36220472440944884,0.0
2026-01-16T22:39:17.126840,interface,0.1968503937007874,0.905511811023622,0.7952755905511811,0.6456692913385826,0.968503937007874,0.9133858267716536,0.3228346456692913,0.0
2026-01-16T22:39:17.127622,interface,0.1968503937007874,0.905511811023622,0.7952755905511811,0.6456692913385826,0.968503937007874,0.9133858267716536,0.28346456692913385,0.0
2026-01-16T22:39:17.136822,interface,0.1968503937007874,0.905511811023622,0.7952755905511811,0.6456692913385826,0.968503937007874,0.9133858267716536,0.2440944881889764,0.0
2026-01-16T22:39:17.151225,interface,0.1968503937007874,0.905511811023622,0.7952755905511811,0.6456692913385826,0.968503937007874,0.9133858267716536,0.2125984251968504,0.0
2026-01-16T22:39:17.151963,interface,0.1968503937007874,0.905511811023622,0.7952755905511811,0.6456692913385826,0.968503937007874,0.9133858267716536,0.1732283464566929,0.0
2026-01-16T22:39:17.159853,interface,0.1968503937007874,0.905511811023622,0.7952755905511811,0.6456692913385826,0.968503937007874,0.9133858267716536,0.14173228346456693,0.0
2026-01-16T22:39:17.167829,interface,0.1968503937007874,0.905511811023622,0.7952755905511811,0.6456692913385826,0.968503937007874,0.9133858267716536,0.10236220472440945,0.0
2026-01-16T22:39:17.176724,interface,0.1968503937007874,0.905511811023622,0.7952755905511811,0.6456692913385826,0.968503937007874,0.9133858267716536,0.07086614173228346,0.0
2026-01-16T22:39:17.186894,interface,0.1968503937007874,0.905511811023622,0.7952755905511811,0.6456692913385826,0.968503937007874,0.9133858267716536,0.047244094488188976,0.0
2026-01-16T22:39:17.195703,interface,0.1968503937007874,0.905511811023622,0.7952755905511811,0.6456692913385826,0.968503937007874,0.9133858267716536,0.031496062992125984,0.0
2026-01-16T22:39:17.196478,interface,0.1968503937007874,0.905511811023622,0.7952755905511811,0.6456692913385826,0.968503937007874,0.9133858267716536,0.015748031496062992,0.0
2026-01-16T22:39:17.207851,interface,0.1968503937007874,0.905511811023622,0.7952755905511811,0.6456692913385826,0.968503937007874,0.9133858267716536,0.007874015748031496,0.0
2026-01-16T22:39:17.216689,interface,0.1968503937007874,0.905511811023622,0.7952755905511811,0.6456692913385826,0.968503937007874,0.9133858267716536,0.0,0.0
2026-01-16T22:39:17.231806,interface,0.1968503937007874,0.905511811023622,0.7952755905511811,0.6456692913385826,0.968503937007874,0.9133858267716536,0.0,0.0
2026-01-16T22:39:18.015993,interface,0.1968503937007874,0.905511811023622,1.0,0.6456692913385826,0.968503937007874,0.9133858267716536,0.0,0.0
2026-01-16T22:39:18.029266,interface,0.1968503937007874,0.905511811023622,0.9921259842519685,0.6456692913385826,0.968503937007874,0.9133858267716536,0.0,0.0
2026-01-16T22:39:18.036501,interface,0.1968503937007874,0.905511811023622,0.984251968503937,0.6456692913385826,0.968503937007874,0.9133858267716536,0.0,0.0
2026-01-16T22:39:18.037243,interface,0.1968503937007874,0.905511811023622,0.9763779527559056,0.6456692913385826,0.968503937007874,0.9133858267716536,0.0,0.0
2026-01-16T22:39:18.048000,interface,0.1968503937007874,0.905511811023622,0.952755905511811,0.6456692913385826,0.968503937007874,0.9133858267716536,0.0,0.0
2026-01-16T22:39:18.056218,interface,0.1968503937007874,0.905511811023622,0.9291338582677166,0.6456692913385826,0.968503937007874,0.9133858267716536,0.0,0.0
2026-01-16T22:39:18.066467,interface,0.1968503937007874,0.905511811023622,0.905511811023622,0.6456692913385826,0.968503937007874,0.9133858267716536,0.0,0.0
2026-01-16T22:39:18.075869,interface,0.1968503937007874,0.905511811023622,0.8740157480314961,0.6456692913385826,0.968503937007874,0.9133858267716536,0.0,0.0
2026-01-16T22:39:18.076510,interface,0.1968503937007874,0.905511811023622,0.84251968503937,0.6456692913385826,0.968503937007874,0.9133858267716536,0.0,0.0
2026-01-16T22:39:18.088194,interface,0.1968503937007874,0.905511811023622,0.8110236220472441,0.6456692913385826,0.968503937007874,0.9133858267716536,0.0,0.0
2026-01-16T22:39:18.096821,interface,0.1968503937007874,0.905511811023622,0.7874015748031497,0.6456692913385826,0.968503937007874,0.9133858267716536,0.0,0.0
2026-01-16T22:39:18.105465,interface,0.1968503937007874,0.905511811023622,0.7637795275590551,0.6456692913385826,0.968503937007874,0.9133858267716536,0.0,0.0
2026-01-16T22:39:18.117565,interface,0.1968503937007874,0.905511811023622,0.7401574803149606,0.6456692913385826,0.968503937007874,0.9133858267716536,0.0,0.0
2026-01-16T22:39:18.118214,interface,0.1968503937007874,0.905511811023622,0.7165354330708661,0.6456692913385826,0.968503937007874,0.9133858267716536,0.0,0.0
2026-01-16T22:39:18.127906,interface,0.1968503937007874,0.905511811023622,0.6929133858267716,0.6456692913385826,0.968503937007874,0.9133858267716536,0.0,0.0
2026-01-16T22:39:18.136800,interface,0.1968503937007874,0.905511811023622,0.6692913385826772,0.6456692913385826,0.968503937007874,0.9133858267716536,0.0,0.0
2026-01-16T22:39:18.145640,interface,0.1968503937007874,0.905511811023622,0.6456692913385826,0.6456692913385826,0.968503937007874,0.9133858267716536,0.0,0.0
2026-01-16T22:39:18.157158,interface,0.1968503937007874,0.905511811023622,0.6299212598425197,0.6456692913385826,0.968503937007874,0.9133858267716536,0.0,0.0
2026-01-16T22:39:18.157797,interface,0.1968503937007874,0.905511811023622,0.6062992125984252,0.6456692913385826,0.968503937007874,0.9133858267716536,0.0,0.0
2026-01-16T22:39:18.167916,interface,0.1968503937007874,0.905511811023622,0.5826771653543307,0.6456692913385826,0.968503937007874,0.9133858267716536,0.0,0.0
2026-01-16T22:39:18.176202,interface,0.1968503937007874,0.905511811023622,0.5590551181102362,0.6456692913385826,0.968503937007874,0.9133858267716536,0.0,0.0
2026-01-16T22:39:18.185633,interface,0.1968503937007874,0.905511811023622,0.5354330708661418,0.6456692913385826,0.968503937007874,0.9133858267716536,0.0,0.0
2026-01-16T22:39:18.196447,interface,0.1968503937007874,0.905511811023622,0.5118110236220472,0.6456692913385826,0.968503937007874,0.9133858267716536,0.0,0.0
2026-01-16T22:39:18.197080,interface,0.1968503937007874,0.905511811023622,0.49606299212598426,0.6456692913385826,0.968503937007874,0.9133858267716536,0.0,0.0
2026-01-16T22:39:18.207958,interface,0.1968503937007874,0.905511811023622,0.48031496062992124,0.6456692913385826,0.968503937007874,0.9133858267716536,0.0,0.0
2026-01-16T22:39:18.216301,interface,0.1968503937007874,0.905511811023622,0.4566929133858268,0.6456692913385826,0.968503937007874,0.9133858267716536,0.0,0.0
2026-01-16T22:39:18.227112,interface,0.1968503937007874,0.905511811023622,0.4330708661417323,0.6456692913385826,0.968503937007874,0.9133858267716536,0.0,0.0
2026-01-16T22:39:18.236478,interface,0.1968503937007874,0.905511811023622,0.41732283464566927,0.6456692913385826,0.968503937007874,0.9133858267716536,0.0,0.0
2026-01-16T22:39:18.237115,interface,0.1968503937007874,0.905511811023622,0.3937007874015748,0.6456692913385826,0.968503937007874,0.9133858267716536,0.0,0.0
2026-01-16T22:39:18.248069,interface,0.1968503937007874,0.905511811023622,0.3779527559055118,0.6456692913385826,0.968503937007874,0.9133858267716536,0.0,0.0
2026-01-16T22:39:18.257632,interface,0.1968503937007874,0.905511811023622,0.36220472440944884,0.6456692913385826,0.968503937007874,0.9133858267716536,0.0,0.0
2026-01-16T22:39:18.265849,interface,0.1968503937007874,0.905511811023622,0.3464566929133858,0.6456692913385826,0.968503937007874,0.9133858267716536,0.0,0.0
2026-01-16T22:39:18.276473,interface,0.1968503937007874,0.905511811023622,0.33070866141732286,0.6456692913385826,0.968503937007874,0.9133858267716536,0.0,0.0
2026-01-16T22:39:18.277111,interface,0.1968503937007874,0.905511811023622,0.3228346456692913,0.6456692913385826,0.968503937007874,0.9133858267716536,0.0,0.0
2026-01-16T22:39:18.288090,interface,0.1968503937007874,0.905511811023622,0.30708661417322836,0.6456692913385826,0.968503937007874,0.9133858267716536,0.0,0.0
2026-01-16T22:39:18.297160,interface,0.1968503937007874,0.905511811023622,0.29133858267716534,0.6456692913385826,0.968503937007874,0.9133858267716536,0.0,0.0
2026-01-16T22:39:18.305610,interface,0.1968503937007874,0.905511811023622,0.28346456692913385,0.6456692913385826,0.968503937007874,0.9133858267716536,0.0,0.0
2026-01-16T22:39:18.315685,interface,0.1968503937007874,0.905511811023622,0.2755905511811024,0.6456692913385826,0.968503937007874,0.9133858267716536,0.0,0.0
2026-01-16T22:39:18.316317,interface,0.1968503937007874,0.905511811023622,0.25984251968503935,0.6456692913385826,0.968503937007874,0.9133858267716536,0.0,0.0
2026-01-16T22:39:18.328142,interface,0.1968503937007874,0.905511811023622,0.25196850393700787,0.6456692913385826,0.968503937007874,0.9133858267716536,0.0,0.0
2026-01-16T22:39:18.336288,interface,0.1968503937007874,0.905511811023622,0.23622047244094488,0.6456692913385826,0.968503937007874,0.9133858267716536,0.0,0.0
2026-01-16T22:39:18.345616,interface,0.1968503937007874,0.905511811023622,0.2204724409448819,0.6456692913385826,0.968503937007874,0.9133858267716536,0.0,0.0
2026-01-16T22:39:18.355768,interface,0.1968503937007874,0.905511811023622,0.2125984251968504,0.6456692913385826,0.968503937007874,0.9133858267716536,0.0,0.0
2026-01-16T22:39:18.356405,interface,0.1968503937007874,0.905511811023622,0.1968503937007874,0.6456692913385826,0.968503937007874,0.9133858267716536,0.0,0.0
2026-01-16T22:39:18.368101,interface,0.1968503937007874,0.905511811023622,0.1889763779527559,0.6456692913385826,0.968503937007874,0.9133858267716536,0.0,0.0
2026-01-16T22:39:18.377099,interface,0.1968503937007874,0.905511811023622,0.18110236220472442,0.6456692913385826,0.968503937007874,0.9133858267716536,0.0,0.0
2026-01-16T22:39:18.385466,interface,0.1968503937007874,0.905511811023622,0.16535433070866143,0.6456692913385826,0.968503937007874,0.9133858267716536,0.0,0.0
2026-01-16T22:39:18.395857,interface,0.1968503937007874,0.905511811023622,0.14960629921259844,0.6456692913385826,0.968503937007874,0.9133858267716536,0.0,0.0
2026-01-16T22:39:18.396494,interface,0.1968503937007874,0.905511811023622,0.14173228346456693,0.6456692913385826,0.968503937007874,0.9133858267716536,0.0,0.0
2026-01-16T22:39:18.408102,interface,0.1968503937007874,0.905511811023622,0.12598425196850394,0.6456692913385826,0.968503937007874,0.9133858267716536,0.0,0.0
2026-01-16T22:39:18.416279,interface,0.1968503937007874,0.905511811023622,0.10236220472440945,0.6456692913385826,0.968503937007874,0.9133858267716536,0.0,0.0
2026-01-16T22:39:18.426572,interface,0.1968503937007874,0.905511811023622,0.08661417322834646,0.6456692913385826,0.968503937007874,0.9133858267716536,0.0,0.0
2026-01-16T22:39:18.435773,interface,0.1968503937007874,0.905511811023622,0.07086614173228346,0.6456692913385826,0.968503937007874,0.9133858267716536,0.0,0.0
2026-01-16T22:39:18.436415,interface,0.1968503937007874,0.905511811023622,0.05511811023622047,0.6456692913385826,0.968503937007874,0.9133858267716536,0.0,0.0
2026-01-16T22:39:18.448105,interface,0.1968503937007874,0.905511811023622,0.047244094488188976,0.6456692913385826,0.968503937007874,0.9133858267716536,0.0,0.0
2026-01-16T22:39:18.456448,interface,0.1968503937007874,0.905511811023622,0.031496062992125984,0.6456692913385826,0.968503937007874,0.9133858267716536,0.0,0.0
2026-01-16T22:39:18.466523,interface,0.1968503937007874,0.905511811023622,0.023622047244094488,0.6456692913385826,0.968503937007874,0.9133858267716536,0.0,0.0
2026-01-16T22:39:18.475860,interface,0.1968503937007874,0.905511811023622,0.015748031496062992,0.6456692913385826,0.968503937007874,0.9133858267716536,0.0,0.0
2026-01-16T22:39:18.476499,interface,0.1968503937007874,0.905511811023622,0.007874015748031496,0.6456692913385826,0.968503937007874,0.9133858267716536,0.0,0.0
2026-01-16T22:39:18.496142,interface,0.1968503937007874,0.905511811023622,0.007874015748031496,0.6456692913385826,0.968503937007874,0.9133858267716536,0.0,0.0
2026-01-16T22:39:18.512112,interface,0.1968503937007874,0.905511811023622,0.0,0.6456692913385826,0.968503937007874,0.9133858267716536,0.0,0.0
2026-01-16T22:39:18.544101,interface,0.1968503937007874,0.905511811023622,0.0,0.6456692913385826,0.968503937007874,0.9133858267716536,0.0,0.0
2026-01-16T22:39:18.640133,interface,0.1968503937007874,0.905511811023622,0.0,0.6456692913385826,0.968503937007874,0.9133858267716536,0.0,0.0
2026-01-16T22:39:18.656128,interface,0.1968503937007874,0.905511811023622,0.007874015748031496,0.6456692913385826,0.968503937007874,0.9133858267716536,0.0,0.0
2026-01-16T22:39:18.665801,interface,0.1968503937007874,0.905511811023622,0.015748031496062992,0.6456692913385826,0.968503937007874,0.9133858267716536,0.0,0.0
2026-01-16T22:39:18.675833,interface,0.1968503937007874,0.905511811023622,0.023622047244094488,0.6456692913385826,0.968503937007874,0.9133858267716536,0.0,0.0
2026-01-16T22:39:18.676467,interface,0.1968503937007874,0.905511811023622,0.047244094488188976,0.6456692913385826,0.968503937007874,0.9133858267716536,0.0,0.0
2026-01-16T22:39:18.688155,interface,0.1968503937007874,0.905511811023622,0.07086614173228346,0.6456692913385826,0.968503937007874,0.9133858267716536,0.0,0.0
2026-01-16T22:39:18.696147,interface,0.1968503937007874,0.905511811023622,0.10236220472440945,0.6456692913385826,0.968503937007874,0.9133858267716536,0.0,0.0
2026-01-16T22:39:18.706627,interface,0.1968503937007874,0.905511811023622,0.13385826771653545,0.6456692913385826,0.968503937007874,0.9133858267716536,0.0,0.0
2026-01-16T22:39:18.716135,interface,0.1968503937007874,0.905511811023622,0.1732283464566929,0.6456692913385826,0.968503937007874,0.9133858267716536,0.0,0.0
2026-01-16T22:39:18.716775,interface,0.1968503937007874,0.905511811023622,0.2125984251968504,0.6456692913385826,0.968503937007874,0.9133858267716536,0.0,0.0
2026-01-16T22:39:18.728159,interface,0.1968503937007874,0.905511811023622,0.25196850393700787,0.6456692913385826,0.968503937007874,0.9133858267716536,0.0,0.0
2026-01-16T22:39:18.736147,interface,0.1968503937007874,0.905511811023622,0.29133858267716534,0.6456692913385826,0.968503937007874,0.9133858267716536,0.0,0.0
2026-01-16T22:39:18.746353,interface,0.1968503937007874,0.905511811023622,0.33070866141732286,0.6456692913385826,0.968503937007874,0.9133858267716536,0.0,0.0
2026-01-16T22:39:18.756786,interface,0.1968503937007874,0.905511811023622,0.36220472440944884,0.6456692913385826,0.968503937007874,0.9133858267716536,0.0,0.0
2026-01-16T22:39:18.757422,interface,0.1968503937007874,0.905511811023622,0.3937007874015748,0.6456692913385826,0.968503937007874,0.9133858267716536,0.0,0.0
2026-01-16T22:39:18.768190,interface,0.1968503937007874,0.905511811023622,0.4251968503937008,0.6456692913385826,0.968503937007874,0.9133858267716536,0.0,0.0
2026-01-16T22:39:18.776161,interface,0.1968503937007874,0.905511811023622,0.4566929133858268,0.6456692913385826,0.968503937007874,0.9133858267716536,0.0,0.0
2026-01-16T22:39:18.787991,interface,0.1968503937007874,0.905511811023622,0.48031496062992124,0.6456692913385826,0.968503937007874,0.9133858267716536,0.0,0.0
2026-01-16T22:39:18.797200,interface,0.1968503937007874,0.905511811023622,0.49606299212598426,0.6456692913385826,0.968503937007874,0.9133858267716536,0.0,0.0
2026-01-16T22:39:18.797868,interface,0.1968503937007874,0.905511811023622,0.5196850393700787,0.6456692913385826,0.968503937007874,0.9133858267716536,0.0,0.0
2026-01-16T22:39:18.808193,interface,0.1968503937007874,0.905511811023622,0.5511811023622047,0.6456692913385826,0.968503937007874,0.9133858267716536,0.0,0.0
2026-01-16T22:39:18.816583,interface,0.1968503937007874,0.905511811023622,0.5748031496062992,0.6456692913385826,0.968503937007874,0.9133858267716536,0.0,0.0
2026-01-16T22:39:18.825612,interface,0.1968503937007874,0.905511811023622,0.5984251968503937,0.6456692913385826,0.968503937007874,0.9133858267716536,0.0,0.0
2026-01-16T22:39:18.838089,interface,0.1968503937007874,0.905511811023622,0.6220472440944882,0.6456692913385826,0.968503937007874,0.9133858267716536,0.0,0.0
2026-01-16T22:39:18.838741,interface,0.1968503937007874,0.905511811023622,0.6456692913385826,0.6456692913385826,0.968503937007874,0.9133858267716536,0.0,0.0
2026-01-16T22:39:18.848174,interface,0.1968503937007874,0.905511811023622,0.6771653543307087,0.6456692913385826,0.968503937007874,0.9133858267716536,0.0,0.0
2026-01-16T22:39:18.856896,interface,0.1968503937007874,0.905511811023622,0.7007874015748031,0.6456692913385826,0.968503937007874,0.9133858267716536,0.0,0.0
2026-01-16T22:39:18.866138,interface,0.1968503937007874,0.905511811023622,0.7322834645669292,0.6456692913385826,0.968503937007874,0.9133858267716536,0.0,0.0
2026-01-16T22:39:18.876555,interface,0.1968503937007874,0.905511811023622,0.7637795275590551,0.6456692913385826,0.968503937007874,0.9133858267716536,0.0,0.0
2026-01-16T22:39:18.877192,interface,0.1968503937007874,0.905511811023622,0.7952755905511811,0.6456692913385826,0.968503937007874,0.9133858267716536,0.0,0.0
2026-01-16T22:39:18.888534,interface,0.1968503937007874,0.905511811023622,0.8267716535433071,0.6456692913385826,0.968503937007874,0.9133858267716536,0.0,0.0
2026-01-16T22:39:18.901109,interface,0.1968503937007874,0.905511811023622,0.8582677165354331,0.6456692913385826,0.968503937007874,0.9133858267716536,0.0,0.0
2026-01-16T22:39:18.901759,interface,0.1968503937007874,0.905511811023622,0.905511811023622,0.6456692913385826,0.968503937007874,0.9133858267716536,0.0,0.0
2026-01-16T22:39:18.916629,interface,0.1968503937007874,0.905511811023622,0.9448818897637795,0.6456692913385826,0.968503937007874,0.9133858267716536,0.0,0.0
2026-01-16T22:39:18.917277,interface,0.1968503937007874,0.905511811023622,0.9763779527559056,0.6456692913385826,0.968503937007874,0.9133858267716536,0.0,0.0
2026-01-16T22:39:18.928217,interface,0.1968503937007874,0.905511811023622,0.9921259842519685,0.6456692913385826,0.968503937007874,0.9133858267716536,0.0,0.0
2026-01-16T22:39:18.936375,interface,0.1968503937007874,0.905511811023622,1.0,0.6456692913385826,0.968503937007874,0.9133858267716536,0.0,0.0
2026-01-16T22:39:18.946326,interface,0.1968503937007874,0.905511811023622,1.0,0.6456692913385826,0.968503937007874,0.9133858267716536,0.0,0.0
2026-01-16T22:39:19.634356,interface,0.1968503937007874,0.905511811023622,1.0,0.8267716535433071,0.968503937007874,0.9133858267716536,0.0,0.0
2026-01-16T22:39:19.651075,interface,0.1968503937007874,0.905511811023622,1.0,0.8346456692913385,0.968503937007874,0.9133858267716536,0.0,0.0
2026-01-16T22:39:19.651724,interface,0.1968503937007874,0.905511811023622,1.0,0.8503937007874016,0.968503937007874,0.9133858267716536,0.0,0.0
2026-01-16T22:39:19.653534,interface,0.1968503937007874,0.905511811023622,1.0,0.8740157480314961,0.968503937007874,0.9133858267716536,0.0,0.0
2026-01-16T22:39:19.667261,interface,0.1968503937007874,0.905511811023622,1.0,0.889763779527559,0.968503937007874,0.9133858267716536,0.0,0.0
2026-01-16T22:39:19.676204,interface,0.1968503937007874,0.905511811023622,1.0,0.9133858267716536,0.968503937007874,0.9133858267716536,0.0,0.0
2026-01-16T22:39:19.686609,interface,0.1968503937007874,0.905511811023622,1.0,0.9291338582677166,0.968503937007874,0.9133858267716536,0.0,0.0
2026-01-16T22:39:19.687251,interface,0.1968503937007874,0.905511811023622,1.0,0.9448818897637795,0.968503937007874,0.9133858267716536,0.0,0.0
2026-01-16T22:39:19.698393,interface,0.1968503937007874,0.905511811023622,1.0,0.9606299212598425,0.968503937007874,0.9133858267716536,0.0,0.0
2026-01-16T22:39:19.706687,interface,0.1968503937007874,0.905511811023622,1.0,0.9763779527559056,0.968503937007874,0.9133858267716536,0.0,0.0
2026-01-16T22:39:19.715707,interface,0.1968503937007874,0.905511811023622,1.0,0.984251968503937,0.968503937007874,0.9133858267716536,0.0,0.0
2026-01-16T22:39:19.726657,interface,0.1968503937007874,0.905511811023622,1.0,0.9921259842519685,0.968503937007874,0.9133858267716536,0.0,0.0
2026-01-16T22:39:19.727291,interface,0.1968503937007874,0.905511811023622,1.0,0.9921259842519685,0.968503937007874,0.9133858267716536,0.0,0.0
2026-01-16T22:39:19.746383,interface,0.1968503937007874,0.905511811023622,1.0,1.0,0.968503937007874,0.9133858267716536,0.0,0.0
2026-01-16T22:39:20.226537,interface,0.1968503937007874,0.905511811023622,1.0,1.0,0.968503937007874,0.9133858267716536,0.0,0.0
2026-01-16T22:39:20.235878,interface,0.1968503937007874,0.905511811023622,1.0,0.9921259842519685,0.968503937007874,0.9133858267716536,0.0,0.0
2026-01-16T22:39:20.246386,interface,0.1968503937007874,0.905511811023622,1.0,0.984251968503937,0.968503937007874,0.9133858267716536,0.0,0.0
2026-01-16T22:39:20.247051,interface,0.1968503937007874,0.905511811023622,1.0,0.968503937007874,0.968503937007874,0.9133858267716536,0.0,0.0
2026-01-16T22:39:20.258494,interface,0.1968503937007874,0.905511811023622,1.0,0.952755905511811,0.968503937007874,0.9133858267716536,0.0,0.0
2026-01-16T22:39:20.266503,interface,0.1968503937007874,0.905511811023622,1.0,0.9291338582677166,0.968503937007874,0.9133858267716536,0.0,0.0
2026-01-16T22:39:20.277054,interface,0.1968503937007874,0.905511811023622,1.0,0.8976377952755905,0.968503937007874,0.9133858267716536,0.0,0.0
2026-01-16T22:39:20.286381,interface,0.1968503937007874,0.905511811023622,1.0,0.8740157480314961,0.968503937007874,0.9133858267716536,0.0,0.0
2026-01-16T22:39:20.295557,interface,0.1968503937007874,0.905511811023622,1.0,0.8503937007874016,0.968503937007874,0.9133858267716536,0.0,0.0
2026-01-16T22:39:20.296203,interface,0.1968503937007874,0.905511811023622,1.0,0.8267716535433071,0.968503937007874,0.9133858267716536,0.0,0.0
2026-01-16T22:39:20.307212,interface,0.1968503937007874,0.905511811023622,1.0,0.8031496062992126,0.968503937007874,0.9133858267716536,0.0,0.0
2026-01-16T22:39:20.317173,interface,0.1968503937007874,0.905511811023622,1.0,0.7795275590551181,0.968503937007874,0.9133858267716536,0.0,0.0
2026-01-16T22:39:20.327354,interface,0.1968503937007874,0.905511811023622,1.0,0.7559055118110236,0.968503937007874,0.9133858267716536,0.0,0.0
2026-01-16T22:39:20.336164,interface,0.1968503937007874,0.905511811023622,1.0,0.7401574803149606,0.968503937007874,0.9133858267716536,0.0,0.0
2026-01-16T22:39:20.336813,interface,0.1968503937007874,0.905511811023622,1.0,0.7165354330708661,0.968503937007874,0.9133858267716536,0.0,0.0
2026-01-16T22:39:20.346475,interface,0.1968503937007874,0.905511811023622,1.0,0.7007874015748031,0.968503937007874,0.9133858267716536,0.0,0.0
2026-01-16T22:39:20.356554,interface,0.1968503937007874,0.905511811023622,1.0,0.6771653543307087,0.968503937007874,0.9133858267716536,0.0,0.0
2026-01-16T22:39:20.365554,interface,0.1968503937007874,0.905511811023622,1.0,0.6614173228346457,0.968503937007874,0.9133858267716536,0.0,0.0
2026-01-16T22:39:20.376859,interface,0.1968503937007874,0.905511811023622,1.0,0.6456692913385826,0.968503937007874,0.9133858267716536,0.0,0.0
2026-01-16T22:39:20.377509,interface,0.1968503937007874,0.905511811023622,1.0,0.6377952755905512,0.968503937007874,0.9133858267716536,0.0,0.0
2026-01-16T22:39:20.386491,interface,0.1968503937007874,0.905511811023622,1.0,0.6220472440944882,0.968503937007874,0.9133858267716536,0.0,0.0
2026-01-16T22:39:20.401067,interface,0.1968503937007874,0.905511811023622,1.0,0.6062992125984252,0.968503937007874,0.9133858267716536,0.0,0.0
2026-01-16T22:39:20.401713,interface,0.1968503937007874,0.905511811023622,1.0,0.5905511811023622,0.968503937007874,0.9133858267716536,0.0,0.0
2026-01-16T22:39:20.416237,interface,0.1968503937007874,0.905511811023622,1.0,0.5669291338582677,0.968503937007874,0.9133858267716536,0.0,0.0
2026-01-16T22:39:20.416890,interface,0.1968503937007874,0.905511811023622,1.0,0.5511811023622047,0.968503937007874,0.9133858267716536,0.0,0.0
2026-01-16T22:39:20.426507,interface,0.1968503937007874,0.905511811023622,1.0,0.5275590551181102,0.968503937007874,0.9133858267716536,0.0,0.0
2026-01-16T22:39:20.436577,interface,0.1968503937007874,0.905511811023622,1.0,0.5118110236220472,0.968503937007874,0.9133858267716536,0.0,0.0
2026-01-16T22:39:20.445841,interface,0.1968503937007874,0.905511811023622,1.0,0.49606299212598426,0.968503937007874,0.9133858267716536,0.0,0.0
2026-01-16T22:39:20.456299,interface,0.1968503937007874,0.905511811023622,1.0,0.48031496062992124,0.968503937007874,0.9133858267716536,0.0,0.0
2026-01-16T22:39:20.456934,interface,0.1968503937007874,0.905511811023622,1.0,0.4645669291338583,0.968503937007874,0.9133858267716536,0.0,0.0
2026-01-16T22:39:20.466756,interface,0.1968503937007874,0.905511811023622,1.0,0.4409448818897638,0.968503937007874,0.9133858267716536,0.0,0.0
2026-01-16T22:39:20.475575,interface,0.1968503937007874,0.905511811023622,1.0,0.4251968503937008,0.968503937007874,0.9133858267716536,0.0,0.0
2026-01-16T22:39:20.486572,interface,0.1968503937007874,0.905511811023622,1.0,0.4094488188976378,0.968503937007874,0.9133858267716536,0.0,0.0
2026-01-16T22:39:20.495869,interface,0.1968503937007874,0.905511811023622,1.0,0.3858267716535433,0.968503937007874,0.9133858267716536,0.0,0.0
2026-01-16T22:39:20.496496,interface,0.1968503937007874,0.905511811023622,1.0,0.3700787401574803,0.968503937007874,0.9133858267716536,0.0,0.0
2026-01-16T22:39:20.506503,interface,0.1968503937007874,0.905511811023622,1.0,0.3543307086614173,0.968503937007874,0.9133858267716536,0.0,0.0
2026-01-16T22:39:20.516220,interface,0.1968503937007874,0.905511811023622,1.0,0.33070866141732286,0.968503937007874,0.9133858267716536,0.0,0.0
2026-01-16T22:39:20.526693,interface,0.1968503937007874,0.905511811023622,1.0,0.31496062992125984,0.968503937007874,0.9133858267716536,0.0,0.0
2026-01-16T22:39:20.536380,interface,0.1968503937007874,0.905511811023622,1.0,0.2992125984251969,0.968503937007874,0.9133858267716536,0.0,0.0
2026-01-16T22:39:20.537006,interface,0.1968503937007874,0.905511811023622,1.0,0.28346456692913385,0.968503937007874,0.9133858267716536,0.0,0.0
2026-01-16T22:39:20.547422,interface,0.1968503937007874,0.905511811023622,1.0,0.2677165354330709,0.968503937007874,0.9133858267716536,0.0,0.0
2026-01-16T22:39:20.556838,interface,0.1968503937007874,0.905511811023622,1.0,0.2440944881889764,0.968503937007874,0.9133858267716536,0.0,0.0
2026-01-16T22:39:20.565582,interface,0.1968503937007874,0.905511811023622,1.0,0.2283464566929134,0.968503937007874,0.9133858267716536,0.0,0.0
2026-01-16T22:39:20.576112,interface,0.1968503937007874,0.905511811023622,1.0,0.2047244094488189,0.968503937007874,0.9133858267716536,0.0,0.0
2026-01-16T22:39:20.576748,interface,0.1968503937007874,0.905511811023622,1.0,0.1889763779527559,0.968503937007874,0.9133858267716536,0.0,0.0
2026-01-16T22:39:20.586510,interface,0.1968503937007874,0.905511811023622,1.0,0.16535433070866143,0.968503937007874,0.9133858267716536,0.0,0.0
2026-01-16T22:39:20.595833,interface,0.1968503937007874,0.905511811023622,1.0,0.14960629921259844,0.968503937007874,0.9133858267716536,0.0,0.0
2026-01-16T22:39:20.606465,interface,0.1968503937007874,0.905511811023622,1.0,0.12598425196850394,0.968503937007874,0.9133858267716536,0.0,0.0
2026-01-16T22:39:20.615624,interface,0.1968503937007874,0.905511811023622,1.0,0.11023622047244094,0.968503937007874,0.9133858267716536,0.0,0.0
2026-01-16T22:39:20.616266,interface,0.1968503937007874,0.905511811023622,1.0,0.08661417322834646,0.968503937007874,0.9133858267716536,0.0,0.0
2026-01-16T22:39:20.626536,interface,0.1968503937007874,0.905511811023622,1.0,0.07086614173228346,0.968503937007874,0.9133858267716536,0.0,0.0
2026-01-16T22:39:20.636844,interface,0.1968503937007874,0.905511811023622,1.0,0.05511811023622047,0.968503937007874,0.9133858267716536,0.0,0.0
2026-01-16T22:39:20.645598,interface,0.1968503937007874,0.905511811023622,1.0,0.03937007874015748,0.968503937007874,0.9133858267716536,0.0,0.0
2026-01-16T22:39:20.656350,interface,0.1968503937007874,0.905511811023622,1.0,0.031496062992125984,0.968503937007874,0.9133858267716536,0.0,0.0
2026-01-16T22:39:20.656984,interface,0.1968503937007874,0.905511811023622,1.0,0.015748031496062992,0.968503937007874,0.9133858267716536,0.0,0.0
2026-01-16T22:39:20.667068,interface,0.1968503937007874,0.905511811023622,1.0,0.007874015748031496,0.968503937007874,0.9133858267716536,0.0,0.0
2026-01-16T22:39:20.682496,interface,0.1968503937007874,0.905511811023622,1.0,0.0,0.968503937007874,0.9133858267716536,0.0,0.0
2026-01-16T22:39:20.698517,interface,0.1968503937007874,0.905511811023622,1.0,0.0,0.968503937007874,0.9133858267716536,0.0,0.0
2026-01-16T22:39:21.015259,interface,0.1968503937007874,0.905511811023622,1.0,0.0,0.968503937007874,0.9133858267716536,0.0,0.0
2026-01-16T22:39:21.015962,interface,0.1968503937007874,0.905511811023622,1.0,0.007874015748031496,0.968503937007874,0.9133858267716536,0.0,0.0
2026-01-16T22:39:21.026579,interface,0.1968503937007874,0.905511811023622,1.0,0.023622047244094488,0.968503937007874,0.9133858267716536,0.0,0.0
2026-01-16T22:39:21.035931,interface,0.1968503937007874,0.905511811023622,1.0,0.047244094488188976,0.968503937007874,0.9133858267716536,0.0,0.0
2026-01-16T22:39:21.046517,interface,0.1968503937007874,0.905511811023622,1.0,0.07874015748031496,0.968503937007874,0.9133858267716536,0.0,0.0
2026-01-16T22:39:21.057214,interface,0.1968503937007874,0.905511811023622,1.0,0.11811023622047244,0.968503937007874,0.9133858267716536,0.0,0.0
2026-01-16T22:39:21.057860,interface,0.1968503937007874,0.905511811023622,1.0,0.14960629921259844,0.968503937007874,0.9133858267716536,0.0,0.0
2026-01-16T22:39:21.066585,interface,0.1968503937007874,0.905511811023622,1.0,0.1889763779527559,0.968503937007874,0.9133858267716536,0.0,0.0
2026-01-16T22:39:21.075912,interface,0.1968503937007874,0.905511811023622,1.0,0.2283464566929134,0.968503937007874,0.9133858267716536,0.0,0.0
2026-01-16T22:39:21.088011,interface,0.1968503937007874,0.905511811023622,1.0,0.2677165354330709,0.968503937007874,0.9133858267716536,0.0,0.0
2026-01-16T22:39:21.095462,interface,0.1968503937007874,0.905511811023622,1.0,0.2992125984251969,0.968503937007874,0.9133858267716536,0.0,0.0
2026-01-16T22:39:21.096098,interface,0.1968503937007874,0.905511811023622,1.0,0.33858267716535434,0.968503937007874,0.9133858267716536,0.0,0.0
2026-01-16T22:39:21.106618,interface,0.1968503937007874,0.905511811023622,1.0,0.3779527559055118,0.968503937007874,0.9133858267716536,0.0,0.0
2026-01-16T22:39:21.116865,interface,0.1968503937007874,0.905511811023622,1.0,0.41732283464566927,0.968503937007874,0.9133858267716536,0.0,0.0
2026-01-16T22:39:21.126373,interface,0.1968503937007874,0.905511811023622,1.0,0.4566929133858268,0.968503937007874,0.9133858267716536,0.0,0.0
2026-01-16T22:39:21.136425,interface,0.1968503937007874,0.905511811023622,1.0,0.49606299212598426,0.968503937007874,0.9133858267716536,0.0,0.0
2026-01-16T22:39:21.137065,interface,0.1968503937007874,0.905511811023622,1.0,0.5275590551181102,0.968503937007874,0.9133858267716536,0.0,0.0
2026-01-16T22:39:21.151158,interface,0.1968503937007874,0.905511811023622,1.0,0.5669291338582677,0.968503937007874,0.9133858267716536,0.0,0.0
2026-01-16T22:39:21.151815,interface,0.1968503937007874,0.905511811023622,1.0,0.6062992125984252,0.968503937007874,0.9133858267716536,0.0,0.0
2026-01-16T22:39:21.166655,interface,0.1968503937007874,0.905511811023622,1.0,0.6377952755905512,0.968503937007874,0.9133858267716536,0.0,0.0
2026-01-16T22:39:21.176658,interface,0.1968503937007874,0.905511811023622,1.0,0.6614173228346457,0.968503937007874,0.9133858267716536,0.0,0.0
2026-01-16T22:39:21.177312,interface,0.1968503937007874,0.905511811023622,1.0,0.6850393700787402,0.968503937007874,0.9133858267716536,0.0,0.0
2026-01-16T22:39:21.187636,interface,0.1968503937007874,0.905511811023622,1.0,0.7086614173228346,0.968503937007874,0.9133858267716536,0.0,0.0
2026-01-16T22:39:21.197297,interface,0.1968503937007874,0.905511811023622,1.0,0.7401574803149606,0.968503937007874,0.9133858267716536,0.0,0.0
2026-01-16T22:39:21.206380,interface,0.1968503937007874,0.905511811023622,1.0,0.7637795275590551,0.968503937007874,0.9133858267716536,0.0,0.0
2026-01-16T22:39:21.216516,interface,0.1968503937007874,0.905511811023622,1.0,0.7874015748031497,0.968503937007874,0.9133858267716536,0.0,0.0
2026-01-16T22:39:21.217155,interface,0.1968503937007874,0.905511811023622,1.0,0.8110236220472441,0.968503937007874,0.9133858267716536,0.0,0.0
2026-01-16T22:39:21.227900,interface,0.1968503937007874,0.905511811023622,1.0,0.84251968503937,0.968503937007874,0.9133858267716536,0.0,0.0
2026-01-16T22:39:21.237272,interface,0.1968503937007874,0.905511811023622,1.0,0.8818897637795275,0.968503937007874,0.9133858267716536,0.0,0.0
2026-01-16T22:39:21.247190,interface,0.1968503937007874,0.905511811023622,1.0,0.9133858267716536,0.968503937007874,0.9133858267716536,0.0,0.0
2026-01-16T22:39:21.256480,interface,0.1968503937007874,0.905511811023622,1.0,0.9448818897637795,0.968503937007874,0.9133858267716536,0.0,0.0
2026-01-16T22:39:21.257106,interface,0.1968503937007874,0.905511811023622,1.0,0.968503937007874,0.968503937007874,0.9133858267716536,0.0,0.0
2026-01-16T22:39:21.267856,interface,0.1968503937007874,0.905511811023622,1.0,0.984251968503937,0.968503937007874,0.9133858267716536,0.0,0.0
2026-01-16T22:39:21.276602,interface,0.1968503937007874,0.905511811023622,1.0,0.9921259842519685,0.968503937007874,0.9133858267716536,0.0,0.0
2026-01-16T22:39:21.285928,interface,0.1968503937007874,0.905511811023622,1.0,1.0,0.968503937007874,0.9133858267716536,0.0,0.0
2026-01-16T22:39:21.746481,interface,0.1968503937007874,1.0,1.0,1.0,0.968503937007874,0.9133858267716536,0.0,0.0
2026-01-16T22:39:21.762463,interface,0.1968503937007874,0.9921259842519685,1.0,1.0,0.968503937007874,0.9133858267716536,0.0,0.0
2026-01-16T22:39:21.776682,interface,0.1968503937007874,0.984251968503937,1.0,1.0,0.968503937007874,0.9133858267716536,0.0,0.0
2026-01-16T22:39:21.777323,interface,0.1968503937007874,0.968503937007874,1.0,1.0,0.968503937007874,0.9133858267716536,0.0,0.0
2026-01-16T22:39:21.787100,interface,0.1968503937007874,0.952755905511811,1.0,1.0,0.968503937007874,0.9133858267716536,0.0,0.0
2026-01-16T22:39:21.795553,interface,0.1968503937007874,0.937007874015748,1.0,1.0,0.968503937007874,0.9133858267716536,0.0,0.0
2026-01-16T22:39:21.812020,interface,0.1968503937007874,0.9133858267716536,1.0,1.0,0.968503937007874,0.9133858267716536,0.0,0.0
2026-01-16T22:39:21.812705,interface,0.1968503937007874,0.889763779527559,1.0,1.0,0.968503937007874,0.9133858267716536,0.0,0.0
2026-01-16T22:39:21.814016,interface,0.1968503937007874,0.8661417322834646,1.0,1.0,0.968503937007874,0.9133858267716536,0.0,0.0
2026-01-16T22:39:21.826516,interface,0.1968503937007874,0.84251968503937,1.0,1.0,0.968503937007874,0.9133858267716536,0.0,0.0
2026-01-16T22:39:21.838003,interface,0.1968503937007874,0.8188976377952756,1.0,1.0,0.968503937007874,0.9133858267716536,0.0,0.0
2026-01-16T22:39:21.846780,interface,0.1968503937007874,0.7952755905511811,1.0,1.0,0.968503937007874,0.9133858267716536,0.0,0.0
2026-01-16T22:39:21.855608,interface,0.1968503937007874,0.7874015748031497,1.0,1.0,0.968503937007874,0.9133858267716536,0.0,0.0
2026-01-16T22:39:21.856250,interface,0.1968503937007874,0.7637795275590551,1.0,1.0,0.968503937007874,0.9133858267716536,0.0,0.0
2026-01-16T22:39:21.867515,interface,0.1968503937007874,0.7480314960629921,1.0,1.0,0.968503937007874,0.9133858267716536,0.0,0.0
2026-01-16T22:39:21.876338,interface,0.1968503937007874,0.7322834645669292,1.0,1.0,0.968503937007874,0.9133858267716536,0.0,0.0
2026-01-16T22:39:21.886118,interface,0.1968503937007874,0.7165354330708661,1.0,1.0,0.968503937007874,0.9133858267716536,0.0,0.0
2026-01-16T22:39:21.895577,interface,0.1968503937007874,0.7007874015748031,1.0,1.0,0.968503937007874,0.9133858267716536,0.0,0.0
2026-01-16T22:39:21.896215,interface,0.1968503937007874,0.6850393700787402,1.0,1.0,0.968503937007874,0.9133858267716536,0.0,0.0
2026-01-16T22:39:21.907118,interface,0.1968503937007874,0.6692913385826772,1.0,1.0,0.968503937007874,0.9133858267716536,0.0,0.0
2026-01-16T22:39:21.916189,interface,0.1968503937007874,0.6535433070866141,1.0,1.0,0.968503937007874,0.9133858267716536,0.0,0.0
2026-01-16T22:39:21.926893,interface,0.1968503937007874,0.6377952755905512,1.0,1.0,0.968503937007874,0.9133858267716536,0.0,0.0
2026-01-16T22:39:21.935792,interface,0.1968503937007874,0.6220472440944882,1.0,1.0,0.968503937007874,0.9133858267716536,0.0,0.0
2026-01-16T22:39:21.936424,interface,0.1968503937007874,0.6062992125984252,1.0,1.0,0.968503937007874,0.9133858267716536,0.0,0.0
2026-01-16T22:39:21.946773,interface,0.1968503937007874,0.5905511811023622,1.0,1.0,0.968503937007874,0.9133858267716536,0.0,0.0
2026-01-16T22:39:21.956191,interface,0.1968503937007874,0.5669291338582677,1.0,1.0,0.968503937007874,0.9133858267716536,0.0,0.0
2026-01-16T22:39:21.966652,interface,0.1968503937007874,0.5511811023622047,1.0,1.0,0.968503937007874,0.9133858267716536,0.0,0.0
2026-01-16T22:39:21.975760,interface,0.1968503937007874,0.5275590551181102,1.0,1.0,0.968503937007874,0.9133858267716536,0.0,0.0
2026-01-16T22:39:21.976399,interface,0.1968503937007874,0.5118110236220472,1.0,1.0,0.968503937007874,0.9133858267716536,0.0,0.0
2026-01-16T22:39:21.987062,interface,0.1968503937007874,0.5039370078740157,1.0,1.0,0.968503937007874,0.9133858267716536,0.0,0.0
2026-01-16T22:39:21.996750,interface,0.1968503937007874,0.4881889763779528,1.0,1.0,0.968503937007874,0.9133858267716536,0.0,0.0
2026-01-16T22:39:22.005730,interface,0.1968503937007874,0.47244094488188976,1.0,1.0,0.968503937007874,0.9133858267716536,0.0,0.0
2026-01-16T22:39:22.016235,interface,0.1968503937007874,0.44881889763779526,1.0,1.0,0.968503937007874,0.9133858267716536,0.0,0.0
2026-01-16T22:39:22.016874,interface,0.1968503937007874,0.4330708661417323,1.0,1.0,0.968503937007874,0.9133858267716536,0.0,0.0
2026-01-16T22:39:22.027553,interface,0.1968503937007874,0.41732283464566927,1.0,1.0,0.968503937007874,0.9133858267716536,0.0,0.0
2026-01-16T22:39:22.036374,interface,0.1968503937007874,0.4015748031496063,1.0,1.0,0.968503937007874,0.9133858267716536,0.0,0.0
2026-01-16T22:39:22.045535,interface,0.1968503937007874,0.3858267716535433,1.0,1.0,0.968503937007874,0.9133858267716536,0.0,0.0
2026-01-16T22:39:22.056830,interface,0.1968503937007874,0.3700787401574803,1.0,1.0,0.968503937007874,0.9133858267716536,0.0,0.0
2026-01-16T22:39:22.057460,interface,0.1968503937007874,0.36220472440944884,1.0,1.0,0.968503937007874,0.9133858267716536,0.0,0.0
2026-01-16T22:39:22.066525,interface,0.1968503937007874,0.3464566929133858,1.0,1.0,0.968503937007874,0.9133858267716536,0.0,0.0
2026-01-16T22:39:22.076227,interface,0.1968503937007874,0.33070866141732286,1.0,1.0,0.968503937007874,0.9133858267716536,0.0,0.0
2026-01-16T22:39:22.087986,interface,0.1968503937007874,0.3228346456692913,1.0,1.0,0.968503937007874,0.9133858267716536,0.0,0.0
2026-01-16T22:39:22.096164,interface,0.1968503937007874,0.30708661417322836,1.0,1.0,0.968503937007874,0.9133858267716536,0.0,0.0
2026-01-16T22:39:22.096800,interface,0.1968503937007874,0.29133858267716534,1.0,1.0,0.968503937007874,0.9133858267716536,0.0,0.0
2026-01-16T22:39:22.107390,interface,0.1968503937007874,0.28346456692913385,1.0,1.0,0.968503937007874,0.9133858267716536,0.0,0.0
2026-01-16T22:39:22.116220,interface,0.1968503937007874,0.2677165354330709,1.0,1.0,0.968503937007874,0.9133858267716536,0.0,0.0
2026-01-16T22:39:22.127236,interface,0.1968503937007874,0.25984251968503935,1.0,1.0,0.968503937007874,0.9133858267716536,0.0,0.0
2026-01-16T22:39:22.135750,interface,0.1968503937007874,0.2440944881889764,1.0,1.0,0.968503937007874,0.9133858267716536,0.0,0.0
2026-01-16T22:39:22.136387,interface,0.1968503937007874,0.23622047244094488,1.0,1.0,0.968503937007874,0.9133858267716536,0.0,0.0
2026-01-16T22:39:22.151156,interface,0.1968503937007874,0.2204724409448819,1.0,1.0,0.968503937007874,0.9133858267716536,0.0,0.0
2026-01-16T22:39:22.151813,interface,0.1968503937007874,0.2047244094488189,1.0,1.0,0.968503937007874,0.9133858267716536,0.0,0.0
2026-01-16T22:39:22.165762,interface,0.1968503937007874,0.1889763779527559,1.0,1.0,0.968503937007874,0.9133858267716536,0.0,0.0
2026-01-16T22:39:22.176429,interface,0.1968503937007874,0.1732283464566929,1.0,1.0,0.968503937007874,0.9133858267716536,0.0,0.0
2026-01-16T22:39:22.177069,interface,0.1968503937007874,0.15748031496062992,1.0,1.0,0.968503937007874,0.9133858267716536,0.0,0.0
2026-01-16T22:39:22.186563,interface,0.1968503937007874,0.13385826771653545,1.0,1.0,0.968503937007874,0.9133858267716536,0.0,0.0
2026-01-16T22:39:22.196608,interface,0.1968503937007874,0.11811023622047244,1.0,1.0,0.968503937007874,0.9133858267716536,0.0,0.0
2026-01-16T22:39:22.205758,interface,0.1968503937007874,0.09448818897637795,1.0,1.0,0.968503937007874,0.9133858267716536,0.0,0.0
2026-01-16T22:39:22.216517,interface,0.1968503937007874,0.07874015748031496,1.0,1.0,0.968503937007874,0.9133858267716536,0.0,0.0
2026-01-16T22:39:22.217144,interface,0.1968503937007874,0.05511811023622047,1.0,1.0,0.968503937007874,0.9133858267716536,0.0,0.0
2026-01-16T22:39:22.226561,interface,0.1968503937007874,0.03937007874015748,1.0,1.0,0.968503937007874,0.9133858267716536,0.0,0.0
2026-01-16T22:39:22.236311,interface,0.1968503937007874,0.031496062992125984,1.0,1.0,0.968503937007874,0.9133858267716536,0.0,0.0
2026-01-16T22:39:22.246798,interface,0.1968503937007874,0.015748031496062992,1.0,1.0,0.968503937007874,0.9133858267716536,0.0,0.0
2026-01-16T22:39:22.255559,interface,0.1968503937007874,0.007874015748031496,1.0,1.0,0.968503937007874,0.9133858267716536,0.0,0.0
2026-01-16T22:39:22.256187,interface,0.1968503937007874,0.007874015748031496,1.0,1.0,0.968503937007874,0.9133858267716536,0.0,0.0
2026-01-16T22:39:22.276040,interface,0.1968503937007874,0.0,1.0,1.0,0.968503937007874,0.9133858267716536,0.0,0.0
2026-01-16T22:39:22.601777,interface,0.5275590551181102,0.0,1.0,1.0,0.968503937007874,0.9133858267716536,0.0,0.0
2026-01-16T22:39:22.988766,interface,0.5275590551181102,0.0,0.9921259842519685,1.0,0.968503937007874,0.9133858267716536,0.0,0.0
2026-01-16T22:39:22.998011,interface,0.5275590551181102,0.0,0.9921259842519685,1.0,0.968503937007874,0.9133858267716536,0.0,0.0
2026-01-16T22:39:23.005583,interface,0.5275590551181102,0.0,0.9763779527559056,1.0,0.968503937007874,0.9133858267716536,0.0,0.0
2026-01-16T22:39:23.016789,interface,0.5275590551181102,0.0,0.9606299212598425,1.0,0.968503937007874,0.9133858267716536,0.0,0.0
2026-01-16T22:39:23.025834,interface,0.5275590551181102,0.0,0.937007874015748,1.0,0.968503937007874,0.9133858267716536,0.0,0.0
2026-01-16T22:39:23.026468,interface,0.5275590551181102,0.0,0.8976377952755905,1.0,0.968503937007874,0.9133858267716536,0.0,0.0
2026-01-16T22:39:23.036750,interface,0.5275590551181102,0.0,0.8582677165354331,1.0,0.968503937007874,0.9133858267716536,0.0,0.0
2026-01-16T22:39:23.046281,interface,0.5275590551181102,0.0,0.8267716535433071,1.0,0.968503937007874,0.9133858267716536,0.0,0.0
2026-01-16T22:39:23.055771,interface,0.5275590551181102,0.0,0.7874015748031497,1.0,0.968503937007874,0.9133858267716536,0.0,0.0
2026-01-16T22:39:23.067067,interface,0.5275590551181102,0.0,0.7559055118110236,1.0,0.968503937007874,0.9133858267716536,0.0,0.0
2026-01-16T22:39:23.067702,interface,0.5275590551181102,0.0,0.7244094488188977,1.0,0.968503937007874,0.9133858267716536,0.0,0.0
2026-01-16T22:39:23.077676,interface,0.5275590551181102,0.0,0.7007874015748031,1.0,0.968503937007874,0.9133858267716536,0.0,0.0
2026-01-16T22:39:23.086807,interface,0.5275590551181102,0.0,0.6692913385826772,1.0,0.968503937007874,0.9133858267716536,0.0,0.0
2026-01-16T22:39:23.096286,interface,0.5275590551181102,0.0,0.6456692913385826,1.0,0.968503937007874,0.9133858267716536,0.0,0.0
2026-01-16T22:39:23.106804,interface,0.5275590551181102,0.0,0.6220472440944882,1.0,0.968503937007874,0.9133858267716536,0.0,0.0
2026-01-16T22:39:23.107443,interface,0.5275590551181102,0.0,0.5905511811023622,1.0,0.968503937007874,0.9133858267716536,0.0,0.0
2026-01-16T22:39:23.116737,interface,0.5275590551181102,0.0,0.5590551181102362,1.0,0.968503937007874,0.9133858267716536,0.0,0.0
2026-01-16T22:39:23.126633,interface,0.5275590551181102,0.0,0.5275590551181102,1.0,0.968503937007874,0.9133858267716536,0.0,0.0
2026-01-16T22:39:23.136413,interface,0.5275590551181102,0.0,0.5039370078740157,1.0,0.968503937007874,0.9133858267716536,0.0,0.0
2026-01-16T22:39:23.151034,interface,0.5275590551181102,0.0,0.47244094488188976,1.0,0.968503937007874,0.9133858267716536,0.0,0.0
2026-01-16T22:39:23.151707,interface,0.5275590551181102,0.0,0.4409448818897638,1.0,0.968503937007874,0.9133858267716536,0.0,0.0
2026-01-16T22:39:23.152263,interface,0.5275590551181102,0.0,0.4094488188976378,1.0,0.968503937007874,0.9133858267716536,0.0,0.0
2026-01-16T22:39:23.167229,interface,0.5275590551181102,0.0,0.3779527559055118,1.0,0.968503937007874,0.9133858267716536,0.0,0.0
2026-01-16T22:39:23.177217,interface,0.5275590551181102,0.0,0.3464566929133858,1.0,0.968503937007874,0.9133858267716536,0.0,0.0
2026-01-16T22:39:23.186510,interface,0.5275590551181102,0.0,0.3228346456692913,1.0,0.968503937007874,0.9133858267716536,0.0,0.0
2026-01-16T22:39:23.187153,interface,0.5275590551181102,0.0,0.29133858267716534,1.0,0.968503937007874,0.9133858267716536,0.0,0.0
2026-01-16T22:39:23.196628,interface,0.5275590551181102,0.0,0.2677165354330709,1.0,0.968503937007874,0.9133858267716536,0.0,0.0
2026-01-16T22:39:23.206750,interface,0.5275590551181102,0.0,0.2440944881889764,1.0,0.968503937007874,0.9133858267716536,0.0,0.0
2026-01-16T22:39:23.215558,interface,0.5275590551181102,0.0,0.2125984251968504,1.0,0.968503937007874,0.9133858267716536,0.0,0.0
2026-01-16T22:39:23.226396,interface,0.5275590551181102,0.0,0.1889763779527559,1.0,0.968503937007874,0.9133858267716536,0.0,0.0
2026-01-16T22:39:23.227043,interface,0.5275590551181102,0.0,0.16535433070866143,1.0,0.968503937007874,0.9133858267716536,0.0,0.0
2026-01-16T22:39:23.236499,interface,0.5275590551181102,0.0,0.14173228346456693,1.0,0.968503937007874,0.9133858267716536,0.0,0.0
2026-01-16T22:39:23.246439,interface,0.5275590551181102,0.0,0.11811023622047244,1.0,0.968503937007874,0.9133858267716536,0.0,0.0
2026-01-16T22:39:23.255385,interface,0.5275590551181102,0.0,0.09448818897637795,1.0,0.968503937007874,0.9133858267716536,0.0,0.0
2026-01-16T22:39:23.256030,interface,0.5275590551181102,0.0,0.07874015748031496,1.0,0.968503937007874,0.9133858267716536,0.0,0.0
2026-01-16T22:39:23.268776,interface,0.5275590551181102,0.0,0.05511811023622047,1.0,0.968503937007874,0.9133858267716536,0.0,0.0
2026-01-16T22:39:23.277302,interface,0.5275590551181102,0.0,0.03937007874015748,1.0,0.968503937007874,0.9133858267716536,0.0,0.0
2026-01-16T22:39:23.286295,interface,0.5275590551181102,0.0,0.031496062992125984,1.0,0.968503937007874,0.9133858267716536,0.0,0.0
2026-01-16T22:39:23.296852,interface,0.5275590551181102,0.0,0.015748031496062992,1.0,0.968503937007874,0.9133858267716536,0.0,0.0
2026-01-16T22:39:23.297479,interface,0.5275590551181102,0.0,0.007874015748031496,1.0,0.968503937007874,0.9133858267716536,0.0,0.0
2026-01-16T22:39:23.306754,interface,0.5275590551181102,0.0,0.007874015748031496,1.0,0.968503937007874,0.9133858267716536,0.0,0.0
2026-01-16T22:39:23.315641,interface,0.5275590551181102,0.0,0.0,1.0,0.968503937007874,0.9133858267716536,0.0,0.0
2026-01-16T22:39:23.330782,interface,0.5275590551181102,0.0,0.0,1.0,0.968503937007874,0.9133858267716536,0.0,0.0
2026-01-16T22:39:24.081640,interface,0.4330708661417323,0.0,0.0,1.0,0.968503937007874,0.9133858267716536,0.0,0.0
2026-01-16T22:39:24.083013,interface,0.0,0.0,0.0,1.0,0.968503937007874,0.9133858267716536,0.0,0.0
2026-01-16T22:39:24.213107,interface,0.4330708661417323,0.0,0.0,1.0,0.968503937007874,0.9133858267716536,0.0,0.0
2026-01-16T22:39:24.348718,interface,0.4330708661417323,0.0,0.0,1.0,0.968503937007874,0.9133858267716536,0.0,0.0
2026-01-16T22:39:24.458008,interface,0.4330708661417323,0.0,0.0,1.0,0.968503937007874,0.9133858267716536,0.0,0.0
2026-01-16T22:39:28.285372,interface,0.8110236220472441,0.0,0.0,1.0,0.968503937007874,0.9133858267716536,0.0,0.0
2026-01-16T22:39:28.721515,interface,0.8503937007874016,0.0,0.0,1.0,0.968503937007874,0.9133858267716536,0.0,0.0
2026-01-16T22:39:28.814890,interface,0.8503937007874016,0.0,0.0,1.0,0.968503937007874,0.9133858267716536,0.0,0.0
2026-01-16T22:39:29.819974,interface,0.6220472440944882,0.0,0.0,1.0,0.968503937007874,0.9133858267716536,0.0,0.0
2026-01-16T22:39:30.133850,interface,0.4330708661417323,0.0,0.0,1.0,0.968503937007874,0.9133858267716536,0.0,0.0
2026-01-16T22:39:30.566085,interface,0.28346456692913385,0.0,0.0,1.0,0.968503937007874,0.9133858267716536,0.0,0.0
2026-01-16T22:39:31.733627,interface,0.2440944881889764,0.0,0.0,1.0,0.968503937007874,0.9133858267716536,0.0,0.0
2026-01-16T22:39:31.768958,interface,0.28346456692913385,0.0,0.0,1.0,0.968503937007874,0.9133858267716536,0.0,0.0
2026-01-16T22:39:31.834128,interface,0.33858267716535434,0.0,0.0,1.0,0.968503937007874,0.9133858267716536,0.0,0.0
2026-01-16T22:39:31.898876,interface,0.3779527559055118,0.0,0.0,1.0,0.968503937007874,0.9133858267716536,0.0,0.0
2026-01-16T22:39:31.928145,interface,0.4330708661417323,0.0,0.0,1.0,0.968503937007874,0.9133858267716536,0.0,0.0
2026-01-16T22:39:31.988363,interface,0.47244094488188976,0.0,0.0,1.0,0.968503937007874,0.9133858267716536,0.0,0.0
2026-01-16T22:39:32.050931,interface,0.5275590551181102,0.0,0.0,1.0,0.968503937007874,0.9133858267716536,0.0,0.0
2026-01-16T22:39:32.083130,interface,0.5669291338582677,0.0,0.0,1.0,0.968503937007874,0.9133858267716536,0.0,0.0
2026-01-16T22:39:32.132248,interface,0.6220472440944882,0.0,0.0,1.0,0.968503937007874,0.9133858267716536,0.0,0.0
2026-01-16T22:39:32.195746,interface,0.6614173228346457,0.0,0.0,1.0,0.968503937007874,0.9133858267716536,0.0,0.0
2026-01-16T22:39:32.253846,interface,0.7165354330708661,0.0,0.0,1.0,0.968503937007874,0.9133858267716536,0.0,0.0
2026-01-16T22:39:32.288144,interface,0.7559055118110236,0.0,0.0,1.0,0.968503937007874,0.9133858267716536,0.0,0.0
2026-01-16T22:39:32.407788,interface,0.8503937007874016,0.0,0.0,1.0,0.968503937007874,0.9133858267716536,0.0,0.0
2026-01-16T22:39:33.736793,interface,0.47244094488188976,0.0,0.0,1.0,0.968503937007874,0.9133858267716536,0.0,0.0
2026-01-16T22:39:33.798029,interface,0.3779527559055118,0.0,0.0,1.0,0.968503937007874,0.9133858267716536,0.0,0.0
2026-01-16T22:39:33.847283,interface,0.4330708661417323,0.0,0.0,1.0,0.968503937007874,0.9133858267716536,0.0,0.0
2026-01-16T22:39:36.156262,interface,0.28346456692913385,0.0,0.0,1.0,0.968503937007874,0.9133858267716536,0.0,0.0
2026-01-16T22:39:36.226402,interface,0.33858267716535434,0.0,0.0,1.0,0.968503937007874,0.9133858267716536,0.0,0.0
2026-01-16T22:39:36.265583,interface,0.3779527559055118,0.0,0.0,1.0,0.968503937007874,0.9133858267716536,0.0,0.0
2026-01-16T22:39:36.338974,interface,0.4330708661417323,0.0,0.0,1.0,0.968503937007874,0.9133858267716536,0.0,0.0
2026-01-16T22:39:36.383841,interface,0.47244094488188976,0.0,0.0,1.0,0.968503937007874,0.9133858267716536,0.0,0.0
2026-01-16T22:39:36.492502,interface,0.5669291338582677,0.0,0.0,1.0,0.968503937007874,0.9133858267716536,0.0,0.0
2026-01-16T22:39:36.593677,interface,0.6614173228346457,0.0,0.0,1.0,0.968503937007874,0.9133858267716536,0.0,0.0
2026-01-16T22:39:37.413113,interface,0.6614173228346457,0.0,0.0,1.0,0.968503937007874,0.9133858267716536,0.0,0.0
2026-01-16T22:39:37.472479,interface,0.6220472440944882,0.0,0.0,1.0,0.968503937007874,0.9133858267716536,0.0,0.0
2026-01-16T22:39:37.569941,interface,0.4330708661417323,0.0,0.0,1.0,0.968503937007874,0.9133858267716536,0.0,0.0
2026-01-16T22:39:38.434334,interface,0.47244094488188976,0.0,0.0,1.0,0.968503937007874,0.9133858267716536,0.0,0.0
2026-01-16T22:39:38.545723,interface,0.3779527559055118,0.0,0.0,1.0,0.968503937007874,0.9133858267716536,0.0,0.0
2026-01-16T22:39:38.635172,interface,0.4330708661417323,0.0,0.0,1.0,0.968503937007874,0.9133858267716536,0.0,0.0
2026-01-16T22:39:38.750874,interface,0.47244094488188976,0.0,0.0,1.0,0.968503937007874,0.9133858267716536,0.0,0.0
2026-01-16T22:39:38.832890,interface,0.5669291338582677,0.0,0.0,1.0,0.968503937007874,0.9133858267716536,0.0,0.0
2026-01-16T22:39:38.966318,interface,0.6220472440944882,0.0,0.0,1.0,0.968503937007874,0.9133858267716536,0.0,0.0
2026-01-16T22:39:38.984892,interface,0.5669291338582677,0.0,0.0,1.0,0.968503937007874,0.9133858267716536,0.0,0.0
2026-01-16T22:39:39.091154,interface,0.6614173228346457,0.0,0.0,1.0,0.968503937007874,0.9133858267716536,0.0,0.0
2026-01-16T22:39:39.160895,interface,0.3779527559055118,0.0,0.0,1.0,0.968503937007874,0.9133858267716536,0.0,0.0
2026-01-16T22:39:39.324611,interface,0.6614173228346457,0.0,0.0,1.0,0.968503937007874,0.9133858267716536,0.0,0.0
2026-01-16T22:39:39.418365,interface,0.6220472440944882,0.0,0.0,1.0,0.968503937007874,0.9133858267716536,0.0,0.0
2026-01-16T22:39:39.955583,interface,0.4330708661417323,0.0,0.0,1.0,0.968503937007874,0.9133858267716536,0.0,0.0
2026-01-16T22:39:40.063977,interface,0.3779527559055118,0.0,0.0,1.0,0.968503937007874,0.9133858267716536,0.0,0.0
2026-01-16T22:39:40.172550,interface,0.47244094488188976,0.0,0.0,1.0,0.968503937007874,0.9133858267716536,0.0,0.0
2026-01-16T22:39:40.287362,interface,0.5669291338582677,0.0,0.0,1.0,0.968503937007874,0.9133858267716536,0.0,0.0
2026-01-16T22:39:40.408397,interface,0.6220472440944882,0.0,0.0,1.0,0.968503937007874,0.9133858267716536,0.0,0.0
2026-01-16T22:39:40.546736,interface,0.3779527559055118,0.0,0.0,1.0,0.968503937007874,0.9133858267716536,0.0,0.0
2026-01-16T22:39:40.671495,interface,0.6614173228346457,0.0,0.0,1.0,0.968503937007874,0.9133858267716536,0.0,0.0
2026-01-16T22:39:40.790103,interface,0.6220472440944882,0.0,0.0,1.0,0.968503937007874,0.9133858267716536,0.0,0.0
2026-01-16T22:39:41.031383,interface,0.6220472440944882,0.0,0.0,1.0,0.968503937007874,0.9133858267716536,0.0,0.0
2026-01-16T22:39:41.132598,interface,0.3779527559055118,0.0,0.0,1.0,0.968503937007874,0.9133858267716536,0.0,0.0
2026-01-16T22:39:41.257755,interface,0.6220472440944882,0.0,0.0,1.0,0.968503937007874,0.9133858267716536,0.0,0.0
2026-01-16T22:39:41.358861,interface,0.5669291338582677,0.0,0.0,1.0,0.968503937007874,0.9133858267716536,0.0,0.0
2026-01-16T22:39:41.457754,interface,0.6614173228346457,0.0,0.0,1.0,0.968503937007874,0.9133858267716536,0.0,0.0
2026-01-16T22:39:41.582796,interface,0.6220472440944882,0.0,0.0,1.0,0.968503937007874,0.9133858267716536,0.0,0.0
2026-01-16T22:39:41.699278,interface,0.3779527559055118,0.0,0.0,1.0,0.968503937007874,0.9133858267716536,0.0,0.0
2026-01-16T22:39:41.922622,interface,0.8110236220472441,0.0,0.0,1.0,0.968503937007874,0.9133858267716536,0.0,0.0
2026-01-16T22:39:41.937431,interface,0.2204724409448819,0.0,0.0,1.0,0.968503937007874,0.9133858267716536,0.0,0.0
2026-01-16T22:39:42.051342,interface,0.3779527559055118,0.0,0.0,1.0,0.968503937007874,0.9133858267716536,0.0,0.0
2026-01-16T22:39:42.145778,interface,0.8503937007874016,0.0,0.0,1.0,0.968503937007874,0.9133858267716536,0.0,0.0
2026-01-16T22:39:42.275415,interface,0.3779527559055118,0.0,0.0,1.0,0.968503937007874,0.9133858267716536,0.0,0.0
2026-01-16T22:39:42.298658,interface,0.3779527559055118,0.0,0.0,1.0,0.968503937007874,0.9133858267716536,0.0,0.0
2026-01-16T22:39:42.382901,interface,0.8110236220472441,0.0,0.0,1.0,0.968503937007874,0.9133858267716536,0.0,0.0
2026-01-16T22:39:42.603395,interface,0.8503937007874016,0.0,0.0,1.0,0.968503937007874,0.9133858267716536,0.0,0.0
2026-01-16T22:39:42.610310,interface,0.7637795275590551,0.0,0.0,1.0,0.968503937007874,0.9133858267716536,0.0,0.0
2026-01-16T22:39:42.727067,interface,0.8110236220472441,0.0,0.0,1.0,0.968503937007874,0.9133858267716536,0.0,0.0
2026-01-16T22:39:42.823371,interface,0.3779527559055118,0.0,0.0,1.0,0.968503937007874,0.9133858267716536,0.0,0.0
2026-01-16T22:39:42.956262,interface,0.3779527559055118,0.0,0.0,1.0,0.968503937007874,0.9133858267716536,0.0,0.0
2026-01-16T22:39:42.971063,interface,0.48031496062992124,0.0,0.0,1.0,0.968503937007874,0.9133858267716536,0.0,0.0
2026-01-16T22:39:43.068579,interface,0.8503937007874016,0.0,0.0,1.0,0.968503937007874,0.9133858267716536,0.0,0.0
2026-01-16T22:39:43.185363,interface,0.8503937007874016,0.0,0.0,1.0,0.968503937007874,0.9133858267716536,0.0,0.0
2026-01-16T22:39:43.186079,interface,0.47244094488188976,0.0,0.0,1.0,0.968503937007874,0.9133858267716536,0.0,0.0
2026-01-16T22:39:43.203656,interface,0.8503937007874016,0.0,0.0,1.0,0.968503937007874,0.9133858267716536,0.0,0.0
2026-01-16T22:39:43.270838,interface,0.7559055118110236,0.0,0.0,1.0,0.968503937007874,0.9133858267716536,0.0,0.0
2026-01-16T22:39:43.410714,interface,0.7559055118110236,0.0,0.0,1.0,0.968503937007874,0.9133858267716536,0.0,0.0
2026-01-16T22:39:43.430834,interface,0.7322834645669292,0.0,0.0,1.0,0.968503937007874,0.9133858267716536,0.0,0.0
2026-01-16T22:39:43.520722,interface,0.6614173228346457,0.0,0.0,1.0,0.968503937007874,0.9133858267716536,0.0,0.0
2026-01-16T22:39:43.640344,interface,0.8110236220472441,0.0,0.0,1.0,0.968503937007874,0.9133858267716536,0.0,0.0
2026-01-16T22:39:43.746616,interface,0.6220472440944882,0.0,0.0,1.0,0.968503937007874,0.9133858267716536,0.0,0.0
2026-01-16T22:39:43.846351,interface,0.6220472440944882,0.0,0.0,1.0,0.968503937007874,0.9133858267716536,0.0,0.0
2026-01-16T22:39:44.080434,interface,0.8110236220472441,0.0,0.0,1.0,0.968503937007874,0.9133858267716536,0.0,0.0
2026-01-16T22:39:44.186703,interface,0.6614173228346457,0.0,0.0,1.0,0.968503937007874,0.9133858267716536,0.0,0.0
2026-01-16T22:39:44.285504,interface,0.6220472440944882,0.0,0.0,1.0,0.968503937007874,0.9133858267716536,0.0,0.0
2026-01-16T22:39:44.415621,interface,0.6614173228346457,0.0,0.0,1.0,0.968503937007874,0.9133858267716536,0.0,0.0
2026-01-16T22:39:44.430464,interface,0.5984251968503937,0.0,0.0,1.0,0.968503937007874,0.9133858267716536,0.0,0.0
2026-01-16T22:39:44.501059,interface,0.1889763779527559,0.0,0.0,1.0,0.968503937007874,0.9133858267716536,0.0,0.0
2026-01-16T22:39:44.514956,interface,0.6614173228346457,0.0,0.0,1.0,0.968503937007874,0.9133858267716536,0.0,0.0
2026-01-16T22:39:44.627712,interface,0.8110236220472441,0.0,0.0,1.0,0.968503937007874,0.9133858267716536,0.0,0.0
2026-01-16T22:39:44.739034,interface,0.6220472440944882,0.0,0.0,1.0,0.968503937007874,0.9133858267716536,0.0,0.0
2026-01-16T22:39:44.860777,interface,0.8503937007874016,0.0,0.0,1.0,0.968503937007874,0.9133858267716536,0.0,0.0
2026-01-16T22:39:44.981409,interface,0.7559055118110236,0.0,0.0,1.0,0.968503937007874,0.9133858267716536,0.0,0.0
2026-01-16T22:39:45.114060,interface,0.905511811023622,0.0,0.0,1.0,0.968503937007874,0.9133858267716536,0.0,0.0
2026-01-16T22:39:45.200747,interface,0.905511811023622,0.0,0.0,1.0,0.968503937007874,0.9133858267716536,0.0,0.0
2026-01-16T22:39:45.319592,interface,0.6220472440944882,0.0,0.0,1.0,0.968503937007874,0.9133858267716536,0.0,0.0
2026-01-16T22:39:45.426459,interface,0.6614173228346457,0.0,0.0,1.0,0.968503937007874,0.9133858267716536,0.0,0.0
2026-01-16T22:39:45.533262,interface,0.6614173228346457,0.0,0.0,1.0,0.968503937007874,0.9133858267716536,0.0,0.0
2026-01-16T22:39:45.627332,interface,0.5669291338582677,0.0,0.0,1.0,0.968503937007874,0.9133858267716536,0.0,0.0
2026-01-16T22:39:45.764058,interface,0.7165354330708661,0.0,0.0,1.0,0.968503937007874,0.9133858267716536,0.0,0.0
2026-01-16T22:39:45.862625,interface,0.7165354330708661,0.0,0.0,1.0,0.968503937007874,0.9133858267716536,0.0,0.0
2026-01-16T22:39:45.977483,interface,0.5669291338582677,0.0,0.0,1.0,0.968503937007874,0.9133858267716536,0.0,0.0
2026-01-16T22:39:46.093746,interface,0.6614173228346457,0.0,0.0,1.0,0.968503937007874,0.9133858267716536,0.0,0.0
2026-01-16T22:39:46.216592,interface,0.6614173228346457,0.0,0.0,1.0,0.968503937007874,0.9133858267716536,0.0,0.0
2026-01-16T22:39:46.329876,interface,0.5669291338582677,0.0,0.0,1.0,0.968503937007874,0.9133858267716536,0.0,0.0
2026-01-16T22:39:46.443936,interface,0.8503937007874016,0.0,0.0,1.0,0.968503937007874,0.9133858267716536,0.0,0.0
2026-01-16T22:39:46.556537,interface,0.8503937007874016,0.0,0.0,1.0,0.968503937007874,0.9133858267716536,0.0,0.0
2026-01-16T22:39:46.672782,interface,0.5669291338582677,0.0,0.0,1.0,0.968503937007874,0.9133858267716536,0.0,0.0
2026-01-16T22:39:46.792012,interface,0.905511811023622,0.0,0.0,1.0,0.968503937007874,0.9133858267716536,0.0,0.0
2026-01-16T22:39:46.891940,interface,0.7165354330708661,0.0,0.0,1.0,0.968503937007874,0.9133858267716536,0.0,0.0
2026-01-16T22:39:46.893327,interface,0.905511811023622,0.0,0.0,1.0,0.968503937007874,0.9133858267716536,0.0,0.0
2026-01-16T22:39:46.905184,interface,0.7165354330708661,0.0,0.0,1.0,0.968503937007874,0.9133858267716536,0.0,0.0
2026-01-16T22:39:46.996587,interface,0.5669291338582677,0.0,0.0,1.0,0.968503937007874,0.9133858267716536,0.0,0.0
2026-01-16T22:39:47.133801,interface,0.905511811023622,0.0,0.0,1.0,0.968503937007874,0.9133858267716536,0.0,0.0
2026-01-16T22:39:47.149547,interface,0.5354330708661418,0.0,0.0,1.0,0.968503937007874,0.9133858267716536,0.0,0.0
2026-01-16T22:39:47.207683,interface,0.905511811023622,0.0,0.0,1.0,0.968503937007874,0.9133858267716536,0.0,0.0
2026-01-16T22:39:47.350578,interface,0.5669291338582677,0.0,0.0,1.0,0.968503937007874,0.9133858267716536,0.0,0.0
2026-01-16T22:39:47.477252,interface,0.6614173228346457,0.0,0.0,1.0,0.968503937007874,0.9133858267716536,0.0,0.0
2026-01-16T22:39:47.561820,interface,0.6614173228346457,0.0,0.0,1.0,0.968503937007874,0.9133858267716536,0.0,0.0
2026-01-16T22:39:47.688846,interface,0.7559055118110236,0.0,0.0,1.0,0.968503937007874,0.9133858267716536,0.0,0.0
2026-01-16T22:39:47.810015,interface,0.8503937007874016,0.0,0.0,1.0,0.968503937007874,0.9133858267716536,0.0,0.0
2026-01-16T22:39:47.934270,interface,0.8503937007874016,0.0,0.0,1.0,0.968503937007874,0.9133858267716536,0.0,0.0
2026-01-16T22:39:48.054705,interface,0.6220472440944882,0.0,0.0,1.0,0.968503937007874,0.9133858267716536,0.0,0.0
2026-01-16T22:39:48.175818,interface,0.6614173228346457,0.0,0.0,1.0,0.968503937007874,0.9133858267716536,0.0,0.0
2026-01-16T22:39:48.284206,interface,0.8110236220472441,0.0,0.0,1.0,0.968503937007874,0.9133858267716536,0.0,0.0
2026-01-16T22:39:48.402550,interface,0.7165354330708661,0.0,0.0,1.0,0.968503937007874,0.9133858267716536,0.0,0.0
2026-01-16T22:39:48.509004,interface,0.6220472440944882,0.0,0.0,1.0,0.968503937007874,0.9133858267716536,0.0,0.0
2026-01-16T22:39:48.599449,interface,0.6614173228346457,0.0,0.0,1.0,0.968503937007874,0.9133858267716536,0.0,0.0
2026-01-16T22:39:48.724397,interface,0.5669291338582677,0.0,0.0,1.0,0.968503937007874,0.9133858267716536,0.0,0.0
2026-01-16T22:39:48.846841,interface,0.8503937007874016,0.0,0.0,1.0,0.968503937007874,0.9133858267716536,0.0,0.0
2026-01-16T22:39:48.937340,interface,0.8503937007874016,0.0,0.0,1.0,0.968503937007874,0.9133858267716536,0.0,0.0
2026-01-16T22:39:49.063273,interface,0.6220472440944882,0.0,0.0,1.0,0.968503937007874,0.9133858267716536,0.0,0.0
2026-01-16T22:39:49.201930,interface,0.905511811023622,0.0,0.0,1.0,0.968503937007874,0.9133858267716536,0.0,0.0
2026-01-16T22:39:49.301531,interface,0.905511811023622,0.0,0.0,1.0,0.968503937007874,0.9133858267716536,0.0,0.0
2026-01-16T22:39:49.394027,interface,0.6220472440944882,0.0,0.0,1.0,0.968503937007874,0.9133858267716536,0.0,0.0
2026-01-16T22:39:49.536194,interface,0.7165354330708661,0.0,0.0,1.0,0.968503937007874,0.9133858267716536,0.0,0.0
2026-01-16T22:39:49.550989,interface,0.5826771653543307,0.0,0.0,1.0,0.968503937007874,0.9133858267716536,0.0,0.0
2026-01-16T22:39:49.631947,interface,0.7165354330708661,0.0,0.0,1.0,0.968503937007874,0.9133858267716536,0.0,0.0
2026-01-16T22:39:49.786666,interface,0.8110236220472441,0.0,0.0,1.0,0.968503937007874,0.9133858267716536,0.0,0.0
2026-01-16T22:39:49.885699,interface,0.6614173228346457,0.0,0.0,1.0,0.968503937007874,0.9133858267716536,0.0,0.0
2026-01-16T22:39:50.000056,interface,0.6614173228346457,0.0,0.0,1.0,0.968503937007874,0.9133858267716536,0.0,0.0
2026-01-16T22:39:50.122098,interface,0.6220472440944882,0.0,0.0,1.0,0.968503937007874,0.9133858267716536,0.0,0.0
2026-01-16T22:39:50.223480,interface,0.905511811023622,0.0,0.0,1.0,0.968503937007874,0.9133858267716536,0.0,0.0
2026-01-16T22:39:50.351349,interface,0.905511811023622,0.0,0.0,1.0,0.968503937007874,0.9133858267716536,0.0,0.0
2026-01-16T22:39:50.450252,interface,0.7559055118110236,0.0,0.0,1.0,0.968503937007874,0.9133858267716536,0.0,0.0
2026-01-16T22:39:50.473285,interface,0.7559055118110236,0.0,0.0,1.0,0.968503937007874,0.9133858267716536,0.0,0.0
2026-01-16T22:39:50.562058,interface,0.8503937007874016,0.0,0.0,1.0,0.968503937007874,0.9133858267716536,0.0,0.0
2026-01-16T22:39:50.695152,interface,0.8503937007874016,0.0,0.0,1.0,0.968503937007874,0.9133858267716536,0.0,0.0
2026-01-16T22:39:50.793641,interface,0.6220472440944882,0.0,0.0,1.0,0.968503937007874,0.9133858267716536,0.0,0.0
2026-01-16T22:39:50.924402,interface,0.7165354330708661,0.0,0.0,1.0,0.968503937007874,0.9133858267716536,0.0,0.0
2026-01-16T22:39:51.044265,interface,0.8110236220472441,0.0,0.0,1.0,0.968503937007874,0.9133858267716536,0.0,0.0
2026-01-16T22:39:51.076579,interface,0.8110236220472441,0.0,0.0,1.0,0.968503937007874,0.9133858267716536,0.0,0.0
2026-01-16T22:39:51.152319,interface,0.5275590551181102,0.0,0.0,1.0,0.968503937007874,0.9133858267716536,0.0,0.0
2026-01-16T22:39:51.250645,interface,0.6220472440944882,0.0,0.0,1.0,0.968503937007874,0.9133858267716536,0.0,0.0
2026-01-16T22:39:51.379288,interface,0.47244094488188976,0.0,0.0,1.0,0.968503937007874,0.9133858267716536,0.0,0.0
2026-01-16T22:39:51.489861,interface,0.4330708661417323,0.0,0.0,1.0,0.968503937007874,0.9133858267716536,0.0,0.0
2026-01-16T22:39:51.857811,interface,0.3779527559055118,0.0,0.0,1.0,0.968503937007874,0.9133858267716536,0.0,0.0
2026-01-16T22:39:51.968945,interface,0.28346456692913385,0.0,0.0,1.0,0.968503937007874,0.9133858267716536,0.0,0.0
2026-01-16T22:39:52.070360,interface,0.28346456692913385,0.0,0.0,1.0,0.968503937007874,0.9133858267716536,0.0,0.0
2026-01-16T22:39:52.201777,interface,0.3779527559055118,0.0,0.0,1.0,0.968503937007874,0.9133858267716536,0.0,0.0
2026-01-16T22:39:52.330648,interface,0.2440944881889764,0.0,0.0,1.0,0.968503937007874,0.9133858267716536,0.0,0.0
2026-01-16T22:39:55.709101,interface,0.09448818897637795,0.0,0.0,1.0,0.968503937007874,0.9133858267716536,0.0,0.0
2026-01-16T22:39:56.916541,interface,0.09448818897637795,0.0,0.0,1.0,0.968503937007874,0.0,0.0,0.0
2026-01-16T22:39:56.932266,interface,0.09448818897637795,0.0,0.0,1.0,0.968503937007874,0.007874015748031496,0.0,0.0
2026-01-16T22:39:56.948251,interface,0.09448818897637795,0.0,0.0,1.0,0.968503937007874,0.015748031496062992,0.0,0.0
2026-01-16T22:39:56.956247,interface,0.09448818897637795,0.0,0.0,1.0,0.968503937007874,0.023622047244094488,0.0,0.0
2026-01-16T22:39:56.965711,interface,0.09448818897637795,0.0,0.0,1.0,0.968503937007874,0.031496062992125984,0.0,0.0
2026-01-16T22:39:56.975331,interface,0.09448818897637795,0.0,0.0,1.0,0.968503937007874,0.047244094488188976,0.0,0.0
2026-01-16T22:39:56.986081,interface,0.09448818897637795,0.0,0.0,1.0,0.968503937007874,0.05511811023622047,0.0,0.0
2026-01-16T22:39:56.986878,interface,0.09448818897637795,0.0,0.0,1.0,0.968503937007874,0.06299212598425197,0.0,0.0
2026-01-16T22:39:56.996294,interface,0.09448818897637795,0.0,0.0,1.0,0.968503937007874,0.07874015748031496,0.0,0.0
2026-01-16T22:39:57.006056,interface,0.09448818897637795,0.0,0.0,1.0,0.968503937007874,0.09448818897637795,0.0,0.0
2026-01-16T22:39:57.015800,interface,0.09448818897637795,0.0,0.0,1.0,0.968503937007874,0.11023622047244094,0.0,0.0
2026-01-16T22:39:57.025582,interface,0.09448818897637795,0.0,0.0,1.0,0.968503937007874,0.12598425196850394,0.0,0.0
2026-01-16T22:39:57.026367,interface,0.09448818897637795,0.0,0.0,1.0,0.968503937007874,0.14173228346456693,0.0,0.0
2026-01-16T22:39:57.036298,interface,0.09448818897637795,0.0,0.0,1.0,0.968503937007874,0.14960629921259844,0.0,0.0
2026-01-16T22:39:57.048084,interface,0.09448818897637795,0.0,0.0,1.0,0.968503937007874,0.16535433070866143,0.0,0.0
2026-01-16T22:39:57.055937,interface,0.09448818897637795,0.0,0.0,1.0,0.968503937007874,0.18110236220472442,0.0,0.0
2026-01-16T22:39:57.065237,interface,0.09448818897637795,0.0,0.0,1.0,0.968503937007874,0.1889763779527559,0.0,0.0
2026-01-16T22:39:57.066053,interface,0.09448818897637795,0.0,0.0,1.0,0.968503937007874,0.2047244094488189,0.0,0.0
2026-01-16T22:39:57.076319,interface,0.09448818897637795,0.0,0.0,1.0,0.968503937007874,0.2125984251968504,0.0,0.0
2026-01-16T22:39:57.085995,interface,0.09448818897637795,0.0,0.0,1.0,0.968503937007874,0.2283464566929134,0.0,0.0
2026-01-16T22:39:57.095126,interface,0.09448818897637795,0.0,0.0,1.0,0.968503937007874,0.2440944881889764,0.0,0.0
2026-01-16T22:39:57.105895,interface,0.09448818897637795,0.0,0.0,1.0,0.968503937007874,0.25196850393700787,0.0,0.0
2026-01-16T22:39:57.106692,interface,0.09448818897637795,0.0,0.0,1.0,0.968503937007874,0.25984251968503935,0.0,0.0
2026-01-16T22:39:57.116314,interface,0.09448818897637795,0.0,0.0,1.0,0.968503937007874,0.2755905511811024,0.0,0.0
2026-01-16T22:39:57.126612,interface,0.09448818897637795,0.0,0.0,1.0,0.968503937007874,0.28346456692913385,0.0,0.0
2026-01-16T22:39:57.135189,interface,0.09448818897637795,0.0,0.0,1.0,0.968503937007874,0.2992125984251969,0.0,0.0
2026-01-16T22:39:57.145269,interface,0.09448818897637795,0.0,0.0,1.0,0.968503937007874,0.30708661417322836,0.0,0.0
2026-01-16T22:39:57.146050,interface,0.09448818897637795,0.0,0.0,1.0,0.968503937007874,0.3228346456692913,0.0,0.0
2026-01-16T22:39:57.156772,interface,0.09448818897637795,0.0,0.0,1.0,0.968503937007874,0.33070866141732286,0.0,0.0
2026-01-16T22:39:57.165822,interface,0.09448818897637795,0.0,0.0,1.0,0.968503937007874,0.33858267716535434,0.0,0.0
2026-01-16T22:39:57.175363,interface,0.09448818897637795,0.0,0.0,1.0,0.968503937007874,0.3464566929133858,0.0,0.0
2026-01-16T22:39:57.185039,interface,0.09448818897637795,0.0,0.0,1.0,0.968503937007874,0.36220472440944884,0.0,0.0
2026-01-16T22:39:57.185854,interface,0.09448818897637795,0.0,0.0,1.0,0.968503937007874,0.3700787401574803,0.0,0.0
2026-01-16T22:39:57.196388,interface,0.09448818897637795,0.0,0.0,1.0,0.968503937007874,0.3779527559055118,0.0,0.0
2026-01-16T22:39:57.205595,interface,0.09448818897637795,0.0,0.0,1.0,0.968503937007874,0.3858267716535433,0.0,0.0
2026-01-16T22:39:57.215340,interface,0.09448818897637795,0.0,0.0,1.0,0.968503937007874,0.3937007874015748,0.0,0.0
2026-01-16T22:39:57.226623,interface,0.09448818897637795,0.0,0.0,1.0,0.968503937007874,0.4015748031496063,0.0,0.0
2026-01-16T22:39:57.227472,interface,0.09448818897637795,0.0,0.0,1.0,0.968503937007874,0.4094488188976378,0.0,0.0
2026-01-16T22:39:57.236382,interface,0.09448818897637795,0.0,0.0,1.0,0.968503937007874,0.4094488188976378,0.0,0.0
2026-01-16T22:39:57.245273,interface,0.09448818897637795,0.0,0.0,1.0,0.968503937007874,0.41732283464566927,0.0,0.0
2026-01-16T22:39:57.254906,interface,0.09448818897637795,0.0,0.0,1.0,0.968503937007874,0.41732283464566927,0.0,0.0
2026-01-16T22:39:57.265828,interface,0.09448818897637795,0.0,0.0,1.0,0.968503937007874,0.4251968503937008,0.0,0.0
2026-01-16T22:39:57.266613,interface,0.09448818897637795,0.0,0.0,1.0,0.968503937007874,0.4251968503937008,0.0,0.0
2026-01-16T22:39:57.284407,interface,0.09448818897637795,0.0,0.0,1.0,0.968503937007874,0.4330708661417323,0.0,0.0
2026-01-16T22:39:57.296256,interface,0.09448818897637795,0.0,0.0,1.0,0.968503937007874,0.4409448818897638,0.0,0.0
2026-01-16T22:39:57.305852,interface,0.09448818897637795,0.0,0.0,1.0,0.968503937007874,0.4409448818897638,0.0,0.0
2026-01-16T22:39:57.306583,interface,0.09448818897637795,0.0,0.0,1.0,0.968503937007874,0.44881889763779526,0.0,0.0
2026-01-16T22:39:57.316388,interface,0.09448818897637795,0.0,0.0,1.0,0.968503937007874,0.44881889763779526,0.0,0.0
2026-01-16T22:39:57.325256,interface,0.09448818897637795,0.0,0.0,1.0,0.968503937007874,0.4566929133858268,0.0,0.0
2026-01-16T22:39:57.337471,interface,0.09448818897637795,0.0,0.0,1.0,0.968503937007874,0.4645669291338583,0.0,0.0
2026-01-16T22:39:57.344899,interface,0.09448818897637795,0.0,0.0,1.0,0.968503937007874,0.4645669291338583,0.0,0.0
2026-01-16T22:39:57.345681,interface,0.09448818897637795,0.0,0.0,1.0,0.968503937007874,0.47244094488188976,0.0,0.0
2026-01-16T22:39:57.356397,interface,0.09448818897637795,0.0,0.0,1.0,0.968503937007874,0.48031496062992124,0.0,0.0
2026-01-16T22:39:57.365254,interface,0.09448818897637795,0.0,0.0,1.0,0.968503937007874,0.48031496062992124,0.0,0.0
2026-01-16T22:39:57.375060,interface,0.09448818897637795,0.0,0.0,1.0,0.968503937007874,0.4881889763779528,0.0,0.0
2026-01-16T22:39:57.385317,interface,0.09448818897637795,0.0,0.0,1.0,0.968503937007874,0.49606299212598426,0.0,0.0
2026-01-16T22:39:57.386126,interface,0.09448818897637795,0.0,0.0,1.0,0.968503937007874,0.49606299212598426,0.0,0.0
2026-01-16T22:39:57.400584,interface,0.09448818897637795,0.0,0.0,1.0,0.968503937007874,0.5039370078740157,0.0,0.0
2026-01-16T22:39:57.412350,interface,0.09448818897637795,0.0,0.0,1.0,0.968503937007874,0.5039370078740157,0.0,0.0
2026-01-16T22:39:57.428368,interface,0.09448818897637795,0.0,0.0,1.0,0.968503937007874,0.5118110236220472,0.0,0.0
2026-01-16T22:39:57.444347,interface,0.09448818897637795,0.0,0.0,1.0,0.968503937007874,0.5196850393700787,0.0,0.0
2026-01-16T22:39:57.462464,interface,0.09448818897637795,0.0,0.0,1.0,0.968503937007874,0.5275590551181102,0.0,0.0
2026-01-16T22:39:57.476321,interface,0.09448818897637795,0.0,0.0,1.0,0.968503937007874,0.5275590551181102,0.0,0.0
2026-01-16T22:39:57.485361,interface,0.09448818897637795,0.0,0.0,1.0,0.968503937007874,0.5354330708661418,0.0,0.0
2026-01-16T22:39:57.494893,interface,0.09448818897637795,0.0,0.0,1.0,0.968503937007874,0.5354330708661418,0.0,0.0
2026-01-16T22:39:57.505807,interface,0.09448818897637795,0.0,0.0,1.0,0.968503937007874,0.5433070866141733,0.0,0.0
2026-01-16T22:39:57.506575,interface,0.09448818897637795,0.0,0.0,1.0,0.968503937007874,0.5511811023622047,0.0,0.0
2026-01-16T22:39:57.516331,interface,0.09448818897637795,0.0,0.0,1.0,0.968503937007874,0.5590551181102362,0.0,0.0
2026-01-16T22:39:57.525841,interface,0.09448818897637795,0.0,0.0,1.0,0.968503937007874,0.5590551181102362,0.0,0.0
2026-01-16T22:39:57.535074,interface,0.09448818897637795,0.0,0.0,1.0,0.968503937007874,0.5669291338582677,0.0,0.0
2026-01-16T22:39:57.545007,interface,0.09448818897637795,0.0,0.0,1.0,0.968503937007874,0.5826771653543307,0.0,0.0
2026-01-16T22:39:57.545832,interface,0.09448818897637795,0.0,0.0,1.0,0.968503937007874,0.5905511811023622,0.0,0.0
2026-01-16T22:39:57.556406,interface,0.09448818897637795,0.0,0.0,1.0,0.968503937007874,0.5984251968503937,0.0,0.0
2026-01-16T22:39:57.565364,interface,0.09448818897637795,0.0,0.0,1.0,0.968503937007874,0.6062992125984252,0.0,0.0
2026-01-16T22:39:57.575572,interface,0.09448818897637795,0.0,0.0,1.0,0.968503937007874,0.6141732283464567,0.0,0.0
2026-01-16T22:39:57.587550,interface,0.09448818897637795,0.0,0.0,1.0,0.968503937007874,0.6299212598425197,0.0,0.0
2026-01-16T22:39:57.588337,interface,0.09448818897637795,0.0,0.0,1.0,0.968503937007874,0.6377952755905512,0.0,0.0
2026-01-16T22:39:57.596401,interface,0.09448818897637795,0.0,0.0,1.0,0.968503937007874,0.6456692913385826,0.0,0.0
2026-01-16T22:39:57.605833,interface,0.09448818897637795,0.0,0.0,1.0,0.968503937007874,0.6535433070866141,0.0,0.0
2026-01-16T22:39:57.615593,interface,0.09448818897637795,0.0,0.0,1.0,0.968503937007874,0.6614173228346457,0.0,0.0
2026-01-16T22:39:57.624911,interface,0.09448818897637795,0.0,0.0,1.0,0.968503937007874,0.6692913385826772,0.0,0.0
2026-01-16T22:39:57.625694,interface,0.09448818897637795,0.0,0.0,1.0,0.968503937007874,0.6692913385826772,0.0,0.0
2026-01-16T22:39:57.637062,interface,0.09448818897637795,0.0,0.0,1.0,0.968503937007874,0.6771653543307087,0.0,0.0
2026-01-16T22:39:57.645363,interface,0.09448818897637795,0.0,0.0,1.0,0.968503937007874,0.6850393700787402,0.0,0.0
2026-01-16T22:39:57.655260,interface,0.09448818897637795,0.0,0.0,1.0,0.968503937007874,0.6929133858267716,0.0,0.0
2026-01-16T22:39:57.665523,interface,0.09448818897637795,0.0,0.0,1.0,0.968503937007874,0.6929133858267716,0.0,0.0
2026-01-16T22:39:57.666341,interface,0.09448818897637795,0.0,0.0,1.0,0.968503937007874,0.7007874015748031,0.0,0.0
2026-01-16T22:39:57.676402,interface,0.09448818897637795,0.0,0.0,1.0,0.968503937007874,0.7086614173228346,0.0,0.0
2026-01-16T22:39:57.685896,interface,0.09448818897637795,0.0,0.0,1.0,0.968503937007874,0.7086614173228346,0.0,0.0
2026-01-16T22:39:57.695608,interface,0.09448818897637795,0.0,0.0,1.0,0.968503937007874,0.7165354330708661,0.0,0.0
2026-01-16T22:39:57.705789,interface,0.09448818897637795,0.0,0.0,1.0,0.968503937007874,0.7165354330708661,0.0,0.0
2026-01-16T22:39:57.706533,interface,0.09448818897637795,0.0,0.0,1.0,0.968503937007874,0.7244094488188977,0.0,0.0
2026-01-16T22:39:57.716416,interface,0.09448818897637795,0.0,0.0,1.0,0.968503937007874,0.7244094488188977,0.0,0.0
2026-01-16T22:39:57.725251,interface,0.09448818897637795,0.0,0.0,1.0,0.968503937007874,0.7322834645669292,0.0,0.0
2026-01-16T22:39:57.734829,interface,0.09448818897637795,0.0,0.0,1.0,0.968503937007874,0.7322834645669292,0.0,0.0
2026-01-16T22:39:57.745852,interface,0.09448818897637795,0.0,0.0,1.0,0.968503937007874,0.7401574803149606,0.0,0.0
2026-01-16T22:39:57.746640,interface,0.09448818897637795,0.0,0.0,1.0,0.968503937007874,0.7401574803149606,0.0,0.0
2026-01-16T22:39:57.756421,interface,0.09448818897637795,0.0,0.0,1.0,0.968503937007874,0.7480314960629921,0.0,0.0
2026-01-16T22:39:57.765876,interface,0.09448818897637795,0.0,0.0,1.0,0.968503937007874,0.7480314960629921,0.0,0.0
2026-01-16T22:39:57.776032,interface,0.09448818897637795,0.0,0.0,1.0,0.968503937007874,0.7559055118110236,0.0,0.0
2026-01-16T22:39:57.785775,interface,0.09448818897637795,0.0,0.0,1.0,0.968503937007874,0.7559055118110236,0.0,0.0
2026-01-16T22:39:57.786600,interface,0.09448818897637795,0.0,0.0,1.0,0.968503937007874,0.7637795275590551,0.0,0.0
2026-01-16T22:39:57.796426,interface,0.09448818897637795,0.0,0.0,1.0,0.968503937007874,0.7716535433070866,0.0,0.0
2026-01-16T22:39:57.805561,interface,0.09448818897637795,0.0,0.0,1.0,0.968503937007874,0.7716535433070866,0.0,0.0
2026-01-16T22:39:57.815815,interface,0.09448818897637795,0.0,0.0,1.0,0.968503937007874,0.7795275590551181,0.0,0.0
2026-01-16T22:39:57.825579,interface,0.09448818897637795,0.0,0.0,1.0,0.968503937007874,0.7795275590551181,0.0,0.0
2026-01-16T22:39:57.837535,interface,0.09448818897637795,0.0,0.0,1.0,0.968503937007874,0.7874015748031497,0.0,0.0
2026-01-16T22:39:57.852571,interface,0.09448818897637795,0.0,0.0,1.0,0.968503937007874,0.7874015748031497,0.0,0.0
2026-01-16T22:39:57.940814,interface,0.09448818897637795,0.0,0.0,1.0,0.968503937007874,0.7874015748031497,0.0,0.0
2026-01-16T22:39:57.964567,interface,0.09448818897637795,0.0,0.0,1.0,0.968503937007874,0.7795275590551181,0.0,0.0
2026-01-16T22:39:57.980616,interface,0.09448818897637795,0.0,0.0,1.0,0.968503937007874,0.7716535433070866,0.0,0.0
2026-01-16T22:39:57.996567,interface,0.09448818897637795,0.0,0.0,1.0,0.968503937007874,0.7716535433070866,0.0,0.0
2026-01-16T22:39:58.012520,interface,0.09448818897637795,0.0,0.0,1.0,0.968503937007874,0.7637795275590551,0.0,0.0
2026-01-16T22:39:58.025951,interface,0.09448818897637795,0.0,0.0,1.0,0.968503937007874,0.7559055118110236,0.0,0.0
2026-01-16T22:39:58.026738,interface,0.09448818897637795,0.0,0.0,1.0,0.968503937007874,0.7559055118110236,0.0,0.0
2026-01-16T22:39:58.036640,interface,0.09448818897637795,0.0,0.0,1.0,0.968503937007874,0.7480314960629921,0.0,0.0
2026-01-16T22:39:58.045248,interface,0.09448818897637795,0.0,0.0,1.0,0.968503937007874,0.7401574803149606,0.0,0.0
2026-01-16T22:39:58.057759,interface,0.09448818897637795,0.0,0.0,1.0,0.968503937007874,0.7322834645669292,0.0,0.0
2026-01-16T22:39:58.065050,interface,0.09448818897637795,0.0,0.0,1.0,0.968503937007874,0.7244094488188977,0.0,0.0
2026-01-16T22:39:58.065868,interface,0.09448818897637795,0.0,0.0,1.0,0.968503937007874,0.7165354330708661,0.0,0.0
2026-01-16T22:39:58.076639,interface,0.09448818897637795,0.0,0.0,1.0,0.968503937007874,0.7086614173228346,0.0,0.0
2026-01-16T22:39:58.085864,interface,0.09448818897637795,0.0,0.0,1.0,0.968503937007874,0.7007874015748031,0.0,0.0
2026-01-16T22:39:58.095970,interface,0.09448818897637795,0.0,0.0,1.0,0.968503937007874,0.6929133858267716,0.0,0.0
2026-01-16T22:39:58.104850,interface,0.09448818897637795,0.0,0.0,1.0,0.968503937007874,0.6850393700787402,0.0,0.0
2026-01-16T22:39:58.105676,interface,0.09448818897637795,0.0,0.0,1.0,0.968503937007874,0.6692913385826772,0.0,0.0
2026-01-16T22:39:58.116643,interface,0.09448818897637795,0.0,0.0,1.0,0.968503937007874,0.6614173228346457,0.0,0.0
2026-01-16T22:39:58.126660,interface,0.09448818897637795,0.0,0.0,1.0,0.968503937007874,0.6535433070866141,0.0,0.0
2026-01-16T22:39:58.135289,interface,0.09448818897637795,0.0,0.0,1.0,0.968503937007874,0.6456692913385826,0.0,0.0
2026-01-16T22:39:58.150473,interface,0.09448818897637795,0.0,0.0,1.0,0.968503937007874,0.6299212598425197,0.0,0.0
2026-01-16T22:39:58.151226,interface,0.09448818897637795,0.0,0.0,1.0,0.968503937007874,0.6220472440944882,0.0,0.0
2026-01-16T22:39:58.151947,interface,0.09448818897637795,0.0,0.0,1.0,0.968503937007874,0.6141732283464567,0.0,0.0
2026-01-16T22:39:58.165370,interface,0.09448818897637795,0.0,0.0,1.0,0.968503937007874,0.5984251968503937,0.0,0.0
2026-01-16T22:39:58.175263,interface,0.09448818897637795,0.0,0.0,1.0,0.968503937007874,0.5905511811023622,0.0,0.0
2026-01-16T22:39:58.185257,interface,0.09448818897637795,0.0,0.0,1.0,0.968503937007874,0.5748031496062992,0.0,0.0
2026-01-16T22:39:58.185992,interface,0.09448818897637795,0.0,0.0,1.0,0.968503937007874,0.5590551181102362,0.0,0.0
2026-01-16T22:39:58.196697,interface,0.09448818897637795,0.0,0.0,1.0,0.968503937007874,0.5433070866141733,0.0,0.0
2026-01-16T22:39:58.205809,interface,0.09448818897637795,0.0,0.0,1.0,0.968503937007874,0.5275590551181102,0.0,0.0
2026-01-16T22:39:58.215126,interface,0.09448818897637795,0.0,0.0,1.0,0.968503937007874,0.5196850393700787,0.0,0.0
2026-01-16T22:39:58.225507,interface,0.09448818897637795,0.0,0.0,1.0,0.968503937007874,0.5039370078740157,0.0,0.0
2026-01-16T22:39:58.226327,interface,0.09448818897637795,0.0,0.0,1.0,0.968503937007874,0.49606299212598426,0.0,0.0
2026-01-16T22:39:58.236671,interface,0.09448818897637795,0.0,0.0,1.0,0.968503937007874,0.48031496062992124,0.0,0.0
2026-01-16T22:39:58.245233,interface,0.09448818897637795,0.0,0.0,1.0,0.968503937007874,0.47244094488188976,0.0,0.0
2026-01-16T22:39:58.255234,interface,0.09448818897637795,0.0,0.0,1.0,0.968503937007874,0.4566929133858268,0.0,0.0
2026-01-16T22:39:58.266223,interface,0.09448818897637795,0.0,0.0,1.0,0.968503937007874,0.4409448818897638,0.0,0.0
2026-01-16T22:39:58.267048,interface,0.09448818897637795,0.0,0.0,1.0,0.968503937007874,0.4251968503937008,0.0,0.0
2026-01-16T22:39:58.276684,interface,0.09448818897637795,0.0,0.0,1.0,0.968503937007874,0.4015748031496063,0.0,0.0
2026-01-16T22:39:58.285050,interface,0.09448818897637795,0.0,0.0,1.0,0.968503937007874,0.3858267716535433,0.0,0.0
2026-01-16T22:39:58.296391,interface,0.09448818897637795,0.0,0.0,1.0,0.968503937007874,0.3700787401574803,0.0,0.0
2026-01-16T22:39:58.304831,interface,0.09448818897637795,0.0,0.0,1.0,0.968503937007874,0.3543307086614173,0.0,0.0
2026-01-16T22:39:58.305641,interface,0.09448818897637795,0.0,0.0,1.0,0.968503937007874,0.33070866141732286,0.0,0.0
2026-01-16T22:39:58.316717,interface,0.09448818897637795,0.0,0.0,1.0,0.968503937007874,0.31496062992125984,0.0,0.0
2026-01-16T22:39:58.325237,interface,0.09448818897637795,0.0,0.0,1.0,0.968503937007874,0.29133858267716534,0.0,0.0
2026-01-16T22:39:58.337529,interface,0.09448818897637795,0.0,0.0,1.0,0.968503937007874,0.2755905511811024,0.0,0.0
2026-01-16T22:39:58.345223,interface,0.09448818897637795,0.0,0.0,1.0,0.968503937007874,0.25196850393700787,0.0,0.0
2026-01-16T22:39:58.346030,interface,0.09448818897637795,0.0,0.0,1.0,0.968503937007874,0.23622047244094488,0.0,0.0
2026-01-16T22:39:58.356677,interface,0.09448818897637795,0.0,0.0,1.0,0.968503937007874,0.2125984251968504,0.0,0.0
2026-01-16T22:39:58.365794,interface,0.09448818897637795,0.0,0.0,1.0,0.968503937007874,0.1889763779527559,0.0,0.0
2026-01-16T22:39:58.375645,interface,0.09448818897637795,0.0,0.0,1.0,0.968503937007874,0.16535433070866143,0.0,0.0
2026-01-16T22:39:58.385063,interface,0.09448818897637795,0.0,0.0,1.0,0.968503937007874,0.14960629921259844,0.0,0.0
2026-01-16T22:39:58.385797,interface,0.09448818897637795,0.0,0.0,1.0,0.968503937007874,0.12598425196850394,0.0,0.0
2026-01-16T22:39:58.400551,interface,0.09448818897637795,0.0,0.0,1.0,0.968503937007874,0.09448818897637795,0.0,0.0
2026-01-16T22:39:58.401374,interface,0.09448818897637795,0.0,0.0,1.0,0.968503937007874,0.07874015748031496,0.0,0.0
2026-01-16T22:39:58.415206,interface,0.09448818897637795,0.0,0.0,1.0,0.968503937007874,0.05511811023622047,0.0,0.0
2026-01-16T22:39:58.426722,interface,0.09448818897637795,0.0,0.0,1.0,0.968503937007874,0.03937007874015748,0.0,0.0
2026-01-16T22:39:58.427505,interface,0.09448818897637795,0.0,0.0,1.0,0.968503937007874,0.023622047244094488,0.0,0.0
2026-01-16T22:39:58.436613,interface,0.09448818897637795,0.0,0.0,1.0,0.968503937007874,0.007874015748031496,0.0,0.0
2026-01-16T22:39:58.445257,interface,0.09448818897637795,0.0,0.0,1.0,0.968503937007874,0.007874015748031496,0.0,0.0
2026-01-16T22:39:58.455075,interface,0.09448818897637795,0.0,0.0,1.0,0.968503937007874,0.0,0.0,0.0
2026-01-16T22:39:58.468643,interface,0.09448818897637795,0.0,0.0,1.0,0.968503937007874,0.0,0.0,0.0
2026-01-16T22:39:58.764666,interface,0.09448818897637795,0.0,0.0,1.0,0.968503937007874,0.0,0.0,0.0
2026-01-16T22:39:58.775977,interface,0.09448818897637795,0.0,0.0,1.0,0.968503937007874,0.007874015748031496,0.0,0.0
2026-01-16T22:39:58.785279,interface,0.09448818897637795,0.0,0.0,1.0,0.968503937007874,0.023622047244094488,0.0,0.0
2026-01-16T22:39:58.786007,interface,0.09448818897637795,0.0,0.0,1.0,0.968503937007874,0.03937007874015748,0.0,0.0
2026-01-16T22:39:58.796753,interface,0.09448818897637795,0.0,0.0,1.0,0.968503937007874,0.06299212598425197,0.0,0.0
2026-01-16T22:39:58.806019,interface,0.09448818897637795,0.0,0.0,1.0,0.968503937007874,0.08661417322834646,0.0,0.0
2026-01-16T22:39:58.816677,interface,0.09448818897637795,0.0,0.0,1.0,0.968503937007874,0.11811023622047244,0.0,0.0
2026-01-16T22:39:58.825731,interface,0.09448818897637795,0.0,0.0,1.0,0.968503937007874,0.14960629921259844,0.0,0.0
2026-01-16T22:39:58.826551,interface,0.09448818897637795,0.0,0.0,1.0,0.968503937007874,0.1732283464566929,0.0,0.0
2026-01-16T22:39:58.837044,interface,0.09448818897637795,0.0,0.0,1.0,0.968503937007874,0.1968503937007874,0.0,0.0
2026-01-16T22:39:58.846634,interface,0.09448818897637795,0.0,0.0,1.0,0.968503937007874,0.2204724409448819,0.0,0.0
2026-01-16T22:39:58.854887,interface,0.09448818897637795,0.0,0.0,1.0,0.968503937007874,0.2440944881889764,0.0,0.0
2026-01-16T22:39:58.865735,interface,0.09448818897637795,0.0,0.0,1.0,0.968503937007874,0.2677165354330709,0.0,0.0
2026-01-16T22:39:58.866463,interface,0.09448818897637795,0.0,0.0,1.0,0.968503937007874,0.28346456692913385,0.0,0.0
2026-01-16T22:39:58.876737,interface,0.09448818897637795,0.0,0.0,1.0,0.968503937007874,0.30708661417322836,0.0,0.0
2026-01-16T22:39:58.885077,interface,0.09448818897637795,0.0,0.0,1.0,0.968503937007874,0.3228346456692913,0.0,0.0
2026-01-16T22:39:58.900534,interface,0.09448818897637795,0.0,0.0,1.0,0.968503937007874,0.33858267716535434,0.0,0.0
2026-01-16T22:39:58.901258,interface,0.09448818897637795,0.0,0.0,1.0,0.968503937007874,0.3543307086614173,0.0,0.0
2026-01-16T22:39:58.901925,interface,0.09448818897637795,0.0,0.0,1.0,0.968503937007874,0.3700787401574803,0.0,0.0
2026-01-16T22:39:58.915316,interface,0.09448818897637795,0.0,0.0,1.0,0.968503937007874,0.3779527559055118,0.0,0.0
2026-01-16T22:39:58.925245,interface,0.09448818897637795,0.0,0.0,1.0,0.968503937007874,0.3858267716535433,0.0,0.0
2026-01-16T22:39:58.935181,interface,0.09448818897637795,0.0,0.0,1.0,0.968503937007874,0.3937007874015748,0.0,0.0
2026-01-16T22:39:58.935924,interface,0.09448818897637795,0.0,0.0,1.0,0.968503937007874,0.4015748031496063,0.0,0.0
2026-01-16T22:39:58.946995,interface,0.09448818897637795,0.0,0.0,1.0,0.968503937007874,0.4094488188976378,0.0,0.0
2026-01-16T22:39:58.955343,interface,0.09448818897637795,0.0,0.0,1.0,0.968503937007874,0.4094488188976378,0.0,0.0
2026-01-16T22:39:58.978757,interface,0.09448818897637795,0.0,0.0,1.0,0.968503937007874,0.41732283464566927,0.0,0.0
2026-01-16T22:39:59.442917,interface,0.09448818897637795,0.0,0.0,1.0,0.968503937007874,0.41732283464566927,0.0,0.0
2026-01-16T22:39:59.455703,interface,0.09448818897637795,0.0,0.0,1.0,0.968503937007874,0.4251968503937008,0.0,0.0
2026-01-16T22:39:59.456489,interface,0.09448818897637795,0.0,0.0,1.0,0.968503937007874,0.4251968503937008,0.0,0.0
2026-01-16T22:39:59.466880,interface,0.09448818897637795,0.0,0.0,1.0,0.968503937007874,0.4330708661417323,0.0,0.0
2026-01-16T22:39:59.476552,interface,0.09448818897637795,0.0,0.0,1.0,0.968503937007874,0.4409448818897638,0.0,0.0
2026-01-16T22:39:59.485715,interface,0.09448818897637795,0.0,0.0,1.0,0.968503937007874,0.44881889763779526,0.0,0.0
2026-01-16T22:39:59.495703,interface,0.09448818897637795,0.0,0.0,1.0,0.968503937007874,0.4566929133858268,0.0,0.0
2026-01-16T22:39:59.496474,interface,0.09448818897637795,0.0,0.0,1.0,0.968503937007874,0.4645669291338583,0.0,0.0
2026-01-16T22:39:59.506879,interface,0.09448818897637795,0.0,0.0,1.0,0.968503937007874,0.47244094488188976,0.0,0.0
2026-01-16T22:39:59.516934,interface,0.09448818897637795,0.0,0.0,1.0,0.968503937007874,0.48031496062992124,0.0,0.0
2026-01-16T22:39:59.525692,interface,0.09448818897637795,0.0,0.0,1.0,0.968503937007874,0.4881889763779528,0.0,0.0
2026-01-16T22:39:59.535041,interface,0.09448818897637795,0.0,0.0,1.0,0.968503937007874,0.49606299212598426,0.0,0.0
2026-01-16T22:39:59.535816,interface,0.09448818897637795,0.0,0.0,1.0,0.968503937007874,0.5039370078740157,0.0,0.0
2026-01-16T22:39:59.546874,interface,0.09448818897637795,0.0,0.0,1.0,0.968503937007874,0.5196850393700787,0.0,0.0
2026-01-16T22:39:59.555955,interface,0.09448818897637795,0.0,0.0,1.0,0.968503937007874,0.5275590551181102,0.0,0.0
2026-01-16T22:39:59.565575,interface,0.09448818897637795,0.0,0.0,1.0,0.968503937007874,0.5354330708661418,0.0,0.0
2026-01-16T22:39:59.575553,interface,0.09448818897637795,0.0,0.0,1.0,0.968503937007874,0.5511811023622047,0.0,0.0
2026-01-16T22:39:59.576333,interface,0.09448818897637795,0.0,0.0,1.0,0.968503937007874,0.5590551181102362,0.0,0.0
2026-01-16T22:39:59.586896,interface,0.09448818897637795,0.0,0.0,1.0,0.968503937007874,0.5669291338582677,0.0,0.0
2026-01-16T22:39:59.595253,interface,0.09448818897637795,0.0,0.0,1.0,0.968503937007874,0.5826771653543307,0.0,0.0
2026-01-16T22:39:59.605035,interface,0.09448818897637795,0.0,0.0,1.0,0.968503937007874,0.5905511811023622,0.0,0.0
2026-01-16T22:39:59.615254,interface,0.09448818897637795,0.0,0.0,1.0,0.968503937007874,0.5984251968503937,0.0,0.0
2026-01-16T22:39:59.616031,interface,0.09448818897637795,0.0,0.0,1.0,0.968503937007874,0.6062992125984252,0.0,0.0
2026-01-16T22:39:59.626893,interface,0.09448818897637795,0.0,0.0,1.0,0.968503937007874,0.6141732283464567,0.0,0.0
2026-01-16T22:39:59.635755,interface,0.09448818897637795,0.0,0.0,1.0,0.968503937007874,0.6220472440944882,0.0,0.0
2026-01-16T22:39:59.645312,interface,0.09448818897637795,0.0,0.0,1.0,0.968503937007874,0.6299212598425197,0.0,0.0
2026-01-16T22:39:59.655629,interface,0.09448818897637795,0.0,0.0,1.0,0.968503937007874,0.6377952755905512,0.0,0.0
2026-01-16T22:39:59.656403,interface,0.09448818897637795,0.0,0.0,1.0,0.968503937007874,0.6456692913385826,0.0,0.0
2026-01-16T22:39:59.666908,interface,0.09448818897637795,0.0,0.0,1.0,0.968503937007874,0.6535433070866141,0.0,0.0
2026-01-16T22:39:59.675770,interface,0.09448818897637795,0.0,0.0,1.0,0.968503937007874,0.6614173228346457,0.0,0.0
2026-01-16T22:39:59.685028,interface,0.09448818897637795,0.0,0.0,1.0,0.968503937007874,0.6692913385826772,0.0,0.0
2026-01-16T22:39:59.696659,interface,0.09448818897637795,0.0,0.0,1.0,0.968503937007874,0.6850393700787402,0.0,0.0
2026-01-16T22:39:59.697428,interface,0.09448818897637795,0.0,0.0,1.0,0.968503937007874,0.6929133858267716,0.0,0.0
2026-01-16T22:39:59.706910,interface,0.09448818897637795,0.0,0.0,1.0,0.968503937007874,0.7007874015748031,0.0,0.0
2026-01-16T22:39:59.715098,interface,0.09448818897637795,0.0,0.0,1.0,0.968503937007874,0.7086614173228346,0.0,0.0
2026-01-16T22:39:59.725833,interface,0.09448818897637795,0.0,0.0,1.0,0.968503937007874,0.7165354330708661,0.0,0.0
2026-01-16T22:39:59.735180,interface,0.09448818897637795,0.0,0.0,1.0,0.968503937007874,0.7165354330708661,0.0,0.0
2026-01-16T22:39:59.735990,interface,0.09448818897637795,0.0,0.0,1.0,0.968503937007874,0.7244094488188977,0.0,0.0
2026-01-16T22:39:59.746956,interface,0.09448818897637795,0.0,0.0,1.0,0.968503937007874,0.7322834645669292,0.0,0.0
2026-01-16T22:39:59.755790,interface,0.09448818897637795,0.0,0.0,1.0,0.968503937007874,0.7401574803149606,0.0,0.0
2026-01-16T22:39:59.765029,interface,0.09448818897637795,0.0,0.0,1.0,0.968503937007874,0.7480314960629921,0.0,0.0
2026-01-16T22:39:59.776165,interface,0.09448818897637795,0.0,0.0,1.0,0.968503937007874,0.7559055118110236,0.0,0.0
2026-01-16T22:39:59.776892,interface,0.09448818897637795,0.0,0.0,1.0,0.968503937007874,0.7637795275590551,0.0,0.0
2026-01-16T22:39:59.786908,interface,0.09448818897637795,0.0,0.0,1.0,0.968503937007874,0.7637795275590551,0.0,0.0
2026-01-16T22:39:59.795623,interface,0.09448818897637795,0.0,0.0,1.0,0.968503937007874,0.7716535433070866,0.0,0.0
2026-01-16T22:39:59.805537,interface,0.09448818897637795,0.0,0.0,1.0,0.968503937007874,0.7795275590551181,0.0,0.0
2026-01-16T22:39:59.815519,interface,0.09448818897637795,0.0,0.0,1.0,0.968503937007874,0.7795275590551181,0.0,0.0
2026-01-16T22:39:59.816336,interface,0.09448818897637795,0.0,0.0,1.0,0.968503937007874,0.7874015748031497,0.0,0.0
2026-01-16T22:39:59.827224,interface,0.09448818897637795,0.0,0.0,1.0,0.968503937007874,0.7874015748031497,0.0,0.0
2026-01-16T22:39:59.835867,interface,0.09448818897637795,0.0,0.0,1.0,0.968503937007874,0.7952755905511811,0.0,0.0
2026-01-16T22:39:59.858896,interface,0.09448818897637795,0.0,0.0,1.0,0.968503937007874,0.7952755905511811,0.0,0.0
2026-01-16T22:40:05.333122,interface,0.09448818897637795,0.0,0.0,1.0,0.0,0.7952755905511811,0.0,0.0
2026-01-16T22:40:05.353676,interface,0.09448818897637795,0.0,0.0,1.0,0.0,0.7952755905511811,0.0,0.0
2026-01-16T22:40:05.394588,interface,0.09448818897637795,0.0,0.0,1.0,0.007874015748031496,0.7952755905511811,0.0,0.0
2026-01-16T22:40:05.414796,interface,0.09448818897637795,0.0,0.0,1.0,0.015748031496062992,0.7952755905511811,0.0,0.0
2026-01-16T22:40:05.437928,interface,0.09448818897637795,0.0,0.0,1.0,0.023622047244094488,0.7952755905511811,0.0,0.0
2026-01-16T22:40:05.454625,interface,0.09448818897637795,0.0,0.0,1.0,0.031496062992125984,0.7952755905511811,0.0,0.0
2026-01-16T22:40:05.474577,interface,0.09448818897637795,0.0,0.0,1.0,0.03937007874015748,0.7952755905511811,0.0,0.0
2026-01-16T22:40:05.494697,interface,0.09448818897637795,0.0,0.0,1.0,0.047244094488188976,0.7952755905511811,0.0,0.0
2026-01-16T22:40:05.517894,interface,0.09448818897637795,0.0,0.0,1.0,0.05511811023622047,0.7952755905511811,0.0,0.0
2026-01-16T22:40:05.544680,interface,0.09448818897637795,0.0,0.0,1.0,0.06299212598425197,0.7952755905511811,0.0,0.0
2026-01-16T22:40:05.574684,interface,0.09448818897637795,0.0,0.0,1.0,0.07086614173228346,0.7952755905511811,0.0,0.0
2026-01-16T22:40:05.597863,interface,0.09448818897637795,0.0,0.0,1.0,0.07874015748031496,0.7952755905511811,0.0,0.0
2026-01-16T22:40:05.634703,interface,0.09448818897637795,0.0,0.0,1.0,0.08661417322834646,0.7952755905511811,0.0,0.0
2026-01-16T22:40:05.664670,interface,0.09448818897637795,0.0,0.0,1.0,0.09448818897637795,0.7952755905511811,0.0,0.0
2026-01-16T22:40:05.685869,interface,0.09448818897637795,0.0,0.0,1.0,0.10236220472440945,0.7952755905511811,0.0,0.0
2026-01-16T22:40:05.714688,interface,0.09448818897637795,0.0,0.0,1.0,0.11023622047244094,0.7952755905511811,0.0,0.0
2026-01-16T22:40:05.734697,interface,0.09448818897637795,0.0,0.0,1.0,0.11811023622047244,0.7952755905511811,0.0,0.0
2026-01-16T22:40:05.765907,interface,0.09448818897637795,0.0,0.0,1.0,0.12598425196850394,0.7952755905511811,0.0,0.0
2026-01-16T22:40:05.797990,interface,0.09448818897637795,0.0,0.0,1.0,0.13385826771653545,0.7952755905511811,0.0,0.0
2026-01-16T22:40:05.837424,interface,0.09448818897637795,0.0,0.0,1.0,0.14173228346456693,0.7952755905511811,0.0,0.0
2026-01-16T22:40:05.854685,interface,0.09448818897637795,0.0,0.0,1.0,0.14960629921259844,0.7952755905511811,0.0,0.0
2026-01-16T22:40:05.884696,interface,0.09448818897637795,0.0,0.0,1.0,0.15748031496062992,0.7952755905511811,0.0,0.0
2026-01-16T22:40:05.915980,interface,0.09448818897637795,0.0,0.0,1.0,0.16535433070866143,0.7952755905511811,0.0,0.0
2026-01-16T22:40:05.944631,interface,0.09448818897637795,0.0,0.0,1.0,0.1732283464566929,0.7952755905511811,0.0,0.0
2026-01-16T22:40:05.964686,interface,0.09448818897637795,0.0,0.0,1.0,0.18110236220472442,0.7952755905511811,0.0,0.0
2026-01-16T22:40:05.984745,interface,0.09448818897637795,0.0,0.0,1.0,0.1889763779527559,0.7952755905511811,0.0,0.0
2026-01-16T22:40:06.004619,interface,0.09448818897637795,0.0,0.0,1.0,0.1968503937007874,0.7952755905511811,0.0,0.0
2026-01-16T22:40:06.027988,interface,0.09448818897637795,0.0,0.0,1.0,0.2047244094488189,0.7952755905511811,0.0,0.0
2026-01-16T22:40:06.054703,interface,0.09448818897637795,0.0,0.0,1.0,0.2125984251968504,0.7952755905511811,0.0,0.0
2026-01-16T22:40:06.260699,interface,0.09448818897637795,0.0,0.0,1.0,0.2125984251968504,0.7952755905511811,0.0,0.0
2026-01-16T22:40:06.275959,interface,0.09448818897637795,0.0,0.0,1.0,0.2204724409448819,0.7952755905511811,0.0,0.0
2026-01-16T22:40:06.307993,interface,0.09448818897637795,0.0,0.0,1.0,0.2283464566929134,0.7952755905511811,0.0,0.0
2026-01-16T22:40:06.337413,interface,0.09448818897637795,0.0,0.0,1.0,0.23622047244094488,0.7952755905511811,0.0,0.0
2026-01-16T22:40:06.747866,interface,0.09448818897637795,0.0,0.0,1.0,0.23622047244094488,0.7952755905511811,0.0,0.0
2026-01-16T22:40:06.775422,interface,0.09448818897637795,0.0,0.0,1.0,0.2283464566929134,0.7952755905511811,0.0,0.0
2026-01-16T22:40:06.787832,interface,0.09448818897637795,0.0,0.0,1.0,0.2204724409448819,0.7952755905511811,0.0,0.0
2026-01-16T22:40:06.788627,interface,0.09448818897637795,0.0,0.0,1.0,0.2125984251968504,0.7952755905511811,0.0,0.0
2026-01-16T22:40:06.804783,interface,0.09448818897637795,0.0,0.0,1.0,0.2047244094488189,0.7952755905511811,0.0,0.0
2026-01-16T22:40:06.817750,interface,0.09448818897637795,0.0,0.0,1.0,0.1968503937007874,0.7952755905511811,0.0,0.0
2026-01-16T22:40:06.827122,interface,0.09448818897637795,0.0,0.0,1.0,0.1889763779527559,0.7952755905511811,0.0,0.0
2026-01-16T22:40:06.837989,interface,0.09448818897637795,0.0,0.0,1.0,0.18110236220472442,0.7952755905511811,0.0,0.0
2026-01-16T22:40:06.847131,interface,0.09448818897637795,0.0,0.0,1.0,0.1732283464566929,0.7952755905511811,0.0,0.0
2026-01-16T22:40:06.856752,interface,0.09448818897637795,0.0,0.0,1.0,0.16535433070866143,0.7952755905511811,0.0,0.0
2026-01-16T22:40:06.867847,interface,0.09448818897637795,0.0,0.0,1.0,0.15748031496062992,0.7952755905511811,0.0,0.0
2026-01-16T22:40:06.868574,interface,0.09448818897637795,0.0,0.0,1.0,0.14960629921259844,0.7952755905511811,0.0,0.0
2026-01-16T22:40:06.878557,interface,0.09448818897637795,0.0,0.0,1.0,0.14173228346456693,0.7952755905511811,0.0,0.0
2026-01-16T22:40:06.886243,interface,0.09448818897637795,0.0,0.0,1.0,0.13385826771653545,0.7952755905511811,0.0,0.0
2026-01-16T22:40:06.904722,interface,0.09448818897637795,0.0,0.0,1.0,0.12598425196850394,0.7952755905511811,0.0,0.0
2026-01-16T22:40:06.905468,interface,0.09448818897637795,0.0,0.0,1.0,0.11811023622047244,0.7952755905511811,0.0,0.0
2026-01-16T22:40:06.917239,interface,0.09448818897637795,0.0,0.0,1.0,0.11023622047244094,0.7952755905511811,0.0,0.0
2026-01-16T22:40:06.926905,interface,0.09448818897637795,0.0,0.0,1.0,0.10236220472440945,0.7952755905511811,0.0,0.0
2026-01-16T22:40:06.936539,interface,0.09448818897637795,0.0,0.0,1.0,0.09448818897637795,0.7952755905511811,0.0,0.0
2026-01-16T22:40:06.946724,interface,0.09448818897637795,0.0,0.0,1.0,0.08661417322834646,0.7952755905511811,0.0,0.0
2026-01-16T22:40:06.956739,interface,0.09448818897637795,0.0,0.0,1.0,0.07874015748031496,0.7952755905511811,0.0,0.0
2026-01-16T22:40:06.966537,interface,0.09448818897637795,0.0,0.0,1.0,0.07086614173228346,0.7952755905511811,0.0,0.0
2026-01-16T22:40:06.976783,interface,0.09448818897637795,0.0,0.0,1.0,0.06299212598425197,0.7952755905511811,0.0,0.0
2026-01-16T22:40:06.988863,interface,0.09448818897637795,0.0,0.0,1.0,0.05511811023622047,0.7952755905511811,0.0,0.0
2026-01-16T22:40:06.997074,interface,0.09448818897637795,0.0,0.0,1.0,0.047244094488188976,0.7952755905511811,0.0,0.0
2026-01-16T22:40:07.014668,interface,0.09448818897637795,0.0,0.0,1.0,0.03937007874015748,0.7952755905511811,0.0,0.0
2026-01-16T22:40:07.028861,interface,0.09448818897637795,0.0,0.0,1.0,0.031496062992125984,0.7952755905511811,0.0,0.0
2026-01-16T22:40:07.039514,interface,0.09448818897637795,0.0,0.0,1.0,0.023622047244094488,0.7952755905511811,0.0,0.0
2026-01-16T22:40:07.054664,interface,0.09448818897637795,0.0,0.0,1.0,0.015748031496062992,0.7952755905511811,0.0,0.0
2026-01-16T22:40:07.069110,interface,0.09448818897637795,0.0,0.0,1.0,0.007874015748031496,0.7952755905511811,0.0,0.0
2026-01-16T22:40:07.080250,interface,0.09448818897637795,0.0,0.0,1.0,0.0,0.7952755905511811,0.0,0.0
2026-01-16T22:40:07.308311,interface,0.09448818897637795,0.0,0.0,1.0,0.007874015748031496,0.7952755905511811,0.0,0.0
2026-01-16T22:40:07.316084,interface,0.09448818897637795,0.0,0.0,1.0,0.015748031496062992,0.7952755905511811,0.0,0.0
2026-01-16T22:40:07.329079,interface,0.09448818897637795,0.0,0.0,1.0,0.023622047244094488,0.7952755905511811,0.0,0.0
2026-01-16T22:40:07.340133,interface,0.09448818897637795,0.0,0.0,1.0,0.031496062992125984,0.7952755905511811,0.0,0.0
2026-01-16T22:40:07.340919,interface,0.09448818897637795,0.0,0.0,1.0,0.03937007874015748,0.7952755905511811,0.0,0.0
2026-01-16T22:40:07.356573,interface,0.09448818897637795,0.0,0.0,1.0,0.047244094488188976,0.7952755905511811,0.0,0.0
2026-01-16T22:40:07.368484,interface,0.09448818897637795,0.0,0.0,1.0,0.05511811023622047,0.7952755905511811,0.0,0.0
2026-01-16T22:40:07.377165,interface,0.09448818897637795,0.0,0.0,1.0,0.06299212598425197,0.7952755905511811,0.0,0.0
2026-01-16T22:40:07.386824,interface,0.09448818897637795,0.0,0.0,1.0,0.07086614173228346,0.7952755905511811,0.0,0.0
2026-01-16T22:40:07.387603,interface,0.09448818897637795,0.0,0.0,1.0,0.07874015748031496,0.7952755905511811,0.0,0.0
2026-01-16T22:40:07.400619,interface,0.09448818897637795,0.0,0.0,1.0,0.08661417322834646,0.7952755905511811,0.0,0.0
2026-01-16T22:40:07.402100,interface,0.09448818897637795,0.0,0.0,1.0,0.09448818897637795,0.7952755905511811,0.0,0.0
2026-01-16T22:40:07.416630,interface,0.09448818897637795,0.0,0.0,1.0,0.10236220472440945,0.7952755905511811,0.0,0.0
2026-01-16T22:40:07.426754,interface,0.09448818897637795,0.0,0.0,1.0,0.11023622047244094,0.7952755905511811,0.0,0.0
2026-01-16T22:40:07.436759,interface,0.09448818897637795,0.0,0.0,1.0,0.11811023622047244,0.7952755905511811,0.0,0.0
2026-01-16T22:40:07.446900,interface,0.09448818897637795,0.0,0.0,1.0,0.12598425196850394,0.7952755905511811,0.0,0.0
2026-01-16T22:40:07.457079,interface,0.09448818897637795,0.0,0.0,1.0,0.13385826771653545,0.7952755905511811,0.0,0.0
2026-01-16T22:40:07.466130,interface,0.09448818897637795,0.0,0.0,1.0,0.14173228346456693,0.7952755905511811,0.0,0.0
2026-01-16T22:40:07.466895,interface,0.09448818897637795,0.0,0.0,1.0,0.14960629921259844,0.7952755905511811,0.0,0.0
2026-01-16T22:40:07.484713,interface,0.09448818897637795,0.0,0.0,1.0,0.15748031496062992,0.7952755905511811,0.0,0.0
2026-01-16T22:40:07.496135,interface,0.09448818897637795,0.0,0.0,1.0,0.16535433070866143,0.7952755905511811,0.0,0.0
2026-01-16T22:40:07.506898,interface,0.09448818897637795,0.0,0.0,1.0,0.1732283464566929,0.7952755905511811,0.0,0.0
2026-01-16T22:40:07.517930,interface,0.09448818897637795,0.0,0.0,1.0,0.18110236220472442,0.7952755905511811,0.0,0.0
2026-01-16T22:40:07.534606,interface,0.09448818897637795,0.0,0.0,1.0,0.1889763779527559,0.7952755905511811,0.0,0.0
2026-01-16T22:40:07.547111,interface,0.09448818897637795,0.0,0.0,1.0,0.1968503937007874,0.7952755905511811,0.0,0.0
2026-01-16T22:40:07.557504,interface,0.09448818897637795,0.0,0.0,1.0,0.2047244094488189,0.7952755905511811,0.0,0.0
2026-01-16T22:40:07.574703,interface,0.09448818897637795,0.0,0.0,1.0,0.2125984251968504,0.7952755905511811,0.0,0.0
2026-01-16T22:40:07.596115,interface,0.09448818897637795,0.0,0.0,1.0,0.2204724409448819,0.7952755905511811,0.0,0.0
2026-01-16T22:40:07.614759,interface,0.09448818897637795,0.0,0.0,1.0,0.2283464566929134,0.7952755905511811,0.0,0.0
2026-01-16T22:40:07.636053,interface,0.09448818897637795,0.0,0.0,1.0,0.23622047244094488,0.7952755905511811,0.0,0.0
2026-01-16T22:40:08.124810,interface,0.09448818897637795,0.0,0.0,1.0,0.2283464566929134,0.7952755905511811,0.0,0.0
2026-01-16T22:40:08.138435,interface,0.09448818897637795,0.0,0.0,1.0,0.2204724409448819,0.7952755905511811,0.0,0.0
2026-01-16T22:40:08.150377,interface,0.09448818897637795,0.0,0.0,1.0,0.2125984251968504,0.7952755905511811,0.0,0.0
2026-01-16T22:40:08.151878,interface,0.09448818897637795,0.0,0.0,1.0,0.2047244094488189,0.7952755905511811,0.0,0.0
2026-01-16T22:40:08.167671,interface,0.09448818897637795,0.0,0.0,1.0,0.1968503937007874,0.7952755905511811,0.0,0.0
2026-01-16T22:40:08.178388,interface,0.09448818897637795,0.0,0.0,1.0,0.1889763779527559,0.7952755905511811,0.0,0.0
2026-01-16T22:40:08.194791,interface,0.09448818897637795,0.0,0.0,1.0,0.18110236220472442,0.7952755905511811,0.0,0.0
2026-01-16T22:40:08.207135,interface,0.09448818897637795,0.0,0.0,1.0,0.1732283464566929,0.7952755905511811,0.0,0.0
2026-01-16T22:40:08.218440,interface,0.09448818897637795,0.0,0.0,1.0,0.16535433070866143,0.7952755905511811,0.0,0.0
2026-01-16T22:40:08.227825,interface,0.09448818897637795,0.0,0.0,1.0,0.15748031496062992,0.7952755905511811,0.0,0.0
2026-01-16T22:40:08.244686,interface,0.09448818897637795,0.0,0.0,1.0,0.14960629921259844,0.7952755905511811,0.0,0.0
2026-01-16T22:40:08.258392,interface,0.09448818897637795,0.0,0.0,1.0,0.14173228346456693,0.7952755905511811,0.0,0.0
2026-01-16T22:40:08.266471,interface,0.09448818897637795,0.0,0.0,1.0,0.13385826771653545,0.7952755905511811,0.0,0.0
2026-01-16T22:40:08.277148,interface,0.09448818897637795,0.0,0.0,1.0,0.12598425196850394,0.7952755905511811,0.0,0.0
2026-01-16T22:40:08.286068,interface,0.09448818897637795,0.0,0.0,1.0,0.11811023622047244,0.7952755905511811,0.0,0.0
2026-01-16T22:40:08.298411,interface,0.09448818897637795,0.0,0.0,1.0,0.11023622047244094,0.7952755905511811,0.0,0.0
2026-01-16T22:40:08.306944,interface,0.09448818897637795,0.0,0.0,1.0,0.10236220472440945,0.7952755905511811,0.0,0.0
2026-01-16T22:40:08.316752,interface,0.09448818897637795,0.0,0.0,1.0,0.09448818897637795,0.7952755905511811,0.0,0.0
2026-01-16T22:40:08.326782,interface,0.09448818897637795,0.0,0.0,1.0,0.08661417322834646,0.7952755905511811,0.0,0.0
2026-01-16T22:40:08.336750,interface,0.09448818897637795,0.0,0.0,1.0,0.07874015748031496,0.7952755905511811,0.0,0.0
2026-01-16T22:40:08.346710,interface,0.09448818897637795,0.0,0.0,1.0,0.07086614173228346,0.7952755905511811,0.0,0.0
2026-01-16T22:40:08.356775,interface,0.09448818897637795,0.0,0.0,1.0,0.06299212598425197,0.7952755905511811,0.0,0.0
2026-01-16T22:40:08.374668,interface,0.09448818897637795,0.0,0.0,1.0,0.05511811023622047,0.7952755905511811,0.0,0.0
2026-01-16T22:40:08.375496,interface,0.09448818897637795,0.0,0.0,1.0,0.047244094488188976,0.7952755905511811,0.0,0.0
2026-01-16T22:40:08.394727,interface,0.09448818897637795,0.0,0.0,1.0,0.03937007874015748,0.7952755905511811,0.0,0.0
2026-01-16T22:40:08.408408,interface,0.09448818897637795,0.0,0.0,1.0,0.031496062992125984,0.7952755905511811,0.0,0.0
2026-01-16T22:40:08.418519,interface,0.09448818897637795,0.0,0.0,1.0,0.023622047244094488,0.7952755905511811,0.0,0.0
2026-01-16T22:40:08.426454,interface,0.09448818897637795,0.0,0.0,1.0,0.015748031496062992,0.7952755905511811,0.0,0.0
2026-01-16T22:40:08.438965,interface,0.09448818897637795,0.0,0.0,1.0,0.007874015748031496,0.7952755905511811,0.0,0.0
2026-01-16T22:40:08.450518,interface,0.09448818897637795,0.0,0.0,1.0,0.0,0.7952755905511811,0.0,0.0
2026-01-16T22:40:08.844718,interface,0.09448818897637795,0.0,0.0,1.0,0.007874015748031496,0.7952755905511811,0.0,0.0
2026-01-16T22:40:08.854876,interface,0.09448818897637795,0.0,0.0,1.0,0.015748031496062992,0.7952755905511811,0.0,0.0
2026-01-16T22:40:08.855672,interface,0.09448818897637795,0.0,0.0,1.0,0.023622047244094488,0.7952755905511811,0.0,0.0
2026-01-16T22:40:08.866477,interface,0.09448818897637795,0.0,0.0,1.0,0.031496062992125984,0.7952755905511811,0.0,0.0
2026-01-16T22:40:08.875395,interface,0.09448818897637795,0.0,0.0,1.0,0.03937007874015748,0.7952755905511811,0.0,0.0
2026-01-16T22:40:08.888397,interface,0.09448818897637795,0.0,0.0,1.0,0.047244094488188976,0.7952755905511811,0.0,0.0
2026-01-16T22:40:08.900456,interface,0.09448818897637795,0.0,0.0,1.0,0.05511811023622047,0.7952755905511811,0.0,0.0
2026-01-16T22:40:08.901236,interface,0.09448818897637795,0.0,0.0,1.0,0.06299212598425197,0.7952755905511811,0.0,0.0
2026-01-16T22:40:08.914496,interface,0.09448818897637795,0.0,0.0,1.0,0.07086614173228346,0.7952755905511811,0.0,0.0
2026-01-16T22:40:08.928774,interface,0.09448818897637795,0.0,0.0,1.0,0.07874015748031496,0.7952755905511811,0.0,0.0
2026-01-16T22:40:08.936905,interface,0.09448818897637795,0.0,0.0,1.0,0.08661417322834646,0.7952755905511811,0.0,0.0
2026-01-16T22:40:08.937681,interface,0.09448818897637795,0.0,0.0,1.0,0.09448818897637795,0.7952755905511811,0.0,0.0
2026-01-16T22:40:08.946659,interface,0.09448818897637795,0.0,0.0,1.0,0.10236220472440945,0.7952755905511811,0.0,0.0
2026-01-16T22:40:08.964603,interface,0.09448818897637795,0.0,0.0,1.0,0.11023622047244094,0.7952755905511811,0.0,0.0
2026-01-16T22:40:08.976556,interface,0.09448818897637795,0.0,0.0,1.0,0.11811023622047244,0.7952755905511811,0.0,0.0
2026-01-16T22:40:08.977334,interface,0.09448818897637795,0.0,0.0,1.0,0.12598425196850394,0.7952755905511811,0.0,0.0
2026-01-16T22:40:08.986512,interface,0.09448818897637795,0.0,0.0,1.0,0.13385826771653545,0.7952755905511811,0.0,0.0
2026-01-16T22:40:08.996038,interface,0.09448818897637795,0.0,0.0,1.0,0.14173228346456693,0.7952755905511811,0.0,0.0
2026-01-16T22:40:09.006850,interface,0.09448818897637795,0.0,0.0,1.0,0.14960629921259844,0.7952755905511811,0.0,0.0
2026-01-16T22:40:09.018470,interface,0.09448818897637795,0.0,0.0,1.0,0.15748031496062992,0.7952755905511811,0.0,0.0
2026-01-16T22:40:09.026666,interface,0.09448818897637795,0.0,0.0,1.0,0.16535433070866143,0.7952755905511811,0.0,0.0
2026-01-16T22:40:09.036841,interface,0.09448818897637795,0.0,0.0,1.0,0.1732283464566929,0.7952755905511811,0.0,0.0
2026-01-16T22:40:09.047714,interface,0.09448818897637795,0.0,0.0,1.0,0.18110236220472442,0.7952755905511811,0.0,0.0
2026-01-16T22:40:09.056782,interface,0.09448818897637795,0.0,0.0,1.0,0.1889763779527559,0.7952755905511811,0.0,0.0
2026-01-16T22:40:09.057568,interface,0.09448818897637795,0.0,0.0,1.0,0.1968503937007874,0.7952755905511811,0.0,0.0
2026-01-16T22:40:09.067633,interface,0.09448818897637795,0.0,0.0,1.0,0.2047244094488189,0.7952755905511811,0.0,0.0
2026-01-16T22:40:09.077079,interface,0.09448818897637795,0.0,0.0,1.0,0.2125984251968504,0.7952755905511811,0.0,0.0
2026-01-16T22:40:09.087990,interface,0.09448818897637795,0.0,0.0,1.0,0.2204724409448819,0.7952755905511811,0.0,0.0
2026-01-16T22:40:09.096492,interface,0.09448818897637795,0.0,0.0,1.0,0.2283464566929134,0.7952755905511811,0.0,0.0
2026-01-16T22:40:09.107395,interface,0.09448818897637795,0.0,0.0,1.0,0.23622047244094488,0.7952755905511811,0.0,0.0
2026-01-16T22:40:10.258689,interface,0.09448818897637795,0.0,0.0,1.0,0.23622047244094488,0.7952755905511811,0.0,0.0
2026-01-16T22:40:10.294638,interface,0.09448818897637795,0.0,0.0,1.0,0.2283464566929134,0.7952755905511811,0.0,0.0
2026-01-16T22:40:10.295455,interface,0.09448818897637795,0.0,0.0,1.0,0.2204724409448819,0.7952755905511811,0.0,0.0
2026-01-16T22:40:10.307375,interface,0.09448818897637795,0.0,0.0,1.0,0.2125984251968504,0.7952755905511811,0.0,0.0
2026-01-16T22:40:10.316477,interface,0.09448818897637795,0.0,0.0,1.0,0.2047244094488189,0.7952755905511811,0.0,0.0
2026-01-16T22:40:10.327547,interface,0.09448818897637795,0.0,0.0,1.0,0.1968503937007874,0.7952755905511811,0.0,0.0
2026-01-16T22:40:10.337343,interface,0.09448818897637795,0.0,0.0,1.0,0.1889763779527559,0.7952755905511811,0.0,0.0
2026-01-16T22:40:10.338167,interface,0.09448818897637795,0.0,0.0,1.0,0.18110236220472442,0.7952755905511811,0.0,0.0
2026-01-16T22:40:10.347886,interface,0.09448818897637795,0.0,0.0,1.0,0.1732283464566929,0.7952755905511811,0.0,0.0
2026-01-16T22:40:10.356720,interface,0.09448818897637795,0.0,0.0,1.0,0.15748031496062992,0.7952755905511811,0.0,0.0
2026-01-16T22:40:10.366847,interface,0.09448818897637795,0.0,0.0,1.0,0.14960629921259844,0.7952755905511811,0.0,0.0
2026-01-16T22:40:10.376006,interface,0.09448818897637795,0.0,0.0,1.0,0.14173228346456693,0.7952755905511811,0.0,0.0
2026-01-16T22:40:10.377032,interface,0.09448818897637795,0.0,0.0,1.0,0.13385826771653545,0.7952755905511811,0.0,0.0
2026-01-16T22:40:10.386995,interface,0.09448818897637795,0.0,0.0,1.0,0.12598425196850394,0.7952755905511811,0.0,0.0
2026-01-16T22:40:10.400269,interface,0.09448818897637795,0.0,0.0,1.0,0.11811023622047244,0.7952755905511811,0.0,0.0
2026-01-16T22:40:10.407056,interface,0.09448818897637795,0.0,0.0,1.0,0.11023622047244094,0.7952755905511811,0.0,0.0
2026-01-16T22:40:10.416853,interface,0.09448818897637795,0.0,0.0,1.0,0.10236220472440945,0.7952755905511811,0.0,0.0
2026-01-16T22:40:10.417577,interface,0.09448818897637795,0.0,0.0,1.0,0.09448818897637795,0.7952755905511811,0.0,0.0
2026-01-16T22:40:10.426985,interface,0.09448818897637795,0.0,0.0,1.0,0.08661417322834646,0.7952755905511811,0.0,0.0
2026-01-16T22:40:10.436536,interface,0.09448818897637795,0.0,0.0,1.0,0.07874015748031496,0.7952755905511811,0.0,0.0
2026-01-16T22:40:10.446428,interface,0.09448818897637795,0.0,0.0,1.0,0.07086614173228346,0.7952755905511811,0.0,0.0
2026-01-16T22:40:10.456716,interface,0.09448818897637795,0.0,0.0,1.0,0.06299212598425197,0.7952755905511811,0.0,0.0
2026-01-16T22:40:10.468457,interface,0.09448818897637795,0.0,0.0,1.0,0.05511811023622047,0.7952755905511811,0.0,0.0
2026-01-16T22:40:10.484603,interface,0.09448818897637795,0.0,0.0,1.0,0.047244094488188976,0.7952755905511811,0.0,0.0
2026-01-16T22:40:10.497107,interface,0.09448818897637795,0.0,0.0,1.0,0.03937007874015748,0.7952755905511811,0.0,0.0
2026-01-16T22:40:10.497887,interface,0.09448818897637795,0.0,0.0,1.0,0.031496062992125984,0.7952755905511811,0.0,0.0
2026-01-16T22:40:10.514777,interface,0.09448818897637795,0.0,0.0,1.0,0.023622047244094488,0.7952755905511811,0.0,0.0
2026-01-16T22:40:10.525683,interface,0.09448818897637795,0.0,0.0,1.0,0.015748031496062992,0.7952755905511811,0.0,0.0
2026-01-16T22:40:10.539081,interface,0.09448818897637795,0.0,0.0,1.0,0.007874015748031496,0.7952755905511811,0.0,0.0
2026-01-16T22:40:10.539859,interface,0.09448818897637795,0.0,0.0,1.0,0.0,0.7952755905511811,0.0,0.0
2026-01-16T22:40:10.804649,interface,0.09448818897637795,0.0,0.0,1.0,0.007874015748031496,0.7952755905511811,0.0,0.0
2026-01-16T22:40:10.805478,interface,0.09448818897637795,0.0,0.0,1.0,0.015748031496062992,0.7952755905511811,0.0,0.0
2026-01-16T22:40:10.819749,interface,0.09448818897637795,0.0,0.0,1.0,0.023622047244094488,0.7952755905511811,0.0,0.0
2026-01-16T22:40:10.830877,interface,0.09448818897637795,0.0,0.0,1.0,0.031496062992125984,0.7952755905511811,0.0,0.0
2026-01-16T22:40:10.831668,interface,0.09448818897637795,0.0,0.0,1.0,0.03937007874015748,0.7952755905511811,0.0,0.0
2026-01-16T22:40:10.849129,interface,0.09448818897637795,0.0,0.0,1.0,0.047244094488188976,0.7952755905511811,0.0,0.0
2026-01-16T22:40:10.859095,interface,0.09448818897637795,0.0,0.0,1.0,0.05511811023622047,0.7952755905511811,0.0,0.0
2026-01-16T22:40:10.867444,interface,0.09448818897637795,0.0,0.0,1.0,0.06299212598425197,0.7952755905511811,0.0,0.0
2026-01-16T22:40:10.884581,interface,0.09448818897637795,0.0,0.0,1.0,0.07086614173228346,0.7952755905511811,0.0,0.0
2026-01-16T22:40:10.885374,interface,0.09448818897637795,0.0,0.0,1.0,0.07874015748031496,0.7952755905511811,0.0,0.0
2026-01-16T22:40:10.900347,interface,0.09448818897637795,0.0,0.0,1.0,0.08661417322834646,0.7952755905511811,0.0,0.0
2026-01-16T22:40:10.901785,interface,0.09448818897637795,0.0,0.0,1.0,0.09448818897637795,0.7952755905511811,0.0,0.0
2026-01-16T22:40:10.916523,interface,0.09448818897637795,0.0,0.0,1.0,0.10236220472440945,0.7952755905511811,0.0,0.0
2026-01-16T22:40:10.926699,interface,0.09448818897637795,0.0,0.0,1.0,0.11023622047244094,0.7952755905511811,0.0,0.0
2026-01-16T22:40:10.936863,interface,0.09448818897637795,0.0,0.0,1.0,0.11811023622047244,0.7952755905511811,0.0,0.0
2026-01-16T22:40:10.946871,interface,0.09448818897637795,0.0,0.0,1.0,0.12598425196850394,0.7952755905511811,0.0,0.0
2026-01-16T22:40:10.957052,interface,0.09448818897637795,0.0,0.0,1.0,0.13385826771653545,0.7952755905511811,0.0,0.0
2026-01-16T22:40:10.966017,interface,0.09448818897637795,0.0,0.0,1.0,0.14960629921259844,0.7952755905511811,0.0,0.0
2026-01-16T22:40:10.966811,interface,0.09448818897637795,0.0,0.0,1.0,0.15748031496062992,0.7952755905511811,0.0,0.0
2026-01-16T22:40:10.976878,interface,0.09448818897637795,0.0,0.0,1.0,0.16535433070866143,0.7952755905511811,0.0,0.0
2026-01-16T22:40:10.986868,interface,0.09448818897637795,0.0,0.0,1.0,0.1732283464566929,0.7952755905511811,0.0,0.0
2026-01-16T22:40:10.997586,interface,0.09448818897637795,0.0,0.0,1.0,0.18110236220472442,0.7952755905511811,0.0,0.0
2026-01-16T22:40:11.006710,interface,0.09448818897637795,0.0,0.0,1.0,0.1968503937007874,0.7952755905511811,0.0,0.0
2026-01-16T22:40:11.007500,interface,0.09448818897637795,0.0,0.0,1.0,0.2047244094488189,0.7952755905511811,0.0,0.0
2026-01-16T22:40:11.016889,interface,0.09448818897637795,0.0,0.0,1.0,0.2125984251968504,0.7952755905511811,0.0,0.0
2026-01-16T22:40:11.027805,interface,0.09448818897637795,0.0,0.0,1.0,0.2204724409448819,0.7952755905511811,0.0,0.0
2026-01-16T22:40:11.036459,interface,0.09448818897637795,0.0,0.0,1.0,0.2283464566929134,0.7952755905511811,0.0,0.0
2026-01-16T22:40:11.047063,interface,0.09448818897637795,0.0,0.0,1.0,0.23622047244094488,0.7952755905511811,0.0,0.0
2026-01-16T22:40:13.869229,interface,0.4330708661417323,0.0,0.0,1.0,0.23622047244094488,0.7952755905511811,0.0,0.0
2026-01-16T22:40:13.993974,interface,0.4330708661417323,0.0,0.0,1.0,0.23622047244094488,0.7952755905511811,0.0,0.0
2026-01-16T22:40:14.145350,interface,0.4330708661417323,0.0,0.0,1.0,0.23622047244094488,0.7952755905511811,0.0,0.0
2026-01-16T22:40:14.277572,interface,0.4330708661417323,0.0,0.0,1.0,0.23622047244094488,0.7952755905511811,0.0,0.0
2026-01-16T22:40:14.409833,interface,0.4330708661417323,0.0,0.0,1.0,0.23622047244094488,0.7952755905511811,0.0,0.0
2026-01-16T22:40:14.542622,interface,0.4330708661417323,0.0,0.0,1.0,0.23622047244094488,0.7952755905511811,0.0,0.0
2026-01-16T22:40:14.651084,interface,0.3779527559055118,0.0,0.0,1.0,0.23622047244094488,0.7952755905511811,0.0,0.0
2026-01-16T22:40:14.681561,interface,0.4330708661417323,0.0,0.0,1.0,0.23622047244094488,0.7952755905511811,0.0,0.0
2026-01-16T22:40:14.823193,interface,0.4330708661417323,0.0,0.0,1.0,0.23622047244094488,0.7952755905511811,0.0,0.0
2026-01-16T22:40:14.950913,interface,0.3779527559055118,0.0,0.0,1.0,0.23622047244094488,0.7952755905511811,0.0,0.0
2026-01-16T22:40:14.979610,interface,0.4330708661417323,0.0,0.0,1.0,0.23622047244094488,0.7952755905511811,0.0,0.0
2026-01-16T22:40:15.095663,interface,0.3779527559055118,0.0,0.0,1.0,0.23622047244094488,0.7952755905511811,0.0,0.0
2026-01-16T22:40:15.463821,interface,0.6614173228346457,0.0,0.0,1.0,0.23622047244094488,0.7952755905511811,0.0,0.0
2026-01-16T22:40:15.508110,interface,0.6220472440944882,0.0,0.0,1.0,0.23622047244094488,0.7952755905511811,0.0,0.0
2026-01-16T22:40:15.582287,interface,0.6614173228346457,0.0,0.0,1.0,0.23622047244094488,0.7952755905511811,0.0,0.0
2026-01-16T22:40:15.665078,interface,0.6220472440944882,0.0,0.0,1.0,0.23622047244094488,0.7952755905511811,0.0,0.0
2026-01-16T22:40:15.726429,interface,0.6614173228346457,0.0,0.0,1.0,0.23622047244094488,0.7952755905511811,0.0,0.0
2026-01-16T22:40:15.807737,interface,0.6220472440944882,0.0,0.0,1.0,0.23622047244094488,0.7952755905511811,0.0,0.0
2026-01-16T22:40:15.868049,interface,0.6614173228346457,0.0,0.0,1.0,0.23622047244094488,0.7952755905511811,0.0,0.0
2026-01-16T22:40:15.964572,interface,0.6220472440944882,0.0,0.0,1.0,0.23622047244094488,0.7952755905511811,0.0,0.0
2026-01-16T22:40:16.027158,interface,0.6614173228346457,0.0,0.0,1.0,0.23622047244094488,0.7952755905511811,0.0,0.0
2026-01-16T22:40:16.109347,interface,0.6220472440944882,0.0,0.0,1.0,0.23622047244094488,0.7952755905511811,0.0,0.0
2026-01-16T22:40:16.186204,interface,0.6614173228346457,0.0,0.0,1.0,0.23622047244094488,0.7952755905511811,0.0,0.0
2026-01-16T22:40:16.264730,interface,0.6220472440944882,0.0,0.0,1.0,0.23622047244094488,0.7952755905511811,0.0,0.0
2026-01-16T22:40:16.360701,interface,0.6614173228346457,0.0,0.0,1.0,0.23622047244094488,0.7952755905511811,0.0,0.0
2026-01-16T22:40:16.861959,interface,0.6220472440944882,0.0,0.0,1.0,0.23622047244094488,0.7952755905511811,0.0,0.0
2026-01-16T22:40:16.929917,interface,0.6614173228346457,0.0,0.0,1.0,0.23622047244094488,0.7952755905511811,0.0,0.0
2026-01-16T22:40:17.010587,interface,0.6220472440944882,0.0,0.0,1.0,0.23622047244094488,0.7952755905511811,0.0,0.0
2026-01-16T22:40:17.082286,interface,0.6614173228346457,0.0,0.0,1.0,0.23622047244094488,0.7952755905511811,0.0,0.0
2026-01-16T22:40:17.153300,interface,0.6220472440944882,0.0,0.0,1.0,0.23622047244094488,0.7952755905511811,0.0,0.0
2026-01-16T22:40:17.618065,interface,0.6220472440944882,0.0,0.0,1.0,0.23622047244094488,0.7952755905511811,0.0,0.0
2026-01-16T22:40:17.792678,interface,0.6220472440944882,0.0,0.0,1.0,0.23622047244094488,0.7952755905511811,0.0,0.0
2026-01-16T22:40:18.205240,interface,0.6220472440944882,0.0,0.0,1.0,0.23622047244094488,0.7952755905511811,0.0,0.0
2026-01-16T22:40:18.221274,interface,0.6220472440944882,0.0,0.0,1.0,0.23622047244094488,0.7874015748031497,0.0,0.0
2026-01-16T22:40:18.234490,interface,0.6220472440944882,0.0,0.0,1.0,0.23622047244094488,0.7795275590551181,0.0,0.0
2026-01-16T22:40:18.235275,interface,0.6220472440944882,0.0,0.0,1.0,0.23622047244094488,0.7716535433070866,0.0,0.0
2026-01-16T22:40:18.245476,interface,0.6220472440944882,0.0,0.0,1.0,0.23622047244094488,0.7637795275590551,0.0,0.0
2026-01-16T22:40:18.263887,interface,0.6220472440944882,0.0,0.0,1.0,0.23622047244094488,0.7480314960629921,0.0,0.0
2026-01-16T22:40:18.264676,interface,0.6220472440944882,0.0,0.0,1.0,0.23622047244094488,0.7401574803149606,0.0,0.0
2026-01-16T22:40:18.276418,interface,0.6220472440944882,0.0,0.0,1.0,0.23622047244094488,0.7244094488188977,0.0,0.0
2026-01-16T22:40:18.277206,interface,0.6220472440944882,0.0,0.0,1.0,0.23622047244094488,0.7086614173228346,0.0,0.0
2026-01-16T22:40:18.285720,interface,0.6220472440944882,0.0,0.0,1.0,0.23622047244094488,0.6929133858267716,0.0,0.0
2026-01-16T22:40:18.295708,interface,0.6220472440944882,0.0,0.0,1.0,0.23622047244094488,0.6771653543307087,0.0,0.0
2026-01-16T22:40:18.304950,interface,0.6220472440944882,0.0,0.0,1.0,0.23622047244094488,0.6614173228346457,0.0,0.0
2026-01-16T22:40:18.315946,interface,0.6220472440944882,0.0,0.0,1.0,0.23622047244094488,0.6456692913385826,0.0,0.0
2026-01-16T22:40:18.316719,interface,0.6220472440944882,0.0,0.0,1.0,0.23622047244094488,0.6299212598425197,0.0,0.0
2026-01-16T22:40:18.325691,interface,0.6220472440944882,0.0,0.0,1.0,0.23622047244094488,0.6220472440944882,0.0,0.0
2026-01-16T22:40:18.337290,interface,0.6220472440944882,0.0,0.0,1.0,0.23622047244094488,0.6062992125984252,0.0,0.0
2026-01-16T22:40:18.344910,interface,0.6220472440944882,0.0,0.0,1.0,0.23622047244094488,0.5984251968503937,0.0,0.0
2026-01-16T22:40:18.355495,interface,0.6220472440944882,0.0,0.0,1.0,0.23622047244094488,0.5905511811023622,0.0,0.0
2026-01-16T22:40:18.356285,interface,0.6220472440944882,0.0,0.0,1.0,0.23622047244094488,0.5826771653543307,0.0,0.0
2026-01-16T22:40:18.365693,interface,0.6220472440944882,0.0,0.0,1.0,0.23622047244094488,0.5748031496062992,0.0,0.0
2026-01-16T22:40:18.375337,interface,0.6220472440944882,0.0,0.0,1.0,0.23622047244094488,0.5669291338582677,0.0,0.0
2026-01-16T22:40:18.385336,interface,0.6220472440944882,0.0,0.0,1.0,0.23622047244094488,0.5669291338582677,0.0,0.0
2026-01-16T22:40:18.394883,interface,0.6220472440944882,0.0,0.0,1.0,0.23622047244094488,0.5590551181102362,0.0,0.0
2026-01-16T22:40:18.405606,interface,0.6220472440944882,0.0,0.0,1.0,0.23622047244094488,0.5590551181102362,0.0,0.0
2026-01-16T22:40:18.421692,interface,0.6220472440944882,0.0,0.0,1.0,0.23622047244094488,0.5511811023622047,0.0,0.0
2026-01-16T22:40:18.437692,interface,0.6220472440944882,0.0,0.0,1.0,0.23622047244094488,0.5433070866141733,0.0,0.0
2026-01-16T22:40:18.453673,interface,0.6220472440944882,0.0,0.0,1.0,0.23622047244094488,0.5354330708661418,0.0,0.0
2026-01-16T22:40:18.464748,interface,0.6220472440944882,0.0,0.0,1.0,0.23622047244094488,0.5354330708661418,0.0,0.0
2026-01-16T22:40:18.475475,interface,0.6220472440944882,0.0,0.0,1.0,0.23622047244094488,0.5275590551181102,0.0,0.0
2026-01-16T22:40:18.476205,interface,0.6220472440944882,0.0,0.0,1.0,0.23622047244094488,0.5196850393700787,0.0,0.0
2026-01-16T22:40:18.485703,interface,0.6220472440944882,0.0,0.0,1.0,0.23622047244094488,0.5196850393700787,0.0,0.0
2026-01-16T22:40:18.494809,interface,0.6220472440944882,0.0,0.0,1.0,0.23622047244094488,0.5118110236220472,0.0,0.0
2026-01-16T22:40:18.495583,interface,0.6220472440944882,0.0,0.0,1.0,0.23622047244094488,0.5118110236220472,0.0,0.0
2026-01-16T22:40:18.514445,interface,0.6220472440944882,0.0,0.0,1.0,0.23622047244094488,0.5039370078740157,0.0,0.0
2026-01-16T22:40:18.515266,interface,0.6220472440944882,0.0,0.0,1.0,0.23622047244094488,0.49606299212598426,0.0,0.0
2026-01-16T22:40:18.526652,interface,0.6220472440944882,0.0,0.0,1.0,0.23622047244094488,0.4881889763779528,0.0,0.0
2026-01-16T22:40:18.533690,interface,0.6220472440944882,0.0,0.0,1.0,0.23622047244094488,0.47244094488188976,0.0,0.0
2026-01-16T22:40:18.544719,interface,0.6220472440944882,0.0,0.0,1.0,0.23622047244094488,0.4566929133858268,0.0,0.0
2026-01-16T22:40:18.553210,interface,0.6220472440944882,0.0,0.0,1.0,0.23622047244094488,0.44881889763779526,0.0,0.0
2026-01-16T22:40:18.554024,interface,0.6220472440944882,0.0,0.0,1.0,0.23622047244094488,0.4330708661417323,0.0,0.0
2026-01-16T22:40:18.570650,interface,0.6220472440944882,0.0,0.0,1.0,0.23622047244094488,0.41732283464566927,0.0,0.0
2026-01-16T22:40:18.571465,interface,0.6220472440944882,0.0,0.0,1.0,0.23622047244094488,0.4015748031496063,0.0,0.0
2026-01-16T22:40:18.591736,interface,0.6220472440944882,0.0,0.0,1.0,0.23622047244094488,0.3858267716535433,0.0,0.0
2026-01-16T22:40:18.592556,interface,0.6220472440944882,0.0,0.0,1.0,0.23622047244094488,0.3700787401574803,0.0,0.0
2026-01-16T22:40:18.593241,interface,0.6220472440944882,0.0,0.0,1.0,0.23622047244094488,0.36220472440944884,0.0,0.0
2026-01-16T22:40:18.605740,interface,0.6220472440944882,0.0,0.0,1.0,0.23622047244094488,0.3464566929133858,0.0,0.0
2026-01-16T22:40:18.615778,interface,0.6220472440944882,0.0,0.0,1.0,0.23622047244094488,0.33858267716535434,0.0,0.0
2026-01-16T22:40:18.624713,interface,0.6220472440944882,0.0,0.0,1.0,0.23622047244094488,0.33070866141732286,0.0,0.0
2026-01-16T22:40:18.635256,interface,0.6220472440944882,0.0,0.0,1.0,0.23622047244094488,0.3228346456692913,0.0,0.0
2026-01-16T22:40:18.636086,interface,0.6220472440944882,0.0,0.0,1.0,0.23622047244094488,0.31496062992125984,0.0,0.0
2026-01-16T22:40:18.650354,interface,0.6220472440944882,0.0,0.0,1.0,0.23622047244094488,0.31496062992125984,0.0,0.0
2026-01-16T22:40:18.651164,interface,0.6220472440944882,0.0,0.0,1.0,0.23622047244094488,0.30708661417322836,0.0,0.0
2026-01-16T22:40:18.665600,interface,0.6220472440944882,0.0,0.0,1.0,0.23622047244094488,0.2992125984251969,0.0,0.0
2026-01-16T22:40:18.677728,interface,0.6220472440944882,0.0,0.0,1.0,0.23622047244094488,0.2992125984251969,0.0,0.0
2026-01-16T22:40:18.693670,interface,0.6220472440944882,0.0,0.0,1.0,0.23622047244094488,0.29133858267716534,0.0,0.0
2026-01-16T22:40:18.717745,interface,0.6220472440944882,0.0,0.0,1.0,0.23622047244094488,0.28346456692913385,0.0,0.0
2026-01-16T22:40:18.725735,interface,0.6220472440944882,0.0,0.0,1.0,0.23622047244094488,0.28346456692913385,0.0,0.0
2026-01-16T22:40:18.734659,interface,0.6220472440944882,0.0,0.0,1.0,0.23622047244094488,0.2755905511811024,0.0,0.0
2026-01-16T22:40:18.745505,interface,0.6220472440944882,0.0,0.0,1.0,0.23622047244094488,0.2755905511811024,0.0,0.0
2026-01-16T22:40:18.755308,interface,0.6220472440944882,0.0,0.0,1.0,0.23622047244094488,0.2677165354330709,0.0,0.0
2026-01-16T22:40:18.756041,interface,0.6220472440944882,0.0,0.0,1.0,0.23622047244094488,0.25984251968503935,0.0,0.0
2026-01-16T22:40:18.766380,interface,0.6220472440944882,0.0,0.0,1.0,0.23622047244094488,0.25984251968503935,0.0,0.0
2026-01-16T22:40:18.775157,interface,0.6220472440944882,0.0,0.0,1.0,0.23622047244094488,0.25984251968503935,0.0,0.0
2026-01-16T22:40:18.776553,interface,0.6220472440944882,0.0,0.0,1.0,0.23622047244094488,0.25196850393700787,0.0,0.0
2026-01-16T22:40:18.794166,interface,0.6220472440944882,0.0,0.0,1.0,0.23622047244094488,0.2440944881889764,0.0,0.0
2026-01-16T22:40:18.794967,interface,0.6220472440944882,0.0,0.0,1.0,0.23622047244094488,0.23622047244094488,0.0,0.0
2026-01-16T22:40:18.795686,interface,0.6220472440944882,0.0,0.0,1.0,0.23622047244094488,0.23622047244094488,0.0,0.0
2026-01-16T22:40:18.805782,interface,0.6220472440944882,0.0,0.0,1.0,0.23622047244094488,0.2204724409448819,0.0,0.0
2026-01-16T22:40:18.815386,interface,0.6220472440944882,0.0,0.0,1.0,0.23622047244094488,0.2125984251968504,0.0,0.0
2026-01-16T22:40:18.825272,interface,0.6220472440944882,0.0,0.0,1.0,0.23622047244094488,0.2047244094488189,0.0,0.0
2026-01-16T22:40:18.837258,interface,0.6220472440944882,0.0,0.0,1.0,0.23622047244094488,0.1968503937007874,0.0,0.0
2026-01-16T22:40:18.838051,interface,0.6220472440944882,0.0,0.0,1.0,0.23622047244094488,0.1889763779527559,0.0,0.0
2026-01-16T22:40:18.845618,interface,0.6220472440944882,0.0,0.0,1.0,0.23622047244094488,0.18110236220472442,0.0,0.0
2026-01-16T22:40:18.854573,interface,0.6220472440944882,0.0,0.0,1.0,0.23622047244094488,0.1732283464566929,0.0,0.0
2026-01-16T22:40:18.865310,interface,0.6220472440944882,0.0,0.0,1.0,0.23622047244094488,0.15748031496062992,0.0,0.0
2026-01-16T22:40:18.874718,interface,0.6220472440944882,0.0,0.0,1.0,0.23622047244094488,0.14960629921259844,0.0,0.0
2026-01-16T22:40:18.875530,interface,0.6220472440944882,0.0,0.0,1.0,0.23622047244094488,0.14173228346456693,0.0,0.0
2026-01-16T22:40:18.886472,interface,0.6220472440944882,0.0,0.0,1.0,0.23622047244094488,0.12598425196850394,0.0,0.0
2026-01-16T22:40:18.894892,interface,0.6220472440944882,0.0,0.0,1.0,0.23622047244094488,0.11811023622047244,0.0,0.0
2026-01-16T22:40:18.904909,interface,0.6220472440944882,0.0,0.0,1.0,0.23622047244094488,0.10236220472440945,0.0,0.0
2026-01-16T22:40:18.905697,interface,0.6220472440944882,0.0,0.0,1.0,0.23622047244094488,0.09448818897637795,0.0,0.0
2026-01-16T22:40:18.917711,interface,0.6220472440944882,0.0,0.0,1.0,0.23622047244094488,0.08661417322834646,0.0,0.0
2026-01-16T22:40:18.925598,interface,0.6220472440944882,0.0,0.0,1.0,0.23622047244094488,0.07086614173228346,0.0,0.0
2026-01-16T22:40:18.936399,interface,0.6220472440944882,0.0,0.0,1.0,0.23622047244094488,0.06299212598425197,0.0,0.0
2026-01-16T22:40:18.944855,interface,0.6220472440944882,0.0,0.0,1.0,0.23622047244094488,0.05511811023622047,0.0,0.0
2026-01-16T22:40:18.945670,interface,0.6220472440944882,0.0,0.0,1.0,0.23622047244094488,0.047244094488188976,0.0,0.0
2026-01-16T22:40:18.955812,interface,0.6220472440944882,0.0,0.0,1.0,0.23622047244094488,0.03937007874015748,0.0,0.0
2026-01-16T22:40:18.964891,interface,0.6220472440944882,0.0,0.0,1.0,0.23622047244094488,0.031496062992125984,0.0,0.0
2026-01-16T22:40:18.974992,interface,0.6220472440944882,0.0,0.0,1.0,0.23622047244094488,0.023622047244094488,0.0,0.0
2026-01-16T22:40:18.984557,interface,0.6220472440944882,0.0,0.0,1.0,0.23622047244094488,0.015748031496062992,0.0,0.0
2026-01-16T22:40:18.985292,interface,0.6220472440944882,0.0,0.0,1.0,0.23622047244094488,0.007874015748031496,0.0,0.0
2026-01-16T22:40:19.000698,interface,0.6220472440944882,0.0,0.0,1.0,0.23622047244094488,0.007874015748031496,0.0,0.0
2026-01-16T22:40:19.002202,interface,0.6220472440944882,0.0,0.0,1.0,0.23622047244094488,0.007874015748031496,0.0,0.0
2026-01-16T22:40:19.019885,interface,0.6220472440944882,0.0,0.0,1.0,0.23622047244094488,0.0,0.0,0.0
2026-01-16T22:40:19.043793,interface,0.6220472440944882,0.0,0.0,1.0,0.23622047244094488,0.0,0.0,0.0
2026-01-16T22:40:19.216010,interface,0.6220472440944882,0.0,0.0,1.0,0.23622047244094488,0.0,0.0,0.0
2026-01-16T22:40:19.452807,interface,0.6220472440944882,0.0,0.0,1.0,0.23622047244094488,0.0,0.0,0.0
2026-01-16T22:40:19.718799,interface,0.6220472440944882,0.0,0.0,1.0,0.23622047244094488,0.0,0.0,0.0
2026-01-16T22:40:20.206065,interface,0.6220472440944882,0.0,0.0,1.0,0.23622047244094488,0.0,0.0,0.0
2026-01-16T22:40:20.533181,interface,0.6220472440944882,0.0,0.0,1.0,0.23622047244094488,0.0,0.0,0.0
2026-01-16T22:40:20.684175,interface,0.6220472440944882,0.0,0.0,1.0,0.23622047244094488,0.0,0.0,0.0
2026-01-16T22:40:20.859410,interface,0.6220472440944882,0.0,0.0,1.0,0.23622047244094488,0.0,0.0,0.0
2026-01-16T22:40:21.062067,interface,0.6220472440944882,0.0,0.0,1.0,0.23622047244094488,0.0,0.0,0.0
2026-01-16T22:40:21.338680,interface,0.6220472440944882,0.0,0.0,1.0,0.23622047244094488,0.0,0.007874015748031496,0.0
2026-01-16T22:40:21.354410,interface,0.6220472440944882,0.0,0.0,1.0,0.23622047244094488,0.0,0.007874015748031496,0.0
2026-01-16T22:40:21.370456,interface,0.6220472440944882,0.0,0.0,1.0,0.23622047244094488,0.0,0.015748031496062992,0.0
2026-01-16T22:40:21.378404,interface,0.6220472440944882,0.0,0.0,1.0,0.23622047244094488,0.0,0.023622047244094488,0.0
2026-01-16T22:40:21.386392,interface,0.6220472440944882,0.0,0.0,1.0,0.23622047244094488,0.0,0.023622047244094488,0.0
2026-01-16T22:40:21.400225,interface,0.6220472440944882,0.0,0.0,1.0,0.23622047244094488,0.0,0.031496062992125984,0.0
2026-01-16T22:40:21.401006,interface,0.6220472440944882,0.0,0.0,1.0,0.23622047244094488,0.0,0.03937007874015748,0.0
2026-01-16T22:40:21.415523,interface,0.6220472440944882,0.0,0.0,1.0,0.23622047244094488,0.0,0.047244094488188976,0.0
2026-01-16T22:40:21.416326,interface,0.6220472440944882,0.0,0.0,1.0,0.23622047244094488,0.0,0.05511811023622047,0.0
2026-01-16T22:40:21.426443,interface,0.6220472440944882,0.0,0.0,1.0,0.23622047244094488,0.0,0.06299212598425197,0.0
2026-01-16T22:40:21.435291,interface,0.6220472440944882,0.0,0.0,1.0,0.23622047244094488,0.0,0.07086614173228346,0.0
2026-01-16T22:40:21.444663,interface,0.6220472440944882,0.0,0.0,1.0,0.23622047244094488,0.0,0.07874015748031496,0.0
2026-01-16T22:40:21.456192,interface,0.6220472440944882,0.0,0.0,1.0,0.23622047244094488,0.0,0.08661417322834646,0.0
2026-01-16T22:40:21.456966,interface,0.6220472440944882,0.0,0.0,1.0,0.23622047244094488,0.0,0.09448818897637795,0.0
2026-01-16T22:40:21.466416,interface,0.6220472440944882,0.0,0.0,1.0,0.23622047244094488,0.0,0.10236220472440945,0.0
2026-01-16T22:40:21.475289,interface,0.6220472440944882,0.0,0.0,1.0,0.23622047244094488,0.0,0.11023622047244094,0.0
2026-01-16T22:40:21.484693,interface,0.6220472440944882,0.0,0.0,1.0,0.23622047244094488,0.0,0.11811023622047244,0.0
2026-01-16T22:40:21.485477,interface,0.6220472440944882,0.0,0.0,1.0,0.23622047244094488,0.0,0.12598425196850394,0.0
2026-01-16T22:40:21.496474,interface,0.6220472440944882,0.0,0.0,1.0,0.23622047244094488,0.0,0.13385826771653545,0.0
2026-01-16T22:40:21.506399,interface,0.6220472440944882,0.0,0.0,1.0,0.23622047244094488,0.0,0.14173228346456693,0.0
2026-01-16T22:40:21.515293,interface,0.6220472440944882,0.0,0.0,1.0,0.23622047244094488,0.0,0.14173228346456693,0.0
2026-01-16T22:40:21.528423,interface,0.6220472440944882,0.0,0.0,1.0,0.23622047244094488,0.0,0.14960629921259844,0.0
2026-01-16T22:40:21.560458,interface,0.6220472440944882,0.0,0.0,1.0,0.23622047244094488,0.0,0.14960629921259844,0.0
2026-01-16T22:40:21.786967,interface,0.6220472440944882,0.0,0.0,1.0,0.23622047244094488,0.0,0.14960629921259844,0.0
2026-01-16T22:40:22.941622,interface,0.6220472440944882,0.0,0.0,1.0,0.23622047244094488,0.0,0.14960629921259844,0.0
2026-01-16T22:40:23.025703,interface,0.8110236220472441,0.0,0.0,1.0,0.23622047244094488,0.0,0.14960629921259844,0.0
2026-01-16T22:40:23.162875,interface,0.8110236220472441,0.0,0.0,1.0,0.23622047244094488,0.0,0.14960629921259844,0.0
2026-01-16T22:40:23.391766,interface,0.8110236220472441,0.0,0.0,1.0,0.23622047244094488,0.0,0.14960629921259844,0.0
2026-01-16T22:40:23.542065,interface,0.8110236220472441,0.0,0.0,1.0,0.23622047244094488,0.0,0.14960629921259844,0.0
2026-01-16T22:40:23.556859,interface,0.8031496062992126,0.0,0.0,1.0,0.23622047244094488,0.0,0.14960629921259844,0.0
2026-01-16T22:40:23.617084,interface,0.8110236220472441,0.0,0.0,1.0,0.23622047244094488,0.0,0.14960629921259844,0.0
2026-01-16T22:40:23.715552,interface,0.8110236220472441,0.0,0.0,1.0,0.23622047244094488,0.0,0.14960629921259844,0.0
2026-01-16T22:40:23.869697,interface,0.8110236220472441,0.0,0.0,1.0,0.23622047244094488,0.0,0.14960629921259844,0.0
2026-01-16T22:40:23.884543,interface,0.7952755905511811,0.0,0.0,1.0,0.23622047244094488,0.0,0.14960629921259844,0.0
2026-01-16T22:40:23.944977,interface,0.8110236220472441,0.0,0.0,1.0,0.23622047244094488,0.0,0.14960629921259844,0.0
2026-01-16T22:40:24.043199,interface,0.8110236220472441,0.0,0.0,1.0,0.23622047244094488,0.0,0.14960629921259844,0.0
2026-01-16T22:40:26.799021,interface,0.6220472440944882,0.0,0.0,1.0,0.23622047244094488,0.0,0.14960629921259844,0.0
2026-01-16T22:40:26.927636,interface,0.6220472440944882,0.0,0.0,1.0,0.23622047244094488,0.0,0.14960629921259844,0.0
2026-01-16T22:40:27.003940,interface,0.6220472440944882,0.0,0.0,1.0,0.23622047244094488,0.0,0.14960629921259844,0.0
2026-01-16T22:40:27.102735,interface,0.6614173228346457,0.0,0.0,1.0,0.23622047244094488,0.0,0.14960629921259844,0.0
2026-01-16T22:40:27.266073,interface,0.6614173228346457,0.0,0.0,1.0,0.23622047244094488,0.0,0.14960629921259844,0.0
2026-01-16T22:40:27.280870,interface,0.6535433070866141,0.0,0.0,1.0,0.23622047244094488,0.0,0.14960629921259844,0.0
2026-01-16T22:40:27.326054,interface,0.8110236220472441,0.0,0.0,1.0,0.23622047244094488,0.0,0.14960629921259844,0.0
2026-01-16T22:40:27.446838,interface,0.6614173228346457,0.0,0.0,1.0,0.23622047244094488,0.0,0.14960629921259844,0.0
2026-01-16T22:40:27.543488,interface,0.6220472440944882,0.0,0.0,1.0,0.23622047244094488,0.0,0.14960629921259844,0.0
2026-01-16T22:40:28.579026,interface,0.5669291338582677,0.0,0.0,1.0,0.23622047244094488,0.0,0.14960629921259844,0.0
2026-01-16T22:40:28.667098,interface,0.4330708661417323,0.0,0.0,1.0,0.23622047244094488,0.0,0.14960629921259844,0.0
2026-01-16T22:40:28.728532,interface,0.47244094488188976,0.0,0.0,1.0,0.23622047244094488,0.0,0.14960629921259844,0.0
2026-01-16T22:40:28.780265,interface,0.5275590551181102,0.0,0.0,1.0,0.23622047244094488,0.0,0.14960629921259844,0.0
2026-01-16T22:40:28.881532,interface,0.4330708661417323,0.0,0.0,1.0,0.23622047244094488,0.0,0.14960629921259844,0.0
2026-01-16T22:40:29.004962,interface,0.7165354330708661,0.0,0.0,1.0,0.23622047244094488,0.0,0.14960629921259844,0.0
2026-01-16T22:40:29.214964,interface,0.8503937007874016,0.0,0.0,1.0,0.23622047244094488,0.0,0.14960629921259844,0.0
2026-01-16T22:40:29.942976,interface,0.6614173228346457,0.0,0.0,1.0,0.23622047244094488,0.0,0.14960629921259844,0.0
2026-01-16T22:40:30.010783,interface,0.5669291338582677,0.0,0.0,1.0,0.23622047244094488,0.0,0.14960629921259844,0.0
2026-01-16T22:40:30.105040,interface,0.6220472440944882,0.0,0.0,1.0,0.23622047244094488,0.0,0.14960629921259844,0.0
2026-01-16T22:40:30.138769,interface,0.6614173228346457,0.0,0.0,1.0,0.23622047244094488,0.0,0.14960629921259844,0.0
2026-01-16T22:40:30.223872,interface,0.7165354330708661,0.0,0.0,1.0,0.23622047244094488,0.0,0.14960629921259844,0.0
2026-01-16T22:40:30.272175,interface,0.7559055118110236,0.0,0.0,1.0,0.23622047244094488,0.0,0.14960629921259844,0.0
2026-01-16T22:40:30.295293,interface,0.7559055118110236,0.0,0.0,1.0,0.23622047244094488,0.0,0.14960629921259844,0.0
2026-01-16T22:40:30.486272,interface,0.47244094488188976,0.0,0.0,1.0,0.23622047244094488,0.0,0.14960629921259844,0.0
2026-01-16T22:40:30.571064,interface,0.5275590551181102,0.0,0.0,1.0,0.23622047244094488,0.0,0.14960629921259844,0.0
2026-01-16T22:40:31.038828,interface,0.5669291338582677,0.0,0.0,1.0,0.23622047244094488,0.0,0.14960629921259844,0.0
2026-01-16T22:40:31.151315,interface,0.6614173228346457,0.0,0.0,1.0,0.23622047244094488,0.0,0.14960629921259844,0.0
2026-01-16T22:40:31.152195,interface,0.6220472440944882,0.0,0.0,1.0,0.23622047244094488,0.0,0.14960629921259844,0.0
2026-01-16T22:40:31.171501,interface,0.6614173228346457,0.0,0.0,1.0,0.23622047244094488,0.0,0.14960629921259844,0.0
2026-01-16T22:40:31.218982,interface,0.7165354330708661,0.0,0.0,1.0,0.23622047244094488,0.0,0.14960629921259844,0.0
2026-01-16T22:40:31.276271,interface,0.7559055118110236,0.0,0.0,1.0,0.23622047244094488,0.0,0.14960629921259844,0.0
2026-01-16T22:40:31.439620,interface,0.905511811023622,0.0,0.0,1.0,0.23622047244094488,0.0,0.14960629921259844,0.0
2026-01-16T22:40:31.639195,interface,0.6614173228346457,0.0,0.0,1.0,0.23622047244094488,0.0,0.14960629921259844,0.0
2026-01-16T22:40:31.654171,interface,0.889763779527559,0.0,0.0,1.0,0.23622047244094488,0.0,0.14960629921259844,0.0
2026-01-16T22:40:31.798747,interface,0.8818897637795275,0.0,0.0,1.0,0.23622047244094488,0.0,0.14960629921259844,0.0
2026-01-16T22:40:32.893766,interface,0.6220472440944882,0.0,0.0,1.0,0.23622047244094488,0.0,0.14960629921259844,0.0
2026-01-16T22:40:32.969718,interface,0.6614173228346457,0.0,0.0,1.0,0.23622047244094488,0.0,0.14960629921259844,0.0
2026-01-16T22:40:33.434765,interface,0.5669291338582677,0.0,0.0,1.0,0.23622047244094488,0.0,0.14960629921259844,0.0
2026-01-16T22:40:33.676136,interface,0.5669291338582677,0.0,0.0,1.0,0.23622047244094488,0.0,0.14960629921259844,0.0
2026-01-16T22:40:34.300546,interface,0.5669291338582677,0.0,0.0,1.0,0.23622047244094488,0.0,0.14960629921259844,0.0
2026-01-16T22:40:34.631092,interface,0.5669291338582677,0.0,0.0,1.0,0.23622047244094488,0.0,0.14960629921259844,0.0
2026-01-16T22:40:35.078273,interface,0.5669291338582677,0.0,0.0,1.0,0.23622047244094488,0.0,0.14960629921259844,0.0
2026-01-16T22:40:36.113404,interface,0.8110236220472441,0.0,0.0,1.0,0.23622047244094488,0.0,0.14960629921259844,0.0
2026-01-16T22:40:36.186018,interface,0.6614173228346457,0.0,0.0,1.0,0.23622047244094488,0.0,0.14960629921259844,0.0
2026-01-16T22:40:36.193655,interface,0.6220472440944882,0.0,0.0,1.0,0.23622047244094488,0.0,0.14960629921259844,0.0
2026-01-16T22:40:36.195300,interface,0.6614173228346457,0.0,0.0,1.0,0.23622047244094488,0.0,0.14960629921259844,0.0
2026-01-16T22:40:36.427258,interface,0.47244094488188976,0.0,0.0,1.0,0.23622047244094488,0.0,0.14960629921259844,0.0
2026-01-16T22:40:36.486575,interface,0.5275590551181102,0.0,0.0,1.0,0.23622047244094488,0.0,0.14960629921259844,0.0
2026-01-16T22:40:36.550161,interface,0.5669291338582677,0.0,0.0,1.0,0.23622047244094488,0.0,0.14960629921259844,0.0
2026-01-16T22:40:37.605993,interface,0.5669291338582677,0.0,0.0,1.0,0.23622047244094488,0.0,0.14960629921259844,0.0
2026-01-16T22:40:37.867431,interface,0.5669291338582677,0.0,0.0,1.0,0.23622047244094488,0.0,0.14960629921259844,0.0
2026-01-16T22:40:38.019989,interface,0.47244094488188976,0.0,0.0,1.0,0.23622047244094488,0.0,0.14960629921259844,0.0
2026-01-16T22:40:38.131525,interface,0.6220472440944882,0.0,0.0,1.0,0.23622047244094488,0.0,0.14960629921259844,0.0
2026-01-16T22:40:38.225172,interface,0.47244094488188976,0.0,0.0,1.0,0.23622047244094488,0.0,0.14960629921259844,0.0
2026-01-16T22:40:38.318912,interface,0.5275590551181102,0.0,0.0,1.0,0.23622047244094488,0.0,0.14960629921259844,0.0
2026-01-16T22:40:38.434430,interface,0.8110236220472441,0.0,0.0,1.0,0.23622047244094488,0.0,0.14960629921259844,0.0
2026-01-16T22:40:38.551602,interface,0.6220472440944882,0.0,0.0,1.0,0.23622047244094488,0.0,0.14960629921259844,0.0
2026-01-16T22:40:38.685734,interface,0.6614173228346457,0.0,0.0,1.0,0.23622047244094488,0.0,0.14960629921259844,0.0
2026-01-16T22:40:39.106012,interface,0.6220472440944882,0.0,0.0,1.0,0.23622047244094488,0.0,0.14960629921259844,0.0
2026-01-16T22:40:39.358456,interface,0.6062992125984252,0.0,0.0,1.0,0.23622047244094488,0.0,0.14960629921259844,0.0
2026-01-16T22:40:39.395017,interface,0.7165354330708661,0.0,0.0,1.0,0.23622047244094488,0.0,0.14960629921259844,0.0
2026-01-16T22:40:39.395894,interface,0.6220472440944882,0.0,0.0,1.0,0.23622047244094488,0.0,0.14960629921259844,0.0
2026-01-16T22:40:39.408904,interface,0.7165354330708661,0.0,0.0,1.0,0.23622047244094488,0.0,0.14960629921259844,0.0
2026-01-16T22:40:39.645686,interface,0.6220472440944882,0.0,0.0,1.0,0.23622047244094488,0.0,0.14960629921259844,0.0
2026-01-16T22:40:39.660452,interface,0.6850393700787402,0.0,0.0,1.0,0.23622047244094488,0.0,0.14960629921259844,0.0
2026-01-16T22:40:39.729315,interface,0.8503937007874016,0.0,0.0,1.0,0.23622047244094488,0.0,0.14960629921259844,0.0
2026-01-16T22:40:40.199393,interface,0.5826771653543307,0.0,0.0,1.0,0.23622047244094488,0.0,0.14960629921259844,0.0
2026-01-16T22:40:40.741464,interface,0.6220472440944882,0.0,0.0,1.0,0.23622047244094488,0.0,0.14960629921259844,0.0
2026-01-16T22:40:40.815232,interface,0.5433070866141733,0.0,0.0,1.0,0.23622047244094488,0.0,0.14960629921259844,0.0
2026-01-16T22:40:41.450595,interface,0.6220472440944882,0.0,0.0,1.0,0.23622047244094488,0.0,0.14960629921259844,0.0
2026-01-16T22:40:41.728218,interface,0.6220472440944882,0.0,0.0,1.0,0.23622047244094488,0.0,0.14960629921259844,0.0
2026-01-16T22:40:41.750523,interface,0.6220472440944882,0.0,0.0,1.0,0.23622047244094488,0.0,0.14960629921259844,0.0
2026-01-16T22:40:42.065966,interface,0.6220472440944882,0.0,0.0,1.0,0.23622047244094488,0.0,0.14960629921259844,0.0
2026-01-16T22:40:43.011231,interface,0.6614173228346457,0.0,0.0,1.0,0.23622047244094488,0.0,0.14960629921259844,0.0
2026-01-16T22:40:43.076893,interface,0.8110236220472441,0.0,0.0,1.0,0.23622047244094488,0.0,0.14960629921259844,0.0
2026-01-16T22:40:43.178154,interface,0.7165354330708661,0.0,0.0,1.0,0.23622047244094488,0.0,0.14960629921259844,0.0
2026-01-16T22:40:43.278164,interface,0.6220472440944882,0.0,0.0,1.0,0.23622047244094488,0.0,0.14960629921259844,0.0
2026-01-16T22:40:43.349035,interface,0.6614173228346457,0.0,0.0,1.0,0.23622047244094488,0.0,0.14960629921259844,0.0
2026-01-16T22:40:43.461186,interface,0.5669291338582677,0.0,0.0,1.0,0.23622047244094488,0.0,0.14960629921259844,0.0
2026-01-16T22:40:43.612341,interface,0.47244094488188976,0.0,0.0,1.0,0.23622047244094488,0.0,0.14960629921259844,0.0
2026-01-16T22:40:43.948411,interface,0.5669291338582677,0.0,0.0,1.0,0.23622047244094488,0.0,0.14960629921259844,0.0
2026-01-16T22:40:44.199139,interface,0.6614173228346457,0.0,0.0,1.0,0.23622047244094488,0.0,0.14960629921259844,0.0
2026-01-16T22:40:44.529188,interface,0.905511811023622,0.0,0.0,1.0,0.23622047244094488,0.0,0.14960629921259844,0.0
2026-01-16T22:40:44.679985,interface,0.8503937007874016,0.0,0.0,1.0,0.23622047244094488,0.0,0.14960629921259844,0.0
2026-01-16T22:40:44.800746,interface,0.5669291338582677,0.0,0.0,1.0,0.23622047244094488,0.0,0.14960629921259844,0.0
2026-01-16T22:40:44.968258,interface,0.6614173228346457,0.0,0.0,1.0,0.23622047244094488,0.0,0.14960629921259844,0.0
2026-01-16T22:40:45.095180,interface,0.7559055118110236,0.0,0.0,1.0,0.23622047244094488,0.0,0.14960629921259844,0.0
2026-01-16T22:40:45.321957,interface,0.5669291338582677,0.0,0.0,1.0,0.23622047244094488,0.0,0.14960629921259844,0.0
2026-01-16T22:40:45.615797,interface,0.7559055118110236,0.0,0.0,1.0,0.23622047244094488,0.0,0.14960629921259844,0.0
2026-01-16T22:40:45.868593,interface,0.5669291338582677,0.0,0.0,1.0,0.23622047244094488,0.0,0.14960629921259844,0.0
2026-01-16T22:40:46.496169,interface,0.7559055118110236,0.0,0.0,1.0,0.23622047244094488,0.0,0.14960629921259844,0.0
2026-01-16T22:40:46.654986,interface,0.6614173228346457,0.0,0.0,1.0,0.23622047244094488,0.0,0.14960629921259844,0.0
2026-01-16T22:40:46.789800,interface,0.6220472440944882,0.0,0.0,1.0,0.23622047244094488,0.0,0.14960629921259844,0.0
2026-01-16T22:40:46.886522,interface,0.6614173228346457,0.0,0.0,1.0,0.23622047244094488,0.0,0.14960629921259844,0.0
2026-01-16T22:40:46.909564,interface,0.6614173228346457,0.0,0.0,1.0,0.23622047244094488,0.0,0.14960629921259844,0.0
2026-01-16T22:40:47.039344,interface,0.8110236220472441,0.0,0.0,1.0,0.23622047244094488,0.0,0.14960629921259844,0.0
2026-01-16T22:40:47.140083,interface,0.6220472440944882,0.0,0.0,1.0,0.23622047244094488,0.0,0.14960629921259844,0.0
2026-01-16T22:40:47.241406,interface,0.8503937007874016,0.0,0.0,1.0,0.23622047244094488,0.0,0.14960629921259844,0.0
2026-01-16T22:40:47.328923,interface,0.905511811023622,0.0,0.0,1.0,0.23622047244094488,0.0,0.14960629921259844,0.0
2026-01-16T22:40:47.727070,interface,0.6220472440944882,0.0,0.0,1.0,0.23622047244094488,0.0,0.14960629921259844,0.0
2026-01-16T22:40:48.019758,interface,0.47244094488188976,0.0,0.0,1.0,0.23622047244094488,0.0,0.14960629921259844,0.0
2026-01-16T22:40:48.135076,interface,0.4330708661417323,0.0,0.0,1.0,0.23622047244094488,0.0,0.14960629921259844,0.0
2026-01-16T22:40:48.231676,interface,0.5275590551181102,0.0,0.0,1.0,0.23622047244094488,0.0,0.14960629921259844,0.0
2026-01-16T22:40:48.326399,interface,0.47244094488188976,0.0,0.0,1.0,0.23622047244094488,0.0,0.14960629921259844,0.0
2026-01-16T22:40:48.423720,interface,0.5669291338582677,0.0,0.0,1.0,0.23622047244094488,0.0,0.14960629921259844,0.0
2026-01-16T22:40:48.537417,interface,0.4330708661417323,0.0,0.0,1.0,0.23622047244094488,0.0,0.14960629921259844,0.0
2026-01-16T22:40:48.638587,interface,0.6614173228346457,0.0,0.0,1.0,0.23622047244094488,0.0,0.14960629921259844,0.0
2026-01-16T22:40:48.726629,interface,0.7165354330708661,0.0,0.0,1.0,0.23622047244094488,0.0,0.14960629921259844,0.0
2026-01-16T22:40:48.789176,interface,0.6220472440944882,0.0,0.0,1.0,0.23622047244094488,0.0,0.14960629921259844,0.0
2026-01-16T22:40:48.850408,interface,0.4330708661417323,0.0,0.0,1.0,0.23622047244094488,0.0,0.14960629921259844,0.0
2026-01-16T22:40:48.951656,interface,0.8503937007874016,0.0,0.0,1.0,0.23622047244094488,0.0,0.14960629921259844,0.0
2026-01-16T22:40:48.975292,interface,0.8503937007874016,0.0,0.0,1.0,0.23622047244094488,0.0,0.14960629921259844,0.0
2026-01-16T22:40:49.034717,interface,0.905511811023622,0.0,0.0,1.0,0.23622047244094488,0.0,0.14960629921259844,0.0
2026-01-16T22:40:49.078453,interface,0.8110236220472441,0.0,0.0,1.0,0.23622047244094488,0.0,0.14960629921259844,0.0
2026-01-16T22:40:49.144688,interface,0.6220472440944882,0.0,0.0,1.0,0.23622047244094488,0.0,0.14960629921259844,0.0
2026-01-16T22:40:49.493077,interface,0.7165354330708661,0.0,0.0,1.0,0.23622047244094488,0.0,0.14960629921259844,0.0
2026-01-16T22:40:49.704021,interface,0.6614173228346457,0.0,0.0,1.0,0.23622047244094488,0.0,0.14960629921259844,0.0
2026-01-16T22:40:49.967456,interface,0.8503937007874016,0.0,0.0,1.0,0.23622047244094488,0.0,0.14960629921259844,0.0
2026-01-16T22:40:50.087090,interface,0.8110236220472441,0.0,0.0,1.0,0.23622047244094488,0.0,0.14960629921259844,0.0
2026-01-16T22:40:50.206707,interface,0.6614173228346457,0.0,0.0,1.0,0.23622047244094488,0.0,0.14960629921259844,0.0
2026-01-16T22:40:50.324476,interface,0.6220472440944882,0.0,0.0,1.0,0.23622047244094488,0.0,0.14960629921259844,0.0
2026-01-16T22:40:50.478660,interface,0.47244094488188976,0.0,0.0,1.0,0.23622047244094488,0.0,0.14960629921259844,0.0
2026-01-16T22:40:50.607177,interface,0.5275590551181102,0.0,0.0,1.0,0.23622047244094488,0.0,0.14960629921259844,0.0
2026-01-16T22:40:50.722011,interface,0.6220472440944882,0.0,0.0,1.0,0.23622047244094488,0.0,0.14960629921259844,0.0
2026-01-16T22:40:50.882825,interface,0.4330708661417323,0.0,0.0,1.0,0.23622047244094488,0.0,0.14960629921259844,0.0
2026-01-16T22:40:51.019605,interface,0.47244094488188976,0.0,0.0,1.0,0.23622047244094488,0.0,0.14960629921259844,0.0
2026-01-16T22:40:51.159454,interface,0.5669291338582677,0.0,0.0,1.0,0.23622047244094488,0.0,0.14960629921259844,0.0
2026-01-16T22:40:51.299201,interface,0.6614173228346457,0.0,0.0,1.0,0.23622047244094488,0.0,0.14960629921259844,0.0
2026-01-16T22:40:51.556652,interface,0.6220472440944882,0.0,0.0,1.0,0.23622047244094488,0.0,0.14960629921259844,0.0
2026-01-16T22:40:51.690629,interface,0.6220472440944882,0.0,0.0,1.0,0.23622047244094488,0.0,0.14960629921259844,0.0
2026-01-16T22:40:51.944745,interface,0.5669291338582677,0.0,0.0,1.0,0.23622047244094488,0.0,0.14960629921259844,0.0
2026-01-16T22:40:52.067898,interface,0.4330708661417323,0.0,0.0,1.0,0.23622047244094488,0.0,0.14960629921259844,0.0
2026-01-16T22:40:52.206781,interface,0.5669291338582677,0.0,0.0,1.0,0.23622047244094488,0.0,0.14960629921259844,0.0
2026-01-16T22:40:52.359698,interface,0.6220472440944882,0.0,0.0,1.0,0.23622047244094488,0.0,0.14960629921259844,0.0
2026-01-16T22:40:52.461031,interface,0.5669291338582677,0.0,0.0,1.0,0.23622047244094488,0.0,0.14960629921259844,0.0
2026-01-16T22:40:53.030924,interface,0.6220472440944882,0.0,0.0,1.0,0.23622047244094488,0.0,0.14960629921259844,0.0
2026-01-16T22:40:53.144768,interface,0.6220472440944882,0.0,0.0,1.0,0.23622047244094488,0.0,0.14960629921259844,0.0
2026-01-16T22:40:53.461811,interface,0.6220472440944882,0.0,0.0,1.0,0.23622047244094488,0.0,0.14960629921259844,0.0
2026-01-16T22:40:53.630228,interface,0.6220472440944882,0.0,0.0,1.0,0.23622047244094488,0.0,0.14960629921259844,0.0
2026-01-16T22:40:53.675371,interface,0.6220472440944882,0.0,0.0,1.0,0.23622047244094488,0.0,0.14960629921259844,0.0
2026-01-16T22:40:53.723388,interface,0.6220472440944882,0.0,0.0,1.0,0.23622047244094488,0.007874015748031496,0.14960629921259844,0.0
2026-01-16T22:40:53.755405,interface,0.6220472440944882,0.0,0.0,1.0,0.23622047244094488,0.007874015748031496,0.14960629921259844,0.0
2026-01-16T22:40:53.774632,interface,0.6220472440944882,0.0,0.0,1.0,0.23622047244094488,0.015748031496062992,0.14960629921259844,0.0
2026-01-16T22:40:53.787384,interface,0.6220472440944882,0.0,0.0,1.0,0.23622047244094488,0.023622047244094488,0.14960629921259844,0.0
2026-01-16T22:40:53.795384,interface,0.6220472440944882,0.0,0.0,1.0,0.23622047244094488,0.023622047244094488,0.14960629921259844,0.0
2026-01-16T22:40:53.804870,interface,0.6220472440944882,0.0,0.0,1.0,0.23622047244094488,0.031496062992125984,0.14960629921259844,0.0
2026-01-16T22:40:53.814648,interface,0.6220472440944882,0.0,0.0,1.0,0.23622047244094488,0.031496062992125984,0.14960629921259844,0.0
2026-01-16T22:40:53.827423,interface,0.6220472440944882,0.0,0.0,1.0,0.23622047244094488,0.03937007874015748,0.14960629921259844,0.0
2026-01-16T22:40:53.843469,interface,0.6220472440944882,0.0,0.0,1.0,0.23622047244094488,0.047244094488188976,0.14960629921259844,0.0
2026-01-16T22:40:53.854289,interface,0.6220472440944882,0.0,0.0,1.0,0.23622047244094488,0.047244094488188976,0.14960629921259844,0.0
2026-01-16T22:40:53.867488,interface,0.6220472440944882,0.0,0.0,1.0,0.23622047244094488,0.05511811023622047,0.14960629921259844,0.0
2026-01-16T22:40:53.883476,interface,0.6220472440944882,0.0,0.0,1.0,0.23622047244094488,0.06299212598425197,0.14960629921259844,0.0
2026-01-16T22:40:53.899612,interface,0.6220472440944882,0.0,0.0,1.0,0.23622047244094488,0.06299212598425197,0.14960629921259844,0.0
2026-01-16T22:40:53.900246,interface,0.6220472440944882,0.0,0.0,1.0,0.23622047244094488,0.07086614173228346,0.14960629921259844,0.0
2026-01-16T22:40:53.907494,interface,0.6220472440944882,0.0,0.0,1.0,0.23622047244094488,0.07874015748031496,0.14960629921259844,0.0
2026-01-16T22:40:53.914155,interface,0.6220472440944882,0.0,0.0,1.0,0.23622047244094488,0.07874015748031496,0.14960629921259844,0.0
2026-01-16T22:40:53.914888,interface,0.6220472440944882,0.0,0.0,1.0,0.23622047244094488,0.07874015748031496,0.14960629921259844,0.0
2026-01-16T22:40:53.933749,interface,0.6220472440944882,0.0,0.0,1.0,0.23622047244094488,0.08661417322834646,0.14960629921259844,0.0
2026-01-16T22:40:53.934396,interface,0.6220472440944882,0.0,0.0,1.0,0.23622047244094488,0.09448818897637795,0.14960629921259844,0.0
2026-01-16T22:40:53.944233,interface,0.6220472440944882,0.0,0.0,1.0,0.23622047244094488,0.09448818897637795,0.14960629921259844,0.0
2026-01-16T22:40:53.944896,interface,0.6220472440944882,0.0,0.0,1.0,0.23622047244094488,0.10236220472440945,0.14960629921259844,0.0
2026-01-16T22:40:53.955507,interface,0.6220472440944882,0.0,0.0,1.0,0.23622047244094488,0.10236220472440945,0.14960629921259844,0.0
2026-01-16T22:40:53.964968,interface,0.6220472440944882,0.0,0.0,1.0,0.23622047244094488,0.11023622047244094,0.14960629921259844,0.0
2026-01-16T22:40:53.974658,interface,0.6220472440944882,0.0,0.0,1.0,0.23622047244094488,0.11023622047244094,0.14960629921259844,0.0
2026-01-16T22:40:53.984140,interface,0.6220472440944882,0.0,0.0,1.0,0.23622047244094488,0.11811023622047244,0.14960629921259844,0.0
2026-01-16T22:40:53.984775,interface,0.6220472440944882,0.0,0.0,1.0,0.23622047244094488,0.11811023622047244,0.14960629921259844,0.0
2026-01-16T22:40:53.995485,interface,0.6220472440944882,0.0,0.0,1.0,0.23622047244094488,0.12598425196850394,0.14960629921259844,0.0
2026-01-16T22:40:54.004928,interface,0.6220472440944882,0.0,0.0,1.0,0.23622047244094488,0.13385826771653545,0.14960629921259844,0.0
2026-01-16T22:40:54.015009,interface,0.6220472440944882,0.0,0.0,1.0,0.23622047244094488,0.13385826771653545,0.14960629921259844,0.0
2026-01-16T22:40:54.027476,interface,0.6220472440944882,0.0,0.0,1.0,0.23622047244094488,0.14173228346456693,0.14960629921259844,0.0
2026-01-16T22:40:54.035487,interface,0.6220472440944882,0.0,0.0,1.0,0.23622047244094488,0.14960629921259844,0.14960629921259844,0.0
2026-01-16T22:40:54.044619,interface,0.6220472440944882,0.0,0.0,1.0,0.23622047244094488,0.14960629921259844,0.14960629921259844,0.0
2026-01-16T22:40:54.054122,interface,0.6220472440944882,0.0,0.0,1.0,0.23622047244094488,0.15748031496062992,0.14960629921259844,0.0
2026-01-16T22:40:54.065312,interface,0.6220472440944882,0.0,0.0,1.0,0.23622047244094488,0.15748031496062992,0.14960629921259844,0.0
2026-01-16T22:40:54.066621,interface,0.6220472440944882,0.0,0.0,1.0,0.23622047244094488,0.15748031496062992,0.14960629921259844,0.0
2026-01-16T22:40:54.084064,interface,0.6220472440944882,0.0,0.0,1.0,0.23622047244094488,0.16535433070866143,0.14960629921259844,0.0
2026-01-16T22:40:54.084694,interface,0.6220472440944882,0.0,0.0,1.0,0.23622047244094488,0.16535433070866143,0.14960629921259844,0.0
2026-01-16T22:40:54.094370,interface,0.6220472440944882,0.0,0.0,1.0,0.23622047244094488,0.1732283464566929,0.14960629921259844,0.0
2026-01-16T22:40:54.107610,interface,0.6220472440944882,0.0,0.0,1.0,0.23622047244094488,0.18110236220472442,0.14960629921259844,0.0
2026-01-16T22:40:54.123454,interface,0.6220472440944882,0.0,0.0,1.0,0.23622047244094488,0.18110236220472442,0.14960629921259844,0.0
2026-01-16T22:40:54.134798,interface,0.6220472440944882,0.0,0.0,1.0,0.23622047244094488,0.1889763779527559,0.14960629921259844,0.0
2026-01-16T22:40:54.149575,interface,0.6220472440944882,0.0,0.0,1.0,0.23622047244094488,0.1968503937007874,0.14960629921259844,0.0
2026-01-16T22:40:54.150839,interface,0.6220472440944882,0.0,0.0,1.0,0.23622047244094488,0.1968503937007874,0.14960629921259844,0.0
2026-01-16T22:40:54.164627,interface,0.6220472440944882,0.0,0.0,1.0,0.23622047244094488,0.2047244094488189,0.14960629921259844,0.0
2026-01-16T22:40:54.179666,interface,0.6220472440944882,0.0,0.0,1.0,0.23622047244094488,0.2047244094488189,0.14960629921259844,0.0
2026-01-16T22:40:54.187610,interface,0.6220472440944882,0.0,0.0,1.0,0.23622047244094488,0.2125984251968504,0.14960629921259844,0.0
2026-01-16T22:40:54.203686,interface,0.6220472440944882,0.0,0.0,1.0,0.23622047244094488,0.2204724409448819,0.14960629921259844,0.0
2026-01-16T22:40:54.214653,interface,0.6220472440944882,0.0,0.0,1.0,0.23622047244094488,0.2204724409448819,0.14960629921259844,0.0
2026-01-16T22:40:54.224750,interface,0.6220472440944882,0.0,0.0,1.0,0.23622047244094488,0.2283464566929134,0.14960629921259844,0.0
2026-01-16T22:40:54.235618,interface,0.6220472440944882,0.0,0.0,1.0,0.23622047244094488,0.23622047244094488,0.14960629921259844,0.0
2026-01-16T22:40:54.251636,interface,0.6220472440944882,0.0,0.0,1.0,0.23622047244094488,0.23622047244094488,0.14960629921259844,0.0
2026-01-16T22:40:54.267654,interface,0.6220472440944882,0.0,0.0,1.0,0.23622047244094488,0.2440944881889764,0.14960629921259844,0.0
2026-01-16T22:40:54.275624,interface,0.6220472440944882,0.0,0.0,1.0,0.23622047244094488,0.25196850393700787,0.14960629921259844,0.0
2026-01-16T22:40:54.291635,interface,0.6220472440944882,0.0,0.0,1.0,0.23622047244094488,0.25196850393700787,0.14960629921259844,0.0
2026-01-16T22:40:54.300749,interface,0.6220472440944882,0.0,0.0,1.0,0.23622047244094488,0.25984251968503935,0.14960629921259844,0.0
2026-01-16T22:40:54.315645,interface,0.6220472440944882,0.0,0.0,1.0,0.23622047244094488,0.2677165354330709,0.14960629921259844,0.0
2026-01-16T22:40:54.336576,interface,0.6220472440944882,0.0,0.0,1.0,0.23622047244094488,0.2755905511811024,0.14960629921259844,0.0
2026-01-16T22:40:54.345065,interface,0.6220472440944882,0.0,0.0,1.0,0.23622047244094488,0.2755905511811024,0.14960629921259844,0.0
2026-01-16T22:40:54.355492,interface,0.6220472440944882,0.0,0.0,1.0,0.23622047244094488,0.28346456692913385,0.14960629921259844,0.0
2026-01-16T22:40:54.356208,interface,0.6220472440944882,0.0,0.0,1.0,0.23622047244094488,0.28346456692913385,0.14960629921259844,0.0
2026-01-16T22:40:54.374905,interface,0.6220472440944882,0.0,0.0,1.0,0.23622047244094488,0.29133858267716534,0.14960629921259844,0.0
2026-01-16T22:40:54.387645,interface,0.6220472440944882,0.0,0.0,1.0,0.23622047244094488,0.29133858267716534,0.14960629921259844,0.0
2026-01-16T22:40:54.403650,interface,0.6220472440944882,0.0,0.0,1.0,0.23622047244094488,0.2992125984251969,0.14960629921259844,0.0
2026-01-16T22:40:54.419692,interface,0.6220472440944882,0.0,0.0,1.0,0.23622047244094488,0.30708661417322836,0.14960629921259844,0.0
2026-01-16T22:40:54.437307,interface,0.6220472440944882,0.0,0.0,1.0,0.23622047244094488,0.30708661417322836,0.14960629921259844,0.0
2026-01-16T22:40:54.451733,interface,0.6220472440944882,0.0,0.0,1.0,0.23622047244094488,0.31496062992125984,0.14960629921259844,0.0
2026-01-16T22:40:54.467689,interface,0.6220472440944882,0.0,0.0,1.0,0.23622047244094488,0.3228346456692913,0.14960629921259844,0.0
2026-01-16T22:40:54.483695,interface,0.6220472440944882,0.0,0.0,1.0,0.23622047244094488,0.3228346456692913,0.14960629921259844,0.0
2026-01-16T22:40:54.499719,interface,0.6220472440944882,0.0,0.0,1.0,0.23622047244094488,0.33070866141732286,0.14960629921259844,0.0
2026-01-16T22:40:54.515753,interface,0.6220472440944882,0.0,0.0,1.0,0.23622047244094488,0.33070866141732286,0.14960629921259844,0.0
2026-01-16T22:40:54.531787,interface,0.6220472440944882,0.0,0.0,1.0,0.23622047244094488,0.33858267716535434,0.14960629921259844,0.0
2026-01-16T22:40:54.532462,interface,0.6220472440944882,0.0,0.0,1.0,0.23622047244094488,0.33858267716535434,0.14960629921259844,0.0
2026-01-16T22:40:54.555680,interface,0.6220472440944882,0.0,0.0,1.0,0.23622047244094488,0.3464566929133858,0.14960629921259844,0.0
2026-01-16T22:40:54.571685,interface,0.6220472440944882,0.0,0.0,1.0,0.23622047244094488,0.3464566929133858,0.14960629921259844,0.0
2026-01-16T22:40:54.587812,interface,0.6220472440944882,0.0,0.0,1.0,0.23622047244094488,0.3543307086614173,0.14960629921259844,0.0
2026-01-16T22:40:54.603686,interface,0.6220472440944882,0.0,0.0,1.0,0.23622047244094488,0.3543307086614173,0.14960629921259844,0.0
2026-01-16T22:40:54.619770,interface,0.6220472440944882,0.0,0.0,1.0,0.23622047244094488,0.36220472440944884,0.14960629921259844,0.0
2026-01-16T22:40:54.635699,interface,0.6220472440944882,0.0,0.0,1.0,0.23622047244094488,0.3700787401574803,0.14960629921259844,0.0
2026-01-16T22:40:54.651677,interface,0.6220472440944882,0.0,0.0,1.0,0.23622047244094488,0.3700787401574803,0.14960629921259844,0.0
2026-01-16T22:40:54.667676,interface,0.6220472440944882,0.0,0.0,1.0,0.23622047244094488,0.3779527559055118,0.14960629921259844,0.0
2026-01-16T22:40:54.683701,interface,0.6220472440944882,0.0,0.0,1.0,0.23622047244094488,0.3858267716535433,0.14960629921259844,0.0
2026-01-16T22:40:54.699725,interface,0.6220472440944882,0.0,0.0,1.0,0.23622047244094488,0.3858267716535433,0.14960629921259844,0.0
2026-01-16T22:40:54.715685,interface,0.6220472440944882,0.0,0.0,1.0,0.23622047244094488,0.3937007874015748,0.14960629921259844,0.0
2026-01-16T22:40:54.731688,interface,0.6220472440944882,0.0,0.0,1.0,0.23622047244094488,0.4015748031496063,0.14960629921259844,0.0
2026-01-16T22:40:54.747699,interface,0.6220472440944882,0.0,0.0,1.0,0.23622047244094488,0.4015748031496063,0.14960629921259844,0.0
2026-01-16T22:40:54.763707,interface,0.6220472440944882,0.0,0.0,1.0,0.23622047244094488,0.4094488188976378,0.14960629921259844,0.0
2026-01-16T22:40:54.779734,interface,0.6220472440944882,0.0,0.0,1.0,0.23622047244094488,0.4094488188976378,0.14960629921259844,0.0
2026-01-16T22:40:54.795692,interface,0.6220472440944882,0.0,0.0,1.0,0.23622047244094488,0.41732283464566927,0.14960629921259844,0.0
2026-01-16T22:40:54.811702,interface,0.6220472440944882,0.0,0.0,1.0,0.23622047244094488,0.4251968503937008,0.14960629921259844,0.0
2026-01-16T22:40:54.825708,interface,0.6220472440944882,0.0,0.0,1.0,0.23622047244094488,0.4251968503937008,0.14960629921259844,0.0
2026-01-16T22:40:54.826452,interface,0.6220472440944882,0.0,0.0,1.0,0.23622047244094488,0.4251968503937008,0.14960629921259844,0.0
2026-01-16T22:40:54.845247,interface,0.6220472440944882,0.0,0.0,1.0,0.23622047244094488,0.4330708661417323,0.14960629921259844,0.0
2026-01-16T22:40:54.859756,interface,0.6220472440944882,0.0,0.0,1.0,0.23622047244094488,0.4409448818897638,0.14960629921259844,0.0
2026-01-16T22:40:54.892233,interface,0.6220472440944882,0.0,0.0,1.0,0.23622047244094488,0.4409448818897638,0.14960629921259844,0.0
2026-01-16T22:40:54.899752,interface,0.6220472440944882,0.0,0.0,1.0,0.23622047244094488,0.44881889763779526,0.14960629921259844,0.0
2026-01-16T22:40:54.915718,interface,0.6220472440944882,0.0,0.0,1.0,0.23622047244094488,0.44881889763779526,0.14960629921259844,0.0
2026-01-16T22:40:54.939772,interface,0.6220472440944882,0.0,0.0,1.0,0.23622047244094488,0.4566929133858268,0.14960629921259844,0.0
2026-01-16T22:40:54.963726,interface,0.6220472440944882,0.0,0.0,1.0,0.23622047244094488,0.4566929133858268,0.14960629921259844,0.0
2026-01-16T22:40:55.001267,interface,0.6220472440944882,0.0,0.0,1.0,0.23622047244094488,0.4566929133858268,0.14960629921259844,0.0
2026-01-16T22:40:55.027745,interface,0.6220472440944882,0.0,0.0,1.0,0.23622047244094488,0.4645669291338583,0.14960629921259844,0.0
2026-01-16T22:40:55.269707,interface,0.6220472440944882,0.0,0.0,1.0,0.23622047244094488,0.4645669291338583,0.14960629921259844,0.0
2026-01-16T22:40:55.417185,interface,0.6220472440944882,0.0,0.0,1.0,0.23622047244094488,0.4645669291338583,0.14960629921259844,0.0
2026-01-16T22:40:55.515710,interface,0.5669291338582677,0.0,0.0,1.0,0.23622047244094488,0.4645669291338583,0.14960629921259844,0.0
2026-01-16T22:40:55.670397,interface,0.6614173228346457,0.0,0.0,1.0,0.23622047244094488,0.4645669291338583,0.14960629921259844,0.0
2026-01-16T22:40:55.789191,interface,0.7559055118110236,0.0,0.0,1.0,0.23622047244094488,0.4645669291338583,0.14960629921259844,0.0
2026-01-16T22:40:55.915737,interface,0.6220472440944882,0.0,0.0,1.0,0.23622047244094488,0.4645669291338583,0.14960629921259844,0.0
2026-01-16T22:40:56.087002,interface,0.6220472440944882,0.0,0.0,1.0,0.23622047244094488,0.4645669291338583,0.14960629921259844,0.0
2026-01-16T22:40:56.203686,interface,0.6220472440944882,0.0,0.0,1.0,0.23622047244094488,0.4645669291338583,0.14960629921259844,0.0
2026-01-16T22:40:56.464717,interface,0.6220472440944882,0.0,0.0,1.0,0.23622047244094488,0.4645669291338583,0.14960629921259844,0.0
2026-01-16T22:40:56.560146,interface,0.6220472440944882,0.0,0.0,1.0,0.23622047244094488,0.4645669291338583,0.14960629921259844,0.0
2026-01-16T22:40:56.778541,interface,0.6220472440944882,0.0,0.0,1.0,0.23622047244094488,0.4645669291338583,0.14960629921259844,0.0
2026-01-16T22:40:56.939835,interface,0.6220472440944882,0.0,0.0,1.0,0.23622047244094488,0.4645669291338583,0.14960629921259844,0.0
2026-01-16T22:40:56.941201,interface,0.6141732283464567,0.0,0.0,1.0,0.23622047244094488,0.4645669291338583,0.14960629921259844,0.0
2026-01-16T22:40:57.015818,interface,0.6220472440944882,0.0,0.0,1.0,0.23622047244094488,0.4645669291338583,0.14960629921259844,0.0
2026-01-16T22:40:57.091058,interface,0.6220472440944882,0.0,0.0,1.0,0.23622047244094488,0.4645669291338583,0.14960629921259844,0.0
2026-01-16T22:40:57.164879,interface,0.6220472440944882,0.0,0.0,1.0,0.23622047244094488,0.4645669291338583,0.14960629921259844,0.0
2026-01-16T22:40:57.229327,interface,0.6220472440944882,0.0,0.0,1.0,0.23622047244094488,0.4645669291338583,0.14960629921259844,0.0
2026-01-16T22:40:57.311859,interface,0.6220472440944882,0.0,0.0,1.0,0.23622047244094488,0.4645669291338583,0.14960629921259844,0.0
2026-01-16T22:40:57.402720,interface,0.6220472440944882,0.0,0.0,1.0,0.23622047244094488,0.4645669291338583,0.14960629921259844,0.0
2026-01-16T22:40:57.633459,interface,0.6614173228346457,0.0,0.0,1.0,0.23622047244094488,0.4645669291338583,0.14960629921259844,0.0
2026-01-16T22:40:57.744085,interface,0.6220472440944882,0.0,0.0,1.0,0.23622047244094488,0.4645669291338583,0.14960629921259844,0.0
2026-01-16T22:40:57.874225,interface,0.6220472440944882,0.0,0.0,1.0,0.23622047244094488,0.4645669291338583,0.14960629921259844,0.0
2026-01-16T22:40:58.009557,interface,0.7559055118110236,0.0,0.0,1.0,0.23622047244094488,0.4645669291338583,0.14960629921259844,0.0
2026-01-16T22:40:58.296025,interface,0.6220472440944882,0.0,0.0,1.0,0.23622047244094488,0.4645669291338583,0.14960629921259844,0.0
2026-01-16T22:40:58.428097,interface,0.6220472440944882,0.0,0.0,1.0,0.23622047244094488,0.4645669291338583,0.14960629921259844,0.0
2026-01-16T22:40:58.570970,interface,0.8503937007874016,0.0,0.0,1.0,0.23622047244094488,0.4645669291338583,0.14960629921259844,0.0
2026-01-16T22:40:58.669734,interface,0.5669291338582677,0.0,0.0,1.0,0.23622047244094488,0.4645669291338583,0.14960629921259844,0.0
2026-01-16T22:40:58.838681,interface,0.6220472440944882,0.0,0.0,1.0,0.23622047244094488,0.4645669291338583,0.14960629921259844,0.0
2026-01-16T22:40:58.965340,interface,0.6614173228346457,0.0,0.0,1.0,0.23622047244094488,0.4645669291338583,0.14960629921259844,0.0
2026-01-16T22:40:58.984923,interface,0.6377952755905512,0.0,0.0,1.0,0.23622047244094488,0.4645669291338583,0.14960629921259844,0.0
2026-01-16T22:40:59.091203,interface,0.7559055118110236,0.0,0.0,1.0,0.23622047244094488,0.4645669291338583,0.14960629921259844,0.0
2026-01-16T22:40:59.241408,interface,0.5669291338582677,0.0,0.0,1.0,0.23622047244094488,0.4645669291338583,0.14960629921259844,0.0
2026-01-16T22:40:59.260538,interface,0.7559055118110236,0.0,0.0,1.0,0.23622047244094488,0.4645669291338583,0.14960629921259844,0.0
2026-01-16T22:40:59.697144,interface,0.5669291338582677,0.0,0.0,1.0,0.23622047244094488,0.4645669291338583,0.14960629921259844,0.0
2026-01-16T22:41:00.129409,interface,0.5669291338582677,0.0,0.0,1.0,0.23622047244094488,0.4645669291338583,0.14960629921259844,0.0
2026-01-16T22:41:00.676609,interface,0.5669291338582677,0.0,0.0,1.0,0.23622047244094488,0.4645669291338583,0.14960629921259844,0.0
2026-01-16T22:41:01.024676,interface,0.5669291338582677,0.0,0.0,1.0,0.23622047244094488,0.4645669291338583,0.14960629921259844,0.0
2026-01-16T22:41:01.326512,interface,0.5669291338582677,0.0,0.0,1.0,0.23622047244094488,0.4645669291338583,0.14960629921259844,0.0
2026-01-16T22:41:04.250418,interface,0.5669291338582677,0.0,0.0,1.0,0.23622047244094488,0.4645669291338583,0.14960629921259844,0.0
2026-01-16T22:41:08.089004,interface,0.13385826771653545,0.0,0.0,1.0,0.23622047244094488,0.4645669291338583,0.14960629921259844,0.0
2026-01-16T22:41:08.103838,interface,0.6141732283464567,0.0,0.0,1.0,0.23622047244094488,0.4645669291338583,0.14960629921259844,0.0
2026-01-16T22:41:13.111106,interface,0.7559055118110236,0.0,0.0,1.0,0.23622047244094488,0.4645669291338583,0.14960629921259844,0.0
2026-01-16T22:41:14.417435,interface,0.7559055118110236,0.0,0.0,1.0,0.23622047244094488,0.4645669291338583,0.14960629921259844,0.0
2026-01-16T22:41:14.930452,interface,0.6614173228346457,0.0,0.0,1.0,0.23622047244094488,0.4645669291338583,0.14960629921259844,0.0
2026-01-16T22:41:15.300102,interface,0.7559055118110236,0.0,0.0,1.0,0.23622047244094488,0.4645669291338583,0.14960629921259844,0.0
2026-01-16T22:41:15.568081,interface,0.6614173228346457,0.0,0.0,1.0,0.23622047244094488,0.4645669291338583,0.14960629921259844,0.0
2026-01-16T22:41:15.576230,interface,0.7559055118110236,0.0,0.0,1.0,0.23622047244094488,0.4645669291338583,0.14960629921259844,0.0
2026-01-16T22:41:15.578063,interface,0.6614173228346457,0.0,0.0,1.0,0.23622047244094488,0.4645669291338583,0.14960629921259844,0.0
2026-01-16T22:41:16.237876,interface,0.6614173228346457,0.0,0.0,1.0,0.23622047244094488,0.4645669291338583,0.14960629921259844,0.0
2026-01-16T22:41:16.705035,interface,0.7559055118110236,0.0,0.0,1.0,0.23622047244094488,0.4645669291338583,0.14960629921259844,0.0
2026-01-16T22:41:16.921801,interface,0.7559055118110236,0.0,0.0,1.0,0.23622047244094488,0.4645669291338583,0.14960629921259844,0.0
2026-01-16T22:41:16.937188,interface,0.8503937007874016,0.0,0.0,1.0,0.23622047244094488,0.4645669291338583,0.14960629921259844,0.0
2026-01-16T22:41:16.969816,interface,0.6614173228346457,0.0,0.0,1.0,0.23622047244094488,0.4645669291338583,0.14960629921259844,0.0
2026-01-16T22:41:17.054271,interface,0.6614173228346457,0.0,0.0,1.0,0.23622047244094488,0.4645669291338583,0.14960629921259844,0.0
2026-01-16T22:41:17.707608,interface,0.7559055118110236,0.0,0.0,1.0,0.23622047244094488,0.4645669291338583,0.14960629921259844,0.0
2026-01-16T22:41:17.722763,interface,0.5433070866141733,0.0,0.0,1.0,0.23622047244094488,0.4645669291338583,0.14960629921259844,0.0
2026-01-16T22:41:17.785506,interface,0.7559055118110236,0.0,0.0,1.0,0.23622047244094488,0.4645669291338583,0.14960629921259844,0.0
2026-01-16T22:41:17.857566,interface,0.7559055118110236,0.0,0.0,1.0,0.23622047244094488,0.4645669291338583,0.14960629921259844,0.0
2026-01-16T22:41:17.971783,interface,0.47244094488188976,0.0,0.0,1.0,0.23622047244094488,0.4645669291338583,0.14960629921259844,0.0
2026-01-16T22:41:18.078310,interface,0.5669291338582677,0.0,0.0,1.0,0.23622047244094488,0.4645669291338583,0.14960629921259844,0.0
2026-01-16T22:41:18.203022,interface,0.6614173228346457,0.0,0.0,1.0,0.23622047244094488,0.4645669291338583,0.14960629921259844,0.0
2026-01-16T22:41:18.294040,interface,0.7559055118110236,0.0,0.0,1.0,0.23622047244094488,0.4645669291338583,0.14960629921259844,0.0
2026-01-16T22:41:18.394308,interface,0.47244094488188976,0.0,0.0,1.0,0.23622047244094488,0.4645669291338583,0.14960629921259844,0.0
2026-01-16T22:41:18.507813,interface,0.6614173228346457,0.0,0.0,1.0,0.23622047244094488,0.4645669291338583,0.14960629921259844,0.0
2026-01-16T22:41:18.559224,interface,0.5669291338582677,0.0,0.0,1.0,0.23622047244094488,0.4645669291338583,0.14960629921259844,0.0
2026-01-16T22:41:18.866506,interface,0.6614173228346457,0.0,0.0,1.0,0.23622047244094488,0.4645669291338583,0.14960629921259844,0.0
2026-01-16T22:41:18.967792,interface,0.5669291338582677,0.0,0.0,1.0,0.23622047244094488,0.4645669291338583,0.14960629921259844,0.0
2026-01-16T22:41:19.194517,interface,0.6220472440944882,0.0,0.0,1.0,0.23622047244094488,0.4645669291338583,0.14960629921259844,0.0
2026-01-16T22:41:19.316414,interface,0.5669291338582677,0.0,0.0,1.0,0.23622047244094488,0.4645669291338583,0.14960629921259844,0.0
2026-01-16T22:41:19.635337,interface,0.6220472440944882,0.0,0.0,1.0,0.23622047244094488,0.4645669291338583,0.14960629921259844,0.0
2026-01-16T22:41:19.728386,interface,0.5669291338582677,0.0,0.0,1.0,0.23622047244094488,0.4645669291338583,0.14960629921259844,0.0
2026-01-16T22:41:20.514495,interface,0.5669291338582677,0.0,0.0,1.0,0.23622047244094488,0.4645669291338583,0.14960629921259844,0.0
2026-01-16T22:41:20.754649,interface,0.6614173228346457,0.0,0.0,1.0,0.23622047244094488,0.4645669291338583,0.14960629921259844,0.0
2026-01-16T22:41:20.817911,interface,0.5669291338582677,0.0,0.0,1.0,0.23622047244094488,0.4645669291338583,0.14960629921259844,0.0
2026-01-16T22:41:20.882221,interface,0.6220472440944882,0.0,0.0,1.0,0.23622047244094488,0.4645669291338583,0.14960629921259844,0.0
2026-01-16T22:41:21.119613,interface,0.6614173228346457,0.0,0.0,1.0,0.23622047244094488,0.4645669291338583,0.14960629921259844,0.0
2026-01-16T22:41:21.233641,interface,0.6220472440944882,0.0,0.0,1.0,0.23622047244094488,0.4645669291338583,0.14960629921259844,0.0
2026-01-16T22:41:21.263728,interface,0.6220472440944882,0.0,0.0,1.0,0.23622047244094488,0.4645669291338583,0.14960629921259844,0.0
2026-01-16T22:41:21.505058,interface,0.6614173228346457,0.0,0.0,1.0,0.23622047244094488,0.4645669291338583,0.14960629921259844,0.0
2026-01-16T22:41:21.564818,interface,0.5669291338582677,0.0,0.0,1.0,0.23622047244094488,0.4645669291338583,0.14960629921259844,0.0
2026-01-16T22:41:21.619885,interface,0.6220472440944882,0.0,0.0,1.0,0.23622047244094488,0.4645669291338583,0.14960629921259844,0.0
2026-01-16T22:41:21.861353,interface,0.6614173228346457,0.0,0.0,1.0,0.23622047244094488,0.4645669291338583,0.14960629921259844,0.0
2026-01-16T22:41:21.934923,interface,0.5669291338582677,0.0,0.0,1.0,0.23622047244094488,0.4645669291338583,0.14960629921259844,0.0
2026-01-16T22:41:21.980297,interface,0.6220472440944882,0.0,0.0,1.0,0.23622047244094488,0.4645669291338583,0.14960629921259844,0.0
2026-01-16T22:41:22.236570,interface,0.6614173228346457,0.0,0.0,1.0,0.23622047244094488,0.4645669291338583,0.14960629921259844,0.0
2026-01-16T22:41:22.251581,interface,0.5748031496062992,0.0,0.0,1.0,0.23622047244094488,0.4645669291338583,0.14960629921259844,0.0
2026-01-16T22:41:22.357999,interface,0.6220472440944882,0.0,0.0,1.0,0.23622047244094488,0.4645669291338583,0.14960629921259844,0.0
2026-01-16T22:41:22.660262,interface,0.6614173228346457,0.0,0.0,1.0,0.23622047244094488,0.4645669291338583,0.14960629921259844,0.0
2026-01-16T22:41:22.839814,interface,0.6220472440944882,0.0,0.0,1.0,0.23622047244094488,0.4645669291338583,0.14960629921259844,0.0
2026-01-16T22:41:23.190761,interface,0.6614173228346457,0.0,0.0,1.0,0.23622047244094488,0.4645669291338583,0.14960629921259844,0.0
2026-01-16T22:41:23.261208,interface,0.6220472440944882,0.0,0.0,1.0,0.23622047244094488,0.4645669291338583,0.14960629921259844,0.0
2026-01-16T22:41:23.329554,interface,0.6220472440944882,0.0,0.0,1.0,0.23622047244094488,0.4645669291338583,0.14960629921259844,0.0
2026-01-16T22:41:23.579048,interface,0.6614173228346457,0.0,0.0,1.0,0.23622047244094488,0.4645669291338583,0.14960629921259844,0.0
2026-01-16T22:41:23.695732,interface,0.6220472440944882,0.0,0.0,1.0,0.23622047244094488,0.4645669291338583,0.14960629921259844,0.0
2026-01-16T22:41:23.950947,interface,0.6614173228346457,0.0,0.0,1.0,0.23622047244094488,0.4645669291338583,0.14960629921259844,0.0
2026-01-16T22:41:24.049536,interface,0.6220472440944882,0.0,0.0,1.0,0.23622047244094488,0.4645669291338583,0.14960629921259844,0.0
2026-01-16T22:41:24.339130,interface,0.6614173228346457,0.0,0.0,1.0,0.23622047244094488,0.4645669291338583,0.14960629921259844,0.0
2026-01-16T22:41:24.421616,interface,0.6220472440944882,0.0,0.0,1.0,0.23622047244094488,0.4645669291338583,0.14960629921259844,0.0
2026-01-16T22:41:29.100657,interface,0.6141732283464567,0.0,0.0,1.0,0.23622047244094488,0.4645669291338583,0.14960629921259844,0.0
2026-01-16T22:41:33.953867,interface,0.9763779527559056,0.0,0.0,1.0,0.23622047244094488,0.4645669291338583,0.14960629921259844,0.0
2026-01-16T22:41:59.039058,interface,0.7716535433070866,0.0,0.0,1.0,0.23622047244094488,0.4645669291338583,0.14960629921259844,0.0
2026-01-16T22:42:01.040740,interface,0.7637795275590551,0.0,0.0,1.0,0.23622047244094488,0.4645669291338583,0.14960629921259844,0.0
2026-01-16T22:42:13.869099,interface,0.9291338582677166,0.0,0.0,1.0,0.23622047244094488,0.4645669291338583,0.14960629921259844,0.0
2026-01-16T22:42:31.130482,interface,0.9448818897637795,0.0,0.0,1.0,0.23622047244094488,0.4645669291338583,0.14960629921259844,0.0
2026-01-16T22:42:50.750409,interface,0.952755905511811,0.0,0.0,1.0,0.23622047244094488,0.4645669291338583,0.14960629921259844,0.0
2026-01-16T22:42:53.588911,interface,0.968503937007874,0.0,0.0,1.0,0.23622047244094488,0.4645669291338583,0.14960629921259844,0.0
2026-01-16T22:43:14.205487,interface,0.905511811023622,0.0,0.0,1.0,0.23622047244094488,0.4645669291338583,0.14960629921259844,0.0
2026-01-16T22:43:23.826797,interface,1.0,0.0,0.0,1.0,0.23622047244094488,0.4645669291338583,0.14960629921259844,0.0
2026-01-16T22:43:26.246089,interface,0.937007874015748,0.0,0.0,1.0,0.23622047244094488,0.4645669291338583,0.14960629921259844,0.0
2026-01-16T22:43:29.890787,interface,0.49606299212598426,0.0,0.0,1.0,0.23622047244094488,0.4645669291338583,0.14960629921259844,0.0
2026-01-16T22:43:32.961028,interface,0.5118110236220472,0.0,0.0,1.0,0.23622047244094488,0.4645669291338583,0.14960629921259844,0.0
2026-01-16T22:43:32.978734,interface,0.25984251968503935,0.0,0.0,1.0,0.23622047244094488,0.4645669291338583,0.14960629921259844,0.0
2026-01-16T22:43:49.376221,interface,0.0,0.0,0.0,1.0,0.23622047244094488,0.4645669291338583,0.14960629921259844,0.0
2026-01-16T22:44:04.251196,interface,0.047244094488188976,0.0,0.0,1.0,0.23622047244094488,0.4645669291338583,0.14960629921259844,0.0
2026-01-16T22:44:23.529668,interface,0.6692913385826772,0.0,0.0,1.0,0.23622047244094488,0.4645669291338583,0.14960629921259844,0.0
2026-01-16T22:44:23.821181,interface,0.7244094488188977,0.0,0.0,1.0,0.23622047244094488,0.4645669291338583,0.14960629921259844,0.0
2026-01-16T22:44:50.446867,interface,0.968503937007874,0.0,0.0,1.0,0.23622047244094488,0.4645669291338583,0.14960629921259844,0.0
2026-01-16T22:44:57.723447,interface,0.6062992125984252,0.0,0.0,1.0,0.23622047244094488,0.4645669291338583,0.14960629921259844,0.0
2026-01-16T22:45:59.068842,interface,0.8976377952755905,0.0,0.0,1.0,0.23622047244094488,0.4645669291338583,0.14960629921259844,0.0
2026-01-16T22:46:01.555252,interface,0.8582677165354331,0.0,0.0,1.0,0.23622047244094488,0.4645669291338583,0.14960629921259844,0.0
2026-01-16T22:46:02.827277,interface,0.9763779527559056,0.0,0.0,1.0,0.23622047244094488,0.4645669291338583,0.14960629921259844,0.0
2026-01-16T22:46:05.412030,interface,0.984251968503937,0.0,0.0,1.0,0.23622047244094488,0.4645669291338583,0.14960629921259844,0.0
2026-01-16T22:46:10.472235,interface,0.8661417322834646,0.0,0.0,1.0,0.23622047244094488,0.4645669291338583,0.14960629921259844,0.0
2026-01-16T22:46:20.339955,interface,0.8503937007874016,0.0,0.0,1.0,0.23622047244094488,0.4645669291338583,0.14960629921259844,0.0
2026-01-16T22:46:22.826825,interface,0.3937007874015748,0.0,0.0,1.0,0.23622047244094488,0.4645669291338583,0.14960629921259844,0.0
2026-01-16T22:46:29.776922,interface,1.0,0.0,0.0,1.0,0.23622047244094488,0.4645669291338583,0.14960629921259844,0.0
2026-01-16T22:47:02.848556,interface,0.905511811023622,0.0,0.0,1.0,0.23622047244094488,0.4645669291338583,0.14960629921259844,0.0
2026-01-16T22:47:06.359881,interface,0.7086614173228346,0.0,0.0,1.0,0.23622047244094488,0.4645669291338583,0.14960629921259844,0.0
2026-01-16T22:47:06.556222,interface,0.7637795275590551,0.0,0.0,1.0,0.23622047244094488,0.4645669291338583,0.14960629921259844,0.0
2026-01-16T22:47:10.257234,interface,0.9921259842519685,0.0,0.0,1.0,0.23622047244094488,0.4645669291338583,0.14960629921259844,0.0
2026-01-16T22:47:30.646329,interface,0.8740157480314961,0.0,0.0,1.0,0.23622047244094488,0.4645669291338583,0.14960629921259844,0.0
2026-01-16T22:48:13.007104,interface,0.007874015748031496,0.0,0.0,1.0,0.23622047244094488,0.4645669291338583,0.14960629921259844,0.0
2026-01-16T22:48:35.090349,interface,0.6220472440944882,0.0,0.0,1.0,0.23622047244094488,0.4645669291338583,0.14960629921259844,0.0
2026-01-16T22:48:35.215103,interface,0.6220472440944882,0.0,0.0,1.0,0.23622047244094488,0.4645669291338583,0.14960629921259844,0.0
2026-01-16T22:48:35.329726,interface,0.6220472440944882,0.0,0.0,1.0,0.23622047244094488,0.4645669291338583,0.14960629921259844,0.0
2026-01-16T22:48:35.462469,interface,0.6220472440944882,0.0,0.0,1.0,0.23622047244094488,0.4645669291338583,0.14960629921259844,0.0
2026-01-16T22:48:35.591795,interface,0.6220472440944882,0.0,0.0,1.0,0.23622047244094488,0.4645669291338583,0.14960629921259844,0.0
2026-01-16T22:48:35.744216,interface,0.6220472440944882,0.0,0.0,1.0,0.23622047244094488,0.4645669291338583,0.14960629921259844,0.0
2026-01-16T22:48:35.858438,interface,0.6220472440944882,0.0,0.0,1.0,0.23622047244094488,0.4645669291338583,0.14960629921259844,0.0
2026-01-16T22:48:35.984036,interface,0.6220472440944882,0.0,0.0,1.0,0.23622047244094488,0.4645669291338583,0.14960629921259844,0.0
2026-01-16T22:48:36.006507,interface,0.6220472440944882,0.0,0.0,1.0,0.23622047244094488,0.4645669291338583,0.14960629921259844,0.0
2026-01-16T22:48:36.122448,interface,0.6220472440944882,0.0,0.0,1.0,0.23622047244094488,0.4645669291338583,0.14960629921259844,0.0
2026-01-16T22:48:36.262692,interface,0.6220472440944882,0.0,0.0,1.0,0.23622047244094488,0.4645669291338583,0.14960629921259844,0.0
2026-01-16T22:48:36.405398,interface,0.6220472440944882,0.0,0.0,1.0,0.23622047244094488,0.4645669291338583,0.14960629921259844,0.0
2026-01-16T22:48:36.539990,interface,0.6220472440944882,0.0,0.0,1.0,0.23622047244094488,0.4645669291338583,0.14960629921259844,0.0
2026-01-16T22:48:36.672914,interface,0.6220472440944882,0.0,0.0,1.0,0.23622047244094488,0.4645669291338583,0.14960629921259844,0.0
2026-01-16T22:48:36.806016,interface,0.6220472440944882,0.0,0.0,1.0,0.23622047244094488,0.4645669291338583,0.14960629921259844,0.0
2026-01-16T22:48:36.930467,interface,0.6220472440944882,0.0,0.0,1.0,0.23622047244094488,0.4645669291338583,0.14960629921259844,0.0
2026-01-16T22:48:37.065408,interface,0.6220472440944882,0.0,0.0,1.0,0.23622047244094488,0.4645669291338583,0.14960629921259844,0.0
2026-01-16T22:48:37.192406,interface,0.6220472440944882,0.0,0.0,1.0,0.23622047244094488,0.4645669291338583,0.14960629921259844,0.0
2026-01-16T22:48:37.487535,interface,0.6220472440944882,0.0,0.0,1.0,0.23622047244094488,0.4645669291338583,0.14960629921259844,0.0
2026-01-16T22:48:37.618076,interface,0.6220472440944882,0.0,0.0,1.0,0.23622047244094488,0.4645669291338583,0.14960629921259844,0.0
2026-01-16T22:48:37.762164,interface,0.6220472440944882,0.0,0.0,1.0,0.23622047244094488,0.4645669291338583,0.14960629921259844,0.0
2026-01-16T22:48:37.878162,interface,0.6220472440944882,0.0,0.0,1.0,0.23622047244094488,0.4645669291338583,0.14960629921259844,0.0
2026-01-16T22:48:38.025935,interface,0.6220472440944882,0.0,0.0,1.0,0.23622047244094488,0.4645669291338583,0.14960629921259844,0.0
2026-01-16T22:48:38.153714,interface,0.6220472440944882,0.0,0.0,1.0,0.23622047244094488,0.4645669291338583,0.14960629921259844,0.0
2026-01-16T22:48:38.288279,interface,0.6220472440944882,0.0,0.0,1.0,0.23622047244094488,0.4645669291338583,0.14960629921259844,0.0
2026-01-16T22:48:38.513352,interface,0.6220472440944882,0.0,0.0,1.0,0.23622047244094488,0.4645669291338583,0.14960629921259844,0.0
2026-01-16T22:48:38.655667,interface,0.6220472440944882,0.0,0.0,1.0,0.23622047244094488,0.4645669291338583,0.14960629921259844,0.0
2026-01-16T22:48:38.804511,interface,0.6220472440944882,0.0,0.0,1.0,0.23622047244094488,0.4645669291338583,0.14960629921259844,0.0
2026-01-16T22:48:38.819730,interface,0.6141732283464567,0.0,0.0,1.0,0.23622047244094488,0.4645669291338583,0.14960629921259844,0.0
2026-01-16T22:48:38.947429,interface,0.6220472440944882,0.0,0.0,1.0,0.23622047244094488,0.4645669291338583,0.14960629921259844,0.0
2026-01-16T22:48:39.083264,interface,0.6220472440944882,0.0,0.0,1.0,0.23622047244094488,0.4645669291338583,0.14960629921259844,0.0
2026-01-16T22:48:39.222597,interface,0.6220472440944882,0.0,0.0,1.0,0.23622047244094488,0.4645669291338583,0.14960629921259844,0.0
2026-01-16T22:48:39.350328,interface,0.6220472440944882,0.0,0.0,1.0,0.23622047244094488,0.4645669291338583,0.14960629921259844,0.0
2026-01-16T22:48:39.469139,interface,0.6220472440944882,0.0,0.0,1.0,0.23622047244094488,0.4645669291338583,0.14960629921259844,0.0
2026-01-16T22:48:39.738279,interface,0.6220472440944882,0.0,0.0,1.0,0.23622047244094488,0.4645669291338583,0.14960629921259844,0.0
2026-01-16T22:48:39.810379,interface,0.6220472440944882,0.0,0.0,1.0,0.23622047244094488,0.4645669291338583,0.14960629921259844,0.0
2026-01-16T22:48:39.967020,interface,0.6614173228346457,0.0,0.0,1.0,0.23622047244094488,0.4645669291338583,0.14960629921259844,0.0
2026-01-16T22:48:40.049617,interface,0.6220472440944882,0.0,0.0,1.0,0.23622047244094488,0.4645669291338583,0.14960629921259844,0.0
2026-01-16T22:48:40.120005,interface,0.6220472440944882,0.0,0.0,1.0,0.23622047244094488,0.4645669291338583,0.14960629921259844,0.0
2026-01-16T22:48:40.280935,interface,0.6614173228346457,0.0,0.0,1.0,0.23622047244094488,0.4645669291338583,0.14960629921259844,0.0
2026-01-16T22:48:40.361933,interface,0.6220472440944882,0.0,0.0,1.0,0.23622047244094488,0.4645669291338583,0.14960629921259844,0.0
2026-01-16T22:48:40.425818,interface,0.6220472440944882,0.0,0.0,1.0,0.23622047244094488,0.4645669291338583,0.14960629921259844,0.0
2026-01-16T22:48:40.602052,interface,0.6220472440944882,0.0,0.0,1.0,0.23622047244094488,0.4645669291338583,0.14960629921259844,0.0
2026-01-16T22:48:40.691169,interface,0.6220472440944882,0.0,0.0,1.0,0.23622047244094488,0.4645669291338583,0.14960629921259844,0.0
2026-01-16T22:48:40.773891,interface,0.6220472440944882,0.0,0.0,1.0,0.23622047244094488,0.4645669291338583,0.14960629921259844,0.0
2026-01-16T22:48:40.886403,interface,0.6220472440944882,0.0,0.0,1.0,0.23622047244094488,0.4645669291338583,0.14960629921259844,0.0
2026-01-16T22:48:41.010370,interface,0.6220472440944882,0.0,0.0,1.0,0.23622047244094488,0.4645669291338583,0.14960629921259844,0.0
2026-01-16T22:48:41.123932,interface,0.6220472440944882,0.0,0.0,1.0,0.23622047244094488,0.4645669291338583,0.14960629921259844,0.0
2026-01-16T22:48:41.256555,interface,0.6220472440944882,0.0,0.0,1.0,0.23622047244094488,0.4645669291338583,0.14960629921259844,0.0
2026-01-16T22:48:41.393095,interface,0.6220472440944882,0.0,0.0,1.0,0.23622047244094488,0.4645669291338583,0.14960629921259844,0.0
2026-01-16T22:48:41.515075,interface,0.6220472440944882,0.0,0.0,1.0,0.23622047244094488,0.4645669291338583,0.14960629921259844,0.0
2026-01-16T22:48:41.628974,interface,0.6220472440944882,0.0,0.0,1.0,0.23622047244094488,0.4645669291338583,0.14960629921259844,0.0
2026-01-16T22:48:41.654476,interface,0.6220472440944882,0.0,0.0,1.0,0.23622047244094488,0.4645669291338583,0.14960629921259844,0.0
2026-01-16T22:48:41.752964,interface,0.5669291338582677,0.0,0.0,1.0,0.23622047244094488,0.4645669291338583,0.14960629921259844,0.0
2026-01-16T22:48:41.872166,interface,0.6220472440944882,0.0,0.0,1.0,0.23622047244094488,0.4645669291338583,0.14960629921259844,0.0
2026-01-16T22:48:42.010446,interface,0.6220472440944882,0.0,0.0,1.0,0.23622047244094488,0.4645669291338583,0.14960629921259844,0.0
2026-01-16T22:48:42.137559,interface,0.6220472440944882,0.0,0.0,1.0,0.23622047244094488,0.4645669291338583,0.14960629921259844,0.0
2026-01-16T22:48:42.269863,interface,0.6220472440944882,0.0,0.0,1.0,0.23622047244094488,0.4645669291338583,0.14960629921259844,0.0
2026-01-16T22:48:42.402628,interface,0.6220472440944882,0.0,0.0,1.0,0.23622047244094488,0.4645669291338583,0.14960629921259844,0.0
2026-01-16T22:48:42.534123,interface,0.6220472440944882,0.0,0.0,1.0,0.23622047244094488,0.4645669291338583,0.14960629921259844,0.0
2026-01-16T22:48:42.647950,interface,0.6220472440944882,0.0,0.0,1.0,0.23622047244094488,0.4645669291338583,0.14960629921259844,0.0
2026-01-16T22:48:42.788634,interface,0.6220472440944882,0.0,0.0,1.0,0.23622047244094488,0.4645669291338583,0.14960629921259844,0.0
2026-01-16T22:48:42.910722,interface,0.6220472440944882,0.0,0.0,1.0,0.23622047244094488,0.4645669291338583,0.14960629921259844,0.0
2026-01-16T22:48:43.037217,interface,0.6220472440944882,0.0,0.0,1.0,0.23622047244094488,0.4645669291338583,0.14960629921259844,0.0
2026-01-16T22:48:43.167057,interface,0.5669291338582677,0.0,0.0,1.0,0.23622047244094488,0.4645669291338583,0.14960629921259844,0.0
2026-01-16T22:48:43.292701,interface,0.6220472440944882,0.0,0.0,1.0,0.23622047244094488,0.4645669291338583,0.14960629921259844,0.0
2026-01-16T22:48:43.438511,interface,0.5669291338582677,0.0,0.0,1.0,0.23622047244094488,0.4645669291338583,0.14960629921259844,0.0
2026-01-16T22:48:43.472181,interface,0.5669291338582677,0.0,0.0,1.0,0.23622047244094488,0.4645669291338583,0.14960629921259844,0.0
2026-01-16T22:48:43.559259,interface,0.6220472440944882,0.0,0.0,1.0,0.23622047244094488,0.4645669291338583,0.14960629921259844,0.0
2026-01-16T22:48:43.692257,interface,0.6220472440944882,0.0,0.0,1.0,0.23622047244094488,0.4645669291338583,0.14960629921259844,0.0
2026-01-16T22:48:43.715786,interface,0.6220472440944882,0.0,0.0,1.0,0.23622047244094488,0.4645669291338583,0.14960629921259844,0.0
2026-01-16T22:48:43.824488,interface,0.5669291338582677,0.0,0.0,1.0,0.23622047244094488,0.4645669291338583,0.14960629921259844,0.0
2026-01-16T22:48:43.956124,interface,0.6220472440944882,0.0,0.0,1.0,0.23622047244094488,0.4645669291338583,0.14960629921259844,0.0
2026-01-16T22:48:44.079608,interface,0.6220472440944882,0.0,0.0,1.0,0.23622047244094488,0.4645669291338583,0.14960629921259844,0.0
2026-01-16T22:48:44.223081,interface,0.5669291338582677,0.0,0.0,1.0,0.23622047244094488,0.4645669291338583,0.14960629921259844,0.0
2026-01-16T22:48:44.335675,interface,0.6220472440944882,0.0,0.0,1.0,0.23622047244094488,0.4645669291338583,0.14960629921259844,0.0
2026-01-16T22:48:44.449575,interface,0.5669291338582677,0.0,0.0,1.0,0.23622047244094488,0.4645669291338583,0.14960629921259844,0.0
2026-01-16T22:48:44.571548,interface,0.6220472440944882,0.0,0.0,1.0,0.23622047244094488,0.4645669291338583,0.14960629921259844,0.0
2026-01-16T22:48:44.672826,interface,0.7559055118110236,0.0,0.0,1.0,0.23622047244094488,0.4645669291338583,0.14960629921259844,0.0
2026-01-16T22:48:44.815971,interface,0.8110236220472441,0.0,0.0,1.0,0.23622047244094488,0.4645669291338583,0.14960629921259844,0.0
2026-01-16T22:48:44.934303,interface,0.5669291338582677,0.0,0.0,1.0,0.23622047244094488,0.4645669291338583,0.14960629921259844,0.0
2026-01-16T22:48:45.069891,interface,0.6220472440944882,0.0,0.0,1.0,0.23622047244094488,0.4645669291338583,0.14960629921259844,0.0
2026-01-16T22:48:45.188362,interface,0.7559055118110236,0.0,0.0,1.0,0.23622047244094488,0.4645669291338583,0.14960629921259844,0.0
2026-01-16T22:48:45.337443,interface,0.8110236220472441,0.0,0.0,1.0,0.23622047244094488,0.4645669291338583,0.14960629921259844,0.0
2026-01-16T22:48:45.449501,interface,0.5669291338582677,0.0,0.0,1.0,0.23622047244094488,0.4645669291338583,0.14960629921259844,0.0
2026-01-16T22:48:45.590644,interface,0.6220472440944882,0.0,0.0,1.0,0.23622047244094488,0.4645669291338583,0.14960629921259844,0.0
2026-01-16T22:48:45.707227,interface,0.5669291338582677,0.0,0.0,1.0,0.23622047244094488,0.4645669291338583,0.14960629921259844,0.0
2026-01-16T22:48:45.854043,interface,0.6220472440944882,0.0,0.0,1.0,0.23622047244094488,0.4645669291338583,0.14960629921259844,0.0
2026-01-16T22:48:45.983886,interface,0.5669291338582677,0.0,0.0,1.0,0.23622047244094488,0.4645669291338583,0.14960629921259844,0.0
2026-01-16T22:48:46.117796,interface,0.6220472440944882,0.0,0.0,1.0,0.23622047244094488,0.4645669291338583,0.14960629921259844,0.0
2026-01-16T22:48:46.248843,interface,0.6220472440944882,0.0,0.0,1.0,0.23622047244094488,0.4645669291338583,0.14960629921259844,0.0
2026-01-16T22:48:46.401293,interface,0.8110236220472441,0.0,0.0,1.0,0.23622047244094488,0.4645669291338583,0.14960629921259844,0.0
2026-01-16T22:48:46.512479,interface,0.6220472440944882,0.0,0.0,1.0,0.23622047244094488,0.4645669291338583,0.14960629921259844,0.0
2026-01-16T22:48:46.612541,interface,0.6220472440944882,0.0,0.0,1.0,0.23622047244094488,0.4645669291338583,0.14960629921259844,0.0
2026-01-16T22:48:46.773558,interface,0.7559055118110236,0.0,0.0,1.0,0.23622047244094488,0.4645669291338583,0.14960629921259844,0.0
2026-01-16T22:48:46.886207,interface,0.8503937007874016,0.0,0.0,1.0,0.23622047244094488,0.4645669291338583,0.14960629921259844,0.0
2026-01-16T22:48:47.010752,interface,0.8503937007874016,0.0,0.0,1.0,0.23622047244094488,0.4645669291338583,0.14960629921259844,0.0
2026-01-16T22:48:47.163364,interface,0.6220472440944882,0.0,0.0,1.0,0.23622047244094488,0.4645669291338583,0.14960629921259844,0.0
2026-01-16T22:48:47.176763,interface,0.8346456692913385,0.0,0.0,1.0,0.23622047244094488,0.4645669291338583,0.14960629921259844,0.0
2026-01-16T22:48:47.272005,interface,0.6614173228346457,0.0,0.0,1.0,0.23622047244094488,0.4645669291338583,0.14960629921259844,0.0
2026-01-16T22:48:47.416770,interface,0.6614173228346457,0.0,0.0,1.0,0.23622047244094488,0.4645669291338583,0.14960629921259844,0.0
2026-01-16T22:48:47.528277,interface,0.8110236220472441,0.0,0.0,1.0,0.23622047244094488,0.4645669291338583,0.14960629921259844,0.0
2026-01-16T22:48:47.648139,interface,0.6220472440944882,0.0,0.0,1.0,0.23622047244094488,0.4645669291338583,0.14960629921259844,0.0
2026-01-16T22:48:47.786879,interface,0.6220472440944882,0.0,0.0,1.0,0.23622047244094488,0.4645669291338583,0.14960629921259844,0.0
2026-01-16T22:48:47.932223,interface,0.6220472440944882,0.0,0.0,1.0,0.23622047244094488,0.4645669291338583,0.14960629921259844,0.0
2026-01-16T22:48:48.049272,interface,0.7165354330708661,0.0,0.0,1.0,0.23622047244094488,0.4645669291338583,0.14960629921259844,0.0
2026-01-16T22:48:48.173086,interface,0.7165354330708661,0.0,0.0,1.0,0.23622047244094488,0.4645669291338583,0.14960629921259844,0.0
2026-01-16T22:48:48.297787,interface,0.7559055118110236,0.0,0.0,1.0,0.23622047244094488,0.4645669291338583,0.14960629921259844,0.0
2026-01-16T22:48:48.418385,interface,0.6614173228346457,0.0,0.0,1.0,0.23622047244094488,0.4645669291338583,0.14960629921259844,0.0
2026-01-16T22:48:48.560342,interface,0.6220472440944882,0.0,0.0,1.0,0.23622047244094488,0.4645669291338583,0.14960629921259844,0.0
2026-01-16T22:48:48.659766,interface,0.8503937007874016,0.0,0.0,1.0,0.23622047244094488,0.4645669291338583,0.14960629921259844,0.0
2026-01-16T22:48:48.898822,interface,0.905511811023622,0.0,0.0,1.0,0.23622047244094488,0.4645669291338583,0.14960629921259844,0.0
2026-01-16T22:48:49.029743,interface,0.6220472440944882,0.0,0.0,1.0,0.23622047244094488,0.4645669291338583,0.14960629921259844,0.0
2026-01-16T22:48:49.154138,interface,0.6614173228346457,0.0,0.0,1.0,0.23622047244094488,0.4645669291338583,0.14960629921259844,0.0
2026-01-16T22:48:49.271176,interface,0.8110236220472441,0.0,0.0,1.0,0.23622047244094488,0.4645669291338583,0.14960629921259844,0.0
2026-01-16T22:48:49.524901,interface,0.47244094488188976,0.0,0.0,1.0,0.23622047244094488,0.4645669291338583,0.14960629921259844,0.0
2026-01-16T22:48:49.549013,interface,0.47244094488188976,0.0,0.0,1.0,0.23622047244094488,0.4645669291338583,0.14960629921259844,0.0
2026-01-16T22:48:49.664143,interface,0.6220472440944882,0.0,0.0,1.0,0.23622047244094488,0.4645669291338583,0.14960629921259844,0.0
2026-01-16T22:48:49.781919,interface,0.47244094488188976,0.0,0.0,1.0,0.23622047244094488,0.4645669291338583,0.14960629921259844,0.0
2026-01-16T22:48:50.037317,interface,0.6220472440944882,0.0,0.0,1.0,0.23622047244094488,0.4645669291338583,0.14960629921259844,0.0
2026-01-16T22:48:50.166063,interface,0.6614173228346457,0.0,0.0,1.0,0.23622047244094488,0.4645669291338583,0.14960629921259844,0.0
2026-01-16T22:48:50.351691,interface,0.5669291338582677,0.0,0.0,1.0,0.23622047244094488,0.4645669291338583,0.14960629921259844,0.0
2026-01-16T22:48:50.441554,interface,0.6220472440944882,0.0,0.0,1.0,0.23622047244094488,0.4645669291338583,0.14960629921259844,0.0
2026-01-16T22:48:50.582665,interface,0.5669291338582677,0.0,0.0,1.0,0.23622047244094488,0.4645669291338583,0.14960629921259844,0.0
2026-01-16T22:48:50.707160,interface,0.6220472440944882,0.0,0.0,1.0,0.23622047244094488,0.4645669291338583,0.14960629921259844,0.0
2026-01-16T22:48:50.946539,interface,0.6220472440944882,0.0,0.0,1.0,0.23622047244094488,0.4645669291338583,0.14960629921259844,0.0
2026-01-16T22:48:50.982508,interface,0.6220472440944882,0.0,0.0,1.0,0.23622047244094488,0.4645669291338583,0.14960629921259844,0.0
2026-01-16T22:48:51.074380,interface,0.6220472440944882,0.0,0.0,1.0,0.23622047244094488,0.4645669291338583,0.14960629921259844,0.0
2026-01-16T22:48:51.175658,interface,0.6614173228346457,0.0,0.0,1.0,0.23622047244094488,0.4645669291338583,0.14960629921259844,0.0
2026-01-16T22:48:51.357346,interface,0.8110236220472441,0.0,0.0,1.0,0.23622047244094488,0.4645669291338583,0.14960629921259844,0.0
2026-01-16T22:48:51.449276,interface,0.6614173228346457,0.0,0.0,1.0,0.23622047244094488,0.4645669291338583,0.14960629921259844,0.0
2026-01-16T22:48:51.489429,interface,0.6220472440944882,0.0,0.0,1.0,0.23622047244094488,0.4645669291338583,0.14960629921259844,0.0
2026-01-16T22:48:51.696592,interface,0.6220472440944882,0.0,0.0,1.0,0.23622047244094488,0.4645669291338583,0.14960629921259844,0.0
2026-01-16T22:48:51.788060,interface,0.6220472440944882,0.0,0.0,1.0,0.23622047244094488,0.4645669291338583,0.14960629921259844,0.0
2026-01-16T22:48:51.912497,interface,0.6220472440944882,0.0,0.0,1.0,0.23622047244094488,0.4645669291338583,0.14960629921259844,0.0
2026-01-16T22:48:51.986039,interface,0.6220472440944882,0.0,0.0,1.0,0.23622047244094488,0.4645669291338583,0.14960629921259844,0.0
2026-01-16T22:48:52.087321,interface,0.6614173228346457,0.0,0.0,1.0,0.23622047244094488,0.4645669291338583,0.14960629921259844,0.0
2026-01-16T22:48:52.137360,interface,0.6220472440944882,0.0,0.0,1.0,0.23622047244094488,0.4645669291338583,0.14960629921259844,0.0
2026-01-16T22:48:52.229609,interface,0.8110236220472441,0.0,0.0,1.0,0.23622047244094488,0.4645669291338583,0.14960629921259844,0.0
2026-01-16T22:48:52.387389,interface,0.6220472440944882,0.0,0.0,1.0,0.23622047244094488,0.4645669291338583,0.14960629921259844,0.0
2026-01-16T22:48:52.501110,interface,0.6220472440944882,0.0,0.0,1.0,0.23622047244094488,0.4645669291338583,0.14960629921259844,0.0
2026-01-16T22:48:52.589535,interface,0.6614173228346457,0.0,0.0,1.0,0.23622047244094488,0.4645669291338583,0.14960629921259844,0.0
2026-01-16T22:48:52.623784,interface,0.6220472440944882,0.0,0.0,1.0,0.23622047244094488,0.4645669291338583,0.14960629921259844,0.0
2026-01-16T22:48:52.708144,interface,0.8110236220472441,0.0,0.0,1.0,0.23622047244094488,0.4645669291338583,0.14960629921259844,0.0
2026-01-16T22:48:53.372334,interface,0.8110236220472441,0.0,0.0,1.0,0.23622047244094488,0.4645669291338583,0.14960629921259844,0.0
2026-01-16T22:48:53.410154,interface,0.6614173228346457,0.0,0.0,1.0,0.23622047244094488,0.4645669291338583,0.14960629921259844,0.0
2026-01-16T22:48:53.456625,interface,0.6220472440944882,0.0,0.0,1.0,0.23622047244094488,0.4645669291338583,0.14960629921259844,0.0
2026-01-16T22:48:53.758297,interface,0.8110236220472441,0.0,0.0,1.0,0.23622047244094488,0.4645669291338583,0.14960629921259844,0.0
2026-01-16T22:48:53.830499,interface,0.6614173228346457,0.0,0.0,1.0,0.23622047244094488,0.4645669291338583,0.14960629921259844,0.0
2026-01-16T22:48:53.858731,interface,0.6220472440944882,0.0,0.0,1.0,0.23622047244094488,0.4645669291338583,0.14960629921259844,0.0
2026-01-16T22:48:54.176652,interface,0.8110236220472441,0.0,0.0,1.0,0.23622047244094488,0.4645669291338583,0.14960629921259844,0.0
2026-01-16T22:48:54.250896,interface,0.6614173228346457,0.0,0.0,1.0,0.23622047244094488,0.4645669291338583,0.14960629921259844,0.0
2026-01-16T22:48:54.279048,interface,0.6220472440944882,0.0,0.0,1.0,0.23622047244094488,0.4645669291338583,0.14960629921259844,0.0
2026-01-16T22:48:54.559654,interface,0.7559055118110236,0.0,0.0,1.0,0.23622047244094488,0.4645669291338583,0.14960629921259844,0.0
2026-01-16T22:48:54.661301,interface,0.6614173228346457,0.0,0.0,1.0,0.23622047244094488,0.4645669291338583,0.14960629921259844,0.0
2026-01-16T22:48:54.721566,interface,0.5669291338582677,0.0,0.0,1.0,0.23622047244094488,0.4645669291338583,0.14960629921259844,0.0
2026-01-16T22:48:54.923091,interface,0.6614173228346457,0.0,0.0,1.0,0.23622047244094488,0.4645669291338583,0.14960629921259844,0.0
2026-01-16T22:48:54.979972,interface,0.7559055118110236,0.0,0.0,1.0,0.23622047244094488,0.4645669291338583,0.14960629921259844,0.0
2026-01-16T22:48:55.920418,interface,0.5669291338582677,0.0,0.0,1.0,0.23622047244094488,0.4645669291338583,0.14960629921259844,0.0
2026-01-16T22:48:55.921566,interface,0.6614173228346457,0.0,0.0,1.0,0.23622047244094488,0.4645669291338583,0.14960629921259844,0.0
2026-01-16T22:48:55.938768,interface,0.5669291338582677,0.0,0.0,1.0,0.23622047244094488,0.4645669291338583,0.14960629921259844,0.0
2026-01-16T22:48:55.954532,interface,0.6220472440944882,0.0,0.0,1.0,0.23622047244094488,0.4645669291338583,0.14960629921259844,0.0
2026-01-16T22:48:56.100379,interface,0.7559055118110236,0.0,0.0,1.0,0.23622047244094488,0.4645669291338583,0.14960629921259844,0.0
2026-01-16T22:48:56.354707,interface,0.6220472440944882,0.0,0.0,1.0,0.23622047244094488,0.4645669291338583,0.14960629921259844,0.0
2026-01-16T22:48:56.802267,interface,0.4330708661417323,0.0,0.0,1.0,0.23622047244094488,0.4645669291338583,0.14960629921259844,0.0
2026-01-16T22:48:57.011387,interface,0.6220472440944882,0.0,0.0,1.0,0.23622047244094488,0.4645669291338583,0.14960629921259844,0.0
2026-01-16T22:48:57.137182,interface,0.5669291338582677,0.0,0.0,1.0,0.23622047244094488,0.4645669291338583,0.14960629921259844,0.0
2026-01-16T22:48:57.273918,interface,0.4330708661417323,0.0,0.0,1.0,0.23622047244094488,0.4645669291338583,0.14960629921259844,0.0
2026-01-16T22:48:57.275542,interface,0.7480314960629921,0.0,0.0,1.0,0.23622047244094488,0.4645669291338583,0.14960629921259844,0.0
2026-01-16T22:48:57.463936,interface,0.6220472440944882,0.0,0.0,1.0,0.23622047244094488,0.4645669291338583,0.14960629921259844,0.0
2026-01-16T22:48:57.591757,interface,0.5669291338582677,0.0,0.0,1.0,0.23622047244094488,0.4645669291338583,0.14960629921259844,0.0
2026-01-16T22:48:57.726477,interface,0.6220472440944882,0.0,0.0,1.0,0.23622047244094488,0.4645669291338583,0.14960629921259844,0.0
2026-01-16T22:48:57.845344,interface,0.5669291338582677,0.0,0.0,1.0,0.23622047244094488,0.4645669291338583,0.14960629921259844,0.0
2026-01-16T22:48:57.970706,interface,0.6220472440944882,0.0,0.0,1.0,0.23622047244094488,0.4645669291338583,0.14960629921259844,0.0
2026-01-16T22:48:58.088109,interface,0.6614173228346457,0.0,0.0,1.0,0.23622047244094488,0.4645669291338583,0.14960629921259844,0.0
2026-01-16T22:48:58.213134,interface,0.7559055118110236,0.0,0.0,1.0,0.23622047244094488,0.4645669291338583,0.14960629921259844,0.0
2026-01-16T22:48:58.481601,interface,0.6220472440944882,0.0,0.0,1.0,0.23622047244094488,0.4645669291338583,0.14960629921259844,0.0
2026-01-16T22:48:58.626240,interface,0.5669291338582677,0.0,0.0,1.0,0.23622047244094488,0.4645669291338583,0.14960629921259844,0.0
2026-01-16T22:48:58.749993,interface,0.6220472440944882,0.0,0.0,1.0,0.23622047244094488,0.4645669291338583,0.14960629921259844,0.0
2026-01-16T22:48:58.877115,interface,0.6614173228346457,0.0,0.0,1.0,0.23622047244094488,0.4645669291338583,0.14960629921259844,0.0
2026-01-16T22:48:59.012348,interface,0.8110236220472441,0.0,0.0,1.0,0.23622047244094488,0.4645669291338583,0.14960629921259844,0.0
2026-01-16T22:48:59.146113,interface,0.6220472440944882,0.0,0.0,1.0,0.23622047244094488,0.4645669291338583,0.14960629921259844,0.0
2026-01-16T22:48:59.484520,interface,0.8110236220472441,0.0,0.0,1.0,0.23622047244094488,0.4645669291338583,0.14960629921259844,0.0
2026-01-16T22:48:59.613753,interface,0.8503937007874016,0.0,0.0,1.0,0.23622047244094488,0.4645669291338583,0.14960629921259844,0.0
2026-01-16T22:48:59.809968,interface,0.8110236220472441,0.0,0.0,1.0,0.23622047244094488,0.4645669291338583,0.14960629921259844,0.0
2026-01-16T22:49:00.081799,interface,0.8110236220472441,0.0,0.0,1.0,0.23622047244094488,0.4645669291338583,0.14960629921259844,0.0
2026-01-16T22:49:00.172078,interface,0.8110236220472441,0.0,0.0,1.0,0.23622047244094488,0.4645669291338583,0.14960629921259844,0.0
2026-01-16T22:49:00.622262,interface,0.8110236220472441,0.0,0.0,1.0,0.23622047244094488,0.4645669291338583,0.14960629921259844,0.0
2026-01-16T22:49:01.209777,interface,0.8110236220472441,0.0,0.0,1.0,0.23622047244094488,0.4645669291338583,0.14960629921259844,0.0
2026-01-16T22:49:01.283980,interface,0.8110236220472441,0.0,0.0,1.0,0.23622047244094488,0.4645669291338583,0.14960629921259844,0.0
2026-01-16T22:49:01.489398,interface,0.8110236220472441,0.0,0.0,1.0,0.23622047244094488,0.4645669291338583,0.14960629921259844,0.0
2026-01-16T22:49:01.596397,interface,0.8110236220472441,0.0,0.0,1.0,0.23622047244094488,0.4645669291338583,0.14960629921259844,0.0
2026-01-16T22:49:01.684790,interface,0.8110236220472441,0.0,0.0,1.0,0.23622047244094488,0.4645669291338583,0.14960629921259844,0.0
2026-01-16T22:49:01.863333,interface,0.8110236220472441,0.0,0.0,1.0,0.23622047244094488,0.4645669291338583,0.14960629921259844,0.0
2026-01-16T22:49:02.012333,interface,0.8110236220472441,0.0,0.0,1.0,0.23622047244094488,0.4645669291338583,0.14960629921259844,0.0
2026-01-16T22:49:02.145936,interface,0.8110236220472441,0.0,0.0,1.0,0.23622047244094488,0.4645669291338583,0.14960629921259844,0.0
2026-01-16T22:49:02.247382,interface,0.8110236220472441,0.0,0.0,1.0,0.23622047244094488,0.4645669291338583,0.14960629921259844,0.0
2026-01-16T22:49:02.333816,interface,0.8110236220472441,0.0,0.0,1.0,0.23622047244094488,0.4645669291338583,0.14960629921259844,0.0
2026-01-16T22:49:02.474549,interface,0.8110236220472441,0.0,0.0,1.0,0.23622047244094488,0.4645669291338583,0.14960629921259844,0.0
2026-01-16T22:49:02.619479,interface,0.8110236220472441,0.0,0.0,1.0,0.23622047244094488,0.4645669291338583,0.14960629921259844,0.0
2026-01-16T22:49:02.742330,interface,0.8110236220472441,0.0,0.0,1.0,0.23622047244094488,0.4645669291338583,0.14960629921259844,0.0
2026-01-16T22:49:03.048028,interface,0.8110236220472441,0.0,0.0,1.0,0.23622047244094488,0.4645669291338583,0.14960629921259844,0.0
2026-01-16T22:49:03.321950,interface,0.8110236220472441,0.0,0.0,1.0,0.23622047244094488,0.4645669291338583,0.14960629921259844,0.0
2026-01-16T22:49:03.582987,interface,0.8110236220472441,0.0,0.0,1.0,0.23622047244094488,0.4645669291338583,0.14960629921259844,0.0
2026-01-16T22:49:03.727289,interface,0.8110236220472441,0.0,0.0,1.0,0.23622047244094488,0.4566929133858268,0.14960629921259844,0.0
2026-01-16T22:49:03.743245,interface,0.8110236220472441,0.0,0.0,1.0,0.23622047244094488,0.44881889763779526,0.14960629921259844,0.0
2026-01-16T22:49:03.751239,interface,0.8110236220472441,0.0,0.0,1.0,0.23622047244094488,0.4409448818897638,0.14960629921259844,0.0
2026-01-16T22:49:03.759247,interface,0.8110236220472441,0.0,0.0,1.0,0.23622047244094488,0.4409448818897638,0.14960629921259844,0.0
2026-01-16T22:49:03.767249,interface,0.8110236220472441,0.0,0.0,1.0,0.23622047244094488,0.4330708661417323,0.14960629921259844,0.0
2026-01-16T22:49:03.777373,interface,0.8110236220472441,0.0,0.0,1.0,0.23622047244094488,0.4251968503937008,0.14960629921259844,0.0
2026-01-16T22:49:03.787917,interface,0.8110236220472441,0.0,0.0,1.0,0.23622047244094488,0.41732283464566927,0.14960629921259844,0.0
2026-01-16T22:49:03.788701,interface,0.8110236220472441,0.0,0.0,1.0,0.23622047244094488,0.4094488188976378,0.14960629921259844,0.0
2026-01-16T22:49:03.799287,interface,0.8110236220472441,0.0,0.0,1.0,0.23622047244094488,0.4015748031496063,0.14960629921259844,0.0
2026-01-16T22:49:03.807229,interface,0.8110236220472441,0.0,0.0,1.0,0.23622047244094488,0.3937007874015748,0.14960629921259844,0.0
2026-01-16T22:49:03.816931,interface,0.8110236220472441,0.0,0.0,1.0,0.23622047244094488,0.3937007874015748,0.14960629921259844,0.0
2026-01-16T22:49:03.829214,interface,0.8110236220472441,0.0,0.0,1.0,0.23622047244094488,0.3858267716535433,0.14960629921259844,0.0
2026-01-16T22:49:03.830002,interface,0.8110236220472441,0.0,0.0,1.0,0.23622047244094488,0.3779527559055118,0.14960629921259844,0.0
2026-01-16T22:49:03.839322,interface,0.8110236220472441,0.0,0.0,1.0,0.23622047244094488,0.3700787401574803,0.14960629921259844,0.0
2026-01-16T22:49:03.847523,interface,0.8110236220472441,0.0,0.0,1.0,0.23622047244094488,0.36220472440944884,0.14960629921259844,0.0
2026-01-16T22:49:03.856936,interface,0.8110236220472441,0.0,0.0,1.0,0.23622047244094488,0.3543307086614173,0.14960629921259844,0.0
2026-01-16T22:49:03.866901,interface,0.8110236220472441,0.0,0.0,1.0,0.23622047244094488,0.3543307086614173,0.14960629921259844,0.0
2026-01-16T22:49:03.867693,interface,0.8110236220472441,0.0,0.0,1.0,0.23622047244094488,0.3464566929133858,0.14960629921259844,0.0
2026-01-16T22:49:03.879301,interface,0.8110236220472441,0.0,0.0,1.0,0.23622047244094488,0.33858267716535434,0.14960629921259844,0.0
2026-01-16T22:49:03.892190,interface,0.8110236220472441,0.0,0.0,1.0,0.23622047244094488,0.33070866141732286,0.14960629921259844,0.0
2026-01-16T22:49:03.892984,interface,0.8110236220472441,0.0,0.0,1.0,0.23622047244094488,0.3228346456692913,0.14960629921259844,0.0
2026-01-16T22:49:03.906784,interface,0.8110236220472441,0.0,0.0,1.0,0.23622047244094488,0.3228346456692913,0.14960629921259844,0.0
2026-01-16T22:49:03.907587,interface,0.8110236220472441,0.0,0.0,1.0,0.23622047244094488,0.31496062992125984,0.14960629921259844,0.0
2026-01-16T22:49:03.919299,interface,0.8110236220472441,0.0,0.0,1.0,0.23622047244094488,0.30708661417322836,0.14960629921259844,0.0
2026-01-16T22:49:03.927988,interface,0.8110236220472441,0.0,0.0,1.0,0.23622047244094488,0.2992125984251969,0.14960629921259844,0.0
2026-01-16T22:49:03.928811,interface,0.8110236220472441,0.0,0.0,1.0,0.23622047244094488,0.2992125984251969,0.14960629921259844,0.0
2026-01-16T22:49:03.947674,interface,0.8110236220472441,0.0,0.0,1.0,0.23622047244094488,0.29133858267716534,0.14960629921259844,0.0
2026-01-16T22:49:03.948481,interface,0.8110236220472441,0.0,0.0,1.0,0.23622047244094488,0.28346456692913385,0.14960629921259844,0.0
2026-01-16T22:49:03.959207,interface,0.8110236220472441,0.0,0.0,1.0,0.23622047244094488,0.28346456692913385,0.14960629921259844,0.0
2026-01-16T22:49:03.967281,interface,0.8110236220472441,0.0,0.0,1.0,0.23622047244094488,0.2755905511811024,0.14960629921259844,0.0
2026-01-16T22:49:03.977083,interface,0.8110236220472441,0.0,0.0,1.0,0.23622047244094488,0.2677165354330709,0.14960629921259844,0.0
2026-01-16T22:49:03.988174,interface,0.8110236220472441,0.0,0.0,1.0,0.23622047244094488,0.2677165354330709,0.14960629921259844,0.0
2026-01-16T22:49:03.988986,interface,0.8110236220472441,0.0,0.0,1.0,0.23622047244094488,0.25984251968503935,0.14960629921259844,0.0
2026-01-16T22:49:04.007301,interface,0.8110236220472441,0.0,0.0,1.0,0.23622047244094488,0.25196850393700787,0.14960629921259844,0.0
2026-01-16T22:49:04.017525,interface,0.8110236220472441,0.0,0.0,1.0,0.23622047244094488,0.25196850393700787,0.14960629921259844,0.0
2026-01-16T22:49:04.026904,interface,0.8110236220472441,0.0,0.0,1.0,0.23622047244094488,0.2440944881889764,0.14960629921259844,0.0
2026-01-16T22:49:04.027645,interface,0.8110236220472441,0.0,0.0,1.0,0.23622047244094488,0.2440944881889764,0.14960629921259844,0.0
2026-01-16T22:49:04.039330,interface,0.8110236220472441,0.0,0.0,1.0,0.23622047244094488,0.23622047244094488,0.14960629921259844,0.0
2026-01-16T22:49:04.047685,interface,0.8110236220472441,0.0,0.0,1.0,0.23622047244094488,0.23622047244094488,0.14960629921259844,0.0
2026-01-16T22:49:04.057217,interface,0.8110236220472441,0.0,0.0,1.0,0.23622047244094488,0.2283464566929134,0.14960629921259844,0.0
2026-01-16T22:49:04.067288,interface,0.8110236220472441,0.0,0.0,1.0,0.23622047244094488,0.2283464566929134,0.14960629921259844,0.0
2026-01-16T22:49:04.068067,interface,0.8110236220472441,0.0,0.0,1.0,0.23622047244094488,0.2204724409448819,0.14960629921259844,0.0
2026-01-16T22:49:04.079313,interface,0.8110236220472441,0.0,0.0,1.0,0.23622047244094488,0.2125984251968504,0.14960629921259844,0.0
2026-01-16T22:49:04.087509,interface,0.8110236220472441,0.0,0.0,1.0,0.23622047244094488,0.2125984251968504,0.14960629921259844,0.0
2026-01-16T22:49:04.103204,interface,0.8110236220472441,0.0,0.0,1.0,0.23622047244094488,0.2047244094488189,0.14960629921259844,0.0
2026-01-16T22:49:04.119307,interface,0.8110236220472441,0.0,0.0,1.0,0.23622047244094488,0.1968503937007874,0.14960629921259844,0.0
2026-01-16T22:49:04.135310,interface,0.8110236220472441,0.0,0.0,1.0,0.23622047244094488,0.1968503937007874,0.14960629921259844,0.0
2026-01-16T22:49:04.151222,interface,0.8110236220472441,0.0,0.0,1.0,0.23622047244094488,0.1889763779527559,0.14960629921259844,0.0
2026-01-16T22:49:04.159303,interface,0.8110236220472441,0.0,0.0,1.0,0.23622047244094488,0.18110236220472442,0.14960629921259844,0.0
2026-01-16T22:49:04.175343,interface,0.8110236220472441,0.0,0.0,1.0,0.23622047244094488,0.18110236220472442,0.14960629921259844,0.0
2026-01-16T22:49:04.176110,interface,0.8110236220472441,0.0,0.0,1.0,0.23622047244094488,0.18110236220472442,0.14960629921259844,0.0
2026-01-16T22:49:04.195199,interface,0.8110236220472441,0.0,0.0,1.0,0.23622047244094488,0.1732283464566929,0.14960629921259844,0.0
2026-01-16T22:49:04.195995,interface,0.8110236220472441,0.0,0.0,1.0,0.23622047244094488,0.1732283464566929,0.14960629921259844,0.0
2026-01-16T22:49:04.196653,interface,0.8110236220472441,0.0,0.0,1.0,0.23622047244094488,0.16535433070866143,0.14960629921259844,0.0
2026-01-16T22:49:04.215335,interface,0.8110236220472441,0.0,0.0,1.0,0.23622047244094488,0.15748031496062992,0.14960629921259844,0.0
2026-01-16T22:49:04.231442,interface,0.8110236220472441,0.0,0.0,1.0,0.23622047244094488,0.14960629921259844,0.14960629921259844,0.0
2026-01-16T22:49:04.239305,interface,0.8110236220472441,0.0,0.0,1.0,0.23622047244094488,0.14960629921259844,0.14960629921259844,0.0
2026-01-16T22:49:04.255221,interface,0.8110236220472441,0.0,0.0,1.0,0.23622047244094488,0.14173228346456693,0.14960629921259844,0.0
2026-01-16T22:49:04.271288,interface,0.8110236220472441,0.0,0.0,1.0,0.23622047244094488,0.13385826771653545,0.14960629921259844,0.0
2026-01-16T22:49:04.287295,interface,0.8110236220472441,0.0,0.0,1.0,0.23622047244094488,0.13385826771653545,0.14960629921259844,0.0
2026-01-16T22:49:04.303227,interface,0.8110236220472441,0.0,0.0,1.0,0.23622047244094488,0.12598425196850394,0.14960629921259844,0.0
2026-01-16T22:49:04.319318,interface,0.8110236220472441,0.0,0.0,1.0,0.23622047244094488,0.11811023622047244,0.14960629921259844,0.0
2026-01-16T22:49:04.335516,interface,0.8110236220472441,0.0,0.0,1.0,0.23622047244094488,0.11811023622047244,0.14960629921259844,0.0
2026-01-16T22:49:04.351242,interface,0.8110236220472441,0.0,0.0,1.0,0.23622047244094488,0.11023622047244094,0.14960629921259844,0.0
2026-01-16T22:49:04.372251,interface,0.8110236220472441,0.0,0.0,1.0,0.23622047244094488,0.11023622047244094,0.14960629921259844,0.0
2026-01-16T22:49:04.373062,interface,0.8110236220472441,0.0,0.0,1.0,0.23622047244094488,0.11023622047244094,0.14960629921259844,0.0
2026-01-16T22:49:04.415349,interface,0.8110236220472441,0.0,0.0,1.0,0.23622047244094488,0.10236220472440945,0.14960629921259844,0.0
2026-01-16T22:49:04.527305,interface,0.8110236220472441,0.0,0.0,1.0,0.23622047244094488,0.10236220472440945,0.14960629921259844,0.0
2026-01-16T22:49:04.559389,interface,0.8110236220472441,0.0,0.0,1.0,0.23622047244094488,0.09448818897637795,0.14960629921259844,0.0
2026-01-16T22:49:04.583357,interface,0.8110236220472441,0.0,0.0,1.0,0.23622047244094488,0.09448818897637795,0.14960629921259844,0.0
2026-01-16T22:49:04.599314,interface,0.8110236220472441,0.0,0.0,1.0,0.23622047244094488,0.08661417322834646,0.14960629921259844,0.0
2026-01-16T22:49:04.615375,interface,0.8110236220472441,0.0,0.0,1.0,0.23622047244094488,0.08661417322834646,0.14960629921259844,0.0
2026-01-16T22:49:04.631390,interface,0.8110236220472441,0.0,0.0,1.0,0.23622047244094488,0.07874015748031496,0.14960629921259844,0.0
2026-01-16T22:49:04.647281,interface,0.8110236220472441,0.0,0.0,1.0,0.23622047244094488,0.07086614173228346,0.14960629921259844,0.0
2026-01-16T22:49:04.675125,interface,0.8110236220472441,0.0,0.0,1.0,0.23622047244094488,0.07086614173228346,0.14960629921259844,0.0
2026-01-16T22:49:04.701531,interface,0.8110236220472441,0.0,0.0,1.0,0.23622047244094488,0.06299212598425197,0.14960629921259844,0.0
2026-01-16T22:49:04.702304,interface,0.8110236220472441,0.0,0.0,1.0,0.23622047244094488,0.06299212598425197,0.14960629921259844,0.0
2026-01-16T22:49:04.823450,interface,0.8110236220472441,0.0,0.0,1.0,0.23622047244094488,0.06299212598425197,0.14960629921259844,0.0
2026-01-16T22:49:04.839352,interface,0.8110236220472441,0.0,0.0,1.0,0.23622047244094488,0.07086614173228346,0.14960629921259844,0.0
2026-01-16T22:49:04.847408,interface,0.8110236220472441,0.0,0.0,1.0,0.23622047244094488,0.07874015748031496,0.14960629921259844,0.0
2026-01-16T22:49:04.855778,interface,0.8110236220472441,0.0,0.0,1.0,0.23622047244094488,0.08661417322834646,0.14960629921259844,0.0
2026-01-16T22:49:04.866972,interface,0.8110236220472441,0.0,0.0,1.0,0.23622047244094488,0.08661417322834646,0.14960629921259844,0.0
2026-01-16T22:49:04.867747,interface,0.8110236220472441,0.0,0.0,1.0,0.23622047244094488,0.09448818897637795,0.14960629921259844,0.0
2026-01-16T22:49:04.879369,interface,0.8110236220472441,0.0,0.0,1.0,0.23622047244094488,0.10236220472440945,0.14960629921259844,0.0
2026-01-16T22:49:04.892194,interface,0.8110236220472441,0.0,0.0,1.0,0.23622047244094488,0.11023622047244094,0.14960629921259844,0.0
2026-01-16T22:49:04.892985,interface,0.8110236220472441,0.0,0.0,1.0,0.23622047244094488,0.11811023622047244,0.14960629921259844,0.0
2026-01-16T22:49:04.907436,interface,0.8110236220472441,0.0,0.0,1.0,0.23622047244094488,0.13385826771653545,0.14960629921259844,0.0
2026-01-16T22:49:04.908284,interface,0.8110236220472441,0.0,0.0,1.0,0.23622047244094488,0.14173228346456693,0.14960629921259844,0.0
2026-01-16T22:49:04.919457,interface,0.8110236220472441,0.0,0.0,1.0,0.23622047244094488,0.14960629921259844,0.14960629921259844,0.0
2026-01-16T22:49:04.927422,interface,0.8110236220472441,0.0,0.0,1.0,0.23622047244094488,0.16535433070866143,0.14960629921259844,0.0
2026-01-16T22:49:04.937800,interface,0.8110236220472441,0.0,0.0,1.0,0.23622047244094488,0.1732283464566929,0.14960629921259844,0.0
2026-01-16T22:49:04.945945,interface,0.8110236220472441,0.0,0.0,1.0,0.23622047244094488,0.18110236220472442,0.14960629921259844,0.0
2026-01-16T22:49:04.946734,interface,0.8110236220472441,0.0,0.0,1.0,0.23622047244094488,0.1968503937007874,0.14960629921259844,0.0
2026-01-16T22:49:04.947475,interface,0.8110236220472441,0.0,0.0,1.0,0.23622047244094488,0.1968503937007874,0.14960629921259844,0.0
2026-01-16T22:49:04.966401,interface,0.8110236220472441,0.0,0.0,1.0,0.23622047244094488,0.2047244094488189,0.14960629921259844,0.0
2026-01-16T22:49:04.967166,interface,0.8110236220472441,0.0,0.0,1.0,0.23622047244094488,0.2125984251968504,0.14960629921259844,0.0
2026-01-16T22:49:04.977011,interface,0.8110236220472441,0.0,0.0,1.0,0.23622047244094488,0.2283464566929134,0.14960629921259844,0.0
2026-01-16T22:49:04.986750,interface,0.8110236220472441,0.0,0.0,1.0,0.23622047244094488,0.23622047244094488,0.14960629921259844,0.0
2026-01-16T22:49:04.987486,interface,0.8110236220472441,0.0,0.0,1.0,0.23622047244094488,0.25196850393700787,0.14960629921259844,0.0
2026-01-16T22:49:04.999528,interface,0.8110236220472441,0.0,0.0,1.0,0.23622047244094488,0.25984251968503935,0.14960629921259844,0.0
2026-01-16T22:49:05.007433,interface,0.8110236220472441,0.0,0.0,1.0,0.23622047244094488,0.2755905511811024,0.14960629921259844,0.0
2026-01-16T22:49:05.018374,interface,0.8110236220472441,0.0,0.0,1.0,0.23622047244094488,0.29133858267716534,0.14960629921259844,0.0
2026-01-16T22:49:05.027187,interface,0.8110236220472441,0.0,0.0,1.0,0.23622047244094488,0.2992125984251969,0.14960629921259844,0.0
2026-01-16T22:49:05.027968,interface,0.8110236220472441,0.0,0.0,1.0,0.23622047244094488,0.31496062992125984,0.14960629921259844,0.0
2026-01-16T22:49:05.039465,interface,0.8110236220472441,0.0,0.0,1.0,0.23622047244094488,0.33070866141732286,0.14960629921259844,0.0
2026-01-16T22:49:05.047599,interface,0.8110236220472441,0.0,0.0,1.0,0.23622047244094488,0.3464566929133858,0.14960629921259844,0.0
2026-01-16T22:49:05.056596,interface,0.8110236220472441,0.0,0.0,1.0,0.23622047244094488,0.36220472440944884,0.14960629921259844,0.0
2026-01-16T22:49:05.067297,interface,0.8110236220472441,0.0,0.0,1.0,0.23622047244094488,0.3700787401574803,0.14960629921259844,0.0
2026-01-16T22:49:05.068077,interface,0.8110236220472441,0.0,0.0,1.0,0.23622047244094488,0.3858267716535433,0.14960629921259844,0.0
2026-01-16T22:49:05.079395,interface,0.8110236220472441,0.0,0.0,1.0,0.23622047244094488,0.4015748031496063,0.14960629921259844,0.0
2026-01-16T22:49:05.087878,interface,0.8110236220472441,0.0,0.0,1.0,0.23622047244094488,0.41732283464566927,0.14960629921259844,0.0
2026-01-16T22:49:05.096596,interface,0.8110236220472441,0.0,0.0,1.0,0.23622047244094488,0.4330708661417323,0.14960629921259844,0.0
2026-01-16T22:49:05.107807,interface,0.8110236220472441,0.0,0.0,1.0,0.23622047244094488,0.44881889763779526,0.14960629921259844,0.0
2026-01-16T22:49:05.108593,interface,0.8110236220472441,0.0,0.0,1.0,0.23622047244094488,0.4566929133858268,0.14960629921259844,0.0
2026-01-16T22:49:05.119473,interface,0.8110236220472441,0.0,0.0,1.0,0.23622047244094488,0.47244094488188976,0.14960629921259844,0.0
2026-01-16T22:49:05.128206,interface,0.8110236220472441,0.0,0.0,1.0,0.23622047244094488,0.48031496062992124,0.14960629921259844,0.0
2026-01-16T22:49:05.136969,interface,0.8110236220472441,0.0,0.0,1.0,0.23622047244094488,0.49606299212598426,0.14960629921259844,0.0
2026-01-16T22:49:05.146985,interface,0.8110236220472441,0.0,0.0,1.0,0.23622047244094488,0.5039370078740157,0.14960629921259844,0.0
2026-01-16T22:49:05.147769,interface,0.8110236220472441,0.0,0.0,1.0,0.23622047244094488,0.5118110236220472,0.14960629921259844,0.0
2026-01-16T22:49:05.159409,interface,0.8110236220472441,0.0,0.0,1.0,0.23622047244094488,0.5275590551181102,0.14960629921259844,0.0
2026-01-16T22:49:05.167452,interface,0.8110236220472441,0.0,0.0,1.0,0.23622047244094488,0.5433070866141733,0.14960629921259844,0.0
2026-01-16T22:49:05.176879,interface,0.8110236220472441,0.0,0.0,1.0,0.23622047244094488,0.5511811023622047,0.14960629921259844,0.0
2026-01-16T22:49:05.187969,interface,0.8110236220472441,0.0,0.0,1.0,0.23622047244094488,0.5669291338582677,0.14960629921259844,0.0
2026-01-16T22:49:05.188757,interface,0.8110236220472441,0.0,0.0,1.0,0.23622047244094488,0.5826771653543307,0.14960629921259844,0.0
2026-01-16T22:49:05.204149,interface,0.8110236220472441,0.0,0.0,1.0,0.23622047244094488,0.5984251968503937,0.14960629921259844,0.0
2026-01-16T22:49:05.204983,interface,0.8110236220472441,0.0,0.0,1.0,0.23622047244094488,0.6062992125984252,0.14960629921259844,0.0
2026-01-16T22:49:05.217207,interface,0.8110236220472441,0.0,0.0,1.0,0.23622047244094488,0.6220472440944882,0.14960629921259844,0.0
2026-01-16T22:49:05.226624,interface,0.8110236220472441,0.0,0.0,1.0,0.23622047244094488,0.6377952755905512,0.14960629921259844,0.0
2026-01-16T22:49:05.227403,interface,0.8110236220472441,0.0,0.0,1.0,0.23622047244094488,0.6456692913385826,0.14960629921259844,0.0
2026-01-16T22:49:05.239492,interface,0.8110236220472441,0.0,0.0,1.0,0.23622047244094488,0.6535433070866141,0.14960629921259844,0.0
2026-01-16T22:49:05.247453,interface,0.8110236220472441,0.0,0.0,1.0,0.23622047244094488,0.6692913385826772,0.14960629921259844,0.0
2026-01-16T22:49:05.258135,interface,0.8110236220472441,0.0,0.0,1.0,0.23622047244094488,0.6771653543307087,0.14960629921259844,0.0
2026-01-16T22:49:05.267350,interface,0.8110236220472441,0.0,0.0,1.0,0.23622047244094488,0.6929133858267716,0.14960629921259844,0.0
2026-01-16T22:49:05.268132,interface,0.8110236220472441,0.0,0.0,1.0,0.23622047244094488,0.7007874015748031,0.14960629921259844,0.0
2026-01-16T22:49:05.279498,interface,0.8110236220472441,0.0,0.0,1.0,0.23622047244094488,0.7086614173228346,0.14960629921259844,0.0
2026-01-16T22:49:05.288330,interface,0.8110236220472441,0.0,0.0,1.0,0.23622047244094488,0.7244094488188977,0.14960629921259844,0.0
2026-01-16T22:49:05.296519,interface,0.8110236220472441,0.0,0.0,1.0,0.23622047244094488,0.7322834645669292,0.14960629921259844,0.0
2026-01-16T22:49:05.307162,interface,0.8110236220472441,0.0,0.0,1.0,0.23622047244094488,0.7401574803149606,0.14960629921259844,0.0
2026-01-16T22:49:05.307934,interface,0.8110236220472441,0.0,0.0,1.0,0.23622047244094488,0.7480314960629921,0.14960629921259844,0.0
2026-01-16T22:49:05.319509,interface,0.8110236220472441,0.0,0.0,1.0,0.23622047244094488,0.7559055118110236,0.14960629921259844,0.0
2026-01-16T22:49:05.327381,interface,0.8110236220472441,0.0,0.0,1.0,0.23622047244094488,0.7637795275590551,0.14960629921259844,0.0
2026-01-16T22:49:05.336771,interface,0.8110236220472441,0.0,0.0,1.0,0.23622047244094488,0.7716535433070866,0.14960629921259844,0.0
2026-01-16T22:49:05.345991,interface,0.8110236220472441,0.0,0.0,1.0,0.23622047244094488,0.7795275590551181,0.14960629921259844,0.0
2026-01-16T22:49:05.346783,interface,0.8110236220472441,0.0,0.0,1.0,0.23622047244094488,0.7874015748031497,0.14960629921259844,0.0
2026-01-16T22:49:05.358686,interface,0.8110236220472441,0.0,0.0,1.0,0.23622047244094488,0.7952755905511811,0.14960629921259844,0.0
2026-01-16T22:49:05.366853,interface,0.8110236220472441,0.0,0.0,1.0,0.23622047244094488,0.7952755905511811,0.14960629921259844,0.0
2026-01-16T22:49:05.376559,interface,0.8110236220472441,0.0,0.0,1.0,0.23622047244094488,0.8031496062992126,0.14960629921259844,0.0
2026-01-16T22:49:05.385993,interface,0.8110236220472441,0.0,0.0,1.0,0.23622047244094488,0.8110236220472441,0.14960629921259844,0.0
2026-01-16T22:49:05.386789,interface,0.8110236220472441,0.0,0.0,1.0,0.23622047244094488,0.8110236220472441,0.14960629921259844,0.0
2026-01-16T22:49:05.397539,interface,0.8110236220472441,0.0,0.0,1.0,0.23622047244094488,0.8188976377952756,0.14960629921259844,0.0
2026-01-16T22:49:05.407336,interface,0.8110236220472441,0.0,0.0,1.0,0.23622047244094488,0.8188976377952756,0.14960629921259844,0.0
2026-01-16T22:49:05.416511,interface,0.8110236220472441,0.0,0.0,1.0,0.23622047244094488,0.8267716535433071,0.14960629921259844,0.0
2026-01-16T22:49:05.427809,interface,0.8110236220472441,0.0,0.0,1.0,0.23622047244094488,0.8346456692913385,0.14960629921259844,0.0
2026-01-16T22:49:05.428587,interface,0.8110236220472441,0.0,0.0,1.0,0.23622047244094488,0.8346456692913385,0.14960629921259844,0.0
2026-01-16T22:49:05.437512,interface,0.8110236220472441,0.0,0.0,1.0,0.23622047244094488,0.84251968503937,0.14960629921259844,0.0
2026-01-16T22:49:05.446865,interface,0.8110236220472441,0.0,0.0,1.0,0.23622047244094488,0.84251968503937,0.14960629921259844,0.0
2026-01-16T22:49:05.456818,interface,0.8110236220472441,0.0,0.0,1.0,0.23622047244094488,0.8503937007874016,0.14960629921259844,0.0
2026-01-16T22:49:05.466414,interface,0.8110236220472441,0.0,0.0,1.0,0.23622047244094488,0.8503937007874016,0.14960629921259844,0.0
2026-01-16T22:49:05.477685,interface,0.8110236220472441,0.0,0.0,1.0,0.23622047244094488,0.8582677165354331,0.14960629921259844,0.0
2026-01-16T22:49:05.523836,interface,0.8110236220472441,0.0,0.0,1.0,0.23622047244094488,0.8582677165354331,0.14960629921259844,0.0
2026-01-16T22:49:05.573629,interface,0.8110236220472441,0.0,0.0,1.0,0.23622047244094488,0.8503937007874016,0.14960629921259844,0.0
2026-01-16T22:49:05.587246,interface,0.8110236220472441,0.0,0.0,1.0,0.23622047244094488,0.8503937007874016,0.14960629921259844,0.0
2026-01-16T22:49:05.588023,interface,0.8110236220472441,0.0,0.0,1.0,0.23622047244094488,0.84251968503937,0.14960629921259844,0.0
2026-01-16T22:49:05.605550,interface,0.8110236220472441,0.0,0.0,1.0,0.23622047244094488,0.8346456692913385,0.14960629921259844,0.0
2026-01-16T22:49:05.621818,interface,0.8110236220472441,0.0,0.0,1.0,0.23622047244094488,0.8267716535433071,0.14960629921259844,0.0
2026-01-16T22:49:05.629511,interface,0.8110236220472441,0.0,0.0,1.0,0.23622047244094488,0.8267716535433071,0.14960629921259844,0.0
2026-01-16T22:49:05.645491,interface,0.8110236220472441,0.0,0.0,1.0,0.23622047244094488,0.8188976377952756,0.14960629921259844,0.0
2026-01-16T22:49:05.657719,interface,0.8110236220472441,0.0,0.0,1.0,0.23622047244094488,0.8110236220472441,0.14960629921259844,0.0
2026-01-16T22:49:05.666659,interface,0.8110236220472441,0.0,0.0,1.0,0.23622047244094488,0.8110236220472441,0.14960629921259844,0.0
2026-01-16T22:49:05.667432,interface,0.8110236220472441,0.0,0.0,1.0,0.23622047244094488,0.8031496062992126,0.14960629921259844,0.0
2026-01-16T22:49:05.680079,interface,0.8110236220472441,0.0,0.0,1.0,0.23622047244094488,0.8031496062992126,0.14960629921259844,0.0
2026-01-16T22:49:05.693547,interface,0.8110236220472441,0.0,0.0,1.0,0.23622047244094488,0.7952755905511811,0.14960629921259844,0.0
2026-01-16T22:49:05.709475,interface,0.8110236220472441,0.0,0.0,1.0,0.23622047244094488,0.7874015748031497,0.14960629921259844,0.0
2026-01-16T22:49:05.725535,interface,0.8110236220472441,0.0,0.0,1.0,0.23622047244094488,0.7874015748031497,0.14960629921259844,0.0
2026-01-16T22:49:05.749534,interface,0.8110236220472441,0.0,0.0,1.0,0.23622047244094488,0.7795275590551181,0.14960629921259844,0.0
2026-01-16T22:49:05.767130,interface,0.8110236220472441,0.0,0.0,1.0,0.23622047244094488,0.7795275590551181,0.14960629921259844,0.0
2026-01-16T22:49:05.781840,interface,0.8110236220472441,0.0,0.0,1.0,0.23622047244094488,0.7716535433070866,0.14960629921259844,0.0
2026-01-16T22:49:05.797470,interface,0.8110236220472441,0.0,0.0,1.0,0.23622047244094488,0.7637795275590551,0.14960629921259844,0.0
2026-01-16T22:49:05.813556,interface,0.8110236220472441,0.0,0.0,1.0,0.23622047244094488,0.7637795275590551,0.14960629921259844,0.0
2026-01-16T22:49:05.829534,interface,0.8110236220472441,0.0,0.0,1.0,0.23622047244094488,0.7559055118110236,0.14960629921259844,0.0
2026-01-16T22:49:05.845532,interface,0.8110236220472441,0.0,0.0,1.0,0.23622047244094488,0.7559055118110236,0.14960629921259844,0.0
2026-01-16T22:49:05.861853,interface,0.8110236220472441,0.0,0.0,1.0,0.23622047244094488,0.7480314960629921,0.14960629921259844,0.0
2026-01-16T22:49:05.877471,interface,0.8110236220472441,0.0,0.0,1.0,0.23622047244094488,0.7401574803149606,0.14960629921259844,0.0
2026-01-16T22:49:05.893534,interface,0.8110236220472441,0.0,0.0,1.0,0.23622047244094488,0.7401574803149606,0.14960629921259844,0.0
2026-01-16T22:49:05.909596,interface,0.8110236220472441,0.0,0.0,1.0,0.23622047244094488,0.7322834645669292,0.14960629921259844,0.0
2026-01-16T22:49:05.925552,interface,0.8110236220472441,0.0,0.0,1.0,0.23622047244094488,0.7244094488188977,0.14960629921259844,0.0
2026-01-16T22:49:05.941854,interface,0.8110236220472441,0.0,0.0,1.0,0.23622047244094488,0.7165354330708661,0.14960629921259844,0.0
2026-01-16T22:49:05.957477,interface,0.8110236220472441,0.0,0.0,1.0,0.23622047244094488,0.7165354330708661,0.14960629921259844,0.0
2026-01-16T22:49:05.973571,interface,0.8110236220472441,0.0,0.0,1.0,0.23622047244094488,0.7086614173228346,0.14960629921259844,0.0
2026-01-16T22:49:05.987010,interface,0.8110236220472441,0.0,0.0,1.0,0.23622047244094488,0.7007874015748031,0.14960629921259844,0.0
2026-01-16T22:49:05.987794,interface,0.8110236220472441,0.0,0.0,1.0,0.23622047244094488,0.7007874015748031,0.14960629921259844,0.0
2026-01-16T22:49:05.997884,interface,0.8110236220472441,0.0,0.0,1.0,0.23622047244094488,0.6929133858267716,0.14960629921259844,0.0
2026-01-16T22:49:06.007280,interface,0.8110236220472441,0.0,0.0,1.0,0.23622047244094488,0.6850393700787402,0.14960629921259844,0.0
2026-01-16T22:49:06.017504,interface,0.8110236220472441,0.0,0.0,1.0,0.23622047244094488,0.6850393700787402,0.14960629921259844,0.0
2026-01-16T22:49:06.027011,interface,0.8110236220472441,0.0,0.0,1.0,0.23622047244094488,0.6771653543307087,0.14960629921259844,0.0
2026-01-16T22:49:06.027795,interface,0.8110236220472441,0.0,0.0,1.0,0.23622047244094488,0.6771653543307087,0.14960629921259844,0.0
2026-01-16T22:49:06.037672,interface,0.8110236220472441,0.0,0.0,1.0,0.23622047244094488,0.6692913385826772,0.14960629921259844,0.0
2026-01-16T22:49:06.047003,interface,0.8110236220472441,0.0,0.0,1.0,0.23622047244094488,0.6614173228346457,0.14960629921259844,0.0
2026-01-16T22:49:06.057624,interface,0.8110236220472441,0.0,0.0,1.0,0.23622047244094488,0.6535433070866141,0.14960629921259844,0.0
2026-01-16T22:49:06.066479,interface,0.8110236220472441,0.0,0.0,1.0,0.23622047244094488,0.6456692913385826,0.14960629921259844,0.0
2026-01-16T22:49:06.067265,interface,0.8110236220472441,0.0,0.0,1.0,0.23622047244094488,0.6377952755905512,0.14960629921259844,0.0
2026-01-16T22:49:06.077575,interface,0.8110236220472441,0.0,0.0,1.0,0.23622047244094488,0.6299212598425197,0.14960629921259844,0.0
2026-01-16T22:49:06.086896,interface,0.8110236220472441,0.0,0.0,1.0,0.23622047244094488,0.6220472440944882,0.14960629921259844,0.0
2026-01-16T22:49:06.096655,interface,0.8110236220472441,0.0,0.0,1.0,0.23622047244094488,0.6141732283464567,0.14960629921259844,0.0
2026-01-16T22:49:06.106542,interface,0.8110236220472441,0.0,0.0,1.0,0.23622047244094488,0.6062992125984252,0.14960629921259844,0.0
2026-01-16T22:49:06.107315,interface,0.8110236220472441,0.0,0.0,1.0,0.23622047244094488,0.5984251968503937,0.14960629921259844,0.0
2026-01-16T22:49:06.117582,interface,0.8110236220472441,0.0,0.0,1.0,0.23622047244094488,0.5984251968503937,0.14960629921259844,0.0
2026-01-16T22:49:06.133557,interface,0.8110236220472441,0.0,0.0,1.0,0.23622047244094488,0.5905511811023622,0.14960629921259844,0.0
2026-01-16T22:49:06.149489,interface,0.8110236220472441,0.0,0.0,1.0,0.23622047244094488,0.5826771653543307,0.14960629921259844,0.0
2026-01-16T22:49:06.651972,interface,0.8110236220472441,0.0,0.0,1.0,0.23622047244094488,0.5826771653543307,0.14960629921259844,0.0
2026-01-16T22:49:06.696449,interface,0.8110236220472441,0.0,0.0,1.0,0.2283464566929134,0.5826771653543307,0.14960629921259844,0.0
2026-01-16T22:49:06.709692,interface,0.8110236220472441,0.0,0.0,1.0,0.2204724409448819,0.5826771653543307,0.14960629921259844,0.0
2026-01-16T22:49:06.736387,interface,0.8110236220472441,0.0,0.0,1.0,0.2125984251968504,0.5826771653543307,0.14960629921259844,0.0
2026-01-16T22:49:06.748437,interface,0.8110236220472441,0.0,0.0,1.0,0.2047244094488189,0.5826771653543307,0.14960629921259844,0.0
2026-01-16T22:49:06.759612,interface,0.8110236220472441,0.0,0.0,1.0,0.1968503937007874,0.5826771653543307,0.14960629921259844,0.0
2026-01-16T22:49:06.779641,interface,0.8110236220472441,0.0,0.0,1.0,0.1889763779527559,0.5826771653543307,0.14960629921259844,0.0
2026-01-16T22:49:06.796415,interface,0.8110236220472441,0.0,0.0,1.0,0.18110236220472442,0.5826771653543307,0.14960629921259844,0.0
2026-01-16T22:49:06.829139,interface,0.8110236220472441,0.0,0.0,1.0,0.1732283464566929,0.5826771653543307,0.14960629921259844,0.0
2026-01-16T22:49:06.859707,interface,0.8110236220472441,0.0,0.0,1.0,0.16535433070866143,0.5826771653543307,0.14960629921259844,0.0
2026-01-16T22:49:06.896369,interface,0.8110236220472441,0.0,0.0,1.0,0.15748031496062992,0.5826771653543307,0.14960629921259844,0.0
2026-01-16T22:49:06.926405,interface,0.8110236220472441,0.0,0.0,1.0,0.14960629921259844,0.5826771653543307,0.14960629921259844,0.0
2026-01-16T22:49:06.947692,interface,0.8110236220472441,0.0,0.0,1.0,0.14173228346456693,0.5826771653543307,0.14960629921259844,0.0
2026-01-16T22:49:06.979747,interface,0.8110236220472441,0.0,0.0,1.0,0.13385826771653545,0.5826771653543307,0.14960629921259844,0.0
2026-01-16T22:49:07.017141,interface,0.8110236220472441,0.0,0.0,1.0,0.12598425196850394,0.5826771653543307,0.14960629921259844,0.0
2026-01-16T22:49:07.036408,interface,0.8110236220472441,0.0,0.0,1.0,0.11811023622047244,0.5826771653543307,0.14960629921259844,0.0
2026-01-16T22:49:07.059737,interface,0.8110236220472441,0.0,0.0,1.0,0.11023622047244094,0.5826771653543307,0.14960629921259844,0.0
2026-01-16T22:49:07.086383,interface,0.8110236220472441,0.0,0.0,1.0,0.10236220472440945,0.5826771653543307,0.14960629921259844,0.0
2026-01-16T22:49:07.099675,interface,0.8110236220472441,0.0,0.0,1.0,0.09448818897637795,0.5826771653543307,0.14960629921259844,0.0
2026-01-16T22:49:07.126395,interface,0.8110236220472441,0.0,0.0,1.0,0.08661417322834646,0.5826771653543307,0.14960629921259844,0.0
2026-01-16T22:49:07.147709,interface,0.8110236220472441,0.0,0.0,1.0,0.07874015748031496,0.5826771653543307,0.14960629921259844,0.0
2026-01-16T22:49:07.166400,interface,0.8110236220472441,0.0,0.0,1.0,0.07086614173228346,0.5826771653543307,0.14960629921259844,0.0
2026-01-16T22:49:07.187766,interface,0.8110236220472441,0.0,0.0,1.0,0.06299212598425197,0.5826771653543307,0.14960629921259844,0.0
2026-01-16T22:49:07.206402,interface,0.8110236220472441,0.0,0.0,1.0,0.05511811023622047,0.5826771653543307,0.14960629921259844,0.0
2026-01-16T22:49:07.227773,interface,0.8110236220472441,0.0,0.0,1.0,0.047244094488188976,0.5826771653543307,0.14960629921259844,0.0
2026-01-16T22:49:07.246398,interface,0.8110236220472441,0.0,0.0,1.0,0.03937007874015748,0.5826771653543307,0.14960629921259844,0.0
2026-01-16T22:49:07.267688,interface,0.8110236220472441,0.0,0.0,1.0,0.031496062992125984,0.5826771653543307,0.14960629921259844,0.0
2026-01-16T22:49:07.296478,interface,0.8110236220472441,0.0,0.0,1.0,0.023622047244094488,0.5826771653543307,0.14960629921259844,0.0
2026-01-16T22:49:07.307803,interface,0.8110236220472441,0.0,0.0,1.0,0.015748031496062992,0.5826771653543307,0.14960629921259844,0.0
2026-01-16T22:49:07.336363,interface,0.8110236220472441,0.0,0.0,1.0,0.007874015748031496,0.5826771653543307,0.14960629921259844,0.0
2026-01-16T22:49:07.350870,interface,0.8110236220472441,0.0,0.0,1.0,0.0,0.5826771653543307,0.14960629921259844,0.0
2026-01-16T22:49:07.646034,interface,0.8110236220472441,0.0,0.0,1.0,0.0,0.5826771653543307,0.14960629921259844,0.0
2026-01-16T22:49:07.964302,interface,0.8110236220472441,0.0,0.0,1.0,0.0,0.5826771653543307,0.14960629921259844,0.0
2026-01-16T22:49:08.126762,interface,0.8110236220472441,0.0,0.0,1.0,0.0,0.5826771653543307,0.14960629921259844,0.0
2026-01-16T22:49:08.279531,interface,0.8110236220472441,0.0,0.0,1.0,0.0,0.5826771653543307,0.14960629921259844,0.0
2026-01-16T22:49:08.368121,interface,0.8110236220472441,0.0,0.0,1.0,0.0,0.5826771653543307,0.14960629921259844,0.0
2026-01-16T22:49:08.528666,interface,0.6220472440944882,0.0,0.0,1.0,0.0,0.5826771653543307,0.14960629921259844,0.0
2026-01-16T22:49:08.625623,interface,0.7559055118110236,0.0,0.0,1.0,0.0,0.5826771653543307,0.14960629921259844,0.0
2026-01-16T22:49:08.740981,interface,0.6220472440944882,0.0,0.0,1.0,0.0,0.5826771653543307,0.14960629921259844,0.0
2026-01-16T22:49:08.840844,interface,0.7559055118110236,0.0,0.0,1.0,0.0,0.5826771653543307,0.14960629921259844,0.0
2026-01-16T22:49:08.915409,interface,0.6220472440944882,0.0,0.0,1.0,0.0,0.5826771653543307,0.14960629921259844,0.0
2026-01-16T22:49:09.005729,interface,0.7559055118110236,0.0,0.0,1.0,0.0,0.5826771653543307,0.14960629921259844,0.0
2026-01-16T22:49:09.098359,interface,0.6220472440944882,0.0,0.0,1.0,0.0,0.5826771653543307,0.14960629921259844,0.0
2026-01-16T22:49:09.119388,interface,0.6220472440944882,0.0,0.0,1.0,0.0,0.5826771653543307,0.14960629921259844,0.0
2026-01-16T22:49:09.360830,interface,0.6220472440944882,0.0,0.0,1.0,0.0,0.5826771653543307,0.14960629921259844,0.0
2026-01-16T22:49:09.388212,interface,0.6220472440944882,0.0,0.0,1.0,0.0,0.5826771653543307,0.14960629921259844,0.0
2026-01-16T22:49:09.546863,interface,0.6220472440944882,0.0,0.0,1.0,0.0,0.5826771653543307,0.14960629921259844,0.0
2026-01-16T22:49:10.120040,interface,0.6220472440944882,0.0,0.0,1.0,0.0,0.5826771653543307,0.14960629921259844,0.0
2026-01-16T22:49:10.667295,interface,0.6220472440944882,0.0,0.0,1.0,0.0,0.5826771653543307,0.14960629921259844,0.0
2026-01-16T22:49:10.748532,interface,0.6220472440944882,0.0,0.0,0.9921259842519685,0.0,0.5826771653543307,0.14960629921259844,0.0
2026-01-16T22:49:10.759133,interface,0.6220472440944882,0.0,0.0,0.984251968503937,0.0,0.5826771653543307,0.14960629921259844,0.0
2026-01-16T22:49:10.767387,interface,0.6220472440944882,0.0,0.0,0.952755905511811,0.0,0.5826771653543307,0.14960629921259844,0.0
2026-01-16T22:49:10.777759,interface,0.6220472440944882,0.0,0.0,0.9133858267716536,0.0,0.5826771653543307,0.14960629921259844,0.0
2026-01-16T22:49:10.778545,interface,0.6220472440944882,0.0,0.0,0.8582677165354331,0.0,0.5826771653543307,0.14960629921259844,0.0
2026-01-16T22:49:10.788538,interface,0.6220472440944882,0.0,0.0,0.8110236220472441,0.0,0.5826771653543307,0.14960629921259844,0.0
2026-01-16T22:49:10.797637,interface,0.6220472440944882,0.0,0.0,0.7795275590551181,0.0,0.5826771653543307,0.14960629921259844,0.0
2026-01-16T22:49:10.809195,interface,0.6220472440944882,0.0,0.0,0.7401574803149606,0.0,0.5826771653543307,0.14960629921259844,0.0
2026-01-16T22:49:10.817267,interface,0.6220472440944882,0.0,0.0,0.7086614173228346,0.0,0.5826771653543307,0.14960629921259844,0.0
2026-01-16T22:49:10.818043,interface,0.6220472440944882,0.0,0.0,0.6850393700787402,0.0,0.5826771653543307,0.14960629921259844,0.0
2026-01-16T22:49:10.828496,interface,0.6220472440944882,0.0,0.0,0.6614173228346457,0.0,0.5826771653543307,0.14960629921259844,0.0
2026-01-16T22:49:10.837528,interface,0.6220472440944882,0.0,0.0,0.6456692913385826,0.0,0.5826771653543307,0.14960629921259844,0.0
2026-01-16T22:49:10.846665,interface,0.6220472440944882,0.0,0.0,0.6377952755905512,0.0,0.5826771653543307,0.14960629921259844,0.0
2026-01-16T22:49:10.857187,interface,0.6220472440944882,0.0,0.0,0.6299212598425197,0.0,0.5826771653543307,0.14960629921259844,0.0
2026-01-16T22:49:10.892538,interface,0.6220472440944882,0.0,0.0,0.6377952755905512,0.0,0.5826771653543307,0.14960629921259844,0.0
2026-01-16T22:49:10.900474,interface,0.6220472440944882,0.0,0.0,0.6456692913385826,0.0,0.5826771653543307,0.14960629921259844,0.0
2026-01-16T22:49:10.908507,interface,0.6220472440944882,0.0,0.0,0.6614173228346457,0.0,0.5826771653543307,0.14960629921259844,0.0
2026-01-16T22:49:10.909331,interface,0.6220472440944882,0.0,0.0,0.6614173228346457,0.0,0.5826771653543307,0.14960629921259844,0.0
2026-01-16T22:49:10.928328,interface,0.6220472440944882,0.0,0.0,0.6771653543307087,0.0,0.5826771653543307,0.14960629921259844,0.0
2026-01-16T22:49:10.929136,interface,0.6220472440944882,0.0,0.0,0.6929133858267716,0.0,0.5826771653543307,0.14960629921259844,0.0
2026-01-16T22:49:10.938436,interface,0.6220472440944882,0.0,0.0,0.7165354330708661,0.0,0.5826771653543307,0.14960629921259844,0.0
2026-01-16T22:49:10.939235,interface,0.6220472440944882,0.0,0.0,0.7401574803149606,0.0,0.5826771653543307,0.14960629921259844,0.0
2026-01-16T22:49:10.948489,interface,0.6220472440944882,0.0,0.0,0.7637795275590551,0.0,0.5826771653543307,0.14960629921259844,0.0
2026-01-16T22:49:10.957246,interface,0.6220472440944882,0.0,0.0,0.7952755905511811,0.0,0.5826771653543307,0.14960629921259844,0.0
2026-01-16T22:49:10.968854,interface,0.6220472440944882,0.0,0.0,0.8267716535433071,0.0,0.5826771653543307,0.14960629921259844,0.0
2026-01-16T22:49:10.977867,interface,0.6220472440944882,0.0,0.0,0.8582677165354331,0.0,0.5826771653543307,0.14960629921259844,0.0
2026-01-16T22:49:10.978653,interface,0.6220472440944882,0.0,0.0,0.8976377952755905,0.0,0.5826771653543307,0.14960629921259844,0.0
2026-01-16T22:49:10.988442,interface,0.6220472440944882,0.0,0.0,0.9291338582677166,0.0,0.5826771653543307,0.14960629921259844,0.0
2026-01-16T22:49:10.997297,interface,0.6220472440944882,0.0,0.0,0.9606299212598425,0.0,0.5826771653543307,0.14960629921259844,0.0
2026-01-16T22:49:11.007783,interface,0.6220472440944882,0.0,0.0,0.9763779527559056,0.0,0.5826771653543307,0.14960629921259844,0.0
2026-01-16T22:49:11.016796,interface,0.6220472440944882,0.0,0.0,0.9921259842519685,0.0,0.5826771653543307,0.14960629921259844,0.0
2026-01-16T22:49:11.017599,interface,0.6220472440944882,0.0,0.0,1.0,0.0,0.5826771653543307,0.14960629921259844,0.0
2026-01-16T22:49:11.036532,interface,0.6220472440944882,0.0,0.0,1.0,0.0,0.5826771653543307,0.14960629921259844,0.0
2026-01-16T22:49:11.278889,interface,0.6220472440944882,0.0,0.0,1.0,0.0,0.5826771653543307,0.14960629921259844,0.0
2026-01-16T22:49:11.351409,interface,0.6220472440944882,0.0,0.0,1.0,0.0,0.5826771653543307,0.14960629921259844,0.0
2026-01-16T22:49:11.603922,interface,0.6220472440944882,0.0,0.0,1.0,0.0,0.5826771653543307,0.14960629921259844,0.0
2026-01-16T22:49:11.788055,interface,0.6220472440944882,0.0,0.0,1.0,0.0,0.5826771653543307,0.14960629921259844,0.0
2026-01-16T22:49:12.051492,interface,0.6220472440944882,0.0,0.0,1.0,0.0,0.5826771653543307,0.14960629921259844,0.0
2026-01-16T22:49:12.278540,interface,0.6220472440944882,0.0,0.007874015748031496,1.0,0.0,0.5826771653543307,0.14960629921259844,0.0
2026-01-16T22:49:12.290301,interface,0.6220472440944882,0.0,0.031496062992125984,1.0,0.0,0.5826771653543307,0.14960629921259844,0.0
2026-01-16T22:49:12.296872,interface,0.6220472440944882,0.0,0.07086614173228346,1.0,0.0,0.5826771653543307,0.14960629921259844,0.0
2026-01-16T22:49:12.306647,interface,0.6220472440944882,0.0,0.11811023622047244,1.0,0.0,0.5826771653543307,0.14960629921259844,0.0
2026-01-16T22:49:12.307429,interface,0.6220472440944882,0.0,0.1732283464566929,1.0,0.0,0.5826771653543307,0.14960629921259844,0.0
2026-01-16T22:49:12.318553,interface,0.6220472440944882,0.0,0.2204724409448819,1.0,0.0,0.5826771653543307,0.14960629921259844,0.0
2026-01-16T22:49:12.328173,interface,0.6220472440944882,0.0,0.2677165354330709,1.0,0.0,0.5826771653543307,0.14960629921259844,0.0
2026-01-16T22:49:12.336828,interface,0.6220472440944882,0.0,0.30708661417322836,1.0,0.0,0.5826771653543307,0.14960629921259844,0.0
2026-01-16T22:49:12.347724,interface,0.6220472440944882,0.0,0.3464566929133858,1.0,0.0,0.5826771653543307,0.14960629921259844,0.0
2026-01-16T22:49:12.348485,interface,0.6220472440944882,0.0,0.3779527559055118,1.0,0.0,0.5826771653543307,0.14960629921259844,0.0
2026-01-16T22:49:12.358522,interface,0.6220472440944882,0.0,0.4094488188976378,1.0,0.0,0.5826771653543307,0.14960629921259844,0.0
2026-01-16T22:49:12.368259,interface,0.6220472440944882,0.0,0.4330708661417323,1.0,0.0,0.5826771653543307,0.14960629921259844,0.0
2026-01-16T22:49:12.377521,interface,0.6220472440944882,0.0,0.4566929133858268,1.0,0.0,0.5826771653543307,0.14960629921259844,0.0
2026-01-16T22:49:12.392188,interface,0.6220472440944882,0.0,0.47244094488188976,1.0,0.0,0.5826771653543307,0.14960629921259844,0.0
2026-01-16T22:49:12.392926,interface,0.6220472440944882,0.0,0.48031496062992124,1.0,0.0,0.5826771653543307,0.14960629921259844,0.0
2026-01-16T22:49:12.394284,interface,0.6220472440944882,0.0,0.4881889763779528,1.0,0.0,0.5826771653543307,0.14960629921259844,0.0
2026-01-16T22:49:12.407139,interface,0.6220472440944882,0.0,0.49606299212598426,1.0,0.0,0.5826771653543307,0.14960629921259844,0.0
2026-01-16T22:49:12.417019,interface,0.6220472440944882,0.0,0.5039370078740157,1.0,0.0,0.5826771653543307,0.14960629921259844,0.0
2026-01-16T22:49:12.427256,interface,0.6220472440944882,0.0,0.5039370078740157,1.0,0.0,0.5826771653543307,0.14960629921259844,0.0
2026-01-16T22:49:12.438495,interface,0.6220472440944882,0.0,0.5118110236220472,1.0,0.0,0.5826771653543307,0.14960629921259844,0.0
2026-01-16T22:49:12.454502,interface,0.6220472440944882,0.0,0.5196850393700787,1.0,0.0,0.5826771653543307,0.14960629921259844,0.0
2026-01-16T22:49:12.478528,interface,0.6220472440944882,0.0,0.5196850393700787,1.0,0.0,0.5826771653543307,0.14960629921259844,0.0
2026-01-16T22:49:12.502512,interface,0.6220472440944882,0.0,0.5275590551181102,1.0,0.0,0.5826771653543307,0.14960629921259844,0.0
2026-01-16T22:49:12.510507,interface,0.6220472440944882,0.0,0.5275590551181102,1.0,0.0,0.5826771653543307,0.14960629921259844,0.0
2026-01-16T22:49:12.526532,interface,0.6220472440944882,0.0,0.5354330708661418,1.0,0.0,0.5826771653543307,0.14960629921259844,0.0
2026-01-16T22:49:12.542519,interface,0.6220472440944882,0.0,0.5433070866141733,1.0,0.0,0.5826771653543307,0.14960629921259844,0.0
2026-01-16T22:49:12.550507,interface,0.6220472440944882,0.0,0.5511811023622047,1.0,0.0,0.5826771653543307,0.14960629921259844,0.0
2026-01-16T22:49:12.558508,interface,0.6220472440944882,0.0,0.5511811023622047,1.0,0.0,0.5826771653543307,0.14960629921259844,0.0
2026-01-16T22:49:12.567367,interface,0.6220472440944882,0.0,0.5590551181102362,1.0,0.0,0.5826771653543307,0.14960629921259844,0.0
2026-01-16T22:49:12.579088,interface,0.6220472440944882,0.0,0.5669291338582677,1.0,0.0,0.5826771653543307,0.14960629921259844,0.0
2026-01-16T22:49:12.587255,interface,0.6220472440944882,0.0,0.5669291338582677,1.0,0.0,0.5826771653543307,0.14960629921259844,0.0
2026-01-16T22:49:12.598496,interface,0.6220472440944882,0.0,0.5748031496062992,1.0,0.0,0.5826771653543307,0.14960629921259844,0.0
2026-01-16T22:49:12.614501,interface,0.6220472440944882,0.0,0.5826771653543307,1.0,0.0,0.5826771653543307,0.14960629921259844,0.0
2026-01-16T22:49:12.642018,interface,0.6220472440944882,0.0,0.5826771653543307,1.0,0.0,0.5826771653543307,0.14960629921259844,0.0
2026-01-16T22:49:12.662508,interface,0.6220472440944882,0.0,0.5905511811023622,1.0,0.0,0.5826771653543307,0.14960629921259844,0.0
2026-01-16T22:49:12.678494,interface,0.6220472440944882,0.0,0.5905511811023622,1.0,0.0,0.5826771653543307,0.14960629921259844,0.0
2026-01-16T22:49:12.692540,interface,0.6220472440944882,0.0,0.5984251968503937,1.0,0.0,0.5826771653543307,0.14960629921259844,0.0
2026-01-16T22:49:12.693358,interface,0.6220472440944882,0.0,0.5984251968503937,1.0,0.0,0.5826771653543307,0.14960629921259844,0.0
2026-01-16T22:49:12.712644,interface,0.6220472440944882,0.0,0.6062992125984252,1.0,0.0,0.5826771653543307,0.14960629921259844,0.0
2026-01-16T22:49:12.713475,interface,0.6220472440944882,0.0,0.6141732283464567,1.0,0.0,0.5826771653543307,0.14960629921259844,0.0
2026-01-16T22:49:12.714216,interface,0.6220472440944882,0.0,0.6220472440944882,1.0,0.0,0.5826771653543307,0.14960629921259844,0.0
2026-01-16T22:49:12.729616,interface,0.6220472440944882,0.0,0.6299212598425197,1.0,0.0,0.5826771653543307,0.14960629921259844,0.0
2026-01-16T22:49:12.736885,interface,0.6220472440944882,0.0,0.6377952755905512,1.0,0.0,0.5826771653543307,0.14960629921259844,0.0
2026-01-16T22:49:12.746751,interface,0.6220472440944882,0.0,0.6456692913385826,1.0,0.0,0.5826771653543307,0.14960629921259844,0.0
2026-01-16T22:49:12.747546,interface,0.6220472440944882,0.0,0.6535433070866141,1.0,0.0,0.5826771653543307,0.14960629921259844,0.0
2026-01-16T22:49:12.758533,interface,0.6220472440944882,0.0,0.6692913385826772,1.0,0.0,0.5826771653543307,0.14960629921259844,0.0
2026-01-16T22:49:12.768346,interface,0.6220472440944882,0.0,0.6771653543307087,1.0,0.0,0.5826771653543307,0.14960629921259844,0.0
2026-01-16T22:49:12.776759,interface,0.6220472440944882,0.0,0.6850393700787402,1.0,0.0,0.5826771653543307,0.14960629921259844,0.0
2026-01-16T22:49:12.787058,interface,0.6220472440944882,0.0,0.7007874015748031,1.0,0.0,0.5826771653543307,0.14960629921259844,0.0
2026-01-16T22:49:12.787805,interface,0.6220472440944882,0.0,0.7086614173228346,1.0,0.0,0.5826771653543307,0.14960629921259844,0.0
2026-01-16T22:49:12.798520,interface,0.6220472440944882,0.0,0.7165354330708661,1.0,0.0,0.5826771653543307,0.14960629921259844,0.0
2026-01-16T22:49:12.807272,interface,0.6220472440944882,0.0,0.7322834645669292,1.0,0.0,0.5826771653543307,0.14960629921259844,0.0
2026-01-16T22:49:12.816808,interface,0.6220472440944882,0.0,0.7401574803149606,1.0,0.0,0.5826771653543307,0.14960629921259844,0.0
2026-01-16T22:49:12.829101,interface,0.6220472440944882,0.0,0.7480314960629921,1.0,0.0,0.5826771653543307,0.14960629921259844,0.0
2026-01-16T22:49:12.829872,interface,0.6220472440944882,0.0,0.7559055118110236,1.0,0.0,0.5826771653543307,0.14960629921259844,0.0
2026-01-16T22:49:12.838568,interface,0.6220472440944882,0.0,0.7637795275590551,1.0,0.0,0.5826771653543307,0.14960629921259844,0.0
2026-01-16T22:49:12.847547,interface,0.6220472440944882,0.0,0.7637795275590551,1.0,0.0,0.5826771653543307,0.14960629921259844,0.0
2026-01-16T22:49:12.856704,interface,0.6220472440944882,0.0,0.7716535433070866,1.0,0.0,0.5826771653543307,0.14960629921259844,0.0
2026-01-16T22:49:12.867197,interface,0.6220472440944882,0.0,0.7716535433070866,1.0,0.0,0.5826771653543307,0.14960629921259844,0.0
2026-01-16T22:49:12.868662,interface,0.6220472440944882,0.0,0.7795275590551181,1.0,0.0,0.5826771653543307,0.14960629921259844,0.0
2026-01-16T22:49:12.883775,interface,0.6220472440944882,0.0,0.7874015748031497,1.0,0.0,0.5826771653543307,0.14960629921259844,0.0
2026-01-16T22:49:12.898271,interface,0.6220472440944882,0.0,0.7874015748031497,1.0,0.0,0.5826771653543307,0.14960629921259844,0.0
2026-01-16T22:49:12.942472,interface,0.6220472440944882,0.0,0.7952755905511811,1.0,0.0,0.5826771653543307,0.14960629921259844,0.0
2026-01-16T22:49:13.321081,interface,0.6220472440944882,0.0,0.7952755905511811,1.0,0.0,0.5826771653543307,0.14960629921259844,0.0
2026-01-16T22:49:13.386723,interface,0.6220472440944882,0.0,0.7952755905511811,1.0,0.0,0.5826771653543307,0.14960629921259844,0.0
2026-01-16T22:49:13.398632,interface,0.6220472440944882,0.0,0.7952755905511811,0.9921259842519685,0.0,0.5826771653543307,0.14960629921259844,0.0
2026-01-16T22:49:13.407293,interface,0.6220472440944882,0.0,0.7952755905511811,0.9763779527559056,0.0,0.5826771653543307,0.14960629921259844,0.0
2026-01-16T22:49:13.408066,interface,0.6220472440944882,0.0,0.7952755905511811,0.952755905511811,0.0,0.5826771653543307,0.14960629921259844,0.0
2026-01-16T22:49:13.418768,interface,0.6220472440944882,0.0,0.7952755905511811,0.9133858267716536,0.0,0.5826771653543307,0.14960629921259844,0.0
2026-01-16T22:49:13.427357,interface,0.6220472440944882,0.0,0.7952755905511811,0.8740157480314961,0.0,0.5826771653543307,0.14960629921259844,0.0
2026-01-16T22:49:13.436656,interface,0.6220472440944882,0.0,0.7952755905511811,0.8346456692913385,0.0,0.5826771653543307,0.14960629921259844,0.0
2026-01-16T22:49:13.447709,interface,0.6220472440944882,0.0,0.7952755905511811,0.7952755905511811,0.0,0.5826771653543307,0.14960629921259844,0.0
2026-01-16T22:49:13.448481,interface,0.6220472440944882,0.0,0.7952755905511811,0.7559055118110236,0.0,0.5826771653543307,0.14960629921259844,0.0
2026-01-16T22:49:13.458768,interface,0.6220472440944882,0.0,0.7952755905511811,0.7165354330708661,0.0,0.5826771653543307,0.14960629921259844,0.0
2026-01-16T22:49:13.466730,interface,0.6220472440944882,0.0,0.7952755905511811,0.6771653543307087,0.0,0.5826771653543307,0.14960629921259844,0.0
2026-01-16T22:49:13.477218,interface,0.6220472440944882,0.0,0.7952755905511811,0.6377952755905512,0.0,0.5826771653543307,0.14960629921259844,0.0
2026-01-16T22:49:13.487818,interface,0.6220472440944882,0.0,0.7952755905511811,0.6062992125984252,0.0,0.5826771653543307,0.14960629921259844,0.0
2026-01-16T22:49:13.488617,interface,0.6220472440944882,0.0,0.7952755905511811,0.5748031496062992,0.0,0.5826771653543307,0.14960629921259844,0.0
2026-01-16T22:49:13.498356,interface,0.6220472440944882,0.0,0.7952755905511811,0.5511811023622047,0.0,0.5826771653543307,0.14960629921259844,0.0
2026-01-16T22:49:13.507314,interface,0.6220472440944882,0.0,0.7952755905511811,0.5196850393700787,0.0,0.5826771653543307,0.14960629921259844,0.0
2026-01-16T22:49:13.517860,interface,0.6220472440944882,0.0,0.7952755905511811,0.5039370078740157,0.0,0.5826771653543307,0.14960629921259844,0.0
2026-01-16T22:49:13.527184,interface,0.6220472440944882,0.0,0.7952755905511811,0.48031496062992124,0.0,0.5826771653543307,0.14960629921259844,0.0
2026-01-16T22:49:13.527965,interface,0.6220472440944882,0.0,0.7952755905511811,0.4645669291338583,0.0,0.5826771653543307,0.14960629921259844,0.0
2026-01-16T22:49:13.538218,interface,0.6220472440944882,0.0,0.7952755905511811,0.4409448818897638,0.0,0.5826771653543307,0.14960629921259844,0.0
2026-01-16T22:49:13.546688,interface,0.6220472440944882,0.0,0.7952755905511811,0.41732283464566927,0.0,0.5826771653543307,0.14960629921259844,0.0
2026-01-16T22:49:13.557787,interface,0.6220472440944882,0.0,0.7952755905511811,0.3937007874015748,0.0,0.5826771653543307,0.14960629921259844,0.0
2026-01-16T22:49:13.558572,interface,0.6220472440944882,0.0,0.7952755905511811,0.3779527559055118,0.0,0.5826771653543307,0.14960629921259844,0.0
2026-01-16T22:49:13.570785,interface,0.6220472440944882,0.0,0.7952755905511811,0.36220472440944884,0.0,0.5826771653543307,0.14960629921259844,0.0
2026-01-16T22:49:13.577770,interface,0.6220472440944882,0.0,0.7952755905511811,0.3464566929133858,0.0,0.5826771653543307,0.14960629921259844,0.0
2026-01-16T22:49:13.587202,interface,0.6220472440944882,0.0,0.7952755905511811,0.33070866141732286,0.0,0.5826771653543307,0.14960629921259844,0.0
2026-01-16T22:49:13.596687,interface,0.6220472440944882,0.0,0.7952755905511811,0.31496062992125984,0.0,0.5826771653543307,0.14960629921259844,0.0
2026-01-16T22:49:13.597465,interface,0.6220472440944882,0.0,0.7952755905511811,0.2992125984251969,0.0,0.5826771653543307,0.14960629921259844,0.0
2026-01-16T22:49:13.608795,interface,0.6220472440944882,0.0,0.7952755905511811,0.2755905511811024,0.0,0.5826771653543307,0.14960629921259844,0.0
2026-01-16T22:49:13.617140,interface,0.6220472440944882,0.0,0.7952755905511811,0.25196850393700787,0.0,0.5826771653543307,0.14960629921259844,0.0
2026-01-16T22:49:13.628367,interface,0.6220472440944882,0.0,0.7952755905511811,0.2283464566929134,0.0,0.5826771653543307,0.14960629921259844,0.0
2026-01-16T22:49:13.642013,interface,0.6220472440944882,0.0,0.7952755905511811,0.1968503937007874,0.0,0.5826771653543307,0.14960629921259844,0.0
2026-01-16T22:49:13.642795,interface,0.6220472440944882,0.0,0.7952755905511811,0.1732283464566929,0.0,0.5826771653543307,0.14960629921259844,0.0
2026-01-16T22:49:13.644204,interface,0.6220472440944882,0.0,0.7952755905511811,0.14960629921259844,0.0,0.5826771653543307,0.14960629921259844,0.0
2026-01-16T22:49:13.657378,interface,0.6220472440944882,0.0,0.7952755905511811,0.11811023622047244,0.0,0.5826771653543307,0.14960629921259844,0.0
2026-01-16T22:49:13.667300,interface,0.6220472440944882,0.0,0.7952755905511811,0.08661417322834646,0.0,0.5826771653543307,0.14960629921259844,0.0
2026-01-16T22:49:13.677356,interface,0.6220472440944882,0.0,0.7952755905511811,0.05511811023622047,0.0,0.5826771653543307,0.14960629921259844,0.0
2026-01-16T22:49:13.678161,interface,0.6220472440944882,0.0,0.7952755905511811,0.023622047244094488,0.0,0.5826771653543307,0.14960629921259844,0.0
2026-01-16T22:49:13.688790,interface,0.6220472440944882,0.0,0.7952755905511811,0.007874015748031496,0.0,0.5826771653543307,0.14960629921259844,0.0
2026-01-16T22:49:13.697133,interface,0.6220472440944882,0.0,0.7952755905511811,0.0,0.0,0.5826771653543307,0.14960629921259844,0.0
2026-01-16T22:49:13.706835,interface,0.6220472440944882,0.0,0.7952755905511811,0.0,0.0,0.5826771653543307,0.14960629921259844,0.0
2026-01-16T22:49:14.137112,interface,0.6220472440944882,0.0,0.7952755905511811,0.0,0.0,0.5826771653543307,0.14960629921259844,0.0
2026-01-16T22:49:14.220793,interface,0.6220472440944882,0.0,0.7874015748031497,0.0,0.0,0.5826771653543307,0.14960629921259844,0.0
2026-01-16T22:49:14.244838,interface,0.6220472440944882,0.0,0.7874015748031497,0.0,0.0,0.5826771653543307,0.14960629921259844,0.0
2026-01-16T22:49:14.292812,interface,0.6220472440944882,0.0,0.7874015748031497,0.0,0.0,0.5826771653543307,0.14960629921259844,0.0
2026-01-16T22:49:14.300806,interface,0.6220472440944882,0.0,0.7952755905511811,0.0,0.0,0.5826771653543307,0.14960629921259844,0.0
2026-01-16T22:49:14.308833,interface,0.6220472440944882,0.0,0.8031496062992126,0.0,0.0,0.5826771653543307,0.14960629921259844,0.0
2026-01-16T22:49:14.317545,interface,0.6220472440944882,0.0,0.8110236220472441,0.0,0.0,0.5826771653543307,0.14960629921259844,0.0
2026-01-16T22:49:14.327312,interface,0.6220472440944882,0.0,0.8188976377952756,0.0,0.0,0.5826771653543307,0.14960629921259844,0.0
2026-01-16T22:49:14.336422,interface,0.6220472440944882,0.0,0.8267716535433071,0.0,0.0,0.5826771653543307,0.14960629921259844,0.0
2026-01-16T22:49:14.337191,interface,0.6220472440944882,0.0,0.8346456692913385,0.0,0.0,0.5826771653543307,0.14960629921259844,0.0
2026-01-16T22:49:14.348858,interface,0.6220472440944882,0.0,0.8503937007874016,0.0,0.0,0.5826771653543307,0.14960629921259844,0.0
2026-01-16T22:49:14.357239,interface,0.6220472440944882,0.0,0.8582677165354331,0.0,0.0,0.5826771653543307,0.14960629921259844,0.0
2026-01-16T22:49:14.366400,interface,0.6220472440944882,0.0,0.8661417322834646,0.0,0.0,0.5826771653543307,0.14960629921259844,0.0
2026-01-16T22:49:14.378444,interface,0.6220472440944882,0.0,0.8818897637795275,0.0,0.0,0.5826771653543307,0.14960629921259844,0.0
2026-01-16T22:49:14.379290,interface,0.6220472440944882,0.0,0.8976377952755905,0.0,0.0,0.5826771653543307,0.14960629921259844,0.0
2026-01-16T22:49:14.392204,interface,0.6220472440944882,0.0,0.905511811023622,0.0,0.0,0.5826771653543307,0.14960629921259844,0.0
2026-01-16T22:49:14.393033,interface,0.6220472440944882,0.0,0.9212598425196851,0.0,0.0,0.5826771653543307,0.14960629921259844,0.0
2026-01-16T22:49:14.406634,interface,0.6220472440944882,0.0,0.9291338582677166,0.0,0.0,0.5826771653543307,0.14960629921259844,0.0
2026-01-16T22:49:14.416761,interface,0.6220472440944882,0.0,0.9448818897637795,0.0,0.0,0.5826771653543307,0.14960629921259844,0.0
2026-01-16T22:49:14.417498,interface,0.6220472440944882,0.0,0.952755905511811,0.0,0.0,0.5826771653543307,0.14960629921259844,0.0
2026-01-16T22:49:14.428888,interface,0.6220472440944882,0.0,0.9606299212598425,0.0,0.0,0.5826771653543307,0.14960629921259844,0.0
2026-01-16T22:49:14.437063,interface,0.6220472440944882,0.0,0.968503937007874,0.0,0.0,0.5826771653543307,0.14960629921259844,0.0
2026-01-16T22:49:14.447020,interface,0.6220472440944882,0.0,0.9763779527559056,0.0,0.0,0.5826771653543307,0.14960629921259844,0.0
2026-01-16T22:49:14.456572,interface,0.6220472440944882,0.0,0.984251968503937,0.0,0.0,0.5826771653543307,0.14960629921259844,0.0
2026-01-16T22:49:14.468830,interface,0.6220472440944882,0.0,0.984251968503937,0.0,0.0,0.5826771653543307,0.14960629921259844,0.0
2026-01-16T22:49:14.492864,interface,0.6220472440944882,0.0,0.9921259842519685,0.0,0.0,0.5826771653543307,0.14960629921259844,0.0
2026-01-16T22:49:14.517009,interface,0.6220472440944882,0.0,0.9921259842519685,0.0,0.0,0.5826771653543307,0.14960629921259844,0.0
2026-01-16T22:49:14.540856,interface,0.6220472440944882,0.0,1.0,0.0,0.0,0.5826771653543307,0.14960629921259844,0.0
2026-01-16T22:49:14.836727,interface,0.6220472440944882,0.0,0.9921259842519685,0.0,0.0,0.5826771653543307,0.14960629921259844,0.0
2026-01-16T22:49:14.837579,interface,0.6220472440944882,0.0,0.9921259842519685,0.0,0.0,0.5826771653543307,0.14960629921259844,0.0
2026-01-16T22:49:14.847177,interface,0.6220472440944882,0.0,0.984251968503937,0.0,0.0,0.5826771653543307,0.14960629921259844,0.0
2026-01-16T22:49:14.856479,interface,0.6220472440944882,0.0,0.984251968503937,0.0,0.0,0.5826771653543307,0.14960629921259844,0.0
2026-01-16T22:49:14.857298,interface,0.6220472440944882,0.0,0.9763779527559056,0.0,0.0,0.5826771653543307,0.14960629921259844,0.0
2026-01-16T22:49:14.869443,interface,0.6220472440944882,0.0,0.9606299212598425,0.0,0.0,0.5826771653543307,0.14960629921259844,0.0
2026-01-16T22:49:14.877061,interface,0.6220472440944882,0.0,0.952755905511811,0.0,0.0,0.5826771653543307,0.14960629921259844,0.0
2026-01-16T22:49:14.886583,interface,0.6220472440944882,0.0,0.9448818897637795,0.0,0.0,0.5826771653543307,0.14960629921259844,0.0
2026-01-16T22:49:14.896748,interface,0.6220472440944882,0.0,0.937007874015748,0.0,0.0,0.5826771653543307,0.14960629921259844,0.0
2026-01-16T22:49:14.897481,interface,0.6220472440944882,0.0,0.9291338582677166,0.0,0.0,0.5826771653543307,0.14960629921259844,0.0
2026-01-16T22:49:14.909117,interface,0.6220472440944882,0.0,0.9212598425196851,0.0,0.0,0.5826771653543307,0.14960629921259844,0.0
2026-01-16T22:49:14.917411,interface,0.6220472440944882,0.0,0.9133858267716536,0.0,0.0,0.5826771653543307,0.14960629921259844,0.0
2026-01-16T22:49:14.927152,interface,0.6220472440944882,0.0,0.8976377952755905,0.0,0.0,0.5826771653543307,0.14960629921259844,0.0
2026-01-16T22:49:14.937457,interface,0.6220472440944882,0.0,0.889763779527559,0.0,0.0,0.5826771653543307,0.14960629921259844,0.0
2026-01-16T22:49:14.938235,interface,0.6220472440944882,0.0,0.8818897637795275,0.0,0.0,0.5826771653543307,0.14960629921259844,0.0
2026-01-16T22:49:14.954106,interface,0.6220472440944882,0.0,0.8740157480314961,0.0,0.0,0.5826771653543307,0.14960629921259844,0.0
2026-01-16T22:49:14.954936,interface,0.6220472440944882,0.0,0.8661417322834646,0.0,0.0,0.5826771653543307,0.14960629921259844,0.0
2026-01-16T22:49:14.966820,interface,0.6220472440944882,0.0,0.8582677165354331,0.0,0.0,0.5826771653543307,0.14960629921259844,0.0
2026-01-16T22:49:14.978096,interface,0.6220472440944882,0.0,0.8582677165354331,0.0,0.0,0.5826771653543307,0.14960629921259844,0.0
2026-01-16T22:49:14.978842,interface,0.6220472440944882,0.0,0.8503937007874016,0.0,0.0,0.5826771653543307,0.14960629921259844,0.0
2026-01-16T22:49:14.989139,interface,0.6220472440944882,0.0,0.84251968503937,0.0,0.0,0.5826771653543307,0.14960629921259844,0.0
2026-01-16T22:49:15.017041,interface,0.6220472440944882,0.0,0.84251968503937,0.0,0.0,0.5826771653543307,0.14960629921259844,0.0
2026-01-16T22:49:15.069067,interface,0.6220472440944882,0.0,0.84251968503937,0.0,0.0,0.5826771653543307,0.14960629921259844,0.0
2026-01-16T22:49:15.085111,interface,0.6220472440944882,0.0,0.8503937007874016,0.0,0.0,0.5826771653543307,0.14960629921259844,0.0
2026-01-16T22:49:15.101114,interface,0.6220472440944882,0.0,0.8582677165354331,0.0,0.0,0.5826771653543307,0.14960629921259844,0.0
2026-01-16T22:49:15.117024,interface,0.6220472440944882,0.0,0.8661417322834646,0.0,0.0,0.5826771653543307,0.14960629921259844,0.0
2026-01-16T22:49:15.133102,interface,0.6220472440944882,0.0,0.8661417322834646,0.0,0.0,0.5826771653543307,0.14960629921259844,0.0
2026-01-16T22:49:15.141115,interface,0.6220472440944882,0.0,0.8740157480314961,0.0,0.0,0.5826771653543307,0.14960629921259844,0.0
2026-01-16T22:49:15.149034,interface,0.6220472440944882,0.0,0.8740157480314961,0.0,0.0,0.5826771653543307,0.14960629921259844,0.0
2026-01-16T22:49:15.157107,interface,0.6220472440944882,0.0,0.8818897637795275,0.0,0.0,0.5826771653543307,0.14960629921259844,0.0
2026-01-16T22:49:15.166556,interface,0.6220472440944882,0.0,0.889763779527559,0.0,0.0,0.5826771653543307,0.14960629921259844,0.0
2026-01-16T22:49:15.176401,interface,0.6220472440944882,0.0,0.889763779527559,0.0,0.0,0.5826771653543307,0.14960629921259844,0.0
2026-01-16T22:49:15.177219,interface,0.6220472440944882,0.0,0.8976377952755905,0.0,0.0,0.5826771653543307,0.14960629921259844,0.0
2026-01-16T22:49:15.189172,interface,0.6220472440944882,0.0,0.8976377952755905,0.0,0.0,0.5826771653543307,0.14960629921259844,0.0
2026-01-16T22:49:15.197065,interface,0.6220472440944882,0.0,0.905511811023622,0.0,0.0,0.5826771653543307,0.14960629921259844,0.0
2026-01-16T22:49:15.207371,interface,0.6220472440944882,0.0,0.905511811023622,0.0,0.0,0.5826771653543307,0.14960629921259844,0.0
2026-01-16T22:49:15.221117,interface,0.6220472440944882,0.0,0.9133858267716536,0.0,0.0,0.5826771653543307,0.14960629921259844,0.0
2026-01-16T22:49:15.229109,interface,0.6220472440944882,0.0,0.9212598425196851,0.0,0.0,0.5826771653543307,0.14960629921259844,0.0
2026-01-16T22:49:15.245118,interface,0.6220472440944882,0.0,0.9212598425196851,0.0,0.0,0.5826771653543307,0.14960629921259844,0.0
2026-01-16T22:49:15.261130,interface,0.6220472440944882,0.0,0.9291338582677166,0.0,0.0,0.5826771653543307,0.14960629921259844,0.0
2026-01-16T22:49:15.277045,interface,0.6220472440944882,0.0,0.937007874015748,0.0,0.0,0.5826771653543307,0.14960629921259844,0.0
2026-01-16T22:49:15.881508,interface,0.6220472440944882,0.0,0.937007874015748,0.0,0.0,0.5826771653543307,0.14960629921259844,0.0
2026-01-16T22:49:15.891051,interface,0.6220472440944882,0.007874015748031496,0.937007874015748,0.0,0.0,0.5826771653543307,0.14960629921259844,0.0
2026-01-16T22:49:15.898168,interface,0.6220472440944882,0.007874015748031496,0.937007874015748,0.0,0.0,0.5826771653543307,0.14960629921259844,0.0
2026-01-16T22:49:15.906643,interface,0.6220472440944882,0.015748031496062992,0.937007874015748,0.0,0.0,0.5826771653543307,0.14960629921259844,0.0
2026-01-16T22:49:15.916530,interface,0.6220472440944882,0.031496062992125984,0.937007874015748,0.0,0.0,0.5826771653543307,0.14960629921259844,0.0
2026-01-16T22:49:15.917306,interface,0.6220472440944882,0.03937007874015748,0.937007874015748,0.0,0.0,0.5826771653543307,0.14960629921259844,0.0
2026-01-16T22:49:15.929223,interface,0.6220472440944882,0.05511811023622047,0.937007874015748,0.0,0.0,0.5826771653543307,0.14960629921259844,0.0
2026-01-16T22:49:15.937232,interface,0.6220472440944882,0.06299212598425197,0.937007874015748,0.0,0.0,0.5826771653543307,0.14960629921259844,0.0
2026-01-16T22:49:15.946690,interface,0.6220472440944882,0.07874015748031496,0.937007874015748,0.0,0.0,0.5826771653543307,0.14960629921259844,0.0
2026-01-16T22:49:15.957482,interface,0.6220472440944882,0.09448818897637795,0.937007874015748,0.0,0.0,0.5826771653543307,0.14960629921259844,0.0
2026-01-16T22:49:15.958262,interface,0.6220472440944882,0.11811023622047244,0.937007874015748,0.0,0.0,0.5826771653543307,0.14960629921259844,0.0
2026-01-16T22:49:15.969239,interface,0.6220472440944882,0.13385826771653545,0.937007874015748,0.0,0.0,0.5826771653543307,0.14960629921259844,0.0
2026-01-16T22:49:15.977415,interface,0.6220472440944882,0.14960629921259844,0.937007874015748,0.0,0.0,0.5826771653543307,0.14960629921259844,0.0
2026-01-16T22:49:15.986781,interface,0.6220472440944882,0.16535433070866143,0.937007874015748,0.0,0.0,0.5826771653543307,0.14960629921259844,0.0
2026-01-16T22:49:15.997273,interface,0.6220472440944882,0.18110236220472442,0.937007874015748,0.0,0.0,0.5826771653543307,0.14960629921259844,0.0
2026-01-16T22:49:15.998006,interface,0.6220472440944882,0.1889763779527559,0.937007874015748,0.0,0.0,0.5826771653543307,0.14960629921259844,0.0
2026-01-16T22:49:16.009246,interface,0.6220472440944882,0.2047244094488189,0.937007874015748,0.0,0.0,0.5826771653543307,0.14960629921259844,0.0
2026-01-16T22:49:16.018036,interface,0.6220472440944882,0.2125984251968504,0.937007874015748,0.0,0.0,0.5826771653543307,0.14960629921259844,0.0
2026-01-16T22:49:16.026965,interface,0.6220472440944882,0.2204724409448819,0.937007874015748,0.0,0.0,0.5826771653543307,0.14960629921259844,0.0
2026-01-16T22:49:16.037075,interface,0.6220472440944882,0.23622047244094488,0.937007874015748,0.0,0.0,0.5826771653543307,0.14960629921259844,0.0
2026-01-16T22:49:16.037873,interface,0.6220472440944882,0.2440944881889764,0.937007874015748,0.0,0.0,0.5826771653543307,0.14960629921259844,0.0
2026-01-16T22:49:16.049262,interface,0.6220472440944882,0.25196850393700787,0.937007874015748,0.0,0.0,0.5826771653543307,0.14960629921259844,0.0
2026-01-16T22:49:16.057237,interface,0.6220472440944882,0.25984251968503935,0.937007874015748,0.0,0.0,0.5826771653543307,0.14960629921259844,0.0
2026-01-16T22:49:16.066964,interface,0.6220472440944882,0.2755905511811024,0.937007874015748,0.0,0.0,0.5826771653543307,0.14960629921259844,0.0
2026-01-16T22:49:16.078969,interface,0.6220472440944882,0.28346456692913385,0.937007874015748,0.0,0.0,0.5826771653543307,0.14960629921259844,0.0
2026-01-16T22:49:16.079767,interface,0.6220472440944882,0.29133858267716534,0.937007874015748,0.0,0.0,0.5826771653543307,0.14960629921259844,0.0
2026-01-16T22:49:16.089254,interface,0.6220472440944882,0.2992125984251969,0.937007874015748,0.0,0.0,0.5826771653543307,0.14960629921259844,0.0
2026-01-16T22:49:16.097396,interface,0.6220472440944882,0.31496062992125984,0.937007874015748,0.0,0.0,0.5826771653543307,0.14960629921259844,0.0
2026-01-16T22:49:16.107569,interface,0.6220472440944882,0.3228346456692913,0.937007874015748,0.0,0.0,0.5826771653543307,0.14960629921259844,0.0
2026-01-16T22:49:16.116752,interface,0.6220472440944882,0.33070866141732286,0.937007874015748,0.0,0.0,0.5826771653543307,0.14960629921259844,0.0
2026-01-16T22:49:16.117539,interface,0.6220472440944882,0.33858267716535434,0.937007874015748,0.0,0.0,0.5826771653543307,0.14960629921259844,0.0
2026-01-16T22:49:16.129269,interface,0.6220472440944882,0.3464566929133858,0.937007874015748,0.0,0.0,0.5826771653543307,0.14960629921259844,0.0
2026-01-16T22:49:16.141979,interface,0.6220472440944882,0.3543307086614173,0.937007874015748,0.0,0.0,0.5826771653543307,0.14960629921259844,0.0
2026-01-16T22:49:16.142725,interface,0.6220472440944882,0.36220472440944884,0.937007874015748,0.0,0.0,0.5826771653543307,0.14960629921259844,0.0
2026-01-16T22:49:16.156720,interface,0.6220472440944882,0.3700787401574803,0.937007874015748,0.0,0.0,0.5826771653543307,0.14960629921259844,0.0
2026-01-16T22:49:16.157515,interface,0.6220472440944882,0.3779527559055118,0.937007874015748,0.0,0.0,0.5826771653543307,0.14960629921259844,0.0
2026-01-16T22:49:16.169265,interface,0.6220472440944882,0.3937007874015748,0.937007874015748,0.0,0.0,0.5826771653543307,0.14960629921259844,0.0
2026-01-16T22:49:16.177996,interface,0.6220472440944882,0.4015748031496063,0.937007874015748,0.0,0.0,0.5826771653543307,0.14960629921259844,0.0
2026-01-16T22:49:16.186710,interface,0.6220472440944882,0.4094488188976378,0.937007874015748,0.0,0.0,0.5826771653543307,0.14960629921259844,0.0
2026-01-16T22:49:16.197002,interface,0.6220472440944882,0.41732283464566927,0.937007874015748,0.0,0.0,0.5826771653543307,0.14960629921259844,0.0
2026-01-16T22:49:16.197813,interface,0.6220472440944882,0.4330708661417323,0.937007874015748,0.0,0.0,0.5826771653543307,0.14960629921259844,0.0
2026-01-16T22:49:16.209292,interface,0.6220472440944882,0.4409448818897638,0.937007874015748,0.0,0.0,0.5826771653543307,0.14960629921259844,0.0
2026-01-16T22:49:16.217254,interface,0.6220472440944882,0.44881889763779526,0.937007874015748,0.0,0.0,0.5826771653543307,0.14960629921259844,0.0
2026-01-16T22:49:16.227178,interface,0.6220472440944882,0.4566929133858268,0.937007874015748,0.0,0.0,0.5826771653543307,0.14960629921259844,0.0
2026-01-16T22:49:16.236668,interface,0.6220472440944882,0.4645669291338583,0.937007874015748,0.0,0.0,0.5826771653543307,0.14960629921259844,0.0
2026-01-16T22:49:16.237481,interface,0.6220472440944882,0.48031496062992124,0.937007874015748,0.0,0.0,0.5826771653543307,0.14960629921259844,0.0
2026-01-16T22:49:16.249415,interface,0.6220472440944882,0.4881889763779528,0.937007874015748,0.0,0.0,0.5826771653543307,0.14960629921259844,0.0
2026-01-16T22:49:16.257507,interface,0.6220472440944882,0.49606299212598426,0.937007874015748,0.0,0.0,0.5826771653543307,0.14960629921259844,0.0
2026-01-16T22:49:16.267392,interface,0.6220472440944882,0.5039370078740157,0.937007874015748,0.0,0.0,0.5826771653543307,0.14960629921259844,0.0
2026-01-16T22:49:16.276237,interface,0.6220472440944882,0.5118110236220472,0.937007874015748,0.0,0.0,0.5826771653543307,0.14960629921259844,0.0
2026-01-16T22:49:16.277049,interface,0.6220472440944882,0.5196850393700787,0.937007874015748,0.0,0.0,0.5826771653543307,0.14960629921259844,0.0
2026-01-16T22:49:16.289281,interface,0.6220472440944882,0.5275590551181102,0.937007874015748,0.0,0.0,0.5826771653543307,0.14960629921259844,0.0
2026-01-16T22:49:16.297499,interface,0.6220472440944882,0.5354330708661418,0.937007874015748,0.0,0.0,0.5826771653543307,0.14960629921259844,0.0
2026-01-16T22:49:16.307047,interface,0.6220472440944882,0.5433070866141733,0.937007874015748,0.0,0.0,0.5826771653543307,0.14960629921259844,0.0
2026-01-16T22:49:16.316238,interface,0.6220472440944882,0.5511811023622047,0.937007874015748,0.0,0.0,0.5826771653543307,0.14960629921259844,0.0
2026-01-16T22:49:16.317049,interface,0.6220472440944882,0.5590551181102362,0.937007874015748,0.0,0.0,0.5826771653543307,0.14960629921259844,0.0
2026-01-16T22:49:16.329286,interface,0.6220472440944882,0.5669291338582677,0.937007874015748,0.0,0.0,0.5826771653543307,0.14960629921259844,0.0
2026-01-16T22:49:16.337275,interface,0.6220472440944882,0.5748031496062992,0.937007874015748,0.0,0.0,0.5826771653543307,0.14960629921259844,0.0
2026-01-16T22:49:16.347050,interface,0.6220472440944882,0.5826771653543307,0.937007874015748,0.0,0.0,0.5826771653543307,0.14960629921259844,0.0
2026-01-16T22:49:16.356482,interface,0.6220472440944882,0.5905511811023622,0.937007874015748,0.0,0.0,0.5826771653543307,0.14960629921259844,0.0
2026-01-16T22:49:16.357309,interface,0.6220472440944882,0.5984251968503937,0.937007874015748,0.0,0.0,0.5826771653543307,0.14960629921259844,0.0
2026-01-16T22:49:16.369303,interface,0.6220472440944882,0.6141732283464567,0.937007874015748,0.0,0.0,0.5826771653543307,0.14960629921259844,0.0
2026-01-16T22:49:16.377281,interface,0.6220472440944882,0.6220472440944882,0.937007874015748,0.0,0.0,0.5826771653543307,0.14960629921259844,0.0
2026-01-16T22:49:16.386277,interface,0.6220472440944882,0.6299212598425197,0.937007874015748,0.0,0.0,0.5826771653543307,0.14960629921259844,0.0
2026-01-16T22:49:16.396637,interface,0.6220472440944882,0.6377952755905512,0.937007874015748,0.0,0.0,0.5826771653543307,0.14960629921259844,0.0
2026-01-16T22:49:16.397364,interface,0.6220472440944882,0.6456692913385826,0.937007874015748,0.0,0.0,0.5826771653543307,0.14960629921259844,0.0
2026-01-16T22:49:16.409313,interface,0.6220472440944882,0.6456692913385826,0.937007874015748,0.0,0.0,0.5826771653543307,0.14960629921259844,0.0
2026-01-16T22:49:16.417290,interface,0.6220472440944882,0.6535433070866141,0.937007874015748,0.0,0.0,0.5826771653543307,0.14960629921259844,0.0
2026-01-16T22:49:16.427002,interface,0.6220472440944882,0.6614173228346457,0.937007874015748,0.0,0.0,0.5826771653543307,0.14960629921259844,0.0
2026-01-16T22:49:16.436431,interface,0.6220472440944882,0.6692913385826772,0.937007874015748,0.0,0.0,0.5826771653543307,0.14960629921259844,0.0
2026-01-16T22:49:16.437214,interface,0.6220472440944882,0.6771653543307087,0.937007874015748,0.0,0.0,0.5826771653543307,0.14960629921259844,0.0
2026-01-16T22:49:16.453969,interface,0.6220472440944882,0.6850393700787402,0.937007874015748,0.0,0.0,0.5826771653543307,0.14960629921259844,0.0
2026-01-16T22:49:16.454774,interface,0.6220472440944882,0.6850393700787402,0.937007874015748,0.0,0.0,0.5826771653543307,0.14960629921259844,0.0
2026-01-16T22:49:16.466654,interface,0.6220472440944882,0.6929133858267716,0.937007874015748,0.0,0.0,0.5826771653543307,0.14960629921259844,0.0
2026-01-16T22:49:16.476438,interface,0.6220472440944882,0.6929133858267716,0.937007874015748,0.0,0.0,0.5826771653543307,0.14960629921259844,0.0
2026-01-16T22:49:16.477221,interface,0.6220472440944882,0.7007874015748031,0.937007874015748,0.0,0.0,0.5826771653543307,0.14960629921259844,0.0
2026-01-16T22:49:16.489336,interface,0.6220472440944882,0.7086614173228346,0.937007874015748,0.0,0.0,0.5826771653543307,0.14960629921259844,0.0
2026-01-16T22:49:16.497733,interface,0.6220472440944882,0.7086614173228346,0.937007874015748,0.0,0.0,0.5826771653543307,0.14960629921259844,0.0
2026-01-16T22:49:16.507088,interface,0.6220472440944882,0.7165354330708661,0.937007874015748,0.0,0.0,0.5826771653543307,0.14960629921259844,0.0
2026-01-16T22:49:16.517434,interface,0.6220472440944882,0.7244094488188977,0.937007874015748,0.0,0.0,0.5826771653543307,0.14960629921259844,0.0
2026-01-16T22:49:16.529301,interface,0.6220472440944882,0.7244094488188977,0.937007874015748,0.0,0.0,0.5826771653543307,0.14960629921259844,0.0
2026-01-16T22:49:16.545298,interface,0.6220472440944882,0.7322834645669292,0.937007874015748,0.0,0.0,0.5826771653543307,0.14960629921259844,0.0
2026-01-16T22:49:16.561309,interface,0.6220472440944882,0.7401574803149606,0.937007874015748,0.0,0.0,0.5826771653543307,0.14960629921259844,0.0
2026-01-16T22:49:16.585294,interface,0.6220472440944882,0.7401574803149606,0.937007874015748,0.0,0.0,0.5826771653543307,0.14960629921259844,0.0
2026-01-16T22:49:16.609317,interface,0.6220472440944882,0.7480314960629921,0.937007874015748,0.0,0.0,0.5826771653543307,0.14960629921259844,0.0
2026-01-16T22:49:16.625311,interface,0.6220472440944882,0.7480314960629921,0.937007874015748,0.0,0.0,0.5826771653543307,0.14960629921259844,0.0
2026-01-16T22:49:16.857252,interface,0.6220472440944882,0.7480314960629921,0.937007874015748,0.0,0.0,0.5826771653543307,0.14960629921259844,0.0
2026-01-16T22:49:16.858971,interface,0.5826771653543307,0.7480314960629921,0.937007874015748,0.0,0.0,0.5826771653543307,0.14960629921259844,0.0
2026-01-16T22:49:16.904410,interface,0.5826771653543307,0.7559055118110236,0.937007874015748,0.0,0.0,0.5826771653543307,0.14960629921259844,0.0
2026-01-16T22:49:16.928754,interface,0.5826771653543307,0.7559055118110236,0.937007874015748,0.0,0.0,0.5826771653543307,0.14960629921259844,0.0
2026-01-16T22:49:16.929500,interface,0.5826771653543307,0.7637795275590551,0.937007874015748,0.0,0.0,0.5826771653543307,0.14960629921259844,0.0
2026-01-16T22:49:16.937451,interface,0.5826771653543307,0.7716535433070866,0.937007874015748,0.0,0.0,0.5826771653543307,0.14960629921259844,0.0
2026-01-16T22:49:16.946339,interface,0.5826771653543307,0.7795275590551181,0.937007874015748,0.0,0.0,0.5826771653543307,0.14960629921259844,0.0
2026-01-16T22:49:16.956303,interface,0.5826771653543307,0.7795275590551181,0.937007874015748,0.0,0.0,0.5826771653543307,0.14960629921259844,0.0
2026-01-16T22:49:16.966460,interface,0.5826771653543307,0.7874015748031497,0.937007874015748,0.0,0.0,0.5826771653543307,0.14960629921259844,0.0
2026-01-16T22:49:16.967251,interface,0.5826771653543307,0.7952755905511811,0.937007874015748,0.0,0.0,0.5826771653543307,0.14960629921259844,0.0
2026-01-16T22:49:16.978502,interface,0.5826771653543307,0.8031496062992126,0.937007874015748,0.0,0.0,0.5826771653543307,0.14960629921259844,0.0
2026-01-16T22:49:16.986769,interface,0.5826771653543307,0.8110236220472441,0.937007874015748,0.0,0.0,0.5826771653543307,0.14960629921259844,0.0
2026-01-16T22:49:16.997047,interface,0.5826771653543307,0.8188976377952756,0.937007874015748,0.0,0.0,0.5826771653543307,0.14960629921259844,0.0
2026-01-16T22:49:17.006350,interface,0.5826771653543307,0.8267716535433071,0.937007874015748,0.0,0.0,0.5826771653543307,0.14960629921259844,0.0
2026-01-16T22:49:17.007145,interface,0.5826771653543307,0.8346456692913385,0.937007874015748,0.0,0.0,0.5826771653543307,0.14960629921259844,0.0
2026-01-16T22:49:17.018147,interface,0.5826771653543307,0.84251968503937,0.937007874015748,0.0,0.0,0.5826771653543307,0.14960629921259844,0.0
2026-01-16T22:49:17.027121,interface,0.5826771653543307,0.8503937007874016,0.937007874015748,0.0,0.0,0.5826771653543307,0.14960629921259844,0.0
2026-01-16T22:49:17.037013,interface,0.5826771653543307,0.8582677165354331,0.937007874015748,0.0,0.0,0.5826771653543307,0.14960629921259844,0.0
2026-01-16T22:49:17.046477,interface,0.5826771653543307,0.8661417322834646,0.937007874015748,0.0,0.0,0.5826771653543307,0.14960629921259844,0.0
2026-01-16T22:49:17.047261,interface,0.5826771653543307,0.8740157480314961,0.937007874015748,0.0,0.0,0.5826771653543307,0.14960629921259844,0.0
2026-01-16T22:49:17.058019,interface,0.5826771653543307,0.889763779527559,0.937007874015748,0.0,0.0,0.5826771653543307,0.14960629921259844,0.0
2026-01-16T22:49:17.066792,interface,0.5826771653543307,0.8976377952755905,0.937007874015748,0.0,0.0,0.5826771653543307,0.14960629921259844,0.0
2026-01-16T22:49:17.078904,interface,0.5826771653543307,0.905511811023622,0.937007874015748,0.0,0.0,0.5826771653543307,0.14960629921259844,0.0
2026-01-16T22:49:17.087823,interface,0.6220472440944882,0.905511811023622,0.937007874015748,0.0,0.0,0.5826771653543307,0.14960629921259844,0.0
2026-01-16T22:49:17.089340,interface,0.6220472440944882,0.9133858267716536,0.937007874015748,0.0,0.0,0.5826771653543307,0.14960629921259844,0.0
2026-01-16T22:49:17.090117,interface,0.6220472440944882,0.9291338582677166,0.937007874015748,0.0,0.0,0.5826771653543307,0.14960629921259844,0.0
2026-01-16T22:49:17.100317,interface,0.6220472440944882,0.937007874015748,0.937007874015748,0.0,0.0,0.5826771653543307,0.14960629921259844,0.0
2026-01-16T22:49:17.101151,interface,0.6220472440944882,0.9448818897637795,0.937007874015748,0.0,0.0,0.5826771653543307,0.14960629921259844,0.0
2026-01-16T22:49:17.114274,interface,0.6220472440944882,0.952755905511811,0.937007874015748,0.0,0.0,0.5826771653543307,0.14960629921259844,0.0
2026-01-16T22:49:17.122071,interface,0.6220472440944882,0.9606299212598425,0.937007874015748,0.0,0.0,0.5826771653543307,0.14960629921259844,0.0
2026-01-16T22:49:17.129407,interface,0.6220472440944882,0.968503937007874,0.937007874015748,0.0,0.0,0.5826771653543307,0.14960629921259844,0.0
2026-01-16T22:49:17.142278,interface,0.6220472440944882,0.9763779527559056,0.937007874015748,0.0,0.0,0.5826771653543307,0.14960629921259844,0.0
2026-01-16T22:49:17.143067,interface,0.6220472440944882,0.984251968503937,0.937007874015748,0.0,0.0,0.5826771653543307,0.14960629921259844,0.0
2026-01-16T22:49:17.161764,interface,0.6220472440944882,0.984251968503937,0.937007874015748,0.0,0.0,0.5826771653543307,0.14960629921259844,0.0
2026-01-16T22:49:17.177458,interface,0.6220472440944882,0.9921259842519685,0.937007874015748,0.0,0.0,0.5826771653543307,0.14960629921259844,0.0
2026-01-16T22:49:17.193383,interface,0.6220472440944882,1.0,0.937007874015748,0.0,0.0,0.5826771653543307,0.14960629921259844,0.0
2026-01-16T22:49:17.241749,interface,0.6220472440944882,1.0,0.937007874015748,0.0,0.0,0.5826771653543307,0.14960629921259844,0.0
2026-01-16T22:49:17.329527,interface,0.6220472440944882,1.0,0.937007874015748,0.0,0.0,0.5826771653543307,0.14960629921259844,0.0
2026-01-16T22:49:17.558418,interface,0.6220472440944882,1.0,0.937007874015748,0.0,0.0,0.5826771653543307,0.14960629921259844,0.0
2026-01-16T22:49:17.795401,interface,0.6220472440944882,1.0,0.937007874015748,0.0,0.0,0.5826771653543307,0.14960629921259844,0.0
2026-01-16T22:49:18.073335,interface,0.6220472440944882,1.0,0.937007874015748,0.0,0.0,0.5826771653543307,0.14960629921259844,0.0
2026-01-16T22:49:18.292451,interface,0.6220472440944882,1.0,0.937007874015748,0.0,0.0,0.5826771653543307,0.14960629921259844,0.0
2026-01-16T22:49:18.433533,interface,0.6220472440944882,1.0,0.9291338582677166,0.0,0.0,0.5826771653543307,0.14960629921259844,0.0
2026-01-16T22:49:18.454091,interface,0.6220472440944882,1.0,0.9212598425196851,0.0,0.0,0.5826771653543307,0.14960629921259844,0.0
2026-01-16T22:49:18.454887,interface,0.6220472440944882,1.0,0.9133858267716536,0.0,0.0,0.5826771653543307,0.14960629921259844,0.0
2026-01-16T22:49:18.455586,interface,0.6220472440944882,1.0,0.905511811023622,0.0,0.0,0.5826771653543307,0.14960629921259844,0.0
2026-01-16T22:49:18.466745,interface,0.6220472440944882,1.0,0.8976377952755905,0.0,0.0,0.5826771653543307,0.14960629921259844,0.0
2026-01-16T22:49:18.477683,interface,0.6220472440944882,1.0,0.8818897637795275,0.0,0.0,0.5826771653543307,0.14960629921259844,0.0
2026-01-16T22:49:18.486543,interface,0.6220472440944882,1.0,0.8661417322834646,0.0,0.0,0.5826771653543307,0.14960629921259844,0.0
2026-01-16T22:49:18.487334,interface,0.6220472440944882,1.0,0.8503937007874016,0.0,0.0,0.5826771653543307,0.14960629921259844,0.0
2026-01-16T22:49:18.498365,interface,0.6220472440944882,1.0,0.8346456692913385,0.0,0.0,0.5826771653543307,0.14960629921259844,0.0
2026-01-16T22:49:18.506639,interface,0.6220472440944882,1.0,0.8188976377952756,0.0,0.0,0.5826771653543307,0.14960629921259844,0.0
2026-01-16T22:49:18.517766,interface,0.6220472440944882,1.0,0.8031496062992126,0.0,0.0,0.5826771653543307,0.14960629921259844,0.0
2026-01-16T22:49:18.526516,interface,0.6220472440944882,1.0,0.7874015748031497,0.0,0.0,0.5826771653543307,0.14960629921259844,0.0
2026-01-16T22:49:18.527314,interface,0.6220472440944882,1.0,0.7716535433070866,0.0,0.0,0.5826771653543307,0.14960629921259844,0.0
2026-01-16T22:49:18.539061,interface,0.6220472440944882,1.0,0.7559055118110236,0.0,0.0,0.5826771653543307,0.14960629921259844,0.0
2026-01-16T22:49:18.546471,interface,0.6220472440944882,1.0,0.7401574803149606,0.0,0.0,0.5826771653543307,0.14960629921259844,0.0
2026-01-16T22:49:18.557132,interface,0.6220472440944882,1.0,0.7244094488188977,0.0,0.0,0.5826771653543307,0.14960629921259844,0.0
2026-01-16T22:49:18.566301,interface,0.6220472440944882,1.0,0.7007874015748031,0.0,0.0,0.5826771653543307,0.14960629921259844,0.0
2026-01-16T22:49:18.567040,interface,0.6220472440944882,1.0,0.6850393700787402,0.0,0.0,0.5826771653543307,0.14960629921259844,0.0
2026-01-16T22:49:18.578151,interface,0.6220472440944882,1.0,0.6692913385826772,0.0,0.0,0.5826771653543307,0.14960629921259844,0.0
2026-01-16T22:49:18.586701,interface,0.6220472440944882,1.0,0.6535433070866141,0.0,0.0,0.5826771653543307,0.14960629921259844,0.0
2026-01-16T22:49:18.597631,interface,0.6220472440944882,1.0,0.6377952755905512,0.0,0.0,0.5826771653543307,0.14960629921259844,0.0
2026-01-16T22:49:18.606674,interface,0.6220472440944882,1.0,0.6220472440944882,0.0,0.0,0.5826771653543307,0.14960629921259844,0.0
2026-01-16T22:49:18.607403,interface,0.6220472440944882,1.0,0.6062992125984252,0.0,0.0,0.5826771653543307,0.14960629921259844,0.0
2026-01-16T22:49:18.617520,interface,0.6220472440944882,1.0,0.5905511811023622,0.0,0.0,0.5826771653543307,0.14960629921259844,0.0
2026-01-16T22:49:18.626494,interface,0.6220472440944882,1.0,0.5748031496062992,0.0,0.0,0.5826771653543307,0.14960629921259844,0.0
2026-01-16T22:49:18.641995,interface,0.6220472440944882,1.0,0.5590551181102362,0.0,0.0,0.5826771653543307,0.14960629921259844,0.0
2026-01-16T22:49:18.642801,interface,0.6220472440944882,1.0,0.5511811023622047,0.0,0.0,0.5826771653543307,0.14960629921259844,0.0
2026-01-16T22:49:18.644784,interface,0.6220472440944882,1.0,0.5354330708661418,0.0,0.0,0.5826771653543307,0.14960629921259844,0.0
2026-01-16T22:49:18.657486,interface,0.6220472440944882,1.0,0.5275590551181102,0.0,0.0,0.5826771653543307,0.14960629921259844,0.0
2026-01-16T22:49:18.666704,interface,0.6220472440944882,1.0,0.5196850393700787,0.0,0.0,0.5826771653543307,0.14960629921259844,0.0
2026-01-16T22:49:18.677205,interface,0.6220472440944882,1.0,0.5118110236220472,0.0,0.0,0.5826771653543307,0.14960629921259844,0.0
2026-01-16T22:49:18.686660,interface,0.6220472440944882,1.0,0.5039370078740157,0.0,0.0,0.5826771653543307,0.14960629921259844,0.0
2026-01-16T22:49:18.687392,interface,0.6220472440944882,1.0,0.49606299212598426,0.0,0.0,0.5826771653543307,0.14960629921259844,0.0
2026-01-16T22:49:18.697496,interface,0.6220472440944882,1.0,0.49606299212598426,0.0,0.0,0.5826771653543307,0.14960629921259844,0.0
2026-01-16T22:49:18.707233,interface,0.6220472440944882,1.0,0.4881889763779528,0.0,0.0,0.5826771653543307,0.14960629921259844,0.0
2026-01-16T22:49:18.716344,interface,0.6220472440944882,1.0,0.4881889763779528,0.0,0.0,0.5826771653543307,0.14960629921259844,0.0
2026-01-16T22:49:18.726642,interface,0.6220472440944882,1.0,0.48031496062992124,0.0,0.0,0.5826771653543307,0.14960629921259844,0.0
2026-01-16T22:49:18.727366,interface,0.6220472440944882,1.0,0.47244094488188976,0.0,0.0,0.5826771653543307,0.14960629921259844,0.0
2026-01-16T22:49:18.737492,interface,0.6220472440944882,1.0,0.47244094488188976,0.0,0.0,0.5826771653543307,0.14960629921259844,0.0
2026-01-16T22:49:18.747048,interface,0.6220472440944882,1.0,0.4645669291338583,0.0,0.0,0.5826771653543307,0.14960629921259844,0.0
2026-01-16T22:49:18.758046,interface,0.6220472440944882,1.0,0.4566929133858268,0.0,0.0,0.5826771653543307,0.14960629921259844,0.0
2026-01-16T22:49:18.767247,interface,0.6220472440944882,1.0,0.44881889763779526,0.0,0.0,0.5826771653543307,0.14960629921259844,0.0
2026-01-16T22:49:18.768094,interface,0.6220472440944882,1.0,0.44881889763779526,0.0,0.0,0.5826771653543307,0.14960629921259844,0.0
2026-01-16T22:49:18.777547,interface,0.6220472440944882,1.0,0.4409448818897638,0.0,0.0,0.5826771653543307,0.14960629921259844,0.0
2026-01-16T22:49:18.786685,interface,0.6220472440944882,1.0,0.4330708661417323,0.0,0.0,0.5826771653543307,0.14960629921259844,0.0
2026-01-16T22:49:18.796646,interface,0.6220472440944882,1.0,0.4330708661417323,0.0,0.0,0.5826771653543307,0.14960629921259844,0.0
2026-01-16T22:49:18.807090,interface,0.6220472440944882,1.0,0.4251968503937008,0.0,0.0,0.5826771653543307,0.14960629921259844,0.0
2026-01-16T22:49:18.807866,interface,0.6220472440944882,1.0,0.41732283464566927,0.0,0.0,0.5826771653543307,0.14960629921259844,0.0
2026-01-16T22:49:18.818175,interface,0.6220472440944882,1.0,0.41732283464566927,0.0,0.0,0.5826771653543307,0.14960629921259844,0.0
2026-01-16T22:49:18.827580,interface,0.6220472440944882,1.0,0.4094488188976378,0.0,0.0,0.5826771653543307,0.14960629921259844,0.0
2026-01-16T22:49:18.836305,interface,0.6220472440944882,1.0,0.4094488188976378,0.0,0.0,0.5826771653543307,0.14960629921259844,0.0
2026-01-16T22:49:18.846695,interface,0.6220472440944882,1.0,0.4015748031496063,0.0,0.0,0.5826771653543307,0.14960629921259844,0.0
2026-01-16T22:49:18.847434,interface,0.6220472440944882,1.0,0.3937007874015748,0.0,0.0,0.5826771653543307,0.14960629921259844,0.0
2026-01-16T22:49:18.857507,interface,0.6220472440944882,1.0,0.3858267716535433,0.0,0.0,0.5826771653543307,0.14960629921259844,0.0
2026-01-16T22:49:18.867966,interface,0.6220472440944882,1.0,0.3779527559055118,0.0,0.0,0.5826771653543307,0.14960629921259844,0.0
2026-01-16T22:49:18.876734,interface,0.6220472440944882,1.0,0.3700787401574803,0.0,0.0,0.5826771653543307,0.14960629921259844,0.0
2026-01-16T22:49:18.877589,interface,0.6220472440944882,1.0,0.3700787401574803,0.0,0.0,0.5826771653543307,0.14960629921259844,0.0
2026-01-16T22:49:18.901544,interface,0.6220472440944882,1.0,0.36220472440944884,0.0,0.0,0.5826771653543307,0.14960629921259844,0.0
2026-01-16T22:49:18.902353,interface,0.6220472440944882,1.0,0.3543307086614173,0.0,0.0,0.5826771653543307,0.14960629921259844,0.0
2026-01-16T22:49:18.903106,interface,0.6220472440944882,1.0,0.3464566929133858,0.0,0.0,0.5826771653543307,0.14960629921259844,0.0
2026-01-16T22:49:18.903783,interface,0.6220472440944882,1.0,0.33858267716535434,0.0,0.0,0.5826771653543307,0.14960629921259844,0.0
2026-01-16T22:49:18.916465,interface,0.6220472440944882,1.0,0.33858267716535434,0.0,0.0,0.5826771653543307,0.14960629921259844,0.0
2026-01-16T22:49:18.927279,interface,0.6220472440944882,1.0,0.33070866141732286,0.0,0.0,0.5826771653543307,0.14960629921259844,0.0
2026-01-16T22:49:18.928116,interface,0.6220472440944882,1.0,0.3228346456692913,0.0,0.0,0.5826771653543307,0.14960629921259844,0.0
2026-01-16T22:49:18.937464,interface,0.6220472440944882,1.0,0.3228346456692913,0.0,0.0,0.5826771653543307,0.14960629921259844,0.0
2026-01-16T22:49:18.953932,interface,0.6220472440944882,1.0,0.31496062992125984,0.0,0.0,0.5826771653543307,0.14960629921259844,0.0
2026-01-16T22:49:18.969548,interface,0.6220472440944882,1.0,0.30708661417322836,0.0,0.0,0.5826771653543307,0.14960629921259844,0.0
2026-01-16T22:49:18.985557,interface,0.6220472440944882,1.0,0.30708661417322836,0.0,0.0,0.5826771653543307,0.14960629921259844,0.0
2026-01-16T22:49:19.001669,interface,0.6220472440944882,1.0,0.2992125984251969,0.0,0.0,0.5826771653543307,0.14960629921259844,0.0
2026-01-16T22:49:19.095619,interface,0.6220472440944882,1.0,0.2992125984251969,0.0,0.0,0.5826771653543307,0.14960629921259844,0.0
2026-01-16T22:49:19.675039,interface,0.6220472440944882,1.0,0.2992125984251969,0.0,0.0,0.5826771653543307,0.14960629921259844,0.0
2026-01-16T22:49:19.924299,interface,0.6220472440944882,1.0,0.2992125984251969,0.0,0.0,0.5826771653543307,0.14960629921259844,0.0
2026-01-16T22:49:20.127700,interface,0.6220472440944882,1.0,0.2992125984251969,0.0,0.0,0.5826771653543307,0.14960629921259844,0.0
2026-01-16T22:49:20.324021,interface,0.6220472440944882,1.0,0.2992125984251969,0.0,0.0,0.5826771653543307,0.14960629921259844,0.0
2026-01-16T22:49:20.339959,interface,0.6220472440944882,1.0,0.2992125984251969,0.0,0.0,0.5826771653543307,0.14960629921259844,0.0
2026-01-16T22:49:20.493644,interface,0.6220472440944882,1.0,0.2992125984251969,0.0,0.0,0.5826771653543307,0.14960629921259844,0.0
2026-01-16T22:49:20.652135,interface,0.6220472440944882,1.0,0.2992125984251969,0.0,0.0,0.5826771653543307,0.14960629921259844,0.0
2026-01-16T22:49:20.667383,interface,0.5748031496062992,1.0,0.2992125984251969,0.0,0.0,0.5826771653543307,0.14960629921259844,0.0
2026-01-16T22:49:20.791608,interface,0.8110236220472441,1.0,0.2992125984251969,0.0,0.0,0.5826771653543307,0.14960629921259844,0.0
2026-01-16T22:49:20.954253,interface,0.8503937007874016,1.0,0.2992125984251969,0.0,0.0,0.5826771653543307,0.14960629921259844,0.0
2026-01-16T22:49:21.054940,interface,0.6220472440944882,1.0,0.2992125984251969,0.0,0.0,0.5826771653543307,0.14960629921259844,0.0
2026-01-16T22:49:21.197462,interface,0.8503937007874016,1.0,0.2992125984251969,0.0,0.0,0.5826771653543307,0.14960629921259844,0.0
2026-01-16T22:49:21.338337,interface,0.6220472440944882,1.0,0.2992125984251969,0.0,0.0,0.5826771653543307,0.14960629921259844,0.0
2026-01-16T22:49:21.479154,interface,0.8503937007874016,1.0,0.2992125984251969,0.0,0.0,0.5826771653543307,0.14960629921259844,0.0
2026-01-16T22:49:21.632018,interface,0.8110236220472441,1.0,0.2992125984251969,0.0,0.0,0.5826771653543307,0.14960629921259844,0.0
2026-01-16T22:49:21.757249,interface,0.6220472440944882,1.0,0.2992125984251969,0.0,0.0,0.5826771653543307,0.14960629921259844,0.0
2026-01-16T22:49:21.895763,interface,0.6220472440944882,1.0,0.2992125984251969,0.0,0.0,0.5826771653543307,0.14960629921259844,0.0
2026-01-16T22:49:22.036369,interface,0.7559055118110236,1.0,0.2992125984251969,0.0,0.0,0.5826771653543307,0.14960629921259844,0.0
2026-01-16T22:49:22.163120,interface,0.8110236220472441,1.0,0.2992125984251969,0.0,0.0,0.5826771653543307,0.14960629921259844,0.0
2026-01-16T22:49:22.290321,interface,0.8110236220472441,1.0,0.2992125984251969,0.0,0.0,0.5826771653543307,0.14960629921259844,0.0
2026-01-16T22:49:22.413598,interface,0.8110236220472441,1.0,0.2992125984251969,0.0,0.0,0.5826771653543307,0.14960629921259844,0.0
2026-01-16T22:49:22.514863,interface,0.8110236220472441,1.0,0.2992125984251969,0.0,0.0,0.5826771653543307,0.14960629921259844,0.0
2026-01-16T22:49:22.616086,interface,0.8110236220472441,1.0,0.2992125984251969,0.0,0.0,0.5826771653543307,0.14960629921259844,0.0
2026-01-16T22:49:22.708427,interface,0.8110236220472441,1.0,0.2992125984251969,0.0,0.0,0.5826771653543307,0.14960629921259844,0.0
2026-01-16T22:49:22.869278,interface,0.8110236220472441,1.0,0.2992125984251969,0.0,0.0,0.5826771653543307,0.14960629921259844,0.0
2026-01-16T22:49:23.082287,interface,0.8110236220472441,1.0,0.2992125984251969,0.0,0.0,0.5826771653543307,0.14960629921259844,0.0
2026-01-16T22:49:23.246166,interface,0.8110236220472441,1.0,0.2992125984251969,0.0,0.0,0.5826771653543307,0.14960629921259844,0.0
2026-01-16T22:49:23.261174,interface,0.7952755905511811,1.0,0.2992125984251969,0.0,0.0,0.5826771653543307,0.14960629921259844,0.0
2026-01-16T22:49:23.324044,interface,0.8110236220472441,1.0,0.2992125984251969,0.0,0.0,0.5826771653543307,0.14960629921259844,0.0
2026-01-16T22:49:23.400060,interface,0.8110236220472441,1.0,0.2992125984251969,0.0,0.0,0.5826771653543307,0.14960629921259844,0.0
2026-01-16T22:49:23.486558,interface,0.8110236220472441,1.0,0.2992125984251969,0.0,0.0,0.5826771653543307,0.14960629921259844,0.0
2026-01-16T22:49:23.636910,interface,0.8110236220472441,1.0,0.2992125984251969,0.0,0.0,0.5826771653543307,0.14960629921259844,0.0
2026-01-16T22:49:23.783335,interface,0.8110236220472441,1.0,0.2992125984251969,0.0,0.0,0.5826771653543307,0.14960629921259844,0.0
2026-01-16T22:49:23.785005,interface,0.7637795275590551,1.0,0.2992125984251969,0.0,0.0,0.5826771653543307,0.14960629921259844,0.0
2026-01-16T22:49:23.945205,interface,0.8110236220472441,1.0,0.2992125984251969,0.0,0.0,0.5826771653543307,0.14960629921259844,0.0
2026-01-16T22:49:23.958119,interface,0.7244094488188977,1.0,0.2992125984251969,0.0,0.0,0.5826771653543307,0.14960629921259844,0.0
2026-01-16T22:49:24.093967,interface,0.8110236220472441,1.0,0.2992125984251969,0.0,0.0,0.5826771653543307,0.14960629921259844,0.0
2026-01-16T22:49:24.095588,interface,0.7007874015748031,1.0,0.2992125984251969,0.0,0.0,0.5826771653543307,0.14960629921259844,0.0
2026-01-16T22:49:24.202258,interface,0.8110236220472441,1.0,0.2992125984251969,0.0,0.0,0.5826771653543307,0.14960629921259844,0.0
2026-01-16T22:49:24.301264,interface,0.8110236220472441,1.0,0.2992125984251969,0.0,0.0,0.5826771653543307,0.14960629921259844,0.0
2026-01-16T22:49:24.444584,interface,0.905511811023622,1.0,0.2992125984251969,0.0,0.0,0.5826771653543307,0.14960629921259844,0.0
2026-01-16T22:49:24.459423,interface,0.7559055118110236,1.0,0.2992125984251969,0.0,0.0,0.5826771653543307,0.14960629921259844,0.0
2026-01-16T22:49:24.534432,interface,0.7559055118110236,1.0,0.2992125984251969,0.0,0.0,0.5826771653543307,0.14960629921259844,0.0
2026-01-16T22:49:24.662763,interface,0.8503937007874016,1.0,0.2992125984251969,0.0,0.0,0.5826771653543307,0.14960629921259844,0.0
2026-01-16T22:49:24.677886,interface,0.7480314960629921,1.0,0.2992125984251969,0.0,0.0,0.5826771653543307,0.14960629921259844,0.0
2026-01-16T22:49:25.361754,interface,0.5669291338582677,1.0,0.2992125984251969,0.0,0.0,0.5826771653543307,0.14960629921259844,0.0
2026-01-16T22:49:25.441640,interface,0.6220472440944882,1.0,0.2992125984251969,0.0,0.0,0.5826771653543307,0.14960629921259844,0.0
2026-01-16T22:49:25.460014,interface,0.6614173228346457,1.0,0.2992125984251969,0.0,0.0,0.5826771653543307,0.14960629921259844,0.0
2026-01-16T22:49:25.461468,interface,0.6220472440944882,1.0,0.2992125984251969,0.0,0.0,0.5826771653543307,0.14960629921259844,0.0
2026-01-16T22:49:25.530373,interface,0.7165354330708661,1.0,0.2992125984251969,0.0,0.0,0.5826771653543307,0.14960629921259844,0.0
2026-01-16T22:49:25.588894,interface,0.7559055118110236,1.0,0.2992125984251969,0.0,0.0,0.5826771653543307,0.14960629921259844,0.0
2026-01-16T22:49:25.954446,interface,0.7559055118110236,1.0,0.2992125984251969,0.0,0.0,0.5826771653543307,0.14960629921259844,0.0
2026-01-16T22:49:26.041110,interface,0.8110236220472441,1.0,0.2992125984251969,0.0,0.0,0.5826771653543307,0.14960629921259844,0.0
2026-01-16T22:49:26.080715,interface,0.8503937007874016,1.0,0.2992125984251969,0.0,0.0,0.5826771653543307,0.14960629921259844,0.0
2026-01-16T22:49:26.130740,interface,0.905511811023622,1.0,0.2992125984251969,0.0,0.0,0.5826771653543307,0.14960629921259844,0.0
2026-01-16T22:49:26.152767,interface,0.905511811023622,1.0,0.2992125984251969,0.0,0.0,0.5826771653543307,0.14960629921259844,0.0
2026-01-16T22:49:26.437436,interface,0.6220472440944882,1.0,0.2992125984251969,0.0,0.0,0.5826771653543307,0.14960629921259844,0.0
2026-01-16T22:49:26.470762,interface,0.6614173228346457,1.0,0.2992125984251969,0.0,0.0,0.5826771653543307,0.14960629921259844,0.0
2026-01-16T22:49:26.739226,interface,0.8110236220472441,1.0,0.2992125984251969,0.0,0.0,0.5826771653543307,0.14960629921259844,0.0
2026-01-16T22:49:26.762506,interface,0.8503937007874016,1.0,0.2992125984251969,0.0,0.0,0.5826771653543307,0.14960629921259844,0.0
2026-01-16T22:49:26.764039,interface,0.8110236220472441,1.0,0.2992125984251969,0.0,0.0,0.5826771653543307,0.14960629921259844,0.0
2026-01-16T22:49:26.811747,interface,0.905511811023622,1.0,0.2992125984251969,0.0,0.0,0.5826771653543307,0.14960629921259844,0.0
2026-01-16T22:49:27.050729,interface,0.6220472440944882,1.0,0.2992125984251969,0.0,0.0,0.5826771653543307,0.14960629921259844,0.0
2026-01-16T22:49:27.059625,interface,0.6614173228346457,1.0,0.2992125984251969,0.0,0.0,0.5826771653543307,0.14960629921259844,0.0
2026-01-16T22:49:27.113253,interface,0.7165354330708661,1.0,0.2992125984251969,0.0,0.0,0.5826771653543307,0.14960629921259844,0.0
2026-01-16T22:49:27.353162,interface,0.47244094488188976,1.0,0.2992125984251969,0.0,0.0,0.5826771653543307,0.14960629921259844,0.0
2026-01-16T22:49:27.372500,interface,0.5275590551181102,1.0,0.2992125984251969,0.0,0.0,0.5826771653543307,0.14960629921259844,0.0
2026-01-16T22:49:27.416454,interface,0.5275590551181102,1.0,0.2992125984251969,0.0,0.0,0.5826771653543307,0.14960629921259844,0.0
2026-01-16T22:49:27.664039,interface,0.5669291338582677,1.0,0.2992125984251969,0.0,0.0,0.5826771653543307,0.14960629921259844,0.0
2026-01-16T22:49:27.678082,interface,0.6220472440944882,1.0,0.2992125984251969,0.0,0.0,0.5826771653543307,0.14960629921259844,0.0
2026-01-16T22:49:27.687068,interface,0.6614173228346457,1.0,0.2992125984251969,0.0,0.0,0.5826771653543307,0.14960629921259844,0.0
2026-01-16T22:49:27.688494,interface,0.6220472440944882,1.0,0.2992125984251969,0.0,0.0,0.5826771653543307,0.14960629921259844,0.0
2026-01-16T22:49:27.861114,interface,0.7559055118110236,1.0,0.2992125984251969,0.0,0.0,0.5826771653543307,0.14960629921259844,0.0
2026-01-16T22:49:27.941864,interface,0.8110236220472441,1.0,0.2992125984251969,0.0,0.0,0.5826771653543307,0.14960629921259844,0.0
2026-01-16T22:49:27.957633,interface,0.8503937007874016,1.0,0.2992125984251969,0.0,0.0,0.5826771653543307,0.14960629921259844,0.0
2026-01-16T22:49:28.189347,interface,0.5669291338582677,1.0,0.2992125984251969,0.0,0.0,0.5826771653543307,0.14960629921259844,0.0
2026-01-16T22:49:28.248405,interface,0.6614173228346457,1.0,0.2992125984251969,0.0,0.0,0.5826771653543307,0.14960629921259844,0.0
2026-01-16T22:49:28.286440,interface,0.6220472440944882,1.0,0.2992125984251969,0.0,0.0,0.5826771653543307,0.14960629921259844,0.0
2026-01-16T22:49:28.287383,interface,0.7165354330708661,1.0,0.2992125984251969,0.0,0.0,0.5826771653543307,0.14960629921259844,0.0
2026-01-16T22:49:28.302528,interface,0.6220472440944882,1.0,0.2992125984251969,0.0,0.0,0.5826771653543307,0.14960629921259844,0.0
2026-01-16T22:49:28.519288,interface,0.3779527559055118,1.0,0.2992125984251969,0.0,0.0,0.5826771653543307,0.14960629921259844,0.0
2026-01-16T22:49:28.562454,interface,0.47244094488188976,1.0,0.2992125984251969,0.0,0.0,0.5826771653543307,0.14960629921259844,0.0
2026-01-16T22:49:28.592285,interface,0.4330708661417323,1.0,0.2992125984251969,0.0,0.0,0.5826771653543307,0.14960629921259844,0.0
2026-01-16T22:49:28.611444,interface,0.5275590551181102,1.0,0.2992125984251969,0.0,0.0,0.5826771653543307,0.14960629921259844,0.0
2026-01-16T22:49:28.819590,interface,0.5669291338582677,1.0,0.2992125984251969,0.0,0.0,0.5826771653543307,0.14960629921259844,0.0
2026-01-16T22:49:28.878023,interface,0.6220472440944882,1.0,0.2992125984251969,0.0,0.0,0.5826771653543307,0.14960629921259844,0.0
2026-01-16T22:49:28.878983,interface,0.6614173228346457,1.0,0.2992125984251969,0.0,0.0,0.5826771653543307,0.14960629921259844,0.0
2026-01-16T22:49:28.897321,interface,0.6220472440944882,1.0,0.2992125984251969,0.0,0.0,0.5826771653543307,0.14960629921259844,0.0
2026-01-16T22:49:28.921083,interface,0.7165354330708661,1.0,0.2992125984251969,0.0,0.0,0.5826771653543307,0.14960629921259844,0.0
2026-01-16T22:49:29.073848,interface,0.7559055118110236,1.0,0.2992125984251969,0.0,0.0,0.5826771653543307,0.14960629921259844,0.0
2026-01-16T22:49:29.136986,interface,0.8110236220472441,1.0,0.2992125984251969,0.0,0.0,0.5826771653543307,0.14960629921259844,0.0
2026-01-16T22:49:29.137850,interface,0.8503937007874016,1.0,0.2992125984251969,0.0,0.0,0.5826771653543307,0.14960629921259844,0.0
2026-01-16T22:49:29.139970,interface,0.7559055118110236,1.0,0.2992125984251969,0.0,0.0,0.5826771653543307,0.14960629921259844,0.0
2026-01-16T22:49:29.154052,interface,0.8110236220472441,1.0,0.2992125984251969,0.0,0.0,0.5826771653543307,0.14960629921259844,0.0
2026-01-16T22:49:29.154880,interface,0.8503937007874016,1.0,0.2992125984251969,0.0,0.0,0.5826771653543307,0.14960629921259844,0.0
2026-01-16T22:49:29.548791,interface,0.5669291338582677,1.0,0.2992125984251969,0.0,0.0,0.5826771653543307,0.14960629921259844,0.0
2026-01-16T22:49:29.675470,interface,0.5275590551181102,1.0,0.2992125984251969,0.0,0.0,0.5826771653543307,0.14960629921259844,0.0
2026-01-16T22:49:29.956998,interface,0.4330708661417323,1.0,0.2992125984251969,0.0,0.0,0.5826771653543307,0.14960629921259844,0.0
2026-01-16T22:49:30.065500,interface,0.47244094488188976,1.0,0.2992125984251969,0.0,0.0,0.5826771653543307,0.14960629921259844,0.0
2026-01-16T22:49:30.193411,interface,0.6220472440944882,1.0,0.2992125984251969,0.0,0.0,0.5826771653543307,0.14960629921259844,0.0
2026-01-16T22:49:30.281205,interface,0.33858267716535434,1.0,0.2992125984251969,0.0,0.0,0.5826771653543307,0.14960629921259844,0.0
2026-01-16T22:49:30.427581,interface,0.4330708661417323,1.0,0.2992125984251969,0.0,0.0,0.5826771653543307,0.14960629921259844,0.0
2026-01-16T22:49:30.548344,interface,0.28346456692913385,1.0,0.2992125984251969,0.0,0.0,0.5826771653543307,0.14960629921259844,0.0
2026-01-16T22:49:30.823817,interface,0.47244094488188976,1.0,0.2992125984251969,0.0,0.0,0.5826771653543307,0.14960629921259844,0.0
2026-01-16T22:49:30.962851,interface,0.4330708661417323,1.0,0.2992125984251969,0.0,0.0,0.5826771653543307,0.14960629921259844,0.0
2026-01-16T22:49:31.085455,interface,0.28346456692913385,1.0,0.2992125984251969,0.0,0.0,0.5826771653543307,0.14960629921259844,0.0
2026-01-16T22:49:31.257044,interface,0.2440944881889764,1.0,0.2992125984251969,0.0,0.0,0.5826771653543307,0.14960629921259844,0.0
2026-01-16T22:49:31.384908,interface,0.47244094488188976,1.0,0.2992125984251969,0.0,0.0,0.5826771653543307,0.14960629921259844,0.0
2026-01-16T22:49:31.644420,interface,0.6614173228346457,1.0,0.2992125984251969,0.0,0.0,0.5826771653543307,0.14960629921259844,0.0
2026-01-16T22:49:31.780841,interface,0.2440944881889764,1.0,0.2992125984251969,0.0,0.0,0.5826771653543307,0.14960629921259844,0.0
2026-01-16T22:49:31.920037,interface,0.47244094488188976,1.0,0.2992125984251969,0.0,0.0,0.5826771653543307,0.14960629921259844,0.0
2026-01-16T22:49:32.030359,interface,0.6220472440944882,1.0,0.2992125984251969,0.0,0.0,0.5826771653543307,0.14960629921259844,0.0
2026-01-16T22:49:32.170257,interface,0.47244094488188976,1.0,0.2992125984251969,0.0,0.0,0.5826771653543307,0.14960629921259844,0.0
2026-01-16T22:49:32.303859,interface,0.4330708661417323,1.0,0.2992125984251969,0.0,0.0,0.5826771653543307,0.14960629921259844,0.0
2026-01-16T22:49:32.708471,interface,0.6220472440944882,1.0,0.2992125984251969,0.0,0.0,0.5826771653543307,0.14960629921259844,0.0
2026-01-16T22:49:32.843045,interface,0.47244094488188976,1.0,0.2992125984251969,0.0,0.0,0.5826771653543307,0.14960629921259844,0.0
2026-01-16T22:49:32.951653,interface,0.4330708661417323,1.0,0.2992125984251969,0.0,0.0,0.5826771653543307,0.14960629921259844,0.0
2026-01-16T22:49:33.073782,interface,0.6614173228346457,1.0,0.2992125984251969,0.0,0.0,0.5826771653543307,0.14960629921259844,0.0
2026-01-16T22:49:33.197074,interface,0.8110236220472441,1.0,0.2992125984251969,0.0,0.0,0.5826771653543307,0.14960629921259844,0.0
2026-01-16T22:49:33.298324,interface,0.7165354330708661,1.0,0.2992125984251969,0.0,0.0,0.5826771653543307,0.14960629921259844,0.0
2026-01-16T22:49:33.438163,interface,0.6614173228346457,1.0,0.2992125984251969,0.0,0.0,0.5826771653543307,0.14960629921259844,0.0
2026-01-16T22:49:33.469282,interface,0.6614173228346457,1.0,0.2992125984251969,0.0,0.0,0.5826771653543307,0.14960629921259844,0.0
2026-01-16T22:49:33.559962,interface,0.6220472440944882,1.0,0.2992125984251969,0.0,0.0,0.5826771653543307,0.14960629921259844,0.0
2026-01-16T22:49:33.689543,interface,0.7165354330708661,1.0,0.2992125984251969,0.0,0.0,0.5826771653543307,0.14960629921259844,0.0
2026-01-16T22:49:33.705438,interface,0.6062992125984252,1.0,0.2992125984251969,0.0,0.0,0.5826771653543307,0.14960629921259844,0.0
2026-01-16T22:49:33.802133,interface,0.6614173228346457,1.0,0.2992125984251969,0.0,0.0,0.5826771653543307,0.14960629921259844,0.0
2026-01-16T22:49:33.926890,interface,0.8110236220472441,1.0,0.2992125984251969,0.0,0.0,0.5826771653543307,0.14960629921259844,0.0
2026-01-16T22:49:33.937051,interface,0.6535433070866141,1.0,0.2992125984251969,0.0,0.0,0.5826771653543307,0.14960629921259844,0.0
2026-01-16T22:49:34.055367,interface,0.8503937007874016,1.0,0.2992125984251969,0.0,0.0,0.5826771653543307,0.14960629921259844,0.0
2026-01-16T22:49:34.181523,interface,0.6220472440944882,1.0,0.2992125984251969,0.0,0.0,0.5826771653543307,0.14960629921259844,0.0
2026-01-16T22:49:34.199115,interface,0.8661417322834646,1.0,0.2992125984251969,0.0,0.0,0.5826771653543307,0.14960629921259844,0.0
2026-01-16T22:49:34.317665,interface,0.6614173228346457,1.0,0.2992125984251969,0.0,0.0,0.5826771653543307,0.14960629921259844,0.0
2026-01-16T22:49:34.693363,interface,0.6614173228346457,1.0,0.2992125984251969,0.0,0.0,0.5826771653543307,0.14960629921259844,0.0
2026-01-16T22:49:34.814164,interface,0.6220472440944882,1.0,0.2992125984251969,0.0,0.0,0.5826771653543307,0.14960629921259844,0.0
2026-01-16T22:49:35.191960,interface,0.6220472440944882,1.0,0.2992125984251969,0.0,0.0,0.5905511811023622,0.14960629921259844,0.0
2026-01-16T22:49:35.206191,interface,0.6220472440944882,1.0,0.2992125984251969,0.0,0.0,0.5984251968503937,0.14960629921259844,0.0
2026-01-16T22:49:35.216451,interface,0.6220472440944882,1.0,0.2992125984251969,0.0,0.0,0.6062992125984252,0.14960629921259844,0.0
2026-01-16T22:49:35.226170,interface,0.6220472440944882,1.0,0.2992125984251969,0.0,0.0,0.6062992125984252,0.14960629921259844,0.0
2026-01-16T22:49:35.226967,interface,0.6220472440944882,1.0,0.2992125984251969,0.0,0.0,0.6141732283464567,0.14960629921259844,0.0
2026-01-16T22:49:35.238281,interface,0.6220472440944882,1.0,0.2992125984251969,0.0,0.0,0.6141732283464567,0.14960629921259844,0.0
2026-01-16T22:49:35.247207,interface,0.6220472440944882,1.0,0.2992125984251969,0.0,0.0,0.6220472440944882,0.14960629921259844,0.0
2026-01-16T22:49:35.256727,interface,0.6220472440944882,1.0,0.2992125984251969,0.0,0.0,0.6220472440944882,0.14960629921259844,0.0
2026-01-16T22:49:35.266732,interface,0.6220472440944882,1.0,0.2992125984251969,0.0,0.0,0.6299212598425197,0.14960629921259844,0.0
2026-01-16T22:49:35.267515,interface,0.6220472440944882,1.0,0.2992125984251969,0.0,0.0,0.6377952755905512,0.14960629921259844,0.0
2026-01-16T22:49:35.286421,interface,0.6220472440944882,1.0,0.2992125984251969,0.0,0.0,0.6377952755905512,0.14960629921259844,0.0
2026-01-16T22:49:35.287241,interface,0.6220472440944882,1.0,0.2992125984251969,0.0,0.0,0.6456692913385826,0.14960629921259844,0.0
2026-01-16T22:49:35.296494,interface,0.6220472440944882,1.0,0.2992125984251969,0.0,0.0,0.6456692913385826,0.14960629921259844,0.0
2026-01-16T22:49:35.306437,interface,0.6220472440944882,1.0,0.2992125984251969,0.0,0.0,0.6535433070866141,0.14960629921259844,0.0
2026-01-16T22:49:35.307187,interface,0.6220472440944882,1.0,0.2992125984251969,0.0,0.0,0.6614173228346457,0.14960629921259844,0.0
2026-01-16T22:49:35.318229,interface,0.6220472440944882,1.0,0.2992125984251969,0.0,0.0,0.6614173228346457,0.14960629921259844,0.0
2026-01-16T22:49:35.326671,interface,0.6220472440944882,1.0,0.2992125984251969,0.0,0.0,0.6692913385826772,0.14960629921259844,0.0
2026-01-16T22:49:35.336692,interface,0.6220472440944882,1.0,0.2992125984251969,0.0,0.0,0.6771653543307087,0.14960629921259844,0.0
2026-01-16T22:49:35.357122,interface,0.6220472440944882,1.0,0.2992125984251969,0.0,0.0,0.6850393700787402,0.14960629921259844,0.0
2026-01-16T22:49:35.357858,interface,0.6220472440944882,1.0,0.2992125984251969,0.0,0.0,0.6850393700787402,0.14960629921259844,0.0
2026-01-16T22:49:35.358558,interface,0.6220472440944882,1.0,0.2992125984251969,0.0,0.0,0.6929133858267716,0.14960629921259844,0.0
2026-01-16T22:49:35.366509,interface,0.6220472440944882,1.0,0.2992125984251969,0.0,0.0,0.7007874015748031,0.14960629921259844,0.0
2026-01-16T22:49:35.376122,interface,0.6220472440944882,1.0,0.2992125984251969,0.0,0.0,0.7007874015748031,0.14960629921259844,0.0
2026-01-16T22:49:35.385030,interface,0.6220472440944882,1.0,0.2992125984251969,0.0,0.0,0.7086614173228346,0.14960629921259844,0.0
2026-01-16T22:49:35.385853,interface,0.6220472440944882,1.0,0.2992125984251969,0.0,0.0,0.7086614173228346,0.14960629921259844,0.0
2026-01-16T22:49:35.394710,interface,0.6220472440944882,1.0,0.2992125984251969,0.0,0.0,0.7165354330708661,0.14960629921259844,0.0
2026-01-16T22:49:35.412132,interface,0.6220472440944882,1.0,0.2992125984251969,0.0,0.0,0.7244094488188977,0.14960629921259844,0.0
2026-01-16T22:49:35.412966,interface,0.6220472440944882,1.0,0.2992125984251969,0.0,0.0,0.7244094488188977,0.14960629921259844,0.0
2026-01-16T22:49:35.423104,interface,0.6220472440944882,1.0,0.2992125984251969,0.0,0.0,0.7322834645669292,0.14960629921259844,0.0
2026-01-16T22:49:35.430186,interface,0.6220472440944882,1.0,0.2992125984251969,0.0,0.0,0.7401574803149606,0.14960629921259844,0.0
2026-01-16T22:49:35.438193,interface,0.6220472440944882,1.0,0.2992125984251969,0.0,0.0,0.7401574803149606,0.14960629921259844,0.0
2026-01-16T22:49:35.445518,interface,0.6220472440944882,1.0,0.2992125984251969,0.0,0.0,0.7480314960629921,0.14960629921259844,0.0
2026-01-16T22:49:35.455352,interface,0.6220472440944882,1.0,0.2992125984251969,0.0,0.0,0.7559055118110236,0.14960629921259844,0.0
2026-01-16T22:49:35.465747,interface,0.6220472440944882,1.0,0.2992125984251969,0.0,0.0,0.7559055118110236,0.14960629921259844,0.0
2026-01-16T22:49:35.466559,interface,0.6220472440944882,1.0,0.2992125984251969,0.0,0.0,0.7637795275590551,0.14960629921259844,0.0
2026-01-16T22:49:35.478189,interface,0.6220472440944882,1.0,0.2992125984251969,0.0,0.0,0.7716535433070866,0.14960629921259844,0.0
2026-01-16T22:49:35.486378,interface,0.6220472440944882,1.0,0.2992125984251969,0.0,0.0,0.7795275590551181,0.14960629921259844,0.0
2026-01-16T22:49:35.503647,interface,0.6220472440944882,1.0,0.2992125984251969,0.0,0.0,0.7795275590551181,0.14960629921259844,0.0
2026-01-16T22:49:35.504472,interface,0.6220472440944882,1.0,0.2992125984251969,0.0,0.0,0.7874015748031497,0.14960629921259844,0.0
2026-01-16T22:49:35.505948,interface,0.6220472440944882,1.0,0.2992125984251969,0.0,0.0,0.7952755905511811,0.14960629921259844,0.0
2026-01-16T22:49:35.519330,interface,0.6220472440944882,1.0,0.2992125984251969,0.0,0.0,0.8031496062992126,0.14960629921259844,0.0
2026-01-16T22:49:35.526949,interface,0.6220472440944882,1.0,0.2992125984251969,0.0,0.0,0.8110236220472441,0.14960629921259844,0.0
2026-01-16T22:49:35.536688,interface,0.6220472440944882,1.0,0.2992125984251969,0.0,0.0,0.8188976377952756,0.14960629921259844,0.0
2026-01-16T22:49:35.546113,interface,0.6220472440944882,1.0,0.2992125984251969,0.0,0.0,0.8267716535433071,0.14960629921259844,0.0
2026-01-16T22:49:35.546943,interface,0.6220472440944882,1.0,0.2992125984251969,0.0,0.0,0.8346456692913385,0.14960629921259844,0.0
2026-01-16T22:49:35.558210,interface,0.6220472440944882,1.0,0.2992125984251969,0.0,0.0,0.84251968503937,0.14960629921259844,0.0
2026-01-16T22:49:35.566735,interface,0.6220472440944882,1.0,0.2992125984251969,0.0,0.0,0.8582677165354331,0.14960629921259844,0.0
2026-01-16T22:49:35.578810,interface,0.6220472440944882,1.0,0.2992125984251969,0.0,0.0,0.8661417322834646,0.14960629921259844,0.0
2026-01-16T22:49:35.588115,interface,0.6220472440944882,1.0,0.2992125984251969,0.0,0.0,0.8818897637795275,0.14960629921259844,0.0
2026-01-16T22:49:35.588915,interface,0.6220472440944882,1.0,0.2992125984251969,0.0,0.0,0.889763779527559,0.14960629921259844,0.0
2026-01-16T22:49:35.598134,interface,0.6220472440944882,1.0,0.2992125984251969,0.0,0.0,0.905511811023622,0.14960629921259844,0.0
2026-01-16T22:49:35.607040,interface,0.6220472440944882,1.0,0.2992125984251969,0.0,0.0,0.9212598425196851,0.14960629921259844,0.0
2026-01-16T22:49:35.616298,interface,0.6220472440944882,1.0,0.2992125984251969,0.0,0.0,0.9291338582677166,0.14960629921259844,0.0
2026-01-16T22:49:35.626345,interface,0.6220472440944882,1.0,0.2992125984251969,0.0,0.0,0.937007874015748,0.14960629921259844,0.0
2026-01-16T22:49:35.627081,interface,0.6220472440944882,1.0,0.2992125984251969,0.0,0.0,0.952755905511811,0.14960629921259844,0.0
2026-01-16T22:49:35.636920,interface,0.6220472440944882,1.0,0.2992125984251969,0.0,0.0,0.9606299212598425,0.14960629921259844,0.0
2026-01-16T22:49:35.647239,interface,0.6220472440944882,1.0,0.2992125984251969,0.0,0.0,0.968503937007874,0.14960629921259844,0.0
2026-01-16T22:49:35.656702,interface,0.6220472440944882,1.0,0.2992125984251969,0.0,0.0,0.9763779527559056,0.14960629921259844,0.0
2026-01-16T22:49:35.666026,interface,0.6220472440944882,1.0,0.2992125984251969,0.0,0.0,0.984251968503937,0.14960629921259844,0.0
2026-01-16T22:49:35.678133,interface,0.6220472440944882,1.0,0.2992125984251969,0.0,0.0,0.984251968503937,0.14960629921259844,0.0
2026-01-16T22:49:35.691849,interface,0.5669291338582677,1.0,0.2992125984251969,0.0,0.0,0.984251968503937,0.14960629921259844,0.0
2026-01-16T22:49:35.693430,interface,0.5669291338582677,1.0,0.2992125984251969,0.0,0.0,0.9921259842519685,0.14960629921259844,0.0
2026-01-16T22:49:35.717238,interface,0.5669291338582677,1.0,0.2992125984251969,0.0,0.0,1.0,0.14960629921259844,0.0
2026-01-16T22:49:35.726891,interface,0.5669291338582677,1.0,0.2992125984251969,0.0,0.0,1.0,0.14960629921259844,0.0
2026-01-16T22:49:36.761751,interface,0.6220472440944882,1.0,0.2992125984251969,0.0,0.0,1.0,0.14960629921259844,0.0
2026-01-16T22:49:36.901563,interface,0.6220472440944882,1.0,0.2992125984251969,0.0,0.0,1.0,0.14960629921259844,0.0
2026-01-16T22:49:36.902490,interface,0.6220472440944882,1.0,0.2992125984251969,0.0,0.0,0.9921259842519685,0.14960629921259844,0.0
2026-01-16T22:49:36.928983,interface,0.6220472440944882,1.0,0.2992125984251969,0.0,0.0,0.984251968503937,0.14960629921259844,0.0
2026-01-16T22:49:36.929844,interface,0.6220472440944882,1.0,0.2992125984251969,0.0,0.0,0.9763779527559056,0.14960629921259844,0.0
2026-01-16T22:49:36.946792,interface,0.6220472440944882,1.0,0.2992125984251969,0.0,0.0,0.968503937007874,0.14960629921259844,0.0
2026-01-16T22:49:36.947636,interface,0.6220472440944882,1.0,0.2992125984251969,0.0,0.0,0.9606299212598425,0.14960629921259844,0.0
2026-01-16T22:49:36.958521,interface,0.6220472440944882,1.0,0.2992125984251969,0.0,0.0,0.9448818897637795,0.14960629921259844,0.0
2026-01-16T22:49:36.966728,interface,0.6220472440944882,1.0,0.2992125984251969,0.0,0.0,0.937007874015748,0.14960629921259844,0.0
2026-01-16T22:49:36.973958,interface,0.6220472440944882,1.0,0.2992125984251969,0.0,0.0,0.9212598425196851,0.14960629921259844,0.0
2026-01-16T22:49:36.984069,interface,0.6220472440944882,1.0,0.2992125984251969,0.0,0.0,0.905511811023622,0.14960629921259844,0.0
2026-01-16T22:49:36.985599,interface,0.6220472440944882,1.0,0.2992125984251969,0.0,0.0,0.889763779527559,0.14960629921259844,0.0
2026-01-16T22:49:36.998130,interface,0.6220472440944882,1.0,0.2992125984251969,0.0,0.0,0.8661417322834646,0.14960629921259844,0.0
2026-01-16T22:49:37.007363,interface,0.6220472440944882,1.0,0.2992125984251969,0.0,0.0,0.8503937007874016,0.14960629921259844,0.0
2026-01-16T22:49:37.017456,interface,0.6220472440944882,1.0,0.2992125984251969,0.0,0.0,0.8346456692913385,0.14960629921259844,0.0
2026-01-16T22:49:37.031472,interface,0.6220472440944882,1.0,0.2992125984251969,0.0,0.0,0.8188976377952756,0.14960629921259844,0.0
2026-01-16T22:49:37.032288,interface,0.6220472440944882,1.0,0.2992125984251969,0.0,0.0,0.7952755905511811,0.14960629921259844,0.0
2026-01-16T22:49:37.033685,interface,0.6220472440944882,1.0,0.2992125984251969,0.0,0.0,0.7716535433070866,0.14960629921259844,0.0
2026-01-16T22:49:37.046435,interface,0.6220472440944882,1.0,0.2992125984251969,0.0,0.0,0.7480314960629921,0.14960629921259844,0.0
2026-01-16T22:49:37.056457,interface,0.6220472440944882,1.0,0.2992125984251969,0.0,0.0,0.7244094488188977,0.14960629921259844,0.0
2026-01-16T22:49:37.067049,interface,0.6220472440944882,1.0,0.2992125984251969,0.0,0.0,0.6929133858267716,0.14960629921259844,0.0
2026-01-16T22:49:37.067857,interface,0.6220472440944882,1.0,0.2992125984251969,0.0,0.0,0.6692913385826772,0.14960629921259844,0.0
2026-01-16T22:49:37.078468,interface,0.6220472440944882,1.0,0.2992125984251969,0.0,0.0,0.6456692913385826,0.14960629921259844,0.0
2026-01-16T22:49:37.087228,interface,0.6220472440944882,1.0,0.2992125984251969,0.0,0.0,0.6220472440944882,0.14960629921259844,0.0
2026-01-16T22:49:37.096733,interface,0.6220472440944882,1.0,0.2992125984251969,0.0,0.0,0.5984251968503937,0.14960629921259844,0.0
2026-01-16T22:49:37.106228,interface,0.6220472440944882,1.0,0.2992125984251969,0.0,0.0,0.5748031496062992,0.14960629921259844,0.0
2026-01-16T22:49:37.106977,interface,0.6220472440944882,1.0,0.2992125984251969,0.0,0.0,0.5433070866141733,0.14960629921259844,0.0
2026-01-16T22:49:37.118058,interface,0.6220472440944882,1.0,0.2992125984251969,0.0,0.0,0.5196850393700787,0.14960629921259844,0.0
2026-01-16T22:49:37.126673,interface,0.6220472440944882,1.0,0.2992125984251969,0.0,0.0,0.49606299212598426,0.14960629921259844,0.0
2026-01-16T22:49:37.141590,interface,0.6220472440944882,1.0,0.2992125984251969,0.0,0.0,0.47244094488188976,0.14960629921259844,0.0
2026-01-16T22:49:37.142401,interface,0.6220472440944882,1.0,0.2992125984251969,0.0,0.0,0.4409448818897638,0.14960629921259844,0.0
2026-01-16T22:49:37.150506,interface,0.6220472440944882,1.0,0.2992125984251969,0.0,0.0,0.41732283464566927,0.14960629921259844,0.0
2026-01-16T22:49:37.158756,interface,0.6220472440944882,1.0,0.2992125984251969,0.0,0.0,0.3858267716535433,0.14960629921259844,0.0
2026-01-16T22:49:37.167059,interface,0.6220472440944882,1.0,0.2992125984251969,0.0,0.0,0.3543307086614173,0.14960629921259844,0.0
2026-01-16T22:49:37.176860,interface,0.6220472440944882,1.0,0.2992125984251969,0.0,0.0,0.33070866141732286,0.14960629921259844,0.0
2026-01-16T22:49:37.177596,interface,0.6220472440944882,1.0,0.2992125984251969,0.0,0.0,0.30708661417322836,0.14960629921259844,0.0
2026-01-16T22:49:37.188688,interface,0.6220472440944882,1.0,0.2992125984251969,0.0,0.0,0.28346456692913385,0.14960629921259844,0.0
2026-01-16T22:49:37.196678,interface,0.6220472440944882,1.0,0.2992125984251969,0.0,0.0,0.2677165354330709,0.14960629921259844,0.0
2026-01-16T22:49:37.207186,interface,0.6220472440944882,1.0,0.2992125984251969,0.0,0.0,0.25196850393700787,0.14960629921259844,0.0
2026-01-16T22:49:37.216358,interface,0.6220472440944882,1.0,0.2992125984251969,0.0,0.0,0.23622047244094488,0.14960629921259844,0.0
2026-01-16T22:49:37.217143,interface,0.6220472440944882,1.0,0.2992125984251969,0.0,0.0,0.2204724409448819,0.14960629921259844,0.0
2026-01-16T22:49:37.228503,interface,0.6220472440944882,1.0,0.2992125984251969,0.0,0.0,0.2125984251968504,0.14960629921259844,0.0
2026-01-16T22:49:37.236984,interface,0.6220472440944882,1.0,0.2992125984251969,0.0,0.0,0.2047244094488189,0.14960629921259844,0.0
2026-01-16T22:49:37.246226,interface,0.6220472440944882,1.0,0.2992125984251969,0.0,0.0,0.2047244094488189,0.14960629921259844,0.0
2026-01-16T22:49:37.256175,interface,0.6220472440944882,1.0,0.2992125984251969,0.0,0.0,0.1968503937007874,0.14960629921259844,0.0
2026-01-16T22:49:37.268444,interface,0.6220472440944882,1.0,0.2992125984251969,0.0,0.0,0.1968503937007874,0.14960629921259844,0.0
2026-01-16T22:49:37.285865,interface,0.5669291338582677,1.0,0.2992125984251969,0.0,0.0,0.1968503937007874,0.14960629921259844,0.0
2026-01-16T22:49:37.308132,interface,0.5669291338582677,1.0,0.2992125984251969,0.0,0.0,0.1968503937007874,0.14960629921259844,0.0
2026-01-16T22:49:37.511247,interface,0.5669291338582677,1.0,0.2992125984251969,0.0,0.0,0.1968503937007874,0.14960629921259844,0.0
2026-01-16T22:49:37.954149,interface,0.6220472440944882,1.0,0.2992125984251969,0.0,0.0,0.1968503937007874,0.14960629921259844,0.0
2026-01-16T22:49:37.982650,interface,0.6220472440944882,1.0,0.2992125984251969,0.0,0.0,0.1968503937007874,0.14960629921259844,0.0
2026-01-16T22:49:38.000590,interface,0.6220472440944882,1.0,0.2992125984251969,0.0,0.0,0.2047244094488189,0.14960629921259844,0.0
2026-01-16T22:49:38.024080,interface,0.6220472440944882,1.0,0.2992125984251969,0.0,0.0,0.2125984251968504,0.14960629921259844,0.0
2026-01-16T22:49:38.044774,interface,0.6220472440944882,1.0,0.2992125984251969,0.0,0.0,0.2125984251968504,0.14960629921259844,0.0
2026-01-16T22:49:38.056411,interface,0.6220472440944882,1.0,0.2992125984251969,0.0,0.0,0.2204724409448819,0.14960629921259844,0.0
2026-01-16T22:49:38.057159,interface,0.6220472440944882,1.0,0.2992125984251969,0.0,0.0,0.2204724409448819,0.14960629921259844,0.0
2026-01-16T22:49:38.068780,interface,0.6220472440944882,1.0,0.2992125984251969,0.0,0.0,0.2283464566929134,0.14960629921259844,0.0
2026-01-16T22:49:38.077070,interface,0.6220472440944882,1.0,0.2992125984251969,0.0,0.0,0.23622047244094488,0.14960629921259844,0.0
2026-01-16T22:49:38.090774,interface,0.6220472440944882,1.0,0.2992125984251969,0.0,0.0,0.2440944881889764,0.14960629921259844,0.0
2026-01-16T22:49:38.091637,interface,0.5669291338582677,1.0,0.2992125984251969,0.0,0.0,0.2440944881889764,0.14960629921259844,0.0
2026-01-16T22:49:38.110930,interface,0.5669291338582677,1.0,0.2992125984251969,0.0,0.0,0.2440944881889764,0.14960629921259844,0.0
2026-01-16T22:49:38.111708,interface,0.5669291338582677,1.0,0.2992125984251969,0.0,0.0,0.25196850393700787,0.14960629921259844,0.0
2026-01-16T22:49:38.119413,interface,0.5669291338582677,1.0,0.2992125984251969,0.0,0.0,0.25196850393700787,0.14960629921259844,0.0
2026-01-16T22:49:38.126384,interface,0.5669291338582677,1.0,0.2992125984251969,0.0,0.0,0.25984251968503935,0.14960629921259844,0.0
2026-01-16T22:49:38.135915,interface,0.5669291338582677,1.0,0.2992125984251969,0.0,0.0,0.25984251968503935,0.14960629921259844,0.0
2026-01-16T22:49:38.136712,interface,0.5669291338582677,1.0,0.2992125984251969,0.0,0.0,0.2677165354330709,0.14960629921259844,0.0
2026-01-16T22:49:38.145021,interface,0.5669291338582677,1.0,0.2992125984251969,0.0,0.0,0.2677165354330709,0.14960629921259844,0.0
2026-01-16T22:49:38.156780,interface,0.5669291338582677,1.0,0.2992125984251969,0.0,0.0,0.2755905511811024,0.14960629921259844,0.0
2026-01-16T22:49:38.167671,interface,0.5669291338582677,1.0,0.2992125984251969,0.0,0.0,0.28346456692913385,0.14960629921259844,0.0
2026-01-16T22:49:38.176337,interface,0.5669291338582677,1.0,0.2992125984251969,0.0,0.0,0.28346456692913385,0.14960629921259844,0.0
2026-01-16T22:49:38.177146,interface,0.5669291338582677,1.0,0.2992125984251969,0.0,0.0,0.29133858267716534,0.14960629921259844,0.0
2026-01-16T22:49:38.196826,interface,0.5669291338582677,1.0,0.2992125984251969,0.0,0.0,0.29133858267716534,0.14960629921259844,0.0
2026-01-16T22:49:38.206555,interface,0.6220472440944882,1.0,0.2992125984251969,0.0,0.0,0.29133858267716534,0.14960629921259844,0.0
2026-01-16T22:49:38.208033,interface,0.6220472440944882,1.0,0.2992125984251969,0.0,0.0,0.2992125984251969,0.14960629921259844,0.0
2026-01-16T22:49:38.225464,interface,0.6220472440944882,1.0,0.2992125984251969,0.0,0.0,0.30708661417322836,0.14960629921259844,0.0
2026-01-16T22:49:38.226198,interface,0.6220472440944882,1.0,0.2992125984251969,0.0,0.0,0.31496062992125984,0.14960629921259844,0.0
2026-01-16T22:49:38.237181,interface,0.6220472440944882,1.0,0.2992125984251969,0.0,0.0,0.31496062992125984,0.14960629921259844,0.0
2026-01-16T22:49:38.246662,interface,0.6220472440944882,1.0,0.2992125984251969,0.0,0.0,0.3228346456692913,0.14960629921259844,0.0
2026-01-16T22:49:38.256895,interface,0.6220472440944882,1.0,0.2992125984251969,0.0,0.0,0.3228346456692913,0.14960629921259844,0.0
2026-01-16T22:49:38.257702,interface,0.6220472440944882,1.0,0.2992125984251969,0.0,0.0,0.33070866141732286,0.14960629921259844,0.0
2026-01-16T22:49:38.268816,interface,0.6220472440944882,1.0,0.2992125984251969,0.0,0.0,0.33858267716535434,0.14960629921259844,0.0
2026-01-16T22:49:38.276821,interface,0.6220472440944882,1.0,0.2992125984251969,0.0,0.0,0.3464566929133858,0.14960629921259844,0.0
2026-01-16T22:49:38.286049,interface,0.6220472440944882,1.0,0.2992125984251969,0.0,0.0,0.3464566929133858,0.14960629921259844,0.0
2026-01-16T22:49:38.286826,interface,0.5669291338582677,1.0,0.2992125984251969,0.0,0.0,0.3464566929133858,0.14960629921259844,0.0
2026-01-16T22:49:38.305846,interface,0.5669291338582677,1.0,0.2992125984251969,0.0,0.0,0.3543307086614173,0.14960629921259844,0.0
2026-01-16T22:49:38.306711,interface,0.5669291338582677,1.0,0.2992125984251969,0.0,0.0,0.36220472440944884,0.14960629921259844,0.0
2026-01-16T22:49:38.307409,interface,0.5669291338582677,1.0,0.2992125984251969,0.0,0.0,0.3700787401574803,0.14960629921259844,0.0
2026-01-16T22:49:38.317137,interface,0.5669291338582677,1.0,0.2992125984251969,0.0,0.0,0.3779527559055118,0.14960629921259844,0.0
2026-01-16T22:49:38.324201,interface,0.5669291338582677,1.0,0.2992125984251969,0.0,0.0,0.3937007874015748,0.14960629921259844,0.0
2026-01-16T22:49:38.337827,interface,0.5669291338582677,1.0,0.2992125984251969,0.0,0.0,0.4015748031496063,0.14960629921259844,0.0
2026-01-16T22:49:38.338632,interface,0.5669291338582677,1.0,0.2992125984251969,0.0,0.0,0.4094488188976378,0.14960629921259844,0.0
2026-01-16T22:49:38.348840,interface,0.5669291338582677,1.0,0.2992125984251969,0.0,0.0,0.41732283464566927,0.14960629921259844,0.0
2026-01-16T22:49:38.356825,interface,0.5669291338582677,1.0,0.2992125984251969,0.0,0.0,0.4251968503937008,0.14960629921259844,0.0
2026-01-16T22:49:38.366275,interface,0.5669291338582677,1.0,0.2992125984251969,0.0,0.0,0.4409448818897638,0.14960629921259844,0.0
2026-01-16T22:49:38.377429,interface,0.5669291338582677,1.0,0.2992125984251969,0.0,0.0,0.44881889763779526,0.14960629921259844,0.0
2026-01-16T22:49:38.378217,interface,0.5669291338582677,1.0,0.2992125984251969,0.0,0.0,0.4566929133858268,0.14960629921259844,0.0
2026-01-16T22:49:38.391645,interface,0.5669291338582677,1.0,0.2992125984251969,0.0,0.0,0.47244094488188976,0.14960629921259844,0.0
2026-01-16T22:49:38.393088,interface,0.5669291338582677,1.0,0.2992125984251969,0.0,0.0,0.48031496062992124,0.14960629921259844,0.0
2026-01-16T22:49:38.406386,interface,0.5669291338582677,1.0,0.2992125984251969,0.0,0.0,0.4881889763779528,0.14960629921259844,0.0
2026-01-16T22:49:38.416676,interface,0.5669291338582677,1.0,0.2992125984251969,0.0,0.0,0.5039370078740157,0.14960629921259844,0.0
2026-01-16T22:49:38.417486,interface,0.5669291338582677,1.0,0.2992125984251969,0.0,0.0,0.5118110236220472,0.14960629921259844,0.0
2026-01-16T22:49:38.428845,interface,0.5669291338582677,1.0,0.2992125984251969,0.0,0.0,0.5275590551181102,0.14960629921259844,0.0
2026-01-16T22:49:38.436839,interface,0.5669291338582677,1.0,0.2992125984251969,0.0,0.0,0.5354330708661418,0.14960629921259844,0.0
2026-01-16T22:49:38.438285,interface,0.6220472440944882,1.0,0.2992125984251969,0.0,0.0,0.5354330708661418,0.14960629921259844,0.0
2026-01-16T22:49:38.457189,interface,0.6220472440944882,1.0,0.2992125984251969,0.0,0.0,0.5511811023622047,0.14960629921259844,0.0
2026-01-16T22:49:38.458000,interface,0.6220472440944882,1.0,0.2992125984251969,0.0,0.0,0.5590551181102362,0.14960629921259844,0.0
2026-01-16T22:49:38.458745,interface,0.6220472440944882,1.0,0.2992125984251969,0.0,0.0,0.5748031496062992,0.14960629921259844,0.0
2026-01-16T22:49:38.469399,interface,0.6220472440944882,1.0,0.2992125984251969,0.0,0.0,0.5826771653543307,0.14960629921259844,0.0
2026-01-16T22:49:38.492290,interface,0.6220472440944882,1.0,0.2992125984251969,0.0,0.0,0.5984251968503937,0.14960629921259844,0.0
2026-01-16T22:49:38.493113,interface,0.6220472440944882,1.0,0.2992125984251969,0.0,0.0,0.6062992125984252,0.14960629921259844,0.0
2026-01-16T22:49:38.493850,interface,0.6220472440944882,1.0,0.2992125984251969,0.0,0.0,0.6220472440944882,0.14960629921259844,0.0
2026-01-16T22:49:38.495946,interface,0.6220472440944882,1.0,0.2992125984251969,0.0,0.0,0.6299212598425197,0.14960629921259844,0.0
2026-01-16T22:49:38.507118,interface,0.6220472440944882,1.0,0.2992125984251969,0.0,0.0,0.6377952755905512,0.14960629921259844,0.0
2026-01-16T22:49:38.516867,interface,0.6220472440944882,1.0,0.2992125984251969,0.0,0.0,0.6535433070866141,0.14960629921259844,0.0
2026-01-16T22:49:38.526360,interface,0.6220472440944882,1.0,0.2992125984251969,0.0,0.0,0.6614173228346457,0.14960629921259844,0.0
2026-01-16T22:49:38.535018,interface,0.6220472440944882,1.0,0.2992125984251969,0.0,0.0,0.6771653543307087,0.14960629921259844,0.0
2026-01-16T22:49:38.536476,interface,0.6220472440944882,1.0,0.2992125984251969,0.0,0.0,0.6850393700787402,0.14960629921259844,0.0
2026-01-16T22:49:38.545579,interface,0.6220472440944882,1.0,0.2992125984251969,0.0,0.0,0.7007874015748031,0.14960629921259844,0.0
2026-01-16T22:49:38.556893,interface,0.6220472440944882,1.0,0.2992125984251969,0.0,0.0,0.7086614173228346,0.14960629921259844,0.0
2026-01-16T22:49:38.564258,interface,0.6220472440944882,1.0,0.2992125984251969,0.0,0.0,0.7165354330708661,0.14960629921259844,0.0
2026-01-16T22:49:38.578618,interface,0.6220472440944882,1.0,0.2992125984251969,0.0,0.0,0.7244094488188977,0.14960629921259844,0.0
2026-01-16T22:49:38.579409,interface,0.6220472440944882,1.0,0.2992125984251969,0.0,0.0,0.7322834645669292,0.14960629921259844,0.0
2026-01-16T22:49:38.588876,interface,0.6220472440944882,1.0,0.2992125984251969,0.0,0.0,0.7401574803149606,0.14960629921259844,0.0
2026-01-16T22:49:38.596874,interface,0.6220472440944882,1.0,0.2992125984251969,0.0,0.0,0.7401574803149606,0.14960629921259844,0.0
2026-01-16T22:49:38.606119,interface,0.6220472440944882,1.0,0.2992125984251969,0.0,0.0,0.7480314960629921,0.14960629921259844,0.0
2026-01-16T22:49:38.616962,interface,0.6220472440944882,1.0,0.2992125984251969,0.0,0.0,0.7559055118110236,0.14960629921259844,0.0
2026-01-16T22:49:38.617761,interface,0.6220472440944882,1.0,0.2992125984251969,0.0,0.0,0.7559055118110236,0.14960629921259844,0.0
2026-01-16T22:49:38.618533,interface,0.5669291338582677,1.0,0.2992125984251969,0.0,0.0,0.7559055118110236,0.14960629921259844,0.0
2026-01-16T22:49:38.637693,interface,0.5669291338582677,1.0,0.2992125984251969,0.0,0.0,0.7637795275590551,0.14960629921259844,0.0
2026-01-16T22:49:38.638537,interface,0.5669291338582677,1.0,0.2992125984251969,0.0,0.0,0.7716535433070866,0.14960629921259844,0.0
2026-01-16T22:49:38.646838,interface,0.5669291338582677,1.0,0.2992125984251969,0.0,0.0,0.7716535433070866,0.14960629921259844,0.0
2026-01-16T22:49:38.656051,interface,0.5669291338582677,1.0,0.2992125984251969,0.0,0.0,0.7795275590551181,0.14960629921259844,0.0
2026-01-16T22:49:38.668628,interface,0.5669291338582677,1.0,0.2992125984251969,0.0,0.0,0.7874015748031497,0.14960629921259844,0.0
2026-01-16T22:49:38.681180,interface,0.5669291338582677,1.0,0.2992125984251969,0.0,0.0,0.7874015748031497,0.14960629921259844,0.0
2026-01-16T22:49:38.703880,interface,0.5669291338582677,1.0,0.2992125984251969,0.0,0.0,0.7952755905511811,0.14960629921259844,0.0
2026-01-16T22:49:38.716938,interface,0.5669291338582677,1.0,0.2992125984251969,0.0,0.0,0.8031496062992126,0.14960629921259844,0.0
2026-01-16T22:49:38.740987,interface,0.5669291338582677,1.0,0.2992125984251969,0.0,0.0,0.8031496062992126,0.14960629921259844,0.0
2026-01-16T22:49:38.742462,interface,0.5669291338582677,1.0,0.2992125984251969,0.0,0.0,0.8031496062992126,0.14960629921259844,0.0
2026-01-16T22:49:38.760133,interface,0.5669291338582677,1.0,0.2992125984251969,0.0,0.0,0.8110236220472441,0.14960629921259844,0.0
2026-01-16T22:49:38.786137,interface,0.5669291338582677,1.0,0.2992125984251969,0.0,0.0,0.8188976377952756,0.14960629921259844,0.0
2026-01-16T22:49:38.804920,interface,0.5669291338582677,1.0,0.2992125984251969,0.0,0.0,0.8188976377952756,0.14960629921259844,0.0
2026-01-16T22:49:38.825086,interface,0.5669291338582677,1.0,0.2992125984251969,0.0,0.0,0.8267716535433071,0.14960629921259844,0.0
2026-01-16T22:49:38.832243,interface,0.5669291338582677,1.0,0.2992125984251969,0.0,0.0,0.8346456692913385,0.14960629921259844,0.0
2026-01-16T22:49:38.856629,interface,0.5669291338582677,1.0,0.2992125984251969,0.0,0.0,0.8346456692913385,0.14960629921259844,0.0
2026-01-16T22:49:38.864766,interface,0.5669291338582677,1.0,0.2992125984251969,0.0,0.0,0.84251968503937,0.14960629921259844,0.0
2026-01-16T22:49:38.887663,interface,0.5669291338582677,1.0,0.2992125984251969,0.0,0.0,0.84251968503937,0.14960629921259844,0.0
2026-01-16T22:49:38.901754,interface,0.5669291338582677,1.0,0.2992125984251969,0.0,0.0,0.8503937007874016,0.14960629921259844,0.0
2026-01-16T22:49:38.925005,interface,0.5669291338582677,1.0,0.2992125984251969,0.0,0.0,0.8503937007874016,0.14960629921259844,0.0
2026-01-16T22:49:38.962257,interface,0.5669291338582677,1.0,0.2992125984251969,0.0,0.0,0.8582677165354331,0.14960629921259844,0.0
2026-01-16T22:49:38.994815,interface,0.5669291338582677,1.0,0.2992125984251969,0.0,0.0,0.8661417322834646,0.14960629921259844,0.0
2026-01-16T22:49:39.028974,interface,0.5669291338582677,1.0,0.2992125984251969,0.0,0.0,0.8661417322834646,0.14960629921259844,0.0
2026-01-16T22:49:39.050805,interface,0.5669291338582677,1.0,0.2992125984251969,0.0,0.0,0.8740157480314961,0.14960629921259844,0.0
2026-01-16T22:49:39.096332,interface,0.5669291338582677,1.0,0.2992125984251969,0.0,0.0,0.8740157480314961,0.14960629921259844,0.0
2026-01-16T22:49:39.172412,interface,0.5669291338582677,1.0,0.2992125984251969,0.0,0.0,0.8818897637795275,0.14960629921259844,0.0
2026-01-16T22:49:39.298192,interface,0.5669291338582677,1.0,0.2992125984251969,0.0,0.0,0.8818897637795275,0.14960629921259844,0.0
2026-01-16T22:49:39.354802,interface,0.5669291338582677,1.0,0.2992125984251969,0.0,0.0,0.889763779527559,0.14960629921259844,0.0
2026-01-16T22:49:39.366598,interface,0.5669291338582677,1.0,0.2992125984251969,0.0,0.0,0.889763779527559,0.14960629921259844,0.0
2026-01-16T22:49:39.376588,interface,0.5669291338582677,1.0,0.2992125984251969,0.0,0.0,0.8976377952755905,0.14960629921259844,0.0
2026-01-16T22:49:39.399142,interface,0.5669291338582677,1.0,0.2992125984251969,0.0,0.0,0.8976377952755905,0.14960629921259844,0.0
2026-01-16T22:49:39.411252,interface,0.5669291338582677,1.0,0.2992125984251969,0.0,0.0,0.905511811023622,0.14960629921259844,0.0
2026-01-16T22:49:39.424830,interface,0.5669291338582677,1.0,0.2992125984251969,0.0,0.0,0.905511811023622,0.14960629921259844,0.0
2026-01-16T22:49:39.472425,interface,0.5669291338582677,1.0,0.2992125984251969,0.0,0.0,0.9133858267716536,0.14960629921259844,0.0
2026-01-16T22:49:39.563031,interface,0.5669291338582677,1.0,0.2992125984251969,0.0,0.0,0.9133858267716536,0.14960629921259844,0.0
2026-01-16T22:49:39.662080,interface,0.5669291338582677,1.0,0.2992125984251969,0.0,0.0,0.9212598425196851,0.14960629921259844,0.0
2026-01-16T22:49:39.795106,interface,0.5669291338582677,1.0,0.2992125984251969,0.0,0.0,0.9291338582677166,0.14960629921259844,0.0
2026-01-16T22:49:39.829093,interface,0.5669291338582677,1.0,0.2992125984251969,0.0,0.0,0.9291338582677166,0.14960629921259844,0.0
2026-01-16T22:49:39.843070,interface,0.5669291338582677,1.0,0.2992125984251969,0.0,0.0,0.937007874015748,0.14960629921259844,0.0
2026-01-16T22:49:39.855263,interface,0.5669291338582677,1.0,0.2992125984251969,0.0,0.0,0.937007874015748,0.14960629921259844,0.0
2026-01-16T22:49:39.870624,interface,0.5669291338582677,1.0,0.2992125984251969,0.0,0.0,0.9448818897637795,0.14960629921259844,0.0
2026-01-16T22:49:39.894792,interface,0.5669291338582677,1.0,0.2992125984251969,0.0,0.0,0.9448818897637795,0.14960629921259844,0.0
2026-01-16T22:49:39.908914,interface,0.5669291338582677,1.0,0.2992125984251969,0.0,0.0,0.952755905511811,0.14960629921259844,0.0
2026-01-16T22:49:39.932927,interface,0.5669291338582677,1.0,0.2992125984251969,0.0,0.0,0.952755905511811,0.14960629921259844,0.0
2026-01-16T22:49:39.953866,interface,0.5669291338582677,1.0,0.2992125984251969,0.0,0.0,0.9606299212598425,0.14960629921259844,0.0
2026-01-16T22:49:39.975375,interface,0.5669291338582677,1.0,0.2992125984251969,0.0,0.0,0.968503937007874,0.14960629921259844,0.0
2026-01-16T22:49:40.010459,interface,0.5669291338582677,1.0,0.2992125984251969,0.0,0.0,0.968503937007874,0.14960629921259844,0.0
2026-01-16T22:49:40.027149,interface,0.5669291338582677,1.0,0.2992125984251969,0.0,0.0,0.9763779527559056,0.14960629921259844,0.0
2026-01-16T22:49:40.041566,interface,0.5669291338582677,1.0,0.2992125984251969,0.0,0.0,0.984251968503937,0.14960629921259844,0.0
2026-01-16T22:49:40.063541,interface,0.5669291338582677,1.0,0.2992125984251969,0.0,0.0,0.984251968503937,0.14960629921259844,0.0
2026-01-16T22:49:40.092917,interface,0.5669291338582677,1.0,0.2992125984251969,0.0,0.0,0.9921259842519685,0.14960629921259844,0.0
2026-01-16T22:49:40.122230,interface,0.5669291338582677,1.0,0.2992125984251969,0.0,0.0,0.9921259842519685,0.14960629921259844,0.0
2026-01-16T22:49:40.155068,interface,0.5669291338582677,1.0,0.2992125984251969,0.0,0.0,1.0,0.14960629921259844,0.0
2026-01-16T22:49:41.009397,interface,0.6220472440944882,1.0,0.2992125984251969,0.0,0.0,1.0,0.14960629921259844,0.0
2026-01-16T22:49:41.106952,interface,0.5669291338582677,1.0,0.2992125984251969,0.0,0.0,1.0,0.14960629921259844,0.0
2026-01-16T22:49:41.135168,interface,0.5669291338582677,1.0,0.2992125984251969,0.0,0.0,1.0,0.14960629921259844,0.0
2026-01-16T22:49:44.000267,interface,0.5669291338582677,1.0,0.2992125984251969,0.0,0.0,1.0,0.14960629921259844,0.0
2026-01-16T22:49:44.301965,interface,0.5669291338582677,1.0,0.2992125984251969,0.0,0.007874015748031496,1.0,0.14960629921259844,0.0
2026-01-16T22:49:44.542043,interface,0.5669291338582677,1.0,0.2992125984251969,0.0,0.015748031496062992,1.0,0.14960629921259844,0.0
2026-01-16T22:49:44.725998,interface,0.5669291338582677,1.0,0.2992125984251969,0.0,0.023622047244094488,1.0,0.14960629921259844,0.0
2026-01-16T22:49:44.894075,interface,0.5669291338582677,1.0,0.2992125984251969,0.0,0.031496062992125984,1.0,0.14960629921259844,0.0
2026-01-16T22:49:45.030057,interface,0.5669291338582677,1.0,0.2992125984251969,0.0,0.03937007874015748,1.0,0.14960629921259844,0.0
2026-01-16T22:49:45.105805,interface,0.5669291338582677,1.0,0.2992125984251969,0.0,0.047244094488188976,1.0,0.14960629921259844,0.0
2026-01-16T22:49:45.198133,interface,0.5669291338582677,1.0,0.2992125984251969,0.0,0.05511811023622047,1.0,0.14960629921259844,0.0
2026-01-16T22:49:45.278184,interface,0.5669291338582677,1.0,0.2992125984251969,0.0,0.06299212598425197,1.0,0.14960629921259844,0.0
2026-01-16T22:49:45.399062,interface,0.3779527559055118,1.0,0.2992125984251969,0.0,0.06299212598425197,1.0,0.14960629921259844,0.0
2026-01-16T22:49:45.414440,interface,0.5511811023622047,1.0,0.2992125984251969,0.0,0.06299212598425197,1.0,0.14960629921259844,0.0
2026-01-16T22:49:45.430111,interface,0.5511811023622047,1.0,0.2992125984251969,0.0,0.07086614173228346,1.0,0.14960629921259844,0.0
2026-01-16T22:49:46.284426,interface,0.5511811023622047,1.0,0.2992125984251969,0.0,0.07086614173228346,1.0,0.14960629921259844,0.0
2026-01-16T22:49:46.328661,interface,0.5511811023622047,1.0,0.2992125984251969,0.0,0.07874015748031496,1.0,0.14960629921259844,0.0
2026-01-16T22:49:46.415759,interface,0.5511811023622047,1.0,0.2992125984251969,0.0,0.08661417322834646,1.0,0.14960629921259844,0.0
2026-01-16T22:49:47.256047,interface,0.5511811023622047,1.0,0.2992125984251969,0.0,0.09448818897637795,1.0,0.14960629921259844,0.0
2026-01-16T22:49:47.300498,interface,0.5511811023622047,1.0,0.2992125984251969,0.0,0.10236220472440945,1.0,0.14960629921259844,0.0
2026-01-16T22:49:47.356292,interface,0.5511811023622047,1.0,0.2992125984251969,0.0,0.11023622047244094,1.0,0.14960629921259844,0.0
2026-01-16T22:49:48.042701,interface,0.5511811023622047,1.0,0.2992125984251969,0.0,0.11811023622047244,1.0,0.14960629921259844,0.0
2026-01-16T22:49:48.085857,interface,0.5511811023622047,1.0,0.2992125984251969,0.0,0.12598425196850394,1.0,0.14960629921259844,0.0
2026-01-16T22:49:48.141490,interface,0.5511811023622047,1.0,0.2992125984251969,0.0,0.13385826771653545,1.0,0.14960629921259844,0.0
2026-01-16T22:49:48.773705,interface,0.5511811023622047,1.0,0.2992125984251969,0.0,0.13385826771653545,1.0,0.14960629921259844,0.0
2026-01-16T22:49:48.774512,interface,0.5511811023622047,1.0,0.2992125984251969,0.0,0.14173228346456693,1.0,0.14960629921259844,0.0
2026-01-16T22:49:48.794525,interface,0.5511811023622047,1.0,0.2992125984251969,0.0,0.14960629921259844,1.0,0.14960629921259844,0.0
2026-01-16T22:49:53.237136,interface,0.6220472440944882,1.0,0.2992125984251969,0.0,0.14960629921259844,1.0,0.14960629921259844,0.0
2026-01-16T22:49:53.378396,interface,0.6220472440944882,1.0,0.2992125984251969,0.0,0.14960629921259844,1.0,0.14960629921259844,0.0
2026-01-16T22:49:56.803361,interface,0.5669291338582677,1.0,0.2992125984251969,0.0,0.14960629921259844,1.0,0.14960629921259844,0.0
2026-01-16T22:49:57.690207,interface,0.031496062992125984,1.0,0.2992125984251969,0.0,0.14960629921259844,1.0,0.14960629921259844,0.0
2026-01-16T22:49:57.758910,interface,0.1889763779527559,1.0,0.2992125984251969,0.0,0.14960629921259844,1.0,0.14960629921259844,0.0
2026-01-16T22:50:01.656533,interface,0.2440944881889764,1.0,0.2992125984251969,0.0,0.14960629921259844,1.0,0.14960629921259844,0.0
2026-01-16T22:50:01.755493,interface,0.28346456692913385,1.0,0.2992125984251969,0.0,0.14960629921259844,1.0,0.14960629921259844,0.0
2026-01-16T22:50:01.805141,interface,0.33858267716535434,1.0,0.2992125984251969,0.0,0.14960629921259844,1.0,0.14960629921259844,0.0
2026-01-16T22:50:01.960338,interface,0.3779527559055118,1.0,0.2992125984251969,0.0,0.14960629921259844,1.0,0.14960629921259844,0.0
2026-01-16T22:50:01.961752,interface,0.2755905511811024,1.0,0.2992125984251969,0.0,0.14960629921259844,1.0,0.14960629921259844,0.0
2026-01-16T22:50:02.138456,interface,0.47244094488188976,1.0,0.2992125984251969,0.0,0.14960629921259844,1.0,0.14960629921259844,0.0
2026-01-16T22:50:02.139897,interface,0.12598425196850394,1.0,0.2992125984251969,0.0,0.14960629921259844,1.0,0.14960629921259844,0.0
2026-01-16T22:50:02.165209,interface,0.5275590551181102,1.0,0.2992125984251969,0.0,0.14960629921259844,1.0,0.14960629921259844,0.0
2026-01-16T22:50:02.333275,interface,0.5669291338582677,1.0,0.2992125984251969,0.0,0.14960629921259844,1.0,0.14960629921259844,0.0
2026-01-16T22:50:02.511299,interface,0.6614173228346457,1.0,0.2992125984251969,0.0,0.14960629921259844,1.0,0.14960629921259844,0.0
2026-01-16T22:50:02.635669,interface,0.7165354330708661,1.0,0.2992125984251969,0.0,0.14960629921259844,1.0,0.14960629921259844,0.0
2026-01-16T22:50:02.820924,interface,0.7559055118110236,1.0,0.2992125984251969,0.0,0.14960629921259844,1.0,0.14960629921259844,0.0
2026-01-16T22:50:04.365747,interface,0.6220472440944882,1.0,0.2992125984251969,0.0,0.14960629921259844,1.0,0.14960629921259844,0.0
2026-01-16T22:50:04.472004,interface,0.6220472440944882,1.0,0.2992125984251969,0.0,0.14960629921259844,1.0,0.14960629921259844,0.0
2026-01-16T22:50:04.495360,interface,0.6220472440944882,1.0,0.2992125984251969,0.0,0.14960629921259844,1.0,0.14960629921259844,0.0
2026-01-16T22:50:05.602232,interface,0.03937007874015748,1.0,0.2992125984251969,0.0,0.14960629921259844,1.0,0.14960629921259844,0.0
2026-01-16T22:50:15.807794,interface,0.3779527559055118,1.0,0.2992125984251969,0.0,0.14960629921259844,1.0,0.14960629921259844,0.0
2026-01-16T22:50:15.873240,interface,0.3779527559055118,1.0,0.2992125984251969,0.0,0.14960629921259844,1.0,0.14960629921259844,0.0
2026-01-16T22:50:16.002178,interface,0.3779527559055118,1.0,0.2992125984251969,0.0,0.14960629921259844,1.0,0.14960629921259844,0.0
2026-01-16T22:50:16.066327,interface,0.3779527559055118,1.0,0.2992125984251969,0.0,0.14960629921259844,1.0,0.14960629921259844,0.0
2026-01-16T22:50:16.158924,interface,0.3779527559055118,1.0,0.2992125984251969,0.0,0.14960629921259844,1.0,0.14960629921259844,0.0
2026-01-16T22:50:16.301599,interface,0.3779527559055118,1.0,0.2992125984251969,0.0,0.14960629921259844,1.0,0.14960629921259844,0.0
2026-01-16T22:50:16.468574,interface,0.3779527559055118,1.0,0.2992125984251969,0.0,0.14960629921259844,1.0,0.14960629921259844,0.0
2026-01-16T22:50:16.607304,interface,0.3779527559055118,1.0,0.2992125984251969,0.0,0.14960629921259844,1.0,0.14960629921259844,0.0
2026-01-16T22:50:16.752022,interface,0.3779527559055118,1.0,0.2992125984251969,0.0,0.14960629921259844,1.0,0.14960629921259844,0.0
2026-01-16T22:50:16.818501,interface,0.3779527559055118,1.0,0.2992125984251969,0.0,0.14960629921259844,1.0,0.14960629921259844,0.0
2026-01-16T22:50:16.903426,interface,0.3779527559055118,1.0,0.2992125984251969,0.0,0.14960629921259844,1.0,0.14960629921259844,0.0
2026-01-16T22:50:16.979390,interface,0.3779527559055118,1.0,0.2992125984251969,0.0,0.14960629921259844,1.0,0.14960629921259844,0.0
2026-01-16T22:50:17.071848,interface,0.3779527559055118,1.0,0.2992125984251969,0.0,0.14960629921259844,1.0,0.14960629921259844,0.0
2026-01-16T22:50:17.279760,interface,0.3779527559055118,1.0,0.2992125984251969,0.0,0.14960629921259844,1.0,0.14960629921259844,0.0
2026-01-16T22:50:17.386083,interface,0.3779527559055118,1.0,0.2992125984251969,0.0,0.14960629921259844,1.0,0.14960629921259844,0.0
2026-01-16T22:50:17.548634,interface,0.3779527559055118,1.0,0.2992125984251969,0.0,0.14960629921259844,1.0,0.14960629921259844,0.0
2026-01-16T22:50:17.698049,interface,0.3779527559055118,1.0,0.2992125984251969,0.0,0.14960629921259844,1.0,0.14960629921259844,0.0
2026-01-16T22:50:17.761153,interface,0.3779527559055118,1.0,0.2992125984251969,0.0,0.14960629921259844,1.0,0.14960629921259844,0.0
2026-01-16T22:50:17.937196,interface,0.3779527559055118,1.0,0.2992125984251969,0.0,0.14960629921259844,1.0,0.14960629921259844,0.0
2026-01-16T22:50:18.022948,interface,0.3779527559055118,1.0,0.2992125984251969,0.0,0.14960629921259844,1.0,0.14960629921259844,0.0
2026-01-16T22:50:18.105442,interface,0.3779527559055118,1.0,0.2992125984251969,0.0,0.14960629921259844,1.0,0.14960629921259844,0.0
2026-01-16T22:50:18.172180,interface,0.3779527559055118,1.0,0.2992125984251969,0.0,0.14960629921259844,1.0,0.14960629921259844,0.0
2026-01-16T22:50:18.272156,interface,0.3779527559055118,1.0,0.2992125984251969,0.0,0.14960629921259844,1.0,0.14960629921259844,0.0
2026-01-16T22:50:18.340520,interface,0.3779527559055118,1.0,0.2992125984251969,0.0,0.14960629921259844,1.0,0.14960629921259844,0.0
2026-01-16T22:50:18.431738,interface,0.3779527559055118,1.0,0.2992125984251969,0.0,0.14960629921259844,1.0,0.14960629921259844,0.0
2026-01-16T22:50:18.532933,interface,0.3779527559055118,1.0,0.2992125984251969,0.0,0.14960629921259844,1.0,0.14960629921259844,0.0
2026-01-16T22:50:18.595814,interface,0.3779527559055118,1.0,0.2992125984251969,0.0,0.14960629921259844,1.0,0.14960629921259844,0.0
2026-01-16T22:50:18.697021,interface,0.3779527559055118,1.0,0.2992125984251969,0.0,0.14960629921259844,1.0,0.14960629921259844,0.0
2026-01-16T22:50:18.841739,interface,0.3779527559055118,1.0,0.2992125984251969,0.0,0.14960629921259844,1.0,0.14960629921259844,0.0
2026-01-16T22:50:18.864532,interface,0.3779527559055118,1.0,0.2992125984251969,0.0,0.14960629921259844,1.0,0.14960629921259844,0.0
2026-01-16T22:50:19.008289,interface,0.3779527559055118,1.0,0.2992125984251969,0.0,0.14960629921259844,1.0,0.14960629921259844,0.0
2026-01-16T22:50:19.159499,interface,0.3779527559055118,1.0,0.2992125984251969,0.0,0.14960629921259844,1.0,0.14960629921259844,0.0
2026-01-16T22:50:19.180336,interface,0.3779527559055118,1.0,0.2992125984251969,0.0,0.14960629921259844,1.0,0.14960629921259844,0.0
2026-01-16T22:50:19.308062,interface,0.3779527559055118,1.0,0.2992125984251969,0.0,0.14960629921259844,1.0,0.14960629921259844,0.0
2026-01-16T22:50:19.385012,interface,0.4330708661417323,1.0,0.2992125984251969,0.0,0.14960629921259844,1.0,0.14960629921259844,0.0
2026-01-16T22:50:19.464947,interface,0.3779527559055118,1.0,0.2992125984251969,0.0,0.14960629921259844,1.0,0.14960629921259844,0.0
2026-01-16T22:50:19.530079,interface,0.4330708661417323,1.0,0.2992125984251969,0.0,0.14960629921259844,1.0,0.14960629921259844,0.0
2026-01-16T22:50:19.617081,interface,0.3779527559055118,1.0,0.2992125984251969,0.0,0.14960629921259844,1.0,0.14960629921259844,0.0
2026-01-16T22:50:19.680019,interface,0.4330708661417323,1.0,0.2992125984251969,0.0,0.14960629921259844,1.0,0.14960629921259844,0.0
2026-01-16T22:50:19.776490,interface,0.3779527559055118,1.0,0.2992125984251969,0.0,0.14960629921259844,1.0,0.14960629921259844,0.0
2026-01-16T22:50:19.836913,interface,0.4330708661417323,1.0,0.2992125984251969,0.0,0.14960629921259844,1.0,0.14960629921259844,0.0
2026-01-16T22:50:19.929625,interface,0.3779527559055118,1.0,0.2992125984251969,0.0,0.14960629921259844,1.0,0.14960629921259844,0.0
2026-01-16T22:50:20.006044,interface,0.4330708661417323,1.0,0.2992125984251969,0.0,0.14960629921259844,1.0,0.14960629921259844,0.0
2026-01-16T22:50:20.088295,interface,0.3779527559055118,1.0,0.2992125984251969,0.0,0.14960629921259844,1.0,0.14960629921259844,0.0
2026-01-16T22:50:20.152585,interface,0.4330708661417323,1.0,0.2992125984251969,0.0,0.14960629921259844,1.0,0.14960629921259844,0.0
2026-01-16T22:50:20.247486,interface,0.3779527559055118,1.0,0.2992125984251969,0.0,0.14960629921259844,1.0,0.14960629921259844,0.0
2026-01-16T22:50:20.319570,interface,0.4330708661417323,1.0,0.2992125984251969,0.0,0.14960629921259844,1.0,0.14960629921259844,0.0
2026-01-16T22:50:20.402018,interface,0.5669291338582677,1.0,0.2992125984251969,0.0,0.14960629921259844,1.0,0.14960629921259844,0.0
2026-01-16T22:50:20.503258,interface,0.47244094488188976,1.0,0.2992125984251969,0.0,0.14960629921259844,1.0,0.14960629921259844,0.0
2026-01-16T22:50:20.525946,interface,0.47244094488188976,1.0,0.2992125984251969,0.0,0.14960629921259844,1.0,0.14960629921259844,0.0
2026-01-16T22:50:20.559337,interface,0.4330708661417323,1.0,0.2992125984251969,0.0,0.14960629921259844,1.0,0.14960629921259844,0.0
2026-01-16T22:50:20.619499,interface,0.3779527559055118,1.0,0.2992125984251969,0.0,0.14960629921259844,1.0,0.14960629921259844,0.0
2026-01-16T22:50:20.698000,interface,0.47244094488188976,1.0,0.2992125984251969,0.0,0.14960629921259844,1.0,0.14960629921259844,0.0
2026-01-16T22:50:20.761044,interface,0.4330708661417323,1.0,0.2992125984251969,0.0,0.14960629921259844,1.0,0.14960629921259844,0.0
2026-01-16T22:50:20.821625,interface,0.5669291338582677,1.0,0.2992125984251969,0.0,0.14960629921259844,1.0,0.14960629921259844,0.0
2026-01-16T22:50:20.891299,interface,0.47244094488188976,1.0,0.2992125984251969,0.0,0.14960629921259844,1.0,0.14960629921259844,0.0
2026-01-16T22:50:20.965320,interface,0.4330708661417323,1.0,0.2992125984251969,0.0,0.14960629921259844,1.0,0.14960629921259844,0.0
2026-01-16T22:50:21.052061,interface,0.5669291338582677,1.0,0.2992125984251969,0.0,0.14960629921259844,1.0,0.14960629921259844,0.0
2026-01-16T22:50:21.052862,interface,0.47244094488188976,1.0,0.2992125984251969,0.0,0.14960629921259844,1.0,0.14960629921259844,0.0
2026-01-16T22:50:21.070724,interface,0.5669291338582677,1.0,0.2992125984251969,0.0,0.14960629921259844,1.0,0.14960629921259844,0.0
2026-01-16T22:50:21.128432,interface,0.4330708661417323,1.0,0.2992125984251969,0.0,0.14960629921259844,1.0,0.14960629921259844,0.0
2026-01-16T22:50:21.154442,interface,0.3779527559055118,1.0,0.2992125984251969,0.0,0.14960629921259844,1.0,0.14960629921259844,0.0
2026-01-16T22:50:21.233054,interface,0.47244094488188976,1.0,0.2992125984251969,0.0,0.14960629921259844,1.0,0.14960629921259844,0.0
2026-01-16T22:50:21.251631,interface,0.5669291338582677,1.0,0.2992125984251969,0.0,0.14960629921259844,1.0,0.14960629921259844,0.0
2026-01-16T22:50:21.405282,interface,0.47244094488188976,1.0,0.2992125984251969,0.0,0.14960629921259844,1.0,0.14960629921259844,0.0
2026-01-16T22:50:21.447964,interface,0.5669291338582677,1.0,0.2992125984251969,0.0,0.14960629921259844,1.0,0.14960629921259844,0.0
2026-01-16T22:50:21.466648,interface,0.4330708661417323,1.0,0.2992125984251969,0.0,0.14960629921259844,1.0,0.14960629921259844,0.0
2026-01-16T22:50:21.468019,interface,0.5669291338582677,1.0,0.2992125984251969,0.0,0.14960629921259844,1.0,0.14960629921259844,0.0
2026-01-16T22:50:21.634091,interface,0.5669291338582677,1.0,0.2992125984251969,0.0,0.14960629921259844,1.0,0.14960629921259844,0.0
2026-01-16T22:50:21.657861,interface,0.5669291338582677,1.0,0.2992125984251969,0.0,0.14960629921259844,1.0,0.14960629921259844,0.0
2026-01-16T22:50:21.679529,interface,0.4330708661417323,1.0,0.2992125984251969,0.0,0.14960629921259844,1.0,0.14960629921259844,0.0
2026-01-16T22:50:21.749836,interface,0.3779527559055118,1.0,0.2992125984251969,0.0,0.14960629921259844,1.0,0.14960629921259844,0.0
2026-01-16T22:50:21.768088,interface,0.47244094488188976,1.0,0.2992125984251969,0.0,0.14960629921259844,1.0,0.14960629921259844,0.0
2026-01-16T22:50:21.848248,interface,0.5669291338582677,1.0,0.2992125984251969,0.0,0.14960629921259844,1.0,0.14960629921259844,0.0
2026-01-16T22:50:21.849686,interface,0.4330708661417323,1.0,0.2992125984251969,0.0,0.14960629921259844,1.0,0.14960629921259844,0.0
2026-01-16T22:50:21.856317,interface,0.5669291338582677,1.0,0.2992125984251969,0.0,0.14960629921259844,1.0,0.14960629921259844,0.0
2026-01-16T22:50:21.945329,interface,0.47244094488188976,1.0,0.2992125984251969,0.0,0.14960629921259844,1.0,0.14960629921259844,0.0
2026-01-16T22:50:21.969520,interface,0.3779527559055118,1.0,0.2992125984251969,0.0,0.14960629921259844,1.0,0.14960629921259844,0.0
2026-01-16T22:50:22.065340,interface,0.5669291338582677,1.0,0.2992125984251969,0.0,0.14960629921259844,1.0,0.14960629921259844,0.0
2026-01-16T22:50:22.158258,interface,0.47244094488188976,1.0,0.2992125984251969,0.0,0.14960629921259844,1.0,0.14960629921259844,0.0
2026-01-16T22:50:22.172018,interface,0.3779527559055118,1.0,0.2992125984251969,0.0,0.14960629921259844,1.0,0.14960629921259844,0.0
2026-01-16T22:50:22.173362,interface,0.47244094488188976,1.0,0.2992125984251969,0.0,0.14960629921259844,1.0,0.14960629921259844,0.0
2026-01-16T22:50:22.250741,interface,0.5275590551181102,1.0,0.2992125984251969,0.0,0.14960629921259844,1.0,0.14960629921259844,0.0
2026-01-16T22:50:22.294638,interface,0.5669291338582677,1.0,0.2992125984251969,0.0,0.14960629921259844,1.0,0.14960629921259844,0.0
2026-01-16T22:50:22.395882,interface,0.3779527559055118,1.0,0.2992125984251969,0.0,0.14960629921259844,1.0,0.14960629921259844,0.0
2026-01-16T22:50:22.453240,interface,0.5275590551181102,1.0,0.2992125984251969,0.0,0.14960629921259844,1.0,0.14960629921259844,0.0
2026-01-16T22:50:22.499852,interface,0.5669291338582677,1.0,0.2992125984251969,0.0,0.14960629921259844,1.0,0.14960629921259844,0.0
2026-01-16T22:50:22.533860,interface,0.47244094488188976,1.0,0.2992125984251969,0.0,0.14960629921259844,1.0,0.14960629921259844,0.0
2026-01-16T22:50:22.619166,interface,0.3779527559055118,1.0,0.2992125984251969,0.0,0.14960629921259844,1.0,0.14960629921259844,0.0
2026-01-16T22:50:22.658980,interface,0.5275590551181102,1.0,0.2992125984251969,0.0,0.14960629921259844,1.0,0.14960629921259844,0.0
2026-01-16T22:50:22.722158,interface,0.5669291338582677,1.0,0.2992125984251969,0.0,0.14960629921259844,1.0,0.14960629921259844,0.0
2026-01-16T22:50:22.835313,interface,0.3779527559055118,1.0,0.2992125984251969,0.0,0.14960629921259844,1.0,0.14960629921259844,0.0
2026-01-16T22:50:22.844124,interface,0.5511811023622047,1.0,0.2992125984251969,0.0,0.14960629921259844,1.0,0.14960629921259844,0.0
2026-01-16T22:50:22.852586,interface,0.5275590551181102,1.0,0.2992125984251969,0.0,0.14960629921259844,1.0,0.14960629921259844,0.0
2026-01-16T22:50:22.885767,interface,0.5275590551181102,1.0,0.2992125984251969,0.0,0.14960629921259844,1.0,0.14960629921259844,0.0
2026-01-16T22:50:22.909147,interface,0.47244094488188976,1.0,0.2992125984251969,0.0,0.14960629921259844,1.0,0.14960629921259844,0.0
2026-01-16T22:50:22.945872,interface,0.5669291338582677,1.0,0.2992125984251969,0.0,0.14960629921259844,1.0,0.14960629921259844,0.0
2026-01-16T22:50:23.041309,interface,0.5275590551181102,1.0,0.2992125984251969,0.0,0.14960629921259844,1.0,0.14960629921259844,0.0
2026-01-16T22:50:23.054685,interface,0.3779527559055118,1.0,0.2992125984251969,0.0,0.14960629921259844,1.0,0.14960629921259844,0.0
2026-01-16T22:50:23.056088,interface,0.5275590551181102,1.0,0.2992125984251969,0.0,0.14960629921259844,1.0,0.14960629921259844,0.0
2026-01-16T22:50:23.099929,interface,0.47244094488188976,1.0,0.2992125984251969,0.0,0.14960629921259844,1.0,0.14960629921259844,0.0
2026-01-16T22:50:23.171780,interface,0.5669291338582677,1.0,0.2992125984251969,0.0,0.14960629921259844,1.0,0.14960629921259844,0.0
2026-01-16T22:50:23.221309,interface,0.5275590551181102,1.0,0.2992125984251969,0.0,0.14960629921259844,1.0,0.14960629921259844,0.0
2026-01-16T22:50:23.274698,interface,0.3779527559055118,1.0,0.2992125984251969,0.0,0.14960629921259844,1.0,0.14960629921259844,0.0
2026-01-16T22:50:23.287106,interface,0.47244094488188976,1.0,0.2992125984251969,0.0,0.14960629921259844,1.0,0.14960629921259844,0.0
2026-01-16T22:50:23.288544,interface,0.3779527559055118,1.0,0.2992125984251969,0.0,0.14960629921259844,1.0,0.14960629921259844,0.0
2026-01-16T22:50:23.385942,interface,0.5669291338582677,1.0,0.2992125984251969,0.0,0.14960629921259844,1.0,0.14960629921259844,0.0
2026-01-16T22:50:23.403344,interface,0.5275590551181102,1.0,0.2992125984251969,0.0,0.14960629921259844,1.0,0.14960629921259844,0.0
2026-01-16T22:50:23.478736,interface,0.47244094488188976,1.0,0.2992125984251969,0.0,0.14960629921259844,1.0,0.14960629921259844,0.0
2026-01-16T22:50:23.492593,interface,0.3779527559055118,1.0,0.2992125984251969,0.0,0.14960629921259844,1.0,0.14960629921259844,0.0
2026-01-16T22:50:23.513370,interface,0.3779527559055118,1.0,0.2992125984251969,0.0,0.14960629921259844,1.0,0.14960629921259844,0.0
2026-01-16T22:50:23.583523,interface,0.5275590551181102,1.0,0.2992125984251969,0.0,0.14960629921259844,1.0,0.14960629921259844,0.0
2026-01-16T22:50:23.650452,interface,0.47244094488188976,1.0,0.2992125984251969,0.0,0.14960629921259844,1.0,0.14960629921259844,0.0
2026-01-16T22:50:23.709852,interface,0.4330708661417323,1.0,0.2992125984251969,0.0,0.14960629921259844,1.0,0.14960629921259844,0.0
2026-01-16T22:50:23.771061,interface,0.5275590551181102,1.0,0.2992125984251969,0.0,0.14960629921259844,1.0,0.14960629921259844,0.0
2026-01-16T22:50:23.771770,interface,0.6220472440944882,1.0,0.2992125984251969,0.0,0.14960629921259844,1.0,0.14960629921259844,0.0
2026-01-16T22:50:23.784539,interface,0.5275590551181102,1.0,0.2992125984251969,0.0,0.14960629921259844,1.0,0.14960629921259844,0.0
2026-01-16T22:50:23.966148,interface,0.5275590551181102,1.0,0.2992125984251969,0.0,0.14960629921259844,1.0,0.14960629921259844,0.0
2026-01-16T22:50:23.966903,interface,0.6220472440944882,1.0,0.2992125984251969,0.0,0.14960629921259844,1.0,0.14960629921259844,0.0
2026-01-16T22:50:23.999984,interface,0.5275590551181102,1.0,0.2992125984251969,0.0,0.14960629921259844,1.0,0.14960629921259844,0.0
2026-01-16T22:50:24.042958,interface,0.47244094488188976,1.0,0.2992125984251969,0.0,0.14960629921259844,1.0,0.14960629921259844,0.0
2026-01-16T22:50:24.082692,interface,0.4330708661417323,1.0,0.2992125984251969,0.0,0.14960629921259844,1.0,0.14960629921259844,0.0
2026-01-16T22:50:24.161596,interface,0.5275590551181102,1.0,0.2992125984251969,0.0,0.14960629921259844,1.0,0.14960629921259844,0.0
2026-01-16T22:50:24.170580,interface,0.6220472440944882,1.0,0.2992125984251969,0.0,0.14960629921259844,1.0,0.14960629921259844,0.0
2026-01-16T22:50:24.172104,interface,0.5275590551181102,1.0,0.2992125984251969,0.0,0.14960629921259844,1.0,0.14960629921259844,0.0
2026-01-16T22:50:24.231009,interface,0.47244094488188976,1.0,0.2992125984251969,0.0,0.14960629921259844,1.0,0.14960629921259844,0.0
2026-01-16T22:50:24.291299,interface,0.4330708661417323,1.0,0.2992125984251969,0.0,0.14960629921259844,1.0,0.14960629921259844,0.0
2026-01-16T22:50:24.349656,interface,0.5275590551181102,1.0,0.2992125984251969,0.0,0.14960629921259844,1.0,0.14960629921259844,0.0
2026-01-16T22:50:24.377127,interface,0.6220472440944882,1.0,0.2992125984251969,0.0,0.14960629921259844,1.0,0.14960629921259844,0.0
2026-01-16T22:50:24.405361,interface,0.47244094488188976,1.0,0.2992125984251969,0.0,0.14960629921259844,1.0,0.14960629921259844,0.0
2026-01-16T22:50:24.602065,interface,0.6614173228346457,1.0,0.2992125984251969,0.0,0.14960629921259844,1.0,0.14960629921259844,0.0
2026-01-16T22:50:24.635700,interface,0.47244094488188976,1.0,0.2992125984251969,0.0,0.14960629921259844,1.0,0.14960629921259844,0.0
2026-01-16T22:50:24.715583,interface,0.6614173228346457,1.0,0.2992125984251969,0.0,0.14960629921259844,1.0,0.14960629921259844,0.0
2026-01-16T22:50:24.881771,interface,0.6535433070866141,1.0,0.2992125984251969,0.0,0.14960629921259844,1.0,0.14960629921259844,0.0
2026-01-16T22:50:25.275740,interface,0.2440944881889764,1.0,0.2992125984251969,0.0,0.14960629921259844,1.0,0.14960629921259844,0.0
2026-01-16T22:50:25.588270,interface,0.47244094488188976,1.0,0.2992125984251969,0.0,0.14960629921259844,1.0,0.14960629921259844,0.0
2026-01-16T22:50:25.610513,interface,0.023622047244094488,1.0,0.2992125984251969,0.0,0.14960629921259844,1.0,0.14960629921259844,0.0
2026-01-16T22:50:26.086299,interface,0.5669291338582677,1.0,0.2992125984251969,0.0,0.14960629921259844,1.0,0.14960629921259844,0.0
2026-01-16T22:50:27.892930,interface,0.5984251968503937,1.0,0.2992125984251969,0.0,0.14960629921259844,1.0,0.14960629921259844,0.0
2026-01-16T22:50:27.928610,interface,0.5669291338582677,1.0,0.2992125984251969,0.0,0.14960629921259844,1.0,0.14960629921259844,0.0
2026-01-16T22:50:28.015877,interface,0.5826771653543307,1.0,0.2992125984251969,0.0,0.14960629921259844,1.0,0.14960629921259844,0.0
2026-01-16T22:50:28.578847,interface,0.5669291338582677,1.0,0.2992125984251969,0.0,0.14960629921259844,1.0,0.14960629921259844,0.0
2026-01-16T22:50:28.655298,interface,0.5748031496062992,1.0,0.2992125984251969,0.0,0.14960629921259844,1.0,0.14960629921259844,0.0
2026-01-16T22:50:28.731566,interface,0.5826771653543307,1.0,0.2992125984251969,0.0,0.14960629921259844,1.0,0.14960629921259844,0.0
2026-01-16T22:50:30.121685,interface,0.5826771653543307,1.0,0.2992125984251969,0.0,0.14960629921259844,1.0,0.14960629921259844,0.0
2026-01-16T22:50:30.169270,interface,0.5826771653543307,1.0,0.2992125984251969,0.0,0.14960629921259844,0.9921259842519685,0.14960629921259844,0.0
2026-01-16T22:50:30.202851,interface,0.5826771653543307,1.0,0.2992125984251969,0.0,0.14960629921259844,0.984251968503937,0.14960629921259844,0.0
2026-01-16T22:50:30.225346,interface,0.5826771653543307,1.0,0.2992125984251969,0.0,0.14960629921259844,0.984251968503937,0.14960629921259844,0.0
2026-01-16T22:50:30.235851,interface,0.5826771653543307,1.0,0.2992125984251969,0.0,0.14960629921259844,0.9763779527559056,0.14960629921259844,0.0
2026-01-16T22:50:30.248153,interface,0.5826771653543307,1.0,0.2992125984251969,0.0,0.14960629921259844,0.968503937007874,0.14960629921259844,0.0
2026-01-16T22:50:30.249084,interface,0.5826771653543307,1.0,0.2992125984251969,0.0,0.14960629921259844,0.9606299212598425,0.14960629921259844,0.0
2026-01-16T22:50:30.251346,interface,0.5826771653543307,1.0,0.2992125984251969,0.0,0.14960629921259844,0.952755905511811,0.14960629921259844,0.0
2026-01-16T22:50:30.265940,interface,0.5826771653543307,1.0,0.2992125984251969,0.0,0.14960629921259844,0.952755905511811,0.14960629921259844,0.0
2026-01-16T22:50:30.275348,interface,0.5826771653543307,1.0,0.2992125984251969,0.0,0.14960629921259844,0.9448818897637795,0.14960629921259844,0.0
2026-01-16T22:50:30.276086,interface,0.5826771653543307,1.0,0.2992125984251969,0.0,0.14960629921259844,0.937007874015748,0.14960629921259844,0.0
2026-01-16T22:50:30.287366,interface,0.5826771653543307,1.0,0.2992125984251969,0.0,0.14960629921259844,0.9291338582677166,0.14960629921259844,0.0
2026-01-16T22:50:30.295532,interface,0.5826771653543307,1.0,0.2992125984251969,0.0,0.14960629921259844,0.9212598425196851,0.14960629921259844,0.0
2026-01-16T22:50:30.305866,interface,0.5826771653543307,1.0,0.2992125984251969,0.0,0.14960629921259844,0.9133858267716536,0.14960629921259844,0.0
2026-01-16T22:50:30.315645,interface,0.28346456692913385,1.0,0.2992125984251969,0.0,0.14960629921259844,0.9133858267716536,0.14960629921259844,0.0
2026-01-16T22:50:30.317101,interface,0.28346456692913385,1.0,0.2992125984251969,0.0,0.14960629921259844,0.9133858267716536,0.14960629921259844,0.0
2026-01-16T22:50:30.317873,interface,0.28346456692913385,1.0,0.2992125984251969,0.0,0.14960629921259844,0.905511811023622,0.14960629921259844,0.0
2026-01-16T22:50:30.335349,interface,0.28346456692913385,1.0,0.2992125984251969,0.0,0.14960629921259844,0.8976377952755905,0.14960629921259844,0.0
2026-01-16T22:50:30.351359,interface,0.28346456692913385,1.0,0.2992125984251969,0.0,0.14960629921259844,0.8976377952755905,0.14960629921259844,0.0
2026-01-16T22:50:30.367325,interface,0.28346456692913385,1.0,0.2992125984251969,0.0,0.14960629921259844,0.889763779527559,0.14960629921259844,0.0
2026-01-16T22:50:30.383285,interface,0.28346456692913385,1.0,0.2992125984251969,0.0,0.14960629921259844,0.889763779527559,0.14960629921259844,0.0
2026-01-16T22:50:30.407351,interface,0.28346456692913385,1.0,0.2992125984251969,0.0,0.14960629921259844,0.8818897637795275,0.14960629921259844,0.0
2026-01-16T22:50:30.431300,interface,0.28346456692913385,1.0,0.2992125984251969,0.0,0.14960629921259844,0.8740157480314961,0.14960629921259844,0.0
2026-01-16T22:50:30.447259,interface,0.28346456692913385,1.0,0.2992125984251969,0.0,0.14960629921259844,0.8740157480314961,0.14960629921259844,0.0
2026-01-16T22:50:30.463260,interface,0.28346456692913385,1.0,0.2992125984251969,0.0,0.14960629921259844,0.8661417322834646,0.14960629921259844,0.0
2026-01-16T22:50:30.479188,interface,0.28346456692913385,1.0,0.2992125984251969,0.0,0.14960629921259844,0.8582677165354331,0.14960629921259844,0.0
2026-01-16T22:50:30.495263,interface,0.28346456692913385,1.0,0.2992125984251969,0.0,0.14960629921259844,0.8582677165354331,0.14960629921259844,0.0
2026-01-16T22:50:30.515923,interface,0.28346456692913385,1.0,0.2992125984251969,0.0,0.14960629921259844,0.8503937007874016,0.14960629921259844,0.0
2026-01-16T22:50:30.527189,interface,0.28346456692913385,1.0,0.2992125984251969,0.0,0.14960629921259844,0.8503937007874016,0.14960629921259844,0.0
2026-01-16T22:50:30.543264,interface,0.28346456692913385,1.0,0.2992125984251969,0.0,0.14960629921259844,0.84251968503937,0.14960629921259844,0.0
2026-01-16T22:50:30.559268,interface,0.28346456692913385,1.0,0.2992125984251969,0.0,0.14960629921259844,0.8346456692913385,0.14960629921259844,0.0
2026-01-16T22:50:30.583184,interface,0.28346456692913385,1.0,0.2992125984251969,0.0,0.14960629921259844,0.8346456692913385,0.14960629921259844,0.0
2026-01-16T22:50:30.607257,interface,0.28346456692913385,1.0,0.2992125984251969,0.0,0.14960629921259844,0.8267716535433071,0.14960629921259844,0.0
2026-01-16T22:50:30.623253,interface,0.28346456692913385,1.0,0.2992125984251969,0.0,0.14960629921259844,0.8267716535433071,0.14960629921259844,0.0
2026-01-16T22:50:30.647178,interface,0.28346456692913385,1.0,0.2992125984251969,0.0,0.14960629921259844,0.8188976377952756,0.14960629921259844,0.0
2026-01-16T22:50:30.663259,interface,0.28346456692913385,1.0,0.2992125984251969,0.0,0.14960629921259844,0.8188976377952756,0.14960629921259844,0.0
2026-01-16T22:50:30.679262,interface,0.28346456692913385,1.0,0.2992125984251969,0.0,0.14960629921259844,0.8110236220472441,0.14960629921259844,0.0
2026-01-16T22:50:30.703178,interface,0.28346456692913385,1.0,0.2992125984251969,0.0,0.14960629921259844,0.8110236220472441,0.14960629921259844,0.0
2026-01-16T22:50:30.727264,interface,0.28346456692913385,1.0,0.2992125984251969,0.0,0.14960629921259844,0.8031496062992126,0.14960629921259844,0.0
2026-01-16T22:50:30.743252,interface,0.28346456692913385,1.0,0.2992125984251969,0.0,0.14960629921259844,0.7952755905511811,0.14960629921259844,0.0
2026-01-16T22:50:30.759213,interface,0.28346456692913385,1.0,0.2992125984251969,0.0,0.14960629921259844,0.7952755905511811,0.14960629921259844,0.0
2026-01-16T22:50:30.775257,interface,0.28346456692913385,1.0,0.2992125984251969,0.0,0.14960629921259844,0.7874015748031497,0.14960629921259844,0.0
2026-01-16T22:50:30.791294,interface,0.28346456692913385,1.0,0.2992125984251969,0.0,0.14960629921259844,0.7874015748031497,0.14960629921259844,0.0
2026-01-16T22:50:30.815282,interface,0.28346456692913385,1.0,0.2992125984251969,0.0,0.14960629921259844,0.7795275590551181,0.14960629921259844,0.0
2026-01-16T22:50:30.831279,interface,0.28346456692913385,1.0,0.2992125984251969,0.0,0.14960629921259844,0.7795275590551181,0.14960629921259844,0.0
2026-01-16T22:50:30.847255,interface,0.28346456692913385,1.0,0.2992125984251969,0.0,0.14960629921259844,0.7716535433070866,0.14960629921259844,0.0
2026-01-16T22:50:30.863184,interface,0.28346456692913385,1.0,0.2992125984251969,0.0,0.14960629921259844,0.7637795275590551,0.14960629921259844,0.0
2026-01-16T22:50:30.879252,interface,0.28346456692913385,1.0,0.2992125984251969,0.0,0.14960629921259844,0.7637795275590551,0.14960629921259844,0.0
2026-01-16T22:50:30.895254,interface,0.28346456692913385,1.0,0.2992125984251969,0.0,0.14960629921259844,0.7559055118110236,0.14960629921259844,0.0
2026-01-16T22:50:30.911211,interface,0.28346456692913385,1.0,0.2992125984251969,0.0,0.14960629921259844,0.7559055118110236,0.14960629921259844,0.0
2026-01-16T22:50:30.927372,interface,0.28346456692913385,1.0,0.2992125984251969,0.0,0.14960629921259844,0.7480314960629921,0.14960629921259844,0.0
2026-01-16T22:50:30.952805,interface,0.28346456692913385,1.0,0.2992125984251969,0.0,0.14960629921259844,0.7480314960629921,0.14960629921259844,0.0
2026-01-16T22:50:30.967189,interface,0.28346456692913385,1.0,0.2992125984251969,0.0,0.14960629921259844,0.7401574803149606,0.14960629921259844,0.0
2026-01-16T22:50:30.991371,interface,0.28346456692913385,1.0,0.2992125984251969,0.0,0.14960629921259844,0.7322834645669292,0.14960629921259844,0.0
2026-01-16T22:50:31.015916,interface,0.28346456692913385,1.0,0.2992125984251969,0.0,0.14960629921259844,0.7322834645669292,0.14960629921259844,0.0
2026-01-16T22:50:31.031303,interface,0.28346456692913385,1.0,0.2992125984251969,0.0,0.14960629921259844,0.7244094488188977,0.14960629921259844,0.0
2026-01-16T22:50:31.047247,interface,0.28346456692913385,1.0,0.2992125984251969,0.0,0.14960629921259844,0.7244094488188977,0.14960629921259844,0.0
2026-01-16T22:50:31.063242,interface,0.28346456692913385,1.0,0.2992125984251969,0.0,0.14960629921259844,0.7165354330708661,0.14960629921259844,0.0
2026-01-16T22:50:31.079166,interface,0.28346456692913385,1.0,0.2992125984251969,0.0,0.14960629921259844,0.7086614173228346,0.14960629921259844,0.0
2026-01-16T22:50:31.103248,interface,0.28346456692913385,1.0,0.2992125984251969,0.0,0.14960629921259844,0.7086614173228346,0.14960629921259844,0.0
2026-01-16T22:50:31.127429,interface,0.28346456692913385,1.0,0.2992125984251969,0.0,0.14960629921259844,0.7007874015748031,0.14960629921259844,0.0
2026-01-16T22:50:31.143193,interface,0.28346456692913385,1.0,0.2992125984251969,0.0,0.14960629921259844,0.7007874015748031,0.14960629921259844,0.0
2026-01-16T22:50:31.167274,interface,0.28346456692913385,1.0,0.2992125984251969,0.0,0.14960629921259844,0.6929133858267716,0.14960629921259844,0.0
2026-01-16T22:50:31.191282,interface,0.28346456692913385,1.0,0.2992125984251969,0.0,0.14960629921259844,0.6850393700787402,0.14960629921259844,0.0
2026-01-16T22:50:31.215165,interface,0.28346456692913385,1.0,0.2992125984251969,0.0,0.14960629921259844,0.6850393700787402,0.14960629921259844,0.0
2026-01-16T22:50:31.239285,interface,0.28346456692913385,1.0,0.2992125984251969,0.0,0.14960629921259844,0.6771653543307087,0.14960629921259844,0.0
2026-01-16T22:50:31.266109,interface,0.28346456692913385,1.0,0.2992125984251969,0.0,0.14960629921259844,0.6771653543307087,0.14960629921259844,0.0
2026-01-16T22:50:31.295227,interface,0.28346456692913385,1.0,0.2992125984251969,0.0,0.14960629921259844,0.6692913385826772,0.14960629921259844,0.0
2026-01-16T22:50:31.319280,interface,0.28346456692913385,1.0,0.2992125984251969,0.0,0.14960629921259844,0.6692913385826772,0.14960629921259844,0.0
2026-01-16T22:50:31.343295,interface,0.28346456692913385,1.0,0.2992125984251969,0.0,0.14960629921259844,0.6614173228346457,0.14960629921259844,0.0
2026-01-16T22:50:31.367183,interface,0.28346456692913385,1.0,0.2992125984251969,0.0,0.14960629921259844,0.6614173228346457,0.14960629921259844,0.0
2026-01-16T22:50:31.399248,interface,0.28346456692913385,1.0,0.2992125984251969,0.0,0.14960629921259844,0.6535433070866141,0.14960629921259844,0.0
2026-01-16T22:50:31.431285,interface,0.28346456692913385,1.0,0.2992125984251969,0.0,0.14960629921259844,0.6535433070866141,0.14960629921259844,0.0
2026-01-16T22:50:31.455191,interface,0.28346456692913385,1.0,0.2992125984251969,0.0,0.14960629921259844,0.6456692913385826,0.14960629921259844,0.0
2026-01-16T22:50:31.495273,interface,0.28346456692913385,1.0,0.2992125984251969,0.0,0.14960629921259844,0.6456692913385826,0.14960629921259844,0.0
2026-01-16T22:50:31.527270,interface,0.28346456692913385,1.0,0.2992125984251969,0.0,0.14960629921259844,0.6377952755905512,0.14960629921259844,0.0
2026-01-16T22:50:31.551327,interface,0.28346456692913385,1.0,0.2992125984251969,0.0,0.14960629921259844,0.6377952755905512,0.14960629921259844,0.0
2026-01-16T22:50:31.583296,interface,0.28346456692913385,1.0,0.2992125984251969,0.0,0.14960629921259844,0.6299212598425197,0.14960629921259844,0.0
2026-01-16T22:50:31.607298,interface,0.28346456692913385,1.0,0.2992125984251969,0.0,0.14960629921259844,0.6220472440944882,0.14960629921259844,0.0
2026-01-16T22:50:31.631256,interface,0.28346456692913385,1.0,0.2992125984251969,0.0,0.14960629921259844,0.6220472440944882,0.14960629921259844,0.0
2026-01-16T22:50:31.663295,interface,0.28346456692913385,1.0,0.2992125984251969,0.0,0.14960629921259844,0.6141732283464567,0.14960629921259844,0.0
2026-01-16T22:50:31.695319,interface,0.28346456692913385,1.0,0.2992125984251969,0.0,0.14960629921259844,0.6141732283464567,0.14960629921259844,0.0
2026-01-16T22:50:31.727239,interface,0.28346456692913385,1.0,0.2992125984251969,0.0,0.14960629921259844,0.6062992125984252,0.14960629921259844,0.0
2026-01-16T22:50:31.751316,interface,0.28346456692913385,1.0,0.2992125984251969,0.0,0.14960629921259844,0.6062992125984252,0.14960629921259844,0.0
2026-01-16T22:50:31.775306,interface,0.28346456692913385,1.0,0.2992125984251969,0.0,0.14960629921259844,0.5984251968503937,0.14960629921259844,0.0
2026-01-16T22:50:31.815341,interface,0.28346456692913385,1.0,0.2992125984251969,0.0,0.14960629921259844,0.5984251968503937,0.14960629921259844,0.0
2026-01-16T22:50:31.871337,interface,0.28346456692913385,1.0,0.2992125984251969,0.0,0.14960629921259844,0.5905511811023622,0.14960629921259844,0.0
2026-01-16T22:50:31.943411,interface,0.28346456692913385,1.0,0.2992125984251969,0.0,0.14960629921259844,0.5905511811023622,0.14960629921259844,0.0
2026-01-16T22:50:31.967345,interface,0.28346456692913385,1.0,0.2992125984251969,0.0,0.14960629921259844,0.5826771653543307,0.14960629921259844,0.0
2026-01-16T22:50:32.007432,interface,0.28346456692913385,1.0,0.2992125984251969,0.0,0.14960629921259844,0.5748031496062992,0.14960629921259844,0.0
2026-01-16T22:50:32.031416,interface,0.28346456692913385,1.0,0.2992125984251969,0.0,0.14960629921259844,0.5748031496062992,0.14960629921259844,0.0
2026-01-16T22:50:32.071388,interface,0.28346456692913385,1.0,0.2992125984251969,0.0,0.14960629921259844,0.5669291338582677,0.14960629921259844,0.0
2026-01-16T22:50:32.087415,interface,0.28346456692913385,1.0,0.2992125984251969,0.0,0.14960629921259844,0.5669291338582677,0.14960629921259844,0.0
2026-01-16T22:50:32.119418,interface,0.28346456692913385,1.0,0.2992125984251969,0.0,0.14960629921259844,0.5590551181102362,0.14960629921259844,0.0
2026-01-16T22:50:32.151608,interface,0.28346456692913385,1.0,0.2992125984251969,0.0,0.14960629921259844,0.5590551181102362,0.14960629921259844,0.0
2026-01-16T22:50:32.183423,interface,0.28346456692913385,1.0,0.2992125984251969,0.0,0.14960629921259844,0.5511811023622047,0.14960629921259844,0.0
2026-01-16T22:50:32.255569,interface,0.28346456692913385,1.0,0.2992125984251969,0.0,0.14960629921259844,0.5511811023622047,0.14960629921259844,0.0
2026-01-16T22:50:32.311493,interface,0.28346456692913385,1.0,0.2992125984251969,0.0,0.14960629921259844,0.5433070866141733,0.14960629921259844,0.0
2026-01-16T22:50:32.383412,interface,0.28346456692913385,1.0,0.2992125984251969,0.0,0.14960629921259844,0.5433070866141733,0.14960629921259844,0.0
2026-01-16T22:50:32.469469,interface,0.28346456692913385,1.0,0.2992125984251969,0.0,0.14960629921259844,0.5354330708661418,0.14960629921259844,0.0
2026-01-16T22:50:32.541474,interface,0.28346456692913385,1.0,0.2992125984251969,0.0,0.14960629921259844,0.5354330708661418,0.14960629921259844,0.0
2026-01-16T22:50:32.589400,interface,0.28346456692913385,1.0,0.2992125984251969,0.0,0.14960629921259844,0.5275590551181102,0.14960629921259844,0.0
2026-01-16T22:50:32.629499,interface,0.28346456692913385,1.0,0.2992125984251969,0.0,0.14960629921259844,0.5275590551181102,0.14960629921259844,0.0
2026-01-16T22:50:32.677512,interface,0.28346456692913385,1.0,0.2992125984251969,0.0,0.14960629921259844,0.5196850393700787,0.14960629921259844,0.0
2026-01-16T22:50:32.717440,interface,0.28346456692913385,1.0,0.2992125984251969,0.0,0.14960629921259844,0.5196850393700787,0.14960629921259844,0.0
2026-01-16T22:50:32.741509,interface,0.28346456692913385,1.0,0.2992125984251969,0.0,0.14960629921259844,0.5118110236220472,0.14960629921259844,0.0
2026-01-16T22:50:32.789494,interface,0.28346456692913385,1.0,0.2992125984251969,0.0,0.14960629921259844,0.5118110236220472,0.14960629921259844,0.0
2026-01-16T22:50:32.829447,interface,0.28346456692913385,1.0,0.2992125984251969,0.0,0.14960629921259844,0.5039370078740157,0.14960629921259844,0.0
2026-01-16T22:50:32.861528,interface,0.28346456692913385,1.0,0.2992125984251969,0.0,0.14960629921259844,0.5039370078740157,0.14960629921259844,0.0
2026-01-16T22:50:32.901547,interface,0.28346456692913385,1.0,0.2992125984251969,0.0,0.14960629921259844,0.49606299212598426,0.14960629921259844,0.0
2026-01-16T22:50:32.941476,interface,0.28346456692913385,1.0,0.2992125984251969,0.0,0.14960629921259844,0.49606299212598426,0.14960629921259844,0.0
2026-01-16T22:50:32.973545,interface,0.28346456692913385,1.0,0.2992125984251969,0.0,0.14960629921259844,0.4881889763779528,0.14960629921259844,0.0
2026-01-16T22:50:33.015808,interface,0.28346456692913385,1.0,0.2992125984251969,0.0,0.14960629921259844,0.4881889763779528,0.14960629921259844,0.0
2026-01-16T22:50:33.045493,interface,0.28346456692913385,1.0,0.2992125984251969,0.0,0.14960629921259844,0.48031496062992124,0.14960629921259844,0.0
2026-01-16T22:50:33.085571,interface,0.28346456692913385,1.0,0.2992125984251969,0.0,0.14960629921259844,0.48031496062992124,0.14960629921259844,0.0
2026-01-16T22:50:33.125566,interface,0.28346456692913385,1.0,0.2992125984251969,0.0,0.14960629921259844,0.47244094488188976,0.14960629921259844,0.0
2026-01-16T22:50:33.157495,interface,0.28346456692913385,1.0,0.2992125984251969,0.0,0.14960629921259844,0.47244094488188976,0.14960629921259844,0.0
2026-01-16T22:50:33.205594,interface,0.28346456692913385,1.0,0.2992125984251969,0.0,0.14960629921259844,0.4645669291338583,0.14960629921259844,0.0
2026-01-16T22:50:33.245590,interface,0.28346456692913385,1.0,0.2992125984251969,0.0,0.14960629921259844,0.4566929133858268,0.14960629921259844,0.0
2026-01-16T22:50:33.293627,interface,0.28346456692913385,1.0,0.2992125984251969,0.0,0.14960629921259844,0.4566929133858268,0.14960629921259844,0.0
2026-01-16T22:50:33.428344,interface,0.28346456692913385,1.0,0.2992125984251969,0.0,0.14960629921259844,0.44881889763779526,0.14960629921259844,0.0
2026-01-16T22:50:33.485561,interface,0.28346456692913385,1.0,0.2992125984251969,0.0,0.14960629921259844,0.44881889763779526,0.14960629921259844,0.0
2026-01-16T22:50:33.517657,interface,0.28346456692913385,1.0,0.2992125984251969,0.0,0.14960629921259844,0.4409448818897638,0.14960629921259844,0.0
2026-01-16T22:50:33.541800,interface,0.28346456692913385,1.0,0.2992125984251969,0.0,0.14960629921259844,0.4409448818897638,0.14960629921259844,0.0
2026-01-16T22:50:33.577740,interface,0.28346456692913385,1.0,0.2992125984251969,0.0,0.14960629921259844,0.4330708661417323,0.14960629921259844,0.0
2026-01-16T22:50:33.597813,interface,0.28346456692913385,1.0,0.2992125984251969,0.0,0.14960629921259844,0.4330708661417323,0.14960629921259844,0.0
2026-01-16T22:50:33.629824,interface,0.28346456692913385,1.0,0.2992125984251969,0.0,0.14960629921259844,0.4251968503937008,0.14960629921259844,0.0
2026-01-16T22:50:33.653747,interface,0.28346456692913385,1.0,0.2992125984251969,0.0,0.14960629921259844,0.4251968503937008,0.14960629921259844,0.0
2026-01-16T22:50:33.685821,interface,0.28346456692913385,1.0,0.2992125984251969,0.0,0.14960629921259844,0.41732283464566927,0.14960629921259844,0.0
2026-01-16T22:50:33.717829,interface,0.28346456692913385,1.0,0.2992125984251969,0.0,0.14960629921259844,0.41732283464566927,0.14960629921259844,0.0
2026-01-16T22:50:33.741761,interface,0.28346456692913385,1.0,0.2992125984251969,0.0,0.14960629921259844,0.4094488188976378,0.14960629921259844,0.0
2026-01-16T22:50:33.773824,interface,0.28346456692913385,1.0,0.2992125984251969,0.0,0.14960629921259844,0.4094488188976378,0.14960629921259844,0.0
2026-01-16T22:50:33.805843,interface,0.28346456692913385,1.0,0.2992125984251969,0.0,0.14960629921259844,0.4015748031496063,0.14960629921259844,0.0
2026-01-16T22:50:33.829758,interface,0.28346456692913385,1.0,0.2992125984251969,0.0,0.14960629921259844,0.4015748031496063,0.14960629921259844,0.0
2026-01-16T22:50:33.861852,interface,0.28346456692913385,1.0,0.2992125984251969,0.0,0.14960629921259844,0.3937007874015748,0.14960629921259844,0.0
2026-01-16T22:50:33.893858,interface,0.28346456692913385,1.0,0.2992125984251969,0.0,0.14960629921259844,0.3937007874015748,0.14960629921259844,0.0
2026-01-16T22:50:33.925789,interface,0.28346456692913385,1.0,0.2992125984251969,0.0,0.14960629921259844,0.3858267716535433,0.14960629921259844,0.0
2026-01-16T22:50:33.965858,interface,0.28346456692913385,1.0,0.2992125984251969,0.0,0.14960629921259844,0.3858267716535433,0.14960629921259844,0.0
2026-01-16T22:50:34.005869,interface,0.28346456692913385,1.0,0.2992125984251969,0.0,0.14960629921259844,0.3779527559055118,0.14960629921259844,0.0
2026-01-16T22:50:34.037816,interface,0.28346456692913385,1.0,0.2992125984251969,0.0,0.14960629921259844,0.3779527559055118,0.14960629921259844,0.0
2026-01-16T22:50:34.093881,interface,0.28346456692913385,1.0,0.2992125984251969,0.0,0.14960629921259844,0.3700787401574803,0.14960629921259844,0.0
2026-01-16T22:50:34.141898,interface,0.28346456692913385,1.0,0.2992125984251969,0.0,0.14960629921259844,0.3700787401574803,0.14960629921259844,0.0
2026-01-16T22:50:34.202726,interface,0.28346456692913385,1.0,0.2992125984251969,0.0,0.14960629921259844,0.36220472440944884,0.14960629921259844,0.0
2026-01-16T22:50:34.227931,interface,0.28346456692913385,1.0,0.2992125984251969,0.0,0.14960629921259844,0.36220472440944884,0.14960629921259844,0.0
2026-01-16T22:50:34.251907,interface,0.28346456692913385,1.0,0.2992125984251969,0.0,0.14960629921259844,0.3543307086614173,0.14960629921259844,0.0
2026-01-16T22:50:34.268008,interface,0.28346456692913385,1.0,0.2992125984251969,0.0,0.14960629921259844,0.3543307086614173,0.14960629921259844,0.0
2026-01-16T22:50:34.291987,interface,0.28346456692913385,1.0,0.2992125984251969,0.0,0.14960629921259844,0.3464566929133858,0.14960629921259844,0.0
2026-01-16T22:50:34.327724,interface,0.28346456692913385,1.0,0.2992125984251969,0.0,0.14960629921259844,0.3464566929133858,0.14960629921259844,0.0
2026-01-16T22:50:34.347934,interface,0.28346456692913385,1.0,0.2992125984251969,0.0,0.14960629921259844,0.33858267716535434,0.14960629921259844,0.0
2026-01-16T22:50:34.363915,interface,0.28346456692913385,1.0,0.2992125984251969,0.0,0.14960629921259844,0.33858267716535434,0.14960629921259844,0.0
2026-01-16T22:50:34.395843,interface,0.28346456692913385,1.0,0.2992125984251969,0.0,0.14960629921259844,0.33070866141732286,0.14960629921259844,0.0
2026-01-16T22:50:34.419921,interface,0.28346456692913385,1.0,0.2992125984251969,0.0,0.14960629921259844,0.3228346456692913,0.14960629921259844,0.0
2026-01-16T22:50:34.443917,interface,0.28346456692913385,1.0,0.2992125984251969,0.0,0.14960629921259844,0.3228346456692913,0.14960629921259844,0.0
2026-01-16T22:50:34.467951,interface,0.28346456692913385,1.0,0.2992125984251969,0.0,0.14960629921259844,0.31496062992125984,0.14960629921259844,0.0
2026-01-16T22:50:34.483924,interface,0.28346456692913385,1.0,0.2992125984251969,0.0,0.14960629921259844,0.31496062992125984,0.14960629921259844,0.0
2026-01-16T22:50:34.515930,interface,0.28346456692913385,1.0,0.2992125984251969,0.0,0.14960629921259844,0.30708661417322836,0.14960629921259844,0.0
2026-01-16T22:50:35.068173,interface,0.28346456692913385,1.0,0.2992125984251969,0.0,0.16535433070866143,0.30708661417322836,0.14960629921259844,0.0
2026-01-16T22:50:35.116129,interface,0.28346456692913385,1.0,0.2992125984251969,0.0,0.1732283464566929,0.30708661417322836,0.14960629921259844,0.0
2026-01-16T22:50:35.212122,interface,0.28346456692913385,1.0,0.2992125984251969,0.0,0.18110236220472442,0.30708661417322836,0.14960629921259844,0.0
2026-01-16T22:50:35.330545,interface,0.28346456692913385,1.0,0.2992125984251969,0.0,0.1889763779527559,0.30708661417322836,0.14960629921259844,0.0
2026-01-16T22:50:35.402169,interface,0.28346456692913385,1.0,0.2992125984251969,0.0,0.1968503937007874,0.30708661417322836,0.14960629921259844,0.0
2026-01-16T22:50:35.490500,interface,0.28346456692913385,1.0,0.2992125984251969,0.0,0.2047244094488189,0.30708661417322836,0.14960629921259844,0.0
2026-01-16T22:50:35.614888,interface,0.28346456692913385,1.0,0.2992125984251969,0.0,0.2125984251968504,0.30708661417322836,0.14960629921259844,0.0
2026-01-16T22:50:35.684917,interface,0.28346456692913385,1.0,0.2992125984251969,0.0,0.2204724409448819,0.30708661417322836,0.14960629921259844,0.0
2026-01-16T22:50:35.738205,interface,0.28346456692913385,1.0,0.2992125984251969,0.0,0.2283464566929134,0.30708661417322836,0.14960629921259844,0.0
2026-01-16T22:50:35.810517,interface,0.28346456692913385,1.0,0.2992125984251969,0.0,0.23622047244094488,0.30708661417322836,0.14960629921259844,0.0
2026-01-16T22:50:35.978261,interface,0.28346456692913385,1.0,0.2992125984251969,0.0,0.23622047244094488,0.30708661417322836,0.14960629921259844,0.0
2026-01-16T22:50:37.166066,interface,0.28346456692913385,1.0,0.2992125984251969,0.0,0.23622047244094488,0.30708661417322836,0.14960629921259844,0.0
2026-01-16T22:50:37.347146,interface,0.28346456692913385,1.0,0.2992125984251969,0.0,0.23622047244094488,0.30708661417322836,0.14960629921259844,0.0
2026-01-16T22:50:37.362371,interface,0.28346456692913385,1.0,0.2992125984251969,0.0,0.2283464566929134,0.30708661417322836,0.14960629921259844,0.0
2026-01-16T22:50:37.521871,interface,0.28346456692913385,1.0,0.2992125984251969,0.0,0.2204724409448819,0.30708661417322836,0.14960629921259844,0.0
2026-01-16T22:50:37.640735,interface,0.28346456692913385,1.0,0.2992125984251969,0.0,0.2125984251968504,0.30708661417322836,0.14960629921259844,0.0
2026-01-16T22:50:37.728384,interface,0.28346456692913385,1.0,0.2992125984251969,0.0,0.2047244094488189,0.30708661417322836,0.14960629921259844,0.0
2026-01-16T22:50:37.816420,interface,0.28346456692913385,1.0,0.2992125984251969,0.0,0.1968503937007874,0.30708661417322836,0.14960629921259844,0.0
2026-01-16T22:50:37.896417,interface,0.28346456692913385,1.0,0.2992125984251969,0.0,0.1889763779527559,0.30708661417322836,0.14960629921259844,0.0
2026-01-16T22:50:37.964891,interface,0.28346456692913385,1.0,0.2992125984251969,0.0,0.18110236220472442,0.30708661417322836,0.14960629921259844,0.0
2026-01-16T22:50:38.008473,interface,0.28346456692913385,1.0,0.2992125984251969,0.0,0.1732283464566929,0.30708661417322836,0.14960629921259844,0.0
2026-01-16T22:50:38.056446,interface,0.28346456692913385,1.0,0.2992125984251969,0.0,0.16535433070866143,0.30708661417322836,0.14960629921259844,0.0
2026-01-16T22:50:38.114910,interface,0.28346456692913385,1.0,0.2992125984251969,0.0,0.15748031496062992,0.30708661417322836,0.14960629921259844,0.0
2026-01-16T22:50:38.184908,interface,0.28346456692913385,1.0,0.2992125984251969,0.0,0.14960629921259844,0.30708661417322836,0.14960629921259844,0.0
2026-01-16T22:50:38.256489,interface,0.28346456692913385,1.0,0.2992125984251969,0.0,0.14173228346456693,0.30708661417322836,0.14960629921259844,0.0
2026-01-16T22:50:38.327864,interface,0.28346456692913385,1.0,0.2992125984251969,0.0,0.13385826771653545,0.30708661417322836,0.14960629921259844,0.0
2026-01-16T22:50:38.376718,interface,0.28346456692913385,1.0,0.2992125984251969,0.0,0.12598425196850394,0.30708661417322836,0.14960629921259844,0.0
2026-01-16T22:50:38.440720,interface,0.28346456692913385,1.0,0.2992125984251969,0.0,0.11811023622047244,0.30708661417322836,0.14960629921259844,0.0
2026-01-16T22:50:38.504918,interface,0.28346456692913385,1.0,0.2992125984251969,0.0,0.11023622047244094,0.30708661417322836,0.14960629921259844,0.0
2026-01-16T22:50:38.555021,interface,0.28346456692913385,1.0,0.2992125984251969,0.0,0.10236220472440945,0.30708661417322836,0.14960629921259844,0.0
2026-01-16T22:50:38.608694,interface,0.28346456692913385,1.0,0.2992125984251969,0.0,0.09448818897637795,0.30708661417322836,0.14960629921259844,0.0
2026-01-16T22:50:38.656712,interface,0.28346456692913385,1.0,0.2992125984251969,0.0,0.08661417322834646,0.30708661417322836,0.14960629921259844,0.0
2026-01-16T22:50:38.696733,interface,0.28346456692913385,1.0,0.2992125984251969,0.0,0.07874015748031496,0.30708661417322836,0.14960629921259844,0.0
2026-01-16T22:50:38.744907,interface,0.28346456692913385,1.0,0.2992125984251969,0.0,0.07086614173228346,0.30708661417322836,0.14960629921259844,0.0
2026-01-16T22:50:38.864757,interface,0.28346456692913385,1.0,0.2992125984251969,0.0,0.06299212598425197,0.30708661417322836,0.14960629921259844,0.0
2026-01-16T22:50:38.976776,interface,0.28346456692913385,1.0,0.2992125984251969,0.0,0.05511811023622047,0.30708661417322836,0.14960629921259844,0.0
2026-01-16T22:50:39.016759,interface,0.28346456692913385,1.0,0.2992125984251969,0.0,0.047244094488188976,0.30708661417322836,0.14960629921259844,0.0
2026-01-16T22:50:39.104915,interface,0.28346456692913385,1.0,0.2992125984251969,0.0,0.03937007874015748,0.30708661417322836,0.14960629921259844,0.0
2026-01-16T22:50:39.128776,interface,0.28346456692913385,1.0,0.2992125984251969,0.0,0.031496062992125984,0.30708661417322836,0.14960629921259844,0.0
2026-01-16T22:50:39.164893,interface,0.28346456692913385,1.0,0.2992125984251969,0.0,0.023622047244094488,0.30708661417322836,0.14960629921259844,0.0
2026-01-16T22:50:39.216756,interface,0.28346456692913385,1.0,0.2992125984251969,0.0,0.015748031496062992,0.30708661417322836,0.14960629921259844,0.0
2026-01-16T22:50:39.256804,interface,0.28346456692913385,1.0,0.2992125984251969,0.0,0.007874015748031496,0.30708661417322836,0.14960629921259844,0.0
2026-01-16T22:50:39.284877,interface,0.28346456692913385,1.0,0.2992125984251969,0.0,0.0,0.30708661417322836,0.14960629921259844,0.0
2026-01-16T22:50:40.906922,interface,0.5748031496062992,1.0,0.2992125984251969,0.0,0.0,0.30708661417322836,0.14960629921259844,0.0
2026-01-16T22:50:40.916863,interface,0.6062992125984252,1.0,0.2992125984251969,0.0,0.0,0.30708661417322836,0.14960629921259844,0.0
2026-01-16T22:50:41.515792,interface,0.5984251968503937,1.0,0.2992125984251969,0.0,0.0,0.30708661417322836,0.14960629921259844,0.0
2026-01-16T22:50:41.884972,interface,0.5669291338582677,1.0,0.2992125984251969,0.0,0.0,0.30708661417322836,0.14960629921259844,0.0
2026-01-16T22:50:42.268892,interface,0.6299212598425197,1.0,0.2992125984251969,0.0,0.0,0.30708661417322836,0.14960629921259844,0.0
2026-01-16T22:50:42.434981,interface,0.5826771653543307,1.0,0.2992125984251969,0.0,0.0,0.30708661417322836,0.14960629921259844,0.0
2026-01-16T22:50:44.386386,interface,0.0,1.0,0.2992125984251969,0.0,0.0,0.30708661417322836,0.14960629921259844,0.0
2026-01-16T22:50:44.974433,interface,0.6062992125984252,1.0,0.2992125984251969,0.0,0.0,0.30708661417322836,0.14960629921259844,0.0
2026-01-16T22:50:45.007329,interface,0.5905511811023622,1.0,0.2992125984251969,0.0,0.0,0.30708661417322836,0.14960629921259844,0.0
2026-01-16T22:50:45.077511,interface,0.5669291338582677,1.0,0.2992125984251969,0.0,0.0,0.30708661417322836,0.14960629921259844,0.0
2026-01-16T22:50:46.273792,interface,0.5984251968503937,1.0,0.2992125984251969,0.0,0.0,0.30708661417322836,0.14960629921259844,0.0
2026-01-16T22:50:46.347780,interface,0.5354330708661418,1.0,0.2992125984251969,0.0,0.0,0.30708661417322836,0.14960629921259844,0.0
2026-01-16T22:50:46.416794,interface,0.5433070866141733,1.0,0.2992125984251969,0.0,0.0,0.30708661417322836,0.14960629921259844,0.0
2026-01-16T22:50:47.195870,interface,0.5669291338582677,1.0,0.2992125984251969,0.0,0.0,0.30708661417322836,0.14960629921259844,0.0
2026-01-16T22:50:47.253809,interface,0.5511811023622047,1.0,0.2992125984251969,0.0,0.0,0.30708661417322836,0.14960629921259844,0.0
2026-01-16T22:50:47.305798,interface,0.5275590551181102,1.0,0.2992125984251969,0.0,0.0,0.30708661417322836,0.14960629921259844,0.0
2026-01-16T22:50:47.783440,interface,0.5590551181102362,1.0,0.2992125984251969,0.0,0.0,0.30708661417322836,0.14960629921259844,0.0
2026-01-16T22:50:47.806242,interface,0.5433070866141733,1.0,0.2992125984251969,0.0,0.0,0.30708661417322836,0.14960629921259844,0.0
2026-01-16T22:50:47.820135,interface,0.5196850393700787,1.0,0.2992125984251969,0.0,0.0,0.30708661417322836,0.14960629921259844,0.0
2026-01-16T22:50:47.917778,interface,0.5118110236220472,1.0,0.2992125984251969,0.0,0.0,0.30708661417322836,0.14960629921259844,0.0
2026-01-16T22:50:48.605881,interface,0.5275590551181102,1.0,0.2992125984251969,0.0,0.0,0.30708661417322836,0.14960629921259844,0.0
2026-01-16T22:50:48.681886,interface,0.49606299212598426,1.0,0.2992125984251969,0.0,0.0,0.30708661417322836,0.14960629921259844,0.0
2026-01-16T22:50:48.773890,interface,0.4881889763779528,1.0,0.2992125984251969,0.0,0.0,0.30708661417322836,0.14960629921259844,0.0
2026-01-16T22:50:49.616148,interface,0.5118110236220472,1.0,0.2992125984251969,0.0,0.0,0.30708661417322836,0.14960629921259844,0.0
2026-01-16T22:50:49.674072,interface,0.48031496062992124,1.0,0.2992125984251969,0.0,0.0,0.30708661417322836,0.14960629921259844,0.0
2026-01-16T22:50:49.756085,interface,0.47244094488188976,1.0,0.2992125984251969,0.0,0.0,0.30708661417322836,0.14960629921259844,0.0
2026-01-16T22:50:51.444643,interface,0.0,1.0,0.2992125984251969,0.0,0.0,0.30708661417322836,0.14960629921259844,0.0
2026-01-16T22:50:58.841766,interface,0.0,1.0,0.2992125984251969,0.0,0.0,0.30708661417322836,0.14960629921259844,0.015748031496062992
2026-01-16T22:50:58.855675,interface,0.0,1.0,0.2992125984251969,0.0,0.0,0.30708661417322836,0.14960629921259844,0.015748031496062992
2026-01-16T22:50:58.856331,interface,0.0,1.0,0.2992125984251969,0.0,0.0,0.30708661417322836,0.14960629921259844,0.023622047244094488
2026-01-16T22:50:58.865748,interface,0.0,1.0,0.2992125984251969,0.0,0.0,0.30708661417322836,0.14960629921259844,0.031496062992125984
2026-01-16T22:50:58.875429,interface,0.0,1.0,0.2992125984251969,0.0,0.0,0.30708661417322836,0.14960629921259844,0.03937007874015748
2026-01-16T22:50:58.885242,interface,0.0,1.0,0.2992125984251969,0.0,0.0,0.30708661417322836,0.14960629921259844,0.047244094488188976
2026-01-16T22:50:58.895134,interface,0.0,1.0,0.2992125984251969,0.0,0.0,0.30708661417322836,0.14960629921259844,0.05511811023622047
2026-01-16T22:50:58.895771,interface,0.0,1.0,0.2992125984251969,0.0,0.0,0.30708661417322836,0.14960629921259844,0.06299212598425197
2026-01-16T22:50:58.905766,interface,0.0,1.0,0.2992125984251969,0.0,0.0,0.30708661417322836,0.14960629921259844,0.07086614173228346
2026-01-16T22:50:58.914688,interface,0.0,1.0,0.2992125984251969,0.0,0.0,0.30708661417322836,0.14960629921259844,0.07874015748031496
2026-01-16T22:50:58.925817,interface,0.0,1.0,0.2992125984251969,0.0,0.0,0.30708661417322836,0.14960629921259844,0.08661417322834646
2026-01-16T22:50:58.935165,interface,0.0,1.0,0.2992125984251969,0.0,0.0,0.30708661417322836,0.14960629921259844,0.09448818897637795
2026-01-16T22:50:58.935803,interface,0.0,1.0,0.2992125984251969,0.0,0.0,0.30708661417322836,0.14960629921259844,0.10236220472440945
2026-01-16T22:50:58.945789,interface,0.0,1.0,0.2992125984251969,0.0,0.0,0.30708661417322836,0.14960629921259844,0.11023622047244094
2026-01-16T22:50:58.954681,interface,0.0,1.0,0.2992125984251969,0.0,0.0,0.30708661417322836,0.14960629921259844,0.11811023622047244
2026-01-16T22:50:58.966023,interface,0.0,1.0,0.2992125984251969,0.0,0.0,0.30708661417322836,0.14960629921259844,0.12598425196850394
2026-01-16T22:50:58.975141,interface,0.0,1.0,0.2992125984251969,0.0,0.0,0.30708661417322836,0.14960629921259844,0.13385826771653545
2026-01-16T22:50:58.975775,interface,0.0,1.0,0.2992125984251969,0.0,0.0,0.30708661417322836,0.14960629921259844,0.14960629921259844
2026-01-16T22:50:58.985770,interface,0.0,1.0,0.2992125984251969,0.0,0.0,0.30708661417322836,0.14960629921259844,0.15748031496062992
2026-01-16T22:50:58.995115,interface,0.0,1.0,0.2992125984251969,0.0,0.0,0.30708661417322836,0.14960629921259844,0.16535433070866143
2026-01-16T22:50:59.005155,interface,0.0,1.0,0.2992125984251969,0.0,0.0,0.30708661417322836,0.14960629921259844,0.1732283464566929
2026-01-16T22:50:59.015997,interface,0.0,1.0,0.2992125984251969,0.0,0.0,0.30708661417322836,0.14960629921259844,0.18110236220472442
2026-01-16T22:50:59.016627,interface,0.0,1.0,0.2992125984251969,0.0,0.0,0.30708661417322836,0.14960629921259844,0.1889763779527559
2026-01-16T22:50:59.025739,interface,0.0,1.0,0.2992125984251969,0.0,0.0,0.30708661417322836,0.14960629921259844,0.1968503937007874
2026-01-16T22:50:59.036464,interface,0.0,1.0,0.2992125984251969,0.0,0.0,0.30708661417322836,0.14960629921259844,0.2047244094488189
2026-01-16T22:50:59.045029,interface,0.0,1.0,0.2992125984251969,0.0,0.0,0.30708661417322836,0.14960629921259844,0.2125984251968504
2026-01-16T22:50:59.054833,interface,0.0,1.0,0.2992125984251969,0.0,0.0,0.30708661417322836,0.14960629921259844,0.2204724409448819
2026-01-16T22:50:59.055461,interface,0.0,1.0,0.2992125984251969,0.0,0.0,0.30708661417322836,0.14960629921259844,0.2283464566929134
2026-01-16T22:50:59.065753,interface,0.0,1.0,0.2992125984251969,0.0,0.0,0.30708661417322836,0.14960629921259844,0.23622047244094488
2026-01-16T22:50:59.077292,interface,0.0,1.0,0.2992125984251969,0.0,0.0,0.30708661417322836,0.14960629921259844,0.2440944881889764
2026-01-16T22:50:59.085029,interface,0.0,1.0,0.2992125984251969,0.0,0.0,0.30708661417322836,0.14960629921259844,0.25984251968503935
2026-01-16T22:50:59.095036,interface,0.0,1.0,0.2992125984251969,0.0,0.0,0.30708661417322836,0.14960629921259844,0.2677165354330709
2026-01-16T22:50:59.095660,interface,0.0,1.0,0.2992125984251969,0.0,0.0,0.30708661417322836,0.14960629921259844,0.2755905511811024
2026-01-16T22:50:59.106335,interface,0.0,1.0,0.2992125984251969,0.0,0.0,0.30708661417322836,0.14960629921259844,0.28346456692913385
2026-01-16T22:50:59.115144,interface,0.0,1.0,0.2992125984251969,0.0,0.0,0.30708661417322836,0.14960629921259844,0.29133858267716534
2026-01-16T22:50:59.125603,interface,0.0,1.0,0.2992125984251969,0.0,0.0,0.30708661417322836,0.14960629921259844,0.2992125984251969
2026-01-16T22:50:59.140419,interface,0.0,1.0,0.2992125984251969,0.0,0.0,0.30708661417322836,0.14960629921259844,0.2992125984251969
2026-01-16T22:50:59.141057,interface,0.0,1.0,0.2992125984251969,0.0,0.0,0.30708661417322836,0.14960629921259844,0.30708661417322836
2026-01-16T22:50:59.141637,interface,0.0,1.0,0.2992125984251969,0.0,0.0,0.30708661417322836,0.14960629921259844,0.31496062992125984
2026-01-16T22:50:59.155678,interface,0.0,1.0,0.2992125984251969,0.0,0.0,0.30708661417322836,0.14960629921259844,0.31496062992125984
2026-01-16T22:50:59.170059,interface,0.0,1.0,0.2992125984251969,0.0,0.0,0.30708661417322836,0.14960629921259844,0.3228346456692913
2026-01-16T22:50:59.185756,interface,0.0,1.0,0.2992125984251969,0.0,0.0,0.30708661417322836,0.14960629921259844,0.33070866141732286
2026-01-16T22:50:59.194900,interface,0.0,1.0,0.2992125984251969,0.0,0.0,0.30708661417322836,0.14960629921259844,0.33858267716535434
2026-01-16T22:50:59.210056,interface,0.0,1.0,0.2992125984251969,0.0,0.0,0.30708661417322836,0.14960629921259844,0.33858267716535434
2026-01-16T22:50:59.225833,interface,0.0,1.0,0.2992125984251969,0.0,0.0,0.30708661417322836,0.14960629921259844,0.3464566929133858
2026-01-16T22:50:59.241740,interface,0.0,1.0,0.2992125984251969,0.0,0.0,0.30708661417322836,0.14960629921259844,0.3543307086614173
2026-01-16T22:50:59.257756,interface,0.0,1.0,0.2992125984251969,0.0,0.0,0.30708661417322836,0.14960629921259844,0.36220472440944884
2026-01-16T22:50:59.265733,interface,0.0,1.0,0.2992125984251969,0.0,0.0,0.30708661417322836,0.14960629921259844,0.36220472440944884
2026-01-16T22:50:59.281731,interface,0.0,1.0,0.2992125984251969,0.0,0.0,0.30708661417322836,0.14960629921259844,0.3700787401574803
2026-01-16T22:50:59.295029,interface,0.0,1.0,0.2992125984251969,0.0,0.0,0.30708661417322836,0.14960629921259844,0.3700787401574803
2026-01-16T22:50:59.295656,interface,0.0,1.0,0.2992125984251969,0.0,0.0,0.30708661417322836,0.14960629921259844,0.3779527559055118
2026-01-16T22:50:59.305750,interface,0.0,1.0,0.2992125984251969,0.0,0.0,0.30708661417322836,0.14960629921259844,0.3779527559055118
2026-01-16T22:50:59.315567,interface,0.0,1.0,0.2992125984251969,0.0,0.0,0.30708661417322836,0.14960629921259844,0.3858267716535433
2026-01-16T22:50:59.327286,interface,0.0,1.0,0.2992125984251969,0.0,0.0,0.30708661417322836,0.14960629921259844,0.3937007874015748
2026-01-16T22:50:59.336359,interface,0.0,1.0,0.2992125984251969,0.0,0.0,0.30708661417322836,0.14960629921259844,0.4015748031496063
2026-01-16T22:50:59.336988,interface,0.0,1.0,0.2992125984251969,0.0,0.0,0.30708661417322836,0.14960629921259844,0.4015748031496063
2026-01-16T22:50:59.345796,interface,0.0,1.0,0.2992125984251969,0.0,0.0,0.30708661417322836,0.14960629921259844,0.4094488188976378
2026-01-16T22:50:59.355043,interface,0.0,1.0,0.2992125984251969,0.0,0.0,0.30708661417322836,0.14960629921259844,0.41732283464566927
2026-01-16T22:50:59.365428,interface,0.0,1.0,0.2992125984251969,0.0,0.0,0.30708661417322836,0.14960629921259844,0.41732283464566927
2026-01-16T22:50:59.375665,interface,0.0,1.0,0.2992125984251969,0.0,0.0,0.30708661417322836,0.14960629921259844,0.4251968503937008
2026-01-16T22:50:59.376288,interface,0.0,1.0,0.2992125984251969,0.0,0.0,0.30708661417322836,0.14960629921259844,0.4251968503937008
2026-01-16T22:50:59.390382,interface,0.0,1.0,0.2992125984251969,0.0,0.0,0.30708661417322836,0.14960629921259844,0.4330708661417323
2026-01-16T22:50:59.391606,interface,0.0,1.0,0.2992125984251969,0.0,0.0,0.30708661417322836,0.14960629921259844,0.4330708661417323
2026-01-16T22:50:59.405499,interface,0.0,1.0,0.2992125984251969,0.0,0.0,0.30708661417322836,0.14960629921259844,0.4409448818897638
2026-01-16T22:50:59.415614,interface,0.0,1.0,0.2992125984251969,0.0,0.0,0.30708661417322836,0.14960629921259844,0.4409448818897638
2026-01-16T22:50:59.416236,interface,0.0,1.0,0.2992125984251969,0.0,0.0,0.30708661417322836,0.14960629921259844,0.44881889763779526
2026-01-16T22:50:59.436034,interface,0.0,1.0,0.2992125984251969,0.0,0.0,0.30708661417322836,0.14960629921259844,0.4566929133858268
2026-01-16T22:50:59.452479,interface,0.0,1.0,0.2992125984251969,0.0,0.0,0.30708661417322836,0.14960629921259844,0.4566929133858268
2026-01-16T22:50:59.465853,interface,0.0,1.0,0.2992125984251969,0.0,0.0,0.30708661417322836,0.14960629921259844,0.4645669291338583
2026-01-16T22:50:59.481783,interface,0.0,1.0,0.2992125984251969,0.0,0.0,0.30708661417322836,0.14960629921259844,0.47244094488188976
2026-01-16T22:50:59.497757,interface,0.0,1.0,0.2992125984251969,0.0,0.0,0.30708661417322836,0.14960629921259844,0.47244094488188976
2026-01-16T22:50:59.521764,interface,0.0,1.0,0.2992125984251969,0.0,0.0,0.30708661417322836,0.14960629921259844,0.48031496062992124
2026-01-16T22:50:59.537757,interface,0.0,1.0,0.2992125984251969,0.0,0.0,0.30708661417322836,0.14960629921259844,0.4881889763779528
2026-01-16T22:50:59.553775,interface,0.0,1.0,0.2992125984251969,0.0,0.0,0.30708661417322836,0.14960629921259844,0.4881889763779528
2026-01-16T22:50:59.565057,interface,0.0,1.0,0.2992125984251969,0.0,0.0,0.30708661417322836,0.14960629921259844,0.49606299212598426
2026-01-16T22:50:59.577329,interface,0.0,1.0,0.2992125984251969,0.0,0.0,0.30708661417322836,0.14960629921259844,0.5039370078740157
2026-01-16T22:50:59.577975,interface,0.0,1.0,0.2992125984251969,0.0,0.0,0.30708661417322836,0.14960629921259844,0.5039370078740157
2026-01-16T22:50:59.593791,interface,0.0,1.0,0.2992125984251969,0.0,0.0,0.30708661417322836,0.14960629921259844,0.5118110236220472
2026-01-16T22:50:59.610058,interface,0.0,1.0,0.2992125984251969,0.0,0.0,0.30708661417322836,0.14960629921259844,0.5196850393700787
2026-01-16T22:50:59.617783,interface,0.0,1.0,0.2992125984251969,0.0,0.0,0.30708661417322836,0.14960629921259844,0.5196850393700787
2026-01-16T22:50:59.625770,interface,0.0,1.0,0.2992125984251969,0.0,0.0,0.30708661417322836,0.14960629921259844,0.5275590551181102
2026-01-16T22:50:59.635094,interface,0.0,1.0,0.2992125984251969,0.0,0.0,0.30708661417322836,0.14960629921259844,0.5275590551181102
2026-01-16T22:50:59.650028,interface,0.0,1.0,0.2992125984251969,0.0,0.0,0.30708661417322836,0.14960629921259844,0.5354330708661418
2026-01-16T22:51:00.050047,interface,0.0,1.0,0.2992125984251969,0.0,0.0,0.30708661417322836,0.14960629921259844,0.5354330708661418
2026-01-16T22:51:00.065857,interface,0.0,1.0,0.2992125984251969,0.0,0.0,0.30708661417322836,0.14960629921259844,0.5433070866141733
2026-01-16T22:51:00.072257,interface,0.0,1.0,0.2992125984251969,0.0,0.0,0.30708661417322836,0.14960629921259844,0.5511811023622047
2026-01-16T22:51:00.085900,interface,0.0,1.0,0.2992125984251969,0.0,0.0,0.30708661417322836,0.14960629921259844,0.5590551181102362
2026-01-16T22:51:00.097858,interface,0.0,1.0,0.2992125984251969,0.0,0.0,0.30708661417322836,0.14960629921259844,0.5669291338582677
2026-01-16T22:51:00.113865,interface,0.0,1.0,0.2992125984251969,0.0,0.0,0.30708661417322836,0.14960629921259844,0.5669291338582677
2026-01-16T22:51:00.536060,interface,0.0,1.0,0.2992125984251969,0.0,0.0,0.30708661417322836,0.14960629921259844,0.5748031496062992
2026-01-16T22:51:00.568025,interface,0.0,1.0,0.2992125984251969,0.0,0.0,0.30708661417322836,0.14960629921259844,0.5748031496062992
2026-01-16T22:51:00.584010,interface,0.0,1.0,0.2992125984251969,0.0,0.0,0.30708661417322836,0.14960629921259844,0.5826771653543307
2026-01-16T22:51:00.600081,interface,0.0,1.0,0.2992125984251969,0.0,0.0,0.30708661417322836,0.14960629921259844,0.5905511811023622
2026-01-16T22:51:00.607968,interface,0.0,1.0,0.2992125984251969,0.0,0.0,0.30708661417322836,0.14960629921259844,0.5984251968503937
2026-01-16T22:51:00.615982,interface,0.0,1.0,0.2992125984251969,0.0,0.0,0.30708661417322836,0.14960629921259844,0.5984251968503937
2026-01-16T22:51:00.624866,interface,0.0,1.0,0.2992125984251969,0.0,0.0,0.30708661417322836,0.14960629921259844,0.6062992125984252
2026-01-16T22:51:00.635031,interface,0.0,1.0,0.2992125984251969,0.0,0.0,0.30708661417322836,0.14960629921259844,0.6062992125984252
2026-01-16T22:51:00.645044,interface,0.0,1.0,0.2992125984251969,0.0,0.0,0.30708661417322836,0.14960629921259844,0.6141732283464567
2026-01-16T22:51:00.645687,interface,0.0,1.0,0.2992125984251969,0.0,0.0,0.30708661417322836,0.14960629921259844,0.6220472440944882
2026-01-16T22:51:01.624461,interface,0.0,1.0,0.2992125984251969,0.0,0.0,0.30708661417322836,0.14960629921259844,0.6141732283464567
2026-01-16T22:51:01.640358,interface,0.0,1.0,0.2992125984251969,0.0,0.0,0.30708661417322836,0.14960629921259844,0.6062992125984252
2026-01-16T22:51:01.656329,interface,0.0,1.0,0.2992125984251969,0.0,0.0,0.30708661417322836,0.14960629921259844,0.5984251968503937
2026-01-16T22:51:01.665072,interface,0.0,1.0,0.2992125984251969,0.0,0.0,0.30708661417322836,0.14960629921259844,0.5984251968503937
2026-01-16T22:51:01.680337,interface,0.0,1.0,0.2992125984251969,0.0,0.0,0.30708661417322836,0.14960629921259844,0.5905511811023622
2026-01-16T22:51:01.981998,interface,0.0,1.0,0.2992125984251969,0.0,0.0,0.30708661417322836,0.16535433070866143,0.5905511811023622
2026-01-16T22:51:01.982644,interface,0.0,1.0,0.2992125984251969,0.0,0.0,0.30708661417322836,0.16535433070866143,0.5905511811023622
2026-01-16T22:51:01.994820,interface,0.0,1.0,0.2992125984251969,0.0,0.0,0.30708661417322836,0.1732283464566929,0.5905511811023622
2026-01-16T22:51:02.002632,interface,0.0,1.0,0.2992125984251969,0.0,0.0,0.30708661417322836,0.1732283464566929,0.5905511811023622
2026-01-16T22:51:02.015353,interface,0.0,1.0,0.2992125984251969,0.0,0.0,0.30708661417322836,0.18110236220472442,0.5905511811023622
2026-01-16T22:51:02.015994,interface,0.0,1.0,0.2992125984251969,0.0,0.0,0.30708661417322836,0.1889763779527559,0.5905511811023622
2026-01-16T22:51:02.026377,interface,0.0,1.0,0.2992125984251969,0.0,0.0,0.30708661417322836,0.1968503937007874,0.5905511811023622
2026-01-16T22:51:02.035854,interface,0.0,1.0,0.2992125984251969,0.0,0.0,0.30708661417322836,0.2047244094488189,0.5905511811023622
2026-01-16T22:51:02.045073,interface,0.0,1.0,0.2992125984251969,0.0,0.0,0.30708661417322836,0.2125984251968504,0.5905511811023622
2026-01-16T22:51:02.055537,interface,0.0,1.0,0.2992125984251969,0.0,0.0,0.30708661417322836,0.2125984251968504,0.5905511811023622
2026-01-16T22:51:02.056158,interface,0.0,1.0,0.2992125984251969,0.0,0.0,0.30708661417322836,0.2204724409448819,0.5905511811023622
2026-01-16T22:51:02.066380,interface,0.0,1.0,0.2992125984251969,0.0,0.0,0.30708661417322836,0.2204724409448819,0.5905511811023622
2026-01-16T22:51:02.075894,interface,0.0,1.0,0.2992125984251969,0.0,0.0,0.30708661417322836,0.2283464566929134,0.5905511811023622
2026-01-16T22:51:02.084810,interface,0.0,1.0,0.2992125984251969,0.0,0.0,0.30708661417322836,0.23622047244094488,0.5905511811023622
2026-01-16T22:51:02.095423,interface,0.0,1.0,0.2992125984251969,0.0,0.0,0.30708661417322836,0.2440944881889764,0.5905511811023622
2026-01-16T22:51:02.096050,interface,0.0,1.0,0.2992125984251969,0.0,0.0,0.30708661417322836,0.2440944881889764,0.5905511811023622
2026-01-16T22:51:02.106378,interface,0.0,1.0,0.2992125984251969,0.0,0.0,0.30708661417322836,0.25196850393700787,0.5905511811023622
2026-01-16T22:51:02.115005,interface,0.0,1.0,0.2992125984251969,0.0,0.0,0.30708661417322836,0.25196850393700787,0.5905511811023622
2026-01-16T22:51:02.124987,interface,0.0,1.0,0.2992125984251969,0.0,0.0,0.30708661417322836,0.25984251968503935,0.5905511811023622
2026-01-16T22:51:02.134688,interface,0.0,1.0,0.2992125984251969,0.0,0.0,0.30708661417322836,0.2677165354330709,0.5905511811023622
2026-01-16T22:51:02.135311,interface,0.0,1.0,0.2992125984251969,0.0,0.0,0.30708661417322836,0.2677165354330709,0.5905511811023622
2026-01-16T22:51:02.146388,interface,0.0,1.0,0.2992125984251969,0.0,0.0,0.30708661417322836,0.2755905511811024,0.5905511811023622
2026-01-16T22:51:02.156340,interface,0.0,1.0,0.2992125984251969,0.0,0.0,0.30708661417322836,0.28346456692913385,0.5905511811023622
2026-01-16T22:51:02.165536,interface,0.0,1.0,0.2992125984251969,0.0,0.0,0.30708661417322836,0.28346456692913385,0.5905511811023622
2026-01-16T22:51:02.174835,interface,0.0,1.0,0.2992125984251969,0.0,0.0,0.30708661417322836,0.29133858267716534,0.5905511811023622
2026-01-16T22:51:02.175473,interface,0.0,1.0,0.2992125984251969,0.0,0.0,0.30708661417322836,0.2992125984251969,0.5905511811023622
2026-01-16T22:51:02.186406,interface,0.0,1.0,0.2992125984251969,0.0,0.0,0.30708661417322836,0.30708661417322836,0.5905511811023622
2026-01-16T22:51:02.194659,interface,0.0,1.0,0.2992125984251969,0.0,0.0,0.30708661417322836,0.31496062992125984,0.5905511811023622
2026-01-16T22:51:02.205705,interface,0.0,1.0,0.2992125984251969,0.0,0.0,0.30708661417322836,0.3228346456692913,0.5905511811023622
2026-01-16T22:51:02.215009,interface,0.0,1.0,0.2992125984251969,0.0,0.0,0.30708661417322836,0.33070866141732286,0.5905511811023622
2026-01-16T22:51:02.215634,interface,0.0,1.0,0.2992125984251969,0.0,0.0,0.30708661417322836,0.33858267716535434,0.5905511811023622
2026-01-16T22:51:02.226397,interface,0.0,1.0,0.2992125984251969,0.0,0.0,0.30708661417322836,0.3464566929133858,0.5905511811023622
2026-01-16T22:51:02.234678,interface,0.0,1.0,0.2992125984251969,0.0,0.0,0.30708661417322836,0.3543307086614173,0.5905511811023622
2026-01-16T22:51:02.245054,interface,0.0,1.0,0.2992125984251969,0.0,0.0,0.30708661417322836,0.36220472440944884,0.5905511811023622
2026-01-16T22:51:02.255011,interface,0.0,1.0,0.2992125984251969,0.0,0.0,0.30708661417322836,0.3700787401574803,0.5905511811023622
2026-01-16T22:51:02.255647,interface,0.0,1.0,0.2992125984251969,0.0,0.0,0.30708661417322836,0.3779527559055118,0.5905511811023622
2026-01-16T22:51:02.266411,interface,0.0,1.0,0.2992125984251969,0.0,0.0,0.30708661417322836,0.3937007874015748,0.5905511811023622
2026-01-16T22:51:02.276277,interface,0.0,1.0,0.2992125984251969,0.0,0.0,0.30708661417322836,0.4015748031496063,0.5905511811023622
2026-01-16T22:51:02.285030,interface,0.0,1.0,0.2992125984251969,0.0,0.0,0.30708661417322836,0.4094488188976378,0.5905511811023622
2026-01-16T22:51:02.295336,interface,0.0,1.0,0.2992125984251969,0.0,0.0,0.30708661417322836,0.41732283464566927,0.5905511811023622
2026-01-16T22:51:02.295961,interface,0.0,1.0,0.2992125984251969,0.0,0.0,0.30708661417322836,0.4251968503937008,0.5905511811023622
2026-01-16T22:51:02.306410,interface,0.0,1.0,0.2992125984251969,0.0,0.0,0.30708661417322836,0.4409448818897638,0.5905511811023622
2026-01-16T22:51:02.316379,interface,0.0,1.0,0.2992125984251969,0.0,0.0,0.30708661417322836,0.44881889763779526,0.5905511811023622
2026-01-16T22:51:02.325893,interface,0.0,1.0,0.2992125984251969,0.0,0.0,0.30708661417322836,0.4566929133858268,0.5905511811023622
2026-01-16T22:51:02.335364,interface,0.0,1.0,0.2992125984251969,0.0,0.0,0.30708661417322836,0.4645669291338583,0.5905511811023622
2026-01-16T22:51:02.335990,interface,0.0,1.0,0.2992125984251969,0.0,0.0,0.30708661417322836,0.47244094488188976,0.5905511811023622
2026-01-16T22:51:02.346407,interface,0.0,1.0,0.2992125984251969,0.0,0.0,0.30708661417322836,0.48031496062992124,0.5905511811023622
2026-01-16T22:51:02.354997,interface,0.0,1.0,0.2992125984251969,0.0,0.0,0.30708661417322836,0.48031496062992124,0.5905511811023622
2026-01-16T22:51:02.364839,interface,0.0,1.0,0.2992125984251969,0.0,0.0,0.30708661417322836,0.4881889763779528,0.5905511811023622
2026-01-16T22:51:02.374819,interface,0.0,1.0,0.2992125984251969,0.0,0.0,0.30708661417322836,0.49606299212598426,0.5905511811023622
2026-01-16T22:51:02.375440,interface,0.0,1.0,0.2992125984251969,0.0,0.0,0.30708661417322836,0.5039370078740157,0.5905511811023622
2026-01-16T22:51:02.390283,interface,0.0,1.0,0.2992125984251969,0.0,0.0,0.30708661417322836,0.5118110236220472,0.5905511811023622
2026-01-16T22:51:02.390927,interface,0.0,1.0,0.2992125984251969,0.0,0.0,0.30708661417322836,0.5196850393700787,0.5905511811023622
2026-01-16T22:51:02.405014,interface,0.0,1.0,0.2992125984251969,0.0,0.0,0.30708661417322836,0.5275590551181102,0.5905511811023622
2026-01-16T22:51:02.414838,interface,0.0,1.0,0.2992125984251969,0.0,0.0,0.30708661417322836,0.5354330708661418,0.5905511811023622
2026-01-16T22:51:02.415459,interface,0.0,1.0,0.2992125984251969,0.0,0.0,0.30708661417322836,0.5433070866141733,0.5905511811023622
2026-01-16T22:51:02.426428,interface,0.0,1.0,0.2992125984251969,0.0,0.0,0.30708661417322836,0.5511811023622047,0.5905511811023622
2026-01-16T22:51:02.434997,interface,0.0,1.0,0.2992125984251969,0.0,0.0,0.30708661417322836,0.5590551181102362,0.5905511811023622
2026-01-16T22:51:02.445004,interface,0.0,1.0,0.2992125984251969,0.0,0.0,0.30708661417322836,0.5590551181102362,0.5905511811023622
2026-01-16T22:51:02.454967,interface,0.0,1.0,0.2992125984251969,0.0,0.0,0.30708661417322836,0.5669291338582677,0.5905511811023622
2026-01-16T22:51:02.455706,interface,0.0,1.0,0.2992125984251969,0.0,0.0,0.30708661417322836,0.5748031496062992,0.5905511811023622
2026-01-16T22:51:02.466449,interface,0.0,1.0,0.2992125984251969,0.0,0.0,0.30708661417322836,0.5826771653543307,0.5905511811023622
2026-01-16T22:51:02.475346,interface,0.0,1.0,0.2992125984251969,0.0,0.0,0.30708661417322836,0.5905511811023622,0.5905511811023622
2026-01-16T22:51:02.484999,interface,0.0,1.0,0.2992125984251969,0.0,0.0,0.30708661417322836,0.5984251968503937,0.5905511811023622
2026-01-16T22:51:02.495031,interface,0.0,1.0,0.2992125984251969,0.0,0.0,0.30708661417322836,0.6062992125984252,0.5905511811023622
2026-01-16T22:51:02.495665,interface,0.0,1.0,0.2992125984251969,0.0,0.0,0.30708661417322836,0.6141732283464567,0.5905511811023622
2026-01-16T22:51:02.506465,interface,0.0,1.0,0.2992125984251969,0.0,0.0,0.30708661417322836,0.6220472440944882,0.5905511811023622
2026-01-16T22:51:02.514994,interface,0.0,1.0,0.2992125984251969,0.0,0.0,0.30708661417322836,0.6299212598425197,0.5905511811023622
2026-01-16T22:51:02.525801,interface,0.0,1.0,0.2992125984251969,0.0,0.0,0.30708661417322836,0.6377952755905512,0.5905511811023622
2026-01-16T22:51:02.535005,interface,0.0,1.0,0.2992125984251969,0.0,0.0,0.30708661417322836,0.6456692913385826,0.5905511811023622
2026-01-16T22:51:02.535645,interface,0.0,1.0,0.2992125984251969,0.0,0.0,0.30708661417322836,0.6535433070866141,0.5905511811023622
2026-01-16T22:51:02.546452,interface,0.0,1.0,0.2992125984251969,0.0,0.0,0.30708661417322836,0.6692913385826772,0.5905511811023622
2026-01-16T22:51:02.556293,interface,0.0,1.0,0.2992125984251969,0.0,0.0,0.30708661417322836,0.6771653543307087,0.5905511811023622
2026-01-16T22:51:02.564982,interface,0.0,1.0,0.2992125984251969,0.0,0.0,0.30708661417322836,0.6850393700787402,0.5905511811023622
2026-01-16T22:51:02.577278,interface,0.0,1.0,0.2992125984251969,0.0,0.0,0.30708661417322836,0.6929133858267716,0.5905511811023622
2026-01-16T22:51:02.577906,interface,0.0,1.0,0.2992125984251969,0.0,0.0,0.30708661417322836,0.7007874015748031,0.5905511811023622
2026-01-16T22:51:02.586472,interface,0.0,1.0,0.2992125984251969,0.0,0.0,0.30708661417322836,0.7086614173228346,0.5905511811023622
2026-01-16T22:51:02.595573,interface,0.0,1.0,0.2992125984251969,0.0,0.0,0.30708661417322836,0.7165354330708661,0.5905511811023622
2026-01-16T22:51:02.604986,interface,0.0,1.0,0.2992125984251969,0.0,0.0,0.30708661417322836,0.7244094488188977,0.5905511811023622
2026-01-16T22:51:02.615465,interface,0.0,1.0,0.2992125984251969,0.0,0.0,0.30708661417322836,0.7322834645669292,0.5905511811023622
2026-01-16T22:51:02.616097,interface,0.0,1.0,0.2992125984251969,0.0,0.0,0.30708661417322836,0.7401574803149606,0.5905511811023622
2026-01-16T22:51:02.626490,interface,0.0,1.0,0.2992125984251969,0.0,0.0,0.30708661417322836,0.7480314960629921,0.5905511811023622
2026-01-16T22:51:02.640322,interface,0.0,1.0,0.2992125984251969,0.0,0.0,0.30708661417322836,0.7559055118110236,0.5905511811023622
2026-01-16T22:51:02.640963,interface,0.0,1.0,0.2992125984251969,0.0,0.0,0.30708661417322836,0.7716535433070866,0.5905511811023622
2026-01-16T22:51:02.655007,interface,0.0,1.0,0.2992125984251969,0.0,0.0,0.30708661417322836,0.7795275590551181,0.5905511811023622
2026-01-16T22:51:02.655655,interface,0.0,1.0,0.2992125984251969,0.0,0.0,0.30708661417322836,0.7874015748031497,0.5905511811023622
2026-01-16T22:51:02.666790,interface,0.0,1.0,0.2992125984251969,0.0,0.0,0.30708661417322836,0.7952755905511811,0.5905511811023622
2026-01-16T22:51:02.675052,interface,0.0,1.0,0.2992125984251969,0.0,0.0,0.30708661417322836,0.8031496062992126,0.5905511811023622
2026-01-16T22:51:02.684966,interface,0.0,1.0,0.2992125984251969,0.0,0.0,0.30708661417322836,0.8110236220472441,0.5905511811023622
2026-01-16T22:51:02.695321,interface,0.0,1.0,0.2992125984251969,0.0,0.0,0.30708661417322836,0.8110236220472441,0.5905511811023622
2026-01-16T22:51:02.695955,interface,0.0,1.0,0.2992125984251969,0.0,0.0,0.30708661417322836,0.8188976377952756,0.5905511811023622
2026-01-16T22:51:02.706501,interface,0.0,1.0,0.2992125984251969,0.0,0.0,0.30708661417322836,0.8267716535433071,0.5905511811023622
2026-01-16T22:51:02.715908,interface,0.0,1.0,0.2992125984251969,0.0,0.0,0.30708661417322836,0.8267716535433071,0.5905511811023622
2026-01-16T22:51:02.725343,interface,0.0,1.0,0.2992125984251969,0.0,0.0,0.30708661417322836,0.8346456692913385,0.5905511811023622
2026-01-16T22:51:02.738560,interface,0.0,1.0,0.2992125984251969,0.0,0.0,0.30708661417322836,0.84251968503937,0.5905511811023622
2026-01-16T22:51:02.754561,interface,0.0,1.0,0.2992125984251969,0.0,0.0,0.30708661417322836,0.8503937007874016,0.5905511811023622
2026-01-16T22:51:02.770563,interface,0.0,1.0,0.2992125984251969,0.0,0.0,0.30708661417322836,0.8503937007874016,0.5905511811023622
2026-01-16T22:51:02.898588,interface,0.0,1.0,0.2992125984251969,0.0,0.0,0.30708661417322836,0.8503937007874016,0.5905511811023622
2026-01-16T22:51:02.922594,interface,0.0,1.0,0.2992125984251969,0.0,0.0,0.30708661417322836,0.84251968503937,0.5905511811023622
2026-01-16T22:51:02.954572,interface,0.0,1.0,0.2992125984251969,0.0,0.0,0.30708661417322836,0.84251968503937,0.5905511811023622
2026-01-16T22:51:03.055604,interface,0.0,1.0,0.2992125984251969,0.0,0.0,0.30708661417322836,0.8346456692913385,0.5905511811023622
2026-01-16T22:51:03.122589,interface,0.0,1.0,0.2992125984251969,0.0,0.0,0.30708661417322836,0.84251968503937,0.5905511811023622
2026-01-16T22:51:03.135012,interface,0.0,1.0,0.2992125984251969,0.0,0.0,0.30708661417322836,0.8503937007874016,0.5905511811023622
2026-01-16T22:51:03.135663,interface,0.0,1.0,0.2992125984251969,0.0,0.0,0.30708661417322836,0.8503937007874016,0.5905511811023622
2026-01-16T22:51:03.146588,interface,0.0,1.0,0.2992125984251969,0.0,0.0,0.30708661417322836,0.8582677165354331,0.5905511811023622
2026-01-16T22:51:03.154964,interface,0.0,1.0,0.2992125984251969,0.0,0.0,0.30708661417322836,0.8661417322834646,0.5905511811023622
2026-01-16T22:51:03.166364,interface,0.0,1.0,0.2992125984251969,0.0,0.0,0.30708661417322836,0.8740157480314961,0.5905511811023622
2026-01-16T22:51:03.175010,interface,0.0,1.0,0.2992125984251969,0.0,0.0,0.30708661417322836,0.8818897637795275,0.5905511811023622
2026-01-16T22:51:03.175656,interface,0.0,1.0,0.2992125984251969,0.0,0.0,0.30708661417322836,0.8818897637795275,0.5905511811023622
2026-01-16T22:51:03.186605,interface,0.0,1.0,0.2992125984251969,0.0,0.0,0.30708661417322836,0.889763779527559,0.5905511811023622
2026-01-16T22:51:03.195487,interface,0.0,1.0,0.2992125984251969,0.0,0.0,0.30708661417322836,0.8976377952755905,0.5905511811023622
2026-01-16T22:51:03.205314,interface,0.0,1.0,0.2992125984251969,0.0,0.0,0.30708661417322836,0.905511811023622,0.5905511811023622
2026-01-16T22:51:03.215052,interface,0.0,1.0,0.2992125984251969,0.0,0.0,0.30708661417322836,0.905511811023622,0.5905511811023622
2026-01-16T22:51:03.215682,interface,0.0,1.0,0.2992125984251969,0.0,0.0,0.30708661417322836,0.9133858267716536,0.5905511811023622
2026-01-16T22:51:03.234591,interface,0.0,1.0,0.2992125984251969,0.0,0.0,0.30708661417322836,0.9133858267716536,0.5905511811023622
2026-01-16T22:51:03.244831,interface,0.0,1.0,0.2992125984251969,0.0,0.0,0.30708661417322836,0.9212598425196851,0.5905511811023622
2026-01-16T22:51:03.254810,interface,0.0,1.0,0.2992125984251969,0.0,0.0,0.30708661417322836,0.9291338582677166,0.5905511811023622
2026-01-16T22:51:03.255451,interface,0.0,1.0,0.2992125984251969,0.0,0.0,0.30708661417322836,0.9291338582677166,0.5905511811023622
2026-01-16T22:51:03.266590,interface,0.0,1.0,0.2992125984251969,0.0,0.0,0.30708661417322836,0.937007874015748,0.5905511811023622
2026-01-16T22:51:03.274986,interface,0.0,1.0,0.2992125984251969,0.0,0.0,0.30708661417322836,0.9448818897637795,0.5905511811023622
2026-01-16T22:51:03.285858,interface,0.0,1.0,0.2992125984251969,0.0,0.0,0.30708661417322836,0.9448818897637795,0.5905511811023622
2026-01-16T22:51:03.295294,interface,0.0,1.0,0.2992125984251969,0.0,0.0,0.30708661417322836,0.952755905511811,0.5905511811023622
2026-01-16T22:51:03.306610,interface,0.0,1.0,0.2992125984251969,0.0,0.0,0.30708661417322836,0.952755905511811,0.5905511811023622
2026-01-16T22:51:03.390245,interface,0.0,1.0,0.2992125984251969,0.0,0.0,0.30708661417322836,0.952755905511811,0.5905511811023622
2026-01-16T22:51:03.402596,interface,0.0,1.0,0.2992125984251969,0.0,0.0,0.30708661417322836,0.9448818897637795,0.5905511811023622
2026-01-16T22:51:03.418604,interface,0.0,1.0,0.2992125984251969,0.0,0.0,0.30708661417322836,0.9448818897637795,0.5905511811023622
2026-01-16T22:51:03.442605,interface,0.0,1.0,0.2992125984251969,0.0,0.0,0.30708661417322836,0.937007874015748,0.5905511811023622
2026-01-16T22:51:03.458734,interface,0.0,1.0,0.2992125984251969,0.0,0.0,0.30708661417322836,0.937007874015748,0.5905511811023622
2026-01-16T22:51:03.474674,interface,0.0,1.0,0.2992125984251969,0.0,0.0,0.30708661417322836,0.9291338582677166,0.5905511811023622
2026-01-16T22:51:03.498642,interface,0.0,1.0,0.2992125984251969,0.0,0.0,0.30708661417322836,0.9291338582677166,0.5905511811023622
2026-01-16T22:51:03.522606,interface,0.0,1.0,0.2992125984251969,0.0,0.0,0.30708661417322836,0.9212598425196851,0.5905511811023622
2026-01-16T22:51:03.546612,interface,0.0,1.0,0.2992125984251969,0.0,0.0,0.30708661417322836,0.9212598425196851,0.5905511811023622
2026-01-16T22:51:06.029400,interface,0.6220472440944882,1.0,0.2992125984251969,0.0,0.0,0.30708661417322836,0.9212598425196851,0.5905511811023622
2026-01-16T22:51:06.548485,interface,0.6220472440944882,1.0,0.2992125984251969,0.0,0.0,0.30708661417322836,0.9212598425196851,0.5905511811023622
2026-01-16T22:51:10.017878,interface,0.8110236220472441,1.0,0.2992125984251969,0.0,0.0,0.30708661417322836,0.9212598425196851,0.5905511811023622
2026-01-16T22:51:10.689847,interface,0.6220472440944882,1.0,0.2992125984251969,0.0,0.0,0.30708661417322836,0.9212598425196851,0.5905511811023622
2026-01-16T22:51:10.713689,interface,0.6220472440944882,1.0,0.2992125984251969,0.0,0.0,0.30708661417322836,0.9212598425196851,0.5905511811023622
2026-01-16T22:51:10.894696,interface,0.5669291338582677,1.0,0.2992125984251969,0.0,0.0,0.30708661417322836,0.9212598425196851,0.5905511811023622
2026-01-16T22:51:11.492964,interface,0.023622047244094488,1.0,0.2992125984251969,0.0,0.0,0.30708661417322836,0.9212598425196851,0.5905511811023622
2026-01-16T22:51:12.533260,interface,0.6614173228346457,1.0,0.2992125984251969,0.0,0.0,0.30708661417322836,0.9212598425196851,0.5905511811023622
2026-01-16T22:51:13.062622,interface,0.47244094488188976,1.0,0.2992125984251969,0.0,0.0,0.30708661417322836,0.9212598425196851,0.5905511811023622
2026-01-16T22:51:14.304368,interface,0.5984251968503937,1.0,0.2992125984251969,0.0,0.0,0.30708661417322836,0.9212598425196851,0.5905511811023622
2026-01-16T22:51:16.490527,interface,0.5354330708661418,1.0,0.2992125984251969,0.0,0.0,0.30708661417322836,0.9212598425196851,0.5905511811023622
2026-01-16T22:51:17.886552,interface,0.2283464566929134,1.0,0.2992125984251969,0.0,0.0,0.30708661417322836,0.9212598425196851,0.5905511811023622
2026-01-16T22:51:21.809832,interface,0.2283464566929134,1.0,0.2992125984251969,0.0,0.0,0.30708661417322836,0.9212598425196851,0.5984251968503937
2026-01-16T22:51:21.890081,interface,0.2283464566929134,1.0,0.2992125984251969,0.0,0.0,0.30708661417322836,0.9212598425196851,0.6062992125984252
2026-01-16T22:51:22.143464,interface,0.2283464566929134,1.0,0.2992125984251969,0.0,0.0,0.30708661417322836,0.9212598425196851,0.5984251968503937
2026-01-16T22:51:22.154755,interface,0.2283464566929134,1.0,0.2992125984251969,0.0,0.0,0.30708661417322836,0.9212598425196851,0.5905511811023622
2026-01-16T22:51:22.164749,interface,0.2283464566929134,1.0,0.2992125984251969,0.0,0.0,0.30708661417322836,0.9212598425196851,0.5826771653543307
2026-01-16T22:51:22.165389,interface,0.2283464566929134,1.0,0.2992125984251969,0.0,0.0,0.30708661417322836,0.9212598425196851,0.5748031496062992
2026-01-16T22:51:22.176299,interface,0.2283464566929134,1.0,0.2992125984251969,0.0,0.0,0.30708661417322836,0.9212598425196851,0.5590551181102362
2026-01-16T22:51:22.184721,interface,0.2283464566929134,1.0,0.2992125984251969,0.0,0.0,0.30708661417322836,0.9212598425196851,0.5433070866141733
2026-01-16T22:51:22.195797,interface,0.2283464566929134,1.0,0.2992125984251969,0.0,0.0,0.30708661417322836,0.9212598425196851,0.5275590551181102
2026-01-16T22:51:22.204633,interface,0.2283464566929134,1.0,0.2992125984251969,0.0,0.0,0.30708661417322836,0.9212598425196851,0.5118110236220472
2026-01-16T22:51:22.205272,interface,0.2283464566929134,1.0,0.2992125984251969,0.0,0.0,0.30708661417322836,0.9212598425196851,0.49606299212598426
2026-01-16T22:51:22.215583,interface,0.2283464566929134,1.0,0.2992125984251969,0.0,0.0,0.30708661417322836,0.9212598425196851,0.48031496062992124
2026-01-16T22:51:22.224510,interface,0.2283464566929134,1.0,0.2992125984251969,0.0,0.0,0.30708661417322836,0.9212598425196851,0.47244094488188976
2026-01-16T22:51:22.234734,interface,0.2283464566929134,1.0,0.2992125984251969,0.0,0.0,0.30708661417322836,0.9212598425196851,0.44881889763779526
2026-01-16T22:51:22.246116,interface,0.2283464566929134,1.0,0.2992125984251969,0.0,0.0,0.30708661417322836,0.9212598425196851,0.4251968503937008
2026-01-16T22:51:22.246745,interface,0.2283464566929134,1.0,0.2992125984251969,0.0,0.0,0.30708661417322836,0.9212598425196851,0.4015748031496063
2026-01-16T22:51:22.256377,interface,0.2283464566929134,1.0,0.2992125984251969,0.0,0.0,0.30708661417322836,0.9212598425196851,0.3700787401574803
2026-01-16T22:51:22.266423,interface,0.2283464566929134,1.0,0.2992125984251969,0.0,0.0,0.30708661417322836,0.9212598425196851,0.3464566929133858
2026-01-16T22:51:22.275162,interface,0.2283464566929134,1.0,0.2992125984251969,0.0,0.0,0.30708661417322836,0.9212598425196851,0.3228346456692913
2026-01-16T22:51:22.284560,interface,0.2283464566929134,1.0,0.2992125984251969,0.0,0.0,0.30708661417322836,0.9212598425196851,0.2992125984251969
2026-01-16T22:51:22.285191,interface,0.2283464566929134,1.0,0.2992125984251969,0.0,0.0,0.30708661417322836,0.9212598425196851,0.2755905511811024
2026-01-16T22:51:22.296005,interface,0.2283464566929134,1.0,0.2992125984251969,0.0,0.0,0.30708661417322836,0.9212598425196851,0.25196850393700787
2026-01-16T22:51:22.305182,interface,0.2283464566929134,1.0,0.2992125984251969,0.0,0.0,0.30708661417322836,0.9212598425196851,0.2283464566929134
2026-01-16T22:51:22.315174,interface,0.2283464566929134,1.0,0.2992125984251969,0.0,0.0,0.30708661417322836,0.9212598425196851,0.2047244094488189
2026-01-16T22:51:22.327000,interface,0.2283464566929134,1.0,0.2992125984251969,0.0,0.0,0.30708661417322836,0.9212598425196851,0.18110236220472442
2026-01-16T22:51:22.327632,interface,0.2283464566929134,1.0,0.2992125984251969,0.0,0.0,0.30708661417322836,0.9212598425196851,0.14960629921259844
2026-01-16T22:51:22.335636,interface,0.2283464566929134,1.0,0.2992125984251969,0.0,0.0,0.30708661417322836,0.9212598425196851,0.12598425196850394
2026-01-16T22:51:22.344521,interface,0.2283464566929134,1.0,0.2992125984251969,0.0,0.0,0.30708661417322836,0.9212598425196851,0.11023622047244094
2026-01-16T22:51:22.355160,interface,0.2283464566929134,1.0,0.2992125984251969,0.0,0.0,0.30708661417322836,0.9212598425196851,0.08661417322834646
2026-01-16T22:51:22.364558,interface,0.2283464566929134,1.0,0.2992125984251969,0.0,0.0,0.30708661417322836,0.9212598425196851,0.06299212598425197
2026-01-16T22:51:22.365191,interface,0.2283464566929134,1.0,0.2992125984251969,0.0,0.0,0.30708661417322836,0.9212598425196851,0.047244094488188976
2026-01-16T22:51:22.376005,interface,0.2283464566929134,1.0,0.2992125984251969,0.0,0.0,0.30708661417322836,0.9212598425196851,0.031496062992125984
2026-01-16T22:51:22.390014,interface,0.2283464566929134,1.0,0.2992125984251969,0.0,0.0,0.30708661417322836,0.9212598425196851,0.023622047244094488
2026-01-16T22:51:22.390655,interface,0.2283464566929134,1.0,0.2992125984251969,0.0,0.0,0.30708661417322836,0.9212598425196851,0.007874015748031496
2026-01-16T22:51:22.404736,interface,0.2283464566929134,1.0,0.2992125984251969,0.0,0.0,0.30708661417322836,0.9212598425196851,0.0
2026-01-16T22:51:22.405370,interface,0.2283464566929134,1.0,0.2992125984251969,0.0,0.0,0.30708661417322836,0.9212598425196851,0.0
2026-01-16T22:51:25.201914,interface,0.2283464566929134,1.0,0.2992125984251969,0.0,0.0,0.30708661417322836,0.905511811023622,0.0
2026-01-16T22:51:25.203370,interface,0.2283464566929134,1.0,0.2992125984251969,0.0,0.0,0.30708661417322836,0.8976377952755905,0.0
2026-01-16T22:51:25.204695,interface,0.2283464566929134,1.0,0.2992125984251969,0.0,0.0,0.30708661417322836,0.889763779527559,0.0
2026-01-16T22:51:25.216328,interface,0.2283464566929134,1.0,0.2992125984251969,0.0,0.0,0.30708661417322836,0.8818897637795275,0.0
2026-01-16T22:51:25.225033,interface,0.2283464566929134,1.0,0.2992125984251969,0.0,0.0,0.30708661417322836,0.8740157480314961,0.0
2026-01-16T22:51:25.234444,interface,0.2283464566929134,1.0,0.2992125984251969,0.0,0.0,0.30708661417322836,0.8661417322834646,0.0
2026-01-16T22:51:25.244668,interface,0.2283464566929134,1.0,0.2992125984251969,0.0,0.0,0.30708661417322836,0.8582677165354331,0.0
2026-01-16T22:51:25.245301,interface,0.2283464566929134,1.0,0.2992125984251969,0.0,0.0,0.30708661417322836,0.8503937007874016,0.0
2026-01-16T22:51:25.256171,interface,0.2283464566929134,1.0,0.2992125984251969,0.0,0.0,0.30708661417322836,0.84251968503937,0.0
2026-01-16T22:51:25.265485,interface,0.2283464566929134,1.0,0.2992125984251969,0.0,0.0,0.30708661417322836,0.8346456692913385,0.0
2026-01-16T22:51:25.274516,interface,0.2283464566929134,1.0,0.2992125984251969,0.0,0.0,0.30708661417322836,0.8267716535433071,0.0
2026-01-16T22:51:25.284692,interface,0.2283464566929134,1.0,0.2992125984251969,0.0,0.0,0.30708661417322836,0.8188976377952756,0.0
2026-01-16T22:51:25.285330,interface,0.2283464566929134,1.0,0.2992125984251969,0.0,0.0,0.30708661417322836,0.8188976377952756,0.0
2026-01-16T22:51:25.296362,interface,0.2283464566929134,1.0,0.2992125984251969,0.0,0.0,0.30708661417322836,0.8110236220472441,0.0
2026-01-16T22:51:25.304393,interface,0.2283464566929134,1.0,0.2992125984251969,0.0,0.0,0.30708661417322836,0.8031496062992126,0.0
2026-01-16T22:51:25.314978,interface,0.2283464566929134,1.0,0.2992125984251969,0.0,0.0,0.30708661417322836,0.7952755905511811,0.0
2026-01-16T22:51:25.326921,interface,0.2283464566929134,1.0,0.2992125984251969,0.0,0.0,0.30708661417322836,0.7952755905511811,0.0
2026-01-16T22:51:25.327551,interface,0.2283464566929134,1.0,0.2992125984251969,0.0,0.0,0.30708661417322836,0.7874015748031497,0.0
2026-01-16T22:51:25.424179,interface,0.2283464566929134,1.0,0.2992125984251969,0.0,0.0,0.30708661417322836,0.7952755905511811,0.0
2026-01-16T22:51:25.434716,interface,0.2283464566929134,1.0,0.2992125984251969,0.0,0.0,0.30708661417322836,0.8031496062992126,0.0
2026-01-16T22:51:25.444506,interface,0.2283464566929134,1.0,0.2992125984251969,0.0,0.0,0.30708661417322836,0.8110236220472441,0.0
2026-01-16T22:51:25.445137,interface,0.2283464566929134,1.0,0.2992125984251969,0.0,0.0,0.30708661417322836,0.8188976377952756,0.0
2026-01-16T22:51:25.456208,interface,0.2283464566929134,1.0,0.2992125984251969,0.0,0.0,0.30708661417322836,0.8267716535433071,0.0
2026-01-16T22:51:25.465629,interface,0.2283464566929134,1.0,0.2992125984251969,0.0,0.0,0.30708661417322836,0.8346456692913385,0.0
2026-01-16T22:51:25.474653,interface,0.2283464566929134,1.0,0.2992125984251969,0.0,0.0,0.30708661417322836,0.8503937007874016,0.0
2026-01-16T22:51:25.484743,interface,0.2283464566929134,1.0,0.2992125984251969,0.0,0.0,0.30708661417322836,0.8582677165354331,0.0
2026-01-16T22:51:25.485388,interface,0.2283464566929134,1.0,0.2992125984251969,0.0,0.0,0.30708661417322836,0.8740157480314961,0.0
2026-01-16T22:51:25.496197,interface,0.2283464566929134,1.0,0.2992125984251969,0.0,0.0,0.30708661417322836,0.8818897637795275,0.0
2026-01-16T22:51:25.505269,interface,0.2283464566929134,1.0,0.2992125984251969,0.0,0.0,0.30708661417322836,0.889763779527559,0.0
2026-01-16T22:51:25.515295,interface,0.2283464566929134,1.0,0.2992125984251969,0.0,0.0,0.30708661417322836,0.8976377952755905,0.0
2026-01-16T22:51:25.524675,interface,0.2283464566929134,1.0,0.2992125984251969,0.0,0.0,0.30708661417322836,0.905511811023622,0.0
2026-01-16T22:51:25.525311,interface,0.2283464566929134,1.0,0.2992125984251969,0.0,0.0,0.30708661417322836,0.9133858267716536,0.0
2026-01-16T22:51:25.536187,interface,0.2283464566929134,1.0,0.2992125984251969,0.0,0.0,0.30708661417322836,0.9212598425196851,0.0
2026-01-16T22:51:25.545249,interface,0.2283464566929134,1.0,0.2992125984251969,0.0,0.0,0.30708661417322836,0.9212598425196851,0.0
2026-01-16T22:51:25.554650,interface,0.2283464566929134,1.0,0.2992125984251969,0.0,0.0,0.30708661417322836,0.9291338582677166,0.0
2026-01-16T22:51:25.568213,interface,0.2283464566929134,1.0,0.2992125984251969,0.0,0.0,0.30708661417322836,0.9291338582677166,0.0
2026-01-16T22:51:25.584189,interface,0.2283464566929134,1.0,0.2992125984251969,0.0,0.0,0.30708661417322836,0.937007874015748,0.0
2026-01-16T22:51:25.600327,interface,0.2283464566929134,1.0,0.2992125984251969,0.0,0.0,0.30708661417322836,0.937007874015748,0.0
2026-01-16T22:51:25.616264,interface,0.2283464566929134,1.0,0.2992125984251969,0.0,0.0,0.30708661417322836,0.9448818897637795,0.0
2026-01-16T22:51:25.632236,interface,0.2283464566929134,1.0,0.2992125984251969,0.0,0.0,0.30708661417322836,0.952755905511811,0.0
2026-01-16T22:51:25.648214,interface,0.2283464566929134,1.0,0.2992125984251969,0.0,0.0,0.30708661417322836,0.952755905511811,0.0
2026-01-16T22:51:25.672203,interface,0.2283464566929134,1.0,0.2992125984251969,0.0,0.0,0.30708661417322836,0.9606299212598425,0.0
2026-01-16T22:51:25.696228,interface,0.2283464566929134,1.0,0.2992125984251969,0.0,0.0,0.30708661417322836,0.9606299212598425,0.0
2026-01-16T22:51:25.768259,interface,0.2283464566929134,1.0,0.2992125984251969,0.0,0.0,0.30708661417322836,0.968503937007874,0.0
2026-01-16T22:51:25.826914,interface,0.2283464566929134,1.0,0.2992125984251969,0.0,0.0,0.30708661417322836,0.968503937007874,0.0
2026-01-16T22:51:25.969865,interface,0.2283464566929134,1.0,0.2992125984251969,0.0,0.0,0.30708661417322836,0.968503937007874,0.0
2026-01-16T22:51:26.514989,interface,0.5826771653543307,1.0,0.2992125984251969,0.0,0.0,0.30708661417322836,0.968503937007874,0.0
2026-01-16T22:51:30.405095,interface,0.5826771653543307,1.0,0.2992125984251969,0.0,0.0,0.30708661417322836,0.9606299212598425,0.0
2026-01-16T22:51:30.437042,interface,0.5826771653543307,1.0,0.2992125984251969,0.0,0.0,0.30708661417322836,0.9606299212598425,0.0
2026-01-16T22:51:30.476998,interface,0.5826771653543307,1.0,0.2992125984251969,0.0,0.0,0.30708661417322836,0.952755905511811,0.0
2026-01-16T22:51:30.500987,interface,0.5826771653543307,1.0,0.2992125984251969,0.0,0.0,0.30708661417322836,0.952755905511811,0.0
2026-01-16T22:51:30.516962,interface,0.5826771653543307,1.0,0.2992125984251969,0.0,0.0,0.30708661417322836,0.9448818897637795,0.0
2026-01-16T22:51:30.540992,interface,0.5826771653543307,1.0,0.2992125984251969,0.0,0.0,0.30708661417322836,0.937007874015748,0.0
2026-01-16T22:51:30.556986,interface,0.5826771653543307,1.0,0.2992125984251969,0.0,0.0,0.30708661417322836,0.937007874015748,0.0
2026-01-16T22:51:30.576829,interface,0.5826771653543307,1.0,0.2992125984251969,0.0,0.0,0.30708661417322836,0.9291338582677166,0.0
2026-01-16T22:51:30.584273,interface,0.5826771653543307,1.0,0.2992125984251969,0.0,0.0,0.30708661417322836,0.9212598425196851,0.0
2026-01-16T22:51:30.584912,interface,0.5826771653543307,1.0,0.2992125984251969,0.0,0.0,0.30708661417322836,0.9212598425196851,0.0
2026-01-16T22:51:30.596988,interface,0.5826771653543307,1.0,0.2992125984251969,0.0,0.0,0.30708661417322836,0.9133858267716536,0.0
2026-01-16T22:51:30.604997,interface,0.5826771653543307,1.0,0.2992125984251969,0.0,0.0,0.30708661417322836,0.9133858267716536,0.0
2026-01-16T22:51:30.614340,interface,0.5826771653543307,1.0,0.2992125984251969,0.0,0.0,0.30708661417322836,0.905511811023622,0.0
2026-01-16T22:51:30.625063,interface,0.5826771653543307,1.0,0.2992125984251969,0.0,0.0,0.30708661417322836,0.8976377952755905,0.0
2026-01-16T22:51:30.625702,interface,0.5826771653543307,1.0,0.2992125984251969,0.0,0.0,0.30708661417322836,0.8976377952755905,0.0
2026-01-16T22:51:30.645099,interface,0.5826771653543307,1.0,0.2992125984251969,0.0,0.0,0.30708661417322836,0.889763779527559,0.0
2026-01-16T22:51:30.661037,interface,0.5826771653543307,1.0,0.2992125984251969,0.0,0.0,0.30708661417322836,0.8818897637795275,0.0
2026-01-16T22:51:30.669015,interface,0.5826771653543307,1.0,0.2992125984251969,0.0,0.0,0.30708661417322836,0.8818897637795275,0.0
2026-01-16T22:51:30.677002,interface,0.5826771653543307,1.0,0.2992125984251969,0.0,0.0,0.30708661417322836,0.8740157480314961,0.0
2026-01-16T22:51:30.693038,interface,0.5826771653543307,1.0,0.2992125984251969,0.0,0.0,0.30708661417322836,0.8740157480314961,0.0
2026-01-16T22:51:30.704447,interface,0.5826771653543307,1.0,0.2992125984251969,0.0,0.0,0.30708661417322836,0.8661417322834646,0.0
2026-01-16T22:51:30.705086,interface,0.5826771653543307,1.0,0.2992125984251969,0.0,0.0,0.30708661417322836,0.8661417322834646,0.0
2026-01-16T22:51:30.725018,interface,0.5826771653543307,1.0,0.2992125984251969,0.0,0.0,0.30708661417322836,0.8582677165354331,0.0
2026-01-16T22:51:30.741016,interface,0.5826771653543307,1.0,0.2992125984251969,0.0,0.0,0.30708661417322836,0.8503937007874016,0.0
2026-01-16T22:51:30.757043,interface,0.5826771653543307,1.0,0.2992125984251969,0.0,0.0,0.30708661417322836,0.8503937007874016,0.0
2026-01-16T22:51:30.773016,interface,0.5826771653543307,1.0,0.2992125984251969,0.0,0.0,0.30708661417322836,0.84251968503937,0.0
2026-01-16T22:51:30.789023,interface,0.5826771653543307,1.0,0.2992125984251969,0.0,0.0,0.30708661417322836,0.8346456692913385,0.0
2026-01-16T22:51:30.805037,interface,0.5826771653543307,1.0,0.2992125984251969,0.0,0.0,0.30708661417322836,0.8267716535433071,0.0
2026-01-16T22:51:30.814605,interface,0.5826771653543307,1.0,0.2992125984251969,0.0,0.0,0.30708661417322836,0.8267716535433071,0.0
2026-01-16T22:51:30.826806,interface,0.5826771653543307,1.0,0.2992125984251969,0.0,0.0,0.30708661417322836,0.8188976377952756,0.0
2026-01-16T22:51:30.837024,interface,0.5826771653543307,1.0,0.2992125984251969,0.0,0.0,0.30708661417322836,0.8110236220472441,0.0
2026-01-16T22:51:30.853032,interface,0.5826771653543307,1.0,0.2992125984251969,0.0,0.0,0.30708661417322836,0.8110236220472441,0.0
2026-01-16T22:51:30.869027,interface,0.5826771653543307,1.0,0.2992125984251969,0.0,0.0,0.30708661417322836,0.8031496062992126,0.0
2026-01-16T22:51:30.893022,interface,0.5826771653543307,1.0,0.2992125984251969,0.0,0.0,0.30708661417322836,0.7952755905511811,0.0
2026-01-16T22:51:30.909043,interface,0.5826771653543307,1.0,0.2992125984251969,0.0,0.0,0.30708661417322836,0.7952755905511811,0.0
2026-01-16T22:51:30.925055,interface,0.5826771653543307,1.0,0.2992125984251969,0.0,0.0,0.30708661417322836,0.7874015748031497,0.0
2026-01-16T22:51:30.957040,interface,0.5826771653543307,1.0,0.2992125984251969,0.0,0.0,0.30708661417322836,0.7874015748031497,0.0
2026-01-16T22:51:30.997055,interface,0.5826771653543307,1.0,0.2992125984251969,0.0,0.0,0.30708661417322836,0.7795275590551181,0.0
2026-01-16T22:51:31.045057,interface,0.5826771653543307,1.0,0.2992125984251969,0.0,0.0,0.30708661417322836,0.7795275590551181,0.0
2026-01-16T22:51:31.069108,interface,0.5826771653543307,1.0,0.2992125984251969,0.0,0.0,0.30708661417322836,0.7716535433070866,0.0
2026-01-16T22:51:35.174452,interface,0.6220472440944882,1.0,0.2992125984251969,0.0,0.0,0.30708661417322836,0.7716535433070866,0.0
2026-01-16T22:51:36.761192,interface,0.33858267716535434,1.0,0.2992125984251969,0.0,0.0,0.30708661417322836,0.7716535433070866,0.0
2026-01-16T22:51:37.807089,interface,0.2440944881889764,1.0,0.2992125984251969,0.0,0.0,0.30708661417322836,0.7716535433070866,0.0
2026-01-16T22:51:37.867365,interface,0.6220472440944882,1.0,0.2992125984251969,0.0,0.0,0.30708661417322836,0.7716535433070866,0.0
2026-01-16T22:51:37.985799,interface,0.47244094488188976,1.0,0.2992125984251969,0.0,0.0,0.30708661417322836,0.7716535433070866,0.0
2026-01-16T22:51:39.041062,interface,0.5275590551181102,1.0,0.2992125984251969,0.0,0.0,0.30708661417322836,0.7716535433070866,0.0
2026-01-16T22:51:39.070715,interface,0.4330708661417323,1.0,0.2992125984251969,0.0,0.0,0.30708661417322836,0.7716535433070866,0.0
2026-01-16T22:51:39.739127,interface,0.47244094488188976,1.0,0.2992125984251969,0.0,0.0,0.30708661417322836,0.7716535433070866,0.0
2026-01-16T22:51:39.740009,interface,0.4330708661417323,1.0,0.2992125984251969,0.0,0.0,0.30708661417322836,0.7716535433070866,0.0
2026-01-16T22:51:39.740706,interface,0.6220472440944882,1.0,0.2992125984251969,0.0,0.0,0.30708661417322836,0.7716535433070866,0.0
2026-01-16T22:51:39.750250,interface,0.47244094488188976,1.0,0.2992125984251969,0.0,0.0,0.30708661417322836,0.7716535433070866,0.0
2026-01-16T22:51:39.751082,interface,0.4330708661417323,1.0,0.2992125984251969,0.0,0.0,0.30708661417322836,0.7716535433070866,0.0
2026-01-16T22:51:41.993986,interface,0.5275590551181102,1.0,0.2992125984251969,0.0,0.0,0.30708661417322836,0.7716535433070866,0.0
2026-01-16T22:51:42.056231,interface,0.4330708661417323,1.0,0.2992125984251969,0.0,0.0,0.30708661417322836,0.7716535433070866,0.0
2026-01-16T22:51:42.150561,interface,0.28346456692913385,1.0,0.2992125984251969,0.0,0.0,0.30708661417322836,0.7716535433070866,0.0
2026-01-16T22:51:43.202346,interface,0.5669291338582677,1.0,0.2992125984251969,0.0,0.0,0.30708661417322836,0.7716535433070866,0.0
2026-01-16T22:51:43.215231,interface,0.28346456692913385,1.0,0.2992125984251969,0.0,0.0,0.30708661417322836,0.7716535433070866,0.0
2026-01-16T22:51:44.427046,interface,0.3779527559055118,1.0,0.2992125984251969,0.0,0.0,0.30708661417322836,0.7716535433070866,0.0
2026-01-16T22:51:44.854952,interface,0.5669291338582677,1.0,0.2992125984251969,0.0,0.0,0.30708661417322836,0.7716535433070866,0.0
2026-01-16T22:51:45.162884,interface,0.6220472440944882,1.0,0.2992125984251969,0.0,0.0,0.30708661417322836,0.7716535433070866,0.0
2026-01-16T22:51:45.454834,interface,0.4330708661417323,1.0,0.2992125984251969,0.0,0.0,0.30708661417322836,0.7716535433070866,0.0
2026-01-16T22:51:45.833678,interface,0.3779527559055118,1.0,0.2992125984251969,0.0,0.0,0.30708661417322836,0.7716535433070866,0.0
2026-01-16T22:51:46.377365,interface,0.1889763779527559,1.0,0.2992125984251969,0.0,0.0,0.30708661417322836,0.7716535433070866,0.0
2026-01-16T22:51:46.378762,interface,0.7480314960629921,1.0,0.2992125984251969,0.0,0.0,0.30708661417322836,0.7716535433070866,0.0
2026-01-16T22:51:48.747173,interface,0.06299212598425197,1.0,0.2992125984251969,0.0,0.0,0.30708661417322836,0.7716535433070866,0.0
2026-01-16T22:51:48.747981,interface,0.06299212598425197,1.0,0.905511811023622,0.0,0.0,0.30708661417322836,0.7716535433070866,0.0
2026-01-16T22:51:48.817501,interface,0.07086614173228346,1.0,0.905511811023622,0.0,0.0,0.30708661417322836,0.7716535433070866,0.0
2026-01-16T22:51:48.818224,interface,0.07086614173228346,1.0,0.905511811023622,0.952755905511811,0.0,0.30708661417322836,0.7716535433070866,0.0
2026-01-16T22:51:48.828185,interface,0.07086614173228346,1.0,0.905511811023622,0.9448818897637795,0.0,0.30708661417322836,0.7716535433070866,0.0
2026-01-16T22:51:48.829504,interface,0.07086614173228346,1.0,0.905511811023622,0.9448818897637795,0.0,0.30708661417322836,0.7716535433070866,0.0
2026-01-16T22:51:48.903935,interface,0.07086614173228346,1.0,0.905511811023622,0.9448818897637795,0.0,0.30708661417322836,0.7716535433070866,0.0
2026-01-16T22:51:49.433754,interface,1.0,1.0,0.905511811023622,0.9448818897637795,0.0,0.30708661417322836,0.7716535433070866,0.0
2026-01-16T22:51:50.877209,interface,0.3779527559055118,1.0,0.905511811023622,0.9448818897637795,0.0,0.30708661417322836,0.7716535433070866,0.0
2026-01-16T22:51:51.126926,interface,0.3779527559055118,1.0,0.905511811023622,0.9448818897637795,0.0,0.30708661417322836,0.7716535433070866,0.0
2026-01-16T22:51:51.259659,interface,0.3779527559055118,1.0,0.905511811023622,0.9448818897637795,0.0,0.30708661417322836,0.7716535433070866,0.0
2026-01-16T22:51:51.406277,interface,0.3779527559055118,1.0,0.905511811023622,0.9448818897637795,0.0,0.30708661417322836,0.7716535433070866,0.0
2026-01-16T22:51:51.542809,interface,0.3779527559055118,1.0,0.905511811023622,0.9448818897637795,0.0,0.30708661417322836,0.7716535433070866,0.0
2026-01-16T22:51:51.679946,interface,0.3779527559055118,1.0,0.905511811023622,0.9448818897637795,0.0,0.30708661417322836,0.7716535433070866,0.0
2026-01-16T22:51:51.830454,interface,0.3779527559055118,1.0,0.905511811023622,0.9448818897637795,0.0,0.30708661417322836,0.7716535433070866,0.0
2026-01-16T22:51:52.081185,interface,0.3779527559055118,1.0,0.905511811023622,0.9448818897637795,0.0,0.30708661417322836,0.7716535433070866,0.0
2026-01-16T22:51:52.361895,interface,0.3779527559055118,1.0,0.905511811023622,0.9448818897637795,0.0,0.30708661417322836,0.7716535433070866,0.0
2026-01-16T22:51:54.259631,interface,0.6614173228346457,1.0,0.905511811023622,0.9448818897637795,0.0,0.30708661417322836,0.7716535433070866,0.0
2026-01-16T22:51:57.597266,interface,0.6614173228346457,1.0,0.905511811023622,0.9448818897637795,0.0,0.30708661417322836,0.7716535433070866,0.0
2026-01-16T22:51:57.759362,interface,0.6614173228346457,1.0,0.905511811023622,0.9448818897637795,0.0,0.30708661417322836,0.7716535433070866,0.0
2026-01-16T22:51:58.425027,interface,0.6614173228346457,1.0,0.905511811023622,0.9448818897637795,0.0,0.30708661417322836,0.7716535433070866,0.0
2026-01-16T22:51:58.503980,interface,0.6614173228346457,1.0,0.905511811023622,0.9448818897637795,0.0,0.30708661417322836,0.7716535433070866,0.0
2026-01-16T22:51:58.593791,interface,0.6614173228346457,1.0,0.905511811023622,0.9448818897637795,0.0,0.30708661417322836,0.7716535433070866,0.0
2026-01-16T22:51:58.814051,interface,0.6614173228346457,1.0,0.905511811023622,0.9448818897637795,0.0,0.30708661417322836,0.7716535433070866,0.0
2026-01-16T22:51:59.040217,interface,0.6614173228346457,1.0,0.905511811023622,0.9448818897637795,0.0,0.30708661417322836,0.7716535433070866,0.0
2026-01-16T22:51:59.120706,interface,0.6614173228346457,1.0,0.905511811023622,0.9448818897637795,0.0,0.30708661417322836,0.7716535433070866,0.0
2026-01-16T22:51:59.205441,interface,0.6614173228346457,1.0,0.905511811023622,0.9448818897637795,0.0,0.30708661417322836,0.7716535433070866,0.0
2026-01-16T22:51:59.279673,interface,0.6614173228346457,1.0,0.905511811023622,0.9448818897637795,0.0,0.30708661417322836,0.7716535433070866,0.0
2026-01-16T22:51:59.362515,interface,0.6614173228346457,1.0,0.905511811023622,0.9448818897637795,0.0,0.30708661417322836,0.7716535433070866,0.0
2026-01-16T22:51:59.525224,interface,0.6614173228346457,1.0,0.905511811023622,0.9448818897637795,0.0,0.30708661417322836,0.7716535433070866,0.0
2026-01-16T22:51:59.611372,interface,0.6614173228346457,1.0,0.905511811023622,0.9448818897637795,0.0,0.30708661417322836,0.7716535433070866,0.0
2026-01-16T22:51:59.696841,interface,0.6614173228346457,1.0,0.905511811023622,0.9448818897637795,0.0,0.30708661417322836,0.7716535433070866,0.0
2026-01-16T22:51:59.865314,interface,0.6614173228346457,1.0,0.905511811023622,0.9448818897637795,0.0,0.30708661417322836,0.7716535433070866,0.0
2026-01-16T22:51:59.964130,interface,0.6614173228346457,1.0,0.905511811023622,0.9448818897637795,0.0,0.30708661417322836,0.7716535433070866,0.0
2026-01-16T22:52:00.048395,interface,0.6614173228346457,1.0,0.905511811023622,0.9448818897637795,0.0,0.30708661417322836,0.7716535433070866,0.0
2026-01-16T22:52:00.138301,interface,0.6614173228346457,1.0,0.905511811023622,0.9448818897637795,0.0,0.30708661417322836,0.7716535433070866,0.0
2026-01-16T22:52:00.222974,interface,0.6614173228346457,1.0,0.905511811023622,0.9448818897637795,0.0,0.30708661417322836,0.7716535433070866,0.0
2026-01-16T22:52:00.305377,interface,0.6614173228346457,1.0,0.905511811023622,0.9448818897637795,0.0,0.30708661417322836,0.7716535433070866,0.0
2026-01-16T22:52:00.389843,interface,0.6614173228346457,1.0,0.905511811023622,0.9448818897637795,0.0,0.30708661417322836,0.7716535433070866,0.0
2026-01-16T22:52:00.476446,interface,0.6614173228346457,1.0,0.905511811023622,0.9448818897637795,0.0,0.30708661417322836,0.7716535433070866,0.0
2026-01-16T22:52:00.561064,interface,0.6614173228346457,1.0,0.905511811023622,0.9448818897637795,0.0,0.30708661417322836,0.7716535433070866,0.0
2026-01-16T22:52:00.643200,interface,0.6614173228346457,1.0,0.905511811023622,0.9448818897637795,0.0,0.30708661417322836,0.7716535433070866,0.0
2026-01-16T22:52:00.723804,interface,0.6614173228346457,1.0,0.905511811023622,0.9448818897637795,0.0,0.30708661417322836,0.7716535433070866,0.0
2026-01-16T22:52:00.806542,interface,0.6614173228346457,1.0,0.905511811023622,0.9448818897637795,0.0,0.30708661417322836,0.7716535433070866,0.0
2026-01-16T22:52:00.892682,interface,0.6220472440944882,1.0,0.905511811023622,0.9448818897637795,0.0,0.30708661417322836,0.7716535433070866,0.0
2026-01-16T22:52:01.009502,interface,0.6614173228346457,1.0,0.905511811023622,0.9448818897637795,0.0,0.30708661417322836,0.7716535433070866,0.0
2026-01-16T22:52:01.108943,interface,0.6220472440944882,1.0,0.905511811023622,0.9448818897637795,0.0,0.30708661417322836,0.7716535433070866,0.0
2026-01-16T22:52:01.174320,interface,0.6614173228346457,1.0,0.905511811023622,0.9448818897637795,0.0,0.30708661417322836,0.7716535433070866,0.0
2026-01-16T22:52:01.290924,interface,0.6220472440944882,1.0,0.905511811023622,0.9448818897637795,0.0,0.30708661417322836,0.7716535433070866,0.0
2026-01-16T22:52:01.363735,interface,0.6614173228346457,1.0,0.905511811023622,0.9448818897637795,0.0,0.30708661417322836,0.7716535433070866,0.0
2026-01-16T22:52:01.439745,interface,0.6614173228346457,1.0,0.905511811023622,0.9448818897637795,0.0,0.30708661417322836,0.7716535433070866,0.0
2026-01-16T22:52:01.491133,interface,0.6220472440944882,1.0,0.905511811023622,0.9448818897637795,0.0,0.30708661417322836,0.7716535433070866,0.0
2026-01-16T22:52:01.556211,interface,0.6614173228346457,1.0,0.905511811023622,0.9448818897637795,0.0,0.30708661417322836,0.7716535433070866,0.0
2026-01-16T22:52:01.690270,interface,0.6220472440944882,1.0,0.905511811023622,0.9448818897637795,0.0,0.30708661417322836,0.7716535433070866,0.0
2026-01-16T22:52:01.704614,interface,0.6535433070866141,1.0,0.905511811023622,0.9448818897637795,0.0,0.30708661417322836,0.7716535433070866,0.0
2026-01-16T22:52:01.805780,interface,0.6614173228346457,1.0,0.905511811023622,0.9448818897637795,0.0,0.30708661417322836,0.7716535433070866,0.0
2026-01-16T22:52:01.878521,interface,0.6220472440944882,1.0,0.905511811023622,0.9448818897637795,0.0,0.30708661417322836,0.7716535433070866,0.0
2026-01-16T22:52:02.010102,interface,0.6614173228346457,1.0,0.905511811023622,0.9448818897637795,0.0,0.30708661417322836,0.7716535433070866,0.0
2026-01-16T22:52:02.071402,interface,0.6220472440944882,1.0,0.905511811023622,0.9448818897637795,0.0,0.30708661417322836,0.7716535433070866,0.0
2026-01-16T22:52:02.339127,interface,0.47244094488188976,1.0,0.905511811023622,0.9448818897637795,0.0,0.30708661417322836,0.7716535433070866,0.0
2026-01-16T22:52:02.517855,interface,0.47244094488188976,1.0,0.905511811023622,0.9448818897637795,0.0,0.30708661417322836,0.7716535433070866,0.0
2026-01-16T22:52:02.696376,interface,0.47244094488188976,1.0,0.905511811023622,0.9448818897637795,0.0,0.30708661417322836,0.7716535433070866,0.0
2026-01-16T22:52:02.768346,interface,0.47244094488188976,1.0,0.905511811023622,0.9448818897637795,0.0,0.30708661417322836,0.7716535433070866,0.0
2026-01-16T22:52:02.887321,interface,0.5275590551181102,1.0,0.905511811023622,0.9448818897637795,0.0,0.30708661417322836,0.7716535433070866,0.0
2026-01-16T22:52:03.011545,interface,0.4330708661417323,1.0,0.905511811023622,0.9448818897637795,0.0,0.30708661417322836,0.7716535433070866,0.0
2026-01-16T22:52:03.071407,interface,0.5275590551181102,1.0,0.905511811023622,0.9448818897637795,0.0,0.30708661417322836,0.7716535433070866,0.0
2026-01-16T22:52:03.127383,interface,0.47244094488188976,1.0,0.905511811023622,0.9448818897637795,0.0,0.30708661417322836,0.7716535433070866,0.0
2026-01-16T22:52:03.253231,interface,0.5275590551181102,1.0,0.905511811023622,0.9448818897637795,0.0,0.30708661417322836,0.7716535433070866,0.0
2026-01-16T22:52:03.314710,interface,0.47244094488188976,1.0,0.905511811023622,0.9448818897637795,0.0,0.30708661417322836,0.7716535433070866,0.0
2026-01-16T22:52:03.315489,interface,0.5275590551181102,1.0,0.905511811023622,0.9448818897637795,0.0,0.30708661417322836,0.7716535433070866,0.0
2026-01-16T22:52:03.329418,interface,0.47244094488188976,1.0,0.905511811023622,0.9448818897637795,0.0,0.30708661417322836,0.7716535433070866,0.0
2026-01-16T22:52:03.388838,interface,0.4330708661417323,1.0,0.905511811023622,0.9448818897637795,0.0,0.30708661417322836,0.7716535433070866,0.0
2026-01-16T22:52:03.457380,interface,0.5275590551181102,1.0,0.905511811023622,0.9448818897637795,0.0,0.30708661417322836,0.7716535433070866,0.0
2026-01-16T22:52:03.626523,interface,0.5275590551181102,1.0,0.905511811023622,0.9448818897637795,0.0,0.30708661417322836,0.7716535433070866,0.0
2026-01-16T22:52:03.644430,interface,0.5039370078740157,1.0,0.905511811023622,0.9448818897637795,0.0,0.30708661417322836,0.7716535433070866,0.0
2026-01-16T22:52:03.706708,interface,0.5275590551181102,1.0,0.905511811023622,0.9448818897637795,0.0,0.30708661417322836,0.7716535433070866,0.0
2026-01-16T22:52:03.784423,interface,0.6220472440944882,1.0,0.905511811023622,0.9448818897637795,0.0,0.30708661417322836,0.7716535433070866,0.0
2026-01-16T22:52:03.845093,interface,0.7165354330708661,1.0,0.905511811023622,0.9448818897637795,0.0,0.30708661417322836,0.7716535433070866,0.0
2026-01-16T22:52:03.902572,interface,0.6614173228346457,1.0,0.905511811023622,0.9448818897637795,0.0,0.30708661417322836,0.7716535433070866,0.0
2026-01-16T22:52:03.979954,interface,0.6220472440944882,1.0,0.905511811023622,0.9448818897637795,0.0,0.30708661417322836,0.7716535433070866,0.0
2026-01-16T22:52:04.159064,interface,0.6220472440944882,1.0,0.905511811023622,0.9448818897637795,0.0,0.30708661417322836,0.7716535433070866,0.0
2026-01-16T22:52:04.179149,interface,0.6062992125984252,1.0,0.905511811023622,0.9448818897637795,0.0,0.30708661417322836,0.7716535433070866,0.0
2026-01-16T22:52:04.227632,interface,0.7165354330708661,1.0,0.905511811023622,0.9448818897637795,0.0,0.30708661417322836,0.7716535433070866,0.0
2026-01-16T22:52:04.281461,interface,0.6614173228346457,1.0,0.905511811023622,0.9448818897637795,0.0,0.30708661417322836,0.7716535433070866,0.0
2026-01-16T22:52:04.352634,interface,0.6220472440944882,1.0,0.905511811023622,0.9448818897637795,0.0,0.30708661417322836,0.7716535433070866,0.0
2026-01-16T22:52:04.413684,interface,0.7165354330708661,1.0,0.905511811023622,0.9448818897637795,0.0,0.30708661417322836,0.7716535433070866,0.0
2026-01-16T22:52:04.470677,interface,0.6614173228346457,1.0,0.905511811023622,0.9448818897637795,0.0,0.30708661417322836,0.7716535433070866,0.0
2026-01-16T22:52:04.533137,interface,0.6220472440944882,1.0,0.905511811023622,0.9448818897637795,0.0,0.30708661417322836,0.7716535433070866,0.0
2026-01-16T22:52:04.594992,interface,0.7165354330708661,1.0,0.905511811023622,0.9448818897637795,0.0,0.30708661417322836,0.7716535433070866,0.0
2026-01-16T22:52:04.696116,interface,0.6220472440944882,1.0,0.905511811023622,0.9448818897637795,0.0,0.30708661417322836,0.7716535433070866,0.0
2026-01-16T22:52:04.871052,interface,0.8110236220472441,1.0,0.905511811023622,0.9448818897637795,0.0,0.30708661417322836,0.7716535433070866,0.0
2026-01-16T22:52:04.886286,interface,0.6141732283464567,1.0,0.905511811023622,0.9448818897637795,0.0,0.30708661417322836,0.7716535433070866,0.0
2026-01-16T22:52:05.009376,interface,0.8503937007874016,1.0,0.905511811023622,0.9448818897637795,0.0,0.30708661417322836,0.7716535433070866,0.0
2026-01-16T22:52:05.134387,interface,0.905511811023622,1.0,0.905511811023622,0.9448818897637795,0.0,0.30708661417322836,0.7716535433070866,0.0
2026-01-16T22:52:05.202676,interface,0.8503937007874016,1.0,0.905511811023622,0.9448818897637795,0.0,0.30708661417322836,0.7716535433070866,0.0
2026-01-16T22:52:05.373817,interface,0.8503937007874016,1.0,0.905511811023622,0.9448818897637795,0.0,0.30708661417322836,0.7716535433070866,0.0
2026-01-16T22:52:05.594884,interface,0.905511811023622,1.0,0.905511811023622,0.9448818897637795,0.0,0.30708661417322836,0.7716535433070866,0.0
2026-01-16T22:52:05.696013,interface,0.905511811023622,1.0,0.905511811023622,0.9448818897637795,0.0,0.30708661417322836,0.7716535433070866,0.0
2026-01-16T22:52:05.782020,interface,0.905511811023622,1.0,0.905511811023622,0.9448818897637795,0.0,0.30708661417322836,0.7716535433070866,0.0
2026-01-16T22:52:05.877378,interface,0.905511811023622,1.0,0.905511811023622,0.9448818897637795,0.0,0.30708661417322836,0.7716535433070866,0.0
2026-01-16T22:52:05.967391,interface,0.905511811023622,1.0,0.905511811023622,0.9448818897637795,0.0,0.30708661417322836,0.7716535433070866,0.0
2026-01-16T22:52:06.057824,interface,0.905511811023622,1.0,0.905511811023622,0.9448818897637795,0.0,0.30708661417322836,0.7716535433070866,0.0
2026-01-16T22:52:06.123743,interface,0.905511811023622,1.0,0.905511811023622,0.9448818897637795,0.0,0.30708661417322836,0.7716535433070866,0.0
2026-01-16T22:52:06.186004,interface,0.8503937007874016,1.0,0.905511811023622,0.9448818897637795,0.0,0.30708661417322836,0.7716535433070866,0.0
2026-01-16T22:52:06.248348,interface,0.905511811023622,1.0,0.905511811023622,0.9448818897637795,0.0,0.30708661417322836,0.7716535433070866,0.0
2026-01-16T22:52:06.320915,interface,0.905511811023622,1.0,0.905511811023622,0.9448818897637795,0.0,0.30708661417322836,0.7716535433070866,0.0
2026-01-16T22:52:06.437369,interface,0.905511811023622,1.0,0.905511811023622,0.9448818897637795,0.0,0.30708661417322836,0.7716535433070866,0.0
2026-01-16T22:52:06.634377,interface,0.905511811023622,1.0,0.905511811023622,0.9448818897637795,0.0,0.30708661417322836,0.7716535433070866,0.0
2026-01-16T22:52:06.813699,interface,0.905511811023622,1.0,0.905511811023622,0.9448818897637795,0.0,0.30708661417322836,0.7716535433070866,0.0
2026-01-16T22:52:06.900031,interface,0.905511811023622,1.0,0.905511811023622,0.9448818897637795,0.0,0.30708661417322836,0.7716535433070866,0.0
2026-01-16T22:52:07.147776,interface,0.6614173228346457,1.0,0.905511811023622,0.9448818897637795,0.0,0.30708661417322836,0.7716535433070866,0.0
2026-01-16T22:52:07.376755,interface,0.6614173228346457,1.0,0.905511811023622,0.9448818897637795,0.0,0.30708661417322836,0.7716535433070866,0.0
2026-01-16T22:52:07.455689,interface,0.6614173228346457,1.0,0.905511811023622,0.9448818897637795,0.0,0.30708661417322836,0.7716535433070866,0.0
2026-01-16T22:52:07.532151,interface,0.6614173228346457,1.0,0.905511811023622,0.9448818897637795,0.0,0.30708661417322836,0.7716535433070866,0.0
2026-01-16T22:52:07.792960,interface,0.6220472440944882,1.0,0.905511811023622,0.9448818897637795,0.0,0.30708661417322836,0.7716535433070866,0.0
2026-01-16T22:52:07.871467,interface,0.6220472440944882,1.0,0.905511811023622,0.9448818897637795,0.0,0.30708661417322836,0.7716535433070866,0.0
2026-01-16T22:52:07.945855,interface,0.6220472440944882,1.0,0.905511811023622,0.9448818897637795,0.0,0.30708661417322836,0.7716535433070866,0.0
2026-01-16T22:52:08.016134,interface,0.6220472440944882,1.0,0.905511811023622,0.9448818897637795,0.0,0.30708661417322836,0.7716535433070866,0.0
2026-01-16T22:52:08.971962,interface,0.3779527559055118,1.0,0.905511811023622,0.9448818897637795,0.0,0.30708661417322836,0.7716535433070866,0.0
2026-01-16T22:52:09.400396,interface,0.1889763779527559,1.0,0.905511811023622,0.9448818897637795,0.0,0.30708661417322836,0.7716535433070866,0.0
2026-01-16T22:52:09.721922,interface,0.2440944881889764,1.0,0.905511811023622,0.9448818897637795,0.0,0.30708661417322836,0.7716535433070866,0.0
2026-01-16T22:52:09.804559,interface,0.2440944881889764,1.0,0.905511811023622,0.9448818897637795,0.0,0.30708661417322836,0.7716535433070866,0.0
2026-01-16T22:52:10.045533,interface,0.4330708661417323,1.0,0.905511811023622,0.9448818897637795,0.0,0.30708661417322836,0.7716535433070866,0.0
2026-01-16T22:52:10.530306,interface,0.6614173228346457,1.0,0.905511811023622,0.9448818897637795,0.0,0.30708661417322836,0.7716535433070866,0.0
2026-01-16T22:52:10.687407,interface,0.6220472440944882,1.0,0.905511811023622,0.9448818897637795,0.0,0.30708661417322836,0.7716535433070866,0.0
2026-01-16T22:52:11.083415,interface,0.4330708661417323,1.0,0.905511811023622,0.9448818897637795,0.0,0.30708661417322836,0.7716535433070866,0.0
2026-01-16T22:52:11.953104,interface,0.1889763779527559,1.0,0.905511811023622,0.9448818897637795,0.0,0.30708661417322836,0.7716535433070866,0.0
2026-01-16T22:52:12.018908,interface,0.2440944881889764,1.0,0.905511811023622,0.9448818897637795,0.0,0.30708661417322836,0.7716535433070866,0.0
2026-01-16T22:52:12.057122,interface,0.28346456692913385,1.0,0.905511811023622,0.9448818897637795,0.0,0.30708661417322836,0.7716535433070866,0.0
2026-01-16T22:52:12.121123,interface,0.33858267716535434,1.0,0.905511811023622,0.9448818897637795,0.0,0.30708661417322836,0.7716535433070866,0.0
2026-01-16T22:52:12.164970,interface,0.3779527559055118,1.0,0.905511811023622,0.9448818897637795,0.0,0.30708661417322836,0.7716535433070866,0.0
2026-01-16T22:52:12.266123,interface,0.47244094488188976,1.0,0.905511811023622,0.9448818897637795,0.0,0.30708661417322836,0.7716535433070866,0.0
2026-01-16T22:52:12.356839,interface,0.5275590551181102,1.0,0.905511811023622,0.9448818897637795,0.0,0.30708661417322836,0.7716535433070866,0.0
2026-01-16T22:52:12.357548,interface,0.5669291338582677,1.0,0.905511811023622,0.9448818897637795,0.0,0.30708661417322836,0.7716535433070866,0.0
2026-01-16T22:52:12.364815,interface,0.5275590551181102,1.0,0.905511811023622,0.9448818897637795,0.0,0.30708661417322836,0.7716535433070866,0.0
2026-01-16T22:52:12.436875,interface,0.6220472440944882,1.0,0.905511811023622,0.9448818897637795,0.0,0.30708661417322836,0.7716535433070866,0.0
2026-01-16T22:52:12.474355,interface,0.6614173228346457,1.0,0.905511811023622,0.9448818897637795,0.0,0.30708661417322836,0.7716535433070866,0.0
2026-01-16T22:52:12.561638,interface,0.7165354330708661,1.0,0.905511811023622,0.9448818897637795,0.0,0.30708661417322836,0.7716535433070866,0.0
2026-01-16T22:52:12.562351,interface,0.7559055118110236,1.0,0.905511811023622,0.9448818897637795,0.0,0.30708661417322836,0.7716535433070866,0.0
2026-01-16T22:52:12.569637,interface,0.7165354330708661,1.0,0.905511811023622,0.9448818897637795,0.0,0.30708661417322836,0.7716535433070866,0.0
2026-01-16T22:52:12.622127,interface,0.8110236220472441,1.0,0.905511811023622,0.9448818897637795,0.0,0.30708661417322836,0.7716535433070866,0.0
2026-01-16T22:52:12.660753,interface,0.8503937007874016,1.0,0.905511811023622,0.9448818897637795,0.0,0.30708661417322836,0.7716535433070866,0.0
2026-01-16T22:52:12.724897,interface,0.905511811023622,1.0,0.905511811023622,0.9448818897637795,0.0,0.30708661417322836,0.7716535433070866,0.0
2026-01-16T22:52:12.841043,interface,0.905511811023622,1.0,0.905511811023622,0.9448818897637795,0.0,0.30708661417322836,0.7716535433070866,0.0
2026-01-16T22:52:13.531744,interface,0.6614173228346457,1.0,0.905511811023622,0.9448818897637795,0.0,0.30708661417322836,0.7716535433070866,0.0
2026-01-16T22:52:13.656918,interface,0.5669291338582677,1.0,0.905511811023622,0.9448818897637795,0.0,0.30708661417322836,0.7716535433070866,0.0
2026-01-16T22:52:13.715986,interface,0.6220472440944882,1.0,0.905511811023622,0.9448818897637795,0.0,0.30708661417322836,0.7716535433070866,0.0
2026-01-16T22:52:13.817117,interface,0.6614173228346457,1.0,0.905511811023622,0.9448818897637795,0.0,0.30708661417322836,0.7716535433070866,0.0
2026-01-16T22:52:13.967314,interface,0.6220472440944882,1.0,0.905511811023622,0.9448818897637795,0.0,0.30708661417322836,0.7716535433070866,0.0
2026-01-16T22:52:14.196232,interface,0.6220472440944882,1.0,0.905511811023622,0.9448818897637795,0.0,0.30708661417322836,0.7716535433070866,0.0
2026-01-16T22:52:14.217241,interface,0.6614173228346457,1.0,0.905511811023622,0.9448818897637795,0.0,0.30708661417322836,0.7716535433070866,0.0
2026-01-16T22:52:14.337446,interface,0.5669291338582677,1.0,0.905511811023622,0.9448818897637795,0.0,0.30708661417322836,0.7716535433070866,0.0
2026-01-16T22:52:14.476395,interface,0.47244094488188976,1.0,0.905511811023622,0.9448818897637795,0.0,0.30708661417322836,0.7716535433070866,0.0
2026-01-16T22:52:14.582852,interface,0.5275590551181102,1.0,0.905511811023622,0.9448818897637795,0.0,0.30708661417322836,0.7716535433070866,0.0
2026-01-16T22:52:14.704418,interface,0.4330708661417323,1.0,0.905511811023622,0.9448818897637795,0.0,0.30708661417322836,0.7716535433070866,0.0
2026-01-16T22:52:14.882180,interface,0.3779527559055118,1.0,0.905511811023622,0.9448818897637795,0.0,0.30708661417322836,0.7716535433070866,0.0
2026-01-16T22:52:14.921361,interface,0.28346456692913385,1.0,0.905511811023622,0.9448818897637795,0.0,0.30708661417322836,0.7716535433070866,0.0
2026-01-16T22:52:15.037432,interface,0.33858267716535434,1.0,0.905511811023622,0.9448818897637795,0.0,0.30708661417322836,0.7716535433070866,0.0
2026-01-16T22:52:22.625019,interface,0.5826771653543307,1.0,0.905511811023622,0.9448818897637795,0.0,0.30708661417322836,0.7716535433070866,0.0
2026-01-16T22:52:39.064937,interface,0.047244094488188976,1.0,0.905511811023622,0.9448818897637795,0.0,0.30708661417322836,0.7716535433070866,0.0
2026-01-16T22:52:39.088057,interface,0.03937007874015748,1.0,0.905511811023622,0.9448818897637795,0.0,0.30708661417322836,0.7716535433070866,0.0
2026-01-16T22:53:06.977775,interface,0.0,1.0,0.905511811023622,0.9448818897637795,0.0,0.30708661417322836,0.7716535433070866,0.0
2026-01-16T22:53:48.229587,interface,0.007874015748031496,1.0,0.905511811023622,0.9448818897637795,0.0,0.30708661417322836,0.7716535433070866,0.0
2026-01-16T22:53:48.690513,interface,0.6220472440944882,1.0,0.905511811023622,0.9448818897637795,0.0,0.30708661417322836,0.7716535433070866,0.0
2026-01-16T22:53:51.243416,interface,0.8346456692913385,1.0,0.905511811023622,0.9448818897637795,0.0,0.30708661417322836,0.7716535433070866,0.0
2026-01-16T22:54:41.339501,interface,0.9448818897637795,1.0,0.905511811023622,0.9448818897637795,0.0,0.30708661417322836,0.7716535433070866,0.0
2026-01-16T22:54:53.860225,interface,0.8346456692913385,1.0,0.905511811023622,0.9448818897637795,0.0,0.30708661417322836,0.7716535433070866,0.0
2026-01-16T22:55:07.160005,interface,0.4330708661417323,1.0,0.905511811023622,0.9448818897637795,0.0,0.30708661417322836,0.7716535433070866,0.0
2026-01-16T22:55:07.396607,interface,0.031496062992125984,1.0,0.905511811023622,0.9448818897637795,0.0,0.30708661417322836,0.7716535433070866,0.0
2026-01-16T22:57:40.658260,interface,0.0,1.0,0.905511811023622,0.9448818897637795,0.0,0.30708661417322836,0.7716535433070866,0.0
2026-01-16T22:57:40.783929,interface,0.2992125984251969,1.0,0.905511811023622,0.9448818897637795,0.0,0.30708661417322836,0.7716535433070866,0.0
2026-01-16T22:58:04.077114,interface,0.0,1.0,0.905511811023622,0.9448818897637795,0.0,0.30708661417322836,0.7716535433070866,0.0
2026-01-16T22:58:04.278670,interface,0.31496062992125984,1.0,0.905511811023622,0.9448818897637795,0.0,0.30708661417322836,0.7716535433070866,0.0
2026-01-16T22:58:04.290448,interface,0.8503937007874016,1.0,0.905511811023622,0.9448818897637795,0.0,0.30708661417322836,0.7716535433070866,0.0
2026-01-16T22:58:23.245756,interface,0.937007874015748,1.0,0.905511811023622,0.9448818897637795,0.0,0.30708661417322836,0.7716535433070866,0.0
2026-01-16T22:58:51.761377,interface,0.0,1.0,0.905511811023622,0.9448818897637795,0.0,0.30708661417322836,0.7716535433070866,0.0
2026-01-16T22:58:51.998582,interface,0.0,1.0,0.905511811023622,0.9448818897637795,0.0,0.30708661417322836,0.7716535433070866,0.0
2026-01-16T22:59:48.142490,interface,0.0,1.0,0.905511811023622,0.9448818897637795,0.0,0.30708661417322836,0.7716535433070866,0.0
2026-01-16T22:59:48.762255,interface,0.8110236220472441,1.0,0.905511811023622,0.9448818897637795,0.0,0.30708661417322836,0.7716535433070866,0.0
2026-01-16T22:59:51.333567,interface,0.0,1.0,0.905511811023622,0.9448818897637795,0.0,0.30708661417322836,0.7716535433070866,0.0
2026-01-16T23:00:05.165985,interface,0.47244094488188976,1.0,0.905511811023622,0.9448818897637795,0.0,0.30708661417322836,0.7716535433070866,0.0
2026-01-16T23:00:08.337230,interface,0.023622047244094488,1.0,0.905511811023622,0.9448818897637795,0.0,0.30708661417322836,0.7716535433070866,0.0
2026-01-16T23:02:32.184052,interface,0.007874015748031496,1.0,0.905511811023622,0.9448818897637795,0.0,0.30708661417322836,0.7716535433070866,0.0
2026-01-16T23:02:53.573971,interface,1.0,1.0,0.905511811023622,0.9448818897637795,0.0,0.30708661417322836,0.7716535433070866,0.0
2026-01-16T23:04:30.900849,interface,0.03937007874015748,1.0,0.905511811023622,0.9448818897637795,0.0,0.30708661417322836,0.7716535433070866,0.0
2026-01-16T23:04:31.025545,interface,0.33070866141732286,1.0,0.905511811023622,0.9448818897637795,0.0,0.30708661417322836,0.7716535433070866,0.0
2026-01-16T23:06:03.401254,interface,0.03937007874015748,1.0,0.905511811023622,0.9448818897637795,0.0,0.30708661417322836,0.7716535433070866,0.0
2026-01-16T23:06:03.525952,interface,0.3700787401574803,1.0,0.905511811023622,0.9448818897637795,0.0,0.30708661417322836,0.7716535433070866,0.0
2026-01-16T23:06:13.035927,interface,0.015748031496062992,1.0,0.905511811023622,0.9448818897637795,0.0,0.30708661417322836,0.7716535433070866,0.0
2026-01-16T23:06:20.272863,interface,0.0,1.0,0.905511811023622,0.9448818897637795,0.0,0.30708661417322836,0.7716535433070866,0.0
2026-01-16T23:09:12.445131,interface,0.0,1.0,0.905511811023622,0.9448818897637795,0.0,0.30708661417322836,0.7716535433070866,0.0
2026-01-16T23:09:28.344206,interface,0.14960629921259844,1.0,0.905511811023622,0.9448818897637795,0.0,0.30708661417322836,0.7716535433070866,0.0
2026-01-16T23:09:49.152358,interface,0.6614173228346457,1.0,0.905511811023622,0.9448818897637795,0.0,0.30708661417322836,0.7716535433070866,0.0
2026-01-16T23:09:58.719783,interface,0.0,1.0,0.905511811023622,0.9448818897637795,0.0,0.30708661417322836,0.7716535433070866,0.0
2026-01-16T23:10:15.006142,interface,0.0,1.0,0.905511811023622,0.9448818897637795,0.0,0.30708661417322836,0.7716535433070866,0.0
2026-01-16T23:11:11.036725,interface,0.015748031496062992,1.0,0.905511811023622,0.9448818897637795,0.0,0.30708661417322836,0.7716535433070866,0.0
2026-01-16T23:11:11.161375,interface,0.33070866141732286,1.0,0.905511811023622,0.9448818897637795,0.0,0.30708661417322836,0.7716535433070866,0.0
2026-01-16T23:11:19.656272,interface,0.06299212598425197,1.0,0.905511811023622,0.9448818897637795,0.0,0.30708661417322836,0.7716535433070866,0.0
2026-01-16T23:11:20.610228,interface,0.5826771653543307,1.0,0.905511811023622,0.9448818897637795,0.0,0.30708661417322836,0.7716535433070866,0.0
2026-01-16T23:11:52.521279,interface,0.9763779527559056,1.0,0.905511811023622,0.9448818897637795,0.0,0.30708661417322836,0.7716535433070866,0.0
2026-01-16T23:11:52.661897,interface,0.8188976377952756,1.0,0.905511811023622,0.9448818897637795,0.0,0.30708661417322836,0.7716535433070866,0.0
2026-01-16T23:12:25.143928,interface,0.984251968503937,1.0,0.905511811023622,0.9448818897637795,0.0,0.30708661417322836,0.7716535433070866,0.0
2026-01-16T23:12:25.690127,interface,0.9448818897637795,1.0,0.905511811023622,0.9448818897637795,0.0,0.30708661417322836,0.7716535433070866,0.0
2026-01-16T23:12:26.495232,interface,0.937007874015748,1.0,0.905511811023622,0.9448818897637795,0.0,0.30708661417322836,0.7716535433070866,0.0
2026-01-16T23:12:36.878831,interface,0.8818897637795275,1.0,0.905511811023622,0.9448818897637795,0.0,0.30708661417322836,0.7716535433070866,0.0
2026-01-16T23:12:39.111617,interface,0.5275590551181102,1.0,0.905511811023622,0.9448818897637795,0.0,0.30708661417322836,0.7716535433070866,0.0
2026-01-16T23:14:11.618995,interface,0.015748031496062992,1.0,0.905511811023622,0.9448818897637795,0.0,0.30708661417322836,0.7716535433070866,0.0
2026-01-16T23:14:13.420595,interface,0.31496062992125984,1.0,0.905511811023622,0.9448818897637795,0.0,0.30708661417322836,0.7716535433070866,0.0
2026-01-16T23:15:08.897947,interface,0.031496062992125984,1.0,0.905511811023622,0.9448818897637795,0.0,0.30708661417322836,0.7716535433070866,0.0
2026-01-16T23:15:11.580873,interface,0.4330708661417323,1.0,0.905511811023622,0.9448818897637795,0.0,0.30708661417322836,0.7716535433070866,0.0
2026-01-16T23:15:28.342919,interface,0.9921259842519685,1.0,0.905511811023622,0.9448818897637795,0.0,0.30708661417322836,0.7716535433070866,0.0
2026-01-16T23:15:46.171584,interface,0.7874015748031497,1.0,0.905511811023622,0.9448818897637795,0.0,0.30708661417322836,0.7716535433070866,0.0
2026-01-16T23:15:54.224773,interface,0.18110236220472442,1.0,0.905511811023622,0.9448818897637795,0.0,0.30708661417322836,0.7716535433070866,0.0
2026-01-16T23:17:36.883018,interface,0.0,1.0,0.905511811023622,0.9448818897637795,0.0,0.30708661417322836,0.7716535433070866,0.0
2026-01-16T23:17:37.083036,interface,0.23622047244094488,1.0,0.905511811023622,0.9448818897637795,0.0,0.30708661417322836,0.7716535433070866,0.0
2026-01-16T23:17:51.101969,interface,0.007874015748031496,1.0,0.905511811023622,0.9448818897637795,0.0,0.30708661417322836,0.7716535433070866,0.0
2026-01-16T23:17:55.084078,interface,0.7559055118110236,1.0,0.905511811023622,0.9448818897637795,0.0,0.30708661417322836,0.7716535433070866,0.0
2026-01-16T23:17:56.036691,interface,0.8110236220472441,1.0,0.905511811023622,0.9448818897637795,0.0,0.30708661417322836,0.7716535433070866,0.0
2026-01-16T23:17:56.051847,interface,0.0,1.0,0.905511811023622,0.9448818897637795,0.0,0.30708661417322836,0.7716535433070866,0.0
2026-01-16T23:19:13.151341,interface,0.0,1.0,0.905511811023622,0.9448818897637795,0.0,0.30708661417322836,0.7716535433070866,0.0
2026-01-16T23:19:13.276021,interface,0.31496062992125984,1.0,0.905511811023622,0.9448818897637795,0.0,0.30708661417322836,0.7716535433070866,0.0
2026-01-16T23:19:20.775841,interface,0.0,1.0,0.905511811023622,0.9448818897637795,0.0,0.30708661417322836,0.7716535433070866,0.0
2026-01-16T23:19:25.279538,interface,0.3543307086614173,1.0,0.905511811023622,0.9448818897637795,0.0,0.30708661417322836,0.7716535433070866,0.0
2026-01-16T23:19:28.865165,interface,1.0,1.0,0.905511811023622,0.9448818897637795,0.0,0.30708661417322836,0.7716535433070866,0.0
2026-01-16T23:19:42.618075,interface,0.6614173228346457,1.0,0.905511811023622,0.9448818897637795,0.0,0.30708661417322836,0.7716535433070866,0.0
2026-01-16T23:19:54.986537,interface,0.0,1.0,0.905511811023622,0.9448818897637795,0.0,0.30708661417322836,0.7716535433070866,0.0
2026-01-16T23:22:56.092924,interface,0.031496062992125984,1.0,0.905511811023622,0.9448818897637795,0.0,0.30708661417322836,0.7716535433070866,0.0
2026-01-16T23:23:03.083691,interface,0.007874015748031496,1.0,0.905511811023622,0.9448818897637795,0.0,0.30708661417322836,0.7716535433070866,0.0
2026-01-16T23:23:09.551498,interface,0.1889763779527559,1.0,0.905511811023622,0.9448818897637795,0.0,0.30708661417322836,0.7716535433070866,0.0
2026-01-16T23:24:19.915636,interface,0.0,1.0,0.905511811023622,0.9448818897637795,0.0,0.30708661417322836,0.7716535433070866,0.0
2026-01-16T23:24:20.040320,interface,0.28346456692913385,1.0,0.905511811023622,0.9448818897637795,0.0,0.30708661417322836,0.7716535433070866,0.0
2026-01-16T23:24:48.471504,interface,0.023622047244094488,1.0,0.905511811023622,0.9448818897637795,0.0,0.30708661417322836,0.7716535433070866,0.0
2026-01-16T23:24:51.224544,interface,0.0,1.0,0.905511811023622,0.9448818897637795,0.0,0.30708661417322836,0.7716535433070866,0.0
2026-01-16T23:25:27.400189,interface,0.007874015748031496,1.0,0.905511811023622,0.9448818897637795,0.0,0.30708661417322836,0.7716535433070866,0.0
2026-01-16T23:25:27.526184,interface,0.2992125984251969,1.0,0.905511811023622,0.9448818897637795,0.0,0.30708661417322836,0.7716535433070866,0.0
2026-01-16T23:26:40.201337,interface,0.0,1.0,0.905511811023622,0.9448818897637795,0.0,0.30708661417322836,0.7716535433070866,0.0
2026-01-16T23:26:52.801975,interface,0.1889763779527559,1.0,0.905511811023622,0.9448818897637795,0.0,0.30708661417322836,0.7716535433070866,0.0
2026-01-16T23:28:42.738304,interface,0.023622047244094488,1.0,0.905511811023622,0.9448818897637795,0.0,0.30708661417322836,0.7716535433070866,0.0
2026-01-16T23:28:46.747823,interface,0.33070866141732286,1.0,0.905511811023622,0.9448818897637795,0.0,0.30708661417322836,0.7716535433070866,0.0
2026-01-16T23:29:32.994582,interface,0.05511811023622047,1.0,0.905511811023622,0.9448818897637795,0.0,0.30708661417322836,0.7716535433070866,0.0
2026-01-16T23:29:33.768785,interface,0.07086614173228346,1.0,0.905511811023622,0.9448818897637795,0.0,0.30708661417322836,0.7716535433070866,0.0
2026-01-16T23:30:52.437608,interface,0.0,1.0,0.905511811023622,0.9448818897637795,0.0,0.30708661417322836,0.7716535433070866,0.0
2026-01-16T23:31:08.553149,interface,0.9606299212598425,1.0,0.905511811023622,0.9448818897637795,0.0,0.30708661417322836,0.7716535433070866,0.0
2026-01-16T23:31:11.025599,interface,0.7322834645669292,1.0,0.905511811023622,0.9448818897637795,0.0,0.30708661417322836,0.7716535433070866,0.0
2026-01-16T23:31:13.905179,interface,0.8661417322834646,1.0,0.905511811023622,0.9448818897637795,0.0,0.30708661417322836,0.7716535433070866,0.0
2026-01-16T23:31:14.744736,interface,0.47244094488188976,1.0,0.905511811023622,0.9448818897637795,0.0,0.30708661417322836,0.7716535433070866,0.0
2026-01-16T23:31:16.498600,interface,0.49606299212598426,1.0,0.905511811023622,0.9448818897637795,0.0,0.30708661417322836,0.7716535433070866,0.0
2026-01-16T23:31:20.324643,interface,0.8110236220472441,1.0,0.905511811023622,0.9448818897637795,0.0,0.30708661417322836,0.7716535433070866,0.0
2026-01-16T23:31:21.730109,interface,0.2283464566929134,1.0,0.905511811023622,0.9448818897637795,0.0,0.30708661417322836,0.7716535433070866,0.0
2026-01-16T23:31:41.674744,interface,0.0,1.0,0.905511811023622,0.9448818897637795,0.0,0.30708661417322836,0.7716535433070866,0.0
2026-01-16T23:32:41.236951,interface,0.0,1.0,0.905511811023622,0.9448818897637795,0.0,0.30708661417322836,0.7716535433070866,0.0
2026-01-16T23:32:43.255429,interface,0.10236220472440945,1.0,0.905511811023622,0.9448818897637795,0.0,0.30708661417322836,0.7716535433070866,0.0
2026-01-16T23:32:53.794951,interface,1.0,1.0,0.905511811023622,0.9448818897637795,0.0,0.30708661417322836,0.7716535433070866,0.0
2026-01-16T23:32:53.812761,interface,0.08661417322834646,1.0,0.905511811023622,0.9448818897637795,0.0,0.30708661417322836,0.7716535433070866,0.0
2026-01-16T23:32:55.853483,interface,0.4330708661417323,1.0,0.905511811023622,0.9448818897637795,0.0,0.30708661417322836,0.7716535433070866,0.0
2026-01-16T23:33:02.284937,interface,0.0,1.0,0.905511811023622,0.9448818897637795,0.0,0.30708661417322836,0.7716535433070866,0.0
2026-01-16T23:33:02.949851,interface,0.5905511811023622,1.0,0.905511811023622,0.9448818897637795,0.0,0.30708661417322836,0.7716535433070866,0.0
2026-01-16T23:33:08.285343,interface,0.047244094488188976,1.0,0.905511811023622,0.9448818897637795,0.0,0.30708661417322836,0.7716535433070866,0.0
2026-01-16T23:35:05.418176,interface,0.007874015748031496,1.0,0.905511811023622,0.9448818897637795,0.0,0.30708661417322836,0.7716535433070866,0.0
2026-01-16T23:35:49.011175,interface,0.015748031496062992,1.0,0.905511811023622,0.9448818897637795,0.0,0.30708661417322836,0.7716535433070866,0.0
2026-01-16T23:35:55.449402,interface,0.07086614173228346,1.0,0.905511811023622,0.9448818897637795,0.0,0.30708661417322836,0.7716535433070866,0.0
2026-01-16T23:35:55.676785,interface,0.2677165354330709,1.0,0.905511811023622,0.9448818897637795,0.0,0.30708661417322836,0.7716535433070866,0.0
2026-01-16T23:36:21.319187,interface,0.33858267716535434,1.0,0.905511811023622,0.9448818897637795,0.0,0.30708661417322836,0.7716535433070866,0.0
2026-01-16T23:36:21.618555,interface,0.023622047244094488,1.0,0.905511811023622,0.9448818897637795,0.0,0.30708661417322836,0.7716535433070866,0.0
2026-01-16T23:37:17.499113,interface,0.7165354330708661,1.0,0.905511811023622,0.9448818897637795,0.0,0.30708661417322836,0.7716535433070866,0.0
2026-01-16T23:38:00.690529,interface,0.9133858267716536,1.0,0.905511811023622,0.9448818897637795,0.0,0.30708661417322836,0.7716535433070866,0.0
2026-01-16T23:38:09.086206,interface,0.8582677165354331,1.0,0.905511811023622,0.9448818897637795,0.0,0.30708661417322836,0.7716535433070866,0.0
2026-01-16T23:38:34.498301,interface,0.1889763779527559,1.0,0.905511811023622,0.9448818897637795,0.0,0.30708661417322836,0.7716535433070866,0.0
2026-01-16T23:38:40.965890,interface,0.0,1.0,0.905511811023622,0.9448818897637795,0.0,0.30708661417322836,0.7716535433070866,0.0
2026-01-16T23:38:45.172038,interface,0.8031496062992126,1.0,0.905511811023622,0.9448818897637795,0.0,0.30708661417322836,0.7716535433070866,0.0
2026-01-16T23:38:56.601939,interface,0.9763779527559056,1.0,0.905511811023622,0.9448818897637795,0.0,0.30708661417322836,0.7716535433070866,0.0
2026-01-16T23:38:59.751977,interface,0.9763779527559056,1.0,0.905511811023622,0.9448818897637795,0.0,0.30708661417322836,0.7716535433070866,0.0
2026-01-16T23:39:20.252297,interface,0.7716535433070866,1.0,0.905511811023622,0.9448818897637795,0.0,0.30708661417322836,0.7716535433070866,0.0
2026-01-16T23:39:34.294562,interface,0.905511811023622,1.0,0.905511811023622,0.9448818897637795,0.0,0.30708661417322836,0.7716535433070866,0.0
2026-01-16T23:39:43.555616,interface,0.5669291338582677,1.0,0.905511811023622,0.9448818897637795,0.0,0.30708661417322836,0.7716535433070866,0.0
2026-01-16T23:39:49.536591,interface,0.2440944881889764,1.0,0.905511811023622,0.9448818897637795,0.0,0.30708661417322836,0.7716535433070866,0.0
2026-01-16T23:40:01.953949,interface,0.06299212598425197,1.0,0.905511811023622,0.9448818897637795,0.0,0.30708661417322836,0.7716535433070866,0.0
2026-01-16T23:40:19.549776,interface,0.007874015748031496,1.0,0.905511811023622,0.9448818897637795,0.0,0.30708661417322836,0.7716535433070866,0.0
2026-01-16T23:40:24.090244,interface,0.4330708661417323,1.0,0.905511811023622,0.9448818897637795,0.0,0.30708661417322836,0.7716535433070866,0.0
2026-01-16T23:40:26.820350,interface,0.7007874015748031,1.0,0.905511811023622,0.9448818897637795,0.0,0.30708661417322836,0.7716535433070866,0.0
2026-01-16T23:40:29.090543,interface,0.5669291338582677,1.0,0.905511811023622,0.9448818897637795,0.0,0.30708661417322836,0.7716535433070866,0.0
2026-01-16T23:40:34.531412,interface,1.0,1.0,0.905511811023622,0.9448818897637795,0.0,0.30708661417322836,0.7716535433070866,0.0
2026-01-16T23:40:51.540490,interface,0.7165354330708661,1.0,0.905511811023622,0.9448818897637795,0.0,0.30708661417322836,0.7716535433070866,0.0
2026-01-16T23:41:01.947151,interface,1.0,1.0,0.905511811023622,0.9448818897637795,0.0,0.30708661417322836,0.7716535433070866,0.0
2026-01-16T23:41:17.745175,interface,0.4330708661417323,1.0,0.905511811023622,0.9448818897637795,0.0,0.30708661417322836,0.7716535433070866,0.0
2026-01-16T23:41:21.091436,interface,0.952755905511811,1.0,0.905511811023622,0.9448818897637795,0.0,0.30708661417322836,0.7716535433070866,0.0
2026-01-16T23:41:23.779768,interface,0.5669291338582677,1.0,0.905511811023622,0.9448818897637795,0.0,0.30708661417322836,0.7716535433070866,0.0
2026-01-16T23:41:39.017359,interface,0.015748031496062992,1.0,0.905511811023622,0.9448818897637795,0.0,0.30708661417322836,0.7716535433070866,0.0
2026-01-16T23:41:39.812433,interface,0.28346456692913385,1.0,0.905511811023622,0.9448818897637795,0.0,0.30708661417322836,0.7716535433070866,0.0
2026-01-16T23:41:40.525697,interface,0.5196850393700787,1.0,0.905511811023622,0.9448818897637795,0.0,0.30708661417322836,0.7716535433070866,0.0
2026-01-16T23:41:49.452643,interface,0.03937007874015748,1.0,0.905511811023622,0.9448818897637795,0.0,0.30708661417322836,0.7716535433070866,0.0
2026-01-16T23:42:04.350700,interface,0.047244094488188976,1.0,0.905511811023622,0.9448818897637795,0.0,0.30708661417322836,0.7716535433070866,0.0
2026-01-16T23:42:16.378252,interface,0.015748031496062992,1.0,0.905511811023622,0.9448818897637795,0.0,0.30708661417322836,0.7716535433070866,0.0
2026-01-16T23:44:35.382652,interface,0.031496062992125984,1.0,0.905511811023622,0.9448818897637795,0.0,0.30708661417322836,0.7716535433070866,0.0
2026-01-16T23:44:49.996169,interface,0.7559055118110236,1.0,0.905511811023622,0.9448818897637795,0.0,0.30708661417322836,0.7716535433070866,0.0
2026-01-16T23:44:52.554540,interface,0.33858267716535434,1.0,0.905511811023622,0.9448818897637795,0.0,0.30708661417322836,0.7716535433070866,0.0
2026-01-16T23:44:53.669634,interface,0.1889763779527559,1.0,0.905511811023622,0.9448818897637795,0.0,0.30708661417322836,0.7716535433070866,0.0
2026-01-16T23:44:56.401055,interface,0.13385826771653545,1.0,0.905511811023622,0.9448818897637795,0.0,0.30708661417322836,0.7716535433070866,0.0
2026-01-16T23:44:59.903383,interface,0.7322834645669292,1.0,0.905511811023622,0.9448818897637795,0.0,0.30708661417322836,0.7716535433070866,0.0
2026-01-16T23:45:08.523248,interface,0.2440944881889764,1.0,0.905511811023622,0.9448818897637795,0.0,0.30708661417322836,0.7716535433070866,0.0
2026-01-16T23:45:25.339634,interface,1.0,1.0,0.905511811023622,0.9448818897637795,0.0,0.30708661417322836,0.7716535433070866,0.0
2026-01-16T23:45:48.572758,interface,0.047244094488188976,1.0,0.905511811023622,0.9448818897637795,0.0,0.30708661417322836,0.7716535433070866,0.0
2026-01-16T23:46:01.059819,interface,0.889763779527559,1.0,0.905511811023622,0.9448818897637795,0.0,0.30708661417322836,0.7716535433070866,0.0
2026-01-16T23:46:17.496739,interface,0.1889763779527559,1.0,0.905511811023622,0.9448818897637795,0.0,0.30708661417322836,0.7716535433070866,0.0
2026-01-16T23:46:20.788430,interface,0.6220472440944882,1.0,0.905511811023622,0.9448818897637795,0.0,0.30708661417322836,0.7716535433070866,0.0
2026-01-16T23:46:27.988401,interface,0.4566929133858268,1.0,0.905511811023622,0.9448818897637795,0.0,0.30708661417322836,0.7716535433070866,0.0
2026-01-16T23:46:29.292084,interface,0.6614173228346457,1.0,0.905511811023622,0.9448818897637795,0.0,0.30708661417322836,0.7716535433070866,0.0
2026-01-16T23:46:30.230191,interface,0.16535433070866143,1.0,0.905511811023622,0.9448818897637795,0.0,0.30708661417322836,0.7716535433070866,0.0
2026-01-16T23:46:52.211656,interface,0.007874015748031496,1.0,0.905511811023622,0.9448818897637795,0.0,0.30708661417322836,0.7716535433070866,0.0
2026-01-16T23:46:52.390636,interface,0.47244094488188976,1.0,0.905511811023622,0.9448818897637795,0.0,0.30708661417322836,0.7716535433070866,0.0
2026-01-16T23:46:52.413059,interface,0.47244094488188976,1.0,0.905511811023622,0.9448818897637795,0.0,0.30708661417322836,0.7716535433070866,0.0
2026-01-16T23:48:09.989023,interface,0.0,1.0,0.905511811023622,0.9448818897637795,0.0,0.30708661417322836,0.7716535433070866,0.0
2026-01-16T23:48:11.133792,interface,0.0,1.0,0.905511811023622,0.9448818897637795,0.0,0.30708661417322836,0.7716535433070866,0.0
2026-01-16T23:49:45.453048,interface,0.007874015748031496,1.0,0.905511811023622,0.9448818897637795,0.0,0.30708661417322836,0.7716535433070866,0.0
2026-01-16T23:49:45.578189,interface,0.33070866141732286,1.0,0.905511811023622,0.9448818897637795,0.0,0.30708661417322836,0.7716535433070866,0.0
2026-01-16T23:50:10.794918,interface,0.015748031496062992,1.0,0.905511811023622,0.9448818897637795,0.0,0.30708661417322836,0.7716535433070866,0.0
2026-01-16T23:53:09.526821,interface,0.0,1.0,0.905511811023622,0.9448818897637795,0.0,0.30708661417322836,0.7716535433070866,0.0
2026-01-16T23:53:09.651535,interface,0.33070866141732286,1.0,0.905511811023622,0.9448818897637795,0.0,0.30708661417322836,0.7716535433070866,0.0
2026-01-16T23:53:12.528603,interface,0.1889763779527559,1.0,0.905511811023622,0.9448818897637795,0.0,0.30708661417322836,0.7716535433070866,0.0
2026-01-16T23:53:13.243515,interface,0.18110236220472442,1.0,0.905511811023622,0.9448818897637795,0.0,0.30708661417322836,0.7716535433070866,0.0
2026-01-16T23:53:41.173846,interface,0.0,1.0,0.905511811023622,0.9448818897637795,0.0,0.30708661417322836,0.7716535433070866,0.0
2026-01-16T23:54:11.574608,interface,0.5669291338582677,1.0,0.905511811023622,0.9448818897637795,0.0,0.30708661417322836,0.7716535433070866,0.0
2026-01-16T23:54:11.891908,interface,0.031496062992125984,1.0,0.905511811023622,0.9448818897637795,0.0,0.30708661417322836,0.7716535433070866,0.0
2026-01-16T23:55:08.531986,interface,0.03937007874015748,1.0,0.905511811023622,0.9448818897637795,0.0,0.30708661417322836,0.7716535433070866,0.0
2026-01-16T23:55:08.657712,interface,0.30708661417322836,1.0,0.905511811023622,0.9448818897637795,0.0,0.30708661417322836,0.7716535433070866,0.0
2026-01-16T23:56:29.712838,interface,0.015748031496062992,1.0,0.905511811023622,0.9448818897637795,0.0,0.30708661417322836,0.7716535433070866,0.0
2026-01-16T23:56:32.602268,interface,0.49606299212598426,1.0,0.905511811023622,0.9448818897637795,0.0,0.30708661417322836,0.7716535433070866,0.0
2026-01-16T23:57:08.624852,interface,0.0,1.0,0.905511811023622,0.9448818897637795,0.0,0.30708661417322836,0.7716535433070866,0.0
2026-01-16T23:57:12.498028,interface,0.23622047244094488,1.0,0.905511811023622,0.9448818897637795,0.0,0.30708661417322836,0.7716535433070866,0.0
2026-01-16T23:57:12.512465,interface,0.023622047244094488,1.0,0.905511811023622,0.9448818897637795,0.0,0.30708661417322836,0.7716535433070866,0.0
2026-01-16T23:57:51.712307,interface,0.0,1.0,0.905511811023622,0.9448818897637795,0.0,0.30708661417322836,0.7716535433070866,0.0
2026-01-16T23:57:51.836632,interface,0.2755905511811024,1.0,0.905511811023622,0.9448818897637795,0.0,0.30708661417322836,0.7716535433070866,0.0
2026-01-16T23:57:57.587491,interface,0.07086614173228346,1.0,0.905511811023622,0.9448818897637795,0.0,0.30708661417322836,0.7716535433070866,0.0
2026-01-16T23:59:36.647233,interface,0.031496062992125984,1.0,0.905511811023622,0.9448818897637795,0.0,0.30708661417322836,0.7716535433070866,0.0
2026-01-16T23:59:38.374887,interface,0.36220472440944884,1.0,0.905511811023622,0.9448818897637795,0.0,0.30708661417322836,0.7716535433070866,0.0
2026-01-17T00:02:00.209131,interface,0.047244094488188976,1.0,0.905511811023622,0.9448818897637795,0.0,0.30708661417322836,0.7716535433070866,0.0
2026-01-17T00:02:02.939717,interface,0.5196850393700787,1.0,0.905511811023622,0.9448818897637795,0.0,0.30708661417322836,0.7716535433070866,0.0
2026-01-17T00:02:10.478503,interface,0.9291338582677166,1.0,0.905511811023622,0.9448818897637795,0.0,0.30708661417322836,0.7716535433070866,0.0
2026-01-17T00:02:33.257717,interface,0.03937007874015748,1.0,0.905511811023622,0.9448818897637795,0.0,0.30708661417322836,0.7716535433070866,0.0
2026-01-17T00:02:34.192834,interface,0.007874015748031496,1.0,0.905511811023622,0.9448818897637795,0.0,0.30708661417322836,0.7716535433070866,0.0
2026-01-17T00:02:34.560244,interface,0.3228346456692913,1.0,0.905511811023622,0.9448818897637795,0.0,0.30708661417322836,0.7716535433070866,0.0
2026-01-17T00:02:58.232573,interface,0.0,1.0,0.905511811023622,0.9448818897637795,0.0,0.30708661417322836,0.7716535433070866,0.0
2026-01-17T00:02:58.357382,interface,0.2204724409448819,1.0,0.905511811023622,0.9448818897637795,0.0,0.30708661417322836,0.7716535433070866,0.0
2026-01-17T00:05:49.994428,interface,0.0,1.0,0.905511811023622,0.9448818897637795,0.0,0.30708661417322836,0.7716535433070866,0.0
2026-01-17T00:05:51.079858,interface,0.4251968503937008,1.0,0.905511811023622,0.9448818897637795,0.0,0.30708661417322836,0.7716535433070866,0.0
2026-01-17T00:07:03.487413,interface,0.015748031496062992,1.0,0.905511811023622,0.9448818897637795,0.0,0.30708661417322836,0.7716535433070866,0.0
2026-01-17T00:07:03.612345,interface,0.33858267716535434,1.0,0.905511811023622,0.9448818897637795,0.0,0.30708661417322836,0.7716535433070866,0.0
2026-01-17T00:14:31.524643,interface,0.023622047244094488,1.0,0.905511811023622,0.9448818897637795,0.0,0.30708661417322836,0.7716535433070866,0.0
2026-01-17T00:16:24.871601,interface,0.015748031496062992,1.0,0.905511811023622,0.9448818897637795,0.0,0.30708661417322836,0.7716535433070866,0.0
2026-01-17T00:16:24.996688,interface,0.3700787401574803,1.0,0.905511811023622,0.9448818897637795,0.0,0.30708661417322836,0.7716535433070866,0.0
2026-01-17T00:16:30.652501,interface,0.23622047244094488,1.0,0.905511811023622,0.9448818897637795,0.0,0.30708661417322836,0.7716535433070866,0.0
2026-01-17T00:16:47.739754,interface,0.03937007874015748,1.0,0.905511811023622,0.9448818897637795,0.0,0.30708661417322836,0.7716535433070866,0.0
2026-01-17T00:16:48.271984,interface,0.33070866141732286,1.0,0.905511811023622,0.9448818897637795,0.0,0.30708661417322836,0.7716535433070866,0.0
2026-01-17T00:16:51.099792,interface,0.6614173228346457,1.0,0.905511811023622,0.9448818897637795,0.0,0.30708661417322836,0.7716535433070866,0.0
2026-01-17T00:16:51.114852,interface,0.007874015748031496,1.0,0.905511811023622,0.9448818897637795,0.0,0.30708661417322836,0.7716535433070866,0.0
2026-01-17T00:17:01.423408,interface,0.03937007874015748,1.0,0.905511811023622,0.9448818897637795,0.0,0.30708661417322836,0.7716535433070866,0.0
2026-01-17T00:18:54.829058,interface,0.007874015748031496,1.0,0.905511811023622,0.9448818897637795,0.0,0.30708661417322836,0.7716535433070866,0.0
2026-01-17T00:19:00.989275,interface,0.023622047244094488,1.0,0.905511811023622,0.9448818897637795,0.0,0.30708661417322836,0.7716535433070866,0.0
2026-01-17T00:19:01.031347,interface,0.8503937007874016,1.0,0.905511811023622,0.9448818897637795,0.0,0.30708661417322836,0.7716535433070866,0.0
2026-01-17T00:19:42.190066,interface,0.33070866141732286,1.0,0.905511811023622,0.9448818897637795,0.0,0.30708661417322836,0.7716535433070866,0.0
2026-01-17T00:19:42.315353,interface,0.5275590551181102,1.0,0.905511811023622,0.9448818897637795,0.0,0.30708661417322836,0.7716535433070866,0.0
2026-01-17T00:22:05.982129,interface,0.0,1.0,0.905511811023622,0.9448818897637795,0.0,0.30708661417322836,0.7716535433070866,0.0
2026-01-17T00:22:06.974450,interface,0.14960629921259844,1.0,0.905511811023622,0.9448818897637795,0.0,0.30708661417322836,0.7716535433070866,0.0
2026-01-17T00:22:08.199033,interface,0.28346456692913385,1.0,0.905511811023622,0.9448818897637795,0.0,0.30708661417322836,0.7716535433070866,0.0
2026-01-17T00:22:13.675700,interface,0.4330708661417323,1.0,0.905511811023622,0.9448818897637795,0.0,0.30708661417322836,0.7716535433070866,0.0
2026-01-17T00:22:16.603430,interface,0.05511811023622047,1.0,0.905511811023622,0.9448818897637795,0.0,0.30708661417322836,0.7716535433070866,0.0
2026-01-17T00:22:18.993447,interface,0.09448818897637795,1.0,0.905511811023622,0.9448818897637795,0.0,0.30708661417322836,0.7716535433070866,0.0
2026-01-17T00:23:01.166926,interface,0.015748031496062992,1.0,0.905511811023622,0.9448818897637795,0.0,0.30708661417322836,0.7716535433070866,0.0
2026-01-17T00:23:06.793658,interface,0.7244094488188977,1.0,0.905511811023622,0.9448818897637795,0.0,0.30708661417322836,0.7716535433070866,0.0
2026-01-17T00:23:24.125296,interface,0.7795275590551181,1.0,0.905511811023622,0.9448818897637795,0.0,0.30708661417322836,0.7716535433070866,0.0
2026-01-17T00:24:03.028952,interface,0.47244094488188976,1.0,0.905511811023622,0.9448818897637795,0.0,0.30708661417322836,0.7716535433070866,0.0
2026-01-17T00:24:03.867072,interface,0.031496062992125984,1.0,0.905511811023622,0.9448818897637795,0.0,0.30708661417322836,0.7716535433070866,0.0
2026-01-17T00:24:03.881537,interface,0.5826771653543307,1.0,0.905511811023622,0.9448818897637795,0.0,0.30708661417322836,0.7716535433070866,0.0
2026-01-17T00:24:25.887898,interface,0.2125984251968504,1.0,0.905511811023622,0.9448818897637795,0.0,0.30708661417322836,0.7716535433070866,0.0
2026-01-17T00:24:27.748958,interface,0.905511811023622,1.0,0.905511811023622,0.9448818897637795,0.0,0.30708661417322836,0.7716535433070866,0.0
2026-01-17T00:24:28.861986,interface,0.7559055118110236,1.0,0.905511811023622,0.9448818897637795,0.0,0.30708661417322836,0.7716535433070866,0.0
2026-01-17T00:24:31.597573,interface,0.11023622047244094,1.0,0.905511811023622,0.9448818897637795,0.0,0.30708661417322836,0.7716535433070866,0.0
2026-01-17T00:24:47.645849,interface,0.047244094488188976,1.0,0.905511811023622,0.9448818897637795,0.0,0.30708661417322836,0.7716535433070866,0.0
2026-01-17T00:24:49.937632,interface,0.0,1.0,0.905511811023622,0.9448818897637795,0.0,0.30708661417322836,0.7716535433070866,0.0
2026-01-17T00:24:53.029759,interface,0.09448818897637795,1.0,0.905511811023622,0.9448818897637795,0.0,0.30708661417322836,0.7716535433070866,0.0
2026-01-17T00:25:42.076034,interface,0.007874015748031496,1.0,0.905511811023622,0.9448818897637795,0.0,0.30708661417322836,0.7716535433070866,0.0
2026-01-17T00:25:42.200936,interface,0.33070866141732286,1.0,0.905511811023622,0.9448818897637795,0.0,0.30708661417322836,0.7716535433070866,0.0
2026-01-17T00:28:15.148271,interface,0.015748031496062992,1.0,0.905511811023622,0.9448818897637795,0.0,0.30708661417322836,0.7716535433070866,0.0
2026-01-17T00:28:16.059130,interface,0.36220472440944884,1.0,0.905511811023622,0.9448818897637795,0.0,0.30708661417322836,0.7716535433070866,0.0
2026-01-17T00:28:43.509780,interface,0.0,1.0,0.905511811023622,0.9448818897637795,0.0,0.30708661417322836,0.7716535433070866,0.0
2026-01-17T00:28:48.058008,interface,0.06299212598425197,1.0,0.905511811023622,0.9448818897637795,0.0,0.30708661417322836,0.7716535433070866,0.0
2026-01-17T00:29:08.817512,interface,0.0,1.0,0.905511811023622,0.9448818897637795,0.0,0.30708661417322836,0.7716535433070866,0.0
2026-01-17T00:29:11.177824,interface,0.0,1.0,0.905511811023622,0.9448818897637795,0.0,0.30708661417322836,0.7716535433070866,0.0
2026-01-17T00:32:21.132061,interface,0.007874015748031496,1.0,0.905511811023622,0.9448818897637795,0.0,0.30708661417322836,0.7716535433070866,0.0
2026-01-17T00:32:21.268136,interface,0.6220472440944882,1.0,0.905511811023622,0.9448818897637795,0.0,0.30708661417322836,0.7716535433070866,0.0
2026-01-17T00:32:30.198817,interface,0.937007874015748,1.0,0.905511811023622,0.9448818897637795,0.0,0.30708661417322836,0.7716535433070866,0.0
2026-01-17T00:32:41.565088,interface,0.7165354330708661,1.0,0.905511811023622,0.9448818897637795,0.0,0.30708661417322836,0.7716535433070866,0.0
2026-01-17T00:32:47.276891,interface,1.0,1.0,0.905511811023622,0.9448818897637795,0.0,0.30708661417322836,0.7716535433070866,0.0
2026-01-17T00:33:26.859899,interface,0.0,1.0,0.905511811023622,0.9448818897637795,0.0,0.30708661417322836,0.7716535433070866,0.0
2026-01-17T00:33:43.053818,interface,0.8503937007874016,1.0,0.905511811023622,0.9448818897637795,0.0,0.30708661417322836,0.7716535433070866,0.0
2026-01-17T00:33:59.961581,interface,0.4330708661417323,1.0,0.905511811023622,0.9448818897637795,0.0,0.30708661417322836,0.7716535433070866,0.0
2026-01-17T00:34:01.151528,interface,0.0,1.0,0.905511811023622,0.9448818897637795,0.0,0.30708661417322836,0.7716535433070866,0.0
2026-01-17T00:34:11.291888,interface,0.0,1.0,0.905511811023622,0.9448818897637795,0.0,0.30708661417322836,0.7716535433070866,0.0
2026-01-17T00:34:29.142693,interface,0.015748031496062992,1.0,0.905511811023622,0.9448818897637795,0.0,0.30708661417322836,0.7716535433070866,0.0
2026-01-17T00:34:29.336620,interface,0.05511811023622047,1.0,0.905511811023622,0.9448818897637795,0.0,0.30708661417322836,0.7716535433070866,0.0
2026-01-17T00:35:22.213773,interface,0.6614173228346457,1.0,0.905511811023622,0.9448818897637795,0.0,0.30708661417322836,0.7716535433070866,0.0
2026-01-17T00:35:22.672253,interface,0.4330708661417323,1.0,0.905511811023622,0.9448818897637795,0.0,0.30708661417322836,0.7716535433070866,0.0
2026-01-17T00:35:23.007967,interface,0.4330708661417323,1.0,0.905511811023622,0.9448818897637795,0.0,0.30708661417322836,0.7716535433070866,0.0
2026-01-17T00:35:24.200851,interface,0.47244094488188976,1.0,0.905511811023622,0.9448818897637795,0.0,0.30708661417322836,0.7716535433070866,0.0
2026-01-17T00:35:24.219069,interface,0.5275590551181102,1.0,0.905511811023622,0.9448818897637795,0.0,0.30708661417322836,0.7716535433070866,0.0
2026-01-17T00:35:24.279095,interface,0.6220472440944882,1.0,0.905511811023622,0.9448818897637795,0.0,0.30708661417322836,0.7716535433070866,0.0
2026-01-17T00:35:24.323873,interface,0.4330708661417323,1.0,0.905511811023622,0.9448818897637795,0.0,0.30708661417322836,0.7716535433070866,0.0
2026-01-17T00:35:24.409968,interface,0.4330708661417323,1.0,0.905511811023622,0.9448818897637795,0.0,0.30708661417322836,0.7716535433070866,0.0
2026-01-17T00:35:24.490454,interface,0.6614173228346457,1.0,0.905511811023622,0.9448818897637795,0.0,0.30708661417322836,0.7716535433070866,0.0
2026-01-17T00:35:24.631494,interface,0.6220472440944882,1.0,0.905511811023622,0.9448818897637795,0.0,0.30708661417322836,0.7716535433070866,0.0
2026-01-17T00:35:24.803497,interface,0.4330708661417323,1.0,0.905511811023622,0.9448818897637795,0.0,0.30708661417322836,0.7716535433070866,0.0
2026-01-17T00:35:24.818254,interface,0.6062992125984252,1.0,0.905511811023622,0.9448818897637795,0.0,0.30708661417322836,0.7716535433070866,0.0
2026-01-17T00:35:24.828630,interface,0.5669291338582677,1.0,0.905511811023622,0.9448818897637795,0.0,0.30708661417322836,0.7716535433070866,0.0
2026-01-17T00:35:24.922919,interface,0.4330708661417323,1.0,0.905511811023622,0.9448818897637795,0.0,0.30708661417322836,0.7716535433070866,0.0
2026-01-17T00:35:25.024075,interface,0.6220472440944882,1.0,0.905511811023622,0.9448818897637795,0.0,0.30708661417322836,0.7716535433070866,0.0
2026-01-17T00:35:25.032867,interface,0.47244094488188976,1.0,0.905511811023622,0.9448818897637795,0.0,0.30708661417322836,0.7716535433070866,0.0
2026-01-17T00:35:25.034215,interface,0.6220472440944882,1.0,0.905511811023622,0.9448818897637795,0.0,0.30708661417322836,0.7716535433070866,0.0
2026-01-17T00:35:25.116146,interface,0.4330708661417323,1.0,0.905511811023622,0.9448818897637795,0.0,0.30708661417322836,0.7716535433070866,0.0
2026-01-17T00:35:25.200367,interface,0.7165354330708661,1.0,0.905511811023622,0.9448818897637795,0.0,0.30708661417322836,0.7716535433070866,0.0
2026-01-17T00:35:25.235985,interface,0.5669291338582677,1.0,0.905511811023622,0.9448818897637795,0.0,0.30708661417322836,0.7716535433070866,0.0
2026-01-17T00:35:25.315251,interface,0.4330708661417323,1.0,0.905511811023622,0.9448818897637795,0.0,0.30708661417322836,0.7716535433070866,0.0
2026-01-17T00:35:25.357316,interface,0.7165354330708661,1.0,0.905511811023622,0.9448818897637795,0.0,0.30708661417322836,0.7716535433070866,0.0
2026-01-17T00:35:25.415003,interface,0.6220472440944882,1.0,0.905511811023622,0.9448818897637795,0.0,0.30708661417322836,0.7716535433070866,0.0
2026-01-17T00:35:25.442298,interface,0.47244094488188976,1.0,0.905511811023622,0.9448818897637795,0.0,0.30708661417322836,0.7716535433070866,0.0
2026-01-17T00:35:25.652912,interface,0.6220472440944882,1.0,0.905511811023622,0.9448818897637795,0.0,0.30708661417322836,0.7716535433070866,0.0
2026-01-17T00:35:25.701396,interface,0.5275590551181102,1.0,0.905511811023622,0.9448818897637795,0.0,0.30708661417322836,0.7716535433070866,0.0
2026-01-17T00:35:28.653595,interface,0.4330708661417323,1.0,0.905511811023622,0.9448818897637795,0.0,0.30708661417322836,0.7716535433070866,0.0
2026-01-17T00:35:29.011492,interface,0.4330708661417323,1.0,0.905511811023622,0.9448818897637795,0.0,0.30708661417322836,0.7716535433070866,0.0
2026-01-17T00:35:29.144441,interface,0.4330708661417323,1.0,0.905511811023622,0.9448818897637795,0.0,0.30708661417322836,0.7716535433070866,0.0
2026-01-17T00:35:29.365736,interface,0.4330708661417323,1.0,0.905511811023622,0.9448818897637795,0.0,0.30708661417322836,0.7716535433070866,0.0
2026-01-17T00:35:29.652726,interface,0.6220472440944882,1.0,0.905511811023622,0.9448818897637795,0.0,0.30708661417322836,0.7716535433070866,0.0
2026-01-17T00:35:29.753894,interface,0.6614173228346457,1.0,0.905511811023622,0.9448818897637795,0.0,0.30708661417322836,0.7716535433070866,0.0
2026-01-17T00:35:29.851950,interface,0.4330708661417323,1.0,0.905511811023622,0.9448818897637795,0.0,0.30708661417322836,0.7716535433070866,0.0
2026-01-17T00:35:30.143873,interface,0.6220472440944882,1.0,0.905511811023622,0.9448818897637795,0.0,0.30708661417322836,0.7716535433070866,0.0
2026-01-17T00:35:30.226911,interface,0.47244094488188976,1.0,0.905511811023622,0.9448818897637795,0.0,0.30708661417322836,0.7716535433070866,0.0
2026-01-17T00:35:30.355298,interface,0.6220472440944882,1.0,0.905511811023622,0.9448818897637795,0.0,0.30708661417322836,0.7716535433070866,0.0
2026-01-17T00:35:30.372777,interface,0.4645669291338583,1.0,0.905511811023622,0.9448818897637795,0.0,0.30708661417322836,0.7716535433070866,0.0
2026-01-17T00:35:30.463326,interface,0.6614173228346457,1.0,0.905511811023622,0.9448818897637795,0.0,0.30708661417322836,0.7716535433070866,0.0
2026-01-17T00:35:30.539925,interface,0.6220472440944882,1.0,0.905511811023622,0.9448818897637795,0.0,0.30708661417322836,0.7716535433070866,0.0
2026-01-17T00:35:30.824004,interface,0.8110236220472441,1.0,0.905511811023622,0.9448818897637795,0.0,0.30708661417322836,0.7716535433070866,0.0
2026-01-17T00:35:30.825336,interface,0.5669291338582677,1.0,0.905511811023622,0.9448818897637795,0.0,0.30708661417322836,0.7716535433070866,0.0
2026-01-17T00:35:31.147040,interface,0.6220472440944882,1.0,0.905511811023622,0.9448818897637795,0.0,0.30708661417322836,0.7716535433070866,0.0
2026-01-17T00:35:31.293324,interface,0.8110236220472441,1.0,0.905511811023622,0.9448818897637795,0.0,0.30708661417322836,0.7716535433070866,0.0
2026-01-17T00:35:31.593607,interface,0.6220472440944882,1.0,0.905511811023622,0.9448818897637795,0.0,0.30708661417322836,0.7716535433070866,0.0
2026-01-17T00:35:31.748297,interface,0.8110236220472441,1.0,0.905511811023622,0.9448818897637795,0.0,0.30708661417322836,0.7716535433070866,0.0
2026-01-17T00:35:31.818748,interface,0.6220472440944882,1.0,0.905511811023622,0.9448818897637795,0.0,0.30708661417322836,0.7716535433070866,0.0
2026-01-17T00:35:31.935358,interface,0.8110236220472441,1.0,0.905511811023622,0.9448818897637795,0.0,0.30708661417322836,0.7716535433070866,0.0
2026-01-17T00:35:32.737222,interface,0.8110236220472441,1.0,0.905511811023622,0.9448818897637795,0.0,0.30708661417322836,0.7716535433070866,0.0
2026-01-17T00:35:32.749478,interface,0.6220472440944882,1.0,0.905511811023622,0.9448818897637795,0.0,0.30708661417322836,0.7716535433070866,0.0
2026-01-17T00:35:32.799287,interface,0.6614173228346457,1.0,0.905511811023622,0.9448818897637795,0.0,0.30708661417322836,0.7716535433070866,0.0
2026-01-17T00:35:32.891351,interface,0.8110236220472441,1.0,0.905511811023622,0.9448818897637795,0.0,0.30708661417322836,0.7716535433070866,0.0
2026-01-17T00:35:33.043900,interface,0.7165354330708661,1.0,0.905511811023622,0.9448818897637795,0.0,0.30708661417322836,0.7716535433070866,0.0
2026-01-17T00:35:33.093154,interface,0.8110236220472441,1.0,0.905511811023622,0.9448818897637795,0.0,0.30708661417322836,0.7716535433070866,0.0
2026-01-17T00:35:33.093883,interface,0.7165354330708661,1.0,0.905511811023622,0.9448818897637795,0.0,0.30708661417322836,0.7716535433070866,0.0
2026-01-17T00:35:33.119216,interface,0.8110236220472441,1.0,0.905511811023622,0.9448818897637795,0.0,0.30708661417322836,0.7716535433070866,0.0
2026-01-17T00:35:33.190784,interface,0.5275590551181102,1.0,0.905511811023622,0.9448818897637795,0.0,0.30708661417322836,0.7716535433070866,0.0
2026-01-17T00:35:33.377615,interface,0.905511811023622,1.0,0.905511811023622,0.9448818897637795,0.0,0.30708661417322836,0.7716535433070866,0.0
2026-01-17T00:35:33.459891,interface,0.8503937007874016,1.0,0.905511811023622,0.9448818897637795,0.0,0.30708661417322836,0.7716535433070866,0.0
2026-01-17T00:35:33.552537,interface,0.6614173228346457,1.0,0.905511811023622,0.9448818897637795,0.0,0.30708661417322836,0.7716535433070866,0.0
2026-01-17T00:35:34.476975,interface,0.7165354330708661,1.0,0.905511811023622,0.9448818897637795,0.0,0.30708661417322836,0.7716535433070866,0.0
2026-01-17T00:35:34.514369,interface,0.8110236220472441,1.0,0.905511811023622,0.9448818897637795,0.0,0.30708661417322836,0.7716535433070866,0.0
2026-01-17T00:35:34.552577,interface,0.7165354330708661,1.0,0.905511811023622,0.9448818897637795,0.0,0.30708661417322836,0.7716535433070866,0.0
2026-01-17T00:35:34.791250,interface,0.905511811023622,1.0,0.905511811023622,0.9448818897637795,0.0,0.30708661417322836,0.7716535433070866,0.0
2026-01-17T00:35:34.806374,interface,0.7322834645669292,1.0,0.905511811023622,0.9448818897637795,0.0,0.30708661417322836,0.7716535433070866,0.0
2026-01-17T00:35:35.545189,interface,0.6220472440944882,1.0,0.905511811023622,0.9448818897637795,0.0,0.30708661417322836,0.7716535433070866,0.0
2026-01-17T00:35:35.564381,interface,0.8503937007874016,1.0,0.905511811023622,0.9448818897637795,0.0,0.30708661417322836,0.7716535433070866,0.0
2026-01-17T00:35:36.180092,interface,0.6614173228346457,1.0,0.905511811023622,0.9448818897637795,0.0,0.30708661417322836,0.7716535433070866,0.0
2026-01-17T00:35:36.194841,interface,0.8582677165354331,1.0,0.905511811023622,0.9448818897637795,0.0,0.30708661417322836,0.7716535433070866,0.0
2026-01-17T00:35:36.782652,interface,0.6614173228346457,1.0,0.905511811023622,0.9448818897637795,0.0,0.30708661417322836,0.7716535433070866,0.0
2026-01-17T00:35:36.826955,interface,0.6220472440944882,1.0,0.905511811023622,0.9448818897637795,0.0,0.30708661417322836,0.7716535433070866,0.0
2026-01-17T00:35:37.486410,interface,0.07086614173228346,1.0,0.905511811023622,0.9448818897637795,0.0,0.30708661417322836,0.7716535433070866,0.0
2026-01-17T00:35:37.487181,interface,0.07086614173228346,1.0,0.905511811023622,0.5433070866141733,0.0,0.30708661417322836,0.7716535433070866,0.0
2026-01-17T00:35:37.497141,interface,0.07086614173228346,1.0,0.905511811023622,0.4566929133858268,0.0,0.30708661417322836,0.7716535433070866,0.0
2026-01-17T00:35:37.505935,interface,0.07086614173228346,1.0,0.905511811023622,0.3543307086614173,0.0,0.30708661417322836,0.7716535433070866,0.0
2026-01-17T00:35:37.519653,interface,0.07086614173228346,1.0,0.905511811023622,0.25196850393700787,0.0,0.30708661417322836,0.7716535433070866,0.0
2026-01-17T00:35:37.533364,interface,0.07086614173228346,1.0,0.905511811023622,0.14960629921259844,0.0,0.30708661417322836,0.7716535433070866,0.0
2026-01-17T00:35:37.541897,interface,0.07086614173228346,1.0,0.905511811023622,0.047244094488188976,0.0,0.30708661417322836,0.7716535433070866,0.0
2026-01-17T00:35:37.570829,interface,0.07086614173228346,1.0,0.905511811023622,0.25196850393700787,0.0,0.30708661417322836,0.7716535433070866,0.0
2026-01-17T00:35:38.135139,interface,0.06299212598425197,1.0,0.905511811023622,0.25196850393700787,0.0,0.30708661417322836,0.7716535433070866,0.0
2026-01-17T00:35:38.135784,interface,0.06299212598425197,1.0,0.3464566929133858,0.25196850393700787,0.0,0.30708661417322836,0.7716535433070866,0.0
2026-01-17T00:35:38.151330,interface,0.7007874015748031,1.0,0.3464566929133858,0.25196850393700787,0.0,0.30708661417322836,0.7716535433070866,0.0
2026-01-17T00:35:38.151988,interface,0.7007874015748031,1.0,0.25196850393700787,0.25196850393700787,0.0,0.30708661417322836,0.7716535433070866,0.0
2026-01-17T00:35:38.170422,interface,0.7007874015748031,1.0,0.23622047244094488,0.25196850393700787,0.0,0.30708661417322836,0.7716535433070866,0.0
2026-01-17T00:35:38.234622,interface,0.7007874015748031,1.0,0.23622047244094488,0.25196850393700787,0.0,0.30708661417322836,0.7716535433070866,0.0
2026-01-17T00:35:38.653843,interface,0.18110236220472442,1.0,0.23622047244094488,0.25196850393700787,0.0,0.30708661417322836,0.7716535433070866,0.0
2026-01-17T00:35:39.633797,interface,0.8110236220472441,1.0,0.23622047244094488,0.25196850393700787,0.0,0.30708661417322836,0.7716535433070866,0.0
2026-01-17T00:35:39.699015,interface,0.8110236220472441,1.0,0.23622047244094488,0.25196850393700787,0.0,0.30708661417322836,0.7716535433070866,0.0
2026-01-17T00:35:39.827836,interface,0.8110236220472441,1.0,0.23622047244094488,0.25196850393700787,0.0,0.30708661417322836,0.7716535433070866,0.0
2026-01-17T00:35:39.968617,interface,0.8110236220472441,1.0,0.23622047244094488,0.25196850393700787,0.0,0.30708661417322836,0.7716535433070866,0.0
2026-01-17T00:35:40.040243,interface,0.8110236220472441,1.0,0.23622047244094488,0.25196850393700787,0.0,0.30708661417322836,0.7716535433070866,0.0
2026-01-17T00:35:40.346564,interface,0.8110236220472441,1.0,0.23622047244094488,0.25196850393700787,0.0,0.30708661417322836,0.7716535433070866,0.0
2026-01-17T00:35:40.563735,interface,0.8110236220472441,1.0,0.23622047244094488,0.25196850393700787,0.0,0.30708661417322836,0.7716535433070866,0.0
2026-01-17T00:35:40.754089,interface,0.8110236220472441,1.0,0.23622047244094488,0.25196850393700787,0.0,0.30708661417322836,0.7716535433070866,0.0
2026-01-17T00:35:40.927743,interface,0.8110236220472441,1.0,0.23622047244094488,0.25196850393700787,0.0,0.30708661417322836,0.7716535433070866,0.0
2026-01-17T00:35:41.106948,interface,0.8110236220472441,1.0,0.23622047244094488,0.25196850393700787,0.0,0.30708661417322836,0.7716535433070866,0.0
2026-01-17T00:35:41.289800,interface,0.8110236220472441,1.0,0.23622047244094488,0.25196850393700787,0.0,0.30708661417322836,0.7716535433070866,0.0
2026-01-17T00:35:41.569632,interface,0.8110236220472441,1.0,0.23622047244094488,0.25196850393700787,0.0,0.30708661417322836,0.7716535433070866,0.0
2026-01-17T00:35:43.072387,interface,0.7559055118110236,1.0,0.23622047244094488,0.25196850393700787,0.0,0.30708661417322836,0.7716535433070866,0.0
2026-01-17T00:35:43.073753,interface,0.6929133858267716,1.0,0.23622047244094488,0.25196850393700787,0.0,0.30708661417322836,0.7716535433070866,0.0
2026-01-17T00:35:43.278667,interface,0.7559055118110236,1.0,0.23622047244094488,0.25196850393700787,0.0,0.30708661417322836,0.7716535433070866,0.0
2026-01-17T00:35:43.451451,interface,0.7559055118110236,1.0,0.23622047244094488,0.25196850393700787,0.0,0.30708661417322836,0.7716535433070866,0.0
2026-01-17T00:35:43.604729,interface,0.7559055118110236,1.0,0.23622047244094488,0.25196850393700787,0.0,0.30708661417322836,0.7716535433070866,0.0
2026-01-17T00:35:43.760132,interface,0.7559055118110236,1.0,0.23622047244094488,0.25196850393700787,0.0,0.30708661417322836,0.7716535433070866,0.0
2026-01-17T00:35:43.939932,interface,0.7559055118110236,1.0,0.23622047244094488,0.25196850393700787,0.0,0.30708661417322836,0.7716535433070866,0.0
2026-01-17T00:35:44.147712,interface,0.7559055118110236,1.0,0.23622047244094488,0.25196850393700787,0.0,0.30708661417322836,0.7716535433070866,0.0
2026-01-17T00:35:44.429117,interface,0.7559055118110236,1.0,0.23622047244094488,0.25196850393700787,0.0,0.30708661417322836,0.7716535433070866,0.0
2026-01-17T00:35:45.887661,interface,0.8110236220472441,1.0,0.23622047244094488,0.25196850393700787,0.0,0.30708661417322836,0.7716535433070866,0.0
2026-01-17T00:35:46.032275,interface,0.905511811023622,1.0,0.23622047244094488,0.25196850393700787,0.0,0.30708661417322836,0.7716535433070866,0.0
2026-01-17T00:35:46.243419,interface,0.6220472440944882,1.0,0.23622047244094488,0.25196850393700787,0.0,0.30708661417322836,0.7716535433070866,0.0
2026-01-17T00:35:46.491188,interface,0.6614173228346457,1.0,0.23622047244094488,0.25196850393700787,0.0,0.30708661417322836,0.7716535433070866,0.0
2026-01-17T00:35:46.840949,interface,0.7559055118110236,1.0,0.23622047244094488,0.25196850393700787,0.0,0.30708661417322836,0.7716535433070866,0.0
2026-01-17T00:35:47.467433,interface,0.5669291338582677,1.0,0.23622047244094488,0.25196850393700787,0.0,0.30708661417322836,0.7716535433070866,0.0
2026-01-17T00:35:47.726738,interface,0.7559055118110236,1.0,0.23622047244094488,0.25196850393700787,0.0,0.30708661417322836,0.7716535433070866,0.0
2026-01-17T00:35:47.861614,interface,0.6614173228346457,1.0,0.23622047244094488,0.25196850393700787,0.0,0.30708661417322836,0.7716535433070866,0.0
2026-01-17T00:35:47.877544,interface,0.7480314960629921,1.0,0.23622047244094488,0.25196850393700787,0.0,0.30708661417322836,0.7716535433070866,0.0
2026-01-17T00:35:47.976638,interface,0.6220472440944882,1.0,0.23622047244094488,0.25196850393700787,0.0,0.30708661417322836,0.7716535433070866,0.0
2026-01-17T00:35:48.088175,interface,0.7165354330708661,1.0,0.23622047244094488,0.25196850393700787,0.0,0.30708661417322836,0.7716535433070866,0.0
2026-01-17T00:35:48.164662,interface,0.8110236220472441,1.0,0.23622047244094488,0.25196850393700787,0.0,0.30708661417322836,0.7716535433070866,0.0
2026-01-17T00:35:48.290888,interface,0.47244094488188976,1.0,0.23622047244094488,0.25196850393700787,0.0,0.30708661417322836,0.7716535433070866,0.0
2026-01-17T00:35:48.298970,interface,0.8031496062992126,1.0,0.23622047244094488,0.25196850393700787,0.0,0.30708661417322836,0.7716535433070866,0.0
2026-01-17T00:35:48.511962,interface,0.5275590551181102,1.0,0.23622047244094488,0.25196850393700787,0.0,0.30708661417322836,0.7716535433070866,0.0
2026-01-17T00:35:48.518677,interface,0.8582677165354331,1.0,0.23622047244094488,0.25196850393700787,0.0,0.30708661417322836,0.7716535433070866,0.0
2026-01-17T00:35:48.581261,interface,0.47244094488188976,1.0,0.23622047244094488,0.25196850393700787,0.0,0.30708661417322836,0.7716535433070866,0.0
2026-01-17T00:35:48.666261,interface,0.8503937007874016,1.0,0.23622047244094488,0.25196850393700787,0.0,0.30708661417322836,0.7716535433070866,0.0
2026-01-17T00:35:48.726660,interface,0.6614173228346457,1.0,0.23622047244094488,0.25196850393700787,0.0,0.30708661417322836,0.7716535433070866,0.0
2026-01-17T00:35:49.603789,interface,0.6220472440944882,1.0,0.23622047244094488,0.25196850393700787,0.0,0.30708661417322836,0.7716535433070866,0.0
2026-01-17T00:35:49.717733,interface,0.6220472440944882,1.0,0.23622047244094488,0.25196850393700787,0.0,0.30708661417322836,0.7716535433070866,0.0
2026-01-17T00:35:49.856886,interface,0.6220472440944882,1.0,0.23622047244094488,0.25196850393700787,0.0,0.30708661417322836,0.7716535433070866,0.0
2026-01-17T00:35:49.992695,interface,0.6220472440944882,1.0,0.23622047244094488,0.25196850393700787,0.0,0.30708661417322836,0.7716535433070866,0.0
2026-01-17T00:35:50.091432,interface,0.6220472440944882,1.0,0.23622047244094488,0.25196850393700787,0.0,0.30708661417322836,0.7716535433070866,0.0
2026-01-17T00:35:50.153338,interface,0.6220472440944882,1.0,0.23622047244094488,0.25196850393700787,0.0,0.30708661417322836,0.7716535433070866,0.0
2026-01-17T00:35:50.226632,interface,0.6220472440944882,1.0,0.23622047244094488,0.25196850393700787,0.0,0.30708661417322836,0.7716535433070866,0.0
2026-01-17T00:35:50.310287,interface,0.6220472440944882,1.0,0.23622047244094488,0.25196850393700787,0.0,0.30708661417322836,0.7716535433070866,0.0
2026-01-17T00:35:50.465323,interface,0.6614173228346457,1.0,0.23622047244094488,0.25196850393700787,0.0,0.30708661417322836,0.7716535433070866,0.0
2026-01-17T00:35:50.519541,interface,0.8110236220472441,1.0,0.23622047244094488,0.25196850393700787,0.0,0.30708661417322836,0.7716535433070866,0.0
2026-01-17T00:35:56.342081,interface,0.14173228346456693,1.0,0.23622047244094488,0.25196850393700787,0.0,0.30708661417322836,0.7716535433070866,0.0
2026-01-17T00:35:56.603115,interface,0.05511811023622047,1.0,0.23622047244094488,0.25196850393700787,0.0,0.30708661417322836,0.7716535433070866,0.0
2026-01-17T00:36:07.528575,interface,0.8503937007874016,1.0,0.23622047244094488,0.25196850393700787,0.0,0.30708661417322836,0.7716535433070866,0.0
2026-01-17T00:36:10.223839,interface,0.7559055118110236,1.0,0.23622047244094488,0.25196850393700787,0.0,0.30708661417322836,0.7716535433070866,0.0
2026-01-17T00:36:10.273717,interface,0.7165354330708661,1.0,0.23622047244094488,0.25196850393700787,0.0,0.30708661417322836,0.7716535433070866,0.0
2026-01-17T00:36:10.287124,interface,0.5669291338582677,1.0,0.23622047244094488,0.25196850393700787,0.0,0.30708661417322836,0.7716535433070866,0.0
2026-01-17T00:36:10.288493,interface,0.7165354330708661,1.0,0.23622047244094488,0.25196850393700787,0.0,0.30708661417322836,0.7716535433070866,0.0
2026-01-17T00:36:10.512969,interface,0.905511811023622,1.0,0.23622047244094488,0.25196850393700787,0.0,0.30708661417322836,0.7716535433070866,0.0
2026-01-17T00:36:10.585305,interface,0.8110236220472441,1.0,0.23622047244094488,0.25196850393700787,0.0,0.30708661417322836,0.7716535433070866,0.0
2026-01-17T00:36:11.064129,interface,0.6220472440944882,1.0,0.23622047244094488,0.25196850393700787,0.0,0.30708661417322836,0.7716535433070866,0.0
2026-01-17T00:36:11.110218,interface,0.6614173228346457,1.0,0.23622047244094488,0.25196850393700787,0.0,0.30708661417322836,0.7716535433070866,0.0
2026-01-17T00:36:11.123375,interface,0.7559055118110236,1.0,0.23622047244094488,0.25196850393700787,0.0,0.30708661417322836,0.7716535433070866,0.0
2026-01-17T00:36:11.181734,interface,0.6614173228346457,1.0,0.23622047244094488,0.25196850393700787,0.0,0.30708661417322836,0.7716535433070866,0.0
2026-01-17T00:36:11.199814,interface,0.5669291338582677,1.0,0.23622047244094488,0.25196850393700787,0.0,0.30708661417322836,0.7716535433070866,0.0
2026-01-17T00:36:11.569768,interface,0.8503937007874016,1.0,0.23622047244094488,0.25196850393700787,0.0,0.30708661417322836,0.7716535433070866,0.0
2026-01-17T00:36:11.628410,interface,0.7559055118110236,1.0,0.23622047244094488,0.25196850393700787,0.0,0.30708661417322836,0.7716535433070866,0.0
2026-01-17T00:36:11.851385,interface,0.5669291338582677,1.0,0.23622047244094488,0.25196850393700787,0.0,0.30708661417322836,0.7716535433070866,0.0
2026-01-17T00:36:11.950922,interface,0.6614173228346457,1.0,0.23622047244094488,0.25196850393700787,0.0,0.30708661417322836,0.7716535433070866,0.0
2026-01-17T00:36:12.066025,interface,0.8110236220472441,1.0,0.23622047244094488,0.25196850393700787,0.0,0.30708661417322836,0.7716535433070866,0.0
2026-01-17T00:36:12.137484,interface,0.8503937007874016,1.0,0.23622047244094488,0.25196850393700787,0.0,0.30708661417322836,0.7716535433070866,0.0
2026-01-17T00:36:12.228010,interface,0.6220472440944882,1.0,0.23622047244094488,0.25196850393700787,0.0,0.30708661417322836,0.7716535433070866,0.0
2026-01-17T00:36:12.320913,interface,0.905511811023622,1.0,0.23622047244094488,0.25196850393700787,0.0,0.30708661417322836,0.7716535433070866,0.0
2026-01-17T00:36:12.485918,interface,0.6614173228346457,1.0,0.23622047244094488,0.25196850393700787,0.0,0.30708661417322836,0.7716535433070866,0.0
2026-01-17T00:36:12.572183,interface,0.5669291338582677,1.0,0.23622047244094488,0.25196850393700787,0.0,0.30708661417322836,0.7716535433070866,0.0
2026-01-17T00:36:12.699436,interface,0.7165354330708661,1.0,0.23622047244094488,0.25196850393700787,0.0,0.30708661417322836,0.7716535433070866,0.0
2026-01-17T00:36:12.837065,interface,0.7559055118110236,1.0,0.23622047244094488,0.25196850393700787,0.0,0.30708661417322836,0.7716535433070866,0.0
2026-01-17T00:36:12.855401,interface,0.937007874015748,1.0,0.23622047244094488,0.25196850393700787,0.0,0.30708661417322836,0.7716535433070866,0.0
2026-01-17T00:36:12.914348,interface,0.6614173228346457,1.0,0.23622047244094488,0.25196850393700787,0.0,0.30708661417322836,0.7716535433070866,0.0
2026-01-17T00:36:13.051237,interface,0.5669291338582677,1.0,0.23622047244094488,0.25196850393700787,0.0,0.30708661417322836,0.7716535433070866,0.0
2026-01-17T00:36:13.052629,interface,0.6535433070866141,1.0,0.23622047244094488,0.25196850393700787,0.0,0.30708661417322836,0.7716535433070866,0.0
2026-01-17T00:36:13.679529,interface,0.5669291338582677,1.0,0.23622047244094488,0.25196850393700787,0.0,0.30708661417322836,0.7716535433070866,0.0
2026-01-17T00:36:13.779023,interface,0.6614173228346457,1.0,0.23622047244094488,0.25196850393700787,0.0,0.30708661417322836,0.7716535433070866,0.0
2026-01-17T00:36:13.990472,interface,0.6220472440944882,1.0,0.23622047244094488,0.25196850393700787,0.0,0.30708661417322836,0.7716535433070866,0.0
2026-01-17T00:36:14.374208,interface,0.8110236220472441,1.0,0.23622047244094488,0.25196850393700787,0.0,0.30708661417322836,0.7716535433070866,0.0
2026-01-17T00:36:14.442557,interface,0.8110236220472441,1.0,0.23622047244094488,0.25196850393700787,0.0,0.30708661417322836,0.7716535433070866,0.0
2026-01-17T00:36:14.561503,interface,0.8110236220472441,1.0,0.23622047244094488,0.25196850393700787,0.0,0.30708661417322836,0.7716535433070866,0.0
2026-01-17T00:36:14.627672,interface,0.8110236220472441,1.0,0.23622047244094488,0.25196850393700787,0.0,0.30708661417322836,0.7716535433070866,0.0
2026-01-17T00:36:14.708232,interface,0.8110236220472441,1.0,0.23622047244094488,0.25196850393700787,0.0,0.30708661417322836,0.7716535433070866,0.0
2026-01-17T00:36:14.777163,interface,0.8110236220472441,1.0,0.23622047244094488,0.25196850393700787,0.0,0.30708661417322836,0.7716535433070866,0.0
2026-01-17T00:36:14.849730,interface,0.8110236220472441,1.0,0.23622047244094488,0.25196850393700787,0.0,0.30708661417322836,0.7716535433070866,0.0
2026-01-17T00:36:14.918098,interface,0.8110236220472441,1.0,0.23622047244094488,0.25196850393700787,0.0,0.30708661417322836,0.7716535433070866,0.0
2026-01-17T00:36:14.993779,interface,0.8110236220472441,1.0,0.23622047244094488,0.25196850393700787,0.0,0.30708661417322836,0.7716535433070866,0.0
2026-01-17T00:36:15.057810,interface,0.8110236220472441,1.0,0.23622047244094488,0.25196850393700787,0.0,0.30708661417322836,0.7716535433070866,0.0
2026-01-17T00:36:15.128107,interface,0.8110236220472441,1.0,0.23622047244094488,0.25196850393700787,0.0,0.30708661417322836,0.7716535433070866,0.0
2026-01-17T00:36:15.208723,interface,0.8503937007874016,1.0,0.23622047244094488,0.25196850393700787,0.0,0.30708661417322836,0.7716535433070866,0.0
2026-01-17T00:36:15.305301,interface,0.8110236220472441,1.0,0.23622047244094488,0.25196850393700787,0.0,0.30708661417322836,0.7716535433070866,0.0
2026-01-17T00:36:15.393760,interface,0.6220472440944882,1.0,0.23622047244094488,0.25196850393700787,0.0,0.30708661417322836,0.7716535433070866,0.0
2026-01-17T00:36:15.487024,interface,0.8110236220472441,1.0,0.23622047244094488,0.25196850393700787,0.0,0.30708661417322836,0.7716535433070866,0.0
2026-01-17T00:36:15.572773,interface,0.6614173228346457,1.0,0.23622047244094488,0.25196850393700787,0.0,0.30708661417322836,0.7716535433070866,0.0
2026-01-17T00:36:15.679194,interface,0.7559055118110236,1.0,0.23622047244094488,0.25196850393700787,0.0,0.30708661417322836,0.7716535433070866,0.0
2026-01-17T00:36:15.718135,interface,0.6220472440944882,1.0,0.23622047244094488,0.25196850393700787,0.0,0.30708661417322836,0.7716535433070866,0.0
2026-01-17T00:36:15.864123,interface,0.5669291338582677,1.0,0.23622047244094488,0.25196850393700787,0.0,0.30708661417322836,0.7716535433070866,0.0
2026-01-17T00:36:16.889842,interface,0.905511811023622,1.0,0.23622047244094488,0.25196850393700787,0.0,0.30708661417322836,0.7716535433070866,0.0
2026-01-17T00:36:17.215707,interface,0.7165354330708661,1.0,0.23622047244094488,0.25196850393700787,0.0,0.30708661417322836,0.7716535433070866,0.0
2026-01-17T00:36:17.239873,interface,0.8110236220472441,1.0,0.23622047244094488,0.25196850393700787,0.0,0.30708661417322836,0.7716535433070866,0.0
2026-01-17T00:36:17.241444,interface,0.6614173228346457,1.0,0.23622047244094488,0.25196850393700787,0.0,0.30708661417322836,0.7716535433070866,0.0
2026-01-17T00:36:17.260026,interface,0.8110236220472441,1.0,0.23622047244094488,0.25196850393700787,0.0,0.30708661417322836,0.7716535433070866,0.0
2026-01-17T00:36:17.517519,interface,0.6220472440944882,1.0,0.23622047244094488,0.25196850393700787,0.0,0.30708661417322836,0.7716535433070866,0.0
2026-01-17T00:36:17.541996,interface,0.7165354330708661,1.0,0.23622047244094488,0.25196850393700787,0.0,0.30708661417322836,0.7716535433070866,0.0
2026-01-17T00:36:17.542866,interface,0.6614173228346457,1.0,0.23622047244094488,0.25196850393700787,0.0,0.30708661417322836,0.7716535433070866,0.0
2026-01-17T00:36:17.551834,interface,0.7165354330708661,1.0,0.23622047244094488,0.25196850393700787,0.0,0.30708661417322836,0.7716535433070866,0.0
2026-01-17T00:36:17.726462,interface,0.7165354330708661,1.0,0.23622047244094488,0.25196850393700787,0.0,0.30708661417322836,0.7716535433070866,0.0
2026-01-17T00:36:17.893697,interface,0.6220472440944882,1.0,0.23622047244094488,0.25196850393700787,0.0,0.30708661417322836,0.7716535433070866,0.0
2026-01-17T00:36:18.028961,interface,0.5275590551181102,1.0,0.23622047244094488,0.25196850393700787,0.0,0.30708661417322836,0.7716535433070866,0.0
2026-01-17T00:36:18.190909,interface,0.5669291338582677,1.0,0.23622047244094488,0.25196850393700787,0.0,0.30708661417322836,0.7716535433070866,0.0
2026-01-17T00:36:18.349755,interface,0.47244094488188976,1.0,0.23622047244094488,0.25196850393700787,0.0,0.30708661417322836,0.7716535433070866,0.0
2026-01-17T00:36:18.476242,interface,0.3779527559055118,1.0,0.23622047244094488,0.25196850393700787,0.0,0.30708661417322836,0.7716535433070866,0.0
2026-01-17T00:36:18.593250,interface,0.4330708661417323,1.0,0.23622047244094488,0.25196850393700787,0.0,0.30708661417322836,0.7716535433070866,0.0
2026-01-17T00:36:18.994317,interface,0.2440944881889764,1.0,0.23622047244094488,0.25196850393700787,0.0,0.30708661417322836,0.7716535433070866,0.0
2026-01-17T00:36:19.101218,interface,0.1889763779527559,1.0,0.23622047244094488,0.25196850393700787,0.0,0.30708661417322836,0.7716535433070866,0.0
2026-01-17T00:36:19.247583,interface,0.1889763779527559,1.0,0.23622047244094488,0.25196850393700787,0.0,0.30708661417322836,0.7716535433070866,0.0
2026-01-17T00:36:19.262619,interface,0.18110236220472442,1.0,0.23622047244094488,0.25196850393700787,0.0,0.30708661417322836,0.7716535433070866,0.0
2026-01-17T00:36:19.460363,interface,0.1889763779527559,1.0,0.23622047244094488,0.25196850393700787,0.0,0.30708661417322836,0.7716535433070866,0.0
2026-01-17T00:36:19.612879,interface,0.1889763779527559,1.0,0.23622047244094488,0.25196850393700787,0.0,0.30708661417322836,0.7716535433070866,0.0
2026-01-17T00:36:19.755840,interface,0.1889763779527559,1.0,0.23622047244094488,0.25196850393700787,0.0,0.30708661417322836,0.7716535433070866,0.0
2026-01-17T00:36:19.895766,interface,0.1889763779527559,1.0,0.23622047244094488,0.25196850393700787,0.0,0.30708661417322836,0.7716535433070866,0.0
2026-01-17T00:36:20.069374,interface,0.1889763779527559,1.0,0.23622047244094488,0.25196850393700787,0.0,0.30708661417322836,0.7716535433070866,0.0
2026-01-17T00:36:20.266489,interface,0.2440944881889764,1.0,0.23622047244094488,0.25196850393700787,0.0,0.30708661417322836,0.7716535433070866,0.0
2026-01-17T00:36:20.363094,interface,0.1889763779527559,1.0,0.23622047244094488,0.25196850393700787,0.0,0.30708661417322836,0.7716535433070866,0.0
2026-01-17T00:36:20.470201,interface,0.1889763779527559,1.0,0.23622047244094488,0.25196850393700787,0.0,0.30708661417322836,0.7716535433070866,0.0
2026-01-17T00:36:20.571328,interface,0.1889763779527559,1.0,0.23622047244094488,0.25196850393700787,0.0,0.30708661417322836,0.7716535433070866,0.0
2026-01-17T00:36:20.714134,interface,0.2440944881889764,1.0,0.23622047244094488,0.25196850393700787,0.0,0.30708661417322836,0.7716535433070866,0.0
2026-01-17T00:36:20.815312,interface,0.3779527559055118,1.0,0.23622047244094488,0.25196850393700787,0.0,0.30708661417322836,0.7716535433070866,0.0
2026-01-17T00:36:20.930183,interface,0.28346456692913385,1.0,0.23622047244094488,0.25196850393700787,0.0,0.30708661417322836,0.7716535433070866,0.0
2026-01-17T00:36:21.051903,interface,0.1889763779527559,1.0,0.23622047244094488,0.25196850393700787,0.0,0.30708661417322836,0.7716535433070866,0.0
2026-01-17T00:36:21.236307,interface,0.3779527559055118,1.0,0.23622047244094488,0.25196850393700787,0.0,0.30708661417322836,0.7716535433070866,0.0
2026-01-17T00:36:21.432765,interface,0.1889763779527559,1.0,0.23622047244094488,0.25196850393700787,0.0,0.30708661417322836,0.7716535433070866,0.0
2026-01-17T00:36:24.359757,interface,0.6220472440944882,1.0,0.23622047244094488,0.25196850393700787,0.0,0.30708661417322836,0.7716535433070866,0.0
2026-01-17T00:36:24.567784,interface,0.6220472440944882,1.0,0.23622047244094488,0.25196850393700787,0.0,0.30708661417322836,0.7716535433070866,0.0
2026-01-17T00:36:24.728732,interface,0.5669291338582677,1.0,0.23622047244094488,0.25196850393700787,0.0,0.30708661417322836,0.7716535433070866,0.0
2026-01-17T00:36:24.851143,interface,0.6614173228346457,1.0,0.23622047244094488,0.25196850393700787,0.0,0.30708661417322836,0.7716535433070866,0.0
2026-01-17T00:36:25.059852,interface,0.7165354330708661,1.0,0.23622047244094488,0.25196850393700787,0.0,0.30708661417322836,0.7716535433070866,0.0
2026-01-17T00:36:25.072468,interface,0.5511811023622047,1.0,0.23622047244094488,0.25196850393700787,0.0,0.30708661417322836,0.7716535433070866,0.0
2026-01-17T00:36:25.932257,interface,0.5511811023622047,1.0,0.23622047244094488,0.25196850393700787,0.0,0.30708661417322836,0.7637795275590551,0.0
2026-01-17T00:36:25.948242,interface,0.5511811023622047,1.0,0.23622047244094488,0.25196850393700787,0.0,0.30708661417322836,0.7559055118110236,0.0
2026-01-17T00:36:26.044293,interface,0.5511811023622047,1.0,0.23622047244094488,0.25196850393700787,0.0,0.30708661417322836,0.7637795275590551,0.0
2026-01-17T00:36:26.052240,interface,0.5511811023622047,1.0,0.23622047244094488,0.25196850393700787,0.0,0.30708661417322836,0.7637795275590551,0.0
2026-01-17T00:36:26.068236,interface,0.5511811023622047,1.0,0.23622047244094488,0.25196850393700787,0.0,0.30708661417322836,0.7716535433070866,0.0
2026-01-17T00:36:26.079102,interface,0.5511811023622047,1.0,0.23622047244094488,0.25196850393700787,0.0,0.30708661417322836,0.7795275590551181,0.0
2026-01-17T00:36:26.088609,interface,0.5511811023622047,1.0,0.23622047244094488,0.25196850393700787,0.0,0.30708661417322836,0.7874015748031497,0.0
2026-01-17T00:36:26.089255,interface,0.5511811023622047,1.0,0.23622047244094488,0.25196850393700787,0.0,0.30708661417322836,0.7874015748031497,0.0
2026-01-17T00:36:26.100822,interface,0.5511811023622047,1.0,0.23622047244094488,0.25196850393700787,0.0,0.30708661417322836,0.7952755905511811,0.0
2026-01-17T00:36:26.109297,interface,0.5511811023622047,1.0,0.23622047244094488,0.25196850393700787,0.0,0.30708661417322836,0.7952755905511811,0.0
2026-01-17T00:36:26.118596,interface,0.5511811023622047,1.0,0.23622047244094488,0.25196850393700787,0.0,0.30708661417322836,0.8031496062992126,0.0
2026-01-17T00:36:26.128809,interface,0.5511811023622047,1.0,0.23622047244094488,0.25196850393700787,0.0,0.30708661417322836,0.8031496062992126,0.0
2026-01-17T00:36:26.129439,interface,0.5511811023622047,1.0,0.23622047244094488,0.25196850393700787,0.0,0.30708661417322836,0.8110236220472441,0.0
2026-01-17T00:36:26.140264,interface,0.5511811023622047,1.0,0.23622047244094488,0.25196850393700787,0.0,0.30708661417322836,0.8188976377952756,0.0
2026-01-17T00:36:26.148796,interface,0.5511811023622047,1.0,0.23622047244094488,0.25196850393700787,0.0,0.30708661417322836,0.8267716535433071,0.0
2026-01-17T00:36:26.159920,interface,0.5511811023622047,1.0,0.23622047244094488,0.25196850393700787,0.0,0.30708661417322836,0.8346456692913385,0.0
2026-01-17T00:36:26.169279,interface,0.5511811023622047,1.0,0.23622047244094488,0.25196850393700787,0.0,0.30708661417322836,0.8346456692913385,0.0
2026-01-17T00:36:26.169915,interface,0.5511811023622047,1.0,0.23622047244094488,0.25196850393700787,0.0,0.30708661417322836,0.84251968503937,0.0
2026-01-17T00:36:26.180269,interface,0.5511811023622047,1.0,0.23622047244094488,0.25196850393700787,0.0,0.30708661417322836,0.8503937007874016,0.0
2026-01-17T00:36:26.188489,interface,0.5511811023622047,1.0,0.23622047244094488,0.25196850393700787,0.0,0.30708661417322836,0.8503937007874016,0.0
2026-01-17T00:36:26.199257,interface,0.5511811023622047,1.0,0.23622047244094488,0.25196850393700787,0.0,0.30708661417322836,0.8582677165354331,0.0
2026-01-17T00:36:26.208636,interface,0.5511811023622047,1.0,0.23622047244094488,0.25196850393700787,0.0,0.30708661417322836,0.8661417322834646,0.0
2026-01-17T00:36:26.209268,interface,0.5511811023622047,1.0,0.23622047244094488,0.25196850393700787,0.0,0.30708661417322836,0.8661417322834646,0.0
2026-01-17T00:36:26.220349,interface,0.5511811023622047,1.0,0.23622047244094488,0.25196850393700787,0.0,0.30708661417322836,0.8740157480314961,0.0
2026-01-17T00:36:26.229307,interface,0.5511811023622047,1.0,0.23622047244094488,0.25196850393700787,0.0,0.30708661417322836,0.8818897637795275,0.0
2026-01-17T00:36:26.238786,interface,0.5511811023622047,1.0,0.23622047244094488,0.25196850393700787,0.0,0.30708661417322836,0.8818897637795275,0.0
2026-01-17T00:36:26.248809,interface,0.5511811023622047,1.0,0.23622047244094488,0.25196850393700787,0.0,0.30708661417322836,0.889763779527559,0.0
2026-01-17T00:36:26.249442,interface,0.5511811023622047,1.0,0.23622047244094488,0.25196850393700787,0.0,0.30708661417322836,0.8976377952755905,0.0
2026-01-17T00:36:26.260278,interface,0.5511811023622047,1.0,0.23622047244094488,0.25196850393700787,0.0,0.30708661417322836,0.905511811023622,0.0
2026-01-17T00:36:26.269339,interface,0.5511811023622047,1.0,0.23622047244094488,0.25196850393700787,0.0,0.30708661417322836,0.9133858267716536,0.0
2026-01-17T00:36:26.278798,interface,0.5511811023622047,1.0,0.23622047244094488,0.25196850393700787,0.0,0.30708661417322836,0.9212598425196851,0.0
2026-01-17T00:36:26.294111,interface,0.5511811023622047,1.0,0.23622047244094488,0.25196850393700787,0.0,0.30708661417322836,0.9212598425196851,0.0
2026-01-17T00:36:26.294741,interface,0.5511811023622047,1.0,0.23622047244094488,0.25196850393700787,0.0,0.30708661417322836,0.9291338582677166,0.0
2026-01-17T00:36:26.295890,interface,0.5511811023622047,1.0,0.23622047244094488,0.25196850393700787,0.0,0.30708661417322836,0.937007874015748,0.0
2026-01-17T00:36:26.308709,interface,0.5511811023622047,1.0,0.23622047244094488,0.25196850393700787,0.0,0.30708661417322836,0.9448818897637795,0.0
2026-01-17T00:36:26.319656,interface,0.5511811023622047,1.0,0.23622047244094488,0.25196850393700787,0.0,0.30708661417322836,0.952755905511811,0.0
2026-01-17T00:36:26.328824,interface,0.5511811023622047,1.0,0.23622047244094488,0.25196850393700787,0.0,0.30708661417322836,0.952755905511811,0.0
2026-01-17T00:36:26.329450,interface,0.5511811023622047,1.0,0.23622047244094488,0.25196850393700787,0.0,0.30708661417322836,0.9606299212598425,0.0
2026-01-17T00:36:26.340284,interface,0.5511811023622047,1.0,0.23622047244094488,0.25196850393700787,0.0,0.30708661417322836,0.9606299212598425,0.0
2026-01-17T00:36:26.348890,interface,0.5511811023622047,1.0,0.23622047244094488,0.25196850393700787,0.0,0.30708661417322836,0.968503937007874,0.0
2026-01-17T00:36:26.359148,interface,0.5511811023622047,1.0,0.23622047244094488,0.25196850393700787,0.0,0.30708661417322836,0.9763779527559056,0.0
2026-01-17T00:36:26.369105,interface,0.5511811023622047,1.0,0.23622047244094488,0.25196850393700787,0.0,0.30708661417322836,0.984251968503937,0.0
2026-01-17T00:36:26.380294,interface,0.5511811023622047,1.0,0.23622047244094488,0.25196850393700787,0.0,0.30708661417322836,0.984251968503937,0.0
2026-01-17T00:36:26.404347,interface,0.5511811023622047,1.0,0.23622047244094488,0.25196850393700787,0.0,0.30708661417322836,0.9921259842519685,0.0
2026-01-17T00:36:26.428314,interface,0.5511811023622047,1.0,0.23622047244094488,0.25196850393700787,0.0,0.30708661417322836,0.9921259842519685,0.0
2026-01-17T00:36:26.669066,interface,0.5511811023622047,1.0,0.23622047244094488,0.25196850393700787,0.0,0.30708661417322836,0.9921259842519685,0.0
2026-01-17T00:36:26.690341,interface,0.5511811023622047,1.0,0.23622047244094488,0.25196850393700787,0.0,0.30708661417322836,0.984251968503937,0.0
2026-01-17T00:36:26.699085,interface,0.5511811023622047,1.0,0.23622047244094488,0.25196850393700787,0.0,0.30708661417322836,0.9763779527559056,0.0
2026-01-17T00:36:26.709649,interface,0.5511811023622047,1.0,0.23622047244094488,0.25196850393700787,0.0,0.30708661417322836,0.968503937007874,0.0
2026-01-17T00:36:26.724040,interface,0.5511811023622047,1.0,0.23622047244094488,0.25196850393700787,0.0,0.30708661417322836,0.968503937007874,0.0
2026-01-17T00:36:26.724759,interface,0.5511811023622047,1.0,0.23622047244094488,0.25196850393700787,0.0,0.30708661417322836,0.9606299212598425,0.0
2026-01-17T00:36:26.726089,interface,0.5511811023622047,1.0,0.23622047244094488,0.25196850393700787,0.0,0.30708661417322836,0.952755905511811,0.0
2026-01-17T00:36:26.739117,interface,0.5511811023622047,1.0,0.23622047244094488,0.25196850393700787,0.0,0.30708661417322836,0.952755905511811,0.0
2026-01-17T00:36:26.748619,interface,0.5511811023622047,1.0,0.23622047244094488,0.25196850393700787,0.0,0.30708661417322836,0.9448818897637795,0.0
2026-01-17T00:36:26.758837,interface,0.5511811023622047,1.0,0.23622047244094488,0.25196850393700787,0.0,0.30708661417322836,0.937007874015748,0.0
2026-01-17T00:36:26.759481,interface,0.5511811023622047,1.0,0.23622047244094488,0.25196850393700787,0.0,0.30708661417322836,0.937007874015748,0.0
2026-01-17T00:36:26.770365,interface,0.5511811023622047,1.0,0.23622047244094488,0.25196850393700787,0.0,0.30708661417322836,0.9291338582677166,0.0
2026-01-17T00:36:26.779269,interface,0.5511811023622047,1.0,0.23622047244094488,0.25196850393700787,0.0,0.30708661417322836,0.9291338582677166,0.0
2026-01-17T00:36:26.794122,interface,0.5511811023622047,1.0,0.23622047244094488,0.25196850393700787,0.0,0.30708661417322836,0.9212598425196851,0.0
2026-01-17T00:36:26.794770,interface,0.5511811023622047,1.0,0.23622047244094488,0.25196850393700787,0.0,0.30708661417322836,0.9212598425196851,0.0
2026-01-17T00:36:26.802365,interface,0.5511811023622047,1.0,0.23622047244094488,0.25196850393700787,0.0,0.30708661417322836,0.9133858267716536,0.0
2026-01-17T00:36:26.810351,interface,0.5511811023622047,1.0,0.23622047244094488,0.25196850393700787,0.0,0.30708661417322836,0.905511811023622,0.0
2026-01-17T00:36:26.819432,interface,0.5511811023622047,1.0,0.23622047244094488,0.25196850393700787,0.0,0.30708661417322836,0.8976377952755905,0.0
2026-01-17T00:36:26.829379,interface,0.5511811023622047,1.0,0.23622047244094488,0.25196850393700787,0.0,0.30708661417322836,0.889763779527559,0.0
2026-01-17T00:36:26.838620,interface,0.5511811023622047,1.0,0.23622047244094488,0.25196850393700787,0.0,0.30708661417322836,0.889763779527559,0.0
2026-01-17T00:36:26.839248,interface,0.5511811023622047,1.0,0.23622047244094488,0.25196850393700787,0.0,0.30708661417322836,0.8818897637795275,0.0
2026-01-17T00:36:26.850435,interface,0.5511811023622047,1.0,0.23622047244094488,0.25196850393700787,0.0,0.30708661417322836,0.8740157480314961,0.0
2026-01-17T00:36:26.859429,interface,0.5511811023622047,1.0,0.23622047244094488,0.25196850393700787,0.0,0.30708661417322836,0.8661417322834646,0.0
2026-01-17T00:36:26.868816,interface,0.5511811023622047,1.0,0.23622047244094488,0.25196850393700787,0.0,0.30708661417322836,0.8582677165354331,0.0
2026-01-17T00:36:26.880181,interface,0.5511811023622047,1.0,0.23622047244094488,0.25196850393700787,0.0,0.30708661417322836,0.8503937007874016,0.0
2026-01-17T00:36:26.880810,interface,0.5511811023622047,1.0,0.23622047244094488,0.25196850393700787,0.0,0.30708661417322836,0.8503937007874016,0.0
2026-01-17T00:36:26.890385,interface,0.5511811023622047,1.0,0.23622047244094488,0.25196850393700787,0.0,0.30708661417322836,0.84251968503937,0.0
2026-01-17T00:36:26.899287,interface,0.5511811023622047,1.0,0.23622047244094488,0.25196850393700787,0.0,0.30708661417322836,0.8346456692913385,0.0
2026-01-17T00:36:26.909275,interface,0.5511811023622047,1.0,0.23622047244094488,0.25196850393700787,0.0,0.30708661417322836,0.8267716535433071,0.0
2026-01-17T00:36:26.919294,interface,0.5511811023622047,1.0,0.23622047244094488,0.25196850393700787,0.0,0.30708661417322836,0.8188976377952756,0.0
2026-01-17T00:36:26.919926,interface,0.5511811023622047,1.0,0.23622047244094488,0.25196850393700787,0.0,0.30708661417322836,0.8110236220472441,0.0
2026-01-17T00:36:26.930376,interface,0.5511811023622047,1.0,0.23622047244094488,0.25196850393700787,0.0,0.30708661417322836,0.8031496062992126,0.0
2026-01-17T00:36:26.939292,interface,0.5511811023622047,1.0,0.23622047244094488,0.25196850393700787,0.0,0.30708661417322836,0.7952755905511811,0.0
2026-01-17T00:36:26.948563,interface,0.5511811023622047,1.0,0.23622047244094488,0.25196850393700787,0.0,0.30708661417322836,0.7874015748031497,0.0
2026-01-17T00:36:26.958823,interface,0.5511811023622047,1.0,0.23622047244094488,0.25196850393700787,0.0,0.30708661417322836,0.7795275590551181,0.0
2026-01-17T00:36:26.959455,interface,0.5511811023622047,1.0,0.23622047244094488,0.25196850393700787,0.0,0.30708661417322836,0.7716535433070866,0.0
2026-01-17T00:36:26.970652,interface,0.5511811023622047,1.0,0.23622047244094488,0.25196850393700787,0.0,0.30708661417322836,0.7637795275590551,0.0
2026-01-17T00:36:26.979245,interface,0.5511811023622047,1.0,0.23622047244094488,0.25196850393700787,0.0,0.30708661417322836,0.7559055118110236,0.0
2026-01-17T00:36:26.989223,interface,0.5511811023622047,1.0,0.23622047244094488,0.25196850393700787,0.0,0.30708661417322836,0.7480314960629921,0.0
2026-01-17T00:36:26.998826,interface,0.5511811023622047,1.0,0.23622047244094488,0.25196850393700787,0.0,0.30708661417322836,0.7322834645669292,0.0
2026-01-17T00:36:26.999457,interface,0.5511811023622047,1.0,0.23622047244094488,0.25196850393700787,0.0,0.30708661417322836,0.7244094488188977,0.0
2026-01-17T00:36:27.010394,interface,0.5511811023622047,1.0,0.23622047244094488,0.25196850393700787,0.0,0.30708661417322836,0.7165354330708661,0.0
2026-01-17T00:36:27.019290,interface,0.5511811023622047,1.0,0.23622047244094488,0.25196850393700787,0.0,0.30708661417322836,0.7086614173228346,0.0
2026-01-17T00:36:27.028812,interface,0.5511811023622047,1.0,0.23622047244094488,0.25196850393700787,0.0,0.30708661417322836,0.6929133858267716,0.0
2026-01-17T00:36:27.044059,interface,0.5511811023622047,1.0,0.23622047244094488,0.25196850393700787,0.0,0.30708661417322836,0.6850393700787402,0.0
2026-01-17T00:36:27.044678,interface,0.5511811023622047,1.0,0.23622047244094488,0.25196850393700787,0.0,0.30708661417322836,0.6771653543307087,0.0
2026-01-17T00:36:27.045861,interface,0.5511811023622047,1.0,0.23622047244094488,0.25196850393700787,0.0,0.30708661417322836,0.6692913385826772,0.0
2026-01-17T00:36:27.059180,interface,0.5511811023622047,1.0,0.23622047244094488,0.25196850393700787,0.0,0.30708661417322836,0.6614173228346457,0.0
2026-01-17T00:36:27.069451,interface,0.5511811023622047,1.0,0.23622047244094488,0.25196850393700787,0.0,0.30708661417322836,0.6456692913385826,0.0
2026-01-17T00:36:27.078625,interface,0.5511811023622047,1.0,0.23622047244094488,0.25196850393700787,0.0,0.30708661417322836,0.6377952755905512,0.0
2026-01-17T00:36:27.079258,interface,0.5511811023622047,1.0,0.23622047244094488,0.25196850393700787,0.0,0.30708661417322836,0.6299212598425197,0.0
2026-01-17T00:36:27.090402,interface,0.5511811023622047,1.0,0.23622047244094488,0.25196850393700787,0.0,0.30708661417322836,0.6220472440944882,0.0
2026-01-17T00:36:27.099162,interface,0.5511811023622047,1.0,0.23622047244094488,0.25196850393700787,0.0,0.30708661417322836,0.6141732283464567,0.0
2026-01-17T00:36:27.108584,interface,0.5511811023622047,1.0,0.23622047244094488,0.25196850393700787,0.0,0.30708661417322836,0.6062992125984252,0.0
2026-01-17T00:36:27.119122,interface,0.5511811023622047,1.0,0.23622047244094488,0.25196850393700787,0.0,0.30708661417322836,0.5984251968503937,0.0
2026-01-17T00:36:27.119755,interface,0.5511811023622047,1.0,0.23622047244094488,0.25196850393700787,0.0,0.30708661417322836,0.5984251968503937,0.0
2026-01-17T00:36:27.130399,interface,0.5511811023622047,1.0,0.23622047244094488,0.25196850393700787,0.0,0.30708661417322836,0.5905511811023622,0.0
2026-01-17T00:36:27.139140,interface,0.5511811023622047,1.0,0.23622047244094488,0.25196850393700787,0.0,0.30708661417322836,0.5826771653543307,0.0
2026-01-17T00:36:27.148739,interface,0.5511811023622047,1.0,0.23622047244094488,0.25196850393700787,0.0,0.30708661417322836,0.5748031496062992,0.0
2026-01-17T00:36:27.159116,interface,0.5511811023622047,1.0,0.23622047244094488,0.25196850393700787,0.0,0.30708661417322836,0.5669291338582677,0.0
2026-01-17T00:36:27.159748,interface,0.5511811023622047,1.0,0.23622047244094488,0.25196850393700787,0.0,0.30708661417322836,0.5669291338582677,0.0
2026-01-17T00:36:27.170458,interface,0.5511811023622047,1.0,0.23622047244094488,0.25196850393700787,0.0,0.30708661417322836,0.5590551181102362,0.0
2026-01-17T00:36:27.179156,interface,0.5511811023622047,1.0,0.23622047244094488,0.25196850393700787,0.0,0.30708661417322836,0.5590551181102362,0.0
2026-01-17T00:36:27.188603,interface,0.5511811023622047,1.0,0.23622047244094488,0.25196850393700787,0.0,0.30708661417322836,0.5511811023622047,0.0
2026-01-17T00:36:27.202403,interface,0.5511811023622047,1.0,0.23622047244094488,0.25196850393700787,0.0,0.30708661417322836,0.5433070866141733,0.0
2026-01-17T00:36:27.218441,interface,0.5511811023622047,1.0,0.23622047244094488,0.25196850393700787,0.0,0.30708661417322836,0.5433070866141733,0.0
2026-01-17T00:36:27.234533,interface,0.5511811023622047,1.0,0.23622047244094488,0.25196850393700787,0.0,0.30708661417322836,0.5354330708661418,0.0
2026-01-17T00:36:27.250414,interface,0.5511811023622047,1.0,0.23622047244094488,0.25196850393700787,0.0,0.30708661417322836,0.5275590551181102,0.0
2026-01-17T00:36:27.259327,interface,0.5511811023622047,1.0,0.23622047244094488,0.25196850393700787,0.0,0.30708661417322836,0.5196850393700787,0.0
2026-01-17T00:36:27.268826,interface,0.5511811023622047,1.0,0.23622047244094488,0.25196850393700787,0.0,0.30708661417322836,0.5196850393700787,0.0
2026-01-17T00:36:27.282418,interface,0.5511811023622047,1.0,0.23622047244094488,0.25196850393700787,0.0,0.30708661417322836,0.5118110236220472,0.0
2026-01-17T00:36:27.294052,interface,0.5511811023622047,1.0,0.23622047244094488,0.25196850393700787,0.0,0.30708661417322836,0.5039370078740157,0.0
2026-01-17T00:36:27.294689,interface,0.5511811023622047,1.0,0.23622047244094488,0.25196850393700787,0.0,0.30708661417322836,0.5039370078740157,0.0
2026-01-17T00:36:27.308592,interface,0.5511811023622047,1.0,0.23622047244094488,0.25196850393700787,0.0,0.30708661417322836,0.49606299212598426,0.0
2026-01-17T00:36:27.319115,interface,0.5511811023622047,1.0,0.23622047244094488,0.25196850393700787,0.0,0.30708661417322836,0.49606299212598426,0.0
2026-01-17T00:36:27.330450,interface,0.5511811023622047,1.0,0.23622047244094488,0.25196850393700787,0.0,0.30708661417322836,0.4881889763779528,0.0
2026-01-17T00:36:27.339343,interface,0.5511811023622047,1.0,0.23622047244094488,0.25196850393700787,0.0,0.30708661417322836,0.48031496062992124,0.0
2026-01-17T00:36:27.356052,interface,0.5511811023622047,1.0,0.23622047244094488,0.25196850393700787,0.0,0.30708661417322836,0.48031496062992124,0.0
2026-01-17T00:36:27.362441,interface,0.5511811023622047,1.0,0.23622047244094488,0.25196850393700787,0.0,0.30708661417322836,0.47244094488188976,0.0
2026-01-17T00:36:27.370498,interface,0.5511811023622047,1.0,0.23622047244094488,0.25196850393700787,0.0,0.30708661417322836,0.47244094488188976,0.0
2026-01-17T00:36:27.379355,interface,0.5511811023622047,1.0,0.23622047244094488,0.25196850393700787,0.0,0.30708661417322836,0.4645669291338583,0.0
2026-01-17T00:36:27.389884,interface,0.5511811023622047,1.0,0.23622047244094488,0.25196850393700787,0.0,0.30708661417322836,0.4566929133858268,0.0
2026-01-17T00:36:27.402461,interface,0.5511811023622047,1.0,0.23622047244094488,0.25196850393700787,0.0,0.30708661417322836,0.4566929133858268,0.0
2026-01-17T00:36:27.419080,interface,0.5511811023622047,1.0,0.23622047244094488,0.25196850393700787,0.0,0.30708661417322836,0.44881889763779526,0.0
2026-01-17T00:36:27.434467,interface,0.5511811023622047,1.0,0.23622047244094488,0.25196850393700787,0.0,0.30708661417322836,0.44881889763779526,0.0
2026-01-17T00:36:28.739548,interface,0.4094488188976378,1.0,0.23622047244094488,0.25196850393700787,0.0,0.30708661417322836,0.44881889763779526,0.0
2026-01-17T00:36:29.434908,interface,0.5669291338582677,1.0,0.23622047244094488,0.25196850393700787,0.0,0.30708661417322836,0.44881889763779526,0.0
2026-01-17T00:36:29.601054,interface,0.8503937007874016,1.0,0.23622047244094488,0.25196850393700787,0.0,0.30708661417322836,0.44881889763779526,0.0
2026-01-17T00:36:29.702203,interface,0.7559055118110236,1.0,0.23622047244094488,0.25196850393700787,0.0,0.30708661417322836,0.44881889763779526,0.0
2026-01-17T00:36:29.809239,interface,0.6614173228346457,1.0,0.23622047244094488,0.25196850393700787,0.0,0.30708661417322836,0.44881889763779526,0.0
2026-01-17T00:36:29.901386,interface,0.6220472440944882,1.0,0.23622047244094488,0.25196850393700787,0.0,0.30708661417322836,0.44881889763779526,0.0
2026-01-17T00:36:29.976054,interface,0.7165354330708661,1.0,0.23622047244094488,0.25196850393700787,0.0,0.30708661417322836,0.44881889763779526,0.0
2026-01-17T00:36:30.708632,interface,0.28346456692913385,1.0,0.23622047244094488,0.25196850393700787,0.0,0.30708661417322836,0.44881889763779526,0.0
2026-01-17T00:36:30.752510,interface,0.1889763779527559,1.0,0.23622047244094488,0.25196850393700787,0.0,0.30708661417322836,0.44881889763779526,0.0
2026-01-17T00:36:31.896720,interface,0.2440944881889764,1.0,0.23622047244094488,0.25196850393700787,0.0,0.30708661417322836,0.44881889763779526,0.0
2026-01-17T00:36:32.164073,interface,0.33858267716535434,1.0,0.23622047244094488,0.25196850393700787,0.0,0.30708661417322836,0.44881889763779526,0.0
2026-01-17T00:36:32.351280,interface,0.33858267716535434,1.0,0.23622047244094488,0.25196850393700787,0.0,0.30708661417322836,0.44881889763779526,0.0
2026-01-17T00:36:33.316696,interface,0.5275590551181102,1.0,0.23622047244094488,0.25196850393700787,0.0,0.30708661417322836,0.44881889763779526,0.0
2026-01-17T00:36:33.325627,interface,0.3779527559055118,1.0,0.23622047244094488,0.25196850393700787,0.0,0.30708661417322836,0.44881889763779526,0.0
2026-01-17T00:36:33.327021,interface,0.5275590551181102,1.0,0.23622047244094488,0.25196850393700787,0.0,0.30708661417322836,0.44881889763779526,0.0
2026-01-17T00:36:33.354884,interface,0.4330708661417323,1.0,0.23622047244094488,0.25196850393700787,0.0,0.30708661417322836,0.44881889763779526,0.0
2026-01-17T00:36:33.424521,interface,0.2440944881889764,1.0,0.23622047244094488,0.25196850393700787,0.0,0.30708661417322836,0.44881889763779526,0.0
2026-01-17T00:36:33.481130,interface,0.5275590551181102,1.0,0.23622047244094488,0.25196850393700787,0.0,0.30708661417322836,0.44881889763779526,0.0
2026-01-17T00:36:33.509968,interface,0.3779527559055118,1.0,0.23622047244094488,0.25196850393700787,0.0,0.30708661417322836,0.44881889763779526,0.0
2026-01-17T00:36:33.558770,interface,0.5275590551181102,1.0,0.23622047244094488,0.25196850393700787,0.0,0.30708661417322836,0.44881889763779526,0.0
2026-01-17T00:36:33.613330,interface,0.2440944881889764,1.0,0.23622047244094488,0.25196850393700787,0.0,0.30708661417322836,0.44881889763779526,0.0
2026-01-17T00:36:33.642615,interface,0.5275590551181102,1.0,0.23622047244094488,0.25196850393700787,0.0,0.30708661417322836,0.44881889763779526,0.0
2026-01-17T00:36:33.707104,interface,0.3779527559055118,1.0,0.23622047244094488,0.25196850393700787,0.0,0.30708661417322836,0.44881889763779526,0.0
2026-01-17T00:36:33.871998,interface,0.2440944881889764,1.0,0.23622047244094488,0.25196850393700787,0.0,0.30708661417322836,0.44881889763779526,0.0
2026-01-17T00:36:35.844804,interface,0.3779527559055118,1.0,0.23622047244094488,0.25196850393700787,0.0,0.30708661417322836,0.44881889763779526,0.0
2026-01-17T00:36:35.921066,interface,0.1889763779527559,1.0,0.23622047244094488,0.25196850393700787,0.0,0.30708661417322836,0.44881889763779526,0.0
2026-01-17T00:36:35.993939,interface,0.2440944881889764,1.0,0.23622047244094488,0.25196850393700787,0.0,0.30708661417322836,0.44881889763779526,0.0
2026-01-17T00:36:36.028302,interface,0.3779527559055118,1.0,0.23622047244094488,0.25196850393700787,0.0,0.30708661417322836,0.44881889763779526,0.0
2026-01-17T00:36:36.136299,interface,0.1889763779527559,1.0,0.23622047244094488,0.25196850393700787,0.0,0.30708661417322836,0.44881889763779526,0.0
2026-01-17T00:36:36.180878,interface,0.2440944881889764,1.0,0.23622047244094488,0.25196850393700787,0.0,0.30708661417322836,0.44881889763779526,0.0
2026-01-17T00:36:36.224780,interface,0.3779527559055118,1.0,0.23622047244094488,0.25196850393700787,0.0,0.30708661417322836,0.44881889763779526,0.0
2026-01-17T00:36:36.350923,interface,0.1889763779527559,1.0,0.23622047244094488,0.25196850393700787,0.0,0.30708661417322836,0.44881889763779526,0.0
2026-01-17T00:36:36.439876,interface,0.3779527559055118,1.0,0.23622047244094488,0.25196850393700787,0.0,0.30708661417322836,0.44881889763779526,0.0
2026-01-17T00:36:36.557899,interface,0.1889763779527559,1.0,0.23622047244094488,0.25196850393700787,0.0,0.30708661417322836,0.44881889763779526,0.0
2026-01-17T00:36:36.558621,interface,0.2440944881889764,1.0,0.23622047244094488,0.25196850393700787,0.0,0.30708661417322836,0.44881889763779526,0.0
2026-01-17T00:36:36.573857,interface,0.1889763779527559,1.0,0.23622047244094488,0.25196850393700787,0.0,0.30708661417322836,0.44881889763779526,0.0
2026-01-17T00:36:36.668449,interface,0.3779527559055118,1.0,0.23622047244094488,0.25196850393700787,0.0,0.30708661417322836,0.44881889763779526,0.0
2026-01-17T00:36:36.697595,interface,0.28346456692913385,1.0,0.23622047244094488,0.25196850393700787,0.0,0.30708661417322836,0.44881889763779526,0.0
2026-01-17T00:36:36.770396,interface,0.1889763779527559,1.0,0.23622047244094488,0.25196850393700787,0.0,0.30708661417322836,0.44881889763779526,0.0
2026-01-17T00:36:36.822790,interface,0.28346456692913385,1.0,0.23622047244094488,0.25196850393700787,0.0,0.30708661417322836,0.44881889763779526,0.0
2026-01-17T00:36:36.894678,interface,0.28346456692913385,1.0,0.23622047244094488,0.25196850393700787,0.0,0.30708661417322836,0.44881889763779526,0.0
2026-01-17T00:36:36.903518,interface,0.3779527559055118,1.0,0.23622047244094488,0.25196850393700787,0.0,0.30708661417322836,0.44881889763779526,0.0
2026-01-17T00:36:36.904887,interface,0.28346456692913385,1.0,0.23622047244094488,0.25196850393700787,0.0,0.30708661417322836,0.44881889763779526,0.0
2026-01-17T00:36:37.003377,interface,0.28346456692913385,1.0,0.23622047244094488,0.25196850393700787,0.0,0.30708661417322836,0.44881889763779526,0.0
2026-01-17T00:36:37.004199,interface,0.1889763779527559,1.0,0.23622047244094488,0.25196850393700787,0.0,0.30708661417322836,0.44881889763779526,0.0
2026-01-17T00:36:37.022092,interface,0.28346456692913385,1.0,0.23622047244094488,0.25196850393700787,0.0,0.30708661417322836,0.44881889763779526,0.0
2026-01-17T00:36:37.077581,interface,0.28346456692913385,1.0,0.23622047244094488,0.25196850393700787,0.0,0.30708661417322836,0.44881889763779526,0.0
2026-01-17T00:36:37.111122,interface,0.3779527559055118,1.0,0.23622047244094488,0.25196850393700787,0.0,0.30708661417322836,0.44881889763779526,0.0
2026-01-17T00:37:23.966107,interface,0.06299212598425197,1.0,0.23622047244094488,0.25196850393700787,0.0,0.30708661417322836,0.44881889763779526,0.0
2026-01-17T00:37:23.967336,interface,0.06299212598425197,1.0,0.7874015748031497,0.25196850393700787,0.0,0.30708661417322836,0.44881889763779526,0.0
2026-01-17T00:37:23.975661,interface,0.06299212598425197,1.0,0.7716535433070866,0.25196850393700787,0.0,0.30708661417322836,0.44881889763779526,0.0
2026-01-17T00:37:23.989471,interface,0.06299212598425197,1.0,0.7637795275590551,0.25196850393700787,0.0,0.30708661417322836,0.44881889763779526,0.0
2026-01-17T00:37:23.998234,interface,0.06299212598425197,1.0,0.7559055118110236,0.25196850393700787,0.0,0.30708661417322836,0.44881889763779526,0.0
2026-01-17T00:37:24.017251,interface,0.06299212598425197,1.0,0.7480314960629921,0.25196850393700787,0.0,0.30708661417322836,0.44881889763779526,0.0
2026-01-17T00:37:24.026012,interface,0.06299212598425197,1.0,0.7637795275590551,0.25196850393700787,0.0,0.30708661417322836,0.44881889763779526,0.0
2026-01-17T00:37:24.034733,interface,0.06299212598425197,1.0,0.7716535433070866,0.25196850393700787,0.0,0.30708661417322836,0.44881889763779526,0.0
2026-01-17T00:37:24.062419,interface,0.06299212598425197,1.0,0.7480314960629921,0.25196850393700787,0.0,0.30708661417322836,0.44881889763779526,0.0
2026-01-17T00:37:24.313038,interface,0.07086614173228346,1.0,0.7480314960629921,0.25196850393700787,0.0,0.30708661417322836,0.44881889763779526,0.0
2026-01-17T00:37:24.313928,interface,0.07086614173228346,1.0,0.7480314960629921,0.8740157480314961,0.0,0.30708661417322836,0.44881889763779526,0.0
2026-01-17T00:37:24.334083,interface,0.07086614173228346,1.0,0.7480314960629921,0.8582677165354331,0.0,0.30708661417322836,0.44881889763779526,0.0
2026-01-17T00:37:24.366280,interface,0.07086614173228346,1.0,0.7480314960629921,0.8503937007874016,0.0,0.30708661417322836,0.44881889763779526,0.0
2026-01-17T00:37:24.390306,interface,0.07086614173228346,1.0,0.7480314960629921,0.84251968503937,0.0,0.30708661417322836,0.44881889763779526,0.0
2026-01-17T00:37:24.418362,interface,0.07086614173228346,1.0,0.7480314960629921,0.8503937007874016,0.0,0.30708661417322836,0.44881889763779526,0.0
2026-01-17T00:37:24.460678,interface,0.07086614173228346,1.0,0.7480314960629921,0.8503937007874016,0.0,0.30708661417322836,0.44881889763779526,0.0
2026-01-17T00:37:24.833082,interface,0.06299212598425197,1.0,0.7480314960629921,0.8503937007874016,0.0,0.30708661417322836,0.44881889763779526,0.0
2026-01-17T00:37:24.833932,interface,0.06299212598425197,1.0,0.5511811023622047,0.8503937007874016,0.0,0.30708661417322836,0.44881889763779526,0.0
2026-01-17T00:37:24.992009,interface,0.06299212598425197,1.0,0.5511811023622047,0.8503937007874016,0.0,0.30708661417322836,0.44881889763779526,0.0
2026-01-17T00:37:25.209020,interface,0.06299212598425197,1.0,0.5511811023622047,0.8503937007874016,0.0,0.30708661417322836,0.44881889763779526,0.0
2026-01-17T00:37:25.209948,interface,0.06299212598425197,1.0,0.25196850393700787,0.8503937007874016,0.0,0.30708661417322836,0.44881889763779526,0.0
2026-01-17T00:37:25.219933,interface,0.06299212598425197,1.0,0.2677165354330709,0.8503937007874016,0.0,0.30708661417322836,0.44881889763779526,0.0
2026-01-17T00:37:25.228681,interface,0.06299212598425197,1.0,0.33070866141732286,0.8503937007874016,0.0,0.30708661417322836,0.44881889763779526,0.0
2026-01-17T00:37:25.242576,interface,0.06299212598425197,1.0,0.3779527559055118,0.8503937007874016,0.0,0.30708661417322836,0.44881889763779526,0.0
2026-01-17T00:37:25.303381,interface,0.06299212598425197,1.0,0.8582677165354331,0.8503937007874016,0.0,0.30708661417322836,0.44881889763779526,0.0
2026-01-17T00:37:25.312162,interface,0.06299212598425197,1.0,0.937007874015748,0.8503937007874016,0.0,0.30708661417322836,0.44881889763779526,0.0
2026-01-17T00:37:25.326032,interface,0.06299212598425197,1.0,0.9763779527559056,0.8503937007874016,0.0,0.30708661417322836,0.44881889763779526,0.0
2026-01-17T00:37:25.334738,interface,0.06299212598425197,1.0,0.984251968503937,0.8503937007874016,0.0,0.30708661417322836,0.44881889763779526,0.0
2026-01-17T00:37:25.420391,interface,0.06299212598425197,1.0,0.8582677165354331,0.8503937007874016,0.0,0.30708661417322836,0.44881889763779526,0.0
2026-01-17T00:37:25.421909,interface,0.06299212598425197,1.0,0.8346456692913385,0.8503937007874016,0.0,0.30708661417322836,0.44881889763779526,0.0
2026-01-17T00:37:25.436775,interface,0.06299212598425197,1.0,0.7874015748031497,0.8503937007874016,0.0,0.30708661417322836,0.44881889763779526,0.0
2026-01-17T00:37:25.538000,interface,0.06299212598425197,1.0,0.07874015748031496,0.8503937007874016,0.0,0.30708661417322836,0.44881889763779526,0.0
2026-01-17T00:37:25.556889,interface,0.06299212598425197,1.0,0.08661417322834646,0.8503937007874016,0.0,0.30708661417322836,0.44881889763779526,0.0
2026-01-17T00:37:25.565697,interface,0.06299212598425197,1.0,0.10236220472440945,0.8503937007874016,0.0,0.30708661417322836,0.44881889763779526,0.0
2026-01-17T00:37:25.574424,interface,0.06299212598425197,1.0,0.12598425196850394,0.8503937007874016,0.0,0.30708661417322836,0.44881889763779526,0.0
2026-01-17T00:37:25.625727,interface,0.06299212598425197,1.0,0.2677165354330709,0.8503937007874016,0.0,0.30708661417322836,0.44881889763779526,0.0
2026-01-17T00:37:25.634384,interface,0.06299212598425197,1.0,0.3858267716535433,0.8503937007874016,0.0,0.30708661417322836,0.44881889763779526,0.0
2026-01-17T00:37:25.655253,interface,0.06299212598425197,1.0,0.5275590551181102,0.8503937007874016,0.0,0.30708661417322836,0.44881889763779526,0.0
2026-01-17T00:37:25.668349,interface,0.06299212598425197,1.0,0.6220472440944882,0.8503937007874016,0.0,0.30708661417322836,0.44881889763779526,0.0
2026-01-17T00:37:25.713957,interface,0.06299212598425197,1.0,0.7007874015748031,0.8503937007874016,0.0,0.30708661417322836,0.44881889763779526,0.0
2026-01-17T00:37:25.722667,interface,0.06299212598425197,1.0,0.6771653543307087,0.8503937007874016,0.0,0.30708661417322836,0.44881889763779526,0.0
2026-01-17T00:37:25.741557,interface,0.06299212598425197,1.0,0.6377952755905512,0.8503937007874016,0.0,0.30708661417322836,0.44881889763779526,0.0
2026-01-17T00:37:25.750294,interface,0.06299212598425197,1.0,0.6141732283464567,0.8503937007874016,0.0,0.30708661417322836,0.44881889763779526,0.0
2026-01-17T00:37:25.759094,interface,0.06299212598425197,1.0,0.5748031496062992,0.8503937007874016,0.0,0.30708661417322836,0.44881889763779526,0.0
2026-01-17T00:37:25.778096,interface,0.06299212598425197,1.0,0.5511811023622047,0.8503937007874016,0.0,0.30708661417322836,0.44881889763779526,0.0
2026-01-17T00:37:25.786842,interface,0.06299212598425197,1.0,0.5118110236220472,0.8503937007874016,0.0,0.30708661417322836,0.44881889763779526,0.0
2026-01-17T00:37:25.795559,interface,0.06299212598425197,1.0,0.4566929133858268,0.8503937007874016,0.0,0.30708661417322836,0.44881889763779526,0.0
2026-01-17T00:37:25.809433,interface,0.06299212598425197,1.0,0.3700787401574803,0.8503937007874016,0.0,0.30708661417322836,0.44881889763779526,0.0
2026-01-17T00:37:25.818207,interface,0.06299212598425197,1.0,0.28346456692913385,0.8503937007874016,0.0,0.30708661417322836,0.44881889763779526,0.0
2026-01-17T00:37:25.893018,interface,0.06299212598425197,1.0,0.12598425196850394,0.8503937007874016,0.0,0.30708661417322836,0.44881889763779526,0.0
2026-01-17T00:37:25.901787,interface,0.06299212598425197,1.0,0.13385826771653545,0.8503937007874016,0.0,0.30708661417322836,0.44881889763779526,0.0
2026-01-17T00:37:25.920611,interface,0.06299212598425197,1.0,0.14173228346456693,0.8503937007874016,0.0,0.30708661417322836,0.44881889763779526,0.0
2026-01-17T00:37:25.929122,interface,0.06299212598425197,1.0,0.16535433070866143,0.8503937007874016,0.0,0.30708661417322836,0.44881889763779526,0.0
2026-01-17T00:37:25.938046,interface,0.06299212598425197,1.0,0.18110236220472442,0.8503937007874016,0.0,0.30708661417322836,0.44881889763779526,0.0
2026-01-17T00:37:25.956883,interface,0.06299212598425197,1.0,0.1968503937007874,0.8503937007874016,0.0,0.30708661417322836,0.44881889763779526,0.0
2026-01-17T00:37:25.965674,interface,0.06299212598425197,1.0,0.2204724409448819,0.8503937007874016,0.0,0.30708661417322836,0.44881889763779526,0.0
2026-01-17T00:37:25.989374,interface,0.06299212598425197,1.0,0.2125984251968504,0.8503937007874016,0.0,0.30708661417322836,0.44881889763779526,0.0
2026-01-17T00:37:25.998373,interface,0.06299212598425197,1.0,0.1968503937007874,0.8503937007874016,0.0,0.30708661417322836,0.44881889763779526,0.0
2026-01-17T00:37:26.017266,interface,0.06299212598425197,1.0,0.1732283464566929,0.8503937007874016,0.0,0.30708661417322836,0.44881889763779526,0.0
2026-01-17T00:37:26.026059,interface,0.06299212598425197,1.0,0.14173228346456693,0.8503937007874016,0.0,0.30708661417322836,0.44881889763779526,0.0
2026-01-17T00:37:26.034747,interface,0.06299212598425197,1.0,0.09448818897637795,0.8503937007874016,0.0,0.30708661417322836,0.44881889763779526,0.0
2026-01-17T00:37:26.084504,interface,0.06299212598425197,1.0,0.0,0.8503937007874016,0.0,0.30708661417322836,0.44881889763779526,0.0
2026-01-17T00:37:26.227733,interface,0.06299212598425197,1.0,0.48031496062992124,0.8503937007874016,0.0,0.30708661417322836,0.44881889763779526,0.0
2026-01-17T00:37:26.241506,interface,0.06299212598425197,1.0,0.4409448818897638,0.8503937007874016,0.0,0.30708661417322836,0.44881889763779526,0.0
2026-01-17T00:37:26.255415,interface,0.06299212598425197,1.0,0.3858267716535433,0.8503937007874016,0.0,0.30708661417322836,0.44881889763779526,0.0
2026-01-17T00:37:26.264287,interface,0.06299212598425197,1.0,0.3543307086614173,0.8503937007874016,0.0,0.30708661417322836,0.44881889763779526,0.0
2026-01-17T00:37:26.283199,interface,0.06299212598425197,1.0,0.33070866141732286,0.8503937007874016,0.0,0.30708661417322836,0.44881889763779526,0.0
2026-01-17T00:37:26.304721,interface,0.06299212598425197,1.0,0.33858267716535434,0.8503937007874016,0.0,0.30708661417322836,0.44881889763779526,0.0
2026-01-17T00:37:26.375126,interface,0.06299212598425197,1.0,0.5984251968503937,0.8503937007874016,0.0,0.30708661417322836,0.44881889763779526,0.0
2026-01-17T00:37:26.404369,interface,0.06299212598425197,1.0,0.5748031496062992,0.8503937007874016,0.0,0.30708661417322836,0.44881889763779526,0.0
2026-01-17T00:37:26.421516,interface,0.06299212598425197,1.0,0.5590551181102362,0.8503937007874016,0.0,0.30708661417322836,0.44881889763779526,0.0
2026-01-17T00:37:26.422368,interface,0.06299212598425197,1.0,0.5275590551181102,0.8503937007874016,0.0,0.30708661417322836,0.44881889763779526,0.0
2026-01-17T00:37:26.432359,interface,0.06299212598425197,1.0,0.48031496062992124,0.8503937007874016,0.0,0.30708661417322836,0.44881889763779526,0.0
2026-01-17T00:37:26.446274,interface,0.06299212598425197,1.0,0.41732283464566927,0.8503937007874016,0.0,0.30708661417322836,0.44881889763779526,0.0
2026-01-17T00:37:26.455086,interface,0.06299212598425197,1.0,0.3700787401574803,0.8503937007874016,0.0,0.30708661417322836,0.44881889763779526,0.0
2026-01-17T00:37:26.474093,interface,0.06299212598425197,1.0,0.33858267716535434,0.8503937007874016,0.0,0.30708661417322836,0.44881889763779526,0.0
2026-01-17T00:37:26.495913,interface,0.06299212598425197,1.0,0.36220472440944884,0.8503937007874016,0.0,0.30708661417322836,0.44881889763779526,0.0
2026-01-17T00:37:26.552265,interface,0.06299212598425197,1.0,0.5905511811023622,0.8503937007874016,0.0,0.30708661417322836,0.44881889763779526,0.0
2026-01-17T00:37:26.594497,interface,0.06299212598425197,1.0,0.7322834645669292,0.8503937007874016,0.0,0.30708661417322836,0.44881889763779526,0.0
2026-01-17T00:37:26.608389,interface,0.06299212598425197,1.0,0.6850393700787402,0.8503937007874016,0.0,0.30708661417322836,0.44881889763779526,0.0
2026-01-17T00:37:26.617078,interface,0.06299212598425197,1.0,0.6299212598425197,0.8503937007874016,0.0,0.30708661417322836,0.44881889763779526,0.0
2026-01-17T00:37:26.625902,interface,0.06299212598425197,1.0,0.6062992125984252,0.8503937007874016,0.0,0.30708661417322836,0.44881889763779526,0.0
2026-01-17T00:37:26.639811,interface,0.06299212598425197,1.0,0.5669291338582677,0.8503937007874016,0.0,0.30708661417322836,0.44881889763779526,0.0
2026-01-17T00:37:26.658655,interface,0.06299212598425197,1.0,0.5196850393700787,0.8503937007874016,0.0,0.30708661417322836,0.44881889763779526,0.0
2026-01-17T00:37:26.660213,interface,0.06299212598425197,1.0,0.5118110236220472,0.8503937007874016,0.0,0.30708661417322836,0.44881889763779526,0.0
2026-01-17T00:37:26.766545,interface,0.06299212598425197,1.0,0.984251968503937,0.8503937007874016,0.0,0.30708661417322836,0.44881889763779526,0.0
2026-01-17T00:37:26.775393,interface,0.06299212598425197,1.0,0.9763779527559056,0.8503937007874016,0.0,0.30708661417322836,0.44881889763779526,0.0
2026-01-17T00:37:26.788728,interface,0.06299212598425197,1.0,0.937007874015748,0.8503937007874016,0.0,0.30708661417322836,0.44881889763779526,0.0
2026-01-17T00:37:26.835909,interface,0.06299212598425197,1.0,0.5118110236220472,0.8503937007874016,0.0,0.30708661417322836,0.44881889763779526,0.0
2026-01-17T00:37:26.844646,interface,0.06299212598425197,1.0,0.3543307086614173,0.8503937007874016,0.0,0.30708661417322836,0.44881889763779526,0.0
2026-01-17T00:37:26.906442,interface,0.06299212598425197,1.0,0.2047244094488189,0.8503937007874016,0.0,0.30708661417322836,0.44881889763779526,0.0
2026-01-17T00:37:26.953039,interface,0.06299212598425197,1.0,0.4645669291338583,0.8503937007874016,0.0,0.30708661417322836,0.44881889763779526,0.0
2026-01-17T00:37:26.961807,interface,0.06299212598425197,1.0,0.48031496062992124,0.8503937007874016,0.0,0.30708661417322836,0.44881889763779526,0.0
2026-01-17T00:37:26.988704,interface,0.06299212598425197,1.0,0.4566929133858268,0.8503937007874016,0.0,0.30708661417322836,0.44881889763779526,0.0
2026-01-17T00:37:26.997371,interface,0.06299212598425197,1.0,0.41732283464566927,0.8503937007874016,0.0,0.30708661417322836,0.44881889763779526,0.0
2026-01-17T00:37:27.011451,interface,0.06299212598425197,1.0,0.3779527559055118,0.8503937007874016,0.0,0.30708661417322836,0.44881889763779526,0.0
2026-01-17T00:37:27.020311,interface,0.06299212598425197,1.0,0.33858267716535434,0.8503937007874016,0.0,0.30708661417322836,0.44881889763779526,0.0
2026-01-17T00:37:27.039224,interface,0.06299212598425197,1.0,0.2677165354330709,0.8503937007874016,0.0,0.30708661417322836,0.44881889763779526,0.0
2026-01-17T00:37:27.077250,interface,0.06299212598425197,1.0,0.2677165354330709,0.8503937007874016,0.0,0.30708661417322836,0.44881889763779526,0.0
2026-01-17T00:37:27.135717,interface,0.06299212598425197,1.0,0.2677165354330709,0.8503937007874016,0.0,0.30708661417322836,0.44881889763779526,0.0
2026-01-17T00:37:27.136635,interface,0.06299212598425197,1.0,0.15748031496062992,0.8503937007874016,0.0,0.30708661417322836,0.44881889763779526,0.0
2026-01-17T00:37:27.156725,interface,0.06299212598425197,1.0,0.2204724409448819,0.8503937007874016,0.0,0.30708661417322836,0.44881889763779526,0.0
2026-01-17T00:37:27.157608,interface,0.06299212598425197,1.0,0.4015748031496063,0.8503937007874016,0.0,0.30708661417322836,0.44881889763779526,0.0
2026-01-17T00:37:27.167376,interface,0.06299212598425197,1.0,0.6220472440944882,0.8503937007874016,0.0,0.30708661417322836,0.44881889763779526,0.0
2026-01-17T00:37:27.220052,interface,0.06299212598425197,1.0,1.0,0.8503937007874016,0.0,0.30708661417322836,0.44881889763779526,0.0
2026-01-17T00:37:27.266348,interface,0.06299212598425197,1.0,0.9763779527559056,0.8503937007874016,0.0,0.30708661417322836,0.44881889763779526,0.0
2026-01-17T00:37:27.275181,interface,0.06299212598425197,1.0,0.9606299212598425,0.8503937007874016,0.0,0.30708661417322836,0.44881889763779526,0.0
2026-01-17T00:37:27.299303,interface,0.06299212598425197,1.0,0.952755905511811,0.8503937007874016,0.0,0.30708661417322836,0.44881889763779526,0.0
2026-01-17T00:37:27.300129,interface,0.06299212598425197,1.0,0.9606299212598425,0.8503937007874016,0.0,0.30708661417322836,0.44881889763779526,0.0
2026-01-17T00:37:27.361777,interface,0.06299212598425197,1.0,0.9606299212598425,0.8503937007874016,0.0,0.30708661417322836,0.44881889763779526,0.0
2026-01-17T00:37:28.246079,interface,0.07086614173228346,1.0,0.9606299212598425,0.8503937007874016,0.0,0.30708661417322836,0.44881889763779526,0.0
2026-01-17T00:37:28.247005,interface,0.07086614173228346,1.0,0.9606299212598425,0.889763779527559,0.0,0.30708661417322836,0.44881889763779526,0.0
2026-01-17T00:37:28.262297,interface,0.07086614173228346,1.0,0.9606299212598425,0.8740157480314961,0.0,0.30708661417322836,0.44881889763779526,0.0
2026-01-17T00:37:28.274910,interface,0.07086614173228346,1.0,0.9606299212598425,0.8503937007874016,0.0,0.30708661417322836,0.44881889763779526,0.0
2026-01-17T00:37:28.286941,interface,0.07086614173228346,1.0,0.9606299212598425,0.7874015748031497,0.0,0.30708661417322836,0.44881889763779526,0.0
2026-01-17T00:37:28.330190,interface,0.07086614173228346,1.0,0.9606299212598425,0.2677165354330709,0.0,0.30708661417322836,0.44881889763779526,0.0
2026-01-17T00:37:28.349188,interface,0.07086614173228346,1.0,0.9606299212598425,0.14960629921259844,0.0,0.30708661417322836,0.44881889763779526,0.0
2026-01-17T00:37:28.350007,interface,0.07086614173228346,1.0,0.9606299212598425,0.07874015748031496,0.0,0.30708661417322836,0.44881889763779526,0.0
2026-01-17T00:37:28.360175,interface,0.07086614173228346,1.0,0.9606299212598425,0.03937007874015748,0.0,0.30708661417322836,0.44881889763779526,0.0
2026-01-17T00:37:28.373979,interface,0.07086614173228346,1.0,0.9606299212598425,0.031496062992125984,0.0,0.30708661417322836,0.44881889763779526,0.0
2026-01-17T00:37:28.387723,interface,0.07086614173228346,1.0,0.9606299212598425,0.023622047244094488,0.0,0.30708661417322836,0.44881889763779526,0.0
2026-01-17T00:37:28.417998,interface,0.07086614173228346,1.0,0.9606299212598425,0.031496062992125984,0.0,0.30708661417322836,0.44881889763779526,0.0
2026-01-17T00:37:28.436830,interface,0.07086614173228346,1.0,0.9606299212598425,0.047244094488188976,0.0,0.30708661417322836,0.44881889763779526,0.0
2026-01-17T00:37:28.445524,interface,0.07086614173228346,1.0,0.9606299212598425,0.05511811023622047,0.0,0.30708661417322836,0.44881889763779526,0.0
2026-01-17T00:37:28.464587,interface,0.07086614173228346,1.0,0.9606299212598425,0.06299212598425197,0.0,0.30708661417322836,0.44881889763779526,0.0
2026-01-17T00:37:28.478031,interface,0.07086614173228346,1.0,0.9606299212598425,0.07874015748031496,0.0,0.30708661417322836,0.44881889763779526,0.0
2026-01-17T00:37:28.497242,interface,0.07086614173228346,1.0,0.9606299212598425,0.08661417322834646,0.0,0.30708661417322836,0.44881889763779526,0.0
2026-01-17T00:37:28.506115,interface,0.07086614173228346,1.0,0.9606299212598425,0.09448818897637795,0.0,0.30708661417322836,0.44881889763779526,0.0
2026-01-17T00:37:28.555429,interface,0.07086614173228346,1.0,0.9606299212598425,0.11023622047244094,0.0,0.30708661417322836,0.44881889763779526,0.0
2026-01-17T00:37:28.601598,interface,0.07086614173228346,1.0,0.9606299212598425,0.14173228346456693,0.0,0.30708661417322836,0.44881889763779526,0.0
2026-01-17T00:37:28.603095,interface,0.07086614173228346,1.0,0.9606299212598425,0.15748031496062992,0.0,0.30708661417322836,0.44881889763779526,0.0
2026-01-17T00:37:28.663121,interface,0.07086614173228346,1.0,0.9606299212598425,0.8740157480314961,0.0,0.30708661417322836,0.44881889763779526,0.0
2026-01-17T00:37:28.736751,interface,0.07086614173228346,1.0,0.9606299212598425,1.0,0.0,0.30708661417322836,0.44881889763779526,0.0
2026-01-17T00:37:28.745526,interface,0.07086614173228346,1.0,0.9606299212598425,0.984251968503937,0.0,0.30708661417322836,0.44881889763779526,0.0
2026-01-17T00:37:28.764496,interface,0.07086614173228346,1.0,0.9606299212598425,0.9606299212598425,0.0,0.30708661417322836,0.44881889763779526,0.0
2026-01-17T00:37:28.777573,interface,0.07086614173228346,1.0,0.9606299212598425,0.952755905511811,0.0,0.30708661417322836,0.44881889763779526,0.0
2026-01-17T00:37:28.784669,interface,0.07086614173228346,1.0,0.9606299212598425,0.9448818897637795,0.0,0.30708661417322836,0.44881889763779526,0.0
2026-01-17T00:37:28.793444,interface,0.07086614173228346,1.0,0.9606299212598425,0.937007874015748,0.0,0.30708661417322836,0.44881889763779526,0.0
2026-01-17T00:37:28.848862,interface,0.07086614173228346,1.0,0.9606299212598425,0.937007874015748,0.0,0.30708661417322836,0.44881889763779526,0.0
2026-01-17T00:37:31.048172,interface,0.4330708661417323,1.0,0.9606299212598425,0.937007874015748,0.0,0.30708661417322836,0.44881889763779526,0.0
2026-01-17T00:37:31.149546,interface,0.5669291338582677,1.0,0.9606299212598425,0.937007874015748,0.0,0.30708661417322836,0.44881889763779526,0.0
2026-01-17T00:37:31.268460,interface,0.47244094488188976,1.0,0.9606299212598425,0.937007874015748,0.0,0.30708661417322836,0.44881889763779526,0.0
2026-01-17T00:37:31.276442,interface,0.3779527559055118,1.0,0.9606299212598425,0.937007874015748,0.0,0.30708661417322836,0.44881889763779526,0.0
2026-01-17T00:37:31.277982,interface,0.47244094488188976,1.0,0.9606299212598425,0.937007874015748,0.0,0.30708661417322836,0.44881889763779526,0.0
2026-01-17T00:37:31.384395,interface,0.4330708661417323,1.0,0.9606299212598425,0.937007874015748,0.0,0.30708661417322836,0.44881889763779526,0.0
2026-01-17T00:37:31.406556,interface,0.5669291338582677,1.0,0.9606299212598425,0.937007874015748,0.0,0.30708661417322836,0.44881889763779526,0.0
2026-01-17T00:37:31.484399,interface,0.47244094488188976,1.0,0.9606299212598425,0.937007874015748,0.0,0.30708661417322836,0.44881889763779526,0.0
2026-01-17T00:37:31.775485,interface,0.6220472440944882,1.0,0.9606299212598425,0.937007874015748,0.0,0.30708661417322836,0.44881889763779526,0.0
2026-01-17T00:37:32.315190,interface,0.6220472440944882,1.0,0.9606299212598425,0.937007874015748,0.0,0.30708661417322836,0.44881889763779526,0.0
2026-01-17T00:37:32.415432,interface,0.5669291338582677,1.0,0.9606299212598425,0.937007874015748,0.0,0.30708661417322836,0.44881889763779526,0.0
2026-01-17T00:37:32.570603,interface,0.6220472440944882,1.0,0.9606299212598425,0.937007874015748,0.0,0.30708661417322836,0.44881889763779526,0.0
2026-01-17T00:37:32.668428,interface,0.5669291338582677,1.0,0.9606299212598425,0.937007874015748,0.0,0.30708661417322836,0.44881889763779526,0.0
2026-01-17T00:37:32.811783,interface,0.5669291338582677,1.0,0.9606299212598425,0.937007874015748,0.0,0.30708661417322836,0.44881889763779526,0.0
2026-01-17T00:37:32.950076,interface,0.5669291338582677,1.0,0.9606299212598425,0.937007874015748,0.0,0.30708661417322836,0.44881889763779526,0.0
2026-01-17T00:37:33.088713,interface,0.5669291338582677,1.0,0.9606299212598425,0.937007874015748,0.0,0.30708661417322836,0.44881889763779526,0.0
2026-01-17T00:37:33.225258,interface,0.5669291338582677,1.0,0.9606299212598425,0.937007874015748,0.0,0.30708661417322836,0.44881889763779526,0.0
2026-01-17T00:37:33.335290,interface,0.5669291338582677,1.0,0.9606299212598425,0.937007874015748,0.0,0.30708661417322836,0.4330708661417323,0.0
2026-01-17T00:37:33.355209,interface,0.5669291338582677,1.0,0.9606299212598425,0.937007874015748,0.0,0.30708661417322836,0.4330708661417323,0.0
2026-01-17T00:37:33.356039,interface,0.5669291338582677,1.0,0.9606299212598425,0.937007874015748,0.0,0.30708661417322836,0.4251968503937008,0.0
2026-01-17T00:37:33.356779,interface,0.5669291338582677,1.0,0.9606299212598425,0.937007874015748,0.0,0.30708661417322836,0.41732283464566927,0.0
2026-01-17T00:37:33.368234,interface,0.5669291338582677,1.0,0.9606299212598425,0.937007874015748,0.0,0.30708661417322836,0.41732283464566927,0.0
2026-01-17T00:37:33.378252,interface,0.5669291338582677,1.0,0.9606299212598425,0.937007874015748,0.0,0.30708661417322836,0.4094488188976378,0.0
2026-01-17T00:37:33.388282,interface,0.5669291338582677,1.0,0.9606299212598425,0.937007874015748,0.0,0.30708661417322836,0.4015748031496063,0.0
2026-01-17T00:37:33.389072,interface,0.5669291338582677,1.0,0.9606299212598425,0.937007874015748,0.0,0.30708661417322836,0.3937007874015748,0.0
2026-01-17T00:37:33.399288,interface,0.5669291338582677,1.0,0.9606299212598425,0.937007874015748,0.0,0.30708661417322836,0.3858267716535433,0.0
2026-01-17T00:37:33.409275,interface,0.5669291338582677,1.0,0.9606299212598425,0.937007874015748,0.0,0.30708661417322836,0.3779527559055118,0.0
2026-01-17T00:37:33.410068,interface,0.5669291338582677,1.0,0.9606299212598425,0.937007874015748,0.0,0.30708661417322836,0.3779527559055118,0.0
2026-01-17T00:37:33.423853,interface,0.5669291338582677,1.0,0.9606299212598425,0.937007874015748,0.0,0.30708661417322836,0.3700787401574803,0.0
2026-01-17T00:37:33.431260,interface,0.5669291338582677,1.0,0.9606299212598425,0.937007874015748,0.0,0.30708661417322836,0.36220472440944884,0.0
2026-01-17T00:37:33.439250,interface,0.5669291338582677,1.0,0.9606299212598425,0.937007874015748,0.0,0.30708661417322836,0.3543307086614173,0.0
2026-01-17T00:37:33.447875,interface,0.5669291338582677,1.0,0.9606299212598425,0.937007874015748,0.0,0.30708661417322836,0.3464566929133858,0.0
2026-01-17T00:37:33.457084,interface,0.5669291338582677,1.0,0.9606299212598425,0.937007874015748,0.0,0.30708661417322836,0.3464566929133858,0.0
2026-01-17T00:37:33.471234,interface,0.5669291338582677,1.0,0.9606299212598425,0.937007874015748,0.0,0.30708661417322836,0.33858267716535434,0.0
2026-01-17T00:37:33.487277,interface,0.5669291338582677,1.0,0.9606299212598425,0.937007874015748,0.0,0.30708661417322836,0.33070866141732286,0.0
2026-01-17T00:37:33.498205,interface,0.5669291338582677,1.0,0.9606299212598425,0.937007874015748,0.0,0.30708661417322836,0.3228346456692913,0.0
2026-01-17T00:37:33.507849,interface,0.5669291338582677,1.0,0.9606299212598425,0.937007874015748,0.0,0.30708661417322836,0.3228346456692913,0.0
2026-01-17T00:37:33.508635,interface,0.5669291338582677,1.0,0.9606299212598425,0.937007874015748,0.0,0.30708661417322836,0.31496062992125984,0.0
2026-01-17T00:37:33.519277,interface,0.5669291338582677,1.0,0.9606299212598425,0.937007874015748,0.0,0.30708661417322836,0.31496062992125984,0.0
2026-01-17T00:37:33.528195,interface,0.5669291338582677,1.0,0.9606299212598425,0.937007874015748,0.0,0.30708661417322836,0.30708661417322836,0.0
2026-01-17T00:37:33.543285,interface,0.5669291338582677,1.0,0.9606299212598425,0.937007874015748,0.0,0.30708661417322836,0.2992125984251969,0.0
2026-01-17T00:37:33.551216,interface,0.5669291338582677,1.0,0.9606299212598425,0.937007874015748,0.0,0.30708661417322836,0.29133858267716534,0.0
2026-01-17T00:37:33.559284,interface,0.5669291338582677,1.0,0.9606299212598425,0.937007874015748,0.0,0.30708661417322836,0.28346456692913385,0.0
2026-01-17T00:37:33.567670,interface,0.5669291338582677,1.0,0.9606299212598425,0.937007874015748,0.0,0.30708661417322836,0.2755905511811024,0.0
2026-01-17T00:37:33.577763,interface,0.5669291338582677,1.0,0.9606299212598425,0.937007874015748,0.0,0.30708661417322836,0.2755905511811024,0.0
2026-01-17T00:37:33.588139,interface,0.5669291338582677,1.0,0.9606299212598425,0.937007874015748,0.0,0.30708661417322836,0.2677165354330709,0.0
2026-01-17T00:37:33.588934,interface,0.5669291338582677,1.0,0.9606299212598425,0.937007874015748,0.0,0.30708661417322836,0.25984251968503935,0.0
2026-01-17T00:37:33.599187,interface,0.5669291338582677,1.0,0.9606299212598425,0.937007874015748,0.0,0.30708661417322836,0.25196850393700787,0.0
2026-01-17T00:37:33.607575,interface,0.5669291338582677,1.0,0.9606299212598425,0.937007874015748,0.0,0.30708661417322836,0.25196850393700787,0.0
2026-01-17T00:37:33.617924,interface,0.5669291338582677,1.0,0.9606299212598425,0.937007874015748,0.0,0.30708661417322836,0.2440944881889764,0.0
2026-01-17T00:37:33.618701,interface,0.5669291338582677,1.0,0.9606299212598425,0.937007874015748,0.0,0.30708661417322836,0.2440944881889764,0.0
2026-01-17T00:37:33.632088,interface,0.5669291338582677,1.0,0.9606299212598425,0.937007874015748,0.0,0.30708661417322836,0.23622047244094488,0.0
2026-01-17T00:37:33.632884,interface,0.5669291338582677,1.0,0.9606299212598425,0.937007874015748,0.0,0.30708661417322836,0.2283464566929134,0.0
2026-01-17T00:37:33.634905,interface,0.5669291338582677,1.0,0.9606299212598425,0.937007874015748,0.0,0.30708661417322836,0.2204724409448819,0.0
2026-01-17T00:37:33.644146,interface,0.5669291338582677,1.0,0.9606299212598425,0.937007874015748,0.0,0.30708661417322836,0.2204724409448819,0.0
2026-01-17T00:37:33.656294,interface,0.5669291338582677,1.0,0.9606299212598425,0.937007874015748,0.0,0.30708661417322836,0.2125984251968504,0.0
2026-01-17T00:37:33.668194,interface,0.5669291338582677,1.0,0.9606299212598425,0.937007874015748,0.0,0.30708661417322836,0.2047244094488189,0.0
2026-01-17T00:37:33.675632,interface,0.5669291338582677,1.0,0.9606299212598425,0.937007874015748,0.0,0.30708661417322836,0.2047244094488189,0.0
2026-01-17T00:37:33.693373,interface,0.5669291338582677,1.0,0.9606299212598425,0.937007874015748,0.0,0.30708661417322836,0.1968503937007874,0.0
2026-01-17T00:37:33.709282,interface,0.5669291338582677,1.0,0.9606299212598425,0.937007874015748,0.0,0.30708661417322836,0.1889763779527559,0.0
2026-01-17T00:37:33.730130,interface,0.5669291338582677,1.0,0.9606299212598425,0.937007874015748,0.0,0.30708661417322836,0.1889763779527559,0.0
2026-01-17T00:37:33.737669,interface,0.5669291338582677,1.0,0.9606299212598425,0.937007874015748,0.0,0.30708661417322836,0.18110236220472442,0.0
2026-01-17T00:37:33.738400,interface,0.5669291338582677,1.0,0.9606299212598425,0.937007874015748,0.0,0.30708661417322836,0.18110236220472442,0.0
2026-01-17T00:37:33.749360,interface,0.5669291338582677,1.0,0.9606299212598425,0.937007874015748,0.0,0.30708661417322836,0.1732283464566929,0.0
2026-01-17T00:37:33.765279,interface,0.5669291338582677,1.0,0.9606299212598425,0.937007874015748,0.0,0.30708661417322836,0.16535433070866143,0.0
2026-01-17T00:37:33.777655,interface,0.5669291338582677,1.0,0.9606299212598425,0.937007874015748,0.0,0.30708661417322836,0.16535433070866143,0.0
2026-01-17T00:37:33.778436,interface,0.5669291338582677,1.0,0.9606299212598425,0.937007874015748,0.0,0.30708661417322836,0.15748031496062992,0.0
2026-01-17T00:37:33.793121,interface,0.5669291338582677,1.0,0.9606299212598425,0.937007874015748,0.0,0.30708661417322836,0.15748031496062992,0.0
2026-01-17T00:37:33.805374,interface,0.5669291338582677,1.0,0.9606299212598425,0.937007874015748,0.0,0.30708661417322836,0.14960629921259844,0.0
2026-01-17T00:37:33.821266,interface,0.5669291338582677,1.0,0.9606299212598425,0.937007874015748,0.0,0.30708661417322836,0.14173228346456693,0.0
2026-01-17T00:37:33.829364,interface,0.5669291338582677,1.0,0.9606299212598425,0.937007874015748,0.0,0.30708661417322836,0.13385826771653545,0.0
2026-01-17T00:37:33.837588,interface,0.5669291338582677,1.0,0.9606299212598425,0.937007874015748,0.0,0.30708661417322836,0.13385826771653545,0.0
2026-01-17T00:37:33.847890,interface,0.5669291338582677,1.0,0.9606299212598425,0.937007874015748,0.0,0.30708661417322836,0.12598425196850394,0.0
2026-01-17T00:37:33.848704,interface,0.5669291338582677,1.0,0.9606299212598425,0.937007874015748,0.0,0.30708661417322836,0.12598425196850394,0.0
2026-01-17T00:37:33.862522,interface,0.5669291338582677,1.0,0.9606299212598425,0.937007874015748,0.0,0.30708661417322836,0.11811023622047244,0.0
2026-01-17T00:37:33.869360,interface,0.5669291338582677,1.0,0.9606299212598425,0.937007874015748,0.0,0.30708661417322836,0.11023622047244094,0.0
2026-01-17T00:37:33.878446,interface,0.5669291338582677,1.0,0.9606299212598425,0.937007874015748,0.0,0.30708661417322836,0.11023622047244094,0.0
2026-01-17T00:37:33.887454,interface,0.5669291338582677,1.0,0.9606299212598425,0.937007874015748,0.0,0.30708661417322836,0.10236220472440945,0.0
2026-01-17T00:37:33.895589,interface,0.5669291338582677,1.0,0.9606299212598425,0.937007874015748,0.0,0.30708661417322836,0.09448818897637795,0.0
2026-01-17T00:37:33.897027,interface,0.5669291338582677,1.0,0.9606299212598425,0.937007874015748,0.0,0.30708661417322836,0.09448818897637795,0.0
2026-01-17T00:37:33.909476,interface,0.5669291338582677,1.0,0.9606299212598425,0.937007874015748,0.0,0.30708661417322836,0.08661417322834646,0.0
2026-01-17T00:37:33.918323,interface,0.5669291338582677,1.0,0.9606299212598425,0.937007874015748,0.0,0.30708661417322836,0.07874015748031496,0.0
2026-01-17T00:37:33.927862,interface,0.5669291338582677,1.0,0.9606299212598425,0.937007874015748,0.0,0.30708661417322836,0.07874015748031496,0.0
2026-01-17T00:37:33.938187,interface,0.5669291338582677,1.0,0.9606299212598425,0.937007874015748,0.0,0.30708661417322836,0.07086614173228346,0.0
2026-01-17T00:37:33.938975,interface,0.5669291338582677,1.0,0.9606299212598425,0.937007874015748,0.0,0.30708661417322836,0.06299212598425197,0.0
2026-01-17T00:37:33.949410,interface,0.5669291338582677,1.0,0.9606299212598425,0.937007874015748,0.0,0.30708661417322836,0.06299212598425197,0.0
2026-01-17T00:37:33.958440,interface,0.5669291338582677,1.0,0.9606299212598425,0.937007874015748,0.0,0.30708661417322836,0.05511811023622047,0.0
2026-01-17T00:37:33.967478,interface,0.5669291338582677,1.0,0.9606299212598425,0.937007874015748,0.0,0.30708661417322836,0.05511811023622047,0.0
2026-01-17T00:37:33.980125,interface,0.5669291338582677,1.0,0.9606299212598425,0.937007874015748,0.0,0.30708661417322836,0.047244094488188976,0.0
2026-01-17T00:37:33.980856,interface,0.5669291338582677,1.0,0.9606299212598425,0.937007874015748,0.0,0.30708661417322836,0.03937007874015748,0.0
2026-01-17T00:37:33.989389,interface,0.5669291338582677,1.0,0.9606299212598425,0.937007874015748,0.0,0.30708661417322836,0.03937007874015748,0.0
2026-01-17T00:37:33.998284,interface,0.5669291338582677,1.0,0.9606299212598425,0.937007874015748,0.0,0.30708661417322836,0.031496062992125984,0.0
2026-01-17T00:37:34.008348,interface,0.5669291338582677,1.0,0.9606299212598425,0.937007874015748,0.0,0.30708661417322836,0.023622047244094488,0.0
2026-01-17T00:37:34.021367,interface,0.5669291338582677,1.0,0.9606299212598425,0.937007874015748,0.0,0.30708661417322836,0.023622047244094488,0.0
2026-01-17T00:37:34.037366,interface,0.5669291338582677,1.0,0.9606299212598425,0.937007874015748,0.0,0.30708661417322836,0.015748031496062992,0.0
2026-01-17T00:37:34.053327,interface,0.5669291338582677,1.0,0.9606299212598425,0.937007874015748,0.0,0.30708661417322836,0.015748031496062992,0.0
2026-01-17T00:37:34.104917,interface,0.5669291338582677,1.0,0.9606299212598425,0.937007874015748,0.0,0.30708661417322836,0.015748031496062992,0.0
2026-01-17T00:37:34.106419,interface,0.5669291338582677,1.0,0.9606299212598425,0.937007874015748,0.0,0.30708661417322836,0.007874015748031496,0.0
2026-01-17T00:37:34.213485,interface,0.5669291338582677,1.0,0.9606299212598425,0.937007874015748,0.0,0.30708661417322836,0.007874015748031496,0.0
2026-01-17T00:37:34.330615,interface,0.5669291338582677,1.0,0.9606299212598425,0.937007874015748,0.0,0.30708661417322836,0.007874015748031496,0.0
2026-01-17T00:37:34.517489,interface,0.5669291338582677,1.0,0.9606299212598425,0.937007874015748,0.0,0.30708661417322836,0.007874015748031496,0.0
2026-01-17T00:37:34.543213,interface,0.5669291338582677,1.0,0.9606299212598425,0.937007874015748,0.0,0.30708661417322836,0.015748031496062992,0.0
2026-01-17T00:37:34.544045,interface,0.5669291338582677,1.0,0.9606299212598425,0.937007874015748,0.0,0.30708661417322836,0.015748031496062992,0.0
2026-01-17T00:37:34.545523,interface,0.5669291338582677,1.0,0.9606299212598425,0.937007874015748,0.0,0.30708661417322836,0.015748031496062992,0.0
2026-01-17T00:37:34.573323,interface,0.5669291338582677,1.0,0.9606299212598425,0.937007874015748,0.0,0.30708661417322836,0.023622047244094488,0.0
2026-01-17T00:37:34.574142,interface,0.5669291338582677,1.0,0.9606299212598425,0.937007874015748,0.0,0.30708661417322836,0.023622047244094488,0.0
2026-01-17T00:37:34.574875,interface,0.5669291338582677,1.0,0.9606299212598425,0.937007874015748,0.0,0.30708661417322836,0.031496062992125984,0.0
2026-01-17T00:37:34.576912,interface,0.5669291338582677,1.0,0.9606299212598425,0.937007874015748,0.0,0.30708661417322836,0.03937007874015748,0.0
2026-01-17T00:37:34.589471,interface,0.5669291338582677,1.0,0.9606299212598425,0.937007874015748,0.0,0.30708661417322836,0.047244094488188976,0.0
2026-01-17T00:37:34.596463,interface,0.5669291338582677,1.0,0.9606299212598425,0.937007874015748,0.0,0.30708661417322836,0.047244094488188976,0.0
2026-01-17T00:37:34.607652,interface,0.5669291338582677,1.0,0.9606299212598425,0.937007874015748,0.0,0.30708661417322836,0.05511811023622047,0.0
2026-01-17T00:37:34.617632,interface,0.5669291338582677,1.0,0.9606299212598425,0.937007874015748,0.0,0.30708661417322836,0.06299212598425197,0.0
2026-01-17T00:37:34.618423,interface,0.5669291338582677,1.0,0.9606299212598425,0.937007874015748,0.0,0.30708661417322836,0.07086614173228346,0.0
2026-01-17T00:37:34.629470,interface,0.5669291338582677,1.0,0.9606299212598425,0.937007874015748,0.0,0.30708661417322836,0.07874015748031496,0.0
2026-01-17T00:37:34.639134,interface,0.5669291338582677,1.0,0.9606299212598425,0.937007874015748,0.0,0.30708661417322836,0.09448818897637795,0.0
2026-01-17T00:37:34.647634,interface,0.5669291338582677,1.0,0.9606299212598425,0.937007874015748,0.0,0.30708661417322836,0.10236220472440945,0.0
2026-01-17T00:37:34.658145,interface,0.5669291338582677,1.0,0.9606299212598425,0.937007874015748,0.0,0.30708661417322836,0.11023622047244094,0.0
2026-01-17T00:37:34.658888,interface,0.5669291338582677,1.0,0.9606299212598425,0.937007874015748,0.0,0.30708661417322836,0.11811023622047244,0.0
2026-01-17T00:37:34.669932,interface,0.5669291338582677,1.0,0.9606299212598425,0.937007874015748,0.0,0.30708661417322836,0.12598425196850394,0.0
2026-01-17T00:37:34.678215,interface,0.5669291338582677,1.0,0.9606299212598425,0.937007874015748,0.0,0.30708661417322836,0.14173228346456693,0.0
2026-01-17T00:37:34.687743,interface,0.5669291338582677,1.0,0.9606299212598425,0.937007874015748,0.0,0.30708661417322836,0.14173228346456693,0.0
2026-01-17T00:37:34.698308,interface,0.5669291338582677,1.0,0.9606299212598425,0.937007874015748,0.0,0.30708661417322836,0.14960629921259844,0.0
2026-01-17T00:37:34.699111,interface,0.5669291338582677,1.0,0.9606299212598425,0.937007874015748,0.0,0.30708661417322836,0.15748031496062992,0.0
2026-01-17T00:37:34.709481,interface,0.5669291338582677,1.0,0.9606299212598425,0.937007874015748,0.0,0.30708661417322836,0.16535433070866143,0.0
2026-01-17T00:37:34.718298,interface,0.5669291338582677,1.0,0.9606299212598425,0.937007874015748,0.0,0.30708661417322836,0.1732283464566929,0.0
2026-01-17T00:37:34.719120,interface,0.5669291338582677,1.0,0.9606299212598425,0.937007874015748,0.0,0.30708661417322836,0.1732283464566929,0.0
2026-01-17T00:37:34.732210,interface,0.5669291338582677,1.0,0.9606299212598425,0.937007874015748,0.0,0.30708661417322836,0.18110236220472442,0.0
2026-01-17T00:37:34.733042,interface,0.5669291338582677,1.0,0.9606299212598425,0.937007874015748,0.0,0.30708661417322836,0.1889763779527559,0.0
2026-01-17T00:37:34.741539,interface,0.5669291338582677,1.0,0.9606299212598425,0.937007874015748,0.0,0.30708661417322836,0.1968503937007874,0.0
2026-01-17T00:37:34.749529,interface,0.5669291338582677,1.0,0.9606299212598425,0.937007874015748,0.0,0.30708661417322836,0.2047244094488189,0.0
2026-01-17T00:37:34.758228,interface,0.5669291338582677,1.0,0.9606299212598425,0.937007874015748,0.0,0.30708661417322836,0.2125984251968504,0.0
2026-01-17T00:37:34.767688,interface,0.5669291338582677,1.0,0.9606299212598425,0.937007874015748,0.0,0.30708661417322836,0.2204724409448819,0.0
2026-01-17T00:37:34.776910,interface,0.5669291338582677,1.0,0.9606299212598425,0.937007874015748,0.0,0.30708661417322836,0.23622047244094488,0.0
2026-01-17T00:37:34.777728,interface,0.5669291338582677,1.0,0.9606299212598425,0.937007874015748,0.0,0.30708661417322836,0.2440944881889764,0.0
2026-01-17T00:37:34.793211,interface,0.5669291338582677,1.0,0.9606299212598425,0.937007874015748,0.0,0.30708661417322836,0.25196850393700787,0.0
2026-01-17T00:37:34.794018,interface,0.5669291338582677,1.0,0.9606299212598425,0.937007874015748,0.0,0.30708661417322836,0.25984251968503935,0.0
2026-01-17T00:37:34.808178,interface,0.5669291338582677,1.0,0.9606299212598425,0.937007874015748,0.0,0.30708661417322836,0.2677165354330709,0.0
2026-01-17T00:37:34.817473,interface,0.5669291338582677,1.0,0.9606299212598425,0.937007874015748,0.0,0.30708661417322836,0.2755905511811024,0.0
2026-01-17T00:37:34.818271,interface,0.5669291338582677,1.0,0.9606299212598425,0.937007874015748,0.0,0.30708661417322836,0.28346456692913385,0.0
2026-01-17T00:37:34.829710,interface,0.5669291338582677,1.0,0.9606299212598425,0.937007874015748,0.0,0.30708661417322836,0.29133858267716534,0.0
2026-01-17T00:37:34.838630,interface,0.5669291338582677,1.0,0.9606299212598425,0.937007874015748,0.0,0.30708661417322836,0.2992125984251969,0.0
2026-01-17T00:37:34.848296,interface,0.5669291338582677,1.0,0.9606299212598425,0.937007874015748,0.0,0.30708661417322836,0.2992125984251969,0.0
2026-01-17T00:37:34.849694,interface,0.5669291338582677,1.0,0.9606299212598425,0.937007874015748,0.0,0.30708661417322836,0.30708661417322836,0.0
2026-01-17T00:37:34.867465,interface,0.5669291338582677,1.0,0.9606299212598425,0.937007874015748,0.0,0.30708661417322836,0.31496062992125984,0.0
2026-01-17T00:37:34.868253,interface,0.5669291338582677,1.0,0.9606299212598425,0.937007874015748,0.0,0.30708661417322836,0.3228346456692913,0.0
2026-01-17T00:37:34.868986,interface,0.5669291338582677,1.0,0.9606299212598425,0.937007874015748,0.0,0.30708661417322836,0.33858267716535434,0.0
2026-01-17T00:37:34.878611,interface,0.5669291338582677,1.0,0.9606299212598425,0.937007874015748,0.0,0.30708661417322836,0.3464566929133858,0.0
2026-01-17T00:37:34.887474,interface,0.5669291338582677,1.0,0.9606299212598425,0.937007874015748,0.0,0.30708661417322836,0.3543307086614173,0.0
2026-01-17T00:37:34.903945,interface,0.5669291338582677,1.0,0.9606299212598425,0.937007874015748,0.0,0.30708661417322836,0.3700787401574803,0.0
2026-01-17T00:37:34.904783,interface,0.5669291338582677,1.0,0.9606299212598425,0.937007874015748,0.0,0.30708661417322836,0.3779527559055118,0.0
2026-01-17T00:37:34.905473,interface,0.5669291338582677,1.0,0.9606299212598425,0.937007874015748,0.0,0.30708661417322836,0.3937007874015748,0.0
2026-01-17T00:37:34.919412,interface,0.5669291338582677,1.0,0.9606299212598425,0.937007874015748,0.0,0.30708661417322836,0.4015748031496063,0.0
2026-01-17T00:37:34.927862,interface,0.5669291338582677,1.0,0.9606299212598425,0.937007874015748,0.0,0.30708661417322836,0.41732283464566927,0.0
2026-01-17T00:37:34.937622,interface,0.5669291338582677,1.0,0.9606299212598425,0.937007874015748,0.0,0.30708661417322836,0.4330708661417323,0.0
2026-01-17T00:37:34.938369,interface,0.5669291338582677,1.0,0.9606299212598425,0.937007874015748,0.0,0.30708661417322836,0.4409448818897638,0.0
2026-01-17T00:37:34.949656,interface,0.5669291338582677,1.0,0.9606299212598425,0.937007874015748,0.0,0.30708661417322836,0.4566929133858268,0.0
2026-01-17T00:37:34.958253,interface,0.5669291338582677,1.0,0.9606299212598425,0.937007874015748,0.0,0.30708661417322836,0.4645669291338583,0.0
2026-01-17T00:37:34.967455,interface,0.5669291338582677,1.0,0.9606299212598425,0.937007874015748,0.0,0.30708661417322836,0.47244094488188976,0.0
2026-01-17T00:37:34.975131,interface,0.5669291338582677,1.0,0.9606299212598425,0.937007874015748,0.0,0.30708661417322836,0.47244094488188976,0.0
2026-01-17T00:37:34.976605,interface,0.5669291338582677,1.0,0.9606299212598425,0.937007874015748,0.0,0.30708661417322836,0.48031496062992124,0.0
2026-01-17T00:37:34.993986,interface,0.5669291338582677,1.0,0.9606299212598425,0.937007874015748,0.0,0.30708661417322836,0.4881889763779528,0.0
2026-01-17T00:37:34.994775,interface,0.5669291338582677,1.0,0.9606299212598425,0.937007874015748,0.0,0.30708661417322836,0.5039370078740157,0.0
2026-01-17T00:37:34.995435,interface,0.5669291338582677,1.0,0.9606299212598425,0.937007874015748,0.0,0.30708661417322836,0.5118110236220472,0.0
2026-01-17T00:37:35.006359,interface,0.5669291338582677,1.0,0.9606299212598425,0.937007874015748,0.0,0.30708661417322836,0.5196850393700787,0.0
2026-01-17T00:37:35.014003,interface,0.5669291338582677,1.0,0.9606299212598425,0.937007874015748,0.0,0.30708661417322836,0.5275590551181102,0.0
2026-01-17T00:37:35.021542,interface,0.5669291338582677,1.0,0.9606299212598425,0.937007874015748,0.0,0.30708661417322836,0.5433070866141733,0.0
2026-01-17T00:37:35.029545,interface,0.5669291338582677,1.0,0.9606299212598425,0.937007874015748,0.0,0.30708661417322836,0.5511811023622047,0.0
2026-01-17T00:37:35.043090,interface,0.5669291338582677,1.0,0.9606299212598425,0.937007874015748,0.0,0.30708661417322836,0.5590551181102362,0.0
2026-01-17T00:37:35.043872,interface,0.5669291338582677,1.0,0.9606299212598425,0.937007874015748,0.0,0.30708661417322836,0.5669291338582677,0.0
2026-01-17T00:37:35.058200,interface,0.5669291338582677,1.0,0.9606299212598425,0.937007874015748,0.0,0.30708661417322836,0.5748031496062992,0.0
2026-01-17T00:37:35.059014,interface,0.5669291338582677,1.0,0.9606299212598425,0.937007874015748,0.0,0.30708661417322836,0.5826771653543307,0.0
2026-01-17T00:37:35.069545,interface,0.5669291338582677,1.0,0.9606299212598425,0.937007874015748,0.0,0.30708661417322836,0.5905511811023622,0.0
2026-01-17T00:37:35.078567,interface,0.5669291338582677,1.0,0.9606299212598425,0.937007874015748,0.0,0.30708661417322836,0.5984251968503937,0.0
2026-01-17T00:37:35.087817,interface,0.5669291338582677,1.0,0.9606299212598425,0.937007874015748,0.0,0.30708661417322836,0.6062992125984252,0.0
2026-01-17T00:37:35.097703,interface,0.5669291338582677,1.0,0.9606299212598425,0.937007874015748,0.0,0.30708661417322836,0.6141732283464567,0.0
2026-01-17T00:37:35.098441,interface,0.5669291338582677,1.0,0.9606299212598425,0.937007874015748,0.0,0.30708661417322836,0.6220472440944882,0.0
2026-01-17T00:37:35.099219,interface,0.5669291338582677,1.0,0.9606299212598425,0.937007874015748,0.0,0.30708661417322836,0.6220472440944882,0.0
2026-01-17T00:37:35.118231,interface,0.5669291338582677,1.0,0.9606299212598425,0.937007874015748,0.0,0.30708661417322836,0.6299212598425197,0.0
2026-01-17T00:37:35.119087,interface,0.5669291338582677,1.0,0.9606299212598425,0.937007874015748,0.0,0.30708661417322836,0.6299212598425197,0.0
2026-01-17T00:37:35.128573,interface,0.5669291338582677,1.0,0.9606299212598425,0.937007874015748,0.0,0.30708661417322836,0.6377952755905512,0.0
2026-01-17T00:37:35.137953,interface,0.5669291338582677,1.0,0.9606299212598425,0.937007874015748,0.0,0.30708661417322836,0.6456692913385826,0.0
2026-01-17T00:37:35.138758,interface,0.5669291338582677,1.0,0.9606299212598425,0.937007874015748,0.0,0.30708661417322836,0.6535433070866141,0.0
2026-01-17T00:37:35.149594,interface,0.5669291338582677,1.0,0.9606299212598425,0.937007874015748,0.0,0.30708661417322836,0.6535433070866141,0.0
2026-01-17T00:37:35.158665,interface,0.5669291338582677,1.0,0.9606299212598425,0.937007874015748,0.0,0.30708661417322836,0.6614173228346457,0.0
2026-01-17T00:37:35.170989,interface,0.5669291338582677,1.0,0.9606299212598425,0.937007874015748,0.0,0.30708661417322836,0.6692913385826772,0.0
2026-01-17T00:37:35.179062,interface,0.5669291338582677,1.0,0.9606299212598425,0.937007874015748,0.0,0.30708661417322836,0.6692913385826772,0.0
2026-01-17T00:37:35.179884,interface,0.5669291338582677,1.0,0.9606299212598425,0.937007874015748,0.0,0.30708661417322836,0.6771653543307087,0.0
2026-01-17T00:37:35.189478,interface,0.5669291338582677,1.0,0.9606299212598425,0.937007874015748,0.0,0.30708661417322836,0.6850393700787402,0.0
2026-01-17T00:37:35.198144,interface,0.5669291338582677,1.0,0.9606299212598425,0.937007874015748,0.0,0.30708661417322836,0.6929133858267716,0.0
2026-01-17T00:37:35.207480,interface,0.5669291338582677,1.0,0.9606299212598425,0.937007874015748,0.0,0.30708661417322836,0.7007874015748031,0.0
2026-01-17T00:37:35.217413,interface,0.5669291338582677,1.0,0.9606299212598425,0.937007874015748,0.0,0.30708661417322836,0.7086614173228346,0.0
2026-01-17T00:37:35.218236,interface,0.5669291338582677,1.0,0.9606299212598425,0.937007874015748,0.0,0.30708661417322836,0.7165354330708661,0.0
2026-01-17T00:37:35.229575,interface,0.5669291338582677,1.0,0.9606299212598425,0.937007874015748,0.0,0.30708661417322836,0.7165354330708661,0.0
2026-01-17T00:37:35.230431,interface,0.5669291338582677,1.0,0.9606299212598425,0.937007874015748,0.0,0.30708661417322836,0.7165354330708661,0.0
2026-01-17T00:37:35.244463,interface,0.5669291338582677,1.0,0.9606299212598425,0.937007874015748,0.0,0.30708661417322836,0.7244094488188977,0.0
2026-01-17T00:37:35.245268,interface,0.5669291338582677,1.0,0.9606299212598425,0.937007874015748,0.0,0.30708661417322836,0.7322834645669292,0.0
2026-01-17T00:37:35.257901,interface,0.5669291338582677,1.0,0.9606299212598425,0.937007874015748,0.0,0.30708661417322836,0.7322834645669292,0.0
2026-01-17T00:37:35.258722,interface,0.5669291338582677,1.0,0.9606299212598425,0.937007874015748,0.0,0.30708661417322836,0.7401574803149606,0.0
2026-01-17T00:37:35.274720,interface,0.5669291338582677,1.0,0.9606299212598425,0.937007874015748,0.0,0.30708661417322836,0.7480314960629921,0.0
2026-01-17T00:37:35.275460,interface,0.5669291338582677,1.0,0.9606299212598425,0.937007874015748,0.0,0.30708661417322836,0.7480314960629921,0.0
2026-01-17T00:37:35.291233,interface,0.5669291338582677,1.0,0.9606299212598425,0.937007874015748,0.0,0.30708661417322836,0.7559055118110236,0.0
2026-01-17T00:37:35.298282,interface,0.5669291338582677,1.0,0.9606299212598425,0.937007874015748,0.0,0.30708661417322836,0.7559055118110236,0.0
2026-01-17T00:37:35.299018,interface,0.5669291338582677,1.0,0.9606299212598425,0.937007874015748,0.0,0.30708661417322836,0.7637795275590551,0.0
2026-01-17T00:37:35.309547,interface,0.5669291338582677,1.0,0.9606299212598425,0.937007874015748,0.0,0.30708661417322836,0.7637795275590551,0.0
2026-01-17T00:37:35.325539,interface,0.5669291338582677,1.0,0.9606299212598425,0.937007874015748,0.0,0.30708661417322836,0.7716535433070866,0.0
2026-01-17T00:37:35.341476,interface,0.5669291338582677,1.0,0.9606299212598425,0.937007874015748,0.0,0.30708661417322836,0.7795275590551181,0.0
2026-01-17T00:37:35.357527,interface,0.5669291338582677,1.0,0.9606299212598425,0.937007874015748,0.0,0.30708661417322836,0.7874015748031497,0.0
2026-01-17T00:37:35.373633,interface,0.5669291338582677,1.0,0.9606299212598425,0.937007874015748,0.0,0.30708661417322836,0.7874015748031497,0.0
2026-01-17T00:37:35.389607,interface,0.5669291338582677,1.0,0.9606299212598425,0.937007874015748,0.0,0.30708661417322836,0.7874015748031497,0.0
2026-01-17T00:37:35.391099,interface,0.5669291338582677,1.0,0.9606299212598425,0.937007874015748,0.0,0.30708661417322836,0.7952755905511811,0.0
2026-01-17T00:37:35.408514,interface,0.5669291338582677,1.0,0.9606299212598425,0.937007874015748,0.0,0.30708661417322836,0.8031496062992126,0.0
2026-01-17T00:37:35.429556,interface,0.5669291338582677,1.0,0.9606299212598425,0.937007874015748,0.0,0.30708661417322836,0.8031496062992126,0.0
2026-01-17T00:37:35.441109,interface,0.5669291338582677,1.0,0.9606299212598425,0.937007874015748,0.0,0.30708661417322836,0.8110236220472441,0.0
2026-01-17T00:37:35.461520,interface,0.5669291338582677,1.0,0.9606299212598425,0.937007874015748,0.0,0.30708661417322836,0.8110236220472441,0.0
2026-01-17T00:37:35.493479,interface,0.5669291338582677,1.0,0.9606299212598425,0.937007874015748,0.0,0.30708661417322836,0.8188976377952756,0.0
2026-01-17T00:37:35.517535,interface,0.5669291338582677,1.0,0.9606299212598425,0.937007874015748,0.0,0.30708661417322836,0.8188976377952756,0.0
2026-01-17T00:37:35.549557,interface,0.5669291338582677,1.0,0.9606299212598425,0.937007874015748,0.0,0.30708661417322836,0.8267716535433071,0.0
2026-01-17T00:37:35.573580,interface,0.5669291338582677,1.0,0.9606299212598425,0.937007874015748,0.0,0.30708661417322836,0.8346456692913385,0.0
2026-01-17T00:37:35.584173,interface,0.5669291338582677,1.0,0.9606299212598425,0.937007874015748,0.0,0.30708661417322836,0.8346456692913385,0.0
2026-01-17T00:37:35.598136,interface,0.5669291338582677,1.0,0.9606299212598425,0.937007874015748,0.0,0.30708661417322836,0.8346456692913385,0.0
2026-01-17T00:37:35.631741,interface,0.5669291338582677,1.0,0.9606299212598425,0.937007874015748,0.0,0.30708661417322836,0.84251968503937,0.0
2026-01-17T00:37:35.642544,interface,0.5669291338582677,1.0,0.9606299212598425,0.937007874015748,0.0,0.30708661417322836,0.84251968503937,0.0
2026-01-17T00:37:35.677648,interface,0.5669291338582677,1.0,0.9606299212598425,0.937007874015748,0.0,0.30708661417322836,0.8503937007874016,0.0
2026-01-17T00:37:35.730156,interface,0.5669291338582677,1.0,0.9606299212598425,0.937007874015748,0.0,0.30708661417322836,0.8503937007874016,0.0
2026-01-17T00:37:35.816068,interface,0.5669291338582677,1.0,0.9606299212598425,0.937007874015748,0.0,0.30708661417322836,0.8503937007874016,0.0
2026-01-17T00:37:35.917475,interface,0.5669291338582677,1.0,0.9606299212598425,0.937007874015748,0.0,0.30708661417322836,0.84251968503937,0.0
2026-01-17T00:37:35.973562,interface,0.5669291338582677,1.0,0.9606299212598425,0.937007874015748,0.0,0.30708661417322836,0.8346456692913385,0.0
2026-01-17T00:37:35.997541,interface,0.5669291338582677,1.0,0.9606299212598425,0.937007874015748,0.0,0.30708661417322836,0.8346456692913385,0.0
2026-01-17T00:37:36.021476,interface,0.5669291338582677,1.0,0.9606299212598425,0.937007874015748,0.0,0.30708661417322836,0.8267716535433071,0.0
2026-01-17T00:37:36.037583,interface,0.5669291338582677,1.0,0.9606299212598425,0.937007874015748,0.0,0.30708661417322836,0.8267716535433071,0.0
2026-01-17T00:37:36.038433,interface,0.5669291338582677,1.0,0.9606299212598425,0.937007874015748,0.0,0.30708661417322836,0.8267716535433071,0.0
2026-01-17T00:37:36.075173,interface,0.5669291338582677,1.0,0.9606299212598425,0.937007874015748,0.0,0.30708661417322836,0.8188976377952756,0.0
2026-01-17T00:37:38.012134,interface,0.8110236220472441,1.0,0.9606299212598425,0.937007874015748,0.0,0.30708661417322836,0.8188976377952756,0.0
2026-01-17T00:37:38.076274,interface,0.6614173228346457,1.0,0.9606299212598425,0.937007874015748,0.0,0.30708661417322836,0.8188976377952756,0.0
2026-01-17T00:37:38.105192,interface,0.6220472440944882,1.0,0.9606299212598425,0.937007874015748,0.0,0.30708661417322836,0.8188976377952756,0.0
2026-01-17T00:37:38.206613,interface,0.8110236220472441,1.0,0.9606299212598425,0.937007874015748,0.0,0.30708661417322836,0.8188976377952756,0.0
2026-01-17T00:37:38.299034,interface,0.6614173228346457,1.0,0.9606299212598425,0.937007874015748,0.0,0.30708661417322836,0.8188976377952756,0.0
2026-01-17T00:37:38.318273,interface,0.6220472440944882,1.0,0.9606299212598425,0.937007874015748,0.0,0.30708661417322836,0.8188976377952756,0.0
2026-01-17T00:37:38.443930,interface,0.6614173228346457,1.0,0.9606299212598425,0.937007874015748,0.0,0.30708661417322836,0.8188976377952756,0.0
2026-01-17T00:37:38.566775,interface,0.6220472440944882,1.0,0.9606299212598425,0.937007874015748,0.0,0.30708661417322836,0.8188976377952756,0.0
2026-01-17T00:37:41.105398,interface,0.6220472440944882,1.0,0.9606299212598425,0.937007874015748,0.0,0.3228346456692913,0.8188976377952756,0.0
2026-01-17T00:37:41.116447,interface,0.6220472440944882,1.0,0.9606299212598425,0.937007874015748,0.0,0.3228346456692913,0.8188976377952756,0.0
2026-01-17T00:37:41.132733,interface,0.6220472440944882,1.0,0.9606299212598425,0.937007874015748,0.0,0.33070866141732286,0.8188976377952756,0.0
2026-01-17T00:37:41.148403,interface,0.6220472440944882,1.0,0.9606299212598425,0.937007874015748,0.0,0.33858267716535434,0.8188976377952756,0.0
2026-01-17T00:37:41.158108,interface,0.6220472440944882,1.0,0.9606299212598425,0.937007874015748,0.0,0.3464566929133858,0.8188976377952756,0.0
2026-01-17T00:37:41.168476,interface,0.6220472440944882,1.0,0.9606299212598425,0.937007874015748,0.0,0.3464566929133858,0.8188976377952756,0.0
2026-01-17T00:37:41.177505,interface,0.6220472440944882,1.0,0.9606299212598425,0.937007874015748,0.0,0.3543307086614173,0.8188976377952756,0.0
2026-01-17T00:37:41.178292,interface,0.6220472440944882,1.0,0.9606299212598425,0.937007874015748,0.0,0.3543307086614173,0.8188976377952756,0.0
2026-01-17T00:37:41.188436,interface,0.6220472440944882,1.0,0.9606299212598425,0.937007874015748,0.0,0.36220472440944884,0.8188976377952756,0.0
2026-01-17T00:37:41.197881,interface,0.6220472440944882,1.0,0.9606299212598425,0.937007874015748,0.0,0.3700787401574803,0.8188976377952756,0.0
2026-01-17T00:37:41.207868,interface,0.6220472440944882,1.0,0.9606299212598425,0.937007874015748,0.0,0.3700787401574803,0.8188976377952756,0.0
2026-01-17T00:37:41.220105,interface,0.6220472440944882,1.0,0.9606299212598425,0.937007874015748,0.0,0.3779527559055118,0.8188976377952756,0.0
2026-01-17T00:37:41.220977,interface,0.6220472440944882,1.0,0.9606299212598425,0.937007874015748,0.0,0.3858267716535433,0.8188976377952756,0.0
2026-01-17T00:37:41.228450,interface,0.6220472440944882,1.0,0.9606299212598425,0.937007874015748,0.0,0.3937007874015748,0.8188976377952756,0.0
2026-01-17T00:37:41.238455,interface,0.6220472440944882,1.0,0.9606299212598425,0.937007874015748,0.0,0.3937007874015748,0.8188976377952756,0.0
2026-01-17T00:37:41.252741,interface,0.6220472440944882,1.0,0.9606299212598425,0.937007874015748,0.0,0.4015748031496063,0.8188976377952756,0.0
2026-01-17T00:37:41.268536,interface,0.6220472440944882,1.0,0.9606299212598425,0.937007874015748,0.0,0.4015748031496063,0.8188976377952756,0.0
2026-01-17T00:37:41.284397,interface,0.6220472440944882,1.0,0.9606299212598425,0.937007874015748,0.0,0.4094488188976378,0.8188976377952756,0.0
2026-01-17T00:37:41.300431,interface,0.6220472440944882,1.0,0.9606299212598425,0.937007874015748,0.0,0.41732283464566927,0.8188976377952756,0.0
2026-01-17T00:37:41.308406,interface,0.6220472440944882,1.0,0.9606299212598425,0.937007874015748,0.0,0.41732283464566927,0.8188976377952756,0.0
2026-01-17T00:37:41.318248,interface,0.6220472440944882,1.0,0.9606299212598425,0.937007874015748,0.0,0.4251968503937008,0.8188976377952756,0.0
2026-01-17T00:37:41.328089,interface,0.6220472440944882,1.0,0.9606299212598425,0.937007874015748,0.0,0.4251968503937008,0.8188976377952756,0.0
2026-01-17T00:37:41.337499,interface,0.6220472440944882,1.0,0.9606299212598425,0.937007874015748,0.0,0.4330708661417323,0.8188976377952756,0.0
2026-01-17T00:37:41.338280,interface,0.6220472440944882,1.0,0.9606299212598425,0.937007874015748,0.0,0.4330708661417323,0.8188976377952756,0.0
2026-01-17T00:37:41.349150,interface,0.6220472440944882,1.0,0.9606299212598425,0.937007874015748,0.0,0.4409448818897638,0.8188976377952756,0.0
2026-01-17T00:37:41.358271,interface,0.6220472440944882,1.0,0.9606299212598425,0.937007874015748,0.0,0.4409448818897638,0.8188976377952756,0.0
2026-01-17T00:37:41.367503,interface,0.6220472440944882,1.0,0.9606299212598425,0.937007874015748,0.0,0.44881889763779526,0.8188976377952756,0.0
2026-01-17T00:37:41.377493,interface,0.6220472440944882,1.0,0.9606299212598425,0.937007874015748,0.0,0.4566929133858268,0.8188976377952756,0.0
2026-01-17T00:37:41.378272,interface,0.6220472440944882,1.0,0.9606299212598425,0.937007874015748,0.0,0.4566929133858268,0.8188976377952756,0.0
2026-01-17T00:37:41.388352,interface,0.6220472440944882,1.0,0.9606299212598425,0.937007874015748,0.0,0.4645669291338583,0.8188976377952756,0.0
2026-01-17T00:37:41.404430,interface,0.6220472440944882,1.0,0.9606299212598425,0.937007874015748,0.0,0.4645669291338583,0.8188976377952756,0.0
2026-01-17T00:37:41.418084,interface,0.6220472440944882,1.0,0.9606299212598425,0.937007874015748,0.0,0.47244094488188976,0.8188976377952756,0.0
2026-01-17T00:37:41.418873,interface,0.6220472440944882,1.0,0.9606299212598425,0.937007874015748,0.0,0.47244094488188976,0.8188976377952756,0.0
2026-01-17T00:37:41.429343,interface,0.6220472440944882,1.0,0.9606299212598425,0.937007874015748,0.0,0.48031496062992124,0.8188976377952756,0.0
2026-01-17T00:37:41.444419,interface,0.6220472440944882,1.0,0.9606299212598425,0.937007874015748,0.0,0.4881889763779528,0.8188976377952756,0.0
2026-01-17T00:37:41.460398,interface,0.6220472440944882,1.0,0.9606299212598425,0.937007874015748,0.0,0.4881889763779528,0.8188976377952756,0.0
2026-01-17T00:37:41.468411,interface,0.6220472440944882,1.0,0.9606299212598425,0.937007874015748,0.0,0.49606299212598426,0.8188976377952756,0.0
2026-01-17T00:37:41.479895,interface,0.6220472440944882,1.0,0.9606299212598425,0.937007874015748,0.0,0.49606299212598426,0.8188976377952756,0.0
2026-01-17T00:37:41.488334,interface,0.6220472440944882,1.0,0.9606299212598425,0.937007874015748,0.0,0.5039370078740157,0.8188976377952756,0.0
2026-01-17T00:37:41.497502,interface,0.6220472440944882,1.0,0.9606299212598425,0.937007874015748,0.0,0.5118110236220472,0.8188976377952756,0.0
2026-01-17T00:37:41.498296,interface,0.6220472440944882,1.0,0.9606299212598425,0.937007874015748,0.0,0.5118110236220472,0.8188976377952756,0.0
2026-01-17T00:37:41.508438,interface,0.6220472440944882,1.0,0.9606299212598425,0.937007874015748,0.0,0.5196850393700787,0.8188976377952756,0.0
2026-01-17T00:37:41.518200,interface,0.6220472440944882,1.0,0.9606299212598425,0.937007874015748,0.0,0.5275590551181102,0.8188976377952756,0.0
2026-01-17T00:37:41.528264,interface,0.6220472440944882,1.0,0.9606299212598425,0.937007874015748,0.0,0.5275590551181102,0.8188976377952756,0.0
2026-01-17T00:37:41.537701,interface,0.6220472440944882,1.0,0.9606299212598425,0.937007874015748,0.0,0.5354330708661418,0.8188976377952756,0.0
2026-01-17T00:37:41.548411,interface,0.6220472440944882,1.0,0.9606299212598425,0.937007874015748,0.0,0.5433070866141733,0.8188976377952756,0.0
2026-01-17T00:37:41.557378,interface,0.6220472440944882,1.0,0.9606299212598425,0.937007874015748,0.0,0.5433070866141733,0.8188976377952756,0.0
2026-01-17T00:37:41.567508,interface,0.6220472440944882,1.0,0.9606299212598425,0.937007874015748,0.0,0.5511811023622047,0.8188976377952756,0.0
2026-01-17T00:37:41.578539,interface,0.6220472440944882,1.0,0.9606299212598425,0.937007874015748,0.0,0.5511811023622047,0.8188976377952756,0.0
2026-01-17T00:37:41.579347,interface,0.6220472440944882,1.0,0.9606299212598425,0.937007874015748,0.0,0.5590551181102362,0.8188976377952756,0.0
2026-01-17T00:37:41.588421,interface,0.6220472440944882,1.0,0.9606299212598425,0.937007874015748,0.0,0.5590551181102362,0.8188976377952756,0.0
2026-01-17T00:37:41.597513,interface,0.6220472440944882,1.0,0.9606299212598425,0.937007874015748,0.0,0.5669291338582677,0.8188976377952756,0.0
2026-01-17T00:37:41.612716,interface,0.6220472440944882,1.0,0.9606299212598425,0.937007874015748,0.0,0.5748031496062992,0.8188976377952756,0.0
2026-01-17T00:37:41.628341,interface,0.6220472440944882,1.0,0.9606299212598425,0.937007874015748,0.0,0.5748031496062992,0.8188976377952756,0.0
2026-01-17T00:37:41.644430,interface,0.6220472440944882,1.0,0.9606299212598425,0.937007874015748,0.0,0.5826771653543307,0.8188976377952756,0.0
2026-01-17T00:37:41.660401,interface,0.6220472440944882,1.0,0.9606299212598425,0.937007874015748,0.0,0.5905511811023622,0.8188976377952756,0.0
2026-01-17T00:37:41.676392,interface,0.6220472440944882,1.0,0.9606299212598425,0.937007874015748,0.0,0.5905511811023622,0.8188976377952756,0.0
2026-01-17T00:37:41.692684,interface,0.6220472440944882,1.0,0.9606299212598425,0.937007874015748,0.0,0.5984251968503937,0.8188976377952756,0.0
2026-01-17T00:37:41.708332,interface,0.6220472440944882,1.0,0.9606299212598425,0.937007874015748,0.0,0.6062992125984252,0.8188976377952756,0.0
2026-01-17T00:37:41.732684,interface,0.6220472440944882,1.0,0.9606299212598425,0.937007874015748,0.0,0.6062992125984252,0.8188976377952756,0.0
2026-01-17T00:37:41.747729,interface,0.6220472440944882,1.0,0.9606299212598425,0.937007874015748,0.0,0.6141732283464567,0.8188976377952756,0.0
2026-01-17T00:37:41.770436,interface,0.6220472440944882,1.0,0.9606299212598425,0.937007874015748,0.0,0.6220472440944882,0.8188976377952756,0.0
2026-01-17T00:37:41.786434,interface,0.6220472440944882,1.0,0.9606299212598425,0.937007874015748,0.0,0.6220472440944882,0.8188976377952756,0.0
2026-01-17T00:37:41.802803,interface,0.6220472440944882,1.0,0.9606299212598425,0.937007874015748,0.0,0.6299212598425197,0.8188976377952756,0.0
2026-01-17T00:37:41.818435,interface,0.6220472440944882,1.0,0.9606299212598425,0.937007874015748,0.0,0.6377952755905512,0.8188976377952756,0.0
2026-01-17T00:37:41.827698,interface,0.6220472440944882,1.0,0.9606299212598425,0.937007874015748,0.0,0.6377952755905512,0.8188976377952756,0.0
2026-01-17T00:37:41.842726,interface,0.6220472440944882,1.0,0.9606299212598425,0.937007874015748,0.0,0.6456692913385826,0.8188976377952756,0.0
2026-01-17T00:37:41.855039,interface,0.6220472440944882,1.0,0.9606299212598425,0.937007874015748,0.0,0.6535433070866141,0.8188976377952756,0.0
2026-01-17T00:37:41.855846,interface,0.6220472440944882,1.0,0.9606299212598425,0.937007874015748,0.0,0.6535433070866141,0.8188976377952756,0.0
2026-01-17T00:37:41.868324,interface,0.6220472440944882,1.0,0.9606299212598425,0.937007874015748,0.0,0.6614173228346457,0.8188976377952756,0.0
2026-01-17T00:37:41.882732,interface,0.6220472440944882,1.0,0.9606299212598425,0.937007874015748,0.0,0.6692913385826772,0.8188976377952756,0.0
2026-01-17T00:37:41.890429,interface,0.6220472440944882,1.0,0.9606299212598425,0.937007874015748,0.0,0.6771653543307087,0.8188976377952756,0.0
2026-01-17T00:37:41.898948,interface,0.6220472440944882,1.0,0.9606299212598425,0.937007874015748,0.0,0.6771653543307087,0.8188976377952756,0.0
2026-01-17T00:37:41.907515,interface,0.6220472440944882,1.0,0.9606299212598425,0.937007874015748,0.0,0.6850393700787402,0.8188976377952756,0.0
2026-01-17T00:37:41.918145,interface,0.6220472440944882,1.0,0.9606299212598425,0.937007874015748,0.0,0.6929133858267716,0.8188976377952756,0.0
2026-01-17T00:37:41.927352,interface,0.6220472440944882,1.0,0.9606299212598425,0.937007874015748,0.0,0.6929133858267716,0.8188976377952756,0.0
2026-01-17T00:37:41.928124,interface,0.6220472440944882,1.0,0.9606299212598425,0.937007874015748,0.0,0.7007874015748031,0.8188976377952756,0.0
2026-01-17T00:37:41.938388,interface,0.6220472440944882,1.0,0.9606299212598425,0.937007874015748,0.0,0.7086614173228346,0.8188976377952756,0.0
2026-01-17T00:37:41.948792,interface,0.6220472440944882,1.0,0.9606299212598425,0.937007874015748,0.0,0.7086614173228346,0.8188976377952756,0.0
2026-01-17T00:37:41.958107,interface,0.6220472440944882,1.0,0.9606299212598425,0.937007874015748,0.0,0.7165354330708661,0.8188976377952756,0.0
2026-01-17T00:37:41.967685,interface,0.6220472440944882,1.0,0.9606299212598425,0.937007874015748,0.0,0.7244094488188977,0.8188976377952756,0.0
2026-01-17T00:37:41.968409,interface,0.6220472440944882,1.0,0.9606299212598425,0.937007874015748,0.0,0.7244094488188977,0.8188976377952756,0.0
2026-01-17T00:37:41.978453,interface,0.6220472440944882,1.0,0.9606299212598425,0.937007874015748,0.0,0.7322834645669292,0.8188976377952756,0.0
2026-01-17T00:37:41.987342,interface,0.6220472440944882,1.0,0.9606299212598425,0.937007874015748,0.0,0.7322834645669292,0.8188976377952756,0.0
2026-01-17T00:37:41.998312,interface,0.6220472440944882,1.0,0.9606299212598425,0.937007874015748,0.0,0.7401574803149606,0.8188976377952756,0.0
2026-01-17T00:37:42.008130,interface,0.6220472440944882,1.0,0.9606299212598425,0.937007874015748,0.0,0.7401574803149606,0.8188976377952756,0.0
2026-01-17T00:37:42.008856,interface,0.6220472440944882,1.0,0.9606299212598425,0.937007874015748,0.0,0.7480314960629921,0.8188976377952756,0.0
2026-01-17T00:37:42.018466,interface,0.6220472440944882,1.0,0.9606299212598425,0.937007874015748,0.0,0.7480314960629921,0.8188976377952756,0.0
2026-01-17T00:37:42.028185,interface,0.6220472440944882,1.0,0.9606299212598425,0.937007874015748,0.0,0.7559055118110236,0.8188976377952756,0.0
2026-01-17T00:37:42.043119,interface,0.6220472440944882,1.0,0.9606299212598425,0.937007874015748,0.0,0.7637795275590551,0.8188976377952756,0.0
2026-01-17T00:37:42.043903,interface,0.6220472440944882,1.0,0.9606299212598425,0.937007874015748,0.0,0.7637795275590551,0.8188976377952756,0.0
2026-01-17T00:37:42.045828,interface,0.6220472440944882,1.0,0.9606299212598425,0.937007874015748,0.0,0.7716535433070866,0.8188976377952756,0.0
2026-01-17T00:37:42.058462,interface,0.6220472440944882,1.0,0.9606299212598425,0.937007874015748,0.0,0.7716535433070866,0.8188976377952756,0.0
2026-01-17T00:37:42.068250,interface,0.6220472440944882,1.0,0.9606299212598425,0.937007874015748,0.0,0.7795275590551181,0.8188976377952756,0.0
2026-01-17T00:37:42.082651,interface,0.6220472440944882,1.0,0.9606299212598425,0.937007874015748,0.0,0.7874015748031497,0.8188976377952756,0.0
2026-01-17T00:37:42.099227,interface,0.6220472440944882,1.0,0.9606299212598425,0.937007874015748,0.0,0.7952755905511811,0.8188976377952756,0.0
2026-01-17T00:37:42.107893,interface,0.6220472440944882,1.0,0.9606299212598425,0.937007874015748,0.0,0.7952755905511811,0.8188976377952756,0.0
2026-01-17T00:37:42.117461,interface,0.6220472440944882,1.0,0.9606299212598425,0.937007874015748,0.0,0.8031496062992126,0.8188976377952756,0.0
2026-01-17T00:37:42.127734,interface,0.6220472440944882,1.0,0.9606299212598425,0.937007874015748,0.0,0.8031496062992126,0.8188976377952756,0.0
2026-01-17T00:37:42.128509,interface,0.6220472440944882,1.0,0.9606299212598425,0.937007874015748,0.0,0.8110236220472441,0.8188976377952756,0.0
2026-01-17T00:37:42.138492,interface,0.6220472440944882,1.0,0.9606299212598425,0.937007874015748,0.0,0.8110236220472441,0.8188976377952756,0.0
2026-01-17T00:37:42.148249,interface,0.6220472440944882,1.0,0.9606299212598425,0.937007874015748,0.0,0.8188976377952756,0.8188976377952756,0.0
2026-01-17T00:37:42.158098,interface,0.6220472440944882,1.0,0.9606299212598425,0.937007874015748,0.0,0.8267716535433071,0.8188976377952756,0.0
2026-01-17T00:37:42.170465,interface,0.6220472440944882,1.0,0.9606299212598425,0.937007874015748,0.0,0.8267716535433071,0.8188976377952756,0.0
2026-01-17T00:37:42.178473,interface,0.6220472440944882,1.0,0.9606299212598425,0.937007874015748,0.0,0.8346456692913385,0.8188976377952756,0.0
2026-01-17T00:37:42.193947,interface,0.6220472440944882,1.0,0.9606299212598425,0.937007874015748,0.0,0.8346456692913385,0.8188976377952756,0.0
2026-01-17T00:37:42.194802,interface,0.4330708661417323,1.0,0.9606299212598425,0.937007874015748,0.0,0.8346456692913385,0.8188976377952756,0.0
2026-01-17T00:37:42.214172,interface,0.4330708661417323,1.0,0.9606299212598425,0.937007874015748,0.0,0.84251968503937,0.8188976377952756,0.0
2026-01-17T00:37:42.232582,interface,0.4330708661417323,1.0,0.9606299212598425,0.937007874015748,0.0,0.8503937007874016,0.8188976377952756,0.0
2026-01-17T00:37:42.242782,interface,0.4330708661417323,1.0,0.9606299212598425,0.937007874015748,0.0,0.8582677165354331,0.8188976377952756,0.0
2026-01-17T00:37:42.255550,interface,0.4330708661417323,1.0,0.9606299212598425,0.937007874015748,0.0,0.8582677165354331,0.8188976377952756,0.0
2026-01-17T00:37:42.274514,interface,0.4330708661417323,1.0,0.9606299212598425,0.937007874015748,0.0,0.8661417322834646,0.8188976377952756,0.0
2026-01-17T00:37:42.293087,interface,0.4330708661417323,1.0,0.9606299212598425,0.937007874015748,0.0,0.8740157480314961,0.8188976377952756,0.0
2026-01-17T00:37:42.293884,interface,0.4330708661417323,1.0,0.9606299212598425,0.937007874015748,0.0,0.8740157480314961,0.8188976377952756,0.0
2026-01-17T00:37:42.307627,interface,0.4330708661417323,1.0,0.9606299212598425,0.937007874015748,0.0,0.8740157480314961,0.8188976377952756,0.0
2026-01-17T00:37:42.326979,interface,0.4330708661417323,1.0,0.9606299212598425,0.937007874015748,0.0,0.8818897637795275,0.8188976377952756,0.0
2026-01-17T00:37:42.353893,interface,0.4330708661417323,1.0,0.9606299212598425,0.937007874015748,0.0,0.8818897637795275,0.8188976377952756,0.0
2026-01-17T00:37:42.386519,interface,0.4330708661417323,1.0,0.9606299212598425,0.937007874015748,0.0,0.889763779527559,0.8188976377952756,0.0
2026-01-17T00:37:42.410537,interface,0.4330708661417323,1.0,0.9606299212598425,0.937007874015748,0.0,0.889763779527559,0.8188976377952756,0.0
2026-01-17T00:37:42.419278,interface,0.4330708661417323,1.0,0.9606299212598425,0.937007874015748,0.0,0.889763779527559,0.8188976377952756,0.0
2026-01-17T00:37:42.443519,interface,0.4330708661417323,1.0,0.9606299212598425,0.937007874015748,0.0,0.8976377952755905,0.8188976377952756,0.0
2026-01-17T00:37:42.455322,interface,0.4330708661417323,1.0,0.9606299212598425,0.937007874015748,0.0,0.8976377952755905,0.8188976377952756,0.0
2026-01-17T00:37:42.490532,interface,0.4330708661417323,1.0,0.9606299212598425,0.937007874015748,0.0,0.905511811023622,0.8188976377952756,0.0
2026-01-17T00:37:42.542170,interface,0.4330708661417323,1.0,0.9606299212598425,0.937007874015748,0.0,0.905511811023622,0.8188976377952756,0.0
2026-01-17T00:37:42.581733,interface,0.4330708661417323,1.0,0.9606299212598425,0.937007874015748,0.0,0.905511811023622,0.8188976377952756,0.0
2026-01-17T00:37:42.668570,interface,0.4330708661417323,1.0,0.9606299212598425,0.937007874015748,0.0,0.905511811023622,0.8188976377952756,0.0
2026-01-17T00:37:42.746545,interface,0.4330708661417323,1.0,0.9606299212598425,0.937007874015748,0.0,0.9133858267716536,0.8188976377952756,0.0
2026-01-17T00:37:42.801572,interface,0.4330708661417323,1.0,0.9606299212598425,0.937007874015748,0.0,0.9133858267716536,0.8188976377952756,0.0
2026-01-17T00:37:42.841153,interface,0.4330708661417323,1.0,0.9606299212598425,0.937007874015748,0.0,0.9133858267716536,0.8188976377952756,0.0
2026-01-17T00:37:42.936442,interface,0.4330708661417323,1.0,0.9606299212598425,0.937007874015748,0.0,0.9212598425196851,0.8188976377952756,0.0
2026-01-17T00:37:42.937264,interface,0.4330708661417323,1.0,0.9606299212598425,0.937007874015748,0.0,0.9212598425196851,0.8188976377952756,0.0
2026-01-17T00:37:43.072010,interface,0.4330708661417323,1.0,0.9606299212598425,0.937007874015748,0.0,0.9212598425196851,0.8188976377952756,0.0
2026-01-17T00:37:43.073723,interface,0.41732283464566927,1.0,0.9606299212598425,0.937007874015748,0.0,0.9212598425196851,0.8188976377952756,0.0
2026-01-17T00:37:43.241374,interface,0.4330708661417323,1.0,0.9606299212598425,0.937007874015748,0.0,0.9212598425196851,0.8188976377952756,0.0
2026-01-17T00:37:43.255922,interface,0.3937007874015748,1.0,0.9606299212598425,0.937007874015748,0.0,0.9212598425196851,0.8188976377952756,0.0
2026-01-17T00:37:43.386138,interface,0.4330708661417323,1.0,0.9606299212598425,0.937007874015748,0.0,0.9212598425196851,0.8188976377952756,0.0
2026-01-17T00:37:43.401216,interface,0.3858267716535433,1.0,0.9606299212598425,0.937007874015748,0.0,0.9212598425196851,0.8188976377952756,0.0
2026-01-17T00:37:43.537768,interface,0.4330708661417323,1.0,0.9606299212598425,0.937007874015748,0.0,0.9212598425196851,0.8188976377952756,0.0
2026-01-17T00:37:43.550896,interface,0.3779527559055118,1.0,0.9606299212598425,0.937007874015748,0.0,0.9212598425196851,0.8188976377952756,0.0
2026-01-17T00:37:43.720712,interface,0.4330708661417323,1.0,0.9606299212598425,0.937007874015748,0.0,0.9212598425196851,0.8188976377952756,0.0
2026-01-17T00:37:43.962110,interface,0.4330708661417323,1.0,0.9606299212598425,0.937007874015748,0.0,0.9212598425196851,0.8188976377952756,0.0
2026-01-17T00:37:44.215778,interface,0.4330708661417323,1.0,0.9606299212598425,0.937007874015748,0.0,0.9212598425196851,0.8188976377952756,0.0
2026-01-17T00:37:44.437198,interface,0.4330708661417323,1.0,0.9606299212598425,0.937007874015748,0.0,0.9212598425196851,0.8188976377952756,0.0
2026-01-17T00:37:44.608024,interface,0.4330708661417323,1.0,0.9606299212598425,0.937007874015748,0.0,0.9212598425196851,0.8188976377952756,0.0
2026-01-17T00:37:44.760287,interface,0.4330708661417323,1.0,0.9606299212598425,0.937007874015748,0.0,0.9212598425196851,0.8188976377952756,0.0
2026-01-17T00:37:44.957464,interface,0.4330708661417323,1.0,0.9606299212598425,0.937007874015748,0.0,0.9212598425196851,0.8188976377952756,0.0
2026-01-17T00:37:45.140346,interface,0.4330708661417323,1.0,0.9606299212598425,0.937007874015748,0.0,0.9212598425196851,0.8188976377952756,0.0
2026-01-17T00:37:45.318212,interface,0.4330708661417323,1.0,0.9606299212598425,0.937007874015748,0.0,0.9212598425196851,0.8188976377952756,0.0
2026-01-17T00:37:45.325883,interface,0.3937007874015748,1.0,0.9606299212598425,0.937007874015748,0.0,0.9212598425196851,0.8188976377952756,0.0
2026-01-17T00:37:45.491184,interface,0.4330708661417323,1.0,0.9606299212598425,0.937007874015748,0.0,0.9212598425196851,0.8188976377952756,0.0
2026-01-17T00:37:45.689676,interface,0.4330708661417323,1.0,0.9606299212598425,0.937007874015748,0.0,0.9212598425196851,0.8188976377952756,0.0
2026-01-17T00:37:45.930981,interface,0.4330708661417323,1.0,0.9606299212598425,0.937007874015748,0.0,0.9212598425196851,0.8188976377952756,0.0
2026-01-17T00:37:45.953360,interface,0.4330708661417323,1.0,0.9606299212598425,0.937007874015748,0.0,0.9212598425196851,0.8188976377952756,0.0
2026-01-17T00:37:46.119184,interface,0.4330708661417323,1.0,0.9606299212598425,0.937007874015748,0.0,0.9212598425196851,0.8188976377952756,0.0
2026-01-17T00:37:46.134419,interface,0.4251968503937008,1.0,0.9606299212598425,0.937007874015748,0.0,0.9212598425196851,0.8188976377952756,0.0
2026-01-17T00:37:46.411149,interface,0.4330708661417323,1.0,0.9606299212598425,0.937007874015748,0.0,0.9212598425196851,0.8188976377952756,0.0
2026-01-17T00:37:46.412748,interface,0.33070866141732286,1.0,0.9606299212598425,0.937007874015748,0.0,0.9212598425196851,0.8188976377952756,0.0
2026-01-17T00:37:46.735410,interface,0.8110236220472441,1.0,0.9606299212598425,0.937007874015748,0.0,0.9212598425196851,0.8188976377952756,0.0
2026-01-17T00:37:46.800210,interface,0.6614173228346457,1.0,0.9606299212598425,0.937007874015748,0.0,0.9212598425196851,0.8188976377952756,0.0
2026-01-17T00:37:51.494035,interface,0.6614173228346457,1.0,0.9606299212598425,0.937007874015748,0.0,0.9212598425196851,0.8188976377952756,0.0
2026-01-17T00:37:51.494886,interface,0.8110236220472441,1.0,0.9606299212598425,0.937007874015748,0.0,0.9212598425196851,0.8188976377952756,0.0
2026-01-17T00:37:51.514502,interface,0.6614173228346457,1.0,0.9606299212598425,0.937007874015748,0.0,0.9212598425196851,0.8188976377952756,0.0
2026-01-17T00:37:51.515475,interface,0.6220472440944882,1.0,0.9606299212598425,0.937007874015748,0.0,0.9212598425196851,0.8188976377952756,0.0
2026-01-17T00:37:51.604088,interface,0.6614173228346457,1.0,0.9606299212598425,0.937007874015748,0.0,0.9212598425196851,0.8188976377952756,0.0
2026-01-17T00:37:51.914834,interface,0.5275590551181102,1.0,0.9606299212598425,0.937007874015748,0.0,0.9212598425196851,0.8188976377952756,0.0
2026-01-17T00:37:52.132511,interface,0.5275590551181102,1.0,0.9606299212598425,0.937007874015748,0.0,0.9133858267716536,0.8188976377952756,0.0
2026-01-17T00:37:52.140266,interface,0.5275590551181102,1.0,0.9606299212598425,0.937007874015748,0.0,0.905511811023622,0.8188976377952756,0.0
2026-01-17T00:37:52.149609,interface,0.5275590551181102,1.0,0.9606299212598425,0.937007874015748,0.0,0.8976377952755905,0.8188976377952756,0.0
2026-01-17T00:37:52.156574,interface,0.5275590551181102,1.0,0.9606299212598425,0.937007874015748,0.0,0.889763779527559,0.8188976377952756,0.0
2026-01-17T00:37:52.167588,interface,0.5275590551181102,1.0,0.9606299212598425,0.937007874015748,0.0,0.8740157480314961,0.8188976377952756,0.0
2026-01-17T00:37:52.177597,interface,0.5275590551181102,1.0,0.9606299212598425,0.937007874015748,0.0,0.8661417322834646,0.8188976377952756,0.0
2026-01-17T00:37:52.178227,interface,0.5275590551181102,1.0,0.9606299212598425,0.937007874015748,0.0,0.8582677165354331,0.8188976377952756,0.0
2026-01-17T00:37:52.188696,interface,0.5275590551181102,1.0,0.9606299212598425,0.937007874015748,0.0,0.84251968503937,0.8188976377952756,0.0
2026-01-17T00:37:52.197529,interface,0.5275590551181102,1.0,0.9606299212598425,0.937007874015748,0.0,0.8267716535433071,0.8188976377952756,0.0
2026-01-17T00:37:52.207951,interface,0.5275590551181102,1.0,0.9606299212598425,0.937007874015748,0.0,0.8110236220472441,0.8188976377952756,0.0
2026-01-17T00:37:52.218077,interface,0.5275590551181102,1.0,0.9606299212598425,0.937007874015748,0.0,0.7952755905511811,0.8188976377952756,0.0
2026-01-17T00:37:52.218768,interface,0.5275590551181102,1.0,0.9606299212598425,0.937007874015748,0.0,0.7716535433070866,0.8188976377952756,0.0
2026-01-17T00:37:52.225746,interface,0.5275590551181102,1.0,0.9606299212598425,0.937007874015748,0.0,0.7480314960629921,0.8188976377952756,0.0
2026-01-17T00:37:52.234156,interface,0.5275590551181102,1.0,0.9606299212598425,0.937007874015748,0.0,0.7244094488188977,0.8188976377952756,0.0
2026-01-17T00:37:52.247360,interface,0.5275590551181102,1.0,0.9606299212598425,0.937007874015748,0.0,0.7007874015748031,0.8188976377952756,0.0
2026-01-17T00:37:52.254283,interface,0.5275590551181102,1.0,0.9606299212598425,0.937007874015748,0.0,0.6771653543307087,0.8188976377952756,0.0
2026-01-17T00:37:52.255518,interface,0.5275590551181102,1.0,0.9606299212598425,0.937007874015748,0.0,0.6535433070866141,0.8188976377952756,0.0
2026-01-17T00:37:52.268947,interface,0.5275590551181102,1.0,0.9606299212598425,0.937007874015748,0.0,0.6220472440944882,0.8188976377952756,0.0
2026-01-17T00:37:52.277932,interface,0.5275590551181102,1.0,0.9606299212598425,0.937007874015748,0.0,0.5905511811023622,0.8188976377952756,0.0
2026-01-17T00:37:52.287664,interface,0.5275590551181102,1.0,0.9606299212598425,0.937007874015748,0.0,0.5590551181102362,0.8188976377952756,0.0
2026-01-17T00:37:52.298474,interface,0.5275590551181102,1.0,0.9606299212598425,0.937007874015748,0.0,0.5275590551181102,0.8188976377952756,0.0
2026-01-17T00:37:52.299148,interface,0.5275590551181102,1.0,0.9606299212598425,0.937007874015748,0.0,0.5039370078740157,0.8188976377952756,0.0
2026-01-17T00:37:52.308614,interface,0.5275590551181102,1.0,0.9606299212598425,0.937007874015748,0.0,0.48031496062992124,0.8188976377952756,0.0
2026-01-17T00:37:52.317259,interface,0.5275590551181102,1.0,0.9606299212598425,0.937007874015748,0.0,0.4566929133858268,0.8188976377952756,0.0
2026-01-17T00:37:52.326934,interface,0.5275590551181102,1.0,0.9606299212598425,0.937007874015748,0.0,0.4251968503937008,0.8188976377952756,0.0
2026-01-17T00:37:52.338535,interface,0.5275590551181102,1.0,0.9606299212598425,0.937007874015748,0.0,0.4015748031496063,0.8188976377952756,0.0
2026-01-17T00:37:52.339167,interface,0.5275590551181102,1.0,0.9606299212598425,0.937007874015748,0.0,0.3779527559055118,0.8188976377952756,0.0
2026-01-17T00:37:52.348653,interface,0.5275590551181102,1.0,0.9606299212598425,0.937007874015748,0.0,0.36220472440944884,0.8188976377952756,0.0
2026-01-17T00:37:52.357843,interface,0.5275590551181102,1.0,0.9606299212598425,0.937007874015748,0.0,0.3464566929133858,0.8188976377952756,0.0
2026-01-17T00:37:52.367912,interface,0.5275590551181102,1.0,0.9606299212598425,0.937007874015748,0.0,0.33070866141732286,0.8188976377952756,0.0
2026-01-17T00:37:52.377288,interface,0.5275590551181102,1.0,0.9606299212598425,0.937007874015748,0.0,0.31496062992125984,0.8188976377952756,0.0
2026-01-17T00:37:52.377911,interface,0.5275590551181102,1.0,0.9606299212598425,0.937007874015748,0.0,0.2992125984251969,0.8188976377952756,0.0
2026-01-17T00:37:52.394279,interface,0.5275590551181102,1.0,0.9606299212598425,0.937007874015748,0.0,0.29133858267716534,0.8188976377952756,0.0
2026-01-17T00:37:52.394921,interface,0.5275590551181102,1.0,0.9606299212598425,0.937007874015748,0.0,0.2755905511811024,0.8188976377952756,0.0
2026-01-17T00:37:52.407290,interface,0.5275590551181102,1.0,0.9606299212598425,0.937007874015748,0.0,0.2677165354330709,0.8188976377952756,0.0
2026-01-17T00:37:52.419337,interface,0.5275590551181102,1.0,0.9606299212598425,0.937007874015748,0.0,0.25196850393700787,0.8188976377952756,0.0
2026-01-17T00:37:52.419967,interface,0.5275590551181102,1.0,0.9606299212598425,0.937007874015748,0.0,0.2440944881889764,0.8188976377952756,0.0
2026-01-17T00:37:52.428228,interface,0.5275590551181102,1.0,0.9606299212598425,0.937007874015748,0.0,0.23622047244094488,0.8188976377952756,0.0
2026-01-17T00:37:52.437555,interface,0.5275590551181102,1.0,0.9606299212598425,0.937007874015748,0.0,0.2283464566929134,0.8188976377952756,0.0
2026-01-17T00:37:52.447755,interface,0.5275590551181102,1.0,0.9606299212598425,0.937007874015748,0.0,0.2204724409448819,0.8188976377952756,0.0
2026-01-17T00:37:52.457284,interface,0.5275590551181102,1.0,0.9606299212598425,0.937007874015748,0.0,0.2125984251968504,0.8188976377952756,0.0
2026-01-17T00:37:52.457909,interface,0.5275590551181102,1.0,0.9606299212598425,0.937007874015748,0.0,0.2125984251968504,0.8188976377952756,0.0
2026-01-17T00:37:52.479731,interface,0.5275590551181102,1.0,0.9606299212598425,0.937007874015748,0.0,0.2047244094488189,0.8188976377952756,0.0
2026-01-17T00:37:52.492455,interface,0.5275590551181102,1.0,0.9606299212598425,0.937007874015748,0.0,0.1968503937007874,0.8188976377952756,0.0
2026-01-17T00:37:52.508242,interface,0.5275590551181102,1.0,0.9606299212598425,0.937007874015748,0.0,0.1968503937007874,0.8188976377952756,0.0
2026-01-17T00:37:52.517854,interface,0.5275590551181102,1.0,0.9606299212598425,0.937007874015748,0.0,0.1889763779527559,0.8188976377952756,0.0
2026-01-17T00:37:52.530232,interface,0.5275590551181102,1.0,0.9606299212598425,0.937007874015748,0.0,0.18110236220472442,0.8188976377952756,0.0
2026-01-17T00:37:52.548218,interface,0.5275590551181102,1.0,0.9606299212598425,0.937007874015748,0.0,0.18110236220472442,0.8188976377952756,0.0
2026-01-17T00:37:52.564239,interface,0.5275590551181102,1.0,0.9606299212598425,0.937007874015748,0.0,0.1732283464566929,0.8188976377952756,0.0
2026-01-17T00:37:52.574659,interface,0.5275590551181102,1.0,0.9606299212598425,0.937007874015748,0.0,0.16535433070866143,0.8188976377952756,0.0
2026-01-17T00:37:52.575878,interface,0.5275590551181102,1.0,0.9606299212598425,0.937007874015748,0.0,0.16535433070866143,0.8188976377952756,0.0
2026-01-17T00:37:52.588272,interface,0.5275590551181102,1.0,0.9606299212598425,0.937007874015748,0.0,0.15748031496062992,0.8188976377952756,0.0
2026-01-17T00:37:52.604787,interface,0.5275590551181102,1.0,0.9606299212598425,0.937007874015748,0.0,0.14960629921259844,0.8188976377952756,0.0
2026-01-17T00:37:52.618248,interface,0.5275590551181102,1.0,0.9606299212598425,0.937007874015748,0.0,0.14960629921259844,0.8188976377952756,0.0
2026-01-17T00:37:52.618871,interface,0.5275590551181102,1.0,0.9606299212598425,0.937007874015748,0.0,0.14173228346456693,0.8188976377952756,0.0
2026-01-17T00:37:52.628155,interface,0.5275590551181102,1.0,0.9606299212598425,0.937007874015748,0.0,0.14173228346456693,0.8188976377952756,0.0
2026-01-17T00:37:52.638016,interface,0.5275590551181102,1.0,0.9606299212598425,0.937007874015748,0.0,0.13385826771653545,0.8188976377952756,0.0
2026-01-17T00:37:52.647062,interface,0.5275590551181102,1.0,0.9606299212598425,0.937007874015748,0.0,0.12598425196850394,0.8188976377952756,0.0
2026-01-17T00:37:52.654855,interface,0.5275590551181102,1.0,0.9606299212598425,0.937007874015748,0.0,0.12598425196850394,0.8188976377952756,0.0
2026-01-17T00:37:52.655476,interface,0.5275590551181102,1.0,0.9606299212598425,0.937007874015748,0.0,0.11811023622047244,0.8188976377952756,0.0
2026-01-17T00:37:52.668184,interface,0.5275590551181102,1.0,0.9606299212598425,0.937007874015748,0.0,0.11811023622047244,0.8188976377952756,0.0
2026-01-17T00:37:52.677941,interface,0.5275590551181102,1.0,0.9606299212598425,0.937007874015748,0.0,0.11023622047244094,0.8188976377952756,0.0
2026-01-17T00:37:52.689162,interface,0.5275590551181102,1.0,0.9606299212598425,0.937007874015748,0.0,0.11023622047244094,0.8188976377952756,0.0
2026-01-17T00:37:52.708213,interface,0.5275590551181102,1.0,0.9606299212598425,0.937007874015748,0.0,0.10236220472440945,0.8188976377952756,0.0
2026-01-17T00:37:52.722668,interface,0.5275590551181102,1.0,0.9606299212598425,0.937007874015748,0.0,0.10236220472440945,0.8188976377952756,0.0
2026-01-17T00:37:52.747706,interface,0.5275590551181102,1.0,0.9606299212598425,0.937007874015748,0.0,0.09448818897637795,0.8188976377952756,0.0
2026-01-17T00:37:52.762997,interface,0.5275590551181102,1.0,0.9606299212598425,0.937007874015748,0.0,0.08661417322834646,0.8188976377952756,0.0
2026-01-17T00:37:52.776701,interface,0.5275590551181102,1.0,0.9606299212598425,0.937007874015748,0.0,0.08661417322834646,0.8188976377952756,0.0
2026-01-17T00:37:52.796131,interface,0.5275590551181102,1.0,0.9606299212598425,0.937007874015748,0.0,0.07874015748031496,0.8188976377952756,0.0
2026-01-17T00:37:52.812444,interface,0.5275590551181102,1.0,0.9606299212598425,0.937007874015748,0.0,0.07086614173228346,0.8188976377952756,0.0
2026-01-17T00:37:52.827138,interface,0.5275590551181102,1.0,0.9606299212598425,0.937007874015748,0.0,0.07086614173228346,0.8188976377952756,0.0
2026-01-17T00:37:52.842598,interface,0.5275590551181102,1.0,0.9606299212598425,0.937007874015748,0.0,0.06299212598425197,0.8188976377952756,0.0
2026-01-17T00:37:52.856173,interface,0.5275590551181102,1.0,0.9606299212598425,0.937007874015748,0.0,0.05511811023622047,0.8188976377952756,0.0
2026-01-17T00:37:52.872345,interface,0.5275590551181102,1.0,0.9606299212598425,0.937007874015748,0.0,0.05511811023622047,0.8188976377952756,0.0
2026-01-17T00:37:52.888963,interface,0.5275590551181102,1.0,0.9606299212598425,0.937007874015748,0.0,0.047244094488188976,0.8188976377952756,0.0
2026-01-17T00:37:52.899039,interface,0.5275590551181102,1.0,0.9606299212598425,0.937007874015748,0.0,0.03937007874015748,0.8188976377952756,0.0
2026-01-17T00:37:52.917799,interface,0.5275590551181102,1.0,0.9606299212598425,0.937007874015748,0.0,0.03937007874015748,0.8188976377952756,0.0
2026-01-17T00:37:52.927897,interface,0.5275590551181102,1.0,0.9606299212598425,0.937007874015748,0.0,0.031496062992125984,0.8188976377952756,0.0
2026-01-17T00:37:52.940245,interface,0.5275590551181102,1.0,0.9606299212598425,0.937007874015748,0.0,0.023622047244094488,0.8188976377952756,0.0
2026-01-17T00:37:52.948168,interface,0.5275590551181102,1.0,0.9606299212598425,0.937007874015748,0.0,0.023622047244094488,0.8188976377952756,0.0
2026-01-17T00:37:52.957972,interface,0.5275590551181102,1.0,0.9606299212598425,0.937007874015748,0.0,0.015748031496062992,0.8188976377952756,0.0
2026-01-17T00:37:52.967103,interface,0.5275590551181102,1.0,0.9606299212598425,0.937007874015748,0.0,0.015748031496062992,0.8188976377952756,0.0
2026-01-17T00:37:52.980154,interface,0.5275590551181102,1.0,0.9606299212598425,0.937007874015748,0.0,0.007874015748031496,0.8188976377952756,0.0
2026-01-17T00:37:53.003461,interface,0.5275590551181102,1.0,0.9606299212598425,0.937007874015748,0.0,0.007874015748031496,0.8188976377952756,0.0
2026-01-17T00:37:53.031260,interface,0.5275590551181102,1.0,0.9606299212598425,0.937007874015748,0.0,0.0,0.8188976377952756,0.0
2026-01-17T00:37:53.084174,interface,0.5275590551181102,1.0,0.9606299212598425,0.937007874015748,0.0,0.0,0.8188976377952756,0.0
2026-01-17T00:37:53.264873,interface,0.6220472440944882,1.0,0.9606299212598425,0.937007874015748,0.0,0.0,0.8188976377952756,0.0
2026-01-17T00:37:56.311657,interface,0.3779527559055118,1.0,0.9606299212598425,0.937007874015748,0.0,0.0,0.8188976377952756,0.0
2026-01-17T00:37:56.365294,interface,0.1889763779527559,1.0,0.9606299212598425,0.937007874015748,0.0,0.0,0.8188976377952756,0.0
2026-01-17T00:37:56.507388,interface,0.33858267716535434,1.0,0.9606299212598425,0.937007874015748,0.0,0.0,0.8188976377952756,0.0
2026-01-17T00:37:56.520991,interface,0.4330708661417323,1.0,0.9606299212598425,0.937007874015748,0.0,0.0,0.8188976377952756,0.0
2026-01-17T00:37:56.570408,interface,0.28346456692913385,1.0,0.9606299212598425,0.937007874015748,0.0,0.0,0.8188976377952756,0.0
2026-01-17T00:37:56.662709,interface,0.33858267716535434,1.0,0.9606299212598425,0.937007874015748,0.0,0.0,0.8188976377952756,0.0
2026-01-17T00:37:56.939228,interface,0.5275590551181102,1.0,0.9606299212598425,0.937007874015748,0.0,0.0,0.8188976377952756,0.0
2026-01-17T00:38:01.093508,interface,0.0,1.0,0.9606299212598425,0.937007874015748,0.0,0.0,0.8188976377952756,0.0
2026-01-17T00:38:08.016576,interface,0.015748031496062992,1.0,0.9606299212598425,0.937007874015748,0.0,0.0,0.8188976377952756,0.0
