2024-08-29T17:40:46.093081,interface,0.5196850393700787,0.7960495623303062,0.07680958565024099,0.21793758583201472,0.6166334712624105,0.07006251201628466,0.9818758295553328,0.23981713698951546
2024-08-29T17:40:47.030849,interface,0.5118110236220472,0.7960495623303062,0.07680958565024099,0.21793758583201472,0.6166334712624105,0.07006251201628466,0.9818758295553328,0.23981713698951546
2024-08-29T17:40:47.033659,interface,0.5275590551181102,0.7960495623303062,0.07680958565024099,0.21793758583201472,0.6166334712624105,0.07006251201628466,0.9818758295553328,0.23981713698951546
2024-08-29T17:40:47.036342,interface,0.5669291338582677,0.7960495623303062,0.07680958565024099,0.21793758583201472,0.6166334712624105,0.07006251201628466,0.9818758295553328,0.23981713698951546
2024-08-29T17:40:47.038976,interface,0.5118110236220472,0.7960495623303062,0.07680958565024099,0.21793758583201472,0.6166334712624105,0.07006251201628466,0.9818758295553328,0.23981713698951546
2024-08-29T17:40:47.041526,interface,0.4881889763779528,0.7960495623303062,0.07680958565024099,0.21793758583201472,0.6166334712624105,0.07006251201628466,0.9818758295553328,0.23981713698951546
2024-08-29T17:40:47.044189,interface,0.5039370078740157,0.7960495623303062,0.07680958565024099,0.21793758583201472,0.6166334712624105,0.07006251201628466,0.9818758295553328,0.23981713698951546
2024-08-29T17:40:47.046873,interface,0.4881889763779528,0.7960495623303062,0.07680958565024099,0.21793758583201472,0.6166334712624105,0.07006251201628466,0.9818758295553328,0.23981713698951546
2024-08-29T17:40:47.049494,interface,0.4645669291338583,0.7960495623303062,0.07680958565024099,0.21793758583201472,0.6166334712624105,0.07006251201628466,0.9818758295553328,0.23981713698951546
2024-08-29T17:41:38.977949,interface,0.44881889763779526,0.7960495623303062,0.07680958565024099,0.21793758583201472,0.6166334712624105,0.07006251201628466,0.9818758295553328,0.23981713698951546
2024-08-29T17:41:38.980356,interface,0.4330708661417323,0.7960495623303062,0.07680958565024099,0.21793758583201472,0.6166334712624105,0.07006251201628466,0.9818758295553328,0.23981713698951546
2024-08-29T17:41:39.100378,interface,0.4645669291338583,0.7960495623303062,0.07680958565024099,0.21793758583201472,0.6166334712624105,0.07006251201628466,0.9818758295553328,0.23981713698951546
2024-08-29T17:41:39.159868,interface,0.47244094488188976,0.7960495623303062,0.07680958565024099,0.21793758583201472,0.6166334712624105,0.07006251201628466,0.9818758295553328,0.23981713698951546
2024-08-29T17:41:39.219250,interface,0.4881889763779528,0.7960495623303062,0.07680958565024099,0.21793758583201472,0.6166334712624105,0.07006251201628466,0.9818758295553328,0.23981713698951546
2024-08-29T17:41:39.275756,interface,0.5039370078740157,0.7960495623303062,0.07680958565024099,0.21793758583201472,0.6166334712624105,0.07006251201628466,0.9818758295553328,0.23981713698951546
2024-08-29T17:41:39.321245,interface,0.5118110236220472,0.7960495623303062,0.07680958565024099,0.21793758583201472,0.6166334712624105,0.07006251201628466,0.9818758295553328,0.23981713698951546
2024-08-29T17:41:39.363184,interface,0.5275590551181102,0.7960495623303062,0.07680958565024099,0.21793758583201472,0.6166334712624105,0.07006251201628466,0.9818758295553328,0.23981713698951546
2024-08-29T17:41:39.398702,interface,0.5433070866141733,0.7960495623303062,0.07680958565024099,0.21793758583201472,0.6166334712624105,0.07006251201628466,0.9818758295553328,0.23981713698951546
2024-08-29T17:41:39.469430,interface,0.5590551181102362,0.7960495623303062,0.07680958565024099,0.21793758583201472,0.6166334712624105,0.07006251201628466,0.9818758295553328,0.23981713698951546
2024-08-29T17:41:40.360742,interface,0.5118110236220472,0.7960495623303062,0.07680958565024099,0.21793758583201472,0.6166334712624105,0.07006251201628466,0.9818758295553328,0.23981713698951546
2024-08-29T17:41:40.615789,interface,0.5275590551181102,0.7960495623303062,0.07680958565024099,0.21793758583201472,0.6166334712624105,0.07006251201628466,0.9818758295553328,0.23981713698951546
2024-08-29T17:41:40.744690,interface,0.5669291338582677,0.7960495623303062,0.07680958565024099,0.21793758583201472,0.6166334712624105,0.07006251201628466,0.9818758295553328,0.23981713698951546
2024-08-29T17:41:40.857197,interface,0.5275590551181102,0.7960495623303062,0.07680958565024099,0.21793758583201472,0.6166334712624105,0.07006251201628466,0.9818758295553328,0.23981713698951546
2024-08-29T17:41:41.011181,interface,0.4881889763779528,0.7960495623303062,0.07680958565024099,0.21793758583201472,0.6166334712624105,0.07006251201628466,0.9818758295553328,0.23981713698951546
2024-08-29T17:41:41.159276,interface,0.5118110236220472,0.7960495623303062,0.07680958565024099,0.21793758583201472,0.6166334712624105,0.07006251201628466,0.9818758295553328,0.23981713698951546
2024-08-29T17:41:41.262083,interface,0.5275590551181102,0.7960495623303062,0.07680958565024099,0.21793758583201472,0.6166334712624105,0.07006251201628466,0.9818758295553328,0.23981713698951546
2024-08-29T17:41:41.575638,interface,0.47244094488188976,0.7960495623303062,0.07680958565024099,0.21793758583201472,0.6166334712624105,0.07006251201628466,0.9818758295553328,0.23981713698951546
2024-08-29T17:41:41.675069,interface,0.4881889763779528,0.7960495623303062,0.07680958565024099,0.21793758583201472,0.6166334712624105,0.07006251201628466,0.9818758295553328,0.23981713698951546
2024-08-29T17:41:41.764067,interface,0.5275590551181102,0.7960495623303062,0.07680958565024099,0.21793758583201472,0.6166334712624105,0.07006251201628466,0.9818758295553328,0.23981713698951546
2024-08-29T17:41:42.164631,interface,0.44881889763779526,0.7960495623303062,0.07680958565024099,0.21793758583201472,0.6166334712624105,0.07006251201628466,0.9818758295553328,0.23981713698951546
2024-08-29T17:41:42.247502,interface,0.47244094488188976,0.7960495623303062,0.07680958565024099,0.21793758583201472,0.6166334712624105,0.07006251201628466,0.9818758295553328,0.23981713698951546
2024-08-29T17:41:42.307201,interface,0.4881889763779528,0.7960495623303062,0.07680958565024099,0.21793758583201472,0.6166334712624105,0.07006251201628466,0.9818758295553328,0.23981713698951546
2024-08-29T17:41:42.610514,interface,0.4409448818897638,0.7960495623303062,0.07680958565024099,0.21793758583201472,0.6166334712624105,0.07006251201628466,0.9818758295553328,0.23981713698951546
2024-08-29T17:41:42.831086,interface,0.44881889763779526,0.7960495623303062,0.07680958565024099,0.21793758583201472,0.6166334712624105,0.07006251201628466,0.9818758295553328,0.23981713698951546
2024-08-29T17:41:43.062713,interface,0.4330708661417323,0.7960495623303062,0.07680958565024099,0.21793758583201472,0.6166334712624105,0.07006251201628466,0.9818758295553328,0.23981713698951546
2024-08-29T17:41:43.203763,interface,0.4330708661417323,0.7960495623303062,0.07680958565024099,0.21793758583201472,0.6166334712624105,0.07006251201628466,0.9818758295553328,0.23981713698951546
2024-08-29T17:41:43.310247,interface,0.47244094488188976,0.7960495623303062,0.07680958565024099,0.21793758583201472,0.6166334712624105,0.07006251201628466,0.9818758295553328,0.23981713698951546
2024-08-29T17:41:43.439570,interface,0.41732283464566927,0.7960495623303062,0.07680958565024099,0.21793758583201472,0.6166334712624105,0.07006251201628466,0.9818758295553328,0.23981713698951546
2024-08-29T17:41:43.649673,interface,0.41732283464566927,0.7960495623303062,0.07680958565024099,0.21793758583201472,0.6166334712624105,0.07006251201628466,0.9818758295553328,0.23981713698951546
2024-08-29T17:41:43.756153,interface,0.4330708661417323,0.7960495623303062,0.07680958565024099,0.21793758583201472,0.6166334712624105,0.07006251201628466,0.9818758295553328,0.23981713698951546
2024-08-29T17:41:43.868287,interface,0.3937007874015748,0.7960495623303062,0.07680958565024099,0.21793758583201472,0.6166334712624105,0.07006251201628466,0.9818758295553328,0.23981713698951546
2024-08-29T17:41:43.967956,interface,0.4330708661417323,0.7960495623303062,0.07680958565024099,0.21793758583201472,0.6166334712624105,0.07006251201628466,0.9818758295553328,0.23981713698951546
2024-08-29T17:41:44.027086,interface,0.41732283464566927,0.7960495623303062,0.07680958565024099,0.21793758583201472,0.6166334712624105,0.07006251201628466,0.9818758295553328,0.23981713698951546
2024-08-29T17:41:44.121986,interface,0.3779527559055118,0.7960495623303062,0.07680958565024099,0.21793758583201472,0.6166334712624105,0.07006251201628466,0.9818758295553328,0.23981713698951546
2024-08-29T17:41:44.268915,interface,0.3937007874015748,0.7960495623303062,0.07680958565024099,0.21793758583201472,0.6166334712624105,0.07006251201628466,0.9818758295553328,0.23981713698951546
2024-08-29T17:41:44.893099,interface,0.4409448818897638,0.7960495623303062,0.07680958565024099,0.21793758583201472,0.6166334712624105,0.07006251201628466,0.9818758295553328,0.23981713698951546
2024-08-29T17:41:45.028523,interface,0.47244094488188976,0.7960495623303062,0.07680958565024099,0.21793758583201472,0.6166334712624105,0.07006251201628466,0.9818758295553328,0.23981713698951546
2024-08-29T17:41:45.097659,interface,0.4881889763779528,0.7960495623303062,0.07680958565024099,0.21793758583201472,0.6166334712624105,0.07006251201628466,0.9818758295553328,0.23981713698951546
2024-08-29T17:41:45.216083,interface,0.49606299212598426,0.7960495623303062,0.07680958565024099,0.21793758583201472,0.6166334712624105,0.07006251201628466,0.9818758295553328,0.23981713698951546
2024-08-29T17:41:45.309728,interface,0.5118110236220472,0.7960495623303062,0.07680958565024099,0.21793758583201472,0.6166334712624105,0.07006251201628466,0.9818758295553328,0.23981713698951546
2024-08-29T17:41:45.386599,interface,0.5275590551181102,0.7960495623303062,0.07680958565024099,0.21793758583201472,0.6166334712624105,0.07006251201628466,0.9818758295553328,0.23981713698951546
2024-08-29T17:41:45.474532,interface,0.5354330708661418,0.7960495623303062,0.07680958565024099,0.21793758583201472,0.6166334712624105,0.07006251201628466,0.9818758295553328,0.23981713698951546
2024-08-29T17:41:45.572623,interface,0.5511811023622047,0.7960495623303062,0.07680958565024099,0.21793758583201472,0.6166334712624105,0.07006251201628466,0.9818758295553328,0.23981713698951546
2024-08-29T17:41:45.659485,interface,0.5669291338582677,0.7960495623303062,0.07680958565024099,0.21793758583201472,0.6166334712624105,0.07006251201628466,0.9818758295553328,0.23981713698951546
2024-08-29T17:41:46.661605,interface,0.5118110236220472,0.7960495623303062,0.07680958565024099,0.21793758583201472,0.6166334712624105,0.07006251201628466,0.9818758295553328,0.23981713698951546
2024-08-29T17:41:46.719946,interface,0.5275590551181102,0.7960495623303062,0.07680958565024099,0.21793758583201472,0.6166334712624105,0.07006251201628466,0.9818758295553328,0.23981713698951546
2024-08-29T17:41:46.782555,interface,0.5669291338582677,0.7960495623303062,0.07680958565024099,0.21793758583201472,0.6166334712624105,0.07006251201628466,0.9818758295553328,0.23981713698951546
2024-08-29T17:41:46.819278,interface,0.5118110236220472,0.7960495623303062,0.07680958565024099,0.21793758583201472,0.6166334712624105,0.07006251201628466,0.9818758295553328,0.23981713698951546
2024-08-29T17:41:46.895313,interface,0.5275590551181102,0.7960495623303062,0.07680958565024099,0.21793758583201472,0.6166334712624105,0.07006251201628466,0.9818758295553328,0.23981713698951546
2024-08-29T17:41:46.968853,interface,0.5669291338582677,0.7960495623303062,0.07680958565024099,0.21793758583201472,0.6166334712624105,0.07006251201628466,0.9818758295553328,0.23981713698951546
2024-08-29T17:41:46.975153,interface,0.5118110236220472,0.7960495623303062,0.07680958565024099,0.21793758583201472,0.6166334712624105,0.07006251201628466,0.9818758295553328,0.23981713698951546
2024-08-29T17:41:47.053744,interface,0.5275590551181102,0.7960495623303062,0.07680958565024099,0.21793758583201472,0.6166334712624105,0.07006251201628466,0.9818758295553328,0.23981713698951546
2024-08-29T17:41:47.131715,interface,0.5118110236220472,0.7960495623303062,0.07680958565024099,0.21793758583201472,0.6166334712624105,0.07006251201628466,0.9818758295553328,0.23981713698951546
2024-08-29T17:41:47.134092,interface,0.5669291338582677,0.7960495623303062,0.07680958565024099,0.21793758583201472,0.6166334712624105,0.07006251201628466,0.9818758295553328,0.23981713698951546
2024-08-29T17:41:47.186553,interface,0.5275590551181102,0.7960495623303062,0.07680958565024099,0.21793758583201472,0.6166334712624105,0.07006251201628466,0.9818758295553328,0.23981713698951546
2024-08-29T17:41:47.275370,interface,0.5669291338582677,0.7960495623303062,0.07680958565024099,0.21793758583201472,0.6166334712624105,0.07006251201628466,0.9818758295553328,0.23981713698951546
2024-08-29T17:41:47.288666,interface,0.5118110236220472,0.7960495623303062,0.07680958565024099,0.21793758583201472,0.6166334712624105,0.07006251201628466,0.9818758295553328,0.23981713698951546
2024-08-29T17:41:47.328910,interface,0.5275590551181102,0.7960495623303062,0.07680958565024099,0.21793758583201472,0.6166334712624105,0.07006251201628466,0.9818758295553328,0.23981713698951546
2024-08-29T17:41:47.426658,interface,0.5669291338582677,0.7960495623303062,0.07680958565024099,0.21793758583201472,0.6166334712624105,0.07006251201628466,0.9818758295553328,0.23981713698951546
2024-08-29T17:41:47.428950,interface,0.5118110236220472,0.7960495623303062,0.07680958565024099,0.21793758583201472,0.6166334712624105,0.07006251201628466,0.9818758295553328,0.23981713698951546
2024-08-29T17:41:47.494183,interface,0.5275590551181102,0.7960495623303062,0.07680958565024099,0.21793758583201472,0.6166334712624105,0.07006251201628466,0.9818758295553328,0.23981713698951546
2024-08-29T17:41:47.573218,interface,0.5669291338582677,0.7960495623303062,0.07680958565024099,0.21793758583201472,0.6166334712624105,0.07006251201628466,0.9818758295553328,0.23981713698951546
2024-08-29T17:41:47.575529,interface,0.5118110236220472,0.7960495623303062,0.07680958565024099,0.21793758583201472,0.6166334712624105,0.07006251201628466,0.9818758295553328,0.23981713698951546
2024-08-29T17:41:47.682576,interface,0.5275590551181102,0.7960495623303062,0.07680958565024099,0.21793758583201472,0.6166334712624105,0.07006251201628466,0.9818758295553328,0.23981713698951546
2024-08-29T17:41:47.726424,interface,0.5118110236220472,0.7960495623303062,0.07680958565024099,0.21793758583201472,0.6166334712624105,0.07006251201628466,0.9818758295553328,0.23981713698951546
2024-08-29T17:41:47.764940,interface,0.5669291338582677,0.7960495623303062,0.07680958565024099,0.21793758583201472,0.6166334712624105,0.07006251201628466,0.9818758295553328,0.23981713698951546
2024-08-29T17:41:47.824819,interface,0.5275590551181102,0.7960495623303062,0.07680958565024099,0.21793758583201472,0.6166334712624105,0.07006251201628466,0.9818758295553328,0.23981713698951546
2024-08-29T17:41:47.880404,interface,0.5118110236220472,0.7960495623303062,0.07680958565024099,0.21793758583201472,0.6166334712624105,0.07006251201628466,0.9818758295553328,0.23981713698951546
2024-08-29T17:41:47.960261,interface,0.5669291338582677,0.7960495623303062,0.07680958565024099,0.21793758583201472,0.6166334712624105,0.07006251201628466,0.9818758295553328,0.23981713698951546
2024-08-29T17:41:48.005417,interface,0.5275590551181102,0.7960495623303062,0.07680958565024099,0.21793758583201472,0.6166334712624105,0.07006251201628466,0.9818758295553328,0.23981713698951546
2024-08-29T17:41:48.024805,interface,0.5118110236220472,0.7960495623303062,0.07680958565024099,0.21793758583201472,0.6166334712624105,0.07006251201628466,0.9818758295553328,0.23981713698951546
2024-08-29T17:41:48.116757,interface,0.5669291338582677,0.7960495623303062,0.07680958565024099,0.21793758583201472,0.6166334712624105,0.07006251201628466,0.9818758295553328,0.23981713698951546
2024-08-29T17:41:48.161162,interface,0.5275590551181102,0.7960495623303062,0.07680958565024099,0.21793758583201472,0.6166334712624105,0.07006251201628466,0.9818758295553328,0.23981713698951546
2024-08-29T17:41:48.176852,interface,0.5118110236220472,0.7960495623303062,0.07680958565024099,0.21793758583201472,0.6166334712624105,0.07006251201628466,0.9818758295553328,0.23981713698951546
2024-08-29T17:41:48.264330,interface,0.5669291338582677,0.7960495623303062,0.07680958565024099,0.21793758583201472,0.6166334712624105,0.07006251201628466,0.9818758295553328,0.23981713698951546
2024-08-29T17:41:48.315851,interface,0.5275590551181102,0.7960495623303062,0.07680958565024099,0.21793758583201472,0.6166334712624105,0.07006251201628466,0.9818758295553328,0.23981713698951546
2024-08-29T17:41:48.339253,interface,0.5118110236220472,0.7960495623303062,0.07680958565024099,0.21793758583201472,0.6166334712624105,0.07006251201628466,0.9818758295553328,0.23981713698951546
2024-08-29T17:41:48.414642,interface,0.5669291338582677,0.7960495623303062,0.07680958565024099,0.21793758583201472,0.6166334712624105,0.07006251201628466,0.9818758295553328,0.23981713698951546
2024-08-29T17:41:48.480824,interface,0.5118110236220472,0.7960495623303062,0.07680958565024099,0.21793758583201472,0.6166334712624105,0.07006251201628466,0.9818758295553328,0.23981713698951546
2024-08-29T17:41:48.519802,interface,0.5275590551181102,0.7960495623303062,0.07680958565024099,0.21793758583201472,0.6166334712624105,0.07006251201628466,0.9818758295553328,0.23981713698951546
2024-08-29T17:41:48.564682,interface,0.5669291338582677,0.7960495623303062,0.07680958565024099,0.21793758583201472,0.6166334712624105,0.07006251201628466,0.9818758295553328,0.23981713698951546
2024-08-29T17:41:48.635241,interface,0.5118110236220472,0.7960495623303062,0.07680958565024099,0.21793758583201472,0.6166334712624105,0.07006251201628466,0.9818758295553328,0.23981713698951546
2024-08-29T17:41:48.650454,interface,0.5275590551181102,0.7960495623303062,0.07680958565024099,0.21793758583201472,0.6166334712624105,0.07006251201628466,0.9818758295553328,0.23981713698951546
2024-08-29T17:41:48.705861,interface,0.5669291338582677,0.7960495623303062,0.07680958565024099,0.21793758583201472,0.6166334712624105,0.07006251201628466,0.9818758295553328,0.23981713698951546
2024-08-29T17:41:48.773251,interface,0.5275590551181102,0.7960495623303062,0.07680958565024099,0.21793758583201472,0.6166334712624105,0.07006251201628466,0.9818758295553328,0.23981713698951546
2024-08-29T17:41:48.789417,interface,0.5118110236220472,0.7960495623303062,0.07680958565024099,0.21793758583201472,0.6166334712624105,0.07006251201628466,0.9818758295553328,0.23981713698951546
2024-08-29T17:41:48.840304,interface,0.5669291338582677,0.7960495623303062,0.07680958565024099,0.21793758583201472,0.6166334712624105,0.07006251201628466,0.9818758295553328,0.23981713698951546
2024-08-29T17:41:48.903742,interface,0.5275590551181102,0.7960495623303062,0.07680958565024099,0.21793758583201472,0.6166334712624105,0.07006251201628466,0.9818758295553328,0.23981713698951546
2024-08-29T17:41:48.933357,interface,0.5118110236220472,0.7960495623303062,0.07680958565024099,0.21793758583201472,0.6166334712624105,0.07006251201628466,0.9818758295553328,0.23981713698951546
2024-08-29T17:41:48.990259,interface,0.5669291338582677,0.7960495623303062,0.07680958565024099,0.21793758583201472,0.6166334712624105,0.07006251201628466,0.9818758295553328,0.23981713698951546
2024-08-29T17:41:49.066681,interface,0.5118110236220472,0.7960495623303062,0.07680958565024099,0.21793758583201472,0.6166334712624105,0.07006251201628466,0.9818758295553328,0.23981713698951546
2024-08-29T17:41:49.068964,interface,0.5275590551181102,0.7960495623303062,0.07680958565024099,0.21793758583201472,0.6166334712624105,0.07006251201628466,0.9818758295553328,0.23981713698951546
2024-08-29T17:41:49.160151,interface,0.5669291338582677,0.7960495623303062,0.07680958565024099,0.21793758583201472,0.6166334712624105,0.07006251201628466,0.9818758295553328,0.23981713698951546
2024-08-29T17:41:49.227788,interface,0.5275590551181102,0.7960495623303062,0.07680958565024099,0.21793758583201472,0.6166334712624105,0.07006251201628466,0.9818758295553328,0.23981713698951546
2024-08-29T17:41:49.287066,interface,0.5196850393700787,0.7960495623303062,0.07680958565024099,0.21793758583201472,0.6166334712624105,0.07006251201628466,0.9818758295553328,0.23981713698951546
2024-08-29T17:41:49.348611,interface,0.5669291338582677,0.7960495623303062,0.07680958565024099,0.21793758583201472,0.6166334712624105,0.07006251201628466,0.9818758295553328,0.23981713698951546
2024-08-29T17:41:49.410821,interface,0.5196850393700787,0.7960495623303062,0.07680958565024099,0.21793758583201472,0.6166334712624105,0.07006251201628466,0.9818758295553328,0.23981713698951546
2024-08-29T17:41:49.413763,interface,0.5118110236220472,0.7960495623303062,0.07680958565024099,0.21793758583201472,0.6166334712624105,0.07006251201628466,0.9818758295553328,0.23981713698951546
2024-08-29T17:41:49.416096,interface,0.5275590551181102,0.7960495623303062,0.07680958565024099,0.21793758583201472,0.6166334712624105,0.07006251201628466,0.9818758295553328,0.23981713698951546
2024-08-29T17:41:49.492672,interface,0.5669291338582677,0.7960495623303062,0.07680958565024099,0.21793758583201472,0.6166334712624105,0.07006251201628466,0.9818758295553328,0.23981713698951546
2024-08-29T17:41:49.554743,interface,0.5275590551181102,0.7960495623303062,0.07680958565024099,0.21793758583201472,0.6166334712624105,0.07006251201628466,0.9818758295553328,0.23981713698951546
2024-08-29T17:41:49.557089,interface,0.5196850393700787,0.7960495623303062,0.07680958565024099,0.21793758583201472,0.6166334712624105,0.07006251201628466,0.9818758295553328,0.23981713698951546
2024-08-29T17:41:49.656061,interface,0.5669291338582677,0.7960495623303062,0.07680958565024099,0.21793758583201472,0.6166334712624105,0.07006251201628466,0.9818758295553328,0.23981713698951546
2024-08-29T17:41:49.679233,interface,0.5275590551181102,0.7960495623303062,0.07680958565024099,0.21793758583201472,0.6166334712624105,0.07006251201628466,0.9818758295553328,0.23981713698951546
2024-08-29T17:41:49.709279,interface,0.5196850393700787,0.7960495623303062,0.07680958565024099,0.21793758583201472,0.6166334712624105,0.07006251201628466,0.9818758295553328,0.23981713698951546
2024-08-29T17:41:49.800130,interface,0.5669291338582677,0.7960495623303062,0.07680958565024099,0.21793758583201472,0.6166334712624105,0.07006251201628466,0.9818758295553328,0.23981713698951546
2024-08-29T17:41:49.845299,interface,0.5275590551181102,0.7960495623303062,0.07680958565024099,0.21793758583201472,0.6166334712624105,0.07006251201628466,0.9818758295553328,0.23981713698951546
2024-08-29T17:41:49.947150,interface,0.5669291338582677,0.7960495623303062,0.07680958565024099,0.21793758583201472,0.6166334712624105,0.07006251201628466,0.9818758295553328,0.23981713698951546
2024-08-29T17:41:49.997648,interface,0.5196850393700787,0.7960495623303062,0.07680958565024099,0.21793758583201472,0.6166334712624105,0.07006251201628466,0.9818758295553328,0.23981713698951546
2024-08-29T17:41:49.999943,interface,0.5275590551181102,0.7960495623303062,0.07680958565024099,0.21793758583201472,0.6166334712624105,0.07006251201628466,0.9818758295553328,0.23981713698951546
2024-08-29T17:41:50.097667,interface,0.5669291338582677,0.7960495623303062,0.07680958565024099,0.21793758583201472,0.6166334712624105,0.07006251201628466,0.9818758295553328,0.23981713698951546
2024-08-29T17:41:50.130259,interface,0.5196850393700787,0.7960495623303062,0.07680958565024099,0.21793758583201472,0.6166334712624105,0.07006251201628466,0.9818758295553328,0.23981713698951546
2024-08-29T17:41:50.147735,interface,0.5275590551181102,0.7960495623303062,0.07680958565024099,0.21793758583201472,0.6166334712624105,0.07006251201628466,0.9818758295553328,0.23981713698951546
2024-08-29T17:41:50.254532,interface,0.5669291338582677,0.7960495623303062,0.07680958565024099,0.21793758583201472,0.6166334712624105,0.07006251201628466,0.9818758295553328,0.23981713698951546
2024-08-29T17:41:50.269435,interface,0.5196850393700787,0.7960495623303062,0.07680958565024099,0.21793758583201472,0.6166334712624105,0.07006251201628466,0.9818758295553328,0.23981713698951546
2024-08-29T17:41:50.319598,interface,0.5275590551181102,0.7960495623303062,0.07680958565024099,0.21793758583201472,0.6166334712624105,0.07006251201628466,0.9818758295553328,0.23981713698951546
2024-08-29T17:41:50.398497,interface,0.5669291338582677,0.7960495623303062,0.07680958565024099,0.21793758583201472,0.6166334712624105,0.07006251201628466,0.9818758295553328,0.23981713698951546
2024-08-29T17:41:50.400805,interface,0.5196850393700787,0.7960495623303062,0.07680958565024099,0.21793758583201472,0.6166334712624105,0.07006251201628466,0.9818758295553328,0.23981713698951546
2024-08-29T17:41:50.461218,interface,0.5275590551181102,0.7960495623303062,0.07680958565024099,0.21793758583201472,0.6166334712624105,0.07006251201628466,0.9818758295553328,0.23981713698951546
2024-08-29T17:41:50.814863,interface,0.5275590551181102,0.7960495623303062,0.07680958565024099,0.21793758583201472,0.6166334712624105,0.07006251201628466,0.9818758295553328,0.23981713698951546
2024-08-29T17:41:51.084592,interface,0.4881889763779528,0.7960495623303062,0.07680958565024099,0.21793758583201472,0.6166334712624105,0.07006251201628466,0.9818758295553328,0.23981713698951546
2024-08-29T17:41:51.241491,interface,0.5590551181102362,0.7960495623303062,0.07680958565024099,0.21793758583201472,0.6166334712624105,0.07006251201628466,0.9818758295553328,0.23981713698951546
2024-08-29T17:41:51.243792,interface,0.5511811023622047,0.7960495623303062,0.07680958565024099,0.21793758583201472,0.6166334712624105,0.07006251201628466,0.9818758295553328,0.23981713698951546
2024-08-29T17:41:51.338013,interface,0.5275590551181102,0.7960495623303062,0.07680958565024099,0.21793758583201472,0.6166334712624105,0.07006251201628466,0.9818758295553328,0.23981713698951546
2024-08-29T17:41:51.540397,interface,0.5433070866141733,0.7960495623303062,0.07680958565024099,0.21793758583201472,0.6166334712624105,0.07006251201628466,0.9818758295553328,0.23981713698951546
2024-08-29T17:41:51.606749,interface,0.5118110236220472,0.7960495623303062,0.07680958565024099,0.21793758583201472,0.6166334712624105,0.07006251201628466,0.9818758295553328,0.23981713698951546
2024-08-29T17:41:57.226590,interface,0.5590551181102362,0.7960495623303062,0.07680958565024099,0.21793758583201472,0.6166334712624105,0.07006251201628466,0.9818758295553328,0.23981713698951546
2024-08-29T17:41:57.390484,interface,0.5433070866141733,0.7960495623303062,0.07680958565024099,0.21793758583201472,0.6166334712624105,0.07006251201628466,0.9818758295553328,0.23981713698951546
2024-08-29T17:41:57.728298,interface,0.5590551181102362,0.7960495623303062,0.07680958565024099,0.21793758583201472,0.6166334712624105,0.07006251201628466,0.9818758295553328,0.23981713698951546
2024-08-29T17:41:58.209183,interface,0.5275590551181102,0.7960495623303062,0.07680958565024099,0.21793758583201472,0.6166334712624105,0.07006251201628466,0.9818758295553328,0.23981713698951546
2024-08-29T17:41:58.583859,interface,0.5039370078740157,0.7960495623303062,0.07680958565024099,0.21793758583201472,0.6166334712624105,0.07006251201628466,0.9818758295553328,0.23981713698951546
2024-08-29T17:41:58.586256,interface,0.5118110236220472,0.7960495623303062,0.07680958565024099,0.21793758583201472,0.6166334712624105,0.07006251201628466,0.9818758295553328,0.23981713698951546
2024-08-29T17:42:00.851628,interface,0.3779527559055118,0.7960495623303062,0.07680958565024099,0.21793758583201472,0.6166334712624105,0.07006251201628466,0.9818758295553328,0.23981713698951546
2024-08-29T17:42:02.046279,interface,0.47244094488188976,0.7960495623303062,0.07680958565024099,0.21793758583201472,0.6166334712624105,0.07006251201628466,0.9818758295553328,0.23981713698951546
2024-08-29T17:42:02.538088,interface,0.5039370078740157,0.7960495623303062,0.07680958565024099,0.21793758583201472,0.6166334712624105,0.07006251201628466,0.9818758295553328,0.23981713698951546
2024-08-29T17:42:02.553189,interface,0.47244094488188976,0.7960495623303062,0.07680958565024099,0.21793758583201472,0.6166334712624105,0.07006251201628466,0.9818758295553328,0.23981713698951546
2024-08-29T17:42:03.117063,interface,0.4330708661417323,0.7960495623303062,0.07680958565024099,0.21793758583201472,0.6166334712624105,0.07006251201628466,0.9818758295553328,0.23981713698951546
2024-08-29T17:42:03.266042,interface,0.4409448818897638,0.7960495623303062,0.07680958565024099,0.21793758583201472,0.6166334712624105,0.07006251201628466,0.9818758295553328,0.23981713698951546
2024-08-29T17:42:03.512069,interface,0.5354330708661418,0.7960495623303062,0.07680958565024099,0.21793758583201472,0.6166334712624105,0.07006251201628466,0.9818758295553328,0.23981713698951546
2024-08-29T17:42:03.602936,interface,0.4251968503937008,0.7960495623303062,0.07680958565024099,0.21793758583201472,0.6166334712624105,0.07006251201628466,0.9818758295553328,0.23981713698951546
2024-08-29T17:42:03.753146,interface,0.4409448818897638,0.7960495623303062,0.07680958565024099,0.21793758583201472,0.6166334712624105,0.07006251201628466,0.9818758295553328,0.23981713698951546
2024-08-29T17:42:03.755475,interface,0.5196850393700787,0.7960495623303062,0.07680958565024099,0.21793758583201472,0.6166334712624105,0.07006251201628466,0.9818758295553328,0.23981713698951546
2024-08-29T17:42:03.862484,interface,0.4645669291338583,0.7960495623303062,0.07680958565024099,0.21793758583201472,0.6166334712624105,0.07006251201628466,0.9818758295553328,0.23981713698951546
2024-08-29T17:42:03.875009,interface,0.5354330708661418,0.7960495623303062,0.07680958565024099,0.21793758583201472,0.6166334712624105,0.07006251201628466,0.9818758295553328,0.23981713698951546
2024-08-29T17:42:03.991338,interface,0.4409448818897638,0.7960495623303062,0.07680958565024099,0.21793758583201472,0.6166334712624105,0.07006251201628466,0.9818758295553328,0.23981713698951546
2024-08-29T17:42:03.993713,interface,0.4251968503937008,0.7960495623303062,0.07680958565024099,0.21793758583201472,0.6166334712624105,0.07006251201628466,0.9818758295553328,0.23981713698951546
2024-08-29T17:42:04.025206,interface,0.5511811023622047,0.7960495623303062,0.07680958565024099,0.21793758583201472,0.6166334712624105,0.07006251201628466,0.9818758295553328,0.23981713698951546
2024-08-29T17:42:04.131820,interface,0.5354330708661418,0.7960495623303062,0.07680958565024099,0.21793758583201472,0.6166334712624105,0.07006251201628466,0.9818758295553328,0.23981713698951546
2024-08-29T17:42:04.203821,interface,0.5196850393700787,0.7960495623303062,0.07680958565024099,0.21793758583201472,0.6166334712624105,0.07006251201628466,0.9818758295553328,0.23981713698951546
2024-08-29T17:42:04.301840,interface,0.5354330708661418,0.7960495623303062,0.07680958565024099,0.21793758583201472,0.6166334712624105,0.07006251201628466,0.9818758295553328,0.23981713698951546
2024-08-29T17:42:04.325962,interface,0.4094488188976378,0.7960495623303062,0.07680958565024099,0.21793758583201472,0.6166334712624105,0.07006251201628466,0.9818758295553328,0.23981713698951546
2024-08-29T17:42:04.432493,interface,0.41732283464566927,0.7960495623303062,0.07680958565024099,0.21793758583201472,0.6166334712624105,0.07006251201628466,0.9818758295553328,0.23981713698951546
2024-08-29T17:42:04.539123,interface,0.44881889763779526,0.7960495623303062,0.07680958565024099,0.21793758583201472,0.6166334712624105,0.07006251201628466,0.9818758295553328,0.23981713698951546
2024-08-29T17:42:04.687939,interface,0.5590551181102362,0.7960495623303062,0.07680958565024099,0.21793758583201472,0.6166334712624105,0.07006251201628466,0.9818758295553328,0.23981713698951546
2024-08-29T17:42:04.755889,interface,0.5275590551181102,0.7960495623303062,0.07680958565024099,0.21793758583201472,0.6166334712624105,0.07006251201628466,0.9818758295553328,0.23981713698951546
2024-08-29T17:42:04.877306,interface,0.5039370078740157,0.7960495623303062,0.07680958565024099,0.21793758583201472,0.6166334712624105,0.07006251201628466,0.9818758295553328,0.23981713698951546
2024-08-29T17:42:04.879621,interface,0.5118110236220472,0.7960495623303062,0.07680958565024099,0.21793758583201472,0.6166334712624105,0.07006251201628466,0.9818758295553328,0.23981713698951546
2024-08-29T17:42:05.047667,interface,0.4330708661417323,0.7960495623303062,0.07680958565024099,0.21793758583201472,0.6166334712624105,0.07006251201628466,0.9818758295553328,0.23981713698951546
2024-08-29T17:42:05.198920,interface,0.3779527559055118,0.7960495623303062,0.07680958565024099,0.21793758583201472,0.6166334712624105,0.07006251201628466,0.9818758295553328,0.23981713698951546
2024-08-29T17:42:05.804832,interface,0.4330708661417323,0.7960495623303062,0.07680958565024099,0.21793758583201472,0.6166334712624105,0.07006251201628466,0.9818758295553328,0.23981713698951546
2024-08-29T17:42:05.962412,interface,0.5275590551181102,0.7960495623303062,0.07680958565024099,0.21793758583201472,0.6166334712624105,0.07006251201628466,0.9818758295553328,0.23981713698951546
2024-08-29T17:42:05.968826,interface,0.5039370078740157,0.7960495623303062,0.07680958565024099,0.21793758583201472,0.6166334712624105,0.07006251201628466,0.9818758295553328,0.23981713698951546
2024-08-29T17:42:06.167189,interface,0.5275590551181102,0.7960495623303062,0.07680958565024099,0.21793758583201472,0.6166334712624105,0.07006251201628466,0.9818758295553328,0.23981713698951546
2024-08-29T17:42:06.273744,interface,0.4094488188976378,0.7960495623303062,0.07680958565024099,0.21793758583201472,0.6166334712624105,0.07006251201628466,0.9818758295553328,0.23981713698951546
2024-08-29T17:42:06.320449,interface,0.5118110236220472,0.7960495623303062,0.07680958565024099,0.21793758583201472,0.6166334712624105,0.07006251201628466,0.9818758295553328,0.23981713698951546
2024-08-29T17:42:06.354785,interface,0.41732283464566927,0.7960495623303062,0.07680958565024099,0.21793758583201472,0.6166334712624105,0.07006251201628466,0.9818758295553328,0.23981713698951546
2024-08-29T17:42:06.461486,interface,0.5039370078740157,0.7960495623303062,0.07680958565024099,0.21793758583201472,0.6166334712624105,0.07006251201628466,0.9818758295553328,0.23981713698951546
2024-08-29T17:42:06.537640,interface,0.4330708661417323,0.7960495623303062,0.07680958565024099,0.21793758583201472,0.6166334712624105,0.07006251201628466,0.9818758295553328,0.23981713698951546
2024-08-29T17:42:06.806738,interface,0.3779527559055118,0.7960495623303062,0.07680958565024099,0.21793758583201472,0.6166334712624105,0.07006251201628466,0.9818758295553328,0.23981713698951546
2024-08-29T17:42:07.134235,interface,0.4330708661417323,0.7960495623303062,0.07680958565024099,0.21793758583201472,0.6166334712624105,0.07006251201628466,0.9818758295553328,0.23981713698951546
2024-08-29T17:42:07.528196,interface,0.5039370078740157,0.7960495623303062,0.07680958565024099,0.21793758583201472,0.6166334712624105,0.07006251201628466,0.9818758295553328,0.23981713698951546
2024-08-29T17:42:07.850702,interface,0.5275590551181102,0.7960495623303062,0.07680958565024099,0.21793758583201472,0.6166334712624105,0.07006251201628466,0.9818758295553328,0.23981713698951546
2024-08-29T17:42:08.491224,interface,0.3779527559055118,0.7960495623303062,0.07680958565024099,0.21793758583201472,0.6166334712624105,0.07006251201628466,0.9818758295553328,0.23981713698951546
2024-08-29T17:42:08.915214,interface,0.4330708661417323,0.7960495623303062,0.07680958565024099,0.21793758583201472,0.6166334712624105,0.07006251201628466,0.9818758295553328,0.23981713698951546
2024-08-29T17:42:09.286615,interface,0.5039370078740157,0.7960495623303062,0.07680958565024099,0.21793758583201472,0.6166334712624105,0.07006251201628466,0.9818758295553328,0.23981713698951546
2024-08-29T17:42:09.619602,interface,0.5275590551181102,0.7960495623303062,0.07680958565024099,0.21793758583201472,0.6166334712624105,0.07006251201628466,0.9818758295553328,0.23981713698951546
2024-08-29T17:42:10.006479,interface,0.3937007874015748,0.7960495623303062,0.07680958565024099,0.21793758583201472,0.6166334712624105,0.07006251201628466,0.9818758295553328,0.23981713698951546
2024-08-29T17:42:10.267528,interface,0.44881889763779526,0.7960495623303062,0.07680958565024099,0.21793758583201472,0.6166334712624105,0.07006251201628466,0.9818758295553328,0.23981713698951546
2024-08-29T17:42:10.522207,interface,0.5196850393700787,0.7960495623303062,0.07680958565024099,0.21793758583201472,0.6166334712624105,0.07006251201628466,0.9818758295553328,0.23981713698951546
2024-08-29T17:42:10.845367,interface,0.5433070866141733,0.7960495623303062,0.07680958565024099,0.21793758583201472,0.6166334712624105,0.07006251201628466,0.9818758295553328,0.23981713698951546
2024-08-29T17:42:11.174238,interface,0.4251968503937008,0.7960495623303062,0.07680958565024099,0.21793758583201472,0.6166334712624105,0.07006251201628466,0.9818758295553328,0.23981713698951546
2024-08-29T17:42:11.500169,interface,0.5196850393700787,0.7960495623303062,0.07680958565024099,0.21793758583201472,0.6166334712624105,0.07006251201628466,0.9818758295553328,0.23981713698951546
2024-08-29T17:42:11.841141,interface,0.4094488188976378,0.7960495623303062,0.07680958565024099,0.21793758583201472,0.6166334712624105,0.07006251201628466,0.9818758295553328,0.23981713698951546
2024-08-29T17:42:12.175544,interface,0.5433070866141733,0.7960495623303062,0.07680958565024099,0.21793758583201472,0.6166334712624105,0.07006251201628466,0.9818758295553328,0.23981713698951546
2024-08-29T17:42:12.396639,interface,0.3779527559055118,0.7960495623303062,0.07680958565024099,0.21793758583201472,0.6166334712624105,0.07006251201628466,0.9818758295553328,0.23981713698951546
2024-08-29T17:42:12.422631,interface,0.3858267716535433,0.7960495623303062,0.07680958565024099,0.21793758583201472,0.6166334712624105,0.07006251201628466,0.9818758295553328,0.23981713698951546
2024-08-29T17:42:12.698456,interface,0.4645669291338583,0.7960495623303062,0.07680958565024099,0.21793758583201472,0.6166334712624105,0.07006251201628466,0.9818758295553328,0.23981713698951546
2024-08-29T17:42:12.921632,interface,0.5039370078740157,0.7960495623303062,0.07680958565024099,0.21793758583201472,0.6166334712624105,0.07006251201628466,0.9818758295553328,0.23981713698951546
2024-08-29T17:42:13.148029,interface,0.5433070866141733,0.7960495623303062,0.07680958565024099,0.21793758583201472,0.6166334712624105,0.07006251201628466,0.9818758295553328,0.23981713698951546
2024-08-29T17:42:13.298708,interface,0.5511811023622047,0.7960495623303062,0.07680958565024099,0.21793758583201472,0.6166334712624105,0.07006251201628466,0.9818758295553328,0.23981713698951546
2024-08-29T17:42:13.478731,interface,0.3779527559055118,0.7960495623303062,0.07680958565024099,0.21793758583201472,0.6166334712624105,0.07006251201628466,0.9818758295553328,0.23981713698951546
2024-08-29T17:42:13.544690,interface,0.3937007874015748,0.7960495623303062,0.07680958565024099,0.21793758583201472,0.6166334712624105,0.07006251201628466,0.9818758295553328,0.23981713698951546
2024-08-29T17:42:14.756678,interface,0.3779527559055118,0.7960495623303062,0.07680958565024099,0.21793758583201472,0.6166334712624105,0.07006251201628466,0.9818758295553328,0.23981713698951546
2024-08-29T17:42:14.770151,interface,0.4330708661417323,0.7960495623303062,0.07680958565024099,0.21793758583201472,0.6166334712624105,0.07006251201628466,0.9818758295553328,0.23981713698951546
2024-08-29T17:42:14.772694,interface,0.5275590551181102,0.7960495623303062,0.07680958565024099,0.21793758583201472,0.6166334712624105,0.07006251201628466,0.9818758295553328,0.23981713698951546
2024-08-29T17:42:14.775008,interface,0.5039370078740157,0.7960495623303062,0.07680958565024099,0.21793758583201472,0.6166334712624105,0.07006251201628466,0.9818758295553328,0.23981713698951546
2024-08-29T17:42:15.585308,interface,0.4881889763779528,0.7960495623303062,0.07680958565024099,0.21793758583201472,0.6166334712624105,0.07006251201628466,0.9818758295553328,0.23981713698951546
2024-08-29T17:42:15.603703,interface,0.4645669291338583,0.7960495623303062,0.07680958565024099,0.21793758583201472,0.6166334712624105,0.07006251201628466,0.9818758295553328,0.23981713698951546
2024-08-29T17:42:15.752705,interface,0.47244094488188976,0.7960495623303062,0.07680958565024099,0.21793758583201472,0.6166334712624105,0.07006251201628466,0.9818758295553328,0.23981713698951546
2024-08-29T17:42:16.128822,interface,0.47244094488188976,0.7960495623303062,0.07680958565024099,0.21793758583201472,0.6166334712624105,0.07006251201628466,0.9818758295553328,0.23981713698951546
2024-08-29T17:42:16.146788,interface,0.4881889763779528,0.7960495623303062,0.07680958565024099,0.21793758583201472,0.6166334712624105,0.07006251201628466,0.9818758295553328,0.23981713698951546
2024-08-29T17:42:16.531473,interface,0.5039370078740157,0.7960495623303062,0.07680958565024099,0.21793758583201472,0.6166334712624105,0.07006251201628466,0.9818758295553328,0.23981713698951546
2024-08-29T17:42:16.551394,interface,0.4645669291338583,0.7960495623303062,0.07680958565024099,0.21793758583201472,0.6166334712624105,0.07006251201628466,0.9818758295553328,0.23981713698951546
2024-08-29T17:42:17.106763,interface,0.47244094488188976,0.7960495623303062,0.07680958565024099,0.21793758583201472,0.6166334712624105,0.07006251201628466,0.9818758295553328,0.23981713698951546
2024-08-29T17:42:17.288361,interface,0.5118110236220472,0.7960495623303062,0.07680958565024099,0.21793758583201472,0.6166334712624105,0.07006251201628466,0.9818758295553328,0.23981713698951546
2024-08-29T17:42:17.328826,interface,0.3937007874015748,0.7960495623303062,0.07680958565024099,0.21793758583201472,0.6166334712624105,0.07006251201628466,0.9818758295553328,0.23981713698951546
2024-08-29T17:42:17.355283,interface,0.4094488188976378,0.7960495623303062,0.07680958565024099,0.21793758583201472,0.6166334712624105,0.07006251201628466,0.9818758295553328,0.23981713698951546
2024-08-29T17:42:17.357645,interface,0.3779527559055118,0.7960495623303062,0.07680958565024099,0.21793758583201472,0.6166334712624105,0.07006251201628466,0.9818758295553328,0.23981713698951546
2024-08-29T17:42:17.464438,interface,0.47244094488188976,0.7960495623303062,0.07680958565024099,0.21793758583201472,0.6166334712624105,0.07006251201628466,0.9818758295553328,0.23981713698951546
2024-08-29T17:42:17.704379,interface,0.3779527559055118,0.7960495623303062,0.07680958565024099,0.21793758583201472,0.6166334712624105,0.07006251201628466,0.9818758295553328,0.23981713698951546
2024-08-29T17:42:17.717852,interface,0.4094488188976378,0.7960495623303062,0.07680958565024099,0.21793758583201472,0.6166334712624105,0.07006251201628466,0.9818758295553328,0.23981713698951546
2024-08-29T17:42:18.238814,interface,0.3779527559055118,0.7960495623303062,0.07680958565024099,0.21793758583201472,0.6166334712624105,0.07006251201628466,0.9818758295553328,0.23981713698951546
2024-08-29T17:42:18.827102,interface,0.4094488188976378,0.7960495623303062,0.07680958565024099,0.21793758583201472,0.6166334712624105,0.07006251201628466,0.9818758295553328,0.23981713698951546
2024-08-29T17:42:20.237109,interface,0.4330708661417323,0.7960495623303062,0.07680958565024099,0.21793758583201472,0.6166334712624105,0.07006251201628466,0.9818758295553328,0.23981713698951546
2024-08-29T17:42:21.084860,interface,0.3779527559055118,0.7960495623303062,0.07680958565024099,0.21793758583201472,0.6166334712624105,0.07006251201628466,0.9818758295553328,0.23981713698951546
2024-08-29T17:42:21.614973,interface,0.3937007874015748,0.7960495623303062,0.07680958565024099,0.21793758583201472,0.6166334712624105,0.07006251201628466,0.9818758295553328,0.23981713698951546
2024-08-29T17:42:22.040804,interface,0.3858267716535433,0.7960495623303062,0.07680958565024099,0.21793758583201472,0.6166334712624105,0.07006251201628466,0.9818758295553328,0.23981713698951546
2024-08-29T17:42:22.043176,interface,0.3779527559055118,0.7960495623303062,0.07680958565024099,0.21793758583201472,0.6166334712624105,0.07006251201628466,0.9818758295553328,0.23981713698951546
2024-08-29T17:42:22.297925,interface,0.4409448818897638,0.7960495623303062,0.07680958565024099,0.21793758583201472,0.6166334712624105,0.07006251201628466,0.9818758295553328,0.23981713698951546
2024-08-29T17:42:22.320913,interface,0.4094488188976378,0.7960495623303062,0.07680958565024099,0.21793758583201472,0.6166334712624105,0.07006251201628466,0.9818758295553328,0.23981713698951546
2024-08-29T17:42:22.515141,interface,0.4251968503937008,0.7960495623303062,0.07680958565024099,0.21793758583201472,0.6166334712624105,0.07006251201628466,0.9818758295553328,0.23981713698951546
2024-08-29T17:42:22.517524,interface,0.41732283464566927,0.7960495623303062,0.07680958565024099,0.21793758583201472,0.6166334712624105,0.07006251201628466,0.9818758295553328,0.23981713698951546
2024-08-29T17:42:22.655393,interface,0.44881889763779526,0.7960495623303062,0.07680958565024099,0.21793758583201472,0.6166334712624105,0.07006251201628466,0.9818758295553328,0.23981713698951546
2024-08-29T17:42:22.657982,interface,0.5196850393700787,0.7960495623303062,0.07680958565024099,0.21793758583201472,0.6166334712624105,0.07006251201628466,0.9818758295553328,0.23981713698951546
2024-08-29T17:42:22.765149,interface,0.4881889763779528,0.7960495623303062,0.07680958565024099,0.21793758583201472,0.6166334712624105,0.07006251201628466,0.9818758295553328,0.23981713698951546
2024-08-29T17:42:22.832877,interface,0.3937007874015748,0.7960495623303062,0.07680958565024099,0.21793758583201472,0.6166334712624105,0.07006251201628466,0.9818758295553328,0.23981713698951546
2024-08-29T17:42:22.927195,interface,0.41732283464566927,0.7960495623303062,0.07680958565024099,0.21793758583201472,0.6166334712624105,0.07006251201628466,0.9818758295553328,0.23981713698951546
2024-08-29T17:42:22.929640,interface,0.5196850393700787,0.7960495623303062,0.07680958565024099,0.21793758583201472,0.6166334712624105,0.07006251201628466,0.9818758295553328,0.23981713698951546
2024-08-29T17:42:22.995872,interface,0.5118110236220472,0.7960495623303062,0.07680958565024099,0.21793758583201472,0.6166334712624105,0.07006251201628466,0.9818758295553328,0.23981713698951546
2024-08-29T17:42:23.030818,interface,0.44881889763779526,0.7960495623303062,0.07680958565024099,0.21793758583201472,0.6166334712624105,0.07006251201628466,0.9818758295553328,0.23981713698951546
2024-08-29T17:42:23.064560,interface,0.5039370078740157,0.7960495623303062,0.07680958565024099,0.21793758583201472,0.6166334712624105,0.07006251201628466,0.9818758295553328,0.23981713698951546
2024-08-29T17:42:23.148983,interface,0.5433070866141733,0.7960495623303062,0.07680958565024099,0.21793758583201472,0.6166334712624105,0.07006251201628466,0.9818758295553328,0.23981713698951546
2024-08-29T17:42:23.200293,interface,0.3858267716535433,0.7960495623303062,0.07680958565024099,0.21793758583201472,0.6166334712624105,0.07006251201628466,0.9818758295553328,0.23981713698951546
2024-08-29T17:42:23.286019,interface,0.5275590551181102,0.7960495623303062,0.07680958565024099,0.21793758583201472,0.6166334712624105,0.07006251201628466,0.9818758295553328,0.23981713698951546
2024-08-29T17:42:23.320998,interface,0.4094488188976378,0.7960495623303062,0.07680958565024099,0.21793758583201472,0.6166334712624105,0.07006251201628466,0.9818758295553328,0.23981713698951546
2024-08-29T17:42:23.391159,interface,0.4409448818897638,0.7960495623303062,0.07680958565024099,0.21793758583201472,0.6166334712624105,0.07006251201628466,0.9818758295553328,0.23981713698951546
2024-08-29T17:42:23.394026,interface,0.47244094488188976,0.7960495623303062,0.07680958565024099,0.21793758583201472,0.6166334712624105,0.07006251201628466,0.9818758295553328,0.23981713698951546
2024-08-29T17:42:23.584348,interface,0.5669291338582677,0.7960495623303062,0.07680958565024099,0.21793758583201472,0.6166334712624105,0.07006251201628466,0.9818758295553328,0.23981713698951546
2024-08-29T17:42:23.707490,interface,0.3779527559055118,0.7960495623303062,0.07680958565024099,0.21793758583201472,0.6166334712624105,0.07006251201628466,0.9818758295553328,0.23981713698951546
2024-08-29T17:42:23.769963,interface,0.5590551181102362,0.7960495623303062,0.07680958565024099,0.21793758583201472,0.6166334712624105,0.07006251201628466,0.9818758295553328,0.23981713698951546
2024-08-29T17:42:23.870282,interface,0.5354330708661418,0.7960495623303062,0.07680958565024099,0.21793758583201472,0.6166334712624105,0.07006251201628466,0.9818758295553328,0.23981713698951546
2024-08-29T17:42:23.872800,interface,0.5275590551181102,0.7960495623303062,0.07680958565024099,0.21793758583201472,0.6166334712624105,0.07006251201628466,0.9818758295553328,0.23981713698951546
2024-08-29T17:42:23.875149,interface,0.3858267716535433,0.7960495623303062,0.07680958565024099,0.21793758583201472,0.6166334712624105,0.07006251201628466,0.9818758295553328,0.23981713698951546
2024-08-29T17:42:23.885349,interface,0.5511811023622047,0.7960495623303062,0.07680958565024099,0.21793758583201472,0.6166334712624105,0.07006251201628466,0.9818758295553328,0.23981713698951546
2024-08-29T17:42:23.962173,interface,0.5039370078740157,0.7960495623303062,0.07680958565024099,0.21793758583201472,0.6166334712624105,0.07006251201628466,0.9818758295553328,0.23981713698951546
2024-08-29T17:42:23.968640,interface,0.4094488188976378,0.7960495623303062,0.07680958565024099,0.21793758583201472,0.6166334712624105,0.07006251201628466,0.9818758295553328,0.23981713698951546
2024-08-29T17:42:24.069228,interface,0.4251968503937008,0.7960495623303062,0.07680958565024099,0.21793758583201472,0.6166334712624105,0.07006251201628466,0.9818758295553328,0.23981713698951546
2024-08-29T17:42:24.071546,interface,0.4330708661417323,0.7960495623303062,0.07680958565024099,0.21793758583201472,0.6166334712624105,0.07006251201628466,0.9818758295553328,0.23981713698951546
2024-08-29T17:42:24.142222,interface,0.4645669291338583,0.7960495623303062,0.07680958565024099,0.21793758583201472,0.6166334712624105,0.07006251201628466,0.9818758295553328,0.23981713698951546
2024-08-29T17:42:24.238329,interface,0.5433070866141733,0.7960495623303062,0.07680958565024099,0.21793758583201472,0.6166334712624105,0.07006251201628466,0.9818758295553328,0.23981713698951546
2024-08-29T17:42:24.240609,interface,0.4094488188976378,0.7960495623303062,0.07680958565024099,0.21793758583201472,0.6166334712624105,0.07006251201628466,0.9818758295553328,0.23981713698951546
2024-08-29T17:42:24.334791,interface,0.5118110236220472,0.7960495623303062,0.07680958565024099,0.21793758583201472,0.6166334712624105,0.07006251201628466,0.9818758295553328,0.23981713698951546
2024-08-29T17:42:24.426238,interface,0.5039370078740157,0.7960495623303062,0.07680958565024099,0.21793758583201472,0.6166334712624105,0.07006251201628466,0.9818758295553328,0.23981713698951546
2024-08-29T17:42:24.428755,interface,0.4330708661417323,0.7960495623303062,0.07680958565024099,0.21793758583201472,0.6166334712624105,0.07006251201628466,0.9818758295553328,0.23981713698951546
2024-08-29T17:42:24.479482,interface,0.44881889763779526,0.7960495623303062,0.07680958565024099,0.21793758583201472,0.6166334712624105,0.07006251201628466,0.9818758295553328,0.23981713698951546
2024-08-29T17:42:24.586785,interface,0.5275590551181102,0.7960495623303062,0.07680958565024099,0.21793758583201472,0.6166334712624105,0.07006251201628466,0.9818758295553328,0.23981713698951546
2024-08-29T17:42:24.645311,interface,0.5118110236220472,0.7960495623303062,0.07680958565024099,0.21793758583201472,0.6166334712624105,0.07006251201628466,0.9818758295553328,0.23981713698951546
2024-08-29T17:42:24.651986,interface,0.3937007874015748,0.7960495623303062,0.07680958565024099,0.21793758583201472,0.6166334712624105,0.07006251201628466,0.9818758295553328,0.23981713698951546
2024-08-29T17:42:24.746733,interface,0.41732283464566927,0.7960495623303062,0.07680958565024099,0.21793758583201472,0.6166334712624105,0.07006251201628466,0.9818758295553328,0.23981713698951546
2024-08-29T17:42:24.749141,interface,0.5039370078740157,0.7960495623303062,0.07680958565024099,0.21793758583201472,0.6166334712624105,0.07006251201628466,0.9818758295553328,0.23981713698951546
2024-08-29T17:42:24.847722,interface,0.4330708661417323,0.7960495623303062,0.07680958565024099,0.21793758583201472,0.6166334712624105,0.07006251201628466,0.9818758295553328,0.23981713698951546
2024-08-29T17:42:24.889081,interface,0.5275590551181102,0.7960495623303062,0.07680958565024099,0.21793758583201472,0.6166334712624105,0.07006251201628466,0.9818758295553328,0.23981713698951546
2024-08-29T17:42:24.906673,interface,0.44881889763779526,0.7960495623303062,0.07680958565024099,0.21793758583201472,0.6166334712624105,0.07006251201628466,0.9818758295553328,0.23981713698951546
2024-08-29T17:42:24.920441,interface,0.5039370078740157,0.7960495623303062,0.07680958565024099,0.21793758583201472,0.6166334712624105,0.07006251201628466,0.9818758295553328,0.23981713698951546
2024-08-29T17:42:24.967912,interface,0.4330708661417323,0.7960495623303062,0.07680958565024099,0.21793758583201472,0.6166334712624105,0.07006251201628466,0.9818758295553328,0.23981713698951546
2024-08-29T17:42:24.974152,interface,0.41732283464566927,0.7960495623303062,0.07680958565024099,0.21793758583201472,0.6166334712624105,0.07006251201628466,0.9818758295553328,0.23981713698951546
2024-08-29T17:42:25.014267,interface,0.4881889763779528,0.7960495623303062,0.07680958565024099,0.21793758583201472,0.6166334712624105,0.07006251201628466,0.9818758295553328,0.23981713698951546
2024-08-29T17:42:25.073832,interface,0.44881889763779526,0.7960495623303062,0.07680958565024099,0.21793758583201472,0.6166334712624105,0.07006251201628466,0.9818758295553328,0.23981713698951546
2024-08-29T17:42:25.135851,interface,0.5433070866141733,0.7960495623303062,0.07680958565024099,0.21793758583201472,0.6166334712624105,0.07006251201628466,0.9818758295553328,0.23981713698951546
2024-08-29T17:42:25.147932,interface,0.5275590551181102,0.7960495623303062,0.07680958565024099,0.21793758583201472,0.6166334712624105,0.07006251201628466,0.9818758295553328,0.23981713698951546
2024-08-29T17:42:25.328932,interface,0.3779527559055118,0.7960495623303062,0.07680958565024099,0.21793758583201472,0.6166334712624105,0.07006251201628466,0.9818758295553328,0.23981713698951546
2024-08-29T17:42:25.331284,interface,0.5669291338582677,0.7960495623303062,0.07680958565024099,0.21793758583201472,0.6166334712624105,0.07006251201628466,0.9818758295553328,0.23981713698951546
2024-08-29T17:42:25.411311,interface,0.5590551181102362,0.7960495623303062,0.07680958565024099,0.21793758583201472,0.6166334712624105,0.07006251201628466,0.9818758295553328,0.23981713698951546
2024-08-29T17:42:25.443090,interface,0.4094488188976378,0.7960495623303062,0.07680958565024099,0.21793758583201472,0.6166334712624105,0.07006251201628466,0.9818758295553328,0.23981713698951546
2024-08-29T17:42:25.474874,interface,0.5354330708661418,0.7960495623303062,0.07680958565024099,0.21793758583201472,0.6166334712624105,0.07006251201628466,0.9818758295553328,0.23981713698951546
2024-08-29T17:42:25.510511,interface,0.4330708661417323,0.7960495623303062,0.07680958565024099,0.21793758583201472,0.6166334712624105,0.07006251201628466,0.9818758295553328,0.23981713698951546
2024-08-29T17:42:25.542920,interface,0.5118110236220472,0.7960495623303062,0.07680958565024099,0.21793758583201472,0.6166334712624105,0.07006251201628466,0.9818758295553328,0.23981713698951546
2024-08-29T17:42:25.697355,interface,0.3937007874015748,0.7960495623303062,0.07680958565024099,0.21793758583201472,0.6166334712624105,0.07006251201628466,0.9818758295553328,0.23981713698951546
2024-08-29T17:42:25.701566,interface,0.5590551181102362,0.7960495623303062,0.07680958565024099,0.21793758583201472,0.6166334712624105,0.07006251201628466,0.9818758295553328,0.23981713698951546
2024-08-29T17:42:25.748979,interface,0.4094488188976378,0.7960495623303062,0.07680958565024099,0.21793758583201472,0.6166334712624105,0.07006251201628466,0.9818758295553328,0.23981713698951546
2024-08-29T17:42:25.751465,interface,0.5433070866141733,0.7960495623303062,0.07680958565024099,0.21793758583201472,0.6166334712624105,0.07006251201628466,0.9818758295553328,0.23981713698951546
2024-08-29T17:42:25.826376,interface,0.5196850393700787,0.7960495623303062,0.07680958565024099,0.21793758583201472,0.6166334712624105,0.07006251201628466,0.9818758295553328,0.23981713698951546
2024-08-29T17:42:25.833069,interface,0.4251968503937008,0.7960495623303062,0.07680958565024099,0.21793758583201472,0.6166334712624105,0.07006251201628466,0.9818758295553328,0.23981713698951546
2024-08-29T17:42:25.865968,interface,0.5118110236220472,0.7960495623303062,0.07680958565024099,0.21793758583201472,0.6166334712624105,0.07006251201628466,0.9818758295553328,0.23981713698951546
2024-08-29T17:42:25.899404,interface,0.5039370078740157,0.7960495623303062,0.07680958565024099,0.21793758583201472,0.6166334712624105,0.07006251201628466,0.9818758295553328,0.23981713698951546
2024-08-29T17:42:25.902011,interface,0.44881889763779526,0.7960495623303062,0.07680958565024099,0.21793758583201472,0.6166334712624105,0.07006251201628466,0.9818758295553328,0.23981713698951546
2024-08-29T17:42:25.921200,interface,0.4330708661417323,0.7960495623303062,0.07680958565024099,0.21793758583201472,0.6166334712624105,0.07006251201628466,0.9818758295553328,0.23981713698951546
2024-08-29T17:42:26.016357,interface,0.5433070866141733,0.7960495623303062,0.07680958565024099,0.21793758583201472,0.6166334712624105,0.07006251201628466,0.9818758295553328,0.23981713698951546
2024-08-29T17:42:26.018771,interface,0.3779527559055118,0.7960495623303062,0.07680958565024099,0.21793758583201472,0.6166334712624105,0.07006251201628466,0.9818758295553328,0.23981713698951546
2024-08-29T17:42:26.063538,interface,0.4094488188976378,0.7960495623303062,0.07680958565024099,0.21793758583201472,0.6166334712624105,0.07006251201628466,0.9818758295553328,0.23981713698951546
2024-08-29T17:42:26.128998,interface,0.4409448818897638,0.7960495623303062,0.07680958565024099,0.21793758583201472,0.6166334712624105,0.07006251201628466,0.9818758295553328,0.23981713698951546
2024-08-29T17:42:26.190411,interface,0.49606299212598426,0.7960495623303062,0.07680958565024099,0.21793758583201472,0.6166334712624105,0.07006251201628466,0.9818758295553328,0.23981713698951546
2024-08-29T17:42:26.223951,interface,0.4330708661417323,0.7960495623303062,0.07680958565024099,0.21793758583201472,0.6166334712624105,0.07006251201628466,0.9818758295553328,0.23981713698951546
2024-08-29T17:42:26.300248,interface,0.5590551181102362,0.7960495623303062,0.07680958565024099,0.21793758583201472,0.6166334712624105,0.07006251201628466,0.9818758295553328,0.23981713698951546
2024-08-29T17:42:26.302649,interface,0.4881889763779528,0.7960495623303062,0.07680958565024099,0.21793758583201472,0.6166334712624105,0.07006251201628466,0.9818758295553328,0.23981713698951546
2024-08-29T17:42:26.339411,interface,0.5511811023622047,0.7960495623303062,0.07680958565024099,0.21793758583201472,0.6166334712624105,0.07006251201628466,0.9818758295553328,0.23981713698951546
2024-08-29T17:42:26.354580,interface,0.3779527559055118,0.7960495623303062,0.07680958565024099,0.21793758583201472,0.6166334712624105,0.07006251201628466,0.9818758295553328,0.23981713698951546
2024-08-29T17:42:26.377432,interface,0.3937007874015748,0.7960495623303062,0.07680958565024099,0.21793758583201472,0.6166334712624105,0.07006251201628466,0.9818758295553328,0.23981713698951546
2024-08-29T17:42:26.409687,interface,0.4251968503937008,0.7960495623303062,0.07680958565024099,0.21793758583201472,0.6166334712624105,0.07006251201628466,0.9818758295553328,0.23981713698951546
2024-08-29T17:42:26.433219,interface,0.5354330708661418,0.7960495623303062,0.07680958565024099,0.21793758583201472,0.6166334712624105,0.07006251201628466,0.9818758295553328,0.23981713698951546
2024-08-29T17:42:26.485636,interface,0.44881889763779526,0.7960495623303062,0.07680958565024099,0.21793758583201472,0.6166334712624105,0.07006251201628466,0.9818758295553328,0.23981713698951546
2024-08-29T17:42:26.492475,interface,0.5118110236220472,0.7960495623303062,0.07680958565024099,0.21793758583201472,0.6166334712624105,0.07006251201628466,0.9818758295553328,0.23981713698951546
2024-08-29T17:42:26.528065,interface,0.4881889763779528,0.7960495623303062,0.07680958565024099,0.21793758583201472,0.6166334712624105,0.07006251201628466,0.9818758295553328,0.23981713698951546
2024-08-29T17:42:26.616433,interface,0.3779527559055118,0.7960495623303062,0.07680958565024099,0.21793758583201472,0.6166334712624105,0.07006251201628466,0.9818758295553328,0.23981713698951546
2024-08-29T17:42:26.636602,interface,0.5433070866141733,0.7960495623303062,0.07680958565024099,0.21793758583201472,0.6166334712624105,0.07006251201628466,0.9818758295553328,0.23981713698951546
2024-08-29T17:42:26.682360,interface,0.3937007874015748,0.7960495623303062,0.07680958565024099,0.21793758583201472,0.6166334712624105,0.07006251201628466,0.9818758295553328,0.23981713698951546
2024-08-29T17:42:26.718428,interface,0.4251968503937008,0.7960495623303062,0.07680958565024099,0.21793758583201472,0.6166334712624105,0.07006251201628466,0.9818758295553328,0.23981713698951546
2024-08-29T17:42:26.731426,interface,0.5275590551181102,0.7960495623303062,0.07680958565024099,0.21793758583201472,0.6166334712624105,0.07006251201628466,0.9818758295553328,0.23981713698951546
2024-08-29T17:42:26.733864,interface,0.5196850393700787,0.7960495623303062,0.07680958565024099,0.21793758583201472,0.6166334712624105,0.07006251201628466,0.9818758295553328,0.23981713698951546
2024-08-29T17:42:26.740339,interface,0.4094488188976378,0.7960495623303062,0.07680958565024099,0.21793758583201472,0.6166334712624105,0.07006251201628466,0.9818758295553328,0.23981713698951546
2024-08-29T17:42:26.773811,interface,0.5039370078740157,0.7960495623303062,0.07680958565024099,0.21793758583201472,0.6166334712624105,0.07006251201628466,0.9818758295553328,0.23981713698951546
2024-08-29T17:42:26.803401,interface,0.4645669291338583,0.7960495623303062,0.07680958565024099,0.21793758583201472,0.6166334712624105,0.07006251201628466,0.9818758295553328,0.23981713698951546
2024-08-29T17:42:26.882819,interface,0.3937007874015748,0.7960495623303062,0.07680958565024099,0.21793758583201472,0.6166334712624105,0.07006251201628466,0.9818758295553328,0.23981713698951546
2024-08-29T17:42:26.885888,interface,0.4094488188976378,0.7960495623303062,0.07680958565024099,0.21793758583201472,0.6166334712624105,0.07006251201628466,0.9818758295553328,0.23981713698951546
2024-08-29T17:42:26.888513,interface,0.4251968503937008,0.7960495623303062,0.07680958565024099,0.21793758583201472,0.6166334712624105,0.07006251201628466,0.9818758295553328,0.23981713698951546
2024-08-29T17:42:26.891017,interface,0.4645669291338583,0.7960495623303062,0.07680958565024099,0.21793758583201472,0.6166334712624105,0.07006251201628466,0.9818758295553328,0.23981713698951546
2024-08-29T17:42:26.901464,interface,0.5590551181102362,0.7960495623303062,0.07680958565024099,0.21793758583201472,0.6166334712624105,0.07006251201628466,0.9818758295553328,0.23981713698951546
2024-08-29T17:42:26.937386,interface,0.5511811023622047,0.7960495623303062,0.07680958565024099,0.21793758583201472,0.6166334712624105,0.07006251201628466,0.9818758295553328,0.23981713698951546
2024-08-29T17:42:27.011965,interface,0.5196850393700787,0.7960495623303062,0.07680958565024099,0.21793758583201472,0.6166334712624105,0.07006251201628466,0.9818758295553328,0.23981713698951546
2024-08-29T17:42:27.034074,interface,0.44881889763779526,0.7960495623303062,0.07680958565024099,0.21793758583201472,0.6166334712624105,0.07006251201628466,0.9818758295553328,0.23981713698951546
2024-08-29T17:42:27.052452,interface,0.5433070866141733,0.7960495623303062,0.07680958565024099,0.21793758583201472,0.6166334712624105,0.07006251201628466,0.9818758295553328,0.23981713698951546
2024-08-29T17:42:27.069533,interface,0.5039370078740157,0.7960495623303062,0.07680958565024099,0.21793758583201472,0.6166334712624105,0.07006251201628466,0.9818758295553328,0.23981713698951546
2024-08-29T17:42:27.083977,interface,0.4409448818897638,0.7960495623303062,0.07680958565024099,0.21793758583201472,0.6166334712624105,0.07006251201628466,0.9818758295553328,0.23981713698951546
2024-08-29T17:42:27.086696,interface,0.41732283464566927,0.7960495623303062,0.07680958565024099,0.21793758583201472,0.6166334712624105,0.07006251201628466,0.9818758295553328,0.23981713698951546
2024-08-29T17:42:27.096900,interface,0.4094488188976378,0.7960495623303062,0.07680958565024099,0.21793758583201472,0.6166334712624105,0.07006251201628466,0.9818758295553328,0.23981713698951546
2024-08-29T17:42:27.169489,interface,0.5433070866141733,0.7960495623303062,0.07680958565024099,0.21793758583201472,0.6166334712624105,0.07006251201628466,0.9818758295553328,0.23981713698951546
2024-08-29T17:42:27.248783,interface,0.3937007874015748,0.7960495623303062,0.07680958565024099,0.21793758583201472,0.6166334712624105,0.07006251201628466,0.9818758295553328,0.23981713698951546
2024-08-29T17:42:27.264972,interface,0.5275590551181102,0.7960495623303062,0.07680958565024099,0.21793758583201472,0.6166334712624105,0.07006251201628466,0.9818758295553328,0.23981713698951546
2024-08-29T17:42:27.318538,interface,0.4094488188976378,0.7960495623303062,0.07680958565024099,0.21793758583201472,0.6166334712624105,0.07006251201628466,0.9818758295553328,0.23981713698951546
2024-08-29T17:42:27.338378,interface,0.5118110236220472,0.7960495623303062,0.07680958565024099,0.21793758583201472,0.6166334712624105,0.07006251201628466,0.9818758295553328,0.23981713698951546
2024-08-29T17:42:27.361896,interface,0.41732283464566927,0.7960495623303062,0.07680958565024099,0.21793758583201472,0.6166334712624105,0.07006251201628466,0.9818758295553328,0.23981713698951546
2024-08-29T17:42:27.489937,interface,0.5433070866141733,0.7960495623303062,0.07680958565024099,0.21793758583201472,0.6166334712624105,0.07006251201628466,0.9818758295553328,0.23981713698951546
2024-08-29T17:42:27.492277,interface,0.5354330708661418,0.7960495623303062,0.07680958565024099,0.21793758583201472,0.6166334712624105,0.07006251201628466,0.9818758295553328,0.23981713698951546
2024-08-29T17:42:27.498981,interface,0.4015748031496063,0.7960495623303062,0.07680958565024099,0.21793758583201472,0.6166334712624105,0.07006251201628466,0.9818758295553328,0.23981713698951546
2024-08-29T17:42:27.514676,interface,0.3937007874015748,0.7960495623303062,0.07680958565024099,0.21793758583201472,0.6166334712624105,0.07006251201628466,0.9818758295553328,0.23981713698951546
2024-08-29T17:42:27.542978,interface,0.4094488188976378,0.7960495623303062,0.07680958565024099,0.21793758583201472,0.6166334712624105,0.07006251201628466,0.9818758295553328,0.23981713698951546
2024-08-29T17:42:27.545377,interface,0.5118110236220472,0.7960495623303062,0.07680958565024099,0.21793758583201472,0.6166334712624105,0.07006251201628466,0.9818758295553328,0.23981713698951546
2024-08-29T17:42:27.555564,interface,0.4330708661417323,0.7960495623303062,0.07680958565024099,0.21793758583201472,0.6166334712624105,0.07006251201628466,0.9818758295553328,0.23981713698951546
2024-08-29T17:42:27.602793,interface,0.4566929133858268,0.7960495623303062,0.07680958565024099,0.21793758583201472,0.6166334712624105,0.07006251201628466,0.9818758295553328,0.23981713698951546
2024-08-29T17:42:27.622369,interface,0.4645669291338583,0.7960495623303062,0.07680958565024099,0.21793758583201472,0.6166334712624105,0.07006251201628466,0.9818758295553328,0.23981713698951546
2024-08-29T17:42:27.758780,interface,0.3779527559055118,0.7960495623303062,0.07680958565024099,0.21793758583201472,0.6166334712624105,0.07006251201628466,0.9818758295553328,0.23981713698951546
2024-08-29T17:42:27.761585,interface,0.3858267716535433,0.7960495623303062,0.07680958565024099,0.21793758583201472,0.6166334712624105,0.07006251201628466,0.9818758295553328,0.23981713698951546
2024-08-29T17:42:27.763925,interface,0.5039370078740157,0.7960495623303062,0.07680958565024099,0.21793758583201472,0.6166334712624105,0.07006251201628466,0.9818758295553328,0.23981713698951546
2024-08-29T17:42:27.766647,interface,0.5590551181102362,0.7960495623303062,0.07680958565024099,0.21793758583201472,0.6166334712624105,0.07006251201628466,0.9818758295553328,0.23981713698951546
2024-08-29T17:42:27.824161,interface,0.5511811023622047,0.7960495623303062,0.07680958565024099,0.21793758583201472,0.6166334712624105,0.07006251201628466,0.9818758295553328,0.23981713698951546
2024-08-29T17:42:27.836115,interface,0.4015748031496063,0.7960495623303062,0.07680958565024099,0.21793758583201472,0.6166334712624105,0.07006251201628466,0.9818758295553328,0.23981713698951546
2024-08-29T17:42:27.863063,interface,0.4251968503937008,0.7960495623303062,0.07680958565024099,0.21793758583201472,0.6166334712624105,0.07006251201628466,0.9818758295553328,0.23981713698951546
2024-08-29T17:42:27.900104,interface,0.4330708661417323,0.7960495623303062,0.07680958565024099,0.21793758583201472,0.6166334712624105,0.07006251201628466,0.9818758295553328,0.23981713698951546
2024-08-29T17:42:27.902531,interface,0.5275590551181102,0.7960495623303062,0.07680958565024099,0.21793758583201472,0.6166334712624105,0.07006251201628466,0.9818758295553328,0.23981713698951546
2024-08-29T17:42:27.959886,interface,0.4094488188976378,0.7960495623303062,0.07680958565024099,0.21793758583201472,0.6166334712624105,0.07006251201628466,0.9818758295553328,0.23981713698951546
2024-08-29T17:42:27.962728,interface,0.4251968503937008,0.7960495623303062,0.07680958565024099,0.21793758583201472,0.6166334712624105,0.07006251201628466,0.9818758295553328,0.23981713698951546
2024-08-29T17:42:27.965550,interface,0.3937007874015748,0.7960495623303062,0.07680958565024099,0.21793758583201472,0.6166334712624105,0.07006251201628466,0.9818758295553328,0.23981713698951546
2024-08-29T17:42:27.976107,interface,0.5039370078740157,0.7960495623303062,0.07680958565024099,0.21793758583201472,0.6166334712624105,0.07006251201628466,0.9818758295553328,0.23981713698951546
2024-08-29T17:42:28.078672,interface,0.5433070866141733,0.7960495623303062,0.07680958565024099,0.21793758583201472,0.6166334712624105,0.07006251201628466,0.9818758295553328,0.23981713698951546
2024-08-29T17:42:28.127919,interface,0.4330708661417323,0.7960495623303062,0.07680958565024099,0.21793758583201472,0.6166334712624105,0.07006251201628466,0.9818758295553328,0.23981713698951546
2024-08-29T17:42:28.168443,interface,0.5118110236220472,0.7960495623303062,0.07680958565024099,0.21793758583201472,0.6166334712624105,0.07006251201628466,0.9818758295553328,0.23981713698951546
2024-08-29T17:42:28.208354,interface,0.3937007874015748,0.7960495623303062,0.07680958565024099,0.21793758583201472,0.6166334712624105,0.07006251201628466,0.9818758295553328,0.23981713698951546
2024-08-29T17:42:28.241939,interface,0.4881889763779528,0.7960495623303062,0.07680958565024099,0.21793758583201472,0.6166334712624105,0.07006251201628466,0.9818758295553328,0.23981713698951546
2024-08-29T17:42:28.286148,interface,0.41732283464566927,0.7960495623303062,0.07680958565024099,0.21793758583201472,0.6166334712624105,0.07006251201628466,0.9818758295553328,0.23981713698951546
2024-08-29T17:42:28.320327,interface,0.4330708661417323,0.7960495623303062,0.07680958565024099,0.21793758583201472,0.6166334712624105,0.07006251201628466,0.9818758295553328,0.23981713698951546
2024-08-29T17:42:28.350934,interface,0.5039370078740157,0.7960495623303062,0.07680958565024099,0.21793758583201472,0.6166334712624105,0.07006251201628466,0.9818758295553328,0.23981713698951546
2024-08-29T17:42:28.357436,interface,0.5275590551181102,0.7960495623303062,0.07680958565024099,0.21793758583201472,0.6166334712624105,0.07006251201628466,0.9818758295553328,0.23981713698951546
2024-08-29T17:42:28.402010,interface,0.44881889763779526,0.7960495623303062,0.07680958565024099,0.21793758583201472,0.6166334712624105,0.07006251201628466,0.9818758295553328,0.23981713698951546
2024-08-29T17:42:28.457403,interface,0.4881889763779528,0.7960495623303062,0.07680958565024099,0.21793758583201472,0.6166334712624105,0.07006251201628466,0.9818758295553328,0.23981713698951546
2024-08-29T17:42:28.534914,interface,0.3779527559055118,0.7960495623303062,0.07680958565024099,0.21793758583201472,0.6166334712624105,0.07006251201628466,0.9818758295553328,0.23981713698951546
2024-08-29T17:42:28.562628,interface,0.3937007874015748,0.7960495623303062,0.07680958565024099,0.21793758583201472,0.6166334712624105,0.07006251201628466,0.9818758295553328,0.23981713698951546
2024-08-29T17:42:28.585954,interface,0.5433070866141733,0.7960495623303062,0.07680958565024099,0.21793758583201472,0.6166334712624105,0.07006251201628466,0.9818758295553328,0.23981713698951546
2024-08-29T17:42:28.588295,interface,0.5590551181102362,0.7960495623303062,0.07680958565024099,0.21793758583201472,0.6166334712624105,0.07006251201628466,0.9818758295553328,0.23981713698951546
2024-08-29T17:42:28.606470,interface,0.5275590551181102,0.7960495623303062,0.07680958565024099,0.21793758583201472,0.6166334712624105,0.07006251201628466,0.9818758295553328,0.23981713698951546
2024-08-29T17:42:28.672211,interface,0.4330708661417323,0.7960495623303062,0.07680958565024099,0.21793758583201472,0.6166334712624105,0.07006251201628466,0.9818758295553328,0.23981713698951546
2024-08-29T17:42:28.679169,interface,0.4094488188976378,0.7960495623303062,0.07680958565024099,0.21793758583201472,0.6166334712624105,0.07006251201628466,0.9818758295553328,0.23981713698951546
2024-08-29T17:42:28.699939,interface,0.5118110236220472,0.7960495623303062,0.07680958565024099,0.21793758583201472,0.6166334712624105,0.07006251201628466,0.9818758295553328,0.23981713698951546
2024-08-29T17:42:28.738498,interface,0.44881889763779526,0.7960495623303062,0.07680958565024099,0.21793758583201472,0.6166334712624105,0.07006251201628466,0.9818758295553328,0.23981713698951546
2024-08-29T17:42:28.809742,interface,0.41732283464566927,0.7960495623303062,0.07680958565024099,0.21793758583201472,0.6166334712624105,0.07006251201628466,0.9818758295553328,0.23981713698951546
2024-08-29T17:42:28.812103,interface,0.5590551181102362,0.7960495623303062,0.07680958565024099,0.21793758583201472,0.6166334712624105,0.07006251201628466,0.9818758295553328,0.23981713698951546
2024-08-29T17:42:28.854733,interface,0.4330708661417323,0.7960495623303062,0.07680958565024099,0.21793758583201472,0.6166334712624105,0.07006251201628466,0.9818758295553328,0.23981713698951546
2024-08-29T17:42:28.929414,interface,0.41732283464566927,0.7960495623303062,0.07680958565024099,0.21793758583201472,0.6166334712624105,0.07006251201628466,0.9818758295553328,0.23981713698951546
2024-08-29T17:42:28.935815,interface,0.4330708661417323,0.7960495623303062,0.07680958565024099,0.21793758583201472,0.6166334712624105,0.07006251201628466,0.9818758295553328,0.23981713698951546
2024-08-29T17:42:28.997689,interface,0.5118110236220472,0.7960495623303062,0.07680958565024099,0.21793758583201472,0.6166334712624105,0.07006251201628466,0.9818758295553328,0.23981713698951546
2024-08-29T17:42:29.013629,interface,0.3937007874015748,0.7960495623303062,0.07680958565024099,0.21793758583201472,0.6166334712624105,0.07006251201628466,0.9818758295553328,0.23981713698951546
2024-08-29T17:42:29.089962,interface,0.5590551181102362,0.7960495623303062,0.07680958565024099,0.21793758583201472,0.6166334712624105,0.07006251201628466,0.9818758295553328,0.23981713698951546
2024-08-29T17:42:29.115523,interface,0.3779527559055118,0.7960495623303062,0.07680958565024099,0.21793758583201472,0.6166334712624105,0.07006251201628466,0.9818758295553328,0.23981713698951546
2024-08-29T17:42:29.142090,interface,0.5354330708661418,0.7960495623303062,0.07680958565024099,0.21793758583201472,0.6166334712624105,0.07006251201628466,0.9818758295553328,0.23981713698951546
2024-08-29T17:42:29.239392,interface,0.5118110236220472,0.7960495623303062,0.07680958565024099,0.21793758583201472,0.6166334712624105,0.07006251201628466,0.9818758295553328,0.23981713698951546
2024-08-29T17:42:29.269538,interface,0.3937007874015748,0.7960495623303062,0.07680958565024099,0.21793758583201472,0.6166334712624105,0.07006251201628466,0.9818758295553328,0.23981713698951546
2024-08-29T17:42:29.339312,interface,0.5354330708661418,0.7960495623303062,0.07680958565024099,0.21793758583201472,0.6166334712624105,0.07006251201628466,0.9818758295553328,0.23981713698951546
2024-08-29T17:42:29.341741,interface,0.5590551181102362,0.7960495623303062,0.07680958565024099,0.21793758583201472,0.6166334712624105,0.07006251201628466,0.9818758295553328,0.23981713698951546
2024-08-29T17:42:29.359514,interface,0.4409448818897638,0.7960495623303062,0.07680958565024099,0.21793758583201472,0.6166334712624105,0.07006251201628466,0.9818758295553328,0.23981713698951546
2024-08-29T17:42:29.361939,interface,0.41732283464566927,0.7960495623303062,0.07680958565024099,0.21793758583201472,0.6166334712624105,0.07006251201628466,0.9818758295553328,0.23981713698951546
2024-08-29T17:42:29.436774,interface,0.3779527559055118,0.7960495623303062,0.07680958565024099,0.21793758583201472,0.6166334712624105,0.07006251201628466,0.9818758295553328,0.23981713698951546
2024-08-29T17:42:29.439405,interface,0.4094488188976378,0.7960495623303062,0.07680958565024099,0.21793758583201472,0.6166334712624105,0.07006251201628466,0.9818758295553328,0.23981713698951546
2024-08-29T17:42:29.483795,interface,0.5118110236220472,0.7960495623303062,0.07680958565024099,0.21793758583201472,0.6166334712624105,0.07006251201628466,0.9818758295553328,0.23981713698951546
2024-08-29T17:42:29.529068,interface,0.4015748031496063,0.7960495623303062,0.07680958565024099,0.21793758583201472,0.6166334712624105,0.07006251201628466,0.9818758295553328,0.23981713698951546
2024-08-29T17:42:29.563130,interface,0.5511811023622047,0.7960495623303062,0.07680958565024099,0.21793758583201472,0.6166334712624105,0.07006251201628466,0.9818758295553328,0.23981713698951546
2024-08-29T17:42:29.581132,interface,0.5669291338582677,0.7960495623303062,0.07680958565024099,0.21793758583201472,0.6166334712624105,0.07006251201628466,0.9818758295553328,0.23981713698951546
2024-08-29T17:42:29.614519,interface,0.4330708661417323,0.7960495623303062,0.07680958565024099,0.21793758583201472,0.6166334712624105,0.07006251201628466,0.9818758295553328,0.23981713698951546
2024-08-29T17:42:29.659300,interface,0.4409448818897638,0.7960495623303062,0.07680958565024099,0.21793758583201472,0.6166334712624105,0.07006251201628466,0.9818758295553328,0.23981713698951546
2024-08-29T17:42:29.712346,interface,0.41732283464566927,0.7960495623303062,0.07680958565024099,0.21793758583201472,0.6166334712624105,0.07006251201628466,0.9818758295553328,0.23981713698951546
2024-08-29T17:42:29.714761,interface,0.4094488188976378,0.7960495623303062,0.07680958565024099,0.21793758583201472,0.6166334712624105,0.07006251201628466,0.9818758295553328,0.23981713698951546
2024-08-29T17:42:29.733213,interface,0.4409448818897638,0.7960495623303062,0.07680958565024099,0.21793758583201472,0.6166334712624105,0.07006251201628466,0.9818758295553328,0.23981713698951546
2024-08-29T17:42:29.790645,interface,0.5433070866141733,0.7960495623303062,0.07680958565024099,0.21793758583201472,0.6166334712624105,0.07006251201628466,0.9818758295553328,0.23981713698951546
2024-08-29T17:42:29.792981,interface,0.5590551181102362,0.7960495623303062,0.07680958565024099,0.21793758583201472,0.6166334712624105,0.07006251201628466,0.9818758295553328,0.23981713698951546
2024-08-29T17:42:29.832913,interface,0.4566929133858268,0.7960495623303062,0.07680958565024099,0.21793758583201472,0.6166334712624105,0.07006251201628466,0.9818758295553328,0.23981713698951546
2024-08-29T17:42:29.886741,interface,0.44881889763779526,0.7960495623303062,0.07680958565024099,0.21793758583201472,0.6166334712624105,0.07006251201628466,0.9818758295553328,0.23981713698951546
2024-08-29T17:42:29.906053,interface,0.5118110236220472,0.7960495623303062,0.07680958565024099,0.21793758583201472,0.6166334712624105,0.07006251201628466,0.9818758295553328,0.23981713698951546
2024-08-29T17:42:29.921097,interface,0.4094488188976378,0.7960495623303062,0.07680958565024099,0.21793758583201472,0.6166334712624105,0.07006251201628466,0.9818758295553328,0.23981713698951546
2024-08-29T17:42:29.927745,interface,0.3779527559055118,0.7960495623303062,0.07680958565024099,0.21793758583201472,0.6166334712624105,0.07006251201628466,0.9818758295553328,0.23981713698951546
2024-08-29T17:42:29.950758,interface,0.4330708661417323,0.7960495623303062,0.07680958565024099,0.21793758583201472,0.6166334712624105,0.07006251201628466,0.9818758295553328,0.23981713698951546
2024-08-29T17:42:29.986930,interface,0.4015748031496063,0.7960495623303062,0.07680958565024099,0.21793758583201472,0.6166334712624105,0.07006251201628466,0.9818758295553328,0.23981713698951546
2024-08-29T17:42:30.023016,interface,0.5511811023622047,0.7960495623303062,0.07680958565024099,0.21793758583201472,0.6166334712624105,0.07006251201628466,0.9818758295553328,0.23981713698951546
2024-08-29T17:42:30.049006,interface,0.5196850393700787,0.7960495623303062,0.07680958565024099,0.21793758583201472,0.6166334712624105,0.07006251201628466,0.9818758295553328,0.23981713698951546
2024-08-29T17:42:30.073795,interface,0.5433070866141733,0.7960495623303062,0.07680958565024099,0.21793758583201472,0.6166334712624105,0.07006251201628466,0.9818758295553328,0.23981713698951546
2024-08-29T17:42:30.080508,interface,0.4094488188976378,0.7960495623303062,0.07680958565024099,0.21793758583201472,0.6166334712624105,0.07006251201628466,0.9818758295553328,0.23981713698951546
2024-08-29T17:42:30.148946,interface,0.4881889763779528,0.7960495623303062,0.07680958565024099,0.21793758583201472,0.6166334712624105,0.07006251201628466,0.9818758295553328,0.23981713698951546
2024-08-29T17:42:30.155647,interface,0.44881889763779526,0.7960495623303062,0.07680958565024099,0.21793758583201472,0.6166334712624105,0.07006251201628466,0.9818758295553328,0.23981713698951546
2024-08-29T17:42:30.253364,interface,0.3937007874015748,0.7960495623303062,0.07680958565024099,0.21793758583201472,0.6166334712624105,0.07006251201628466,0.9818758295553328,0.23981713698951546
2024-08-29T17:42:30.267221,interface,0.4094488188976378,0.7960495623303062,0.07680958565024099,0.21793758583201472,0.6166334712624105,0.07006251201628466,0.9818758295553328,0.23981713698951546
2024-08-29T17:42:30.280462,interface,0.5433070866141733,0.7960495623303062,0.07680958565024099,0.21793758583201472,0.6166334712624105,0.07006251201628466,0.9818758295553328,0.23981713698951546
2024-08-29T17:42:30.392745,interface,0.4409448818897638,0.7960495623303062,0.07680958565024099,0.21793758583201472,0.6166334712624105,0.07006251201628466,0.9818758295553328,0.23981713698951546
2024-08-29T17:42:30.445055,interface,0.4251968503937008,0.7960495623303062,0.07680958565024099,0.21793758583201472,0.6166334712624105,0.07006251201628466,0.9818758295553328,0.23981713698951546
2024-08-29T17:42:30.451755,interface,0.5118110236220472,0.7960495623303062,0.07680958565024099,0.21793758583201472,0.6166334712624105,0.07006251201628466,0.9818758295553328,0.23981713698951546
2024-08-29T17:42:30.494637,interface,0.4094488188976378,0.7960495623303062,0.07680958565024099,0.21793758583201472,0.6166334712624105,0.07006251201628466,0.9818758295553328,0.23981713698951546
2024-08-29T17:42:30.497857,interface,0.3937007874015748,0.7960495623303062,0.07680958565024099,0.21793758583201472,0.6166334712624105,0.07006251201628466,0.9818758295553328,0.23981713698951546
2024-08-29T17:42:30.500454,interface,0.44881889763779526,0.7960495623303062,0.07680958565024099,0.21793758583201472,0.6166334712624105,0.07006251201628466,0.9818758295553328,0.23981713698951546
2024-08-29T17:42:30.520501,interface,0.4330708661417323,0.7960495623303062,0.07680958565024099,0.21793758583201472,0.6166334712624105,0.07006251201628466,0.9818758295553328,0.23981713698951546
2024-08-29T17:42:30.551881,interface,0.5511811023622047,0.7960495623303062,0.07680958565024099,0.21793758583201472,0.6166334712624105,0.07006251201628466,0.9818758295553328,0.23981713698951546
2024-08-29T17:42:30.554296,interface,0.41732283464566927,0.7960495623303062,0.07680958565024099,0.21793758583201472,0.6166334712624105,0.07006251201628466,0.9818758295553328,0.23981713698951546
2024-08-29T17:42:30.577579,interface,0.5433070866141733,0.7960495623303062,0.07680958565024099,0.21793758583201472,0.6166334712624105,0.07006251201628466,0.9818758295553328,0.23981713698951546
2024-08-29T17:42:30.616355,interface,0.4251968503937008,0.7960495623303062,0.07680958565024099,0.21793758583201472,0.6166334712624105,0.07006251201628466,0.9818758295553328,0.23981713698951546
2024-08-29T17:42:30.618787,interface,0.5196850393700787,0.7960495623303062,0.07680958565024099,0.21793758583201472,0.6166334712624105,0.07006251201628466,0.9818758295553328,0.23981713698951546
2024-08-29T17:42:30.629884,interface,0.44881889763779526,0.7960495623303062,0.07680958565024099,0.21793758583201472,0.6166334712624105,0.07006251201628466,0.9818758295553328,0.23981713698951546
2024-08-29T17:42:30.641954,interface,0.41732283464566927,0.7960495623303062,0.07680958565024099,0.21793758583201472,0.6166334712624105,0.07006251201628466,0.9818758295553328,0.23981713698951546
2024-08-29T17:42:30.665483,interface,0.4094488188976378,0.7960495623303062,0.07680958565024099,0.21793758583201472,0.6166334712624105,0.07006251201628466,0.9818758295553328,0.23981713698951546
2024-08-29T17:42:30.667838,interface,0.3779527559055118,0.7960495623303062,0.07680958565024099,0.21793758583201472,0.6166334712624105,0.07006251201628466,0.9818758295553328,0.23981713698951546
2024-08-29T17:42:30.693480,interface,0.5039370078740157,0.7960495623303062,0.07680958565024099,0.21793758583201472,0.6166334712624105,0.07006251201628466,0.9818758295553328,0.23981713698951546
2024-08-29T17:42:30.715493,interface,0.4409448818897638,0.7960495623303062,0.07680958565024099,0.21793758583201472,0.6166334712624105,0.07006251201628466,0.9818758295553328,0.23981713698951546
2024-08-29T17:42:30.785486,interface,0.5511811023622047,0.7960495623303062,0.07680958565024099,0.21793758583201472,0.6166334712624105,0.07006251201628466,0.9818758295553328,0.23981713698951546
2024-08-29T17:42:30.806583,interface,0.5354330708661418,0.7960495623303062,0.07680958565024099,0.21793758583201472,0.6166334712624105,0.07006251201628466,0.9818758295553328,0.23981713698951546
2024-08-29T17:42:30.808924,interface,0.4094488188976378,0.7960495623303062,0.07680958565024099,0.21793758583201472,0.6166334712624105,0.07006251201628466,0.9818758295553328,0.23981713698951546
2024-08-29T17:42:30.853966,interface,0.3937007874015748,0.7960495623303062,0.07680958565024099,0.21793758583201472,0.6166334712624105,0.07006251201628466,0.9818758295553328,0.23981713698951546
2024-08-29T17:42:30.856295,interface,0.4330708661417323,0.7960495623303062,0.07680958565024099,0.21793758583201472,0.6166334712624105,0.07006251201628466,0.9818758295553328,0.23981713698951546
2024-08-29T17:42:30.948801,interface,0.5039370078740157,0.7960495623303062,0.07680958565024099,0.21793758583201472,0.6166334712624105,0.07006251201628466,0.9818758295553328,0.23981713698951546
2024-08-29T17:42:30.980846,interface,0.49606299212598426,0.7960495623303062,0.07680958565024099,0.21793758583201472,0.6166334712624105,0.07006251201628466,0.9818758295553328,0.23981713698951546
2024-08-29T17:42:31.022301,interface,0.5433070866141733,0.7960495623303062,0.07680958565024099,0.21793758583201472,0.6166334712624105,0.07006251201628466,0.9818758295553328,0.23981713698951546
2024-08-29T17:42:31.024643,interface,0.5275590551181102,0.7960495623303062,0.07680958565024099,0.21793758583201472,0.6166334712624105,0.07006251201628466,0.9818758295553328,0.23981713698951546
2024-08-29T17:42:31.035494,interface,0.3779527559055118,0.7960495623303062,0.07680958565024099,0.21793758583201472,0.6166334712624105,0.07006251201628466,0.9818758295553328,0.23981713698951546
2024-08-29T17:42:31.037920,interface,0.5039370078740157,0.7960495623303062,0.07680958565024099,0.21793758583201472,0.6166334712624105,0.07006251201628466,0.9818758295553328,0.23981713698951546
2024-08-29T17:42:31.083814,interface,0.3858267716535433,0.7960495623303062,0.07680958565024099,0.21793758583201472,0.6166334712624105,0.07006251201628466,0.9818758295553328,0.23981713698951546
2024-08-29T17:42:31.158189,interface,0.41732283464566927,0.7960495623303062,0.07680958565024099,0.21793758583201472,0.6166334712624105,0.07006251201628466,0.9818758295553328,0.23981713698951546
2024-08-29T17:42:31.185552,interface,0.4881889763779528,0.7960495623303062,0.07680958565024099,0.21793758583201472,0.6166334712624105,0.07006251201628466,0.9818758295553328,0.23981713698951546
2024-08-29T17:42:31.255479,interface,0.5275590551181102,0.7960495623303062,0.07680958565024099,0.21793758583201472,0.6166334712624105,0.07006251201628466,0.9818758295553328,0.23981713698951546
2024-08-29T17:42:31.268066,interface,0.5118110236220472,0.7960495623303062,0.07680958565024099,0.21793758583201472,0.6166334712624105,0.07006251201628466,0.9818758295553328,0.23981713698951546
2024-08-29T17:42:31.339035,interface,0.4094488188976378,0.7960495623303062,0.07680958565024099,0.21793758583201472,0.6166334712624105,0.07006251201628466,0.9818758295553328,0.23981713698951546
2024-08-29T17:42:31.353993,interface,0.4330708661417323,0.7960495623303062,0.07680958565024099,0.21793758583201472,0.6166334712624105,0.07006251201628466,0.9818758295553328,0.23981713698951546
2024-08-29T17:42:31.375840,interface,0.4881889763779528,0.7960495623303062,0.07680958565024099,0.21793758583201472,0.6166334712624105,0.07006251201628466,0.9818758295553328,0.23981713698951546
2024-08-29T17:42:31.438935,interface,0.5039370078740157,0.7960495623303062,0.07680958565024099,0.21793758583201472,0.6166334712624105,0.07006251201628466,0.9818758295553328,0.23981713698951546
2024-08-29T17:42:31.457372,interface,0.5275590551181102,0.7960495623303062,0.07680958565024099,0.21793758583201472,0.6166334712624105,0.07006251201628466,0.9818758295553328,0.23981713698951546
2024-08-29T17:42:31.507352,interface,0.3779527559055118,0.7960495623303062,0.07680958565024099,0.21793758583201472,0.6166334712624105,0.07006251201628466,0.9818758295553328,0.23981713698951546
2024-08-29T17:42:31.528923,interface,0.4094488188976378,0.7960495623303062,0.07680958565024099,0.21793758583201472,0.6166334712624105,0.07006251201628466,0.9818758295553328,0.23981713698951546
2024-08-29T17:42:31.584969,interface,0.4330708661417323,0.7960495623303062,0.07680958565024099,0.21793758583201472,0.6166334712624105,0.07006251201628466,0.9818758295553328,0.23981713698951546
2024-08-29T17:42:31.587362,interface,0.4645669291338583,0.7960495623303062,0.07680958565024099,0.21793758583201472,0.6166334712624105,0.07006251201628466,0.9818758295553328,0.23981713698951546
2024-08-29T17:42:31.606507,interface,0.4881889763779528,0.7960495623303062,0.07680958565024099,0.21793758583201472,0.6166334712624105,0.07006251201628466,0.9818758295553328,0.23981713698951546
2024-08-29T17:42:31.714041,interface,0.5118110236220472,0.7960495623303062,0.07680958565024099,0.21793758583201472,0.6166334712624105,0.07006251201628466,0.9818758295553328,0.23981713698951546
2024-08-29T17:42:31.716354,interface,0.3937007874015748,0.7960495623303062,0.07680958565024099,0.21793758583201472,0.6166334712624105,0.07006251201628466,0.9818758295553328,0.23981713698951546
2024-08-29T17:42:31.732766,interface,0.4094488188976378,0.7960495623303062,0.07680958565024099,0.21793758583201472,0.6166334712624105,0.07006251201628466,0.9818758295553328,0.23981713698951546
2024-08-29T17:42:31.774883,interface,0.3779527559055118,0.7960495623303062,0.07680958565024099,0.21793758583201472,0.6166334712624105,0.07006251201628466,0.9818758295553328,0.23981713698951546
2024-08-29T17:42:31.826961,interface,0.4881889763779528,0.7960495623303062,0.07680958565024099,0.21793758583201472,0.6166334712624105,0.07006251201628466,0.9818758295553328,0.23981713698951546
2024-08-29T17:42:31.848172,interface,0.4330708661417323,0.7960495623303062,0.07680958565024099,0.21793758583201472,0.6166334712624105,0.07006251201628466,0.9818758295553328,0.23981713698951546
2024-08-29T17:42:31.969795,interface,0.5433070866141733,0.7960495623303062,0.07680958565024099,0.21793758583201472,0.6166334712624105,0.07006251201628466,0.9818758295553328,0.23981713698951546
2024-08-29T17:42:31.972131,interface,0.4094488188976378,0.7960495623303062,0.07680958565024099,0.21793758583201472,0.6166334712624105,0.07006251201628466,0.9818758295553328,0.23981713698951546
2024-08-29T17:42:31.979673,interface,0.5275590551181102,0.7960495623303062,0.07680958565024099,0.21793758583201472,0.6166334712624105,0.07006251201628466,0.9818758295553328,0.23981713698951546
2024-08-29T17:42:31.982102,interface,0.5118110236220472,0.7960495623303062,0.07680958565024099,0.21793758583201472,0.6166334712624105,0.07006251201628466,0.9818758295553328,0.23981713698951546
2024-08-29T17:42:31.992488,interface,0.4330708661417323,0.7960495623303062,0.07680958565024099,0.21793758583201472,0.6166334712624105,0.07006251201628466,0.9818758295553328,0.23981713698951546
2024-08-29T17:42:32.094389,interface,0.4645669291338583,0.7960495623303062,0.07680958565024099,0.21793758583201472,0.6166334712624105,0.07006251201628466,0.9818758295553328,0.23981713698951546
2024-08-29T17:42:32.201470,interface,0.44881889763779526,0.7960495623303062,0.07680958565024099,0.21793758583201472,0.6166334712624105,0.07006251201628466,0.9818758295553328,0.23981713698951546
2024-08-29T17:42:32.226016,interface,0.5590551181102362,0.7960495623303062,0.07680958565024099,0.21793758583201472,0.6166334712624105,0.07006251201628466,0.9818758295553328,0.23981713698951546
2024-08-29T17:42:32.228341,interface,0.3779527559055118,0.7960495623303062,0.07680958565024099,0.21793758583201472,0.6166334712624105,0.07006251201628466,0.9818758295553328,0.23981713698951546
2024-08-29T17:42:32.266057,interface,0.3858267716535433,0.7960495623303062,0.07680958565024099,0.21793758583201472,0.6166334712624105,0.07006251201628466,0.9818758295553328,0.23981713698951546
2024-08-29T17:42:32.296905,interface,0.5354330708661418,0.7960495623303062,0.07680958565024099,0.21793758583201472,0.6166334712624105,0.07006251201628466,0.9818758295553328,0.23981713698951546
2024-08-29T17:42:32.314975,interface,0.3937007874015748,0.7960495623303062,0.07680958565024099,0.21793758583201472,0.6166334712624105,0.07006251201628466,0.9818758295553328,0.23981713698951546
2024-08-29T17:42:32.366167,interface,0.5275590551181102,0.7960495623303062,0.07680958565024099,0.21793758583201472,0.6166334712624105,0.07006251201628466,0.9818758295553328,0.23981713698951546
2024-08-29T17:42:32.368770,interface,0.4330708661417323,0.7960495623303062,0.07680958565024099,0.21793758583201472,0.6166334712624105,0.07006251201628466,0.9818758295553328,0.23981713698951546
2024-08-29T17:42:32.407722,interface,0.4094488188976378,0.7960495623303062,0.07680958565024099,0.21793758583201472,0.6166334712624105,0.07006251201628466,0.9818758295553328,0.23981713698951546
2024-08-29T17:42:40.846654,interface,0.44881889763779526,0.7960495623303062,0.07680958565024099,0.21793758583201472,0.6166334712624105,0.07006251201628466,0.9818758295553328,0.23981713698951546
2024-08-29T17:42:42.871434,interface,0.4881889763779528,0.7960495623303062,0.07680958565024099,0.21793758583201472,0.6166334712624105,0.07006251201628466,0.9818758295553328,0.23981713698951546
2024-08-29T17:42:43.416810,interface,0.4881889763779528,0.7960495623303062,0.07680958565024099,0.21793758583201472,0.6166334712624105,0.07006251201628466,0.9818758295553328,0.23981713698951546
2024-08-29T17:42:43.823359,interface,0.4881889763779528,0.7960495623303062,0.07680958565024099,0.21793758583201472,0.6166334712624105,0.07006251201628466,0.9818758295553328,0.23981713698951546
2024-08-29T17:42:44.141699,interface,0.4881889763779528,0.7960495623303062,0.07680958565024099,0.21793758583201472,0.6166334712624105,0.07006251201628466,0.9818758295553328,0.23981713698951546
2024-08-29T17:42:44.404129,interface,0.4881889763779528,0.7960495623303062,0.07680958565024099,0.21793758583201472,0.6166334712624105,0.07006251201628466,0.9818758295553328,0.23981713698951546
2024-08-29T17:42:44.812280,interface,0.4330708661417323,0.7960495623303062,0.07680958565024099,0.21793758583201472,0.6166334712624105,0.07006251201628466,0.9818758295553328,0.23981713698951546
2024-08-29T17:42:45.197560,interface,0.4330708661417323,0.7960495623303062,0.07680958565024099,0.21793758583201472,0.6166334712624105,0.07006251201628466,0.9818758295553328,0.23981713698951546
2024-08-29T17:42:45.546731,interface,0.4330708661417323,0.7960495623303062,0.07680958565024099,0.21793758583201472,0.6166334712624105,0.07006251201628466,0.9818758295553328,0.23981713698951546
2024-08-29T17:42:45.807027,interface,0.4330708661417323,0.7960495623303062,0.07680958565024099,0.21793758583201472,0.6166334712624105,0.07006251201628466,0.9818758295553328,0.23981713698951546
2024-08-29T17:42:46.157522,interface,0.4330708661417323,0.7960495623303062,0.07680958565024099,0.21793758583201472,0.6166334712624105,0.07006251201628466,0.9818758295553328,0.23981713698951546
2024-08-29T17:42:55.081534,interface,0.5275590551181102,0.7960495623303062,0.07680958565024099,0.21793758583201472,0.6166334712624105,0.07006251201628466,0.9818758295553328,0.23981713698951546
2024-08-29T17:42:55.268197,interface,0.5118110236220472,0.7960495623303062,0.07680958565024099,0.21793758583201472,0.6166334712624105,0.07006251201628466,0.9818758295553328,0.23981713698951546
2024-08-29T17:42:55.961365,interface,0.5275590551181102,0.7960495623303062,0.07680958565024099,0.21793758583201472,0.6166334712624105,0.07006251201628466,0.9818758295553328,0.23981713698951546
2024-08-29T17:42:56.163291,interface,0.5118110236220472,0.7960495623303062,0.07680958565024099,0.21793758583201472,0.6166334712624105,0.07006251201628466,0.9818758295553328,0.23981713698951546
2024-08-29T17:42:56.343907,interface,0.5039370078740157,0.7960495623303062,0.07680958565024099,0.21793758583201472,0.6166334712624105,0.07006251201628466,0.9818758295553328,0.23981713698951546
2024-08-29T17:42:56.488160,interface,0.5275590551181102,0.7960495623303062,0.07680958565024099,0.21793758583201472,0.6166334712624105,0.07006251201628466,0.9818758295553328,0.23981713698951546
2024-08-29T17:42:56.595134,interface,0.5118110236220472,0.7960495623303062,0.07680958565024099,0.21793758583201472,0.6166334712624105,0.07006251201628466,0.9818758295553328,0.23981713698951546
2024-08-29T17:42:56.715644,interface,0.5039370078740157,0.7960495623303062,0.07680958565024099,0.21793758583201472,0.6166334712624105,0.07006251201628466,0.9818758295553328,0.23981713698951546
2024-08-29T17:42:56.988657,interface,0.47244094488188976,0.7960495623303062,0.07680958565024099,0.21793758583201472,0.6166334712624105,0.07006251201628466,0.9818758295553328,0.23981713698951546
2024-08-29T17:42:57.202311,interface,0.5039370078740157,0.7960495623303062,0.07680958565024099,0.21793758583201472,0.6166334712624105,0.07006251201628466,0.9818758295553328,0.23981713698951546
2024-08-29T17:42:57.228508,interface,0.5118110236220472,0.7960495623303062,0.07680958565024099,0.21793758583201472,0.6166334712624105,0.07006251201628466,0.9818758295553328,0.23981713698951546
2024-08-29T17:42:57.345807,interface,0.47244094488188976,0.7960495623303062,0.07680958565024099,0.21793758583201472,0.6166334712624105,0.07006251201628466,0.9818758295553328,0.23981713698951546
2024-08-29T17:42:57.466236,interface,0.5039370078740157,0.7960495623303062,0.07680958565024099,0.21793758583201472,0.6166334712624105,0.07006251201628466,0.9818758295553328,0.23981713698951546
2024-08-29T17:42:57.583602,interface,0.4881889763779528,0.7960495623303062,0.07680958565024099,0.21793758583201472,0.6166334712624105,0.07006251201628466,0.9818758295553328,0.23981713698951546
2024-08-29T17:42:57.674191,interface,0.5039370078740157,0.7960495623303062,0.07680958565024099,0.21793758583201472,0.6166334712624105,0.07006251201628466,0.9818758295553328,0.23981713698951546
2024-08-29T17:42:57.809565,interface,0.4881889763779528,0.7960495623303062,0.07680958565024099,0.21793758583201472,0.6166334712624105,0.07006251201628466,0.9818758295553328,0.23981713698951546
2024-08-29T17:42:57.930224,interface,0.5039370078740157,0.7960495623303062,0.07680958565024099,0.21793758583201472,0.6166334712624105,0.07006251201628466,0.9818758295553328,0.23981713698951546
2024-08-29T17:42:58.070769,interface,0.4881889763779528,0.7960495623303062,0.07680958565024099,0.21793758583201472,0.6166334712624105,0.07006251201628466,0.9818758295553328,0.23981713698951546
2024-08-29T17:42:58.208872,interface,0.5039370078740157,0.7960495623303062,0.07680958565024099,0.21793758583201472,0.6166334712624105,0.07006251201628466,0.9818758295553328,0.23981713698951546
2024-08-29T17:42:58.451812,interface,0.4645669291338583,0.7960495623303062,0.07680958565024099,0.21793758583201472,0.6166334712624105,0.07006251201628466,0.9818758295553328,0.23981713698951546
2024-08-29T17:42:58.817804,interface,0.4881889763779528,0.7960495623303062,0.07680958565024099,0.21793758583201472,0.6166334712624105,0.07006251201628466,0.9818758295553328,0.23981713698951546
2024-08-29T17:42:59.264631,interface,0.49606299212598426,0.7960495623303062,0.07680958565024099,0.21793758583201472,0.6166334712624105,0.07006251201628466,0.9818758295553328,0.23981713698951546
2024-08-29T17:42:59.627070,interface,0.48031496062992124,0.7960495623303062,0.07680958565024099,0.21793758583201472,0.6166334712624105,0.07006251201628466,0.9818758295553328,0.23981713698951546
2024-08-29T17:42:59.969608,interface,0.4251968503937008,0.7960495623303062,0.07680958565024099,0.21793758583201472,0.6166334712624105,0.07006251201628466,0.9818758295553328,0.23981713698951546
2024-08-29T17:43:00.151583,interface,0.5275590551181102,0.7960495623303062,0.07680958565024099,0.21793758583201472,0.6166334712624105,0.07006251201628466,0.9818758295553328,0.23981713698951546
2024-08-29T17:43:00.476486,interface,0.4015748031496063,0.7960495623303062,0.07680958565024099,0.21793758583201472,0.6166334712624105,0.07006251201628466,0.9818758295553328,0.23981713698951546
2024-08-29T17:43:00.556678,interface,0.5433070866141733,0.7960495623303062,0.07680958565024099,0.21793758583201472,0.6166334712624105,0.07006251201628466,0.9818758295553328,0.23981713698951546
2024-08-29T17:43:00.559078,interface,0.5511811023622047,0.7960495623303062,0.07680958565024099,0.21793758583201472,0.6166334712624105,0.07006251201628466,0.9818758295553328,0.23981713698951546
2024-08-29T17:43:00.944768,interface,0.5511811023622047,0.7960495623303062,0.07680958565024099,0.21793758583201472,0.6166334712624105,0.07006251201628466,0.9818758295553328,0.23981713698951546
2024-08-29T17:43:00.970146,interface,0.4330708661417323,0.7960495623303062,0.07680958565024099,0.21793758583201472,0.6166334712624105,0.07006251201628466,0.9818758295553328,0.23981713698951546
2024-08-29T17:43:01.083324,interface,0.5275590551181102,0.7960495623303062,0.07680958565024099,0.21793758583201472,0.6166334712624105,0.07006251201628466,0.9818758295553328,0.23981713698951546
2024-08-29T17:43:01.268264,interface,0.4645669291338583,0.7960495623303062,0.07680958565024099,0.21793758583201472,0.6166334712624105,0.07006251201628466,0.9818758295553328,0.23981713698951546
2024-08-29T17:43:01.294883,interface,0.5433070866141733,0.7960495623303062,0.07680958565024099,0.21793758583201472,0.6166334712624105,0.07006251201628466,0.9818758295553328,0.23981713698951546
2024-08-29T17:43:01.297233,interface,0.4330708661417323,0.7960495623303062,0.07680958565024099,0.21793758583201472,0.6166334712624105,0.07006251201628466,0.9818758295553328,0.23981713698951546
2024-08-29T17:43:01.411599,interface,0.5118110236220472,0.7960495623303062,0.07680958565024099,0.21793758583201472,0.6166334712624105,0.07006251201628466,0.9818758295553328,0.23981713698951546
2024-08-29T17:43:01.661377,interface,0.5118110236220472,0.7960495623303062,0.07680958565024099,0.21793758583201472,0.6166334712624105,0.07006251201628466,0.9818758295553328,0.23981713698951546
2024-08-29T17:43:01.784433,interface,0.5039370078740157,0.7960495623303062,0.07680958565024099,0.21793758583201472,0.6166334712624105,0.07006251201628466,0.9818758295553328,0.23981713698951546
2024-08-29T17:43:01.903257,interface,0.4645669291338583,0.7960495623303062,0.07680958565024099,0.21793758583201472,0.6166334712624105,0.07006251201628466,0.9818758295553328,0.23981713698951546
2024-08-29T17:43:01.909760,interface,0.41732283464566927,0.7960495623303062,0.07680958565024099,0.21793758583201472,0.6166334712624105,0.07006251201628466,0.9818758295553328,0.23981713698951546
2024-08-29T17:43:01.962493,interface,0.5118110236220472,0.7960495623303062,0.07680958565024099,0.21793758583201472,0.6166334712624105,0.07006251201628466,0.9818758295553328,0.23981713698951546
2024-08-29T17:43:02.176758,interface,0.44881889763779526,0.7960495623303062,0.07680958565024099,0.21793758583201472,0.6166334712624105,0.07006251201628466,0.9818758295553328,0.23981713698951546
2024-08-29T17:43:02.210427,interface,0.5118110236220472,0.7960495623303062,0.07680958565024099,0.21793758583201472,0.6166334712624105,0.07006251201628466,0.9818758295553328,0.23981713698951546
2024-08-29T17:43:02.412828,interface,0.47244094488188976,0.7960495623303062,0.07680958565024099,0.21793758583201472,0.6166334712624105,0.07006251201628466,0.9818758295553328,0.23981713698951546
2024-08-29T17:43:02.415603,interface,0.44881889763779526,0.7960495623303062,0.07680958565024099,0.21793758583201472,0.6166334712624105,0.07006251201628466,0.9818758295553328,0.23981713698951546
2024-08-29T17:43:02.422497,interface,0.4645669291338583,0.7960495623303062,0.07680958565024099,0.21793758583201472,0.6166334712624105,0.07006251201628466,0.9818758295553328,0.23981713698951546
2024-08-29T17:43:02.496187,interface,0.5118110236220472,0.7960495623303062,0.07680958565024099,0.21793758583201472,0.6166334712624105,0.07006251201628466,0.9818758295553328,0.23981713698951546
2024-08-29T17:43:02.706267,interface,0.44881889763779526,0.7960495623303062,0.07680958565024099,0.21793758583201472,0.6166334712624105,0.07006251201628466,0.9818758295553328,0.23981713698951546
2024-08-29T17:43:02.736035,interface,0.41732283464566927,0.7960495623303062,0.07680958565024099,0.21793758583201472,0.6166334712624105,0.07006251201628466,0.9818758295553328,0.23981713698951546
2024-08-29T17:43:02.738870,interface,0.5039370078740157,0.7960495623303062,0.07680958565024099,0.21793758583201472,0.6166334712624105,0.07006251201628466,0.9818758295553328,0.23981713698951546
2024-08-29T17:43:02.862866,interface,0.4881889763779528,0.7960495623303062,0.07680958565024099,0.21793758583201472,0.6166334712624105,0.07006251201628466,0.9818758295553328,0.23981713698951546
2024-08-29T17:43:02.910737,interface,0.41732283464566927,0.7960495623303062,0.07680958565024099,0.21793758583201472,0.6166334712624105,0.07006251201628466,0.9818758295553328,0.23981713698951546
2024-08-29T17:43:02.941729,interface,0.3937007874015748,0.7960495623303062,0.07680958565024099,0.21793758583201472,0.6166334712624105,0.07006251201628466,0.9818758295553328,0.23981713698951546
2024-08-29T17:43:02.982598,interface,0.4881889763779528,0.7960495623303062,0.07680958565024099,0.21793758583201472,0.6166334712624105,0.07006251201628466,0.9818758295553328,0.23981713698951546
2024-08-29T17:43:03.004222,interface,0.5118110236220472,0.7960495623303062,0.07680958565024099,0.21793758583201472,0.6166334712624105,0.07006251201628466,0.9818758295553328,0.23981713698951546
2024-08-29T17:43:03.124327,interface,0.47244094488188976,0.7960495623303062,0.07680958565024099,0.21793758583201472,0.6166334712624105,0.07006251201628466,0.9818758295553328,0.23981713698951546
2024-08-29T17:43:03.211630,interface,0.44881889763779526,0.7960495623303062,0.07680958565024099,0.21793758583201472,0.6166334712624105,0.07006251201628466,0.9818758295553328,0.23981713698951546
2024-08-29T17:43:03.234181,interface,0.41732283464566927,0.7960495623303062,0.07680958565024099,0.21793758583201472,0.6166334712624105,0.07006251201628466,0.9818758295553328,0.23981713698951546
2024-08-29T17:43:03.236708,interface,0.4330708661417323,0.7960495623303062,0.07680958565024099,0.21793758583201472,0.6166334712624105,0.07006251201628466,0.9818758295553328,0.23981713698951546
2024-08-29T17:43:03.239082,interface,0.4645669291338583,0.7960495623303062,0.07680958565024099,0.21793758583201472,0.6166334712624105,0.07006251201628466,0.9818758295553328,0.23981713698951546
2024-08-29T17:43:03.241477,interface,0.5118110236220472,0.7960495623303062,0.07680958565024099,0.21793758583201472,0.6166334712624105,0.07006251201628466,0.9818758295553328,0.23981713698951546
2024-08-29T17:43:03.255226,interface,0.5275590551181102,0.7960495623303062,0.07680958565024099,0.21793758583201472,0.6166334712624105,0.07006251201628466,0.9818758295553328,0.23981713698951546
2024-08-29T17:43:03.374894,interface,0.5039370078740157,0.7960495623303062,0.07680958565024099,0.21793758583201472,0.6166334712624105,0.07006251201628466,0.9818758295553328,0.23981713698951546
2024-08-29T17:43:03.445910,interface,0.5275590551181102,0.7960495623303062,0.07680958565024099,0.21793758583201472,0.6166334712624105,0.07006251201628466,0.9818758295553328,0.23981713698951546
2024-08-29T17:43:03.614176,interface,0.4645669291338583,0.7960495623303062,0.07680958565024099,0.21793758583201472,0.6166334712624105,0.07006251201628466,0.9818758295553328,0.23981713698951546
2024-08-29T17:43:03.998729,interface,0.44881889763779526,0.7960495623303062,0.07680958565024099,0.21793758583201472,0.6166334712624105,0.07006251201628466,0.9818758295553328,0.23981713698951546
2024-08-29T17:43:04.005790,interface,0.4330708661417323,0.7960495623303062,0.07680958565024099,0.21793758583201472,0.6166334712624105,0.07006251201628466,0.9818758295553328,0.23981713698951546
2024-08-29T17:43:04.008071,interface,0.5275590551181102,0.7960495623303062,0.07680958565024099,0.21793758583201472,0.6166334712624105,0.07006251201628466,0.9818758295553328,0.23981713698951546
2024-08-29T17:43:04.134775,interface,0.5039370078740157,0.7960495623303062,0.07680958565024099,0.21793758583201472,0.6166334712624105,0.07006251201628466,0.9818758295553328,0.23981713698951546
2024-08-29T17:43:04.150290,interface,0.41732283464566927,0.7960495623303062,0.07680958565024099,0.21793758583201472,0.6166334712624105,0.07006251201628466,0.9818758295553328,0.23981713698951546
2024-08-29T17:43:04.201558,interface,0.4330708661417323,0.7960495623303062,0.07680958565024099,0.21793758583201472,0.6166334712624105,0.07006251201628466,0.9818758295553328,0.23981713698951546
2024-08-29T17:43:04.251484,interface,0.4881889763779528,0.7960495623303062,0.07680958565024099,0.21793758583201472,0.6166334712624105,0.07006251201628466,0.9818758295553328,0.23981713698951546
2024-08-29T17:43:04.253860,interface,0.41732283464566927,0.7960495623303062,0.07680958565024099,0.21793758583201472,0.6166334712624105,0.07006251201628466,0.9818758295553328,0.23981713698951546
2024-08-29T17:43:04.299995,interface,0.3937007874015748,0.7960495623303062,0.07680958565024099,0.21793758583201472,0.6166334712624105,0.07006251201628466,0.9818758295553328,0.23981713698951546
2024-08-29T17:43:04.356664,interface,0.4330708661417323,0.7960495623303062,0.07680958565024099,0.21793758583201472,0.6166334712624105,0.07006251201628466,0.9818758295553328,0.23981713698951546
2024-08-29T17:43:04.420712,interface,0.5275590551181102,0.7960495623303062,0.07680958565024099,0.21793758583201472,0.6166334712624105,0.07006251201628466,0.9818758295553328,0.23981713698951546
2024-08-29T17:43:04.502847,interface,0.5118110236220472,0.7960495623303062,0.07680958565024099,0.21793758583201472,0.6166334712624105,0.07006251201628466,0.9818758295553328,0.23981713698951546
2024-08-29T17:43:04.557291,interface,0.44881889763779526,0.7960495623303062,0.07680958565024099,0.21793758583201472,0.6166334712624105,0.07006251201628466,0.9818758295553328,0.23981713698951546
2024-08-29T17:43:04.564115,interface,0.41732283464566927,0.7960495623303062,0.07680958565024099,0.21793758583201472,0.6166334712624105,0.07006251201628466,0.9818758295553328,0.23981713698951546
2024-08-29T17:43:04.625161,interface,0.5039370078740157,0.7960495623303062,0.07680958565024099,0.21793758583201472,0.6166334712624105,0.07006251201628466,0.9818758295553328,0.23981713698951546
2024-08-29T17:43:04.753139,interface,0.5433070866141733,0.7960495623303062,0.07680958565024099,0.21793758583201472,0.6166334712624105,0.07006251201628466,0.9818758295553328,0.23981713698951546
2024-08-29T17:43:04.805880,interface,0.5275590551181102,0.7960495623303062,0.07680958565024099,0.21793758583201472,0.6166334712624105,0.07006251201628466,0.9818758295553328,0.23981713698951546
2024-08-29T17:43:04.812452,interface,0.4645669291338583,0.7960495623303062,0.07680958565024099,0.21793758583201472,0.6166334712624105,0.07006251201628466,0.9818758295553328,0.23981713698951546
2024-08-29T17:43:04.814835,interface,0.4330708661417323,0.7960495623303062,0.07680958565024099,0.21793758583201472,0.6166334712624105,0.07006251201628466,0.9818758295553328,0.23981713698951546
2024-08-29T17:43:04.921701,interface,0.5118110236220472,0.7960495623303062,0.07680958565024099,0.21793758583201472,0.6166334712624105,0.07006251201628466,0.9818758295553328,0.23981713698951546
2024-08-29T17:43:05.164044,interface,0.44881889763779526,0.7960495623303062,0.07680958565024099,0.21793758583201472,0.6166334712624105,0.07006251201628466,0.9818758295553328,0.23981713698951546
2024-08-29T17:43:05.166685,interface,0.41732283464566927,0.7960495623303062,0.07680958565024099,0.21793758583201472,0.6166334712624105,0.07006251201628466,0.9818758295553328,0.23981713698951546
2024-08-29T17:43:05.254101,interface,0.5275590551181102,0.7960495623303062,0.07680958565024099,0.21793758583201472,0.6166334712624105,0.07006251201628466,0.9818758295553328,0.23981713698951546
2024-08-29T17:43:05.351047,interface,0.5039370078740157,0.7960495623303062,0.07680958565024099,0.21793758583201472,0.6166334712624105,0.07006251201628466,0.9818758295553328,0.23981713698951546
2024-08-29T17:43:05.550657,interface,0.41732283464566927,0.7960495623303062,0.07680958565024099,0.21793758583201472,0.6166334712624105,0.07006251201628466,0.9818758295553328,0.23981713698951546
2024-08-29T17:43:05.552957,interface,0.3937007874015748,0.7960495623303062,0.07680958565024099,0.21793758583201472,0.6166334712624105,0.07006251201628466,0.9818758295553328,0.23981713698951546
2024-08-29T17:43:05.592134,interface,0.4330708661417323,0.7960495623303062,0.07680958565024099,0.21793758583201472,0.6166334712624105,0.07006251201628466,0.9818758295553328,0.23981713698951546
2024-08-29T17:43:05.774036,interface,0.5433070866141733,0.7960495623303062,0.07680958565024099,0.21793758583201472,0.6166334712624105,0.07006251201628466,0.9818758295553328,0.23981713698951546
2024-08-29T17:43:06.032579,interface,0.44881889763779526,0.7960495623303062,0.07680958565024099,0.21793758583201472,0.6166334712624105,0.07006251201628466,0.9818758295553328,0.23981713698951546
2024-08-29T17:43:06.035106,interface,0.4094488188976378,0.7960495623303062,0.07680958565024099,0.21793758583201472,0.6166334712624105,0.07006251201628466,0.9818758295553328,0.23981713698951546
2024-08-29T17:43:06.361080,interface,0.5669291338582677,0.7960495623303062,0.07680958565024099,0.21793758583201472,0.6166334712624105,0.07006251201628466,0.9818758295553328,0.23981713698951546
2024-08-29T17:43:06.683061,interface,0.5590551181102362,0.7960495623303062,0.07680958565024099,0.21793758583201472,0.6166334712624105,0.07006251201628466,0.9818758295553328,0.23981713698951546
2024-08-29T17:43:06.877272,interface,0.5433070866141733,0.7960495623303062,0.07680958565024099,0.21793758583201472,0.6166334712624105,0.07006251201628466,0.9818758295553328,0.23981713698951546
2024-08-29T17:43:07.062121,interface,0.4645669291338583,0.7960495623303062,0.07680958565024099,0.21793758583201472,0.6166334712624105,0.07006251201628466,0.9818758295553328,0.23981713698951546
2024-08-29T17:43:07.064412,interface,0.44881889763779526,0.7960495623303062,0.07680958565024099,0.21793758583201472,0.6166334712624105,0.07006251201628466,0.9818758295553328,0.23981713698951546
2024-08-29T17:43:07.286214,interface,0.5433070866141733,0.7960495623303062,0.07680958565024099,0.21793758583201472,0.6166334712624105,0.07006251201628466,0.9818758295553328,0.23981713698951546
2024-08-29T17:43:07.358181,interface,0.4330708661417323,0.7960495623303062,0.07680958565024099,0.21793758583201472,0.6166334712624105,0.07006251201628466,0.9818758295553328,0.23981713698951546
2024-08-29T17:43:07.544542,interface,0.5275590551181102,0.7960495623303062,0.07680958565024099,0.21793758583201472,0.6166334712624105,0.07006251201628466,0.9818758295553328,0.23981713698951546
2024-08-29T17:43:07.560925,interface,0.4645669291338583,0.7960495623303062,0.07680958565024099,0.21793758583201472,0.6166334712624105,0.07006251201628466,0.9818758295553328,0.23981713698951546
2024-08-29T17:43:07.796107,interface,0.5275590551181102,0.7960495623303062,0.07680958565024099,0.21793758583201472,0.6166334712624105,0.07006251201628466,0.9818758295553328,0.23981713698951546
2024-08-29T17:43:07.817229,interface,0.41732283464566927,0.7960495623303062,0.07680958565024099,0.21793758583201472,0.6166334712624105,0.07006251201628466,0.9818758295553328,0.23981713698951546
2024-08-29T17:43:07.823904,interface,0.44881889763779526,0.7960495623303062,0.07680958565024099,0.21793758583201472,0.6166334712624105,0.07006251201628466,0.9818758295553328,0.23981713698951546
2024-08-29T17:43:07.930549,interface,0.5039370078740157,0.7960495623303062,0.07680958565024099,0.21793758583201472,0.6166334712624105,0.07006251201628466,0.9818758295553328,0.23981713698951546
2024-08-29T17:43:08.088279,interface,0.4330708661417323,0.7960495623303062,0.07680958565024099,0.21793758583201472,0.6166334712624105,0.07006251201628466,0.9818758295553328,0.23981713698951546
2024-08-29T17:43:08.103167,interface,0.4094488188976378,0.7960495623303062,0.07680958565024099,0.21793758583201472,0.6166334712624105,0.07006251201628466,0.9818758295553328,0.23981713698951546
2024-08-29T17:43:08.183139,interface,0.5118110236220472,0.7960495623303062,0.07680958565024099,0.21793758583201472,0.6166334712624105,0.07006251201628466,0.9818758295553328,0.23981713698951546
2024-08-29T17:43:08.313682,interface,0.5039370078740157,0.7960495623303062,0.07680958565024099,0.21793758583201472,0.6166334712624105,0.07006251201628466,0.9818758295553328,0.23981713698951546
2024-08-29T17:43:08.350095,interface,0.4330708661417323,0.7960495623303062,0.07680958565024099,0.21793758583201472,0.6166334712624105,0.07006251201628466,0.9818758295553328,0.23981713698951546
2024-08-29T17:43:08.367129,interface,0.4094488188976378,0.7960495623303062,0.07680958565024099,0.21793758583201472,0.6166334712624105,0.07006251201628466,0.9818758295553328,0.23981713698951546
2024-08-29T17:43:08.600149,interface,0.41732283464566927,0.7960495623303062,0.07680958565024099,0.21793758583201472,0.6166334712624105,0.07006251201628466,0.9818758295553328,0.23981713698951546
2024-08-29T17:43:08.602786,interface,0.5118110236220472,0.7960495623303062,0.07680958565024099,0.21793758583201472,0.6166334712624105,0.07006251201628466,0.9818758295553328,0.23981713698951546
2024-08-29T17:43:08.943714,interface,0.4881889763779528,0.7960495623303062,0.07680958565024099,0.21793758583201472,0.6166334712624105,0.07006251201628466,0.9818758295553328,0.23981713698951546
2024-08-29T17:43:09.128192,interface,0.5118110236220472,0.7960495623303062,0.07680958565024099,0.21793758583201472,0.6166334712624105,0.07006251201628466,0.9818758295553328,0.23981713698951546
2024-08-29T17:43:11.195810,interface,0.44881889763779526,0.7960495623303062,0.07680958565024099,0.21793758583201472,0.6166334712624105,0.07006251201628466,0.9818758295553328,0.23981713698951546
2024-08-29T17:43:11.215530,interface,0.41732283464566927,0.7960495623303062,0.07680958565024099,0.21793758583201472,0.6166334712624105,0.07006251201628466,0.9818758295553328,0.23981713698951546
2024-08-29T17:43:11.236871,interface,0.5039370078740157,0.7960495623303062,0.07680958565024099,0.21793758583201472,0.6166334712624105,0.07006251201628466,0.9818758295553328,0.23981713698951546
2024-08-29T17:43:11.375490,interface,0.4881889763779528,0.7960495623303062,0.07680958565024099,0.21793758583201472,0.6166334712624105,0.07006251201628466,0.9818758295553328,0.23981713698951546
2024-08-29T17:43:11.510035,interface,0.5039370078740157,0.7960495623303062,0.07680958565024099,0.21793758583201472,0.6166334712624105,0.07006251201628466,0.9818758295553328,0.23981713698951546
2024-08-29T17:43:11.651872,interface,0.41732283464566927,0.7960495623303062,0.07680958565024099,0.21793758583201472,0.6166334712624105,0.07006251201628466,0.9818758295553328,0.23981713698951546
2024-08-29T17:43:11.716919,interface,0.5039370078740157,0.7960495623303062,0.07680958565024099,0.21793758583201472,0.6166334712624105,0.07006251201628466,0.9818758295553328,0.23981713698951546
2024-08-29T17:43:11.951680,interface,0.5039370078740157,0.7960495623303062,0.07680958565024099,0.21793758583201472,0.6166334712624105,0.07006251201628466,0.9818758295553328,0.23981713698951546
2024-08-29T17:43:13.040238,interface,0.4094488188976378,0.7960495623303062,0.07680958565024099,0.21793758583201472,0.6166334712624105,0.07006251201628466,0.9818758295553328,0.23981713698951546
2024-08-29T17:43:13.262065,interface,0.4881889763779528,0.7960495623303062,0.07680958565024099,0.21793758583201472,0.6166334712624105,0.07006251201628466,0.9818758295553328,0.23981713698951546
2024-08-29T17:43:13.657152,interface,0.5039370078740157,0.7960495623303062,0.07680958565024099,0.21793758583201472,0.6166334712624105,0.07006251201628466,0.9818758295553328,0.23981713698951546
2024-08-29T17:43:13.770852,interface,0.4330708661417323,0.7960495623303062,0.07680958565024099,0.21793758583201472,0.6166334712624105,0.07006251201628466,0.9818758295553328,0.23981713698951546
2024-08-29T17:43:13.783100,interface,0.4094488188976378,0.7960495623303062,0.07680958565024099,0.21793758583201472,0.6166334712624105,0.07006251201628466,0.9818758295553328,0.23981713698951546
2024-08-29T17:43:13.892386,interface,0.4881889763779528,0.7960495623303062,0.07680958565024099,0.21793758583201472,0.6166334712624105,0.07006251201628466,0.9818758295553328,0.23981713698951546
2024-08-29T17:43:13.990194,interface,0.4330708661417323,0.7960495623303062,0.07680958565024099,0.21793758583201472,0.6166334712624105,0.07006251201628466,0.9818758295553328,0.23981713698951546
2024-08-29T17:43:14.077261,interface,0.5039370078740157,0.7960495623303062,0.07680958565024099,0.21793758583201472,0.6166334712624105,0.07006251201628466,0.9818758295553328,0.23981713698951546
2024-08-29T17:43:14.079758,interface,0.4881889763779528,0.7960495623303062,0.07680958565024099,0.21793758583201472,0.6166334712624105,0.07006251201628466,0.9818758295553328,0.23981713698951546
2024-08-29T17:43:14.336678,interface,0.4881889763779528,0.7960495623303062,0.07680958565024099,0.21793758583201472,0.6166334712624105,0.07006251201628466,0.9818758295553328,0.23981713698951546
2024-08-29T17:43:14.557918,interface,0.4881889763779528,0.7960495623303062,0.07680958565024099,0.21793758583201472,0.6166334712624105,0.07006251201628466,0.9818758295553328,0.23981713698951546
2024-08-29T17:43:14.615824,interface,0.5039370078740157,0.7960495623303062,0.07680958565024099,0.21793758583201472,0.6166334712624105,0.07006251201628466,0.9818758295553328,0.23981713698951546
2024-08-29T17:43:14.796461,interface,0.4330708661417323,0.7960495623303062,0.07680958565024099,0.21793758583201472,0.6166334712624105,0.07006251201628466,0.9818758295553328,0.23981713698951546
2024-08-29T17:43:14.813773,interface,0.4881889763779528,0.7960495623303062,0.07680958565024099,0.21793758583201472,0.6166334712624105,0.07006251201628466,0.9818758295553328,0.23981713698951546
2024-08-29T17:43:16.286059,interface,0.5039370078740157,0.7960495623303062,0.07680958565024099,0.21793758583201472,0.6166334712624105,0.07006251201628466,0.9818758295553328,0.23981713698951546
2024-08-29T17:43:16.454218,interface,0.44881889763779526,0.7960495623303062,0.07680958565024099,0.21793758583201472,0.6166334712624105,0.07006251201628466,0.9818758295553328,0.23981713698951546
2024-08-29T17:43:16.461179,interface,0.41732283464566927,0.7960495623303062,0.07680958565024099,0.21793758583201472,0.6166334712624105,0.07006251201628466,0.9818758295553328,0.23981713698951546
2024-08-29T17:43:16.548108,interface,0.4881889763779528,0.7960495623303062,0.07680958565024099,0.21793758583201472,0.6166334712624105,0.07006251201628466,0.9818758295553328,0.23981713698951546
2024-08-29T17:43:16.690602,interface,0.41732283464566927,0.7960495623303062,0.07680958565024099,0.21793758583201472,0.6166334712624105,0.07006251201628466,0.9818758295553328,0.23981713698951546
2024-08-29T17:43:16.693175,interface,0.5039370078740157,0.7960495623303062,0.07680958565024099,0.21793758583201472,0.6166334712624105,0.07006251201628466,0.9818758295553328,0.23981713698951546
2024-08-29T17:43:16.695469,interface,0.44881889763779526,0.7960495623303062,0.07680958565024099,0.21793758583201472,0.6166334712624105,0.07006251201628466,0.9818758295553328,0.23981713698951546
2024-08-29T17:43:16.827844,interface,0.4881889763779528,0.7960495623303062,0.07680958565024099,0.21793758583201472,0.6166334712624105,0.07006251201628466,0.9818758295553328,0.23981713698951546
2024-08-29T17:43:16.928459,interface,0.41732283464566927,0.7960495623303062,0.07680958565024099,0.21793758583201472,0.6166334712624105,0.07006251201628466,0.9818758295553328,0.23981713698951546
2024-08-29T17:43:16.931339,interface,0.4330708661417323,0.7960495623303062,0.07680958565024099,0.21793758583201472,0.6166334712624105,0.07006251201628466,0.9818758295553328,0.23981713698951546
2024-08-29T17:43:16.950288,interface,0.5039370078740157,0.7960495623303062,0.07680958565024099,0.21793758583201472,0.6166334712624105,0.07006251201628466,0.9818758295553328,0.23981713698951546
2024-08-29T17:43:17.079004,interface,0.4881889763779528,0.7960495623303062,0.07680958565024099,0.21793758583201472,0.6166334712624105,0.07006251201628466,0.9818758295553328,0.23981713698951546
2024-08-29T17:43:17.185920,interface,0.4330708661417323,0.7960495623303062,0.07680958565024099,0.21793758583201472,0.6166334712624105,0.07006251201628466,0.9818758295553328,0.23981713698951546
2024-08-29T17:43:17.188214,interface,0.4094488188976378,0.7960495623303062,0.07680958565024099,0.21793758583201472,0.6166334712624105,0.07006251201628466,0.9818758295553328,0.23981713698951546
2024-08-29T17:43:17.480376,interface,0.41732283464566927,0.7960495623303062,0.07680958565024099,0.21793758583201472,0.6166334712624105,0.07006251201628466,0.9818758295553328,0.23981713698951546
2024-08-29T17:43:17.499567,interface,0.4094488188976378,0.7960495623303062,0.07680958565024099,0.21793758583201472,0.6166334712624105,0.07006251201628466,0.9818758295553328,0.23981713698951546
2024-08-29T17:43:17.736378,interface,0.5118110236220472,0.7960495623303062,0.07680958565024099,0.21793758583201472,0.6166334712624105,0.07006251201628466,0.9818758295553328,0.23981713698951546
2024-08-29T17:43:17.786475,interface,0.5039370078740157,0.7960495623303062,0.07680958565024099,0.21793758583201472,0.6166334712624105,0.07006251201628466,0.9818758295553328,0.23981713698951546
2024-08-29T17:43:17.946568,interface,0.3779527559055118,0.7960495623303062,0.07680958565024099,0.21793758583201472,0.6166334712624105,0.07006251201628466,0.9818758295553328,0.23981713698951546
2024-08-29T17:43:18.199834,interface,0.5669291338582677,0.7960495623303062,0.07680958565024099,0.21793758583201472,0.6166334712624105,0.07006251201628466,0.9818758295553328,0.23981713698951546
2024-08-29T17:43:18.431153,interface,0.3779527559055118,0.7960495623303062,0.07680958565024099,0.21793758583201472,0.6166334712624105,0.07006251201628466,0.9818758295553328,0.23981713698951546
2024-08-29T17:43:18.736887,interface,0.3779527559055118,0.7960495623303062,0.07680958565024099,0.21793758583201472,0.6166334712624105,0.07006251201628466,0.9818758295553328,0.23981713698951546
2024-08-29T17:43:18.996761,interface,0.5275590551181102,0.7960495623303062,0.07680958565024099,0.21793758583201472,0.6166334712624105,0.07006251201628466,0.9818758295553328,0.23981713698951546
2024-08-29T17:43:19.012802,interface,0.4094488188976378,0.7960495623303062,0.07680958565024099,0.21793758583201472,0.6166334712624105,0.07006251201628466,0.9818758295553328,0.23981713698951546
2024-08-29T17:43:19.256264,interface,0.4881889763779528,0.7960495623303062,0.07680958565024099,0.21793758583201472,0.6166334712624105,0.07006251201628466,0.9818758295553328,0.23981713698951546
2024-08-29T17:43:19.518265,interface,0.4645669291338583,0.7960495623303062,0.07680958565024099,0.21793758583201472,0.6166334712624105,0.07006251201628466,0.9818758295553328,0.23981713698951546
2024-08-29T17:43:19.756207,interface,0.3779527559055118,0.7960495623303062,0.07680958565024099,0.21793758583201472,0.6166334712624105,0.07006251201628466,0.9818758295553328,0.23981713698951546
2024-08-29T17:43:19.809261,interface,0.5118110236220472,0.7960495623303062,0.07680958565024099,0.21793758583201472,0.6166334712624105,0.07006251201628466,0.9818758295553328,0.23981713698951546
2024-08-29T17:43:21.402219,interface,0.5433070866141733,0.7960495623303062,0.07680958565024099,0.21793758583201472,0.6166334712624105,0.07006251201628466,0.9818758295553328,0.23981713698951546
2024-08-29T17:43:21.426737,interface,0.5275590551181102,0.7960495623303062,0.07680958565024099,0.21793758583201472,0.6166334712624105,0.07006251201628466,0.9818758295553328,0.23981713698951546
2024-08-29T17:43:21.462972,interface,0.5118110236220472,0.7960495623303062,0.07680958565024099,0.21793758583201472,0.6166334712624105,0.07006251201628466,0.9818758295553328,0.23981713698951546
2024-08-29T17:43:21.494964,interface,0.5039370078740157,0.7960495623303062,0.07680958565024099,0.21793758583201472,0.6166334712624105,0.07006251201628466,0.9818758295553328,0.23981713698951546
2024-08-29T17:43:21.524916,interface,0.4881889763779528,0.7960495623303062,0.07680958565024099,0.21793758583201472,0.6166334712624105,0.07006251201628466,0.9818758295553328,0.23981713698951546
2024-08-29T17:43:21.555913,interface,0.47244094488188976,0.7960495623303062,0.07680958565024099,0.21793758583201472,0.6166334712624105,0.07006251201628466,0.9818758295553328,0.23981713698951546
2024-08-29T17:43:21.582826,interface,0.4645669291338583,0.7960495623303062,0.07680958565024099,0.21793758583201472,0.6166334712624105,0.07006251201628466,0.9818758295553328,0.23981713698951546
2024-08-29T17:43:21.606903,interface,0.44881889763779526,0.7960495623303062,0.07680958565024099,0.21793758583201472,0.6166334712624105,0.07006251201628466,0.9818758295553328,0.23981713698951546
2024-08-29T17:43:22.000445,interface,0.3779527559055118,0.7960495623303062,0.07680958565024099,0.21793758583201472,0.6166334712624105,0.07006251201628466,0.9818758295553328,0.23981713698951546
2024-08-29T17:43:22.031991,interface,0.3937007874015748,0.7960495623303062,0.07680958565024099,0.21793758583201472,0.6166334712624105,0.07006251201628466,0.9818758295553328,0.23981713698951546
2024-08-29T17:43:22.057456,interface,0.4094488188976378,0.7960495623303062,0.07680958565024099,0.21793758583201472,0.6166334712624105,0.07006251201628466,0.9818758295553328,0.23981713698951546
2024-08-29T17:43:22.073476,interface,0.41732283464566927,0.7960495623303062,0.07680958565024099,0.21793758583201472,0.6166334712624105,0.07006251201628466,0.9818758295553328,0.23981713698951546
2024-08-29T17:43:22.094776,interface,0.4330708661417323,0.7960495623303062,0.07680958565024099,0.21793758583201472,0.6166334712624105,0.07006251201628466,0.9818758295553328,0.23981713698951546
2024-08-29T17:43:22.112756,interface,0.44881889763779526,0.7960495623303062,0.07680958565024099,0.21793758583201472,0.6166334712624105,0.07006251201628466,0.9818758295553328,0.23981713698951546
2024-08-29T17:43:22.130899,interface,0.4645669291338583,0.7960495623303062,0.07680958565024099,0.21793758583201472,0.6166334712624105,0.07006251201628466,0.9818758295553328,0.23981713698951546
2024-08-29T17:43:22.149224,interface,0.47244094488188976,0.7960495623303062,0.07680958565024099,0.21793758583201472,0.6166334712624105,0.07006251201628466,0.9818758295553328,0.23981713698951546
2024-08-29T17:43:29.887779,interface,0.5039370078740157,0.7960495623303062,0.07680958565024099,0.21793758583201472,0.6166334712624105,0.07006251201628466,0.9818758295553328,0.23981713698951546
2024-08-29T17:43:29.954216,interface,0.5118110236220472,0.7960495623303062,0.07680958565024099,0.21793758583201472,0.6166334712624105,0.07006251201628466,0.9818758295553328,0.23981713698951546
2024-08-29T17:43:29.991167,interface,0.5275590551181102,0.7960495623303062,0.07680958565024099,0.21793758583201472,0.6166334712624105,0.07006251201628466,0.9818758295553328,0.23981713698951546
2024-08-29T17:43:30.026386,interface,0.5433070866141733,0.7960495623303062,0.07680958565024099,0.21793758583201472,0.6166334712624105,0.07006251201628466,0.9818758295553328,0.23981713698951546
2024-08-29T17:43:30.055341,interface,0.5590551181102362,0.7960495623303062,0.07680958565024099,0.21793758583201472,0.6166334712624105,0.07006251201628466,0.9818758295553328,0.23981713698951546
2024-08-29T17:43:30.092490,interface,0.5669291338582677,0.7960495623303062,0.07680958565024099,0.21793758583201472,0.6166334712624105,0.07006251201628466,0.9818758295553328,0.23981713698951546
2024-08-29T17:43:30.380060,interface,0.5590551181102362,0.7960495623303062,0.07680958565024099,0.21793758583201472,0.6166334712624105,0.07006251201628466,0.9818758295553328,0.23981713698951546
2024-08-29T17:43:30.595131,interface,0.5669291338582677,0.7960495623303062,0.07680958565024099,0.21793758583201472,0.6166334712624105,0.07006251201628466,0.9818758295553328,0.23981713698951546
2024-08-29T17:43:30.760945,interface,0.5669291338582677,0.7960495623303062,0.07680958565024099,0.21793758583201472,0.6166334712624105,0.07006251201628466,0.9818758295553328,0.23981713698951546
2024-08-29T17:43:30.930920,interface,0.5669291338582677,0.7960495623303062,0.07680958565024099,0.21793758583201472,0.6166334712624105,0.07006251201628466,0.9818758295553328,0.23981713698951546
2024-08-29T17:43:32.893290,interface,0.4881889763779528,0.7960495623303062,0.07680958565024099,0.21793758583201472,0.6166334712624105,0.07006251201628466,0.9818758295553328,0.23981713698951546
2024-08-29T17:43:32.959333,interface,0.5039370078740157,0.7960495623303062,0.07680958565024099,0.21793758583201472,0.6166334712624105,0.07006251201628466,0.9818758295553328,0.23981713698951546
2024-08-29T17:43:33.007908,interface,0.5118110236220472,0.7960495623303062,0.07680958565024099,0.21793758583201472,0.6166334712624105,0.07006251201628466,0.9818758295553328,0.23981713698951546
2024-08-29T17:43:33.044891,interface,0.5275590551181102,0.7960495623303062,0.07680958565024099,0.21793758583201472,0.6166334712624105,0.07006251201628466,0.9818758295553328,0.23981713698951546
2024-08-29T17:43:33.078886,interface,0.5433070866141733,0.7960495623303062,0.07680958565024099,0.21793758583201472,0.6166334712624105,0.07006251201628466,0.9818758295553328,0.23981713698951546
2024-08-29T17:43:33.106254,interface,0.5590551181102362,0.7960495623303062,0.07680958565024099,0.21793758583201472,0.6166334712624105,0.07006251201628466,0.9818758295553328,0.23981713698951546
2024-08-29T17:43:33.154423,interface,0.5669291338582677,0.7960495623303062,0.07680958565024099,0.21793758583201472,0.6166334712624105,0.07006251201628466,0.9818758295553328,0.23981713698951546
2024-08-29T17:43:33.522897,interface,0.5039370078740157,0.7960495623303062,0.07680958565024099,0.21793758583201472,0.6166334712624105,0.07006251201628466,0.9818758295553328,0.23981713698951546
2024-08-29T17:43:33.525270,interface,0.4881889763779528,0.7960495623303062,0.07680958565024099,0.21793758583201472,0.6166334712624105,0.07006251201628466,0.9818758295553328,0.23981713698951546
2024-08-29T17:43:33.719057,interface,0.5039370078740157,0.7960495623303062,0.07680958565024099,0.21793758583201472,0.6166334712624105,0.07006251201628466,0.9818758295553328,0.23981713698951546
2024-08-29T17:43:33.921587,interface,0.5039370078740157,0.7960495623303062,0.07680958565024099,0.21793758583201472,0.6166334712624105,0.07006251201628466,0.9818758295553328,0.23981713698951546
2024-08-29T17:43:34.141543,interface,0.5039370078740157,0.7960495623303062,0.07680958565024099,0.21793758583201472,0.6166334712624105,0.07006251201628466,0.9818758295553328,0.23981713698951546
2024-08-29T17:43:34.294891,interface,0.5039370078740157,0.7960495623303062,0.07680958565024099,0.21793758583201472,0.6166334712624105,0.07006251201628466,0.9818758295553328,0.23981713698951546
2024-08-29T17:43:34.474419,interface,0.5039370078740157,0.7960495623303062,0.07680958565024099,0.21793758583201472,0.6166334712624105,0.07006251201628466,0.9818758295553328,0.23981713698951546
2024-08-29T17:43:34.608362,interface,0.5039370078740157,0.7960495623303062,0.07680958565024099,0.21793758583201472,0.6166334712624105,0.07006251201628466,0.9818758295553328,0.23981713698951546
2024-08-29T17:43:34.755774,interface,0.5039370078740157,0.7960495623303062,0.07680958565024099,0.21793758583201472,0.6166334712624105,0.07006251201628466,0.9818758295553328,0.23981713698951546
2024-08-29T17:43:34.906323,interface,0.5039370078740157,0.7960495623303062,0.07680958565024099,0.21793758583201472,0.6166334712624105,0.07006251201628466,0.9818758295553328,0.23981713698951546
2024-08-29T17:43:35.050030,interface,0.5039370078740157,0.7960495623303062,0.07680958565024099,0.21793758583201472,0.6166334712624105,0.07006251201628466,0.9818758295553328,0.23981713698951546
2024-08-29T17:43:35.186091,interface,0.5039370078740157,0.7960495623303062,0.07680958565024099,0.21793758583201472,0.6166334712624105,0.07006251201628466,0.9818758295553328,0.23981713698951546
2024-08-29T17:43:35.340102,interface,0.5039370078740157,0.7960495623303062,0.07680958565024099,0.21793758583201472,0.6166334712624105,0.07006251201628466,0.9818758295553328,0.23981713698951546
2024-08-29T17:43:35.485312,interface,0.5039370078740157,0.7960495623303062,0.07680958565024099,0.21793758583201472,0.6166334712624105,0.07006251201628466,0.9818758295553328,0.23981713698951546
2024-08-29T17:43:35.642269,interface,0.5039370078740157,0.7960495623303062,0.07680958565024099,0.21793758583201472,0.6166334712624105,0.07006251201628466,0.9818758295553328,0.23981713698951546
2024-08-29T17:43:36.096727,interface,0.5118110236220472,0.7960495623303062,0.07680958565024099,0.21793758583201472,0.6166334712624105,0.07006251201628466,0.9818758295553328,0.23981713698951546
2024-08-29T17:43:36.250210,interface,0.5118110236220472,0.7960495623303062,0.07680958565024099,0.21793758583201472,0.6166334712624105,0.07006251201628466,0.9818758295553328,0.23981713698951546
2024-08-29T17:43:36.408643,interface,0.5118110236220472,0.7960495623303062,0.07680958565024099,0.21793758583201472,0.6166334712624105,0.07006251201628466,0.9818758295553328,0.23981713698951546
2024-08-29T17:43:36.578214,interface,0.5118110236220472,0.7960495623303062,0.07680958565024099,0.21793758583201472,0.6166334712624105,0.07006251201628466,0.9818758295553328,0.23981713698951546
2024-08-29T17:43:36.751345,interface,0.5118110236220472,0.7960495623303062,0.07680958565024099,0.21793758583201472,0.6166334712624105,0.07006251201628466,0.9818758295553328,0.23981713698951546
2024-08-29T17:43:36.773790,interface,0.5275590551181102,0.7960495623303062,0.07680958565024099,0.21793758583201472,0.6166334712624105,0.07006251201628466,0.9818758295553328,0.23981713698951546
2024-08-29T17:43:36.914704,interface,0.5275590551181102,0.7960495623303062,0.07680958565024099,0.21793758583201472,0.6166334712624105,0.07006251201628466,0.9818758295553328,0.23981713698951546
2024-08-29T17:43:37.109588,interface,0.5275590551181102,0.7960495623303062,0.07680958565024099,0.21793758583201472,0.6166334712624105,0.07006251201628466,0.9818758295553328,0.23981713698951546
2024-08-29T17:43:37.325714,interface,0.5275590551181102,0.7960495623303062,0.07680958565024099,0.21793758583201472,0.6166334712624105,0.07006251201628466,0.9818758295553328,0.23981713698951546
2024-08-29T17:43:37.524066,interface,0.5275590551181102,0.7960495623303062,0.07680958565024099,0.21793758583201472,0.6166334712624105,0.07006251201628466,0.9818758295553328,0.23981713698951546
2024-08-29T17:43:37.707936,interface,0.5275590551181102,0.7960495623303062,0.07680958565024099,0.21793758583201472,0.6166334712624105,0.07006251201628466,0.9818758295553328,0.23981713698951546
2024-08-29T17:43:37.907126,interface,0.5275590551181102,0.7960495623303062,0.07680958565024099,0.21793758583201472,0.6166334712624105,0.07006251201628466,0.9818758295553328,0.23981713698951546
2024-08-29T17:43:38.118982,interface,0.5275590551181102,0.7960495623303062,0.07680958565024099,0.21793758583201472,0.6166334712624105,0.07006251201628466,0.9818758295553328,0.23981713698951546
2024-08-29T17:43:38.318915,interface,0.5275590551181102,0.7960495623303062,0.07680958565024099,0.21793758583201472,0.6166334712624105,0.07006251201628466,0.9818758295553328,0.23981713698951546
2024-08-29T17:43:38.504934,interface,0.5275590551181102,0.7960495623303062,0.07680958565024099,0.21793758583201472,0.6166334712624105,0.07006251201628466,0.9818758295553328,0.23981713698951546
2024-08-29T17:43:38.690354,interface,0.5275590551181102,0.7960495623303062,0.07680958565024099,0.21793758583201472,0.6166334712624105,0.07006251201628466,0.9818758295553328,0.23981713698951546
2024-08-29T17:43:38.884079,interface,0.5275590551181102,0.7960495623303062,0.07680958565024099,0.21793758583201472,0.6166334712624105,0.07006251201628466,0.9818758295553328,0.23981713698951546
2024-08-29T17:43:39.085483,interface,0.5275590551181102,0.7960495623303062,0.07680958565024099,0.21793758583201472,0.6166334712624105,0.07006251201628466,0.9818758295553328,0.23981713698951546
2024-08-29T17:43:39.283941,interface,0.5275590551181102,0.7960495623303062,0.07680958565024099,0.21793758583201472,0.6166334712624105,0.07006251201628466,0.9818758295553328,0.23981713698951546
2024-08-29T17:43:39.477548,interface,0.5275590551181102,0.7960495623303062,0.07680958565024099,0.21793758583201472,0.6166334712624105,0.07006251201628466,0.9818758295553328,0.23981713698951546
2024-08-29T17:43:39.664954,interface,0.5275590551181102,0.7960495623303062,0.07680958565024099,0.21793758583201472,0.6166334712624105,0.07006251201628466,0.9818758295553328,0.23981713698951546
2024-08-29T17:43:39.834444,interface,0.5275590551181102,0.7960495623303062,0.07680958565024099,0.21793758583201472,0.6166334712624105,0.07006251201628466,0.9818758295553328,0.23981713698951546
2024-08-29T17:43:40.024838,interface,0.5275590551181102,0.7960495623303062,0.07680958565024099,0.21793758583201472,0.6166334712624105,0.07006251201628466,0.9818758295553328,0.23981713698951546
2024-08-29T17:43:40.266367,interface,0.5275590551181102,0.7960495623303062,0.07680958565024099,0.21793758583201472,0.6166334712624105,0.07006251201628466,0.9818758295553328,0.23981713698951546
2024-08-29T17:43:40.536795,interface,0.5275590551181102,0.7960495623303062,0.07680958565024099,0.21793758583201472,0.6166334712624105,0.07006251201628466,0.9818758295553328,0.23981713698951546
2024-08-29T17:43:40.826219,interface,0.5275590551181102,0.7960495623303062,0.07680958565024099,0.21793758583201472,0.6166334712624105,0.07006251201628466,0.9818758295553328,0.23981713698951546
2024-08-29T17:43:41.048773,interface,0.5275590551181102,0.7960495623303062,0.07680958565024099,0.21793758583201472,0.6166334712624105,0.07006251201628466,0.9818758295553328,0.23981713698951546
2024-08-29T17:43:41.248791,interface,0.5275590551181102,0.7960495623303062,0.07680958565024099,0.21793758583201472,0.6166334712624105,0.07006251201628466,0.9818758295553328,0.23981713698951546
2024-08-29T17:43:41.451762,interface,0.5275590551181102,0.7960495623303062,0.07680958565024099,0.21793758583201472,0.6166334712624105,0.07006251201628466,0.9818758295553328,0.23981713698951546
2024-08-29T17:43:41.646723,interface,0.5275590551181102,0.7960495623303062,0.07680958565024099,0.21793758583201472,0.6166334712624105,0.07006251201628466,0.9818758295553328,0.23981713698951546
2024-08-29T17:43:41.859823,interface,0.5275590551181102,0.7960495623303062,0.07680958565024099,0.21793758583201472,0.6166334712624105,0.07006251201628466,0.9818758295553328,0.23981713698951546
2024-08-29T17:43:41.893840,interface,0.5433070866141733,0.7960495623303062,0.07680958565024099,0.21793758583201472,0.6166334712624105,0.07006251201628466,0.9818758295553328,0.23981713698951546
2024-08-29T17:43:42.044302,interface,0.5433070866141733,0.7960495623303062,0.07680958565024099,0.21793758583201472,0.6166334712624105,0.07006251201628466,0.9818758295553328,0.23981713698951546
2024-08-29T17:43:42.228205,interface,0.5433070866141733,0.7960495623303062,0.07680958565024099,0.21793758583201472,0.6166334712624105,0.07006251201628466,0.9818758295553328,0.23981713698951546
2024-08-29T17:43:42.405786,interface,0.5433070866141733,0.7960495623303062,0.07680958565024099,0.21793758583201472,0.6166334712624105,0.07006251201628466,0.9818758295553328,0.23981713698951546
2024-08-29T17:43:42.563414,interface,0.5433070866141733,0.7960495623303062,0.07680958565024099,0.21793758583201472,0.6166334712624105,0.07006251201628466,0.9818758295553328,0.23981713698951546
2024-08-29T17:43:42.720559,interface,0.5433070866141733,0.7960495623303062,0.07680958565024099,0.21793758583201472,0.6166334712624105,0.07006251201628466,0.9818758295553328,0.23981713698951546
2024-08-29T17:43:42.984727,interface,0.5118110236220472,0.7960495623303062,0.07680958565024099,0.21793758583201472,0.6166334712624105,0.07006251201628466,0.9818758295553328,0.23981713698951546
2024-08-29T17:43:43.206541,interface,0.5118110236220472,0.7960495623303062,0.07680958565024099,0.21793758583201472,0.6166334712624105,0.07006251201628466,0.9818758295553328,0.23981713698951546
2024-08-29T17:43:43.371130,interface,0.5118110236220472,0.7960495623303062,0.07680958565024099,0.21793758583201472,0.6166334712624105,0.07006251201628466,0.9818758295553328,0.23981713698951546
2024-08-29T17:43:43.582508,interface,0.5118110236220472,0.7960495623303062,0.07680958565024099,0.21793758583201472,0.6166334712624105,0.07006251201628466,0.9818758295553328,0.23981713698951546
2024-08-29T17:43:43.780500,interface,0.5118110236220472,0.7960495623303062,0.07680958565024099,0.21793758583201472,0.6166334712624105,0.07006251201628466,0.9818758295553328,0.23981713698951546
2024-08-29T17:43:43.894112,interface,0.5590551181102362,0.7960495623303062,0.07680958565024099,0.21793758583201472,0.6166334712624105,0.07006251201628466,0.9818758295553328,0.23981713698951546
2024-08-29T17:43:43.978387,interface,0.41732283464566927,0.7960495623303062,0.07680958565024099,0.21793758583201472,0.6166334712624105,0.07006251201628466,0.9818758295553328,0.23981713698951546
2024-08-29T17:43:44.012751,interface,0.5118110236220472,0.7960495623303062,0.07680958565024099,0.21793758583201472,0.6166334712624105,0.07006251201628466,0.9818758295553328,0.23981713698951546
2024-08-29T17:43:44.141978,interface,0.5590551181102362,0.7960495623303062,0.07680958565024099,0.21793758583201472,0.6166334712624105,0.07006251201628466,0.9818758295553328,0.23981713698951546
2024-08-29T17:43:44.225871,interface,0.5118110236220472,0.7960495623303062,0.07680958565024099,0.21793758583201472,0.6166334712624105,0.07006251201628466,0.9818758295553328,0.23981713698951546
2024-08-29T17:43:44.290460,interface,0.5433070866141733,0.7960495623303062,0.07680958565024099,0.21793758583201472,0.6166334712624105,0.07006251201628466,0.9818758295553328,0.23981713698951546
2024-08-29T17:43:44.357928,interface,0.5590551181102362,0.7960495623303062,0.07680958565024099,0.21793758583201472,0.6166334712624105,0.07006251201628466,0.9818758295553328,0.23981713698951546
2024-08-29T17:43:44.439791,interface,0.5118110236220472,0.7960495623303062,0.07680958565024099,0.21793758583201472,0.6166334712624105,0.07006251201628466,0.9818758295553328,0.23981713698951546
2024-08-29T17:43:44.501595,interface,0.5433070866141733,0.7960495623303062,0.07680958565024099,0.21793758583201472,0.6166334712624105,0.07006251201628466,0.9818758295553328,0.23981713698951546
2024-08-29T17:43:44.550827,interface,0.5590551181102362,0.7960495623303062,0.07680958565024099,0.21793758583201472,0.6166334712624105,0.07006251201628466,0.9818758295553328,0.23981713698951546
2024-08-29T17:43:44.617475,interface,0.5118110236220472,0.7960495623303062,0.07680958565024099,0.21793758583201472,0.6166334712624105,0.07006251201628466,0.9818758295553328,0.23981713698951546
2024-08-29T17:43:46.413450,interface,0.4094488188976378,0.7960495623303062,0.07680958565024099,0.21793758583201472,0.6166334712624105,0.07006251201628466,0.9818758295553328,0.23981713698951546
2024-08-29T17:43:47.563225,interface,0.4015748031496063,0.7960495623303062,0.07680958565024099,0.21793758583201472,0.6166334712624105,0.07006251201628466,0.9818758295553328,0.23981713698951546
2024-08-29T17:43:47.953599,interface,0.4094488188976378,0.7960495623303062,0.07680958565024099,0.21793758583201472,0.6166334712624105,0.07006251201628466,0.9818758295553328,0.23981713698951546
2024-08-29T17:43:48.797699,interface,0.3779527559055118,0.7960495623303062,0.07680958565024099,0.21793758583201472,0.6166334712624105,0.07006251201628466,0.9818758295553328,0.23981713698951546
2024-08-29T17:43:49.764663,interface,0.3937007874015748,0.7960495623303062,0.07680958565024099,0.21793758583201472,0.6166334712624105,0.07006251201628466,0.9818758295553328,0.23981713698951546
2024-08-29T17:43:50.112952,interface,0.3937007874015748,0.7960495623303062,0.07680958565024099,0.21793758583201472,0.6166334712624105,0.07006251201628466,0.9818758295553328,0.23981713698951546
2024-08-29T17:43:50.275142,interface,0.3937007874015748,0.7960495623303062,0.07680958565024099,0.21793758583201472,0.6166334712624105,0.07006251201628466,0.9818758295553328,0.23981713698951546
2024-08-29T17:43:51.404314,interface,0.3937007874015748,0.7960495623303062,0.07680958565024099,0.21793758583201472,0.6166334712624105,0.07006251201628466,0.9818758295553328,0.23981713698951546
2024-08-29T17:43:51.961187,interface,0.3937007874015748,0.7960495623303062,0.07680958565024099,0.21793758583201472,0.6166334712624105,0.07006251201628466,0.9818758295553328,0.23981713698951546
2024-08-29T17:43:51.963554,interface,0.4094488188976378,0.7960495623303062,0.07680958565024099,0.21793758583201472,0.6166334712624105,0.07006251201628466,0.9818758295553328,0.23981713698951546
2024-08-29T17:43:52.082354,interface,0.3779527559055118,0.7960495623303062,0.07680958565024099,0.21793758583201472,0.6166334712624105,0.07006251201628466,0.9818758295553328,0.23981713698951546
2024-08-29T17:43:52.541680,interface,0.3779527559055118,0.7960495623303062,0.07680958565024099,0.21793758583201472,0.6166334712624105,0.07006251201628466,0.9818758295553328,0.23981713698951546
2024-08-29T17:43:52.544036,interface,0.3937007874015748,0.7960495623303062,0.07680958565024099,0.21793758583201472,0.6166334712624105,0.07006251201628466,0.9818758295553328,0.23981713698951546
2024-08-29T17:43:52.554658,interface,0.4094488188976378,0.7960495623303062,0.07680958565024099,0.21793758583201472,0.6166334712624105,0.07006251201628466,0.9818758295553328,0.23981713698951546
2024-08-29T17:43:53.097124,interface,0.4094488188976378,0.7960495623303062,0.07680958565024099,0.21793758583201472,0.6166334712624105,0.07006251201628466,0.9818758295553328,0.23981713698951546
2024-08-29T17:43:53.109600,interface,0.3779527559055118,0.7960495623303062,0.07680958565024099,0.21793758583201472,0.6166334712624105,0.07006251201628466,0.9818758295553328,0.23981713698951546
2024-08-29T17:43:53.111944,interface,0.3937007874015748,0.7960495623303062,0.07680958565024099,0.21793758583201472,0.6166334712624105,0.07006251201628466,0.9818758295553328,0.23981713698951546
2024-08-29T17:43:57.687377,interface,0.4645669291338583,0.7960495623303062,0.07680958565024099,0.21793758583201472,0.6166334712624105,0.07006251201628466,0.9818758295553328,0.23981713698951546
2024-08-29T17:43:57.724194,interface,0.47244094488188976,0.7960495623303062,0.07680958565024099,0.21793758583201472,0.6166334712624105,0.07006251201628466,0.9818758295553328,0.23981713698951546
2024-08-29T17:43:57.769199,interface,0.4881889763779528,0.7960495623303062,0.07680958565024099,0.21793758583201472,0.6166334712624105,0.07006251201628466,0.9818758295553328,0.23981713698951546
2024-08-29T17:43:57.951469,interface,0.5275590551181102,0.7960495623303062,0.07680958565024099,0.21793758583201472,0.6166334712624105,0.07006251201628466,0.9818758295553328,0.23981713698951546
2024-08-29T17:43:58.150685,interface,0.5118110236220472,0.7960495623303062,0.07680958565024099,0.21793758583201472,0.6166334712624105,0.07006251201628466,0.9818758295553328,0.23981713698951546
2024-08-29T17:43:58.201816,interface,0.5039370078740157,0.7960495623303062,0.07680958565024099,0.21793758583201472,0.6166334712624105,0.07006251201628466,0.9818758295553328,0.23981713698951546
2024-08-29T17:43:58.242703,interface,0.4881889763779528,0.7960495623303062,0.07680958565024099,0.21793758583201472,0.6166334712624105,0.07006251201628466,0.9818758295553328,0.23981713698951546
2024-08-29T17:43:58.277753,interface,0.47244094488188976,0.7960495623303062,0.07680958565024099,0.21793758583201472,0.6166334712624105,0.07006251201628466,0.9818758295553328,0.23981713698951546
2024-08-29T17:43:58.311206,interface,0.4645669291338583,0.7960495623303062,0.07680958565024099,0.21793758583201472,0.6166334712624105,0.07006251201628466,0.9818758295553328,0.23981713698951546
2024-08-29T17:43:58.341205,interface,0.44881889763779526,0.7960495623303062,0.07680958565024099,0.21793758583201472,0.6166334712624105,0.07006251201628466,0.9818758295553328,0.23981713698951546
2024-08-29T17:43:59.257295,interface,0.4881889763779528,0.7960495623303062,0.07680958565024099,0.21793758583201472,0.6166334712624105,0.07006251201628466,0.9818758295553328,0.23981713698951546
2024-08-29T17:43:59.284565,interface,0.5039370078740157,0.7960495623303062,0.07680958565024099,0.21793758583201472,0.6166334712624105,0.07006251201628466,0.9818758295553328,0.23981713698951546
2024-08-29T17:43:59.317003,interface,0.5118110236220472,0.7960495623303062,0.07680958565024099,0.21793758583201472,0.6166334712624105,0.07006251201628466,0.9818758295553328,0.23981713698951546
2024-08-29T17:43:59.354101,interface,0.5275590551181102,0.7960495623303062,0.07680958565024099,0.21793758583201472,0.6166334712624105,0.07006251201628466,0.9818758295553328,0.23981713698951546
2024-08-29T17:43:59.380013,interface,0.5433070866141733,0.7960495623303062,0.07680958565024099,0.21793758583201472,0.6166334712624105,0.07006251201628466,0.9818758295553328,0.23981713698951546
2024-08-29T17:43:59.415501,interface,0.5590551181102362,0.7960495623303062,0.07680958565024099,0.21793758583201472,0.6166334712624105,0.07006251201628466,0.9818758295553328,0.23981713698951546
2024-08-29T17:43:59.683546,interface,0.5433070866141733,0.7960495623303062,0.07680958565024099,0.21793758583201472,0.6166334712624105,0.07006251201628466,0.9818758295553328,0.23981713698951546
2024-08-29T17:43:59.711577,interface,0.5275590551181102,0.7960495623303062,0.07680958565024099,0.21793758583201472,0.6166334712624105,0.07006251201628466,0.9818758295553328,0.23981713698951546
2024-08-29T17:43:59.743493,interface,0.5118110236220472,0.7960495623303062,0.07680958565024099,0.21793758583201472,0.6166334712624105,0.07006251201628466,0.9818758295553328,0.23981713698951546
2024-08-29T17:43:59.765058,interface,0.5039370078740157,0.7960495623303062,0.07680958565024099,0.21793758583201472,0.6166334712624105,0.07006251201628466,0.9818758295553328,0.23981713698951546
2024-08-29T17:43:59.790656,interface,0.4881889763779528,0.7960495623303062,0.07680958565024099,0.21793758583201472,0.6166334712624105,0.07006251201628466,0.9818758295553328,0.23981713698951546
2024-08-29T17:43:59.812546,interface,0.47244094488188976,0.7960495623303062,0.07680958565024099,0.21793758583201472,0.6166334712624105,0.07006251201628466,0.9818758295553328,0.23981713698951546
2024-08-29T17:43:59.834600,interface,0.4645669291338583,0.7960495623303062,0.07680958565024099,0.21793758583201472,0.6166334712624105,0.07006251201628466,0.9818758295553328,0.23981713698951546
2024-08-29T17:43:59.862148,interface,0.44881889763779526,0.7960495623303062,0.07680958565024099,0.21793758583201472,0.6166334712624105,0.07006251201628466,0.9818758295553328,0.23981713698951546
2024-08-29T17:44:04.115014,interface,0.4330708661417323,0.7960495623303062,0.07680958565024099,0.21793758583201472,0.6166334712624105,0.07006251201628466,0.9818758295553328,0.23981713698951546
2024-08-29T17:44:04.226998,interface,0.44881889763779526,0.7960495623303062,0.07680958565024099,0.21793758583201472,0.6166334712624105,0.07006251201628466,0.9818758295553328,0.23981713698951546
2024-08-29T17:44:04.337050,interface,0.4094488188976378,0.7960495623303062,0.07680958565024099,0.21793758583201472,0.6166334712624105,0.07006251201628466,0.9818758295553328,0.23981713698951546
2024-08-29T17:44:04.428364,interface,0.4409448818897638,0.7960495623303062,0.07680958565024099,0.21793758583201472,0.6166334712624105,0.07006251201628466,0.9818758295553328,0.23981713698951546
2024-08-29T17:44:04.483262,interface,0.4645669291338583,0.7960495623303062,0.07680958565024099,0.21793758583201472,0.6166334712624105,0.07006251201628466,0.9818758295553328,0.23981713698951546
2024-08-29T17:44:04.622339,interface,0.4094488188976378,0.7960495623303062,0.07680958565024099,0.21793758583201472,0.6166334712624105,0.07006251201628466,0.9818758295553328,0.23981713698951546
2024-08-29T17:44:04.792886,interface,0.41732283464566927,0.7960495623303062,0.07680958565024099,0.21793758583201472,0.6166334712624105,0.07006251201628466,0.9818758295553328,0.23981713698951546
2024-08-29T17:44:04.820454,interface,0.4330708661417323,0.7960495623303062,0.07680958565024099,0.21793758583201472,0.6166334712624105,0.07006251201628466,0.9818758295553328,0.23981713698951546
2024-08-29T17:44:04.916756,interface,0.44881889763779526,0.7960495623303062,0.07680958565024099,0.21793758583201472,0.6166334712624105,0.07006251201628466,0.9818758295553328,0.23981713698951546
2024-08-29T17:44:05.000047,interface,0.4330708661417323,0.7960495623303062,0.07680958565024099,0.21793758583201472,0.6166334712624105,0.07006251201628466,0.9818758295553328,0.23981713698951546
2024-08-29T17:44:05.086267,interface,0.44881889763779526,0.7960495623303062,0.07680958565024099,0.21793758583201472,0.6166334712624105,0.07006251201628466,0.9818758295553328,0.23981713698951546
2024-08-29T17:44:05.173798,interface,0.4330708661417323,0.7960495623303062,0.07680958565024099,0.21793758583201472,0.6166334712624105,0.07006251201628466,0.9818758295553328,0.23981713698951546
2024-08-29T17:44:05.271688,interface,0.44881889763779526,0.7960495623303062,0.07680958565024099,0.21793758583201472,0.6166334712624105,0.07006251201628466,0.9818758295553328,0.23981713698951546
2024-08-29T17:44:05.344818,interface,0.4330708661417323,0.7960495623303062,0.07680958565024099,0.21793758583201472,0.6166334712624105,0.07006251201628466,0.9818758295553328,0.23981713698951546
2024-08-29T17:44:05.438315,interface,0.44881889763779526,0.7960495623303062,0.07680958565024099,0.21793758583201472,0.6166334712624105,0.07006251201628466,0.9818758295553328,0.23981713698951546
2024-08-29T17:44:05.527223,interface,0.4330708661417323,0.7960495623303062,0.07680958565024099,0.21793758583201472,0.6166334712624105,0.07006251201628466,0.9818758295553328,0.23981713698951546
2024-08-29T17:44:05.649355,interface,0.44881889763779526,0.7960495623303062,0.07680958565024099,0.21793758583201472,0.6166334712624105,0.07006251201628466,0.9818758295553328,0.23981713698951546
2024-08-29T17:44:28.002672,interface,0.5039370078740157,0.7960495623303062,0.07680958565024099,0.21793758583201472,0.6166334712624105,0.07006251201628466,0.9818758295553328,0.23981713698951546
2024-08-29T17:44:28.411557,interface,0.47244094488188976,0.7960495623303062,0.07680958565024099,0.21793758583201472,0.6166334712624105,0.07006251201628466,0.9818758295553328,0.23981713698951546
2024-08-29T17:44:28.707593,interface,0.4881889763779528,0.7960495623303062,0.07680958565024099,0.21793758583201472,0.6166334712624105,0.07006251201628466,0.9818758295553328,0.23981713698951546
2024-08-29T17:44:28.886301,interface,0.44881889763779526,0.7960495623303062,0.07680958565024099,0.21793758583201472,0.6166334712624105,0.07006251201628466,0.9818758295553328,0.23981713698951546
2024-08-29T17:44:29.073727,interface,0.47244094488188976,0.7960495623303062,0.07680958565024099,0.21793758583201472,0.6166334712624105,0.07006251201628466,0.9818758295553328,0.23981713698951546
2024-08-29T17:44:29.250223,interface,0.41732283464566927,0.7960495623303062,0.07680958565024099,0.21793758583201472,0.6166334712624105,0.07006251201628466,0.9818758295553328,0.23981713698951546
2024-08-29T17:44:29.425645,interface,0.47244094488188976,0.7960495623303062,0.07680958565024099,0.21793758583201472,0.6166334712624105,0.07006251201628466,0.9818758295553328,0.23981713698951546
2024-08-29T17:44:29.609650,interface,0.3937007874015748,0.7960495623303062,0.07680958565024099,0.21793758583201472,0.6166334712624105,0.07006251201628466,0.9818758295553328,0.23981713698951546
2024-08-29T17:44:29.783643,interface,0.5039370078740157,0.7960495623303062,0.07680958565024099,0.21793758583201472,0.6166334712624105,0.07006251201628466,0.9818758295553328,0.23981713698951546
2024-08-29T17:44:30.368974,interface,0.3779527559055118,0.7960495623303062,0.07680958565024099,0.21793758583201472,0.6166334712624105,0.07006251201628466,0.9818758295553328,0.23981713698951546
2024-08-29T17:44:30.808532,interface,0.41732283464566927,0.7960495623303062,0.07680958565024099,0.21793758583201472,0.6166334712624105,0.07006251201628466,0.9818758295553328,0.23981713698951546
2024-08-29T17:44:31.052496,interface,0.5118110236220472,0.7960495623303062,0.07680958565024099,0.21793758583201472,0.6166334712624105,0.07006251201628466,0.9818758295553328,0.23981713698951546
2024-08-29T17:44:31.268459,interface,0.4645669291338583,0.7960495623303062,0.07680958565024099,0.21793758583201472,0.6166334712624105,0.07006251201628466,0.9818758295553328,0.23981713698951546
2024-08-29T17:44:31.522580,interface,0.5039370078740157,0.7960495623303062,0.07680958565024099,0.21793758583201472,0.6166334712624105,0.07006251201628466,0.9818758295553328,0.23981713698951546
2024-08-29T17:44:31.744175,interface,0.47244094488188976,0.7960495623303062,0.07680958565024099,0.21793758583201472,0.6166334712624105,0.07006251201628466,0.9818758295553328,0.23981713698951546
2024-08-29T17:44:31.871603,interface,0.5118110236220472,0.7960495623303062,0.07680958565024099,0.21793758583201472,0.6166334712624105,0.07006251201628466,0.9818758295553328,0.23981713698951546
2024-08-29T17:44:32.058182,interface,0.4881889763779528,0.7960495623303062,0.07680958565024099,0.21793758583201472,0.6166334712624105,0.07006251201628466,0.9818758295553328,0.23981713698951546
2024-08-29T17:44:32.195664,interface,0.5433070866141733,0.7960495623303062,0.07680958565024099,0.21793758583201472,0.6166334712624105,0.07006251201628466,0.9818758295553328,0.23981713698951546
2024-08-29T17:44:32.416218,interface,0.47244094488188976,0.7960495623303062,0.07680958565024099,0.21793758583201472,0.6166334712624105,0.07006251201628466,0.9818758295553328,0.23981713698951546
2024-08-29T17:44:32.909281,interface,0.41732283464566927,0.7960495623303062,0.07680958565024099,0.21793758583201472,0.6166334712624105,0.07006251201628466,0.9818758295553328,0.23981713698951546
2024-08-29T17:44:38.523563,interface,0.47244094488188976,0.7960495623303062,0.07680958565024099,0.21793758583201472,0.6166334712624105,0.07006251201628466,0.9818758295553328,0.23981713698951546
2024-08-29T17:44:38.623553,interface,0.4881889763779528,0.7960495623303062,0.07680958565024099,0.21793758583201472,0.6166334712624105,0.07006251201628466,0.9818758295553328,0.23981713698951546
2024-08-29T17:44:38.676353,interface,0.5039370078740157,0.7960495623303062,0.07680958565024099,0.21793758583201472,0.6166334712624105,0.07006251201628466,0.9818758295553328,0.23981713698951546
2024-08-29T17:44:38.724531,interface,0.5118110236220472,0.7960495623303062,0.07680958565024099,0.21793758583201472,0.6166334712624105,0.07006251201628466,0.9818758295553328,0.23981713698951546
2024-08-29T17:44:38.779492,interface,0.5275590551181102,0.7960495623303062,0.07680958565024099,0.21793758583201472,0.6166334712624105,0.07006251201628466,0.9818758295553328,0.23981713698951546
2024-08-29T17:44:38.840213,interface,0.5433070866141733,0.7960495623303062,0.07680958565024099,0.21793758583201472,0.6166334712624105,0.07006251201628466,0.9818758295553328,0.23981713698951546
2024-08-29T17:44:38.907769,interface,0.5590551181102362,0.7960495623303062,0.07680958565024099,0.21793758583201472,0.6166334712624105,0.07006251201628466,0.9818758295553328,0.23981713698951546
2024-08-29T17:44:39.217100,interface,0.5433070866141733,0.7960495623303062,0.07680958565024099,0.21793758583201472,0.6166334712624105,0.07006251201628466,0.9818758295553328,0.23981713698951546
2024-08-29T17:44:39.219577,interface,0.5590551181102362,0.7960495623303062,0.07680958565024099,0.21793758583201472,0.6166334712624105,0.07006251201628466,0.9818758295553328,0.23981713698951546
2024-08-29T17:44:39.409135,interface,0.5590551181102362,0.7960495623303062,0.07680958565024099,0.21793758583201472,0.6166334712624105,0.07006251201628466,0.9818758295553328,0.23981713698951546
2024-08-29T17:46:53.927587,interface,0.4409448818897638,0.7960495623303062,0.07680958565024099,0.21793758583201472,0.6166334712624105,0.07006251201628466,0.9818758295553328,0.23981713698951546
2024-08-29T17:46:53.971064,interface,0.4566929133858268,0.7960495623303062,0.07680958565024099,0.21793758583201472,0.6166334712624105,0.07006251201628466,0.9818758295553328,0.23981713698951546
2024-08-29T17:46:54.051467,interface,0.47244094488188976,0.7960495623303062,0.07680958565024099,0.21793758583201472,0.6166334712624105,0.07006251201628466,0.9818758295553328,0.23981713698951546
2024-08-29T17:46:54.114444,interface,0.4881889763779528,0.7960495623303062,0.07680958565024099,0.21793758583201472,0.6166334712624105,0.07006251201628466,0.9818758295553328,0.23981713698951546
2024-08-29T17:46:54.247198,interface,0.49606299212598426,0.7960495623303062,0.07680958565024099,0.21793758583201472,0.6166334712624105,0.07006251201628466,0.9818758295553328,0.23981713698951546
2024-08-29T17:46:54.335385,interface,0.5118110236220472,0.7960495623303062,0.07680958565024099,0.21793758583201472,0.6166334712624105,0.07006251201628466,0.9818758295553328,0.23981713698951546
2024-08-29T17:46:54.397598,interface,0.5275590551181102,0.7960495623303062,0.07680958565024099,0.21793758583201472,0.6166334712624105,0.07006251201628466,0.9818758295553328,0.23981713698951546
2024-08-29T17:46:54.478018,interface,0.49606299212598426,0.7960495623303062,0.07680958565024099,0.21793758583201472,0.6166334712624105,0.07006251201628466,0.9818758295553328,0.23981713698951546
2024-08-29T17:46:54.497497,interface,0.5118110236220472,0.7960495623303062,0.07680958565024099,0.21793758583201472,0.6166334712624105,0.07006251201628466,0.9818758295553328,0.23981713698951546
2024-08-29T17:46:54.587600,interface,0.5275590551181102,0.7960495623303062,0.07680958565024099,0.21793758583201472,0.6166334712624105,0.07006251201628466,0.9818758295553328,0.23981713698951546
2024-08-29T17:46:54.661944,interface,0.49606299212598426,0.7960495623303062,0.07680958565024099,0.21793758583201472,0.6166334712624105,0.07006251201628466,0.9818758295553328,0.23981713698951546
2024-08-29T17:46:54.664667,interface,0.5118110236220472,0.7960495623303062,0.07680958565024099,0.21793758583201472,0.6166334712624105,0.07006251201628466,0.9818758295553328,0.23981713698951546
2024-08-29T17:46:54.748884,interface,0.5275590551181102,0.7960495623303062,0.07680958565024099,0.21793758583201472,0.6166334712624105,0.07006251201628466,0.9818758295553328,0.23981713698951546
2024-08-29T17:46:54.780607,interface,0.5118110236220472,0.7960495623303062,0.07680958565024099,0.21793758583201472,0.6166334712624105,0.07006251201628466,0.9818758295553328,0.23981713698951546
2024-08-29T17:46:54.815332,interface,0.49606299212598426,0.7960495623303062,0.07680958565024099,0.21793758583201472,0.6166334712624105,0.07006251201628466,0.9818758295553328,0.23981713698951546
2024-08-29T17:46:54.959997,interface,0.5118110236220472,0.7960495623303062,0.07680958565024099,0.21793758583201472,0.6166334712624105,0.07006251201628466,0.9818758295553328,0.23981713698951546
2024-08-29T17:46:54.987779,interface,0.49606299212598426,0.7960495623303062,0.07680958565024099,0.21793758583201472,0.6166334712624105,0.07006251201628466,0.9818758295553328,0.23981713698951546
2024-08-29T17:46:55.231514,interface,0.49606299212598426,0.7960495623303062,0.07680958565024099,0.21793758583201472,0.6166334712624105,0.07006251201628466,0.9818758295553328,0.23981713698951546
2024-08-29T17:46:55.297365,interface,0.5275590551181102,0.7960495623303062,0.07680958565024099,0.21793758583201472,0.6166334712624105,0.07006251201628466,0.9818758295553328,0.23981713698951546
2024-08-29T17:46:55.329513,interface,0.5118110236220472,0.7960495623303062,0.07680958565024099,0.21793758583201472,0.6166334712624105,0.07006251201628466,0.9818758295553328,0.23981713698951546
2024-08-29T17:46:55.389525,interface,0.49606299212598426,0.7960495623303062,0.07680958565024099,0.21793758583201472,0.6166334712624105,0.07006251201628466,0.9818758295553328,0.23981713698951546
2024-08-29T17:46:55.441329,interface,0.5275590551181102,0.7960495623303062,0.07680958565024099,0.21793758583201472,0.6166334712624105,0.07006251201628466,0.9818758295553328,0.23981713698951546
2024-08-29T17:46:55.518465,interface,0.5118110236220472,0.7960495623303062,0.07680958565024099,0.21793758583201472,0.6166334712624105,0.07006251201628466,0.9818758295553328,0.23981713698951546
2024-08-29T17:46:55.552954,interface,0.49606299212598426,0.7960495623303062,0.07680958565024099,0.21793758583201472,0.6166334712624105,0.07006251201628466,0.9818758295553328,0.23981713698951546
2024-08-29T17:46:55.628489,interface,0.5275590551181102,0.7960495623303062,0.07680958565024099,0.21793758583201472,0.6166334712624105,0.07006251201628466,0.9818758295553328,0.23981713698951546
2024-08-29T17:46:55.686057,interface,0.5118110236220472,0.7960495623303062,0.07680958565024099,0.21793758583201472,0.6166334712624105,0.07006251201628466,0.9818758295553328,0.23981713698951546
2024-08-29T17:46:55.715860,interface,0.49606299212598426,0.7960495623303062,0.07680958565024099,0.21793758583201472,0.6166334712624105,0.07006251201628466,0.9818758295553328,0.23981713698951546
2024-08-29T17:46:55.795402,interface,0.5275590551181102,0.7960495623303062,0.07680958565024099,0.21793758583201472,0.6166334712624105,0.07006251201628466,0.9818758295553328,0.23981713698951546
2024-08-29T17:46:55.854330,interface,0.5118110236220472,0.7960495623303062,0.07680958565024099,0.21793758583201472,0.6166334712624105,0.07006251201628466,0.9818758295553328,0.23981713698951546
2024-08-29T17:46:55.872894,interface,0.49606299212598426,0.7960495623303062,0.07680958565024099,0.21793758583201472,0.6166334712624105,0.07006251201628466,0.9818758295553328,0.23981713698951546
2024-08-29T17:46:55.951764,interface,0.5275590551181102,0.7960495623303062,0.07680958565024099,0.21793758583201472,0.6166334712624105,0.07006251201628466,0.9818758295553328,0.23981713698951546
2024-08-29T17:46:56.003434,interface,0.5118110236220472,0.7960495623303062,0.07680958565024099,0.21793758583201472,0.6166334712624105,0.07006251201628466,0.9818758295553328,0.23981713698951546
2024-08-29T17:46:56.031398,interface,0.49606299212598426,0.7960495623303062,0.07680958565024099,0.21793758583201472,0.6166334712624105,0.07006251201628466,0.9818758295553328,0.23981713698951546
2024-08-29T17:46:56.053465,interface,0.48031496062992124,0.7960495623303062,0.07680958565024099,0.21793758583201472,0.6166334712624105,0.07006251201628466,0.9818758295553328,0.23981713698951546
2024-08-29T17:46:56.094715,interface,0.5275590551181102,0.7960495623303062,0.07680958565024099,0.21793758583201472,0.6166334712624105,0.07006251201628466,0.9818758295553328,0.23981713698951546
2024-08-29T17:46:56.110070,interface,0.5118110236220472,0.7960495623303062,0.07680958565024099,0.21793758583201472,0.6166334712624105,0.07006251201628466,0.9818758295553328,0.23981713698951546
2024-08-29T17:48:45.637822,interface,0.5039370078740157,0.7960495623303062,0.07680958565024099,0.21793758583201472,0.6166334712624105,0.07006251201628466,0.9818758295553328,0.23981713698951546
2024-08-29T17:48:46.295507,interface,0.5039370078740157,0.7960495623303062,0.07680958565024099,0.21793758583201472,0.6166334712624105,0.07006251201628466,0.9818758295553328,0.23981713698951546
2024-08-29T17:48:47.325184,interface,0.5039370078740157,0.7960495623303062,0.07680958565024099,0.21793758583201472,0.6166334712624105,0.07006251201628466,0.9818758295553328,0.23981713698951546
2024-08-29T17:48:47.762663,interface,0.4881889763779528,0.7960495623303062,0.07680958565024099,0.21793758583201472,0.6166334712624105,0.07006251201628466,0.9818758295553328,0.23981713698951546
2024-08-29T17:48:48.108868,interface,0.5039370078740157,0.7960495623303062,0.07680958565024099,0.21793758583201472,0.6166334712624105,0.07006251201628466,0.9818758295553328,0.23981713698951546
2024-08-29T17:48:48.379595,interface,0.5275590551181102,0.7960495623303062,0.07680958565024099,0.21793758583201472,0.6166334712624105,0.07006251201628466,0.9818758295553328,0.23981713698951546
2024-08-29T17:48:48.398401,interface,0.5118110236220472,0.7960495623303062,0.07680958565024099,0.21793758583201472,0.6166334712624105,0.07006251201628466,0.9818758295553328,0.23981713698951546
2024-08-29T17:48:49.020271,interface,0.4881889763779528,0.7960495623303062,0.07680958565024099,0.21793758583201472,0.6166334712624105,0.07006251201628466,0.9818758295553328,0.23981713698951546
2024-08-29T17:48:50.557241,interface,0.47244094488188976,0.7960495623303062,0.07680958565024099,0.21793758583201472,0.6166334712624105,0.07006251201628466,0.9818758295553328,0.23981713698951546
2024-08-29T17:48:51.661357,interface,0.4094488188976378,0.7960495623303062,0.07680958565024099,0.21793758583201472,0.6166334712624105,0.07006251201628466,0.9818758295553328,0.23981713698951546
2024-08-29T17:48:53.162694,interface,0.47244094488188976,0.7960495623303062,0.07680958565024099,0.21793758583201472,0.6166334712624105,0.07006251201628466,0.9818758295553328,0.23981713698951546
2024-08-29T17:48:54.562483,interface,0.5039370078740157,0.7960495623303062,0.07680958565024099,0.21793758583201472,0.6166334712624105,0.07006251201628466,0.9818758295553328,0.23981713698951546
2024-08-29T17:48:58.071067,interface,0.47244094488188976,0.7960495623303062,0.07680958565024099,0.21793758583201472,0.6166334712624105,0.07006251201628466,0.9818758295553328,0.23981713698951546
2024-08-29T17:48:59.564651,interface,0.4251968503937008,0.7960495623303062,0.07680958565024099,0.21793758583201472,0.6166334712624105,0.07006251201628466,0.9818758295553328,0.23981713698951546
2024-08-29T17:49:00.195568,interface,0.44881889763779526,0.7960495623303062,0.07680958565024099,0.21793758583201472,0.6166334712624105,0.07006251201628466,0.9818758295553328,0.23981713698951546
2024-08-29T17:49:00.682167,interface,0.4015748031496063,0.7960495623303062,0.07680958565024099,0.21793758583201472,0.6166334712624105,0.07006251201628466,0.9818758295553328,0.23981713698951546
2024-08-29T17:49:01.043134,interface,0.4251968503937008,0.7960495623303062,0.07680958565024099,0.21793758583201472,0.6166334712624105,0.07006251201628466,0.9818758295553328,0.23981713698951546
2024-08-29T17:49:01.284978,interface,0.3858267716535433,0.7960495623303062,0.07680958565024099,0.21793758583201472,0.6166334712624105,0.07006251201628466,0.9818758295553328,0.23981713698951546
2024-08-29T17:49:02.436101,interface,0.47244094488188976,0.7960495623303062,0.07680958565024099,0.21793758583201472,0.6166334712624105,0.07006251201628466,0.9818758295553328,0.23981713698951546
2024-08-29T17:49:02.835215,interface,0.49606299212598426,0.7960495623303062,0.07680958565024099,0.21793758583201472,0.6166334712624105,0.07006251201628466,0.9818758295553328,0.23981713698951546
2024-08-29T17:49:03.191109,interface,0.47244094488188976,0.7960495623303062,0.07680958565024099,0.21793758583201472,0.6166334712624105,0.07006251201628466,0.9818758295553328,0.23981713698951546
2024-08-29T17:49:03.413641,interface,0.47244094488188976,0.7960495623303062,0.07680958565024099,0.21793758583201472,0.6166334712624105,0.07006251201628466,0.9818758295553328,0.23981713698951546
2024-08-29T17:49:04.495156,interface,0.47244094488188976,0.7960495623303062,0.07680958565024099,0.21793758583201472,0.6166334712624105,0.07006251201628466,0.9818758295553328,0.23981713698951546
2024-08-29T17:49:05.042589,interface,0.47244094488188976,0.7960495623303062,0.07680958565024099,0.21793758583201472,0.6166334712624105,0.07006251201628466,0.9818758295553328,0.23981713698951546
2024-08-29T17:49:05.829929,interface,0.47244094488188976,0.7960495623303062,0.07680958565024099,0.21793758583201472,0.6166334712624105,0.07006251201628466,0.9818758295553328,0.23981713698951546
2024-08-29T17:49:06.278200,interface,0.49606299212598426,0.7960495623303062,0.07680958565024099,0.21793758583201472,0.6166334712624105,0.07006251201628466,0.9818758295553328,0.23981713698951546
2024-08-29T17:49:08.025402,interface,0.47244094488188976,0.7960495623303062,0.07680958565024099,0.21793758583201472,0.6166334712624105,0.07006251201628466,0.9818758295553328,0.23981713698951546
2024-08-29T17:49:08.609663,interface,0.49606299212598426,0.7960495623303062,0.07680958565024099,0.21793758583201472,0.6166334712624105,0.07006251201628466,0.9818758295553328,0.23981713698951546
2024-08-29T17:49:09.129747,interface,0.47244094488188976,0.7960495623303062,0.07680958565024099,0.21793758583201472,0.6166334712624105,0.07006251201628466,0.9818758295553328,0.23981713698951546
2024-08-29T17:49:09.453950,interface,0.47244094488188976,0.7960495623303062,0.07680958565024099,0.21793758583201472,0.6166334712624105,0.07006251201628466,0.9818758295553328,0.23981713698951546
2024-08-29T17:49:09.585947,interface,0.49606299212598426,0.7960495623303062,0.07680958565024099,0.21793758583201472,0.6166334712624105,0.07006251201628466,0.9818758295553328,0.23981713698951546
2024-08-29T17:49:09.916351,interface,0.47244094488188976,0.7960495623303062,0.07680958565024099,0.21793758583201472,0.6166334712624105,0.07006251201628466,0.9818758295553328,0.23981713698951546
2024-08-29T17:49:10.157330,interface,0.4566929133858268,0.7960495623303062,0.07680958565024099,0.21793758583201472,0.6166334712624105,0.07006251201628466,0.9818758295553328,0.23981713698951546
2024-08-29T17:49:10.429812,interface,0.47244094488188976,0.7960495623303062,0.07680958565024099,0.21793758583201472,0.6166334712624105,0.07006251201628466,0.9818758295553328,0.23981713698951546
2024-08-29T17:49:11.314128,interface,0.49606299212598426,0.7960495623303062,0.07680958565024099,0.21793758583201472,0.6166334712624105,0.07006251201628466,0.9818758295553328,0.23981713698951546
2024-08-29T17:49:12.189476,interface,0.5118110236220472,0.7960495623303062,0.07680958565024099,0.21793758583201472,0.6166334712624105,0.07006251201628466,0.9818758295553328,0.23981713698951546
2024-08-29T17:49:12.768620,interface,0.44881889763779526,0.7960495623303062,0.07680958565024099,0.21793758583201472,0.6166334712624105,0.07006251201628466,0.9818758295553328,0.23981713698951546
2024-08-29T17:49:12.951489,interface,0.4566929133858268,0.7960495623303062,0.07680958565024099,0.21793758583201472,0.6166334712624105,0.07006251201628466,0.9818758295553328,0.23981713698951546
2024-08-29T17:49:13.431769,interface,0.44881889763779526,0.7960495623303062,0.07680958565024099,0.21793758583201472,0.6166334712624105,0.07006251201628466,0.9818758295553328,0.23981713698951546
2024-08-29T17:49:13.434152,interface,0.4566929133858268,0.7960495623303062,0.07680958565024099,0.21793758583201472,0.6166334712624105,0.07006251201628466,0.9818758295553328,0.23981713698951546
2024-08-29T17:49:14.564679,interface,0.5275590551181102,0.7960495623303062,0.07680958565024099,0.21793758583201472,0.6166334712624105,0.07006251201628466,0.9818758295553328,0.23981713698951546
2024-08-29T17:49:15.621938,interface,0.5354330708661418,0.7960495623303062,0.07680958565024099,0.21793758583201472,0.6166334712624105,0.07006251201628466,0.9818758295553328,0.23981713698951546
2024-08-29T17:49:15.858763,interface,0.5275590551181102,0.7960495623303062,0.07680958565024099,0.21793758583201472,0.6166334712624105,0.07006251201628466,0.9818758295553328,0.23981713698951546
2024-08-29T17:49:16.133758,interface,0.49606299212598426,0.7960495623303062,0.07680958565024099,0.21793758583201472,0.6166334712624105,0.07006251201628466,0.9818758295553328,0.23981713698951546
2024-08-29T17:49:16.959698,interface,0.47244094488188976,0.7960495623303062,0.07680958565024099,0.21793758583201472,0.6166334712624105,0.07006251201628466,0.9818758295553328,0.23981713698951546
2024-08-29T17:49:17.566854,interface,0.5275590551181102,0.7960495623303062,0.07680958565024099,0.21793758583201472,0.6166334712624105,0.07006251201628466,0.9818758295553328,0.23981713698951546
2024-08-29T17:49:18.079336,interface,0.5669291338582677,0.7960495623303062,0.07680958565024099,0.21793758583201472,0.6166334712624105,0.07006251201628466,0.9818758295553328,0.23981713698951546
2024-08-29T17:49:19.194940,interface,0.5275590551181102,0.7960495623303062,0.07680958565024099,0.21793758583201472,0.6166334712624105,0.07006251201628466,0.9818758295553328,0.23981713698951546
2024-08-29T17:49:19.851706,interface,0.5039370078740157,0.7960495623303062,0.07680958565024099,0.21793758583201472,0.6166334712624105,0.07006251201628466,0.9818758295553328,0.23981713698951546
2024-08-29T17:49:22.555988,interface,0.5039370078740157,0.7960495623303062,0.07680958565024099,0.21793758583201472,0.6166334712624105,0.07006251201628466,0.9818758295553328,0.23981713698951546
2024-08-29T17:49:24.163412,interface,0.47244094488188976,0.7960495623303062,0.07680958565024099,0.21793758583201472,0.6166334712624105,0.07006251201628466,0.9818758295553328,0.23981713698951546
2024-08-29T17:49:29.957400,interface,0.47244094488188976,0.7960495623303062,0.07680958565024099,0.21793758583201472,0.6166334712624105,0.07006251201628466,0.9818758295553328,0.23981713698951546
2024-08-29T17:49:30.531633,interface,0.47244094488188976,0.7960495623303062,0.07680958565024099,0.21793758583201472,0.6166334712624105,0.07006251201628466,0.9818758295553328,0.23981713698951546
2024-08-29T17:49:36.319127,interface,0.47244094488188976,0.7960495623303062,0.07680958565024099,0.21793758583201472,0.6166334712624105,0.07006251201628466,0.9818758295553328,0.23981713698951546
2024-08-29T17:49:37.685572,interface,0.47244094488188976,0.7960495623303062,0.07680958565024099,0.21793758583201472,0.6166334712624105,0.07006251201628466,0.9818758295553328,0.23981713698951546
2024-08-29T17:49:38.126716,interface,0.5039370078740157,0.7960495623303062,0.07680958565024099,0.21793758583201472,0.6166334712624105,0.07006251201628466,0.9818758295553328,0.23981713698951546
2024-08-29T17:49:38.650622,interface,0.47244094488188976,0.7960495623303062,0.07680958565024099,0.21793758583201472,0.6166334712624105,0.07006251201628466,0.9818758295553328,0.23981713698951546
2024-08-29T17:49:42.180074,interface,0.47244094488188976,0.7960495623303062,0.07680958565024099,0.21793758583201472,0.6166334712624105,0.07006251201628466,0.9818758295553328,0.23981713698951546
2024-08-29T17:49:42.191814,interface,0.4881889763779528,0.7960495623303062,0.07680958565024099,0.21793758583201472,0.6166334712624105,0.07006251201628466,0.9818758295553328,0.23981713698951546
2024-08-29T17:49:43.864713,interface,0.4645669291338583,0.7960495623303062,0.07680958565024099,0.21793758583201472,0.6166334712624105,0.07006251201628466,0.9818758295553328,0.23981713698951546
2024-08-29T17:49:43.887662,interface,0.4330708661417323,0.7960495623303062,0.07680958565024099,0.21793758583201472,0.6166334712624105,0.07006251201628466,0.9818758295553328,0.23981713698951546
2024-08-29T17:49:44.117594,interface,0.4645669291338583,0.7960495623303062,0.07680958565024099,0.21793758583201472,0.6166334712624105,0.07006251201628466,0.9818758295553328,0.23981713698951546
2024-08-29T17:49:44.717346,interface,0.4094488188976378,0.7960495623303062,0.07680958565024099,0.21793758583201472,0.6166334712624105,0.07006251201628466,0.9818758295553328,0.23981713698951546
2024-08-29T17:49:44.724805,interface,0.4330708661417323,0.7960495623303062,0.07680958565024099,0.21793758583201472,0.6166334712624105,0.07006251201628466,0.9818758295553328,0.23981713698951546
2024-08-29T17:49:45.215137,interface,0.4645669291338583,0.7960495623303062,0.07680958565024099,0.21793758583201472,0.6166334712624105,0.07006251201628466,0.9818758295553328,0.23981713698951546
2024-08-29T17:49:45.300067,interface,0.47244094488188976,0.7960495623303062,0.07680958565024099,0.21793758583201472,0.6166334712624105,0.07006251201628466,0.9818758295553328,0.23981713698951546
2024-08-29T17:49:46.499646,interface,0.4645669291338583,0.7960495623303062,0.07680958565024099,0.21793758583201472,0.6166334712624105,0.07006251201628466,0.9818758295553328,0.23981713698951546
2024-08-29T17:49:46.636568,interface,0.4330708661417323,0.7960495623303062,0.07680958565024099,0.21793758583201472,0.6166334712624105,0.07006251201628466,0.9818758295553328,0.23981713698951546
2024-08-29T17:49:46.644343,interface,0.44881889763779526,0.7960495623303062,0.07680958565024099,0.21793758583201472,0.6166334712624105,0.07006251201628466,0.9818758295553328,0.23981713698951546
2024-08-29T17:49:46.834677,interface,0.4094488188976378,0.7960495623303062,0.07680958565024099,0.21793758583201472,0.6166334712624105,0.07006251201628466,0.9818758295553328,0.23981713698951546
2024-08-29T17:49:47.004096,interface,0.41732283464566927,0.7960495623303062,0.07680958565024099,0.21793758583201472,0.6166334712624105,0.07006251201628466,0.9818758295553328,0.23981713698951546
2024-08-29T17:49:50.952570,interface,0.47244094488188976,0.7960495623303062,0.07680958565024099,0.21793758583201472,0.6166334712624105,0.07006251201628466,0.9818758295553328,0.23981713698951546
2024-08-29T17:49:53.733336,interface,0.5118110236220472,0.7960495623303062,0.07680958565024099,0.21793758583201472,0.6166334712624105,0.07006251201628466,0.9818758295553328,0.23981713698951546
2024-08-29T17:49:53.755175,interface,0.5039370078740157,0.7960495623303062,0.07680958565024099,0.21793758583201472,0.6166334712624105,0.07006251201628466,0.9818758295553328,0.23981713698951546
2024-08-29T17:49:53.966571,interface,0.5118110236220472,0.7960495623303062,0.07680958565024099,0.21793758583201472,0.6166334712624105,0.07006251201628466,0.9818758295553328,0.23981713698951546
2024-08-29T17:49:54.243474,interface,0.5039370078740157,0.7960495623303062,0.07680958565024099,0.21793758583201472,0.6166334712624105,0.07006251201628466,0.9818758295553328,0.23981713698951546
2024-08-29T17:49:54.641545,interface,0.49606299212598426,0.7960495623303062,0.07680958565024099,0.21793758583201472,0.6166334712624105,0.07006251201628466,0.9818758295553328,0.23981713698951546
2024-08-29T17:49:54.880182,interface,0.4881889763779528,0.7960495623303062,0.07680958565024099,0.21793758583201472,0.6166334712624105,0.07006251201628466,0.9818758295553328,0.23981713698951546
2024-08-29T17:49:55.127029,interface,0.47244094488188976,0.7960495623303062,0.07680958565024099,0.21793758583201472,0.6166334712624105,0.07006251201628466,0.9818758295553328,0.23981713698951546
2024-08-29T17:50:02.492122,interface,0.47244094488188976,0.7960495623303062,0.07680958565024099,0.21793758583201472,0.6166334712624105,0.07006251201628466,0.9818758295553328,0.23981713698951546
2024-08-29T17:50:02.838505,interface,0.5039370078740157,0.7960495623303062,0.07680958565024099,0.21793758583201472,0.6166334712624105,0.07006251201628466,0.9818758295553328,0.23981713698951546
2024-08-29T17:50:03.040389,interface,0.47244094488188976,0.7960495623303062,0.07680958565024099,0.21793758583201472,0.6166334712624105,0.07006251201628466,0.9818758295553328,0.23981713698951546
2024-08-29T17:50:03.180220,interface,0.5039370078740157,0.7960495623303062,0.07680958565024099,0.21793758583201472,0.6166334712624105,0.07006251201628466,0.9818758295553328,0.23981713698951546
2024-08-29T17:50:03.293367,interface,0.47244094488188976,0.7960495623303062,0.07680958565024099,0.21793758583201472,0.6166334712624105,0.07006251201628466,0.9818758295553328,0.23981713698951546
2024-08-29T17:50:03.405464,interface,0.5039370078740157,0.7960495623303062,0.07680958565024099,0.21793758583201472,0.6166334712624105,0.07006251201628466,0.9818758295553328,0.23981713698951546
2024-08-29T17:50:03.512358,interface,0.47244094488188976,0.7960495623303062,0.07680958565024099,0.21793758583201472,0.6166334712624105,0.07006251201628466,0.9818758295553328,0.23981713698951546
2024-08-29T17:50:03.588209,interface,0.5039370078740157,0.7960495623303062,0.07680958565024099,0.21793758583201472,0.6166334712624105,0.07006251201628466,0.9818758295553328,0.23981713698951546
2024-08-29T17:50:03.676347,interface,0.47244094488188976,0.7960495623303062,0.07680958565024099,0.21793758583201472,0.6166334712624105,0.07006251201628466,0.9818758295553328,0.23981713698951546
2024-08-29T17:50:03.758265,interface,0.5039370078740157,0.7960495623303062,0.07680958565024099,0.21793758583201472,0.6166334712624105,0.07006251201628466,0.9818758295553328,0.23981713698951546
2024-08-29T17:50:03.830832,interface,0.47244094488188976,0.7960495623303062,0.07680958565024099,0.21793758583201472,0.6166334712624105,0.07006251201628466,0.9818758295553328,0.23981713698951546
2024-08-29T17:50:03.913454,interface,0.5039370078740157,0.7960495623303062,0.07680958565024099,0.21793758583201472,0.6166334712624105,0.07006251201628466,0.9818758295553328,0.23981713698951546
2024-08-29T17:50:03.960378,interface,0.47244094488188976,0.7960495623303062,0.07680958565024099,0.21793758583201472,0.6166334712624105,0.07006251201628466,0.9818758295553328,0.23981713698951546
2024-08-29T17:50:04.067422,interface,0.5275590551181102,0.7960495623303062,0.07680958565024099,0.21793758583201472,0.6166334712624105,0.07006251201628466,0.9818758295553328,0.23981713698951546
2024-08-29T17:50:04.151485,interface,0.47244094488188976,0.7960495623303062,0.07680958565024099,0.21793758583201472,0.6166334712624105,0.07006251201628466,0.9818758295553328,0.23981713698951546
2024-08-29T17:50:04.212250,interface,0.5275590551181102,0.7960495623303062,0.07680958565024099,0.21793758583201472,0.6166334712624105,0.07006251201628466,0.9818758295553328,0.23981713698951546
2024-08-29T17:50:04.319265,interface,0.47244094488188976,0.7960495623303062,0.07680958565024099,0.21793758583201472,0.6166334712624105,0.07006251201628466,0.9818758295553328,0.23981713698951546
2024-08-29T17:50:04.397365,interface,0.5275590551181102,0.7960495623303062,0.07680958565024099,0.21793758583201472,0.6166334712624105,0.07006251201628466,0.9818758295553328,0.23981713698951546
2024-08-29T17:50:04.482792,interface,0.47244094488188976,0.7960495623303062,0.07680958565024099,0.21793758583201472,0.6166334712624105,0.07006251201628466,0.9818758295553328,0.23981713698951546
2024-08-29T17:50:04.650398,interface,0.47244094488188976,0.7960495623303062,0.07680958565024099,0.21793758583201472,0.6166334712624105,0.07006251201628466,0.9818758295553328,0.23981713698951546
2024-08-29T17:50:04.723834,interface,0.5275590551181102,0.7960495623303062,0.07680958565024099,0.21793758583201472,0.6166334712624105,0.07006251201628466,0.9818758295553328,0.23981713698951546
2024-08-29T17:50:04.812165,interface,0.47244094488188976,0.7960495623303062,0.07680958565024099,0.21793758583201472,0.6166334712624105,0.07006251201628466,0.9818758295553328,0.23981713698951546
2024-08-29T17:50:04.862881,interface,0.5275590551181102,0.7960495623303062,0.07680958565024099,0.21793758583201472,0.6166334712624105,0.07006251201628466,0.9818758295553328,0.23981713698951546
2024-08-29T17:50:04.963783,interface,0.47244094488188976,0.7960495623303062,0.07680958565024099,0.21793758583201472,0.6166334712624105,0.07006251201628466,0.9818758295553328,0.23981713698951546
2024-08-29T17:50:05.035176,interface,0.5275590551181102,0.7960495623303062,0.07680958565024099,0.21793758583201472,0.6166334712624105,0.07006251201628466,0.9818758295553328,0.23981713698951546
2024-08-29T17:50:05.124165,interface,0.47244094488188976,0.7960495623303062,0.07680958565024099,0.21793758583201472,0.6166334712624105,0.07006251201628466,0.9818758295553328,0.23981713698951546
2024-08-29T17:50:05.184640,interface,0.5275590551181102,0.7960495623303062,0.07680958565024099,0.21793758583201472,0.6166334712624105,0.07006251201628466,0.9818758295553328,0.23981713698951546
2024-08-29T17:50:05.542493,interface,0.5118110236220472,0.7960495623303062,0.07680958565024099,0.21793758583201472,0.6166334712624105,0.07006251201628466,0.9818758295553328,0.23981713698951546
2024-08-29T17:50:05.649191,interface,0.47244094488188976,0.7960495623303062,0.07680958565024099,0.21793758583201472,0.6166334712624105,0.07006251201628466,0.9818758295553328,0.23981713698951546
2024-08-29T17:50:05.739310,interface,0.5118110236220472,0.7960495623303062,0.07680958565024099,0.21793758583201472,0.6166334712624105,0.07006251201628466,0.9818758295553328,0.23981713698951546
2024-08-29T17:50:05.846182,interface,0.47244094488188976,0.7960495623303062,0.07680958565024099,0.21793758583201472,0.6166334712624105,0.07006251201628466,0.9818758295553328,0.23981713698951546
2024-08-29T17:50:05.899453,interface,0.5118110236220472,0.7960495623303062,0.07680958565024099,0.21793758583201472,0.6166334712624105,0.07006251201628466,0.9818758295553328,0.23981713698951546
2024-08-29T17:50:06.006035,interface,0.47244094488188976,0.7960495623303062,0.07680958565024099,0.21793758583201472,0.6166334712624105,0.07006251201628466,0.9818758295553328,0.23981713698951546
2024-08-29T17:50:06.095820,interface,0.5039370078740157,0.7960495623303062,0.07680958565024099,0.21793758583201472,0.6166334712624105,0.07006251201628466,0.9818758295553328,0.23981713698951546
2024-08-29T17:50:06.223301,interface,0.47244094488188976,0.7960495623303062,0.07680958565024099,0.21793758583201472,0.6166334712624105,0.07006251201628466,0.9818758295553328,0.23981713698951546
2024-08-29T17:50:06.286401,interface,0.5039370078740157,0.7960495623303062,0.07680958565024099,0.21793758583201472,0.6166334712624105,0.07006251201628466,0.9818758295553328,0.23981713698951546
2024-08-29T17:50:06.392931,interface,0.47244094488188976,0.7960495623303062,0.07680958565024099,0.21793758583201472,0.6166334712624105,0.07006251201628466,0.9818758295553328,0.23981713698951546
2024-08-29T17:50:06.460408,interface,0.5039370078740157,0.7960495623303062,0.07680958565024099,0.21793758583201472,0.6166334712624105,0.07006251201628466,0.9818758295553328,0.23981713698951546
2024-08-29T17:50:06.550821,interface,0.47244094488188976,0.7960495623303062,0.07680958565024099,0.21793758583201472,0.6166334712624105,0.07006251201628466,0.9818758295553328,0.23981713698951546
2024-08-29T17:50:06.657777,interface,0.4881889763779528,0.7960495623303062,0.07680958565024099,0.21793758583201472,0.6166334712624105,0.07006251201628466,0.9818758295553328,0.23981713698951546
2024-08-29T17:50:06.764314,interface,0.47244094488188976,0.7960495623303062,0.07680958565024099,0.21793758583201472,0.6166334712624105,0.07006251201628466,0.9818758295553328,0.23981713698951546
2024-08-29T17:50:06.845950,interface,0.4881889763779528,0.7960495623303062,0.07680958565024099,0.21793758583201472,0.6166334712624105,0.07006251201628466,0.9818758295553328,0.23981713698951546
2024-08-29T17:50:06.935052,interface,0.47244094488188976,0.7960495623303062,0.07680958565024099,0.21793758583201472,0.6166334712624105,0.07006251201628466,0.9818758295553328,0.23981713698951546
2024-08-29T17:50:07.078073,interface,0.49606299212598426,0.7960495623303062,0.07680958565024099,0.21793758583201472,0.6166334712624105,0.07006251201628466,0.9818758295553328,0.23981713698951546
2024-08-29T17:50:07.174942,interface,0.47244094488188976,0.7960495623303062,0.07680958565024099,0.21793758583201472,0.6166334712624105,0.07006251201628466,0.9818758295553328,0.23981713698951546
2024-08-29T17:50:07.244670,interface,0.49606299212598426,0.7960495623303062,0.07680958565024099,0.21793758583201472,0.6166334712624105,0.07006251201628466,0.9818758295553328,0.23981713698951546
2024-08-29T17:50:07.339889,interface,0.47244094488188976,0.7960495623303062,0.07680958565024099,0.21793758583201472,0.6166334712624105,0.07006251201628466,0.9818758295553328,0.23981713698951546
2024-08-29T17:50:07.429896,interface,0.49606299212598426,0.7960495623303062,0.07680958565024099,0.21793758583201472,0.6166334712624105,0.07006251201628466,0.9818758295553328,0.23981713698951546
2024-08-29T17:50:07.528376,interface,0.47244094488188976,0.7960495623303062,0.07680958565024099,0.21793758583201472,0.6166334712624105,0.07006251201628466,0.9818758295553328,0.23981713698951546
2024-08-29T17:50:07.625071,interface,0.4881889763779528,0.7960495623303062,0.07680958565024099,0.21793758583201472,0.6166334712624105,0.07006251201628466,0.9818758295553328,0.23981713698951546
2024-08-29T17:50:07.726913,interface,0.47244094488188976,0.7960495623303062,0.07680958565024099,0.21793758583201472,0.6166334712624105,0.07006251201628466,0.9818758295553328,0.23981713698951546
2024-08-29T17:50:07.861616,interface,0.47244094488188976,0.7960495623303062,0.07680958565024099,0.21793758583201472,0.6166334712624105,0.07006251201628466,0.9818758295553328,0.23981713698951546
2024-08-29T17:50:07.987000,interface,0.5039370078740157,0.7960495623303062,0.07680958565024099,0.21793758583201472,0.6166334712624105,0.07006251201628466,0.9818758295553328,0.23981713698951546
2024-08-29T17:50:08.101599,interface,0.47244094488188976,0.7960495623303062,0.07680958565024099,0.21793758583201472,0.6166334712624105,0.07006251201628466,0.9818758295553328,0.23981713698951546
2024-08-29T17:50:08.156827,interface,0.5039370078740157,0.7960495623303062,0.07680958565024099,0.21793758583201472,0.6166334712624105,0.07006251201628466,0.9818758295553328,0.23981713698951546
2024-08-29T17:50:08.248348,interface,0.47244094488188976,0.7960495623303062,0.07680958565024099,0.21793758583201472,0.6166334712624105,0.07006251201628466,0.9818758295553328,0.23981713698951546
2024-08-29T17:50:08.332559,interface,0.5039370078740157,0.7960495623303062,0.07680958565024099,0.21793758583201472,0.6166334712624105,0.07006251201628466,0.9818758295553328,0.23981713698951546
2024-08-29T17:50:08.427857,interface,0.47244094488188976,0.7960495623303062,0.07680958565024099,0.21793758583201472,0.6166334712624105,0.07006251201628466,0.9818758295553328,0.23981713698951546
2024-08-29T17:50:08.510384,interface,0.5039370078740157,0.7960495623303062,0.07680958565024099,0.21793758583201472,0.6166334712624105,0.07006251201628466,0.9818758295553328,0.23981713698951546
2024-08-29T17:50:08.617149,interface,0.47244094488188976,0.7960495623303062,0.07680958565024099,0.21793758583201472,0.6166334712624105,0.07006251201628466,0.9818758295553328,0.23981713698951546
2024-08-29T17:50:08.697898,interface,0.5039370078740157,0.7960495623303062,0.07680958565024099,0.21793758583201472,0.6166334712624105,0.07006251201628466,0.9818758295553328,0.23981713698951546
2024-08-29T17:50:08.834447,interface,0.47244094488188976,0.7960495623303062,0.07680958565024099,0.21793758583201472,0.6166334712624105,0.07006251201628466,0.9818758295553328,0.23981713698951546
2024-08-29T17:50:08.999960,interface,0.5118110236220472,0.7960495623303062,0.07680958565024099,0.21793758583201472,0.6166334712624105,0.07006251201628466,0.9818758295553328,0.23981713698951546
2024-08-29T17:50:09.119100,interface,0.47244094488188976,0.7960495623303062,0.07680958565024099,0.21793758583201472,0.6166334712624105,0.07006251201628466,0.9818758295553328,0.23981713698951546
2024-08-29T17:50:09.211432,interface,0.5118110236220472,0.7960495623303062,0.07680958565024099,0.21793758583201472,0.6166334712624105,0.07006251201628466,0.9818758295553328,0.23981713698951546
2024-08-29T17:50:09.298477,interface,0.47244094488188976,0.7960495623303062,0.07680958565024099,0.21793758583201472,0.6166334712624105,0.07006251201628466,0.9818758295553328,0.23981713698951546
2024-08-29T17:50:09.395443,interface,0.5275590551181102,0.7960495623303062,0.07680958565024099,0.21793758583201472,0.6166334712624105,0.07006251201628466,0.9818758295553328,0.23981713698951546
2024-08-29T17:50:09.502183,interface,0.47244094488188976,0.7960495623303062,0.07680958565024099,0.21793758583201472,0.6166334712624105,0.07006251201628466,0.9818758295553328,0.23981713698951546
2024-08-29T17:50:09.584430,interface,0.5275590551181102,0.7960495623303062,0.07680958565024099,0.21793758583201472,0.6166334712624105,0.07006251201628466,0.9818758295553328,0.23981713698951546
2024-08-29T17:50:09.677535,interface,0.47244094488188976,0.7960495623303062,0.07680958565024099,0.21793758583201472,0.6166334712624105,0.07006251201628466,0.9818758295553328,0.23981713698951546
2024-08-29T17:50:09.758886,interface,0.5275590551181102,0.7960495623303062,0.07680958565024099,0.21793758583201472,0.6166334712624105,0.07006251201628466,0.9818758295553328,0.23981713698951546
2024-08-29T17:50:09.858442,interface,0.47244094488188976,0.7960495623303062,0.07680958565024099,0.21793758583201472,0.6166334712624105,0.07006251201628466,0.9818758295553328,0.23981713698951546
2024-08-29T17:50:09.944410,interface,0.5275590551181102,0.7960495623303062,0.07680958565024099,0.21793758583201472,0.6166334712624105,0.07006251201628466,0.9818758295553328,0.23981713698951546
2024-08-29T17:50:10.050979,interface,0.47244094488188976,0.7960495623303062,0.07680958565024099,0.21793758583201472,0.6166334712624105,0.07006251201628466,0.9818758295553328,0.23981713698951546
2024-08-29T17:50:10.142572,interface,0.5118110236220472,0.7960495623303062,0.07680958565024099,0.21793758583201472,0.6166334712624105,0.07006251201628466,0.9818758295553328,0.23981713698951546
2024-08-29T17:50:10.249103,interface,0.47244094488188976,0.7960495623303062,0.07680958565024099,0.21793758583201472,0.6166334712624105,0.07006251201628466,0.9818758295553328,0.23981713698951546
2024-08-29T17:50:10.333908,interface,0.5118110236220472,0.7960495623303062,0.07680958565024099,0.21793758583201472,0.6166334712624105,0.07006251201628466,0.9818758295553328,0.23981713698951546
2024-08-29T17:50:10.433113,interface,0.47244094488188976,0.7960495623303062,0.07680958565024099,0.21793758583201472,0.6166334712624105,0.07006251201628466,0.9818758295553328,0.23981713698951546
2024-08-29T17:50:10.547026,interface,0.5039370078740157,0.7960495623303062,0.07680958565024099,0.21793758583201472,0.6166334712624105,0.07006251201628466,0.9818758295553328,0.23981713698951546
2024-08-29T17:50:10.661726,interface,0.47244094488188976,0.7960495623303062,0.07680958565024099,0.21793758583201472,0.6166334712624105,0.07006251201628466,0.9818758295553328,0.23981713698951546
2024-08-29T17:50:10.763095,interface,0.5039370078740157,0.7960495623303062,0.07680958565024099,0.21793758583201472,0.6166334712624105,0.07006251201628466,0.9818758295553328,0.23981713698951546
2024-08-29T17:50:10.858446,interface,0.47244094488188976,0.7960495623303062,0.07680958565024099,0.21793758583201472,0.6166334712624105,0.07006251201628466,0.9818758295553328,0.23981713698951546
2024-08-29T17:50:10.928044,interface,0.5039370078740157,0.7960495623303062,0.07680958565024099,0.21793758583201472,0.6166334712624105,0.07006251201628466,0.9818758295553328,0.23981713698951546
2024-08-29T17:50:10.999167,interface,0.47244094488188976,0.7960495623303062,0.07680958565024099,0.21793758583201472,0.6166334712624105,0.07006251201628466,0.9818758295553328,0.23981713698951546
2024-08-29T17:50:11.094697,interface,0.5039370078740157,0.7960495623303062,0.07680958565024099,0.21793758583201472,0.6166334712624105,0.07006251201628466,0.9818758295553328,0.23981713698951546
2024-08-29T17:50:11.107615,interface,0.5118110236220472,0.7960495623303062,0.07680958565024099,0.21793758583201472,0.6166334712624105,0.07006251201628466,0.9818758295553328,0.23981713698951546
2024-08-29T17:50:15.169445,interface,0.5118110236220472,0.7960495623303062,0.07680958565024099,0.08661417322834646,0.6166334712624105,0.07006251201628466,0.9818758295553328,0.23981713698951546
2024-08-29T17:50:15.331967,interface,0.5118110236220472,0.7960495623303062,0.07680958565024099,0.13385826771653545,0.6166334712624105,0.07006251201628466,0.9818758295553328,0.23981713698951546
2024-08-29T17:50:15.579496,interface,0.5039370078740157,0.7960495623303062,0.07680958565024099,0.13385826771653545,0.6166334712624105,0.07006251201628466,0.9818758295553328,0.23981713698951546
2024-08-29T17:50:15.898705,interface,0.47244094488188976,0.7960495623303062,0.07680958565024099,0.13385826771653545,0.6166334712624105,0.07006251201628466,0.9818758295553328,0.23981713698951546
2024-08-29T17:50:16.234619,interface,0.47244094488188976,0.7960495623303062,0.07680958565024099,0.13385826771653545,0.6166334712624105,0.07006251201628466,0.9818758295553328,0.23981713698951546
2024-08-29T17:50:16.376312,interface,0.47244094488188976,0.7960495623303062,0.07680958565024099,0.18110236220472442,0.6166334712624105,0.07006251201628466,0.9818758295553328,0.23981713698951546
2024-08-29T17:50:16.478569,interface,0.47244094488188976,0.7960495623303062,0.07680958565024099,0.2283464566929134,0.6166334712624105,0.07006251201628466,0.9818758295553328,0.23981713698951546
2024-08-29T17:50:16.508181,interface,0.47244094488188976,0.7960495623303062,0.07680958565024099,0.2283464566929134,0.6166334712624105,0.07006251201628466,0.9818758295553328,0.23981713698951546
2024-08-29T17:50:16.746681,interface,0.47244094488188976,0.7960495623303062,0.07680958565024099,0.2283464566929134,0.6166334712624105,0.07006251201628466,0.9818758295553328,0.23981713698951546
2024-08-29T17:50:16.960422,interface,0.47244094488188976,0.7960495623303062,0.07680958565024099,0.2283464566929134,0.6166334712624105,0.07006251201628466,0.9818758295553328,0.23981713698951546
2024-08-29T17:50:16.967136,interface,0.47244094488188976,0.7960495623303062,0.07680958565024099,0.2677165354330709,0.6166334712624105,0.07006251201628466,0.9818758295553328,0.23981713698951546
2024-08-29T17:50:17.162495,interface,0.47244094488188976,0.7960495623303062,0.07680958565024099,0.2677165354330709,0.6166334712624105,0.07006251201628466,0.9818758295553328,0.23981713698951546
2024-08-29T17:50:17.839157,interface,0.47244094488188976,0.7960495623303062,0.07680958565024099,0.2677165354330709,0.6166334712624105,0.07006251201628466,0.9818758295553328,0.23981713698951546
2024-08-29T17:50:18.109709,interface,0.47244094488188976,0.7960495623303062,0.07680958565024099,0.2677165354330709,0.6166334712624105,0.07006251201628466,0.9818758295553328,0.23981713698951546
2024-08-29T17:50:18.437496,interface,0.47244094488188976,0.7960495623303062,0.07680958565024099,0.2677165354330709,0.6166334712624105,0.07006251201628466,0.9818758295553328,0.23981713698951546
2024-08-29T17:50:18.813561,interface,0.47244094488188976,0.7960495623303062,0.07680958565024099,0.5433070866141733,0.6166334712624105,0.07006251201628466,0.9818758295553328,0.23981713698951546
2024-08-29T17:50:18.815888,interface,0.47244094488188976,0.7960495623303062,0.07680958565024099,0.5433070866141733,0.6166334712624105,0.07006251201628466,0.9818758295553328,0.23981713698951546
2024-08-29T17:50:19.170482,interface,0.47244094488188976,0.7960495623303062,0.07680958565024099,0.5433070866141733,0.6166334712624105,0.07006251201628466,0.9818758295553328,0.23981713698951546
2024-08-29T17:50:19.304431,interface,0.47244094488188976,0.7960495623303062,0.07680958565024099,0.5905511811023622,0.6166334712624105,0.07006251201628466,0.9818758295553328,0.23981713698951546
2024-08-29T17:50:19.588085,interface,0.47244094488188976,0.7960495623303062,0.07680958565024099,0.5905511811023622,0.6166334712624105,0.07006251201628466,0.9818758295553328,0.23981713698951546
2024-08-29T17:50:19.672882,interface,0.47244094488188976,0.7960495623303062,0.07680958565024099,0.6850393700787402,0.6166334712624105,0.07006251201628466,0.9818758295553328,0.23981713698951546
2024-08-29T17:50:19.968516,interface,0.47244094488188976,0.7960495623303062,0.07680958565024099,0.6850393700787402,0.6166334712624105,0.07006251201628466,0.9818758295553328,0.23981713698951546
2024-08-29T17:50:20.020966,interface,0.47244094488188976,0.7960495623303062,0.07680958565024099,0.7322834645669292,0.6166334712624105,0.07006251201628466,0.9818758295553328,0.23981713698951546
2024-08-29T17:50:20.350949,interface,0.47244094488188976,0.7960495623303062,0.07680958565024099,0.7322834645669292,0.6166334712624105,0.07006251201628466,0.9818758295553328,0.23981713698951546
2024-08-29T17:50:20.410125,interface,0.47244094488188976,0.7960495623303062,0.07680958565024099,0.7716535433070866,0.6166334712624105,0.07006251201628466,0.9818758295553328,0.23981713698951546
2024-08-29T17:50:20.711070,interface,0.47244094488188976,0.7960495623303062,0.07680958565024099,0.7716535433070866,0.6166334712624105,0.07006251201628466,0.9818758295553328,0.23981713698951546
2024-08-29T17:50:20.758203,interface,0.47244094488188976,0.7960495623303062,0.07680958565024099,0.6850393700787402,0.6166334712624105,0.07006251201628466,0.9818758295553328,0.23981713698951546
2024-08-29T17:50:20.819828,interface,0.47244094488188976,0.7960495623303062,0.07680958565024099,0.7322834645669292,0.6166334712624105,0.07006251201628466,0.9818758295553328,0.23981713698951546
2024-08-29T17:50:21.139623,interface,0.47244094488188976,0.7960495623303062,0.07680958565024099,0.7322834645669292,0.6166334712624105,0.07006251201628466,0.9818758295553328,0.23981713698951546
2024-08-29T17:50:21.167752,interface,0.47244094488188976,0.7960495623303062,0.07680958565024099,0.6850393700787402,0.6166334712624105,0.07006251201628466,0.9818758295553328,0.23981713698951546
2024-08-29T17:50:21.393119,interface,0.47244094488188976,0.7960495623303062,0.07680958565024099,0.5905511811023622,0.6166334712624105,0.07006251201628466,0.9818758295553328,0.23981713698951546
2024-08-29T17:50:21.413607,interface,0.47244094488188976,0.7960495623303062,0.07680958565024099,0.5433070866141733,0.6166334712624105,0.07006251201628466,0.9818758295553328,0.23981713698951546
2024-08-29T17:50:21.454599,interface,0.47244094488188976,0.7960495623303062,0.07680958565024099,0.5039370078740157,0.6166334712624105,0.07006251201628466,0.9818758295553328,0.23981713698951546
2024-08-29T17:50:21.474944,interface,0.47244094488188976,0.7960495623303062,0.07680958565024099,0.4566929133858268,0.6166334712624105,0.07006251201628466,0.9818758295553328,0.23981713698951546
2024-08-29T17:50:21.515907,interface,0.47244094488188976,0.7960495623303062,0.07680958565024099,0.4094488188976378,0.6166334712624105,0.07006251201628466,0.9818758295553328,0.23981713698951546
2024-08-29T17:50:21.536484,interface,0.47244094488188976,0.7960495623303062,0.07680958565024099,0.36220472440944884,0.6166334712624105,0.07006251201628466,0.9818758295553328,0.23981713698951546
2024-08-29T17:50:21.556867,interface,0.47244094488188976,0.7960495623303062,0.07680958565024099,0.31496062992125984,0.6166334712624105,0.07006251201628466,0.9818758295553328,0.23981713698951546
2024-08-29T17:50:21.577463,interface,0.47244094488188976,0.7960495623303062,0.07680958565024099,0.2677165354330709,0.6166334712624105,0.07006251201628466,0.9818758295553328,0.23981713698951546
2024-08-29T17:50:21.589661,interface,0.47244094488188976,0.7960495623303062,0.07680958565024099,0.2677165354330709,0.6166334712624105,0.07006251201628466,0.9818758295553328,0.23981713698951546
2024-08-29T17:50:21.596010,interface,0.47244094488188976,0.7960495623303062,0.07680958565024099,0.2283464566929134,0.6166334712624105,0.07006251201628466,0.9818758295553328,0.23981713698951546
2024-08-29T17:50:21.618347,interface,0.47244094488188976,0.7960495623303062,0.07680958565024099,0.18110236220472442,0.6166334712624105,0.07006251201628466,0.9818758295553328,0.23981713698951546
2024-08-29T17:50:21.634850,interface,0.47244094488188976,0.7960495623303062,0.07680958565024099,0.13385826771653545,0.6166334712624105,0.07006251201628466,0.9818758295553328,0.23981713698951546
2024-08-29T17:50:21.659301,interface,0.47244094488188976,0.7960495623303062,0.07680958565024099,0.08661417322834646,0.6166334712624105,0.07006251201628466,0.9818758295553328,0.23981713698951546
2024-08-29T17:50:21.679760,interface,0.47244094488188976,0.7960495623303062,0.07680958565024099,0.03937007874015748,0.6166334712624105,0.07006251201628466,0.9818758295553328,0.23981713698951546
2024-08-29T17:50:21.925678,interface,0.47244094488188976,0.7960495623303062,0.07680958565024099,0.08661417322834646,0.6166334712624105,0.07006251201628466,0.9818758295553328,0.23981713698951546
2024-08-29T17:50:21.986946,interface,0.47244094488188976,0.7960495623303062,0.07680958565024099,0.13385826771653545,0.6166334712624105,0.07006251201628466,0.9818758295553328,0.23981713698951546
2024-08-29T17:50:22.093895,interface,0.47244094488188976,0.7960495623303062,0.07680958565024099,0.18110236220472442,0.6166334712624105,0.07006251201628466,0.9818758295553328,0.23981713698951546
2024-08-29T17:50:22.109950,interface,0.47244094488188976,0.7960495623303062,0.07680958565024099,0.2283464566929134,0.6166334712624105,0.07006251201628466,0.9818758295553328,0.23981713698951546
2024-08-29T17:50:22.128831,interface,0.47244094488188976,0.7960495623303062,0.07680958565024099,0.2283464566929134,0.6166334712624105,0.07006251201628466,0.9818758295553328,0.23981713698951546
2024-08-29T17:50:22.131200,interface,0.47244094488188976,0.7960495623303062,0.07680958565024099,0.2677165354330709,0.6166334712624105,0.07006251201628466,0.9818758295553328,0.23981713698951546
2024-08-29T17:50:22.557465,interface,0.47244094488188976,0.7960495623303062,0.07680958565024099,0.2677165354330709,0.6166334712624105,0.07006251201628466,0.9818758295553328,0.23981713698951546
2024-08-29T17:50:22.735438,interface,0.47244094488188976,0.7960495623303062,0.07680958565024099,0.2677165354330709,0.6166334712624105,0.07006251201628466,0.9818758295553328,0.23981713698951546
2024-08-29T17:50:22.737807,interface,0.4645669291338583,0.7960495623303062,0.07680958565024099,0.2677165354330709,0.6166334712624105,0.07006251201628466,0.9818758295553328,0.23981713698951546
2024-08-29T17:50:23.796001,interface,0.47244094488188976,0.7960495623303062,0.07680958565024099,0.2677165354330709,0.6166334712624105,0.07006251201628466,0.9818758295553328,0.23981713698951546
2024-08-29T17:50:24.326579,interface,0.5039370078740157,0.7960495623303062,0.07680958565024099,0.2677165354330709,0.6166334712624105,0.07006251201628466,0.9818758295553328,0.23981713698951546
2024-08-29T17:50:24.685574,interface,0.47244094488188976,0.7960495623303062,0.07680958565024099,0.2677165354330709,0.6166334712624105,0.07006251201628466,0.9818758295553328,0.23981713698951546
2024-08-29T17:50:24.895397,interface,0.4881889763779528,0.7960495623303062,0.07680958565024099,0.2677165354330709,0.6166334712624105,0.07006251201628466,0.9818758295553328,0.23981713698951546
2024-08-29T17:50:25.188555,interface,0.5039370078740157,0.7960495623303062,0.07680958565024099,0.2677165354330709,0.6166334712624105,0.07006251201628466,0.9818758295553328,0.23981713698951546
2024-08-29T17:50:25.828567,interface,0.5039370078740157,0.7960495623303062,0.07680958565024099,0.2677165354330709,0.6166334712624105,0.07006251201628466,0.9818758295553328,0.23981713698951546
2024-08-29T17:50:26.000618,interface,0.5039370078740157,0.7960495623303062,0.07680958565024099,0.2677165354330709,0.6166334712624105,0.07006251201628466,0.9818758295553328,0.23981713698951546
2024-08-29T17:50:26.137651,interface,0.5039370078740157,0.7960495623303062,0.07680958565024099,0.2677165354330709,0.6166334712624105,0.07006251201628466,0.9818758295553328,0.23981713698951546
2024-08-29T17:50:26.314591,interface,0.4881889763779528,0.7960495623303062,0.07680958565024099,0.2677165354330709,0.6166334712624105,0.07006251201628466,0.9818758295553328,0.23981713698951546
2024-08-29T17:50:26.810130,interface,0.5275590551181102,0.7960495623303062,0.07680958565024099,0.2677165354330709,0.6166334712624105,0.07006251201628466,0.9818758295553328,0.23981713698951546
2024-08-29T17:50:27.229467,interface,0.5275590551181102,0.7960495623303062,0.07680958565024099,0.2677165354330709,0.6166334712624105,0.07006251201628466,0.9818758295553328,0.23981713698951546
2024-08-29T17:50:27.654572,interface,0.5039370078740157,0.7960495623303062,0.07680958565024099,0.2677165354330709,0.6166334712624105,0.07006251201628466,0.9818758295553328,0.23981713698951546
2024-08-29T17:50:27.848417,interface,0.5275590551181102,0.7960495623303062,0.07680958565024099,0.2677165354330709,0.6166334712624105,0.07006251201628466,0.9818758295553328,0.23981713698951546
2024-08-29T17:50:28.068513,interface,0.5039370078740157,0.7960495623303062,0.07680958565024099,0.2677165354330709,0.6166334712624105,0.07006251201628466,0.9818758295553328,0.23981713698951546
2024-08-29T17:50:28.325451,interface,0.5275590551181102,0.7960495623303062,0.07680958565024099,0.2677165354330709,0.6166334712624105,0.07006251201628466,0.9818758295553328,0.23981713698951546
2024-08-29T17:50:29.045613,interface,0.3779527559055118,0.7960495623303062,0.07680958565024099,0.2677165354330709,0.6166334712624105,0.07006251201628466,0.9818758295553328,0.23981713698951546
2024-08-29T17:50:29.400547,interface,0.4094488188976378,0.7960495623303062,0.07680958565024099,0.2677165354330709,0.6166334712624105,0.07006251201628466,0.9818758295553328,0.23981713698951546
2024-08-29T17:50:30.680637,interface,0.47244094488188976,0.7960495623303062,0.07680958565024099,0.2677165354330709,0.6166334712624105,0.07006251201628466,0.9818758295553328,0.23981713698951546
2024-08-29T17:50:31.462702,interface,0.4566929133858268,0.7960495623303062,0.07680958565024099,0.2677165354330709,0.6166334712624105,0.07006251201628466,0.9818758295553328,0.23981713698951546
2024-08-29T17:50:31.904734,interface,0.47244094488188976,0.7960495623303062,0.07680958565024099,0.2677165354330709,0.6166334712624105,0.07006251201628466,0.9818758295553328,0.23981713698951546
2024-08-29T17:50:32.307309,interface,0.4330708661417323,0.7960495623303062,0.07680958565024099,0.2677165354330709,0.6166334712624105,0.07006251201628466,0.9818758295553328,0.23981713698951546
2024-08-29T17:50:32.589646,interface,0.47244094488188976,0.7960495623303062,0.07680958565024099,0.2677165354330709,0.6166334712624105,0.07006251201628466,0.9818758295553328,0.23981713698951546
2024-08-29T17:50:32.838743,interface,0.4566929133858268,0.7960495623303062,0.07680958565024099,0.2677165354330709,0.6166334712624105,0.07006251201628466,0.9818758295553328,0.23981713698951546
2024-08-29T17:50:33.019112,interface,0.47244094488188976,0.7960495623303062,0.07680958565024099,0.2677165354330709,0.6166334712624105,0.07006251201628466,0.9818758295553328,0.23981713698951546
2024-08-29T17:50:33.214597,interface,0.4330708661417323,0.7960495623303062,0.07680958565024099,0.2677165354330709,0.6166334712624105,0.07006251201628466,0.9818758295553328,0.23981713698951546
2024-08-29T17:50:34.352982,interface,0.4015748031496063,0.7960495623303062,0.07680958565024099,0.2677165354330709,0.6166334712624105,0.07006251201628466,0.9818758295553328,0.23981713698951546
2024-08-29T17:50:34.710229,interface,0.4330708661417323,0.7960495623303062,0.07680958565024099,0.2677165354330709,0.6166334712624105,0.07006251201628466,0.9818758295553328,0.23981713698951546
2024-08-29T17:50:35.695493,interface,0.47244094488188976,0.7960495623303062,0.07680958565024099,0.2677165354330709,0.6166334712624105,0.07006251201628466,0.9818758295553328,0.23981713698951546
2024-08-29T17:50:36.422571,interface,0.4330708661417323,0.7960495623303062,0.07680958565024099,0.2677165354330709,0.6166334712624105,0.07006251201628466,0.9818758295553328,0.23981713698951546
2024-08-29T17:50:37.014898,interface,0.3779527559055118,0.7960495623303062,0.07680958565024099,0.2677165354330709,0.6166334712624105,0.07006251201628466,0.9818758295553328,0.23981713698951546
2024-08-29T17:50:37.228014,interface,0.4015748031496063,0.7960495623303062,0.07680958565024099,0.2677165354330709,0.6166334712624105,0.07006251201628466,0.9818758295553328,0.23981713698951546
2024-08-29T17:50:37.511530,interface,0.4094488188976378,0.7960495623303062,0.07680958565024099,0.2677165354330709,0.6166334712624105,0.07006251201628466,0.9818758295553328,0.23981713698951546
2024-08-29T17:50:37.699980,interface,0.3937007874015748,0.7960495623303062,0.07680958565024099,0.2677165354330709,0.6166334712624105,0.07006251201628466,0.9818758295553328,0.23981713698951546
2024-08-29T17:50:37.907906,interface,0.4015748031496063,0.7960495623303062,0.07680958565024099,0.2677165354330709,0.6166334712624105,0.07006251201628466,0.9818758295553328,0.23981713698951546
2024-08-29T17:50:38.160994,interface,0.4094488188976378,0.7960495623303062,0.07680958565024099,0.2677165354330709,0.6166334712624105,0.07006251201628466,0.9818758295553328,0.23981713698951546
2024-08-29T17:50:38.163358,interface,0.3779527559055118,0.7960495623303062,0.07680958565024099,0.2677165354330709,0.6166334712624105,0.07006251201628466,0.9818758295553328,0.23981713698951546
2024-08-29T17:50:38.626263,interface,0.4015748031496063,0.7960495623303062,0.07680958565024099,0.2677165354330709,0.6166334712624105,0.07006251201628466,0.9818758295553328,0.23981713698951546
2024-08-29T17:50:38.953168,interface,0.3937007874015748,0.7960495623303062,0.07680958565024099,0.2677165354330709,0.6166334712624105,0.07006251201628466,0.9818758295553328,0.23981713698951546
2024-08-29T17:50:39.229103,interface,0.3779527559055118,0.7960495623303062,0.07680958565024099,0.2677165354330709,0.6166334712624105,0.07006251201628466,0.9818758295553328,0.23981713698951546
2024-08-29T17:50:39.478958,interface,0.3937007874015748,0.7960495623303062,0.07680958565024099,0.2677165354330709,0.6166334712624105,0.07006251201628466,0.9818758295553328,0.23981713698951546
2024-08-29T17:50:39.756064,interface,0.4015748031496063,0.7960495623303062,0.07680958565024099,0.2677165354330709,0.6166334712624105,0.07006251201628466,0.9818758295553328,0.23981713698951546
2024-08-29T17:50:40.095218,interface,0.3779527559055118,0.7960495623303062,0.07680958565024099,0.2677165354330709,0.6166334712624105,0.07006251201628466,0.9818758295553328,0.23981713698951546
2024-08-29T17:50:40.430252,interface,0.4015748031496063,0.7960495623303062,0.07680958565024099,0.2677165354330709,0.6166334712624105,0.07006251201628466,0.9818758295553328,0.23981713698951546
2024-08-29T17:50:40.582925,interface,0.4330708661417323,0.7960495623303062,0.07680958565024099,0.2677165354330709,0.6166334712624105,0.07006251201628466,0.9818758295553328,0.23981713698951546
2024-08-29T17:51:56.206547,interface,0.5039370078740157,0.7960495623303062,0.07680958565024099,0.2677165354330709,0.6166334712624105,0.07006251201628466,0.9818758295553328,0.23981713698951546
2024-08-29T17:51:56.463948,interface,0.5118110236220472,0.7960495623303062,0.07680958565024099,0.2677165354330709,0.6166334712624105,0.07006251201628466,0.9818758295553328,0.23981713698951546
2024-08-29T17:51:56.669622,interface,0.5275590551181102,0.7960495623303062,0.07680958565024099,0.2677165354330709,0.6166334712624105,0.07006251201628466,0.9818758295553328,0.23981713698951546
2024-08-29T17:51:56.871149,interface,0.5275590551181102,0.7960495623303062,0.07680958565024099,0.2677165354330709,0.6166334712624105,0.07006251201628466,0.9818758295553328,0.23981713698951546
2024-08-29T17:51:57.088056,interface,0.5118110236220472,0.7960495623303062,0.07680958565024099,0.2677165354330709,0.6166334712624105,0.07006251201628466,0.9818758295553328,0.23981713698951546
2024-08-29T17:51:57.324491,interface,0.5039370078740157,0.7960495623303062,0.07680958565024099,0.2677165354330709,0.6166334712624105,0.07006251201628466,0.9818758295553328,0.23981713698951546
2024-08-29T17:51:57.586647,interface,0.4881889763779528,0.7960495623303062,0.07680958565024099,0.2677165354330709,0.6166334712624105,0.07006251201628466,0.9818758295553328,0.23981713698951546
2024-08-29T17:51:57.903623,interface,0.4330708661417323,0.7960495623303062,0.07680958565024099,0.2677165354330709,0.6166334712624105,0.07006251201628466,0.9818758295553328,0.23981713698951546
2024-08-29T17:51:58.081609,interface,0.4330708661417323,0.7960495623303062,0.07680958565024099,0.2677165354330709,0.6166334712624105,0.07006251201628466,0.9818758295553328,0.23981713698951546
2024-08-29T17:51:58.293125,interface,0.44881889763779526,0.7960495623303062,0.07680958565024099,0.2677165354330709,0.6166334712624105,0.07006251201628466,0.9818758295553328,0.23981713698951546
2024-08-29T17:51:58.445769,interface,0.4645669291338583,0.7960495623303062,0.07680958565024099,0.2677165354330709,0.6166334712624105,0.07006251201628466,0.9818758295553328,0.23981713698951546
2024-08-29T17:51:58.548129,interface,0.47244094488188976,0.7960495623303062,0.07680958565024099,0.2677165354330709,0.6166334712624105,0.07006251201628466,0.9818758295553328,0.23981713698951546
2024-08-29T17:51:58.634555,interface,0.4881889763779528,0.7960495623303062,0.07680958565024099,0.2677165354330709,0.6166334712624105,0.07006251201628466,0.9818758295553328,0.23981713698951546
2024-08-29T17:51:58.713750,interface,0.5039370078740157,0.7960495623303062,0.07680958565024099,0.2677165354330709,0.6166334712624105,0.07006251201628466,0.9818758295553328,0.23981713698951546
2024-08-29T17:51:59.116645,interface,0.5039370078740157,0.7960495623303062,0.07680958565024099,0.2677165354330709,0.6166334712624105,0.07006251201628466,0.9818758295553328,0.23981713698951546
2024-08-29T17:51:59.707974,interface,0.5275590551181102,0.7960495623303062,0.07680958565024099,0.2677165354330709,0.6166334712624105,0.07006251201628466,0.9818758295553328,0.23981713698951546
2024-08-29T17:52:01.739120,interface,0.5433070866141733,0.7960495623303062,0.07680958565024099,0.2677165354330709,0.6166334712624105,0.07006251201628466,0.9818758295553328,0.23981713698951546
2024-08-29T17:52:01.822155,interface,0.5275590551181102,0.7960495623303062,0.07680958565024099,0.2677165354330709,0.6166334712624105,0.07006251201628466,0.9818758295553328,0.23981713698951546
2024-08-29T17:52:02.127102,interface,0.5118110236220472,0.7960495623303062,0.07680958565024099,0.2677165354330709,0.6166334712624105,0.07006251201628466,0.9818758295553328,0.23981713698951546
2024-08-29T17:52:02.373646,interface,0.5118110236220472,0.7960495623303062,0.07680958565024099,0.2677165354330709,0.6166334712624105,0.07006251201628466,0.9818758295553328,0.23981713698951546
2024-08-29T17:52:03.239713,interface,0.4094488188976378,0.7960495623303062,0.07680958565024099,0.2677165354330709,0.6166334712624105,0.07006251201628466,0.9818758295553328,0.23981713698951546
2024-08-29T17:52:03.534265,interface,0.4094488188976378,0.7960495623303062,0.07680958565024099,0.2677165354330709,0.6166334712624105,0.07006251201628466,0.9818758295553328,0.23981713698951546
2024-08-29T17:52:04.034579,interface,0.4330708661417323,0.7960495623303062,0.07680958565024099,0.2677165354330709,0.6166334712624105,0.07006251201628466,0.9818758295553328,0.23981713698951546
2024-08-29T17:52:04.276374,interface,0.44881889763779526,0.7960495623303062,0.07680958565024099,0.2677165354330709,0.6166334712624105,0.07006251201628466,0.9818758295553328,0.23981713698951546
2024-08-29T17:52:04.416911,interface,0.44881889763779526,0.7960495623303062,0.07680958565024099,0.2677165354330709,0.6166334712624105,0.07006251201628466,0.9818758295553328,0.23981713698951546
2024-08-29T17:52:05.002694,interface,0.44881889763779526,0.7960495623303062,0.07680958565024099,0.2677165354330709,0.6166334712624105,0.07006251201628466,0.9818758295553328,0.23981713698951546
2024-08-29T17:52:05.156585,interface,0.4645669291338583,0.7960495623303062,0.07680958565024099,0.2677165354330709,0.6166334712624105,0.07006251201628466,0.9818758295553328,0.23981713698951546
2024-08-29T17:52:05.233533,interface,0.47244094488188976,0.7960495623303062,0.07680958565024099,0.2677165354330709,0.6166334712624105,0.07006251201628466,0.9818758295553328,0.23981713698951546
2024-08-29T17:52:05.485732,interface,0.5039370078740157,0.7960495623303062,0.07680958565024099,0.2677165354330709,0.6166334712624105,0.07006251201628466,0.9818758295553328,0.23981713698951546
2024-08-29T17:52:05.584695,interface,0.4881889763779528,0.7960495623303062,0.07680958565024099,0.2677165354330709,0.6166334712624105,0.07006251201628466,0.9818758295553328,0.23981713698951546
2024-08-29T17:52:05.978871,interface,0.5118110236220472,0.7960495623303062,0.07680958565024099,0.2677165354330709,0.6166334712624105,0.07006251201628466,0.9818758295553328,0.23981713698951546
2024-08-29T17:52:06.119347,interface,0.4881889763779528,0.7960495623303062,0.07680958565024099,0.2677165354330709,0.6166334712624105,0.07006251201628466,0.9818758295553328,0.23981713698951546
2024-08-29T17:53:41.860837,interface,0.47244094488188976,0.7960495623303062,0.07680958565024099,0.2677165354330709,0.6166334712624105,0.07006251201628466,0.9818758295553328,0.23981713698951546
2024-08-29T17:53:41.955747,interface,0.49606299212598426,0.7960495623303062,0.07680958565024099,0.2677165354330709,0.6166334712624105,0.07006251201628466,0.9818758295553328,0.23981713698951546
2024-08-29T17:53:41.971328,interface,0.5433070866141733,0.7960495623303062,0.07680958565024099,0.2677165354330709,0.6166334712624105,0.07006251201628466,0.9818758295553328,0.23981713698951546
2024-08-29T17:53:42.800479,interface,0.5433070866141733,0.7960495623303062,0.07680958565024099,0.2677165354330709,0.6166334712624105,0.07006251201628466,0.9818758295553328,0.23981713698951546
2024-08-29T17:53:42.827884,interface,0.49606299212598426,0.7960495623303062,0.07680958565024099,0.2677165354330709,0.6166334712624105,0.07006251201628466,0.9818758295553328,0.23981713698951546
2024-08-29T17:53:42.878575,interface,0.47244094488188976,0.7960495623303062,0.07680958565024099,0.2677165354330709,0.6166334712624105,0.07006251201628466,0.9818758295553328,0.23981713698951546
2024-08-29T17:53:44.068809,interface,0.5196850393700787,0.7960495623303062,0.07680958565024099,0.2677165354330709,0.6166334712624105,0.07006251201628466,0.9818758295553328,0.23981713698951546
2024-08-29T17:53:44.936397,interface,0.5196850393700787,0.7960495623303062,0.07680958565024099,0.2677165354330709,0.6166334712624105,0.07006251201628466,0.9818758295553328,0.23981713698951546
2024-08-29T17:53:45.382663,interface,0.49606299212598426,0.7960495623303062,0.07680958565024099,0.2677165354330709,0.6166334712624105,0.07006251201628466,0.9818758295553328,0.23981713698951546
2024-08-29T17:53:45.894478,interface,0.47244094488188976,0.7960495623303062,0.07680958565024099,0.2677165354330709,0.6166334712624105,0.07006251201628466,0.9818758295553328,0.23981713698951546
2024-08-29T17:53:46.931147,interface,0.5118110236220472,0.7960495623303062,0.07680958565024099,0.2677165354330709,0.6166334712624105,0.07006251201628466,0.9818758295553328,0.23981713698951546
2024-08-29T17:53:47.535905,interface,0.44881889763779526,0.7960495623303062,0.07680958565024099,0.2677165354330709,0.6166334712624105,0.07006251201628466,0.9818758295553328,0.23981713698951546
2024-08-29T17:53:47.681101,interface,0.48031496062992124,0.7960495623303062,0.07680958565024099,0.2677165354330709,0.6166334712624105,0.07006251201628466,0.9818758295553328,0.23981713698951546
2024-08-29T17:53:47.858572,interface,0.48031496062992124,0.7960495623303062,0.07680958565024099,0.2677165354330709,0.6166334712624105,0.07006251201628466,0.9818758295553328,0.23981713698951546
2024-08-29T17:53:48.564936,interface,0.5433070866141733,0.7960495623303062,0.07680958565024099,0.2677165354330709,0.6166334712624105,0.07006251201628466,0.9818758295553328,0.23981713698951546
2024-08-29T17:53:48.921071,interface,0.5433070866141733,0.7960495623303062,0.07680958565024099,0.2677165354330709,0.6166334712624105,0.07006251201628466,0.9818758295553328,0.23981713698951546
2024-08-29T17:53:49.126120,interface,0.5433070866141733,0.7960495623303062,0.07680958565024099,0.2677165354330709,0.6166334712624105,0.07006251201628466,0.9818758295553328,0.23981713698951546
2024-08-29T17:53:51.641714,interface,0.5511811023622047,0.7960495623303062,0.07680958565024099,0.2677165354330709,0.6166334712624105,0.07006251201628466,0.9818758295553328,0.23981713698951546
2024-08-29T17:53:52.699639,interface,0.5511811023622047,0.7960495623303062,0.07680958565024099,0.2677165354330709,0.6166334712624105,0.07006251201628466,0.9818758295553328,0.23981713698951546
2024-08-29T17:53:53.105848,interface,0.5511811023622047,0.7960495623303062,0.07680958565024099,0.2677165354330709,0.6166334712624105,0.07006251201628466,0.9818758295553328,0.23981713698951546
2024-08-29T17:53:53.522056,interface,0.5511811023622047,0.7960495623303062,0.07680958565024099,0.2677165354330709,0.6166334712624105,0.07006251201628466,0.9818758295553328,0.23981713698951546
2024-08-29T17:53:54.633208,interface,0.5039370078740157,0.7960495623303062,0.07680958565024099,0.2677165354330709,0.6166334712624105,0.07006251201628466,0.9818758295553328,0.23981713698951546
2024-08-29T17:53:55.780062,interface,0.5196850393700787,0.7960495623303062,0.07680958565024099,0.2677165354330709,0.6166334712624105,0.07006251201628466,0.9818758295553328,0.23981713698951546
2024-08-29T17:53:56.205301,interface,0.5039370078740157,0.7960495623303062,0.07680958565024099,0.2677165354330709,0.6166334712624105,0.07006251201628466,0.9818758295553328,0.23981713698951546
2024-08-29T17:55:43.215021,interface,0.5590551181102362,0.7960495623303062,0.07680958565024099,0.2677165354330709,0.6166334712624105,0.07006251201628466,0.9818758295553328,0.23981713698951546
2024-08-29T17:55:43.232899,interface,0.5669291338582677,0.7960495623303062,0.07680958565024099,0.2677165354330709,0.6166334712624105,0.07006251201628466,0.9818758295553328,0.23981713698951546
2024-08-29T17:55:43.579377,interface,0.5433070866141733,0.7960495623303062,0.07680958565024099,0.2677165354330709,0.6166334712624105,0.07006251201628466,0.9818758295553328,0.23981713698951546
2024-08-29T17:55:43.767457,interface,0.5590551181102362,0.7960495623303062,0.07680958565024099,0.2677165354330709,0.6166334712624105,0.07006251201628466,0.9818758295553328,0.23981713698951546
2024-08-29T17:55:43.874064,interface,0.5433070866141733,0.7960495623303062,0.07680958565024099,0.2677165354330709,0.6166334712624105,0.07006251201628466,0.9818758295553328,0.23981713698951546
2024-08-29T17:55:43.994594,interface,0.5669291338582677,0.7960495623303062,0.07680958565024099,0.2677165354330709,0.6166334712624105,0.07006251201628466,0.9818758295553328,0.23981713698951546
2024-08-29T17:55:44.028000,interface,0.5590551181102362,0.7960495623303062,0.07680958565024099,0.2677165354330709,0.6166334712624105,0.07006251201628466,0.9818758295553328,0.23981713698951546
2024-08-29T17:55:44.151324,interface,0.5669291338582677,0.7960495623303062,0.07680958565024099,0.2677165354330709,0.6166334712624105,0.07006251201628466,0.9818758295553328,0.23981713698951546
2024-08-29T17:55:44.153704,interface,0.5590551181102362,0.7960495623303062,0.07680958565024099,0.2677165354330709,0.6166334712624105,0.07006251201628466,0.9818758295553328,0.23981713698951546
2024-08-29T17:55:44.233261,interface,0.5433070866141733,0.7960495623303062,0.07680958565024099,0.2677165354330709,0.6166334712624105,0.07006251201628466,0.9818758295553328,0.23981713698951546
2024-08-29T17:55:44.307800,interface,0.5669291338582677,0.7960495623303062,0.07680958565024099,0.2677165354330709,0.6166334712624105,0.07006251201628466,0.9818758295553328,0.23981713698951546
2024-08-29T17:55:44.354004,interface,0.5590551181102362,0.7960495623303062,0.07680958565024099,0.2677165354330709,0.6166334712624105,0.07006251201628466,0.9818758295553328,0.23981713698951546
2024-08-29T17:55:44.400345,interface,0.5433070866141733,0.7960495623303062,0.07680958565024099,0.2677165354330709,0.6166334712624105,0.07006251201628466,0.9818758295553328,0.23981713698951546
2024-08-29T17:55:44.506799,interface,0.5669291338582677,0.7960495623303062,0.07680958565024099,0.2677165354330709,0.6166334712624105,0.07006251201628466,0.9818758295553328,0.23981713698951546
2024-08-29T17:55:44.730537,interface,0.5669291338582677,0.7960495623303062,0.07680958565024099,0.2677165354330709,0.6166334712624105,0.07006251201628466,0.9818758295553328,0.23981713698951546
2024-08-29T17:55:44.845708,interface,0.5669291338582677,0.7960495623303062,0.07680958565024099,0.2677165354330709,0.6166334712624105,0.07006251201628466,0.9818758295553328,0.23981713698951546
2024-08-29T17:55:44.983117,interface,0.3779527559055118,0.7960495623303062,0.07680958565024099,0.2677165354330709,0.6166334712624105,0.07006251201628466,0.9818758295553328,0.23981713698951546
2024-08-29T17:55:45.195007,interface,0.5669291338582677,0.7960495623303062,0.07680958565024099,0.2677165354330709,0.6166334712624105,0.07006251201628466,0.9818758295553328,0.23981713698951546
2024-08-29T17:55:45.460503,interface,0.3937007874015748,0.7960495623303062,0.07680958565024099,0.2677165354330709,0.6166334712624105,0.07006251201628466,0.9818758295553328,0.23981713698951546
2024-08-29T17:55:45.722974,interface,0.4094488188976378,0.7960495623303062,0.07680958565024099,0.2677165354330709,0.6166334712624105,0.07006251201628466,0.9818758295553328,0.23981713698951546
2024-08-29T17:55:45.847262,interface,0.5669291338582677,0.7960495623303062,0.07680958565024099,0.2677165354330709,0.6166334712624105,0.07006251201628466,0.9818758295553328,0.23981713698951546
2024-08-29T17:55:45.984252,interface,0.41732283464566927,0.7960495623303062,0.07680958565024099,0.2677165354330709,0.6166334712624105,0.07006251201628466,0.9818758295553328,0.23981713698951546
2024-08-29T17:55:46.100655,interface,0.5669291338582677,0.7960495623303062,0.07680958565024099,0.2677165354330709,0.6166334712624105,0.07006251201628466,0.9818758295553328,0.23981713698951546
2024-08-29T17:55:46.216146,interface,0.41732283464566927,0.7960495623303062,0.07680958565024099,0.2677165354330709,0.6166334712624105,0.07006251201628466,0.9818758295553328,0.23981713698951546
2024-08-29T17:55:46.298758,interface,0.5669291338582677,0.7960495623303062,0.07680958565024099,0.2677165354330709,0.6166334712624105,0.07006251201628466,0.9818758295553328,0.23981713698951546
2024-08-29T17:55:46.446693,interface,0.41732283464566927,0.7960495623303062,0.07680958565024099,0.2677165354330709,0.6166334712624105,0.07006251201628466,0.9818758295553328,0.23981713698951546
2024-08-29T17:55:46.553481,interface,0.5669291338582677,0.7960495623303062,0.07680958565024099,0.2677165354330709,0.6166334712624105,0.07006251201628466,0.9818758295553328,0.23981713698951546
2024-08-29T17:55:46.691121,interface,0.41732283464566927,0.7960495623303062,0.07680958565024099,0.2677165354330709,0.6166334712624105,0.07006251201628466,0.9818758295553328,0.23981713698951546
2024-08-29T17:55:46.826900,interface,0.5669291338582677,0.7960495623303062,0.07680958565024099,0.2677165354330709,0.6166334712624105,0.07006251201628466,0.9818758295553328,0.23981713698951546
2024-08-29T17:55:47.095236,interface,0.5590551181102362,0.7960495623303062,0.07680958565024099,0.2677165354330709,0.6166334712624105,0.07006251201628466,0.9818758295553328,0.23981713698951546
2024-08-29T17:55:47.288836,interface,0.5590551181102362,0.7960495623303062,0.07680958565024099,0.2677165354330709,0.6166334712624105,0.07006251201628466,0.9818758295553328,0.23981713698951546
2024-08-29T17:55:47.455553,interface,0.4094488188976378,0.7960495623303062,0.07680958565024099,0.2677165354330709,0.6166334712624105,0.07006251201628466,0.9818758295553328,0.23981713698951546
2024-08-29T17:55:47.542815,interface,0.5433070866141733,0.7960495623303062,0.07680958565024099,0.2677165354330709,0.6166334712624105,0.07006251201628466,0.9818758295553328,0.23981713698951546
2024-08-29T17:55:47.962484,interface,0.5433070866141733,0.7960495623303062,0.07680958565024099,0.2677165354330709,0.6166334712624105,0.07006251201628466,0.9818758295553328,0.23981713698951546
2024-08-29T17:55:48.041446,interface,0.3779527559055118,0.7960495623303062,0.07680958565024099,0.2677165354330709,0.6166334712624105,0.07006251201628466,0.9818758295553328,0.23981713698951546
2024-08-29T17:55:48.154901,interface,0.5669291338582677,0.7960495623303062,0.07680958565024099,0.2677165354330709,0.6166334712624105,0.07006251201628466,0.9818758295553328,0.23981713698951546
2024-08-29T17:55:48.379822,interface,0.4094488188976378,0.7960495623303062,0.07680958565024099,0.2677165354330709,0.6166334712624105,0.07006251201628466,0.9818758295553328,0.23981713698951546
2024-08-29T17:55:48.538867,interface,0.5669291338582677,0.7960495623303062,0.07680958565024099,0.2677165354330709,0.6166334712624105,0.07006251201628466,0.9818758295553328,0.23981713698951546
2024-08-29T17:55:48.674338,interface,0.41732283464566927,0.7960495623303062,0.07680958565024099,0.2677165354330709,0.6166334712624105,0.07006251201628466,0.9818758295553328,0.23981713698951546
2024-08-29T17:55:48.754367,interface,0.5590551181102362,0.7960495623303062,0.07680958565024099,0.2677165354330709,0.6166334712624105,0.07006251201628466,0.9818758295553328,0.23981713698951546
2024-08-29T17:55:48.917425,interface,0.4094488188976378,0.7960495623303062,0.07680958565024099,0.2677165354330709,0.6166334712624105,0.07006251201628466,0.9818758295553328,0.23981713698951546
2024-08-29T17:55:49.023958,interface,0.5590551181102362,0.7960495623303062,0.07680958565024099,0.2677165354330709,0.6166334712624105,0.07006251201628466,0.9818758295553328,0.23981713698951546
2024-08-29T17:55:49.130514,interface,0.4094488188976378,0.7960495623303062,0.07680958565024099,0.2677165354330709,0.6166334712624105,0.07006251201628466,0.9818758295553328,0.23981713698951546
2024-08-29T17:55:49.244464,interface,0.5590551181102362,0.7960495623303062,0.07680958565024099,0.2677165354330709,0.6166334712624105,0.07006251201628466,0.9818758295553328,0.23981713698951546
2024-08-29T17:55:49.351040,interface,0.4094488188976378,0.7960495623303062,0.07680958565024099,0.2677165354330709,0.6166334712624105,0.07006251201628466,0.9818758295553328,0.23981713698951546
2024-08-29T17:55:49.457625,interface,0.5590551181102362,0.7960495623303062,0.07680958565024099,0.2677165354330709,0.6166334712624105,0.07006251201628466,0.9818758295553328,0.23981713698951546
2024-08-29T17:55:49.564168,interface,0.41732283464566927,0.7960495623303062,0.07680958565024099,0.2677165354330709,0.6166334712624105,0.07006251201628466,0.9818758295553328,0.23981713698951546
2024-08-29T17:55:49.629995,interface,0.5590551181102362,0.7960495623303062,0.07680958565024099,0.2677165354330709,0.6166334712624105,0.07006251201628466,0.9818758295553328,0.23981713698951546
2024-08-29T17:55:49.810604,interface,0.5590551181102362,0.7960495623303062,0.07680958565024099,0.2677165354330709,0.6166334712624105,0.07006251201628466,0.9818758295553328,0.23981713698951546
2024-08-29T17:55:49.942913,interface,0.41732283464566927,0.7960495623303062,0.07680958565024099,0.2677165354330709,0.6166334712624105,0.07006251201628466,0.9818758295553328,0.23981713698951546
2024-08-29T17:55:50.023249,interface,0.5590551181102362,0.7960495623303062,0.07680958565024099,0.2677165354330709,0.6166334712624105,0.07006251201628466,0.9818758295553328,0.23981713698951546
2024-08-29T17:55:50.129731,interface,0.41732283464566927,0.7960495623303062,0.07680958565024099,0.2677165354330709,0.6166334712624105,0.07006251201628466,0.9818758295553328,0.23981713698951546
2024-08-29T17:55:50.229896,interface,0.5590551181102362,0.7960495623303062,0.07680958565024099,0.2677165354330709,0.6166334712624105,0.07006251201628466,0.9818758295553328,0.23981713698951546
2024-08-29T17:55:50.302825,interface,0.41732283464566927,0.7960495623303062,0.07680958565024099,0.2677165354330709,0.6166334712624105,0.07006251201628466,0.9818758295553328,0.23981713698951546
2024-08-29T17:55:50.404372,interface,0.5590551181102362,0.7960495623303062,0.07680958565024099,0.2677165354330709,0.6166334712624105,0.07006251201628466,0.9818758295553328,0.23981713698951546
2024-08-29T17:55:50.444449,interface,0.41732283464566927,0.7960495623303062,0.07680958565024099,0.2677165354330709,0.6166334712624105,0.07006251201628466,0.9818758295553328,0.23981713698951546
2024-08-29T18:03:46.467376,interface,0.5669291338582677,0.7960495623303062,0.07680958565024099,0.2677165354330709,0.6166334712624105,0.07006251201628466,0.9818758295553328,0.23981713698951546
2024-08-29T18:03:46.470351,interface,0.5433070866141733,0.7960495623303062,0.07680958565024099,0.2677165354330709,0.6166334712624105,0.07006251201628466,0.9818758295553328,0.23981713698951546
2024-08-29T18:03:46.527518,interface,0.5275590551181102,0.7960495623303062,0.07680958565024099,0.2677165354330709,0.6166334712624105,0.07006251201628466,0.9818758295553328,0.23981713698951546
2024-08-29T18:03:46.697313,interface,0.5433070866141733,0.7960495623303062,0.07680958565024099,0.2677165354330709,0.6166334712624105,0.07006251201628466,0.9818758295553328,0.23981713698951546
2024-08-29T18:03:46.701618,interface,0.5590551181102362,0.7960495623303062,0.07680958565024099,0.2677165354330709,0.6166334712624105,0.07006251201628466,0.9818758295553328,0.23981713698951546
2024-08-29T18:03:46.803657,interface,0.5118110236220472,0.7960495623303062,0.07680958565024099,0.2677165354330709,0.6166334712624105,0.07006251201628466,0.9818758295553328,0.23981713698951546
2024-08-29T18:03:46.941914,interface,0.5039370078740157,0.7960495623303062,0.07680958565024099,0.2677165354330709,0.6166334712624105,0.07006251201628466,0.9818758295553328,0.23981713698951546
2024-08-29T18:03:46.944250,interface,0.5275590551181102,0.7960495623303062,0.07680958565024099,0.2677165354330709,0.6166334712624105,0.07006251201628466,0.9818758295553328,0.23981713698951546
2024-08-29T18:03:47.039427,interface,0.47244094488188976,0.7960495623303062,0.07680958565024099,0.2677165354330709,0.6166334712624105,0.07006251201628466,0.9818758295553328,0.23981713698951546
2024-08-29T18:03:47.095493,interface,0.4645669291338583,0.7960495623303062,0.07680958565024099,0.2677165354330709,0.6166334712624105,0.07006251201628466,0.9818758295553328,0.23981713698951546
2024-08-29T18:03:47.097937,interface,0.4881889763779528,0.7960495623303062,0.07680958565024099,0.2677165354330709,0.6166334712624105,0.07006251201628466,0.9818758295553328,0.23981713698951546
2024-08-29T18:03:47.177332,interface,0.4330708661417323,0.7960495623303062,0.07680958565024099,0.2677165354330709,0.6166334712624105,0.07006251201628466,0.9818758295553328,0.23981713698951546
2024-08-29T18:03:47.272888,interface,0.4094488188976378,0.7960495623303062,0.07680958565024099,0.2677165354330709,0.6166334712624105,0.07006251201628466,0.9818758295553328,0.23981713698951546
2024-08-29T18:03:47.307852,interface,0.3937007874015748,0.7960495623303062,0.07680958565024099,0.2677165354330709,0.6166334712624105,0.07006251201628466,0.9818758295553328,0.23981713698951546
2024-08-29T18:03:47.351889,interface,0.3779527559055118,0.7960495623303062,0.07680958565024099,0.2677165354330709,0.6166334712624105,0.07006251201628466,0.9818758295553328,0.23981713698951546
2024-08-29T18:03:47.519221,interface,0.3779527559055118,0.7960495623303062,0.07680958565024099,0.2677165354330709,0.6166334712624105,0.07006251201628466,0.9818758295553328,0.23981713698951546
2024-08-29T18:03:47.708589,interface,0.4330708661417323,0.7960495623303062,0.07680958565024099,0.2677165354330709,0.6166334712624105,0.07006251201628466,0.9818758295553328,0.23981713698951546
2024-08-29T18:03:47.743467,interface,0.44881889763779526,0.7960495623303062,0.07680958565024099,0.2677165354330709,0.6166334712624105,0.07006251201628466,0.9818758295553328,0.23981713698951546
2024-08-29T18:03:47.783129,interface,0.4645669291338583,0.7960495623303062,0.07680958565024099,0.2677165354330709,0.6166334712624105,0.07006251201628466,0.9818758295553328,0.23981713698951546
2024-08-29T18:03:47.823869,interface,0.47244094488188976,0.7960495623303062,0.07680958565024099,0.2677165354330709,0.6166334712624105,0.07006251201628466,0.9818758295553328,0.23981713698951546
2024-08-29T18:03:47.874461,interface,0.4881889763779528,0.7960495623303062,0.07680958565024099,0.2677165354330709,0.6166334712624105,0.07006251201628466,0.9818758295553328,0.23981713698951546
2024-08-29T18:03:47.923973,interface,0.5039370078740157,0.7960495623303062,0.07680958565024099,0.2677165354330709,0.6166334712624105,0.07006251201628466,0.9818758295553328,0.23981713698951546
2024-08-29T18:03:47.977299,interface,0.5118110236220472,0.7960495623303062,0.07680958565024099,0.2677165354330709,0.6166334712624105,0.07006251201628466,0.9818758295553328,0.23981713698951546
2024-08-29T18:03:48.030166,interface,0.5275590551181102,0.7960495623303062,0.07680958565024099,0.2677165354330709,0.6166334712624105,0.07006251201628466,0.9818758295553328,0.23981713698951546
2024-08-29T18:03:48.094876,interface,0.5433070866141733,0.7960495623303062,0.07680958565024099,0.2677165354330709,0.6166334712624105,0.07006251201628466,0.9818758295553328,0.23981713698951546
2024-08-29T18:03:48.177081,interface,0.5590551181102362,0.7960495623303062,0.07680958565024099,0.2677165354330709,0.6166334712624105,0.07006251201628466,0.9818758295553328,0.23981713698951546
2024-08-29T18:03:50.700478,interface,0.5275590551181102,0.7960495623303062,0.07680958565024099,0.2677165354330709,0.6166334712624105,0.07006251201628466,0.9818758295553328,0.23981713698951546
2024-08-29T18:03:50.790615,interface,0.5433070866141733,0.7960495623303062,0.07680958565024099,0.2677165354330709,0.6166334712624105,0.07006251201628466,0.9818758295553328,0.23981713698951546
2024-08-29T18:03:50.850308,interface,0.5590551181102362,0.7960495623303062,0.07680958565024099,0.2677165354330709,0.6166334712624105,0.07006251201628466,0.9818758295553328,0.23981713698951546
2024-08-29T18:03:59.851494,interface,0.5039370078740157,0.7960495623303062,0.07680958565024099,0.2677165354330709,0.6166334712624105,0.07006251201628466,0.9818758295553328,0.23981713698951546
2024-08-29T18:04:00.345548,interface,0.5039370078740157,0.7960495623303062,0.07680958565024099,0.2677165354330709,0.6166334712624105,0.07006251201628466,0.9818758295553328,0.23981713698951546
2024-08-29T18:04:00.925409,interface,0.4094488188976378,0.7960495623303062,0.07680958565024099,0.2677165354330709,0.6166334712624105,0.07006251201628466,0.9818758295553328,0.23981713698951546
2024-08-29T18:04:01.171378,interface,0.4566929133858268,0.7960495623303062,0.07680958565024099,0.2677165354330709,0.6166334712624105,0.07006251201628466,0.9818758295553328,0.23981713698951546
2024-08-29T18:04:01.213464,interface,0.4645669291338583,0.7960495623303062,0.07680958565024099,0.2677165354330709,0.6166334712624105,0.07006251201628466,0.9818758295553328,0.23981713698951546
2024-08-29T18:04:01.392094,interface,0.5039370078740157,0.7960495623303062,0.07680958565024099,0.2677165354330709,0.6166334712624105,0.07006251201628466,0.9818758295553328,0.23981713698951546
2024-08-29T18:04:01.621544,interface,0.4094488188976378,0.7960495623303062,0.07680958565024099,0.2677165354330709,0.6166334712624105,0.07006251201628466,0.9818758295553328,0.23981713698951546
2024-08-29T18:04:01.814975,interface,0.4566929133858268,0.7960495623303062,0.07680958565024099,0.2677165354330709,0.6166334712624105,0.07006251201628466,0.9818758295553328,0.23981713698951546
2024-08-29T18:04:02.003293,interface,0.5039370078740157,0.7960495623303062,0.07680958565024099,0.2677165354330709,0.6166334712624105,0.07006251201628466,0.9818758295553328,0.23981713698951546
2024-08-29T18:04:02.208069,interface,0.4094488188976378,0.7960495623303062,0.07680958565024099,0.2677165354330709,0.6166334712624105,0.07006251201628466,0.9818758295553328,0.23981713698951546
2024-08-29T18:04:03.730142,interface,0.5118110236220472,0.7960495623303062,0.07680958565024099,0.2677165354330709,0.6166334712624105,0.07006251201628466,0.9818758295553328,0.23981713698951546
2024-08-29T18:04:04.579764,interface,0.44881889763779526,0.7960495623303062,0.07680958565024099,0.2677165354330709,0.6166334712624105,0.07006251201628466,0.9818758295553328,0.23981713698951546
2024-08-29T18:04:04.917826,interface,0.4645669291338583,0.7960495623303062,0.07680958565024099,0.2677165354330709,0.6166334712624105,0.07006251201628466,0.9818758295553328,0.23981713698951546
2024-08-29T18:04:05.218738,interface,0.47244094488188976,0.7960495623303062,0.07680958565024099,0.2677165354330709,0.6166334712624105,0.07006251201628466,0.9818758295553328,0.23981713698951546
2024-08-29T18:04:05.706905,interface,0.48031496062992124,0.7960495623303062,0.07680958565024099,0.2677165354330709,0.6166334712624105,0.07006251201628466,0.9818758295553328,0.23981713698951546
2024-08-29T18:04:06.150440,interface,0.47244094488188976,0.7960495623303062,0.07680958565024099,0.2677165354330709,0.6166334712624105,0.07006251201628466,0.9818758295553328,0.23981713698951546
2024-08-29T18:04:06.535395,interface,0.4645669291338583,0.7960495623303062,0.07680958565024099,0.2677165354330709,0.6166334712624105,0.07006251201628466,0.9818758295553328,0.23981713698951546
2024-08-29T18:04:07.470421,interface,0.4566929133858268,0.7960495623303062,0.07680958565024099,0.2677165354330709,0.6166334712624105,0.07006251201628466,0.9818758295553328,0.23981713698951546
2024-08-29T18:04:07.571006,interface,0.4645669291338583,0.7960495623303062,0.07680958565024099,0.2677165354330709,0.6166334712624105,0.07006251201628466,0.9818758295553328,0.23981713698951546
2024-08-29T18:04:07.677868,interface,0.4566929133858268,0.7960495623303062,0.07680958565024099,0.2677165354330709,0.6166334712624105,0.07006251201628466,0.9818758295553328,0.23981713698951546
2024-08-29T18:04:07.734044,interface,0.4645669291338583,0.7960495623303062,0.07680958565024099,0.2677165354330709,0.6166334712624105,0.07006251201628466,0.9818758295553328,0.23981713698951546
2024-08-29T18:04:07.862511,interface,0.4566929133858268,0.7960495623303062,0.07680958565024099,0.2677165354330709,0.6166334712624105,0.07006251201628466,0.9818758295553328,0.23981713698951546
2024-08-29T18:04:08.008898,interface,0.4645669291338583,0.7960495623303062,0.07680958565024099,0.2677165354330709,0.6166334712624105,0.07006251201628466,0.9818758295553328,0.23981713698951546
2024-08-29T18:04:13.993979,interface,0.5039370078740157,0.7960495623303062,0.07680958565024099,0.2677165354330709,0.6166334712624105,0.07006251201628466,0.9818758295553328,0.23981713698951546
2024-08-29T18:04:14.606478,interface,0.41732283464566927,0.7960495623303062,0.07680958565024099,0.2677165354330709,0.6166334712624105,0.07006251201628466,0.9818758295553328,0.23981713698951546
2024-08-29T18:04:14.856424,interface,0.44881889763779526,0.7960495623303062,0.07680958565024099,0.2677165354330709,0.6166334712624105,0.07006251201628466,0.9818758295553328,0.23981713698951546
2024-08-29T18:04:15.117577,interface,0.5039370078740157,0.7960495623303062,0.07680958565024099,0.2677165354330709,0.6166334712624105,0.07006251201628466,0.9818758295553328,0.23981713698951546
2024-08-29T18:04:15.515181,interface,0.41732283464566927,0.7960495623303062,0.07680958565024099,0.2677165354330709,0.6166334712624105,0.07006251201628466,0.9818758295553328,0.23981713698951546
2024-08-29T18:04:15.733647,interface,0.44881889763779526,0.7960495623303062,0.07680958565024099,0.2677165354330709,0.6166334712624105,0.07006251201628466,0.9818758295553328,0.23981713698951546
2024-08-29T18:04:16.021835,interface,0.5039370078740157,0.7960495623303062,0.07680958565024099,0.2677165354330709,0.6166334712624105,0.07006251201628466,0.9818758295553328,0.23981713698951546
2024-08-29T18:04:16.873917,interface,0.41732283464566927,0.7960495623303062,0.07680958565024099,0.2677165354330709,0.6166334712624105,0.07006251201628466,0.9818758295553328,0.23981713698951546
2024-08-29T18:04:17.047677,interface,0.44881889763779526,0.7960495623303062,0.07680958565024099,0.2677165354330709,0.6166334712624105,0.07006251201628466,0.9818758295553328,0.23981713698951546
2024-08-29T18:04:17.218938,interface,0.5039370078740157,0.7960495623303062,0.07680958565024099,0.2677165354330709,0.6166334712624105,0.07006251201628466,0.9818758295553328,0.23981713698951546
2024-08-29T18:04:17.382908,interface,0.41732283464566927,0.7960495623303062,0.07680958565024099,0.2677165354330709,0.6166334712624105,0.07006251201628466,0.9818758295553328,0.23981713698951546
2024-08-29T18:04:17.495539,interface,0.44881889763779526,0.7960495623303062,0.07680958565024099,0.2677165354330709,0.6166334712624105,0.07006251201628466,0.9818758295553328,0.23981713698951546
2024-08-29T18:04:17.591515,interface,0.5039370078740157,0.7960495623303062,0.07680958565024099,0.2677165354330709,0.6166334712624105,0.07006251201628466,0.9818758295553328,0.23981713698951546
2024-08-29T18:04:18.799140,interface,0.41732283464566927,0.7960495623303062,0.07680958565024099,0.2677165354330709,0.6166334712624105,0.07006251201628466,0.9818758295553328,0.23981713698951546
2024-08-29T18:04:18.887701,interface,0.44881889763779526,0.7960495623303062,0.07680958565024099,0.2677165354330709,0.6166334712624105,0.07006251201628466,0.9818758295553328,0.23981713698951546
2024-08-29T18:04:19.036231,interface,0.5039370078740157,0.7960495623303062,0.07680958565024099,0.2677165354330709,0.6166334712624105,0.07006251201628466,0.9818758295553328,0.23981713698951546
2024-08-29T18:04:19.227183,interface,0.41732283464566927,0.7960495623303062,0.07680958565024099,0.2677165354330709,0.6166334712624105,0.07006251201628466,0.9818758295553328,0.23981713698951546
2024-08-29T18:04:19.413396,interface,0.4645669291338583,0.7960495623303062,0.07680958565024099,0.2677165354330709,0.6166334712624105,0.07006251201628466,0.9818758295553328,0.23981713698951546
2024-08-29T18:04:19.619344,interface,0.44881889763779526,0.7960495623303062,0.07680958565024099,0.2677165354330709,0.6166334712624105,0.07006251201628466,0.9818758295553328,0.23981713698951546
2024-08-29T18:04:19.818108,interface,0.4881889763779528,0.7960495623303062,0.07680958565024099,0.2677165354330709,0.6166334712624105,0.07006251201628466,0.9818758295553328,0.23981713698951546
2024-08-29T18:04:20.176620,interface,0.49606299212598426,0.7960495623303062,0.07680958565024099,0.2677165354330709,0.6166334712624105,0.07006251201628466,0.9818758295553328,0.23981713698951546
2024-08-29T18:04:22.381812,interface,0.47244094488188976,0.7960495623303062,0.07680958565024099,0.2677165354330709,0.6166334712624105,0.07006251201628466,0.9818758295553328,0.23981713698951546
2024-08-29T18:04:22.444882,interface,0.5039370078740157,0.7960495623303062,0.07680958565024099,0.2677165354330709,0.6166334712624105,0.07006251201628466,0.9818758295553328,0.23981713698951546
2024-08-29T18:04:22.583299,interface,0.47244094488188976,0.7960495623303062,0.07680958565024099,0.2677165354330709,0.6166334712624105,0.07006251201628466,0.9818758295553328,0.23981713698951546
2024-08-29T18:04:22.690238,interface,0.49606299212598426,0.7960495623303062,0.07680958565024099,0.2677165354330709,0.6166334712624105,0.07006251201628466,0.9818758295553328,0.23981713698951546
2024-08-29T18:04:22.823246,interface,0.47244094488188976,0.7960495623303062,0.07680958565024099,0.2677165354330709,0.6166334712624105,0.07006251201628466,0.9818758295553328,0.23981713698951546
2024-08-29T18:04:22.949280,interface,0.49606299212598426,0.7960495623303062,0.07680958565024099,0.2677165354330709,0.6166334712624105,0.07006251201628466,0.9818758295553328,0.23981713698951546
2024-08-29T18:04:22.993815,interface,0.5039370078740157,0.7960495623303062,0.07680958565024099,0.2677165354330709,0.6166334712624105,0.07006251201628466,0.9818758295553328,0.23981713698951546
2024-08-29T18:04:23.074747,interface,0.47244094488188976,0.7960495623303062,0.07680958565024099,0.2677165354330709,0.6166334712624105,0.07006251201628466,0.9818758295553328,0.23981713698951546
2024-08-29T18:04:24.743648,interface,0.4645669291338583,0.7960495623303062,0.07680958565024099,0.2677165354330709,0.6166334712624105,0.07006251201628466,0.9818758295553328,0.23981713698951546
2024-08-29T18:04:24.966348,interface,0.47244094488188976,0.7960495623303062,0.07680958565024099,0.2677165354330709,0.6166334712624105,0.07006251201628466,0.9818758295553328,0.23981713698951546
2024-08-29T18:04:27.416636,interface,0.5196850393700787,0.7960495623303062,0.07680958565024099,0.2677165354330709,0.6166334712624105,0.07006251201628466,0.9818758295553328,0.23981713698951546
2024-08-29T18:04:27.618703,interface,0.5118110236220472,0.7960495623303062,0.07680958565024099,0.2677165354330709,0.6166334712624105,0.07006251201628466,0.9818758295553328,0.23981713698951546
2024-08-29T18:04:27.878245,interface,0.5196850393700787,0.7960495623303062,0.07680958565024099,0.2677165354330709,0.6166334712624105,0.07006251201628466,0.9818758295553328,0.23981713698951546
2024-08-29T18:04:38.192360,interface,0.4881889763779528,0.7960495623303062,0.07680958565024099,0.2677165354330709,0.6166334712624105,0.07006251201628466,0.9818758295553328,0.23981713698951546
2024-08-29T18:04:48.359699,interface,0.5039370078740157,0.7960495623303062,0.07680958565024099,0.2677165354330709,0.6166334712624105,0.07006251201628466,0.9818758295553328,0.23981713698951546
2024-08-29T18:04:48.789846,interface,0.5039370078740157,0.7960495623303062,0.07680958565024099,0.2677165354330709,0.6166334712624105,0.07006251201628466,0.9818758295553328,0.23981713698951546
2024-08-29T18:04:49.363825,interface,0.4094488188976378,0.7960495623303062,0.07680958565024099,0.2677165354330709,0.6166334712624105,0.07006251201628466,0.9818758295553328,0.23981713698951546
2024-08-29T18:04:49.598815,interface,0.4645669291338583,0.7960495623303062,0.07680958565024099,0.2677165354330709,0.6166334712624105,0.07006251201628466,0.9818758295553328,0.23981713698951546
2024-08-29T18:04:49.622854,interface,0.4566929133858268,0.7960495623303062,0.07680958565024099,0.2677165354330709,0.6166334712624105,0.07006251201628466,0.9818758295553328,0.23981713698951546
2024-08-29T18:04:49.935705,interface,0.5039370078740157,0.7960495623303062,0.07680958565024099,0.2677165354330709,0.6166334712624105,0.07006251201628466,0.9818758295553328,0.23981713698951546
2024-08-29T18:04:52.266433,interface,0.5275590551181102,0.7960495623303062,0.07680958565024099,0.2677165354330709,0.6166334712624105,0.07006251201628466,0.9818758295553328,0.23981713698951546
2024-08-29T18:04:52.416596,interface,0.5354330708661418,0.7960495623303062,0.07680958565024099,0.2677165354330709,0.6166334712624105,0.07006251201628466,0.9818758295553328,0.23981713698951546
2024-08-29T18:04:52.563833,interface,0.5275590551181102,0.7960495623303062,0.07680958565024099,0.2677165354330709,0.6166334712624105,0.07006251201628466,0.9818758295553328,0.23981713698951546
2024-08-29T18:04:52.734083,interface,0.5354330708661418,0.7960495623303062,0.07680958565024099,0.2677165354330709,0.6166334712624105,0.07006251201628466,0.9818758295553328,0.23981713698951546
2024-08-29T18:04:53.585266,interface,0.47244094488188976,0.7960495623303062,0.07680958565024099,0.2677165354330709,0.6166334712624105,0.07006251201628466,0.9818758295553328,0.23981713698951546
2024-08-29T18:04:54.574212,interface,0.49606299212598426,0.7960495623303062,0.07680958565024099,0.2677165354330709,0.6166334712624105,0.07006251201628466,0.9818758295553328,0.23981713698951546
2024-08-29T18:04:54.765975,interface,0.47244094488188976,0.7960495623303062,0.07680958565024099,0.2677165354330709,0.6166334712624105,0.07006251201628466,0.9818758295553328,0.23981713698951546
2024-08-29T18:05:03.543177,interface,0.5039370078740157,0.7960495623303062,0.07680958565024099,0.2677165354330709,0.6166334712624105,0.07006251201628466,0.9818758295553328,0.23981713698951546
2024-08-29T18:05:03.546053,interface,0.4645669291338583,0.7960495623303062,0.07680958565024099,0.2677165354330709,0.6166334712624105,0.07006251201628466,0.9818758295553328,0.23981713698951546
2024-08-29T18:05:03.548674,interface,0.4330708661417323,0.7960495623303062,0.07680958565024099,0.2677165354330709,0.6166334712624105,0.07006251201628466,0.9818758295553328,0.23981713698951546
2024-08-29T18:05:03.552065,interface,0.4881889763779528,0.7960495623303062,0.07680958565024099,0.2677165354330709,0.6166334712624105,0.07006251201628466,0.9818758295553328,0.23981713698951546
2024-08-29T18:05:03.796374,interface,0.5039370078740157,0.7960495623303062,0.07680958565024099,0.2677165354330709,0.6166334712624105,0.07006251201628466,0.9818758295553328,0.23981713698951546
2024-08-29T18:05:03.799061,interface,0.4881889763779528,0.7960495623303062,0.07680958565024099,0.2677165354330709,0.6166334712624105,0.07006251201628466,0.9818758295553328,0.23981713698951546
2024-08-29T18:05:03.801826,interface,0.4645669291338583,0.7960495623303062,0.07680958565024099,0.2677165354330709,0.6166334712624105,0.07006251201628466,0.9818758295553328,0.23981713698951546
2024-08-29T18:05:03.804122,interface,0.4330708661417323,0.7960495623303062,0.07680958565024099,0.2677165354330709,0.6166334712624105,0.07006251201628466,0.9818758295553328,0.23981713698951546
2024-08-29T18:05:16.084851,interface,0.5118110236220472,0.7960495623303062,0.07680958565024099,0.2677165354330709,0.6166334712624105,0.07006251201628466,0.9818758295553328,0.23981713698951546
2024-08-29T18:05:16.259386,interface,0.5196850393700787,0.7960495623303062,0.07680958565024099,0.2677165354330709,0.6166334712624105,0.07006251201628466,0.9818758295553328,0.23981713698951546
2024-08-29T18:05:16.488435,interface,0.5118110236220472,0.7960495623303062,0.07680958565024099,0.2677165354330709,0.6166334712624105,0.07006251201628466,0.9818758295553328,0.23981713698951546
2024-08-29T18:05:18.473532,interface,0.5039370078740157,0.7960495623303062,0.07680958565024099,0.2677165354330709,0.6166334712624105,0.07006251201628466,0.9818758295553328,0.23981713698951546
2024-08-29T18:05:18.480504,interface,0.49606299212598426,0.7960495623303062,0.07680958565024099,0.2677165354330709,0.6166334712624105,0.07006251201628466,0.9818758295553328,0.23981713698951546
2024-08-29T18:05:18.733929,interface,0.4881889763779528,0.7960495623303062,0.07680958565024099,0.2677165354330709,0.6166334712624105,0.07006251201628466,0.9818758295553328,0.23981713698951546
2024-08-29T18:05:25.752816,interface,0.44881889763779526,0.7960495623303062,0.07680958565024099,0.2677165354330709,0.6166334712624105,0.07006251201628466,0.9818758295553328,0.23981713698951546
2024-08-29T18:05:26.009315,interface,0.47244094488188976,0.7960495623303062,0.07680958565024099,0.2677165354330709,0.6166334712624105,0.07006251201628466,0.9818758295553328,0.23981713698951546
2024-08-29T18:05:26.352218,interface,0.5039370078740157,0.7960495623303062,0.07680958565024099,0.2677165354330709,0.6166334712624105,0.07006251201628466,0.9818758295553328,0.23981713698951546
2024-08-29T18:05:26.810867,interface,0.5275590551181102,0.7960495623303062,0.07680958565024099,0.2677165354330709,0.6166334712624105,0.07006251201628466,0.9818758295553328,0.23981713698951546
2024-08-29T18:05:31.006879,interface,0.3779527559055118,0.7960495623303062,0.07680958565024099,0.2677165354330709,0.6166334712624105,0.07006251201628466,0.9818758295553328,0.23981713698951546
2024-08-29T18:05:31.698272,interface,0.3858267716535433,0.7960495623303062,0.07680958565024099,0.2677165354330709,0.6166334712624105,0.07006251201628466,0.9818758295553328,0.23981713698951546
2024-08-29T18:05:32.194364,interface,0.3937007874015748,0.7960495623303062,0.07680958565024099,0.2677165354330709,0.6166334712624105,0.07006251201628466,0.9818758295553328,0.23981713698951546
2024-08-29T18:05:32.717756,interface,0.4094488188976378,0.7960495623303062,0.07680958565024099,0.2677165354330709,0.6166334712624105,0.07006251201628466,0.9818758295553328,0.23981713698951546
2024-08-29T18:05:33.019559,interface,0.41732283464566927,0.7960495623303062,0.07680958565024099,0.2677165354330709,0.6166334712624105,0.07006251201628466,0.9818758295553328,0.23981713698951546
2024-08-29T18:05:33.192135,interface,0.4330708661417323,0.7960495623303062,0.07680958565024099,0.2677165354330709,0.6166334712624105,0.07006251201628466,0.9818758295553328,0.23981713698951546
2024-08-29T18:05:33.304880,interface,0.44881889763779526,0.7960495623303062,0.07680958565024099,0.2677165354330709,0.6166334712624105,0.07006251201628466,0.9818758295553328,0.23981713698951546
2024-08-29T18:05:33.372713,interface,0.4645669291338583,0.7960495623303062,0.07680958565024099,0.2677165354330709,0.6166334712624105,0.07006251201628466,0.9818758295553328,0.23981713698951546
2024-08-29T18:05:33.436616,interface,0.47244094488188976,0.7960495623303062,0.07680958565024099,0.2677165354330709,0.6166334712624105,0.07006251201628466,0.9818758295553328,0.23981713698951546
2024-08-29T18:05:33.512202,interface,0.4881889763779528,0.7960495623303062,0.07680958565024099,0.2677165354330709,0.6166334712624105,0.07006251201628466,0.9818758295553328,0.23981713698951546
2024-08-29T18:05:33.587715,interface,0.5039370078740157,0.7960495623303062,0.07680958565024099,0.2677165354330709,0.6166334712624105,0.07006251201628466,0.9818758295553328,0.23981713698951546
2024-08-29T18:05:33.668297,interface,0.5118110236220472,0.7960495623303062,0.07680958565024099,0.2677165354330709,0.6166334712624105,0.07006251201628466,0.9818758295553328,0.23981713698951546
2024-08-29T18:05:33.743680,interface,0.5275590551181102,0.7960495623303062,0.07680958565024099,0.2677165354330709,0.6166334712624105,0.07006251201628466,0.9818758295553328,0.23981713698951546
2024-08-29T18:05:33.868964,interface,0.5433070866141733,0.7960495623303062,0.07680958565024099,0.2677165354330709,0.6166334712624105,0.07006251201628466,0.9818758295553328,0.23981713698951546
2024-08-29T18:05:33.928332,interface,0.5590551181102362,0.7960495623303062,0.07680958565024099,0.2677165354330709,0.6166334712624105,0.07006251201628466,0.9818758295553328,0.23981713698951546
2024-08-29T18:05:33.997480,interface,0.5669291338582677,0.7960495623303062,0.07680958565024099,0.2677165354330709,0.6166334712624105,0.07006251201628466,0.9818758295553328,0.23981713698951546
2024-08-29T18:05:34.256443,interface,0.5590551181102362,0.7960495623303062,0.07680958565024099,0.2677165354330709,0.6166334712624105,0.07006251201628466,0.9818758295553328,0.23981713698951546
2024-08-29T18:05:34.292389,interface,0.5433070866141733,0.7960495623303062,0.07680958565024099,0.2677165354330709,0.6166334712624105,0.07006251201628466,0.9818758295553328,0.23981713698951546
2024-08-29T18:05:34.322288,interface,0.5275590551181102,0.7960495623303062,0.07680958565024099,0.2677165354330709,0.6166334712624105,0.07006251201628466,0.9818758295553328,0.23981713698951546
2024-08-29T18:05:34.345992,interface,0.5118110236220472,0.7960495623303062,0.07680958565024099,0.2677165354330709,0.6166334712624105,0.07006251201628466,0.9818758295553328,0.23981713698951546
2024-08-29T18:05:34.369419,interface,0.5039370078740157,0.7960495623303062,0.07680958565024099,0.2677165354330709,0.6166334712624105,0.07006251201628466,0.9818758295553328,0.23981713698951546
2024-08-29T18:05:34.386492,interface,0.4881889763779528,0.7960495623303062,0.07680958565024099,0.2677165354330709,0.6166334712624105,0.07006251201628466,0.9818758295553328,0.23981713698951546
2024-08-29T18:05:34.406543,interface,0.47244094488188976,0.7960495623303062,0.07680958565024099,0.2677165354330709,0.6166334712624105,0.07006251201628466,0.9818758295553328,0.23981713698951546
2024-08-29T18:05:34.427391,interface,0.4645669291338583,0.7960495623303062,0.07680958565024099,0.2677165354330709,0.6166334712624105,0.07006251201628466,0.9818758295553328,0.23981713698951546
2024-08-29T18:05:34.451266,interface,0.44881889763779526,0.7960495623303062,0.07680958565024099,0.2677165354330709,0.6166334712624105,0.07006251201628466,0.9818758295553328,0.23981713698951546
2024-08-29T18:05:34.472887,interface,0.4330708661417323,0.7960495623303062,0.07680958565024099,0.2677165354330709,0.6166334712624105,0.07006251201628466,0.9818758295553328,0.23981713698951546
2024-08-29T18:05:34.509927,interface,0.41732283464566927,0.7960495623303062,0.07680958565024099,0.2677165354330709,0.6166334712624105,0.07006251201628466,0.9818758295553328,0.23981713698951546
2024-08-29T18:05:34.552358,interface,0.4094488188976378,0.7960495623303062,0.07680958565024099,0.2677165354330709,0.6166334712624105,0.07006251201628466,0.9818758295553328,0.23981713698951546
2024-08-29T18:05:34.605808,interface,0.3937007874015748,0.7960495623303062,0.07680958565024099,0.2677165354330709,0.6166334712624105,0.07006251201628466,0.9818758295553328,0.23981713698951546
2024-08-29T18:05:34.670908,interface,0.3779527559055118,0.7960495623303062,0.07680958565024099,0.2677165354330709,0.6166334712624105,0.07006251201628466,0.9818758295553328,0.23981713698951546
2024-08-29T18:05:34.980942,interface,0.41732283464566927,0.7960495623303062,0.07680958565024099,0.2677165354330709,0.6166334712624105,0.07006251201628466,0.9818758295553328,0.23981713698951546
2024-08-29T18:05:34.999516,interface,0.3937007874015748,0.7960495623303062,0.07680958565024099,0.2677165354330709,0.6166334712624105,0.07006251201628466,0.9818758295553328,0.23981713698951546
2024-08-29T18:05:35.319987,interface,0.41732283464566927,0.7960495623303062,0.07680958565024099,0.2677165354330709,0.6166334712624105,0.07006251201628466,0.9818758295553328,0.23981713698951546
2024-08-29T18:05:35.517161,interface,0.41732283464566927,0.7960495623303062,0.07680958565024099,0.2677165354330709,0.6166334712624105,0.07006251201628466,0.9818758295553328,0.23981713698951546
2024-08-29T18:05:35.701520,interface,0.44881889763779526,0.7960495623303062,0.07680958565024099,0.2677165354330709,0.6166334712624105,0.07006251201628466,0.9818758295553328,0.23981713698951546
2024-08-29T18:05:35.813743,interface,0.41732283464566927,0.7960495623303062,0.07680958565024099,0.2677165354330709,0.6166334712624105,0.07006251201628466,0.9818758295553328,0.23981713698951546
2024-08-29T18:05:35.820202,interface,0.4330708661417323,0.7960495623303062,0.07680958565024099,0.2677165354330709,0.6166334712624105,0.07006251201628466,0.9818758295553328,0.23981713698951546
2024-08-29T18:05:36.003942,interface,0.44881889763779526,0.7960495623303062,0.07680958565024099,0.2677165354330709,0.6166334712624105,0.07006251201628466,0.9818758295553328,0.23981713698951546
2024-08-29T18:05:36.104085,interface,0.41732283464566927,0.7960495623303062,0.07680958565024099,0.2677165354330709,0.6166334712624105,0.07006251201628466,0.9818758295553328,0.23981713698951546
2024-08-29T18:05:36.309533,interface,0.44881889763779526,0.7960495623303062,0.07680958565024099,0.2677165354330709,0.6166334712624105,0.07006251201628466,0.9818758295553328,0.23981713698951546
2024-08-29T18:05:36.365170,interface,0.41732283464566927,0.7960495623303062,0.07680958565024099,0.2677165354330709,0.6166334712624105,0.07006251201628466,0.9818758295553328,0.23981713698951546
2024-08-29T18:05:36.512051,interface,0.41732283464566927,0.7960495623303062,0.07680958565024099,0.2677165354330709,0.6166334712624105,0.07006251201628466,0.9818758295553328,0.23981713698951546
2024-08-29T18:05:36.659914,interface,0.44881889763779526,0.7960495623303062,0.07680958565024099,0.2677165354330709,0.6166334712624105,0.07006251201628466,0.9818758295553328,0.23981713698951546
2024-08-29T18:05:36.944930,interface,0.44881889763779526,0.7960495623303062,0.07680958565024099,0.2677165354330709,0.6166334712624105,0.07006251201628466,0.9818758295553328,0.23981713698951546
2024-08-29T18:05:36.973118,interface,0.4330708661417323,0.7960495623303062,0.07680958565024099,0.2677165354330709,0.6166334712624105,0.07006251201628466,0.9818758295553328,0.23981713698951546
2024-08-29T18:05:37.169340,interface,0.4645669291338583,0.7960495623303062,0.07680958565024099,0.2677165354330709,0.6166334712624105,0.07006251201628466,0.9818758295553328,0.23981713698951546
2024-08-29T18:05:37.276009,interface,0.4881889763779528,0.7960495623303062,0.07680958565024099,0.2677165354330709,0.6166334712624105,0.07006251201628466,0.9818758295553328,0.23981713698951546
2024-08-29T18:05:37.404125,interface,0.5039370078740157,0.7960495623303062,0.07680958565024099,0.2677165354330709,0.6166334712624105,0.07006251201628466,0.9818758295553328,0.23981713698951546
2024-08-29T18:05:37.646167,interface,0.4094488188976378,0.7960495623303062,0.07680958565024099,0.2677165354330709,0.6166334712624105,0.07006251201628466,0.9818758295553328,0.23981713698951546
2024-08-29T18:05:37.652941,interface,0.41732283464566927,0.7960495623303062,0.07680958565024099,0.2677165354330709,0.6166334712624105,0.07006251201628466,0.9818758295553328,0.23981713698951546
2024-08-29T18:05:37.932924,interface,0.4330708661417323,0.7960495623303062,0.07680958565024099,0.2677165354330709,0.6166334712624105,0.07006251201628466,0.9818758295553328,0.23981713698951546
2024-08-29T18:05:37.971665,interface,0.4251968503937008,0.7960495623303062,0.07680958565024099,0.2677165354330709,0.6166334712624105,0.07006251201628466,0.9818758295553328,0.23981713698951546
2024-08-29T18:05:38.267639,interface,0.4330708661417323,0.7960495623303062,0.07680958565024099,0.2677165354330709,0.6166334712624105,0.07006251201628466,0.9818758295553328,0.23981713698951546
2024-08-29T18:05:38.280202,interface,0.41732283464566927,0.7960495623303062,0.07680958565024099,0.2677165354330709,0.6166334712624105,0.07006251201628466,0.9818758295553328,0.23981713698951546
2024-08-29T18:05:38.524491,interface,0.4645669291338583,0.7960495623303062,0.07680958565024099,0.2677165354330709,0.6166334712624105,0.07006251201628466,0.9818758295553328,0.23981713698951546
2024-08-29T18:05:38.536215,interface,0.4881889763779528,0.7960495623303062,0.07680958565024099,0.2677165354330709,0.6166334712624105,0.07006251201628466,0.9818758295553328,0.23981713698951546
2024-08-29T18:05:38.549775,interface,0.44881889763779526,0.7960495623303062,0.07680958565024099,0.2677165354330709,0.6166334712624105,0.07006251201628466,0.9818758295553328,0.23981713698951546
2024-08-29T18:05:38.749700,interface,0.5039370078740157,0.7960495623303062,0.07680958565024099,0.2677165354330709,0.6166334712624105,0.07006251201628466,0.9818758295553328,0.23981713698951546
2024-08-29T18:05:38.774825,interface,0.4881889763779528,0.7960495623303062,0.07680958565024099,0.2677165354330709,0.6166334712624105,0.07006251201628466,0.9818758295553328,0.23981713698951546
2024-08-29T18:05:38.800167,interface,0.4645669291338583,0.7960495623303062,0.07680958565024099,0.2677165354330709,0.6166334712624105,0.07006251201628466,0.9818758295553328,0.23981713698951546
2024-08-29T18:05:38.802547,interface,0.44881889763779526,0.7960495623303062,0.07680958565024099,0.2677165354330709,0.6166334712624105,0.07006251201628466,0.9818758295553328,0.23981713698951546
2024-08-29T18:05:39.014693,interface,0.41732283464566927,0.7960495623303062,0.07680958565024099,0.2677165354330709,0.6166334712624105,0.07006251201628466,0.9818758295553328,0.23981713698951546
2024-08-29T18:05:39.161285,interface,0.44881889763779526,0.7960495623303062,0.07680958565024099,0.2677165354330709,0.6166334712624105,0.07006251201628466,0.9818758295553328,0.23981713698951546
2024-08-29T18:05:39.226209,interface,0.41732283464566927,0.7960495623303062,0.07680958565024099,0.2677165354330709,0.6166334712624105,0.07006251201628466,0.9818758295553328,0.23981713698951546
2024-08-29T18:05:39.228498,interface,0.4094488188976378,0.7960495623303062,0.07680958565024099,0.2677165354330709,0.6166334712624105,0.07006251201628466,0.9818758295553328,0.23981713698951546
2024-08-29T18:05:39.463853,interface,0.41732283464566927,0.7960495623303062,0.07680958565024099,0.2677165354330709,0.6166334712624105,0.07006251201628466,0.9818758295553328,0.23981713698951546
2024-08-29T18:05:39.771448,interface,0.41732283464566927,0.7960495623303062,0.07680958565024099,0.2677165354330709,0.6166334712624105,0.07006251201628466,0.9818758295553328,0.23981713698951546
2024-08-29T18:05:39.773848,interface,0.4330708661417323,0.7960495623303062,0.07680958565024099,0.2677165354330709,0.6166334712624105,0.07006251201628466,0.9818758295553328,0.23981713698951546
2024-08-29T18:05:39.780543,interface,0.4645669291338583,0.7960495623303062,0.07680958565024099,0.2677165354330709,0.6166334712624105,0.07006251201628466,0.9818758295553328,0.23981713698951546
2024-08-29T18:05:40.126804,interface,0.41732283464566927,0.7960495623303062,0.07680958565024099,0.2677165354330709,0.6166334712624105,0.07006251201628466,0.9818758295553328,0.23981713698951546
2024-08-29T18:05:40.379202,interface,0.41732283464566927,0.7960495623303062,0.07680958565024099,0.2677165354330709,0.6166334712624105,0.07006251201628466,0.9818758295553328,0.23981713698951546
2024-08-29T18:05:41.000305,interface,0.41732283464566927,0.7960495623303062,0.07680958565024099,0.2677165354330709,0.6166334712624105,0.07006251201628466,0.9818758295553328,0.23981713698951546
2024-08-29T18:05:41.513897,interface,0.41732283464566927,0.7960495623303062,0.07680958565024099,0.2677165354330709,0.6166334712624105,0.07006251201628466,0.9818758295553328,0.23981713698951546
2024-08-29T18:05:41.688511,interface,0.41732283464566927,0.7960495623303062,0.07680958565024099,0.2677165354330709,0.6166334712624105,0.07006251201628466,0.9818758295553328,0.23981713698951546
2024-08-29T18:05:42.003316,interface,0.4645669291338583,0.7960495623303062,0.07680958565024099,0.2677165354330709,0.6166334712624105,0.07006251201628466,0.9818758295553328,0.23981713698951546
2024-08-29T18:05:42.326426,interface,0.4645669291338583,0.7960495623303062,0.07680958565024099,0.2677165354330709,0.6166334712624105,0.07006251201628466,0.9818758295553328,0.23981713698951546
2024-08-29T18:05:42.643234,interface,0.4645669291338583,0.7960495623303062,0.07680958565024099,0.2677165354330709,0.6166334712624105,0.07006251201628466,0.9818758295553328,0.23981713698951546
2024-08-29T18:05:42.956769,interface,0.4645669291338583,0.7960495623303062,0.07680958565024099,0.2677165354330709,0.6166334712624105,0.07006251201628466,0.9818758295553328,0.23981713698951546
2024-08-29T18:05:43.881434,interface,0.5118110236220472,0.7960495623303062,0.07680958565024099,0.2677165354330709,0.6166334712624105,0.07006251201628466,0.9818758295553328,0.23981713698951546
2024-08-29T18:05:44.708476,interface,0.5039370078740157,0.7960495623303062,0.07680958565024099,0.2677165354330709,0.6166334712624105,0.07006251201628466,0.9818758295553328,0.23981713698951546
2024-08-29T18:05:44.893937,interface,0.44881889763779526,0.7960495623303062,0.07680958565024099,0.2677165354330709,0.6166334712624105,0.07006251201628466,0.9818758295553328,0.23981713698951546
2024-08-29T18:05:45.565008,interface,0.5118110236220472,0.7960495623303062,0.07680958565024099,0.2677165354330709,0.6166334712624105,0.07006251201628466,0.9818758295553328,0.23981713698951546
2024-08-29T18:05:46.445633,interface,0.4330708661417323,0.7960495623303062,0.07680958565024099,0.2677165354330709,0.6166334712624105,0.07006251201628466,0.9818758295553328,0.23981713698951546
2024-08-29T18:05:47.247600,interface,0.3779527559055118,0.7960495623303062,0.07680958565024099,0.2677165354330709,0.6166334712624105,0.07006251201628466,0.9818758295553328,0.23981713698951546
2024-08-29T18:05:47.471910,interface,0.3937007874015748,0.7960495623303062,0.07680958565024099,0.2677165354330709,0.6166334712624105,0.07006251201628466,0.9818758295553328,0.23981713698951546
2024-08-29T18:05:47.621181,interface,0.4094488188976378,0.7960495623303062,0.07680958565024099,0.2677165354330709,0.6166334712624105,0.07006251201628466,0.9818758295553328,0.23981713698951546
2024-08-29T18:05:47.754534,interface,0.41732283464566927,0.7960495623303062,0.07680958565024099,0.2677165354330709,0.6166334712624105,0.07006251201628466,0.9818758295553328,0.23981713698951546
2024-08-29T18:05:47.883040,interface,0.4330708661417323,0.7960495623303062,0.07680958565024099,0.2677165354330709,0.6166334712624105,0.07006251201628466,0.9818758295553328,0.23981713698951546
2024-08-29T18:05:48.028948,interface,0.44881889763779526,0.7960495623303062,0.07680958565024099,0.2677165354330709,0.6166334712624105,0.07006251201628466,0.9818758295553328,0.23981713698951546
2024-08-29T18:05:48.185670,interface,0.4645669291338583,0.7960495623303062,0.07680958565024099,0.2677165354330709,0.6166334712624105,0.07006251201628466,0.9818758295553328,0.23981713698951546
2024-08-29T18:05:48.306584,interface,0.47244094488188976,0.7960495623303062,0.07680958565024099,0.2677165354330709,0.6166334712624105,0.07006251201628466,0.9818758295553328,0.23981713698951546
2024-08-29T18:05:48.413161,interface,0.4881889763779528,0.7960495623303062,0.07680958565024099,0.2677165354330709,0.6166334712624105,0.07006251201628466,0.9818758295553328,0.23981713698951546
2024-08-29T18:05:48.514973,interface,0.5039370078740157,0.7960495623303062,0.07680958565024099,0.2677165354330709,0.6166334712624105,0.07006251201628466,0.9818758295553328,0.23981713698951546
2024-08-29T18:05:48.622164,interface,0.5118110236220472,0.7960495623303062,0.07680958565024099,0.2677165354330709,0.6166334712624105,0.07006251201628466,0.9818758295553328,0.23981713698951546
2024-08-29T18:05:48.739577,interface,0.5275590551181102,0.7960495623303062,0.07680958565024099,0.2677165354330709,0.6166334712624105,0.07006251201628466,0.9818758295553328,0.23981713698951546
2024-08-29T18:05:48.898604,interface,0.5433070866141733,0.7960495623303062,0.07680958565024099,0.2677165354330709,0.6166334712624105,0.07006251201628466,0.9818758295553328,0.23981713698951546
2024-08-29T18:05:49.092599,interface,0.5590551181102362,0.7960495623303062,0.07680958565024099,0.2677165354330709,0.6166334712624105,0.07006251201628466,0.9818758295553328,0.23981713698951546
2024-08-29T18:05:49.246291,interface,0.5669291338582677,0.7960495623303062,0.07680958565024099,0.2677165354330709,0.6166334712624105,0.07006251201628466,0.9818758295553328,0.23981713698951546
2024-08-29T18:05:50.407684,interface,0.5669291338582677,0.7960495623303062,0.07680958565024099,0.2677165354330709,0.6166334712624105,0.07006251201628466,0.9818758295553328,0.23981713698951546
2024-08-29T18:05:51.038243,interface,0.5669291338582677,0.7960495623303062,0.07680958565024099,0.2677165354330709,0.6166334712624105,0.07006251201628466,0.9818758295553328,0.23981713698951546
2024-08-29T18:05:51.258703,interface,0.5669291338582677,0.7960495623303062,0.07680958565024099,0.2677165354330709,0.6166334712624105,0.07006251201628466,0.9818758295553328,0.23981713698951546
2024-08-29T18:05:51.473252,interface,0.5669291338582677,0.7960495623303062,0.07680958565024099,0.2677165354330709,0.6166334712624105,0.07006251201628466,0.9818758295553328,0.23981713698951546
2024-08-29T18:05:51.788079,interface,0.5433070866141733,0.7960495623303062,0.07680958565024099,0.2677165354330709,0.6166334712624105,0.07006251201628466,0.9818758295553328,0.23981713698951546
2024-08-29T18:05:52.013387,interface,0.47244094488188976,0.7960495623303062,0.07680958565024099,0.2677165354330709,0.6166334712624105,0.07006251201628466,0.9818758295553328,0.23981713698951546
2024-08-29T18:05:52.203792,interface,0.5275590551181102,0.7960495623303062,0.07680958565024099,0.2677165354330709,0.6166334712624105,0.07006251201628466,0.9818758295553328,0.23981713698951546
2024-08-29T18:05:52.394259,interface,0.5433070866141733,0.7960495623303062,0.07680958565024099,0.2677165354330709,0.6166334712624105,0.07006251201628466,0.9818758295553328,0.23981713698951546
2024-08-29T18:05:52.590020,interface,0.4330708661417323,0.7960495623303062,0.07680958565024099,0.2677165354330709,0.6166334712624105,0.07006251201628466,0.9818758295553328,0.23981713698951546
2024-08-29T18:05:52.660997,interface,0.44881889763779526,0.7960495623303062,0.07680958565024099,0.2677165354330709,0.6166334712624105,0.07006251201628466,0.9818758295553328,0.23981713698951546
2024-08-29T18:05:52.687936,interface,0.5118110236220472,0.7960495623303062,0.07680958565024099,0.2677165354330709,0.6166334712624105,0.07006251201628466,0.9818758295553328,0.23981713698951546
2024-08-29T18:05:52.767195,interface,0.41732283464566927,0.7960495623303062,0.07680958565024099,0.2677165354330709,0.6166334712624105,0.07006251201628466,0.9818758295553328,0.23981713698951546
2024-08-29T18:05:52.818897,interface,0.5590551181102362,0.7960495623303062,0.07680958565024099,0.2677165354330709,0.6166334712624105,0.07006251201628466,0.9818758295553328,0.23981713698951546
2024-08-29T18:05:52.831069,interface,0.5275590551181102,0.7960495623303062,0.07680958565024099,0.2677165354330709,0.6166334712624105,0.07006251201628466,0.9818758295553328,0.23981713698951546
2024-08-29T18:07:49.009653,interface,0.4094488188976378,0.7960495623303062,0.07680958565024099,0.2677165354330709,0.6166334712624105,0.07006251201628466,0.9818758295553328,0.23981713698951546
2024-08-29T18:07:49.012153,interface,0.3937007874015748,0.7960495623303062,0.07680958565024099,0.2677165354330709,0.6166334712624105,0.07006251201628466,0.9818758295553328,0.23981713698951546
2024-08-29T18:07:49.132943,interface,0.41732283464566927,0.7960495623303062,0.07680958565024099,0.2677165354330709,0.6166334712624105,0.07006251201628466,0.9818758295553328,0.23981713698951546
2024-08-29T18:07:49.184474,interface,0.4330708661417323,0.7960495623303062,0.07680958565024099,0.2677165354330709,0.6166334712624105,0.07006251201628466,0.9818758295553328,0.23981713698951546
2024-08-29T18:07:49.228503,interface,0.44881889763779526,0.7960495623303062,0.07680958565024099,0.2677165354330709,0.6166334712624105,0.07006251201628466,0.9818758295553328,0.23981713698951546
2024-08-29T18:07:49.268498,interface,0.4645669291338583,0.7960495623303062,0.07680958565024099,0.2677165354330709,0.6166334712624105,0.07006251201628466,0.9818758295553328,0.23981713698951546
2024-08-29T18:07:49.307627,interface,0.47244094488188976,0.7960495623303062,0.07680958565024099,0.2677165354330709,0.6166334712624105,0.07006251201628466,0.9818758295553328,0.23981713698951546
2024-08-29T18:07:49.344458,interface,0.4881889763779528,0.7960495623303062,0.07680958565024099,0.2677165354330709,0.6166334712624105,0.07006251201628466,0.9818758295553328,0.23981713698951546
2024-08-29T18:07:49.385198,interface,0.5039370078740157,0.7960495623303062,0.07680958565024099,0.2677165354330709,0.6166334712624105,0.07006251201628466,0.9818758295553328,0.23981713698951546
2024-08-29T18:07:49.414823,interface,0.5118110236220472,0.7960495623303062,0.07680958565024099,0.2677165354330709,0.6166334712624105,0.07006251201628466,0.9818758295553328,0.23981713698951546
2024-08-29T18:07:49.443032,interface,0.5275590551181102,0.7960495623303062,0.07680958565024099,0.2677165354330709,0.6166334712624105,0.07006251201628466,0.9818758295553328,0.23981713698951546
2024-08-29T18:07:49.472487,interface,0.5433070866141733,0.7960495623303062,0.07680958565024099,0.2677165354330709,0.6166334712624105,0.07006251201628466,0.9818758295553328,0.23981713698951546
2024-08-29T18:07:49.500015,interface,0.5590551181102362,0.7960495623303062,0.07680958565024099,0.2677165354330709,0.6166334712624105,0.07006251201628466,0.9818758295553328,0.23981713698951546
2024-08-29T18:07:49.552573,interface,0.5669291338582677,0.7960495623303062,0.07680958565024099,0.2677165354330709,0.6166334712624105,0.07006251201628466,0.9818758295553328,0.23981713698951546
2024-08-29T18:07:49.597221,interface,0.5590551181102362,0.7960495623303062,0.07680958565024099,0.2677165354330709,0.6166334712624105,0.07006251201628466,0.9818758295553328,0.23981713698951546
2024-08-29T18:07:49.689916,interface,0.5433070866141733,0.7960495623303062,0.07680958565024099,0.2677165354330709,0.6166334712624105,0.07006251201628466,0.9818758295553328,0.23981713698951546
2024-08-29T18:07:49.706237,interface,0.5118110236220472,0.7960495623303062,0.07680958565024099,0.2677165354330709,0.6166334712624105,0.07006251201628466,0.9818758295553328,0.23981713698951546
2024-08-29T18:07:49.718834,interface,0.5275590551181102,0.7960495623303062,0.07680958565024099,0.2677165354330709,0.6166334712624105,0.07006251201628466,0.9818758295553328,0.23981713698951546
2024-08-29T18:07:49.756448,interface,0.5118110236220472,0.7960495623303062,0.07680958565024099,0.2677165354330709,0.6166334712624105,0.07006251201628466,0.9818758295553328,0.23981713698951546
2024-08-29T18:07:49.801380,interface,0.5039370078740157,0.7960495623303062,0.07680958565024099,0.2677165354330709,0.6166334712624105,0.07006251201628466,0.9818758295553328,0.23981713698951546
2024-08-29T18:07:49.845148,interface,0.49606299212598426,0.7960495623303062,0.07680958565024099,0.2677165354330709,0.6166334712624105,0.07006251201628466,0.9818758295553328,0.23981713698951546
2024-08-29T18:07:49.864946,interface,0.4881889763779528,0.7960495623303062,0.07680958565024099,0.2677165354330709,0.6166334712624105,0.07006251201628466,0.9818758295553328,0.23981713698951546
2024-08-29T18:07:49.925444,interface,0.48031496062992124,0.7960495623303062,0.07680958565024099,0.2677165354330709,0.6166334712624105,0.07006251201628466,0.9818758295553328,0.23981713698951546
2024-08-29T18:07:49.937755,interface,0.47244094488188976,0.7960495623303062,0.07680958565024099,0.2677165354330709,0.6166334712624105,0.07006251201628466,0.9818758295553328,0.23981713698951546
2024-08-29T18:07:50.004575,interface,0.4645669291338583,0.7960495623303062,0.07680958565024099,0.2677165354330709,0.6166334712624105,0.07006251201628466,0.9818758295553328,0.23981713698951546
2024-08-29T18:07:50.087602,interface,0.47244094488188976,0.7960495623303062,0.07680958565024099,0.2677165354330709,0.6166334712624105,0.07006251201628466,0.9818758295553328,0.23981713698951546
2024-08-29T18:07:50.165725,interface,0.4881889763779528,0.7960495623303062,0.07680958565024099,0.2677165354330709,0.6166334712624105,0.07006251201628466,0.9818758295553328,0.23981713698951546
2024-08-29T18:07:50.183526,interface,0.5039370078740157,0.7960495623303062,0.07680958565024099,0.2677165354330709,0.6166334712624105,0.07006251201628466,0.9818758295553328,0.23981713698951546
2024-08-29T18:07:50.198268,interface,0.5118110236220472,0.7960495623303062,0.07680958565024099,0.2677165354330709,0.6166334712624105,0.07006251201628466,0.9818758295553328,0.23981713698951546
2024-08-29T18:07:50.204828,interface,0.5275590551181102,0.7960495623303062,0.07680958565024099,0.2677165354330709,0.6166334712624105,0.07006251201628466,0.9818758295553328,0.23981713698951546
2024-08-29T18:07:50.221184,interface,0.5433070866141733,0.7960495623303062,0.07680958565024099,0.2677165354330709,0.6166334712624105,0.07006251201628466,0.9818758295553328,0.23981713698951546
2024-08-29T18:07:50.227904,interface,0.5590551181102362,0.7960495623303062,0.07680958565024099,0.2677165354330709,0.6166334712624105,0.07006251201628466,0.9818758295553328,0.23981713698951546
2024-08-29T18:34:47.024474,interface,0.5118110236220472,0.7960495623303062,0.07680958565024099,0.2677165354330709,0.6166334712624105,0.07006251201628466,0.9818758295553328,0.23981713698951546
2024-08-29T18:34:47.097641,interface,0.5196850393700787,0.7960495623303062,0.07680958565024099,0.2677165354330709,0.6166334712624105,0.07006251201628466,0.9818758295553328,0.23981713698951546
2024-08-29T18:34:47.543117,interface,0.5590551181102362,0.7960495623303062,0.07680958565024099,0.2677165354330709,0.6166334712624105,0.07006251201628466,0.9818758295553328,0.23981713698951546
2024-08-29T18:34:47.578093,interface,0.5511811023622047,0.7960495623303062,0.07680958565024099,0.2677165354330709,0.6166334712624105,0.07006251201628466,0.9818758295553328,0.23981713698951546
2024-08-29T18:34:48.470383,interface,0.5669291338582677,0.7960495623303062,0.07680958565024099,0.2677165354330709,0.6166334712624105,0.07006251201628466,0.9818758295553328,0.23981713698951546
2024-08-29T18:34:48.821760,interface,0.5590551181102362,0.7960495623303062,0.07680958565024099,0.2677165354330709,0.6166334712624105,0.07006251201628466,0.9818758295553328,0.23981713698951546
2024-08-29T18:34:48.843889,interface,0.5433070866141733,0.7960495623303062,0.07680958565024099,0.2677165354330709,0.6166334712624105,0.07006251201628466,0.9818758295553328,0.23981713698951546
2024-08-29T18:34:49.283151,interface,0.5669291338582677,0.7960495623303062,0.07680958565024099,0.2677165354330709,0.6166334712624105,0.07006251201628466,0.9818758295553328,0.23981713698951546
2024-08-29T18:34:50.208432,interface,0.4645669291338583,0.7960495623303062,0.07680958565024099,0.2677165354330709,0.6166334712624105,0.07006251201628466,0.9818758295553328,0.23981713698951546
2024-08-29T18:34:50.467824,interface,0.5433070866141733,0.7960495623303062,0.07680958565024099,0.2677165354330709,0.6166334712624105,0.07006251201628466,0.9818758295553328,0.23981713698951546
2024-08-29T18:34:50.481999,interface,0.4645669291338583,0.7960495623303062,0.07680958565024099,0.2677165354330709,0.6166334712624105,0.07006251201628466,0.9818758295553328,0.23981713698951546
2024-08-29T18:34:51.707913,interface,0.4881889763779528,0.7960495623303062,0.07680958565024099,0.2677165354330709,0.6166334712624105,0.07006251201628466,0.9818758295553328,0.23981713698951546
2024-08-29T18:34:52.474979,interface,0.4566929133858268,0.7960495623303062,0.07680958565024099,0.2677165354330709,0.6166334712624105,0.07006251201628466,0.9818758295553328,0.23981713698951546
2024-08-29T18:34:52.691609,interface,0.4566929133858268,0.7960495623303062,0.07680958565024099,0.2677165354330709,0.6166334712624105,0.07006251201628466,0.9818758295553328,0.23981713698951546
2024-08-29T18:34:53.032694,interface,0.4645669291338583,0.7960495623303062,0.07680958565024099,0.2677165354330709,0.6166334712624105,0.07006251201628466,0.9818758295553328,0.23981713698951546
2024-08-29T18:34:53.271171,interface,0.4645669291338583,0.7960495623303062,0.07680958565024099,0.2677165354330709,0.6166334712624105,0.07006251201628466,0.9818758295553328,0.23981713698951546
2024-08-29T18:34:53.547691,interface,0.4645669291338583,0.7960495623303062,0.07680958565024099,0.2677165354330709,0.6166334712624105,0.07006251201628466,0.9818758295553328,0.23981713698951546
2024-08-29T18:34:53.723666,interface,0.4645669291338583,0.7960495623303062,0.07680958565024099,0.2677165354330709,0.6166334712624105,0.07006251201628466,0.9818758295553328,0.23981713698951546
2024-08-29T18:34:53.898299,interface,0.4645669291338583,0.7960495623303062,0.07680958565024099,0.2677165354330709,0.6166334712624105,0.07006251201628466,0.9818758295553328,0.23981713698951546
2024-08-29T18:34:53.910201,interface,0.49606299212598426,0.7960495623303062,0.07680958565024099,0.2677165354330709,0.6166334712624105,0.07006251201628466,0.9818758295553328,0.23981713698951546
2024-08-29T18:34:53.943554,interface,0.4881889763779528,0.7960495623303062,0.07680958565024099,0.2677165354330709,0.6166334712624105,0.07006251201628466,0.9818758295553328,0.23981713698951546
2024-08-29T18:34:54.035571,interface,0.4645669291338583,0.7960495623303062,0.07680958565024099,0.2677165354330709,0.6166334712624105,0.07006251201628466,0.9818758295553328,0.23981713698951546
2024-08-29T18:34:54.121289,interface,0.4881889763779528,0.7960495623303062,0.07680958565024099,0.2677165354330709,0.6166334712624105,0.07006251201628466,0.9818758295553328,0.23981713698951546
2024-08-29T18:34:54.280031,interface,0.4645669291338583,0.7960495623303062,0.07680958565024099,0.2677165354330709,0.6166334712624105,0.07006251201628466,0.9818758295553328,0.23981713698951546
2024-08-29T18:34:54.358680,interface,0.4881889763779528,0.7960495623303062,0.07680958565024099,0.2677165354330709,0.6166334712624105,0.07006251201628466,0.9818758295553328,0.23981713698951546
2024-08-29T18:34:54.439707,interface,0.4645669291338583,0.7960495623303062,0.07680958565024099,0.2677165354330709,0.6166334712624105,0.07006251201628466,0.9818758295553328,0.23981713698951546
2024-08-29T18:34:54.512566,interface,0.4881889763779528,0.7960495623303062,0.07680958565024099,0.2677165354330709,0.6166334712624105,0.07006251201628466,0.9818758295553328,0.23981713698951546
2024-08-29T18:34:54.532710,interface,0.5039370078740157,0.7960495623303062,0.07680958565024099,0.2677165354330709,0.6166334712624105,0.07006251201628466,0.9818758295553328,0.23981713698951546
2024-08-29T18:34:59.839077,interface,0.5590551181102362,0.7960495623303062,0.07680958565024099,0.2677165354330709,0.6166334712624105,0.07006251201628466,0.9818758295553328,0.23981713698951546
2024-08-29T18:35:01.849868,interface,0.5354330708661418,0.7960495623303062,0.07680958565024099,0.2677165354330709,0.6166334712624105,0.07006251201628466,0.9818758295553328,0.23981713698951546
2024-08-29T18:35:03.425575,interface,0.3779527559055118,0.7960495623303062,0.07680958565024099,0.2677165354330709,0.6166334712624105,0.07006251201628466,0.9818758295553328,0.23981713698951546
2024-08-29T18:35:03.829510,interface,0.41732283464566927,0.7960495623303062,0.07680958565024099,0.2677165354330709,0.6166334712624105,0.07006251201628466,0.9818758295553328,0.23981713698951546
2024-08-29T18:35:04.238919,interface,0.44881889763779526,0.7960495623303062,0.07680958565024099,0.2677165354330709,0.6166334712624105,0.07006251201628466,0.9818758295553328,0.23981713698951546
2024-08-29T18:35:04.244699,interface,0.4330708661417323,0.7960495623303062,0.07680958565024099,0.2677165354330709,0.6166334712624105,0.07006251201628466,0.9818758295553328,0.23981713698951546
2024-08-29T18:35:04.642145,interface,0.4645669291338583,0.7960495623303062,0.07680958565024099,0.2677165354330709,0.6166334712624105,0.07006251201628466,0.9818758295553328,0.23981713698951546
2024-08-29T18:35:04.946285,interface,0.4094488188976378,0.7960495623303062,0.07680958565024099,0.2677165354330709,0.6166334712624105,0.07006251201628466,0.9818758295553328,0.23981713698951546
2024-08-29T18:35:05.418762,interface,0.41732283464566927,0.7960495623303062,0.07680958565024099,0.2677165354330709,0.6166334712624105,0.07006251201628466,0.9818758295553328,0.23981713698951546
2024-08-29T18:35:13.912673,interface,0.4094488188976378,0.7960495623303062,0.07680958565024099,0.2677165354330709,0.6166334712624105,0.07006251201628466,0.9818758295553328,0.23981713698951546
2024-08-29T18:35:14.194718,interface,0.4881889763779528,0.7960495623303062,0.07680958565024099,0.2677165354330709,0.6166334712624105,0.07006251201628466,0.9818758295553328,0.23981713698951546
2024-08-29T18:35:14.547596,interface,0.41732283464566927,0.7960495623303062,0.07680958565024099,0.2677165354330709,0.6166334712624105,0.07006251201628466,0.9818758295553328,0.23981713698951546
2024-08-29T18:35:14.932285,interface,0.4881889763779528,0.7960495623303062,0.07680958565024099,0.2677165354330709,0.6166334712624105,0.07006251201628466,0.9818758295553328,0.23981713698951546
2024-08-29T18:35:15.272104,interface,0.4645669291338583,0.7960495623303062,0.07680958565024099,0.2677165354330709,0.6166334712624105,0.07006251201628466,0.9818758295553328,0.23981713698951546
2024-08-29T18:35:15.582338,interface,0.5118110236220472,0.7960495623303062,0.07680958565024099,0.2677165354330709,0.6166334712624105,0.07006251201628466,0.9818758295553328,0.23981713698951546
2024-08-29T18:35:20.253212,interface,0.4330708661417323,0.7960495623303062,0.07680958565024099,0.2677165354330709,0.6166334712624105,0.07006251201628466,0.9818758295553328,0.23981713698951546
2024-08-29T18:35:20.476483,interface,0.47244094488188976,0.7960495623303062,0.07680958565024099,0.2677165354330709,0.6166334712624105,0.07006251201628466,0.9818758295553328,0.23981713698951546
2024-08-29T18:35:20.873543,interface,0.48031496062992124,0.7960495623303062,0.07680958565024099,0.2677165354330709,0.6166334712624105,0.07006251201628466,0.9818758295553328,0.23981713698951546
2024-08-29T18:35:21.205162,interface,0.49606299212598426,0.7960495623303062,0.07680958565024099,0.2677165354330709,0.6166334712624105,0.07006251201628466,0.9818758295553328,0.23981713698951546
2024-08-29T18:35:21.525115,interface,0.5275590551181102,0.7960495623303062,0.07680958565024099,0.2677165354330709,0.6166334712624105,0.07006251201628466,0.9818758295553328,0.23981713698951546
2024-08-29T18:35:21.527460,interface,0.5196850393700787,0.7960495623303062,0.07680958565024099,0.2677165354330709,0.6166334712624105,0.07006251201628466,0.9818758295553328,0.23981713698951546
2024-08-29T18:35:21.717296,interface,0.5433070866141733,0.7960495623303062,0.07680958565024099,0.2677165354330709,0.6166334712624105,0.07006251201628466,0.9818758295553328,0.23981713698951546
2024-08-29T18:35:25.410436,interface,0.5433070866141733,0.7960495623303062,0.07680958565024099,0.2677165354330709,0.6166334712624105,0.07006251201628466,0.9818758295553328,0.23981713698951546
2024-08-29T18:35:25.712909,interface,0.41732283464566927,0.7960495623303062,0.07680958565024099,0.2677165354330709,0.6166334712624105,0.07006251201628466,0.9818758295553328,0.23981713698951546
2024-08-29T18:35:26.052765,interface,0.5039370078740157,0.7960495623303062,0.07680958565024099,0.2677165354330709,0.6166334712624105,0.07006251201628466,0.9818758295553328,0.23981713698951546
2024-08-29T18:35:26.457855,interface,0.44881889763779526,0.7960495623303062,0.07680958565024099,0.2677165354330709,0.6166334712624105,0.07006251201628466,0.9818758295553328,0.23981713698951546
2024-08-29T18:35:26.760147,interface,0.5039370078740157,0.7960495623303062,0.07680958565024099,0.2677165354330709,0.6166334712624105,0.07006251201628466,0.9818758295553328,0.23981713698951546
2024-08-29T18:35:27.035808,interface,0.47244094488188976,0.7960495623303062,0.07680958565024099,0.2677165354330709,0.6166334712624105,0.07006251201628466,0.9818758295553328,0.23981713698951546
2024-08-29T18:35:47.290596,interface,0.3937007874015748,0.7960495623303062,0.07680958565024099,0.2677165354330709,0.6166334712624105,0.07006251201628466,0.9818758295553328,0.23981713698951546
2024-08-29T18:35:50.872465,interface,0.5669291338582677,0.7960495623303062,0.07680958565024099,0.2677165354330709,0.6166334712624105,0.07006251201628466,0.9818758295553328,0.23981713698951546
2024-08-29T18:35:51.053472,interface,0.5669291338582677,0.7960495623303062,0.07680958565024099,0.2677165354330709,0.6166334712624105,0.07006251201628466,0.9818758295553328,0.23981713698951546
2024-08-29T18:35:54.427336,interface,0.5511811023622047,0.7960495623303062,0.07680958565024099,0.2677165354330709,0.6166334712624105,0.07006251201628466,0.9818758295553328,0.23981713698951546
2024-08-29T18:35:54.654925,interface,0.5511811023622047,0.7960495623303062,0.07680958565024099,0.2677165354330709,0.6166334712624105,0.07006251201628466,0.9818758295553328,0.23981713698951546
2024-08-29T18:35:54.872298,interface,0.5511811023622047,0.7960495623303062,0.07680958565024099,0.2677165354330709,0.6166334712624105,0.07006251201628466,0.9818758295553328,0.23981713698951546
2024-08-29T18:35:54.876213,interface,0.5590551181102362,0.7960495623303062,0.07680958565024099,0.2677165354330709,0.6166334712624105,0.07006251201628466,0.9818758295553328,0.23981713698951546
2024-08-29T18:35:55.031193,interface,0.5590551181102362,0.7960495623303062,0.07680958565024099,0.2677165354330709,0.6166334712624105,0.07006251201628466,0.9818758295553328,0.23981713698951546
2024-08-29T18:35:55.234581,interface,0.3779527559055118,0.7960495623303062,0.07680958565024099,0.2677165354330709,0.6166334712624105,0.07006251201628466,0.9818758295553328,0.23981713698951546
2024-08-29T18:35:55.280619,interface,0.5433070866141733,0.7960495623303062,0.07680958565024099,0.2677165354330709,0.6166334712624105,0.07006251201628466,0.9818758295553328,0.23981713698951546
2024-08-29T18:35:55.509129,interface,0.5433070866141733,0.7960495623303062,0.07680958565024099,0.2677165354330709,0.6166334712624105,0.07006251201628466,0.9818758295553328,0.23981713698951546
2024-08-29T18:35:55.573800,interface,0.3779527559055118,0.7960495623303062,0.07680958565024099,0.2677165354330709,0.6166334712624105,0.07006251201628466,0.9818758295553328,0.23981713698951546
2024-08-29T18:35:55.628581,interface,0.3937007874015748,0.7960495623303062,0.07680958565024099,0.2677165354330709,0.6166334712624105,0.07006251201628466,0.9818758295553328,0.23981713698951546
2024-08-29T18:35:55.662791,interface,0.5275590551181102,0.7960495623303062,0.07680958565024099,0.2677165354330709,0.6166334712624105,0.07006251201628466,0.9818758295553328,0.23981713698951546
2024-08-29T18:35:55.769534,interface,0.5590551181102362,0.7960495623303062,0.07680958565024099,0.2677165354330709,0.6166334712624105,0.07006251201628466,0.9818758295553328,0.23981713698951546
2024-08-29T18:35:55.793333,interface,0.3779527559055118,0.7960495623303062,0.07680958565024099,0.2677165354330709,0.6166334712624105,0.07006251201628466,0.9818758295553328,0.23981713698951546
2024-08-29T18:35:55.828682,interface,0.3937007874015748,0.7960495623303062,0.07680958565024099,0.2677165354330709,0.6166334712624105,0.07006251201628466,0.9818758295553328,0.23981713698951546
2024-08-29T18:35:55.912785,interface,0.5433070866141733,0.7960495623303062,0.07680958565024099,0.2677165354330709,0.6166334712624105,0.07006251201628466,0.9818758295553328,0.23981713698951546
2024-08-29T18:35:55.966144,interface,0.5590551181102362,0.7960495623303062,0.07680958565024099,0.2677165354330709,0.6166334712624105,0.07006251201628466,0.9818758295553328,0.23981713698951546
2024-08-29T18:35:55.997913,interface,0.3779527559055118,0.7960495623303062,0.07680958565024099,0.2677165354330709,0.6166334712624105,0.07006251201628466,0.9818758295553328,0.23981713698951546
2024-08-29T18:35:56.019247,interface,0.3937007874015748,0.7960495623303062,0.07680958565024099,0.2677165354330709,0.6166334712624105,0.07006251201628466,0.9818758295553328,0.23981713698951546
2024-08-29T18:35:56.072628,interface,0.5433070866141733,0.7960495623303062,0.07680958565024099,0.2677165354330709,0.6166334712624105,0.07006251201628466,0.9818758295553328,0.23981713698951546
2024-08-29T18:35:56.128427,interface,0.5590551181102362,0.7960495623303062,0.07680958565024099,0.2677165354330709,0.6166334712624105,0.07006251201628466,0.9818758295553328,0.23981713698951546
2024-08-29T18:35:56.412286,interface,0.3779527559055118,0.7960495623303062,0.07680958565024099,0.2677165354330709,0.6166334712624105,0.07006251201628466,0.9818758295553328,0.23981713698951546
2024-08-29T18:35:56.756251,interface,0.3779527559055118,0.7960495623303062,0.07680958565024099,0.2677165354330709,0.6166334712624105,0.07006251201628466,0.9818758295553328,0.23981713698951546
2024-08-29T18:36:01.464138,interface,0.5669291338582677,0.7960495623303062,0.07680958565024099,0.2677165354330709,0.6166334712624105,0.07006251201628466,0.9818758295553328,0.23981713698951546
2024-08-29T18:36:01.728441,interface,0.5669291338582677,0.7960495623303062,0.07680958565024099,0.2677165354330709,0.6166334712624105,0.07006251201628466,0.9818758295553328,0.23981713698951546
2024-08-29T18:36:01.851182,interface,0.5590551181102362,0.7960495623303062,0.07680958565024099,0.2677165354330709,0.6166334712624105,0.07006251201628466,0.9818758295553328,0.23981713698951546
2024-08-29T18:36:01.934727,interface,0.5669291338582677,0.7960495623303062,0.07680958565024099,0.2677165354330709,0.6166334712624105,0.07006251201628466,0.9818758295553328,0.23981713698951546
2024-08-29T18:36:02.126354,interface,0.5669291338582677,0.7960495623303062,0.07680958565024099,0.2677165354330709,0.6166334712624105,0.07006251201628466,0.9818758295553328,0.23981713698951546
2024-08-29T18:36:02.292751,interface,0.5669291338582677,0.7960495623303062,0.07680958565024099,0.2677165354330709,0.6166334712624105,0.07006251201628466,0.9818758295553328,0.23981713698951546
2024-08-29T18:36:02.399351,interface,0.5433070866141733,0.7960495623303062,0.07680958565024099,0.2677165354330709,0.6166334712624105,0.07006251201628466,0.9818758295553328,0.23981713698951546
2024-08-29T18:36:02.457238,interface,0.5590551181102362,0.7960495623303062,0.07680958565024099,0.2677165354330709,0.6166334712624105,0.07006251201628466,0.9818758295553328,0.23981713698951546
2024-08-29T18:36:02.564231,interface,0.5433070866141733,0.7960495623303062,0.07680958565024099,0.2677165354330709,0.6166334712624105,0.07006251201628466,0.9818758295553328,0.23981713698951546
2024-08-29T18:36:02.656463,interface,0.5590551181102362,0.7960495623303062,0.07680958565024099,0.2677165354330709,0.6166334712624105,0.07006251201628466,0.9818758295553328,0.23981713698951546
2024-08-29T18:36:02.984210,interface,0.5433070866141733,0.7960495623303062,0.07680958565024099,0.2677165354330709,0.6166334712624105,0.07006251201628466,0.9818758295553328,0.23981713698951546
2024-08-29T18:36:02.988023,interface,0.5590551181102362,0.7960495623303062,0.07680958565024099,0.2677165354330709,0.6166334712624105,0.07006251201628466,0.9818758295553328,0.23981713698951546
2024-08-29T18:36:02.991841,interface,0.5433070866141733,0.7960495623303062,0.07680958565024099,0.2677165354330709,0.6166334712624105,0.07006251201628466,0.9818758295553328,0.23981713698951546
2024-08-29T18:36:03.027555,interface,0.5590551181102362,0.7960495623303062,0.07680958565024099,0.2677165354330709,0.6166334712624105,0.07006251201628466,0.9818758295553328,0.23981713698951546
2024-08-29T18:36:03.122761,interface,0.5433070866141733,0.7960495623303062,0.07680958565024099,0.2677165354330709,0.6166334712624105,0.07006251201628466,0.9818758295553328,0.23981713698951546
2024-08-29T18:36:03.207449,interface,0.5590551181102362,0.7960495623303062,0.07680958565024099,0.2677165354330709,0.6166334712624105,0.07006251201628466,0.9818758295553328,0.23981713698951546
2024-08-29T18:36:03.297502,interface,0.5433070866141733,0.7960495623303062,0.07680958565024099,0.2677165354330709,0.6166334712624105,0.07006251201628466,0.9818758295553328,0.23981713698951546
2024-08-29T18:36:03.380897,interface,0.5590551181102362,0.7960495623303062,0.07680958565024099,0.2677165354330709,0.6166334712624105,0.07006251201628466,0.9818758295553328,0.23981713698951546
2024-08-29T18:36:03.469864,interface,0.5433070866141733,0.7960495623303062,0.07680958565024099,0.2677165354330709,0.6166334712624105,0.07006251201628466,0.9818758295553328,0.23981713698951546
2024-08-29T18:36:03.556711,interface,0.5590551181102362,0.7960495623303062,0.07680958565024099,0.2677165354330709,0.6166334712624105,0.07006251201628466,0.9818758295553328,0.23981713698951546
2024-08-29T18:36:03.637817,interface,0.5433070866141733,0.7960495623303062,0.07680958565024099,0.2677165354330709,0.6166334712624105,0.07006251201628466,0.9818758295553328,0.23981713698951546
2024-08-29T18:36:03.732757,interface,0.5590551181102362,0.7960495623303062,0.07680958565024099,0.2677165354330709,0.6166334712624105,0.07006251201628466,0.9818758295553328,0.23981713698951546
2024-08-29T18:36:03.831310,interface,0.5433070866141733,0.7960495623303062,0.07680958565024099,0.2677165354330709,0.6166334712624105,0.07006251201628466,0.9818758295553328,0.23981713698951546
2024-08-29T18:36:03.919773,interface,0.5590551181102362,0.7960495623303062,0.07680958565024099,0.2677165354330709,0.6166334712624105,0.07006251201628466,0.9818758295553328,0.23981713698951546
2024-08-29T18:36:04.003664,interface,0.5433070866141733,0.7960495623303062,0.07680958565024099,0.2677165354330709,0.6166334712624105,0.07006251201628466,0.9818758295553328,0.23981713698951546
2024-08-29T18:36:04.097348,interface,0.5590551181102362,0.7960495623303062,0.07680958565024099,0.2677165354330709,0.6166334712624105,0.07006251201628466,0.9818758295553328,0.23981713698951546
2024-08-29T18:36:04.188297,interface,0.5433070866141733,0.7960495623303062,0.07680958565024099,0.2677165354330709,0.6166334712624105,0.07006251201628466,0.9818758295553328,0.23981713698951546
2024-08-29T18:36:04.295288,interface,0.5590551181102362,0.7960495623303062,0.07680958565024099,0.2677165354330709,0.6166334712624105,0.07006251201628466,0.9818758295553328,0.23981713698951546
2024-08-29T18:36:04.386838,interface,0.5433070866141733,0.7960495623303062,0.07680958565024099,0.2677165354330709,0.6166334712624105,0.07006251201628466,0.9818758295553328,0.23981713698951546
2024-08-29T18:36:04.507447,interface,0.5590551181102362,0.7960495623303062,0.07680958565024099,0.2677165354330709,0.6166334712624105,0.07006251201628466,0.9818758295553328,0.23981713698951546
2024-08-29T18:36:04.591299,interface,0.5433070866141733,0.7960495623303062,0.07680958565024099,0.2677165354330709,0.6166334712624105,0.07006251201628466,0.9818758295553328,0.23981713698951546
2024-08-29T18:36:04.698331,interface,0.5590551181102362,0.7960495623303062,0.07680958565024099,0.2677165354330709,0.6166334712624105,0.07006251201628466,0.9818758295553328,0.23981713698951546
2024-08-29T18:36:04.771027,interface,0.5433070866141733,0.7960495623303062,0.07680958565024099,0.2677165354330709,0.6166334712624105,0.07006251201628466,0.9818758295553328,0.23981713698951546
2024-08-29T18:36:04.870337,interface,0.5590551181102362,0.7960495623303062,0.07680958565024099,0.2677165354330709,0.6166334712624105,0.07006251201628466,0.9818758295553328,0.23981713698951546
2024-08-29T18:36:04.949854,interface,0.5433070866141733,0.7960495623303062,0.07680958565024099,0.2677165354330709,0.6166334712624105,0.07006251201628466,0.9818758295553328,0.23981713698951546
2024-08-29T18:36:05.032097,interface,0.5590551181102362,0.7960495623303062,0.07680958565024099,0.2677165354330709,0.6166334712624105,0.07006251201628466,0.9818758295553328,0.23981713698951546
2024-08-29T18:36:05.070568,interface,0.5669291338582677,0.7960495623303062,0.07680958565024099,0.2677165354330709,0.6166334712624105,0.07006251201628466,0.9818758295553328,0.23981713698951546
2024-08-29T18:36:10.118540,interface,0.4094488188976378,0.7960495623303062,0.07680958565024099,0.2677165354330709,0.6166334712624105,0.07006251201628466,0.9818758295553328,0.23981713698951546
2024-08-29T18:36:27.139286,interface,0.4094488188976378,0.7960495623303062,0.07680958565024099,0.2677165354330709,0.6166334712624105,0.07006251201628466,0.9818758295553328,0.23981713698951546
2024-08-29T18:36:27.738028,interface,0.47244094488188976,0.7960495623303062,0.07680958565024099,0.2677165354330709,0.6166334712624105,0.07006251201628466,0.9818758295553328,0.23981713698951546
2024-08-29T18:36:27.740333,interface,0.4645669291338583,0.7960495623303062,0.07680958565024099,0.2677165354330709,0.6166334712624105,0.07006251201628466,0.9818758295553328,0.23981713698951546
2024-08-29T18:36:28.162604,interface,0.4094488188976378,0.7960495623303062,0.07680958565024099,0.2677165354330709,0.6166334712624105,0.07006251201628466,0.9818758295553328,0.23981713698951546
2024-08-29T18:36:28.428976,interface,0.4881889763779528,0.7960495623303062,0.07680958565024099,0.2677165354330709,0.6166334712624105,0.07006251201628466,0.9818758295553328,0.23981713698951546
2024-08-29T18:36:28.599577,interface,0.4645669291338583,0.7960495623303062,0.07680958565024099,0.2677165354330709,0.6166334712624105,0.07006251201628466,0.9818758295553328,0.23981713698951546
2024-08-29T18:36:28.640388,interface,0.4881889763779528,0.7960495623303062,0.07680958565024099,0.2677165354330709,0.6166334712624105,0.07006251201628466,0.9818758295553328,0.23981713698951546
2024-08-29T18:36:28.742437,interface,0.47244094488188976,0.7960495623303062,0.07680958565024099,0.2677165354330709,0.6166334712624105,0.07006251201628466,0.9818758295553328,0.23981713698951546
2024-08-29T18:36:28.824505,interface,0.4881889763779528,0.7960495623303062,0.07680958565024099,0.2677165354330709,0.6166334712624105,0.07006251201628466,0.9818758295553328,0.23981713698951546
2024-08-29T18:36:28.907451,interface,0.47244094488188976,0.7960495623303062,0.07680958565024099,0.2677165354330709,0.6166334712624105,0.07006251201628466,0.9818758295553328,0.23981713698951546
2024-08-29T18:36:28.995397,interface,0.4881889763779528,0.7960495623303062,0.07680958565024099,0.2677165354330709,0.6166334712624105,0.07006251201628466,0.9818758295553328,0.23981713698951546
2024-08-29T18:36:29.064408,interface,0.47244094488188976,0.7960495623303062,0.07680958565024099,0.2677165354330709,0.6166334712624105,0.07006251201628466,0.9818758295553328,0.23981713698951546
2024-08-29T18:36:29.162523,interface,0.4881889763779528,0.7960495623303062,0.07680958565024099,0.2677165354330709,0.6166334712624105,0.07006251201628466,0.9818758295553328,0.23981713698951546
2024-08-29T18:36:29.253199,interface,0.47244094488188976,0.7960495623303062,0.07680958565024099,0.2677165354330709,0.6166334712624105,0.07006251201628466,0.9818758295553328,0.23981713698951546
2024-08-29T18:36:36.236223,interface,0.4881889763779528,0.7960495623303062,0.07680958565024099,0.2677165354330709,0.6166334712624105,0.07006251201628466,0.9818758295553328,0.23981713698951546
2024-08-29T18:36:36.620720,interface,0.5039370078740157,0.7960495623303062,0.07680958565024099,0.2677165354330709,0.6166334712624105,0.07006251201628466,0.9818758295553328,0.23981713698951546
2024-08-29T18:36:36.914625,interface,0.4881889763779528,0.7960495623303062,0.07680958565024099,0.2677165354330709,0.6166334712624105,0.07006251201628466,0.9818758295553328,0.23981713698951546
2024-08-29T18:36:37.148564,interface,0.5039370078740157,0.7960495623303062,0.07680958565024099,0.2677165354330709,0.6166334712624105,0.07006251201628466,0.9818758295553328,0.23981713698951546
2024-08-29T18:36:37.789989,interface,0.4881889763779528,0.7960495623303062,0.07680958565024099,0.2677165354330709,0.6166334712624105,0.07006251201628466,0.9818758295553328,0.23981713698951546
2024-08-29T18:36:37.961354,interface,0.4881889763779528,0.7960495623303062,0.07680958565024099,0.2677165354330709,0.6166334712624105,0.07006251201628466,0.9818758295553328,0.23981713698951546
2024-08-29T18:36:38.149763,interface,0.4881889763779528,0.7960495623303062,0.07680958565024099,0.2677165354330709,0.6166334712624105,0.07006251201628466,0.9818758295553328,0.23981713698951546
2024-08-29T18:36:38.229218,interface,0.5118110236220472,0.7960495623303062,0.07680958565024099,0.2677165354330709,0.6166334712624105,0.07006251201628466,0.9818758295553328,0.23981713698951546
2024-08-29T18:36:38.245438,interface,0.5275590551181102,0.7960495623303062,0.07680958565024099,0.2677165354330709,0.6166334712624105,0.07006251201628466,0.9818758295553328,0.23981713698951546
2024-08-29T18:36:38.427030,interface,0.4881889763779528,0.7960495623303062,0.07680958565024099,0.2677165354330709,0.6166334712624105,0.07006251201628466,0.9818758295553328,0.23981713698951546
2024-08-29T18:36:38.567993,interface,0.5118110236220472,0.7960495623303062,0.07680958565024099,0.2677165354330709,0.6166334712624105,0.07006251201628466,0.9818758295553328,0.23981713698951546
2024-08-29T18:36:38.574782,interface,0.5275590551181102,0.7960495623303062,0.07680958565024099,0.2677165354330709,0.6166334712624105,0.07006251201628466,0.9818758295553328,0.23981713698951546
2024-08-29T18:36:38.779788,interface,0.47244094488188976,0.7960495623303062,0.07680958565024099,0.2677165354330709,0.6166334712624105,0.07006251201628466,0.9818758295553328,0.23981713698951546
2024-08-29T18:36:38.964269,interface,0.4645669291338583,0.7960495623303062,0.07680958565024099,0.2677165354330709,0.6166334712624105,0.07006251201628466,0.9818758295553328,0.23981713698951546
2024-08-29T18:36:38.966677,interface,0.47244094488188976,0.7960495623303062,0.07680958565024099,0.2677165354330709,0.6166334712624105,0.07006251201628466,0.9818758295553328,0.23981713698951546
2024-08-29T18:36:43.596232,interface,0.5275590551181102,0.7960495623303062,0.07680958565024099,0.2677165354330709,0.6166334712624105,0.07006251201628466,0.9818758295553328,0.23981713698951546
2024-08-29T18:36:44.827980,interface,0.5275590551181102,0.7960495623303062,0.07680958565024099,0.2677165354330709,0.6166334712624105,0.07006251201628466,0.9818758295553328,0.23981713698951546
2024-08-29T18:36:45.911936,interface,0.47244094488188976,0.7960495623303062,0.07680958565024099,0.2677165354330709,0.6166334712624105,0.07006251201628466,0.9818758295553328,0.23981713698951546
2024-08-29T18:36:46.246381,interface,0.4881889763779528,0.7960495623303062,0.07680958565024099,0.2677165354330709,0.6166334712624105,0.07006251201628466,0.9818758295553328,0.23981713698951546
2024-08-29T18:36:46.616363,interface,0.5039370078740157,0.7960495623303062,0.07680958565024099,0.2677165354330709,0.6166334712624105,0.07006251201628466,0.9818758295553328,0.23981713698951546
2024-08-29T18:36:47.020470,interface,0.47244094488188976,0.7960495623303062,0.07680958565024099,0.2677165354330709,0.6166334712624105,0.07006251201628466,0.9818758295553328,0.23981713698951546
2024-08-29T18:36:47.348426,interface,0.47244094488188976,0.7960495623303062,0.07680958565024099,0.2677165354330709,0.6166334712624105,0.07006251201628466,0.9818758295553328,0.23981713698951546
2024-08-29T18:36:47.652786,interface,0.4881889763779528,0.7960495623303062,0.07680958565024099,0.2677165354330709,0.6166334712624105,0.07006251201628466,0.9818758295553328,0.23981713698951546
2024-08-29T18:36:47.931804,interface,0.5039370078740157,0.7960495623303062,0.07680958565024099,0.2677165354330709,0.6166334712624105,0.07006251201628466,0.9818758295553328,0.23981713698951546
2024-08-29T18:36:48.790000,interface,0.47244094488188976,0.7960495623303062,0.07680958565024099,0.2677165354330709,0.6166334712624105,0.07006251201628466,0.9818758295553328,0.23981713698951546
2024-08-29T18:36:49.087928,interface,0.4881889763779528,0.7960495623303062,0.07680958565024099,0.2677165354330709,0.6166334712624105,0.07006251201628466,0.9818758295553328,0.23981713698951546
2024-08-29T18:36:49.337680,interface,0.5039370078740157,0.7960495623303062,0.07680958565024099,0.2677165354330709,0.6166334712624105,0.07006251201628466,0.9818758295553328,0.23981713698951546
2024-08-29T18:36:49.621938,interface,0.47244094488188976,0.7960495623303062,0.07680958565024099,0.2677165354330709,0.6166334712624105,0.07006251201628466,0.9818758295553328,0.23981713698951546
2024-08-29T18:36:49.837804,interface,0.47244094488188976,0.7960495623303062,0.07680958565024099,0.2677165354330709,0.6166334712624105,0.07006251201628466,0.9818758295553328,0.23981713698951546
2024-08-29T18:36:53.506007,interface,0.5669291338582677,0.7960495623303062,0.07680958565024099,0.2677165354330709,0.6166334712624105,0.07006251201628466,0.9818758295553328,0.23981713698951546
2024-08-29T18:36:53.952446,interface,0.4881889763779528,0.7960495623303062,0.07680958565024099,0.2677165354330709,0.6166334712624105,0.07006251201628466,0.9818758295553328,0.23981713698951546
2024-08-29T18:36:53.954830,interface,0.47244094488188976,0.7960495623303062,0.07680958565024099,0.2677165354330709,0.6166334712624105,0.07006251201628466,0.9818758295553328,0.23981713698951546
2024-08-29T18:36:54.457549,interface,0.47244094488188976,0.7960495623303062,0.07680958565024099,0.2677165354330709,0.6166334712624105,0.07006251201628466,0.9818758295553328,0.23981713698951546
2024-08-29T18:36:54.986108,interface,0.4881889763779528,0.7960495623303062,0.07680958565024099,0.2677165354330709,0.6166334712624105,0.07006251201628466,0.9818758295553328,0.23981713698951546
2024-08-29T18:36:55.421868,interface,0.5039370078740157,0.7960495623303062,0.07680958565024099,0.2677165354330709,0.6166334712624105,0.07006251201628466,0.9818758295553328,0.23981713698951546
2024-08-29T18:36:55.888025,interface,0.4881889763779528,0.7960495623303062,0.07680958565024099,0.2677165354330709,0.6166334712624105,0.07006251201628466,0.9818758295553328,0.23981713698951546
2024-08-29T18:36:56.255521,interface,0.47244094488188976,0.7960495623303062,0.07680958565024099,0.2677165354330709,0.6166334712624105,0.07006251201628466,0.9818758295553328,0.23981713698951546
2024-08-29T18:37:02.106210,interface,0.4330708661417323,0.7960495623303062,0.07680958565024099,0.2677165354330709,0.6166334712624105,0.07006251201628466,0.9818758295553328,0.23981713698951546
2024-08-29T18:37:02.349712,interface,0.5039370078740157,0.7960495623303062,0.07680958565024099,0.2677165354330709,0.6166334712624105,0.07006251201628466,0.9818758295553328,0.23981713698951546
2024-08-29T18:37:02.758681,interface,0.4330708661417323,0.7960495623303062,0.07680958565024099,0.2677165354330709,0.6166334712624105,0.07006251201628466,0.9818758295553328,0.23981713698951546
2024-08-29T18:37:02.761103,interface,0.5039370078740157,0.7960495623303062,0.07680958565024099,0.2677165354330709,0.6166334712624105,0.07006251201628466,0.9818758295553328,0.23981713698951546
2024-08-29T18:37:03.069495,interface,0.4330708661417323,0.7960495623303062,0.07680958565024099,0.2677165354330709,0.6166334712624105,0.07006251201628466,0.9818758295553328,0.23981713698951546
2024-08-29T18:37:03.071800,interface,0.5039370078740157,0.7960495623303062,0.07680958565024099,0.2677165354330709,0.6166334712624105,0.07006251201628466,0.9818758295553328,0.23981713698951546
2024-08-29T18:37:03.245112,interface,0.4330708661417323,0.7960495623303062,0.07680958565024099,0.2677165354330709,0.6166334712624105,0.07006251201628466,0.9818758295553328,0.23981713698951546
2024-08-29T18:37:03.287218,interface,0.5039370078740157,0.7960495623303062,0.07680958565024099,0.2677165354330709,0.6166334712624105,0.07006251201628466,0.9818758295553328,0.23981713698951546
2024-08-29T18:37:03.434212,interface,0.5039370078740157,0.7960495623303062,0.07680958565024099,0.2677165354330709,0.6166334712624105,0.07006251201628466,0.9818758295553328,0.23981713698951546
2024-08-29T18:37:03.453191,interface,0.4330708661417323,0.7960495623303062,0.07680958565024099,0.2677165354330709,0.6166334712624105,0.07006251201628466,0.9818758295553328,0.23981713698951546
2024-08-29T18:37:03.636365,interface,0.5039370078740157,0.7960495623303062,0.07680958565024099,0.2677165354330709,0.6166334712624105,0.07006251201628466,0.9818758295553328,0.23981713698951546
2024-08-29T18:37:03.783133,interface,0.4330708661417323,0.7960495623303062,0.07680958565024099,0.2677165354330709,0.6166334712624105,0.07006251201628466,0.9818758295553328,0.23981713698951546
2024-08-29T18:37:03.861854,interface,0.5039370078740157,0.7960495623303062,0.07680958565024099,0.2677165354330709,0.6166334712624105,0.07006251201628466,0.9818758295553328,0.23981713698951546
2024-08-29T18:37:04.015214,interface,0.4330708661417323,0.7960495623303062,0.07680958565024099,0.2677165354330709,0.6166334712624105,0.07006251201628466,0.9818758295553328,0.23981713698951546
2024-08-29T18:37:04.082205,interface,0.5039370078740157,0.7960495623303062,0.07680958565024099,0.2677165354330709,0.6166334712624105,0.07006251201628466,0.9818758295553328,0.23981713698951546
2024-08-29T18:37:09.618023,interface,0.4094488188976378,0.7960495623303062,0.07680958565024099,0.2677165354330709,0.6166334712624105,0.07006251201628466,0.9818758295553328,0.23981713698951546
2024-08-29T18:37:09.681523,interface,0.44881889763779526,0.7960495623303062,0.07680958565024099,0.2677165354330709,0.6166334712624105,0.07006251201628466,0.9818758295553328,0.23981713698951546
2024-08-29T18:37:09.946529,interface,0.4330708661417323,0.7960495623303062,0.07680958565024099,0.2677165354330709,0.6166334712624105,0.07006251201628466,0.9818758295553328,0.23981713698951546
2024-08-29T18:37:09.959158,interface,0.44881889763779526,0.7960495623303062,0.07680958565024099,0.2677165354330709,0.6166334712624105,0.07006251201628466,0.9818758295553328,0.23981713698951546
2024-08-29T18:37:09.961639,interface,0.4094488188976378,0.7960495623303062,0.07680958565024099,0.2677165354330709,0.6166334712624105,0.07006251201628466,0.9818758295553328,0.23981713698951546
2024-08-29T18:37:10.147313,interface,0.4094488188976378,0.7960495623303062,0.07680958565024099,0.2677165354330709,0.6166334712624105,0.07006251201628466,0.9818758295553328,0.23981713698951546
2024-08-29T18:37:10.159565,interface,0.44881889763779526,0.7960495623303062,0.07680958565024099,0.2677165354330709,0.6166334712624105,0.07006251201628466,0.9818758295553328,0.23981713698951546
2024-08-29T18:37:10.166144,interface,0.4330708661417323,0.7960495623303062,0.07680958565024099,0.2677165354330709,0.6166334712624105,0.07006251201628466,0.9818758295553328,0.23981713698951546
2024-08-29T18:37:10.326372,interface,0.4094488188976378,0.7960495623303062,0.07680958565024099,0.2677165354330709,0.6166334712624105,0.07006251201628466,0.9818758295553328,0.23981713698951546
2024-08-29T18:37:10.456886,interface,0.4330708661417323,0.7960495623303062,0.07680958565024099,0.2677165354330709,0.6166334712624105,0.07006251201628466,0.9818758295553328,0.23981713698951546
2024-08-29T18:37:10.459825,interface,0.44881889763779526,0.7960495623303062,0.07680958565024099,0.2677165354330709,0.6166334712624105,0.07006251201628466,0.9818758295553328,0.23981713698951546
2024-08-29T18:37:15.246219,interface,0.48031496062992124,0.7960495623303062,0.07680958565024099,0.2677165354330709,0.6166334712624105,0.07006251201628466,0.9818758295553328,0.23981713698951546
2024-08-29T18:37:19.357575,interface,0.5118110236220472,0.7960495623303062,0.07680958565024099,0.2677165354330709,0.6166334712624105,0.07006251201628466,0.9818758295553328,0.23981713698951546
2024-08-29T18:37:20.317671,interface,0.5118110236220472,0.7960495623303062,0.07680958565024099,0.2677165354330709,0.6166334712624105,0.07006251201628466,0.9818758295553328,0.23981713698951546
2024-08-29T18:37:20.984514,interface,0.5039370078740157,0.7960495623303062,0.07680958565024099,0.2677165354330709,0.6166334712624105,0.07006251201628466,0.9818758295553328,0.23981713698951546
2024-08-29T18:37:21.364968,interface,0.5039370078740157,0.7960495623303062,0.07680958565024099,0.2677165354330709,0.6166334712624105,0.07006251201628466,0.9818758295553328,0.23981713698951546
2024-08-29T18:37:21.649715,interface,0.4881889763779528,0.7960495623303062,0.07680958565024099,0.2677165354330709,0.6166334712624105,0.07006251201628466,0.9818758295553328,0.23981713698951546
2024-08-29T18:37:21.957377,interface,0.47244094488188976,0.7960495623303062,0.07680958565024099,0.2677165354330709,0.6166334712624105,0.07006251201628466,0.9818758295553328,0.23981713698951546
2024-08-29T18:37:22.193863,interface,0.4881889763779528,0.7960495623303062,0.07680958565024099,0.2677165354330709,0.6166334712624105,0.07006251201628466,0.9818758295553328,0.23981713698951546
2024-08-29T18:37:22.418472,interface,0.5039370078740157,0.7960495623303062,0.07680958565024099,0.2677165354330709,0.6166334712624105,0.07006251201628466,0.9818758295553328,0.23981713698951546
2024-08-29T18:37:22.626387,interface,0.5039370078740157,0.7960495623303062,0.07680958565024099,0.2677165354330709,0.6166334712624105,0.07006251201628466,0.9818758295553328,0.23981713698951546
2024-08-29T18:37:22.865930,interface,0.4881889763779528,0.7960495623303062,0.07680958565024099,0.2677165354330709,0.6166334712624105,0.07006251201628466,0.9818758295553328,0.23981713698951546
2024-08-29T18:37:23.118396,interface,0.47244094488188976,0.7960495623303062,0.07680958565024099,0.2677165354330709,0.6166334712624105,0.07006251201628466,0.9818758295553328,0.23981713698951546
2024-08-29T18:37:23.332933,interface,0.4645669291338583,0.7960495623303062,0.07680958565024099,0.2677165354330709,0.6166334712624105,0.07006251201628466,0.9818758295553328,0.23981713698951546
2024-08-29T18:37:23.569698,interface,0.4645669291338583,0.7960495623303062,0.07680958565024099,0.2677165354330709,0.6166334712624105,0.07006251201628466,0.9818758295553328,0.23981713698951546
2024-08-29T18:37:23.833178,interface,0.44881889763779526,0.7960495623303062,0.07680958565024099,0.2677165354330709,0.6166334712624105,0.07006251201628466,0.9818758295553328,0.23981713698951546
2024-08-29T18:37:24.073088,interface,0.4330708661417323,0.7960495623303062,0.07680958565024099,0.2677165354330709,0.6166334712624105,0.07006251201628466,0.9818758295553328,0.23981713698951546
2024-08-29T18:37:24.317157,interface,0.41732283464566927,0.7960495623303062,0.07680958565024099,0.2677165354330709,0.6166334712624105,0.07006251201628466,0.9818758295553328,0.23981713698951546
2024-08-29T18:37:24.559283,interface,0.4330708661417323,0.7960495623303062,0.07680958565024099,0.2677165354330709,0.6166334712624105,0.07006251201628466,0.9818758295553328,0.23981713698951546
2024-08-29T18:37:24.791810,interface,0.44881889763779526,0.7960495623303062,0.07680958565024099,0.2677165354330709,0.6166334712624105,0.07006251201628466,0.9818758295553328,0.23981713698951546
2024-08-29T18:37:25.027236,interface,0.4645669291338583,0.7960495623303062,0.07680958565024099,0.2677165354330709,0.6166334712624105,0.07006251201628466,0.9818758295553328,0.23981713698951546
2024-08-29T18:37:25.700584,interface,0.4645669291338583,0.7960495623303062,0.07680958565024099,0.2677165354330709,0.6166334712624105,0.07006251201628466,0.9818758295553328,0.23981713698951546
2024-08-29T18:37:25.715762,interface,0.48031496062992124,0.7960495623303062,0.07680958565024099,0.2677165354330709,0.6166334712624105,0.07006251201628466,0.9818758295553328,0.23981713698951546
2024-08-29T18:37:25.722097,interface,0.4330708661417323,0.7960495623303062,0.07680958565024099,0.2677165354330709,0.6166334712624105,0.07006251201628466,0.9818758295553328,0.23981713698951546
2024-08-29T18:37:25.892308,interface,0.4566929133858268,0.7960495623303062,0.07680958565024099,0.2677165354330709,0.6166334712624105,0.07006251201628466,0.9818758295553328,0.23981713698951546
2024-08-29T18:37:26.008884,interface,0.48031496062992124,0.7960495623303062,0.07680958565024099,0.2677165354330709,0.6166334712624105,0.07006251201628466,0.9818758295553328,0.23981713698951546
2024-08-29T18:37:26.028559,interface,0.49606299212598426,0.7960495623303062,0.07680958565024099,0.2677165354330709,0.6166334712624105,0.07006251201628466,0.9818758295553328,0.23981713698951546
2024-08-29T18:37:26.155236,interface,0.4566929133858268,0.7960495623303062,0.07680958565024099,0.2677165354330709,0.6166334712624105,0.07006251201628466,0.9818758295553328,0.23981713698951546
2024-08-29T18:37:26.161528,interface,0.49606299212598426,0.7960495623303062,0.07680958565024099,0.2677165354330709,0.6166334712624105,0.07006251201628466,0.9818758295553328,0.23981713698951546
2024-08-29T18:37:26.171797,interface,0.48031496062992124,0.7960495623303062,0.07680958565024099,0.2677165354330709,0.6166334712624105,0.07006251201628466,0.9818758295553328,0.23981713698951546
2024-08-29T18:37:26.385988,interface,0.4645669291338583,0.7960495623303062,0.07680958565024099,0.2677165354330709,0.6166334712624105,0.07006251201628466,0.9818758295553328,0.23981713698951546
2024-08-29T18:37:26.426889,interface,0.49606299212598426,0.7960495623303062,0.07680958565024099,0.2677165354330709,0.6166334712624105,0.07006251201628466,0.9818758295553328,0.23981713698951546
2024-08-29T18:37:26.433274,interface,0.5118110236220472,0.7960495623303062,0.07680958565024099,0.2677165354330709,0.6166334712624105,0.07006251201628466,0.9818758295553328,0.23981713698951546
2024-08-29T18:37:26.439511,interface,0.5196850393700787,0.7960495623303062,0.07680958565024099,0.2677165354330709,0.6166334712624105,0.07006251201628466,0.9818758295553328,0.23981713698951546
2024-08-29T18:37:26.600878,interface,0.4566929133858268,0.7960495623303062,0.07680958565024099,0.2677165354330709,0.6166334712624105,0.07006251201628466,0.9818758295553328,0.23981713698951546
2024-08-29T18:37:26.605574,interface,0.5118110236220472,0.7960495623303062,0.07680958565024099,0.2677165354330709,0.6166334712624105,0.07006251201628466,0.9818758295553328,0.23981713698951546
2024-08-29T18:37:26.607937,interface,0.4881889763779528,0.7960495623303062,0.07680958565024099,0.2677165354330709,0.6166334712624105,0.07006251201628466,0.9818758295553328,0.23981713698951546
2024-08-29T18:37:26.610232,interface,0.5039370078740157,0.7960495623303062,0.07680958565024099,0.2677165354330709,0.6166334712624105,0.07006251201628466,0.9818758295553328,0.23981713698951546
2024-08-29T18:37:26.781353,interface,0.44881889763779526,0.7960495623303062,0.07680958565024099,0.2677165354330709,0.6166334712624105,0.07006251201628466,0.9818758295553328,0.23981713698951546
2024-08-29T18:37:26.783895,interface,0.5039370078740157,0.7960495623303062,0.07680958565024099,0.2677165354330709,0.6166334712624105,0.07006251201628466,0.9818758295553328,0.23981713698951546
2024-08-29T18:37:26.786207,interface,0.47244094488188976,0.7960495623303062,0.07680958565024099,0.2677165354330709,0.6166334712624105,0.07006251201628466,0.9818758295553328,0.23981713698951546
2024-08-29T18:37:26.954912,interface,0.47244094488188976,0.7960495623303062,0.07680958565024099,0.2677165354330709,0.6166334712624105,0.07006251201628466,0.9818758295553328,0.23981713698951546
2024-08-29T18:37:26.957272,interface,0.44881889763779526,0.7960495623303062,0.07680958565024099,0.2677165354330709,0.6166334712624105,0.07006251201628466,0.9818758295553328,0.23981713698951546
2024-08-29T18:37:26.963704,interface,0.4881889763779528,0.7960495623303062,0.07680958565024099,0.2677165354330709,0.6166334712624105,0.07006251201628466,0.9818758295553328,0.23981713698951546
2024-08-29T18:37:32.923446,interface,0.47244094488188976,0.7960495623303062,0.07680958565024099,0.2677165354330709,0.6166334712624105,0.07006251201628466,0.9818758295553328,0.23981713698951546
2024-08-29T18:37:33.355384,interface,0.4881889763779528,0.7960495623303062,0.07680958565024099,0.2677165354330709,0.6166334712624105,0.07006251201628466,0.9818758295553328,0.23981713698951546
2024-08-29T18:37:33.719464,interface,0.5039370078740157,0.7960495623303062,0.07680958565024099,0.2677165354330709,0.6166334712624105,0.07006251201628466,0.9818758295553328,0.23981713698951546
2024-08-29T18:37:34.465574,interface,0.47244094488188976,0.7960495623303062,0.07680958565024099,0.2677165354330709,0.6166334712624105,0.07006251201628466,0.9818758295553328,0.23981713698951546
2024-08-29T18:37:34.836627,interface,0.4881889763779528,0.7960495623303062,0.07680958565024099,0.2677165354330709,0.6166334712624105,0.07006251201628466,0.9818758295553328,0.23981713698951546
2024-08-29T18:37:35.169347,interface,0.5039370078740157,0.7960495623303062,0.07680958565024099,0.2677165354330709,0.6166334712624105,0.07006251201628466,0.9818758295553328,0.23981713698951546
2024-08-29T18:37:35.870548,interface,0.44881889763779526,0.7960495623303062,0.07680958565024099,0.2677165354330709,0.6166334712624105,0.07006251201628466,0.9818758295553328,0.23981713698951546
2024-08-29T18:37:36.189591,interface,0.41732283464566927,0.7960495623303062,0.07680958565024099,0.2677165354330709,0.6166334712624105,0.07006251201628466,0.9818758295553328,0.23981713698951546
2024-08-29T18:37:36.457446,interface,0.41732283464566927,0.7960495623303062,0.07680958565024099,0.2677165354330709,0.6166334712624105,0.07006251201628466,0.9818758295553328,0.23981713698951546
2024-08-29T18:37:36.660697,interface,0.4330708661417323,0.7960495623303062,0.07680958565024099,0.2677165354330709,0.6166334712624105,0.07006251201628466,0.9818758295553328,0.23981713698951546
2024-08-29T18:37:36.699097,interface,0.44881889763779526,0.7960495623303062,0.07680958565024099,0.2677165354330709,0.6166334712624105,0.07006251201628466,0.9818758295553328,0.23981713698951546
2024-08-29T18:37:36.864302,interface,0.4645669291338583,0.7960495623303062,0.07680958565024099,0.2677165354330709,0.6166334712624105,0.07006251201628466,0.9818758295553328,0.23981713698951546
2024-08-29T18:37:38.038474,interface,0.4330708661417323,0.7960495623303062,0.07680958565024099,0.2677165354330709,0.6166334712624105,0.07006251201628466,0.9818758295553328,0.23981713698951546
2024-08-29T18:37:38.286862,interface,0.44881889763779526,0.7960495623303062,0.07680958565024099,0.2677165354330709,0.6166334712624105,0.07006251201628466,0.9818758295553328,0.23981713698951546
2024-08-29T18:37:38.520773,interface,0.4645669291338583,0.7960495623303062,0.07680958565024099,0.2677165354330709,0.6166334712624105,0.07006251201628466,0.9818758295553328,0.23981713698951546
2024-08-29T18:37:39.573075,interface,0.4330708661417323,0.7960495623303062,0.07680958565024099,0.2677165354330709,0.6166334712624105,0.07006251201628466,0.9818758295553328,0.23981713698951546
2024-08-29T18:37:39.833862,interface,0.4330708661417323,0.7960495623303062,0.07680958565024099,0.2677165354330709,0.6166334712624105,0.07006251201628466,0.9818758295553328,0.23981713698951546
2024-08-29T18:37:39.836171,interface,0.44881889763779526,0.7960495623303062,0.07680958565024099,0.2677165354330709,0.6166334712624105,0.07006251201628466,0.9818758295553328,0.23981713698951546
2024-08-29T18:37:39.881083,interface,0.4645669291338583,0.7960495623303062,0.07680958565024099,0.2677165354330709,0.6166334712624105,0.07006251201628466,0.9818758295553328,0.23981713698951546
2024-08-29T18:37:40.085595,interface,0.4330708661417323,0.7960495623303062,0.07680958565024099,0.2677165354330709,0.6166334712624105,0.07006251201628466,0.9818758295553328,0.23981713698951546
2024-08-29T18:37:40.100129,interface,0.44881889763779526,0.7960495623303062,0.07680958565024099,0.2677165354330709,0.6166334712624105,0.07006251201628466,0.9818758295553328,0.23981713698951546
2024-08-29T18:37:40.106498,interface,0.4645669291338583,0.7960495623303062,0.07680958565024099,0.2677165354330709,0.6166334712624105,0.07006251201628466,0.9818758295553328,0.23981713698951546
2024-08-29T18:37:40.135115,interface,0.4881889763779528,0.7960495623303062,0.07680958565024099,0.2677165354330709,0.6166334712624105,0.07006251201628466,0.9818758295553328,0.23981713698951546
2024-08-29T18:37:41.222819,interface,0.47244094488188976,0.7960495623303062,0.07680958565024099,0.2677165354330709,0.6166334712624105,0.07006251201628466,0.9818758295553328,0.23981713698951546
2024-08-29T18:37:41.636894,interface,0.4881889763779528,0.7960495623303062,0.07680958565024099,0.2677165354330709,0.6166334712624105,0.07006251201628466,0.9818758295553328,0.23981713698951546
2024-08-29T18:37:41.886922,interface,0.4881889763779528,0.7960495623303062,0.07680958565024099,0.2677165354330709,0.6166334712624105,0.07006251201628466,0.9818758295553328,0.23981713698951546
2024-08-29T18:37:41.898829,interface,0.5039370078740157,0.7960495623303062,0.07680958565024099,0.2677165354330709,0.6166334712624105,0.07006251201628466,0.9818758295553328,0.23981713698951546
2024-08-29T18:37:41.904970,interface,0.5275590551181102,0.7960495623303062,0.07680958565024099,0.2677165354330709,0.6166334712624105,0.07006251201628466,0.9818758295553328,0.23981713698951546
2024-08-29T18:37:41.911461,interface,0.5118110236220472,0.7960495623303062,0.07680958565024099,0.2677165354330709,0.6166334712624105,0.07006251201628466,0.9818758295553328,0.23981713698951546
2024-08-29T18:37:49.487324,interface,0.3858267716535433,0.7960495623303062,0.07680958565024099,0.2677165354330709,0.6166334712624105,0.07006251201628466,0.9818758295553328,0.23981713698951546
2024-08-29T18:37:49.925247,interface,0.3858267716535433,0.7960495623303062,0.07680958565024099,0.2677165354330709,0.6166334712624105,0.07006251201628466,0.9818758295553328,0.23981713698951546
2024-08-29T18:37:50.116313,interface,0.4015748031496063,0.7960495623303062,0.07680958565024099,0.2677165354330709,0.6166334712624105,0.07006251201628466,0.9818758295553328,0.23981713698951546
2024-08-29T18:37:50.568413,interface,0.4881889763779528,0.7960495623303062,0.07680958565024099,0.2677165354330709,0.6166334712624105,0.07006251201628466,0.9818758295553328,0.23981713698951546
2024-08-29T18:37:50.602913,interface,0.47244094488188976,0.7960495623303062,0.07680958565024099,0.2677165354330709,0.6166334712624105,0.07006251201628466,0.9818758295553328,0.23981713698951546
2024-08-29T18:37:50.638043,interface,0.4645669291338583,0.7960495623303062,0.07680958565024099,0.2677165354330709,0.6166334712624105,0.07006251201628466,0.9818758295553328,0.23981713698951546
2024-08-29T18:37:50.711379,interface,0.44881889763779526,0.7960495623303062,0.07680958565024099,0.2677165354330709,0.6166334712624105,0.07006251201628466,0.9818758295553328,0.23981713698951546
2024-08-29T18:37:50.963185,interface,0.4645669291338583,0.7960495623303062,0.07680958565024099,0.2677165354330709,0.6166334712624105,0.07006251201628466,0.9818758295553328,0.23981713698951546
2024-08-29T18:37:50.965561,interface,0.47244094488188976,0.7960495623303062,0.07680958565024099,0.2677165354330709,0.6166334712624105,0.07006251201628466,0.9818758295553328,0.23981713698951546
2024-08-29T18:37:50.972514,interface,0.44881889763779526,0.7960495623303062,0.07680958565024099,0.2677165354330709,0.6166334712624105,0.07006251201628466,0.9818758295553328,0.23981713698951546
2024-08-29T18:37:51.207859,interface,0.41732283464566927,0.7960495623303062,0.07680958565024099,0.2677165354330709,0.6166334712624105,0.07006251201628466,0.9818758295553328,0.23981713698951546
2024-08-29T18:37:51.223567,interface,0.44881889763779526,0.7960495623303062,0.07680958565024099,0.2677165354330709,0.6166334712624105,0.07006251201628466,0.9818758295553328,0.23981713698951546
2024-08-29T18:37:51.240482,interface,0.4645669291338583,0.7960495623303062,0.07680958565024099,0.2677165354330709,0.6166334712624105,0.07006251201628466,0.9818758295553328,0.23981713698951546
2024-08-29T18:37:51.424139,interface,0.41732283464566927,0.7960495623303062,0.07680958565024099,0.2677165354330709,0.6166334712624105,0.07006251201628466,0.9818758295553328,0.23981713698951546
2024-08-29T18:37:51.463464,interface,0.4645669291338583,0.7960495623303062,0.07680958565024099,0.2677165354330709,0.6166334712624105,0.07006251201628466,0.9818758295553328,0.23981713698951546
2024-08-29T18:37:51.470298,interface,0.4330708661417323,0.7960495623303062,0.07680958565024099,0.2677165354330709,0.6166334712624105,0.07006251201628466,0.9818758295553328,0.23981713698951546
2024-08-29T18:37:51.648048,interface,0.41732283464566927,0.7960495623303062,0.07680958565024099,0.2677165354330709,0.6166334712624105,0.07006251201628466,0.9818758295553328,0.23981713698951546
2024-08-29T18:37:51.764194,interface,0.44881889763779526,0.7960495623303062,0.07680958565024099,0.2677165354330709,0.6166334712624105,0.07006251201628466,0.9818758295553328,0.23981713698951546
2024-08-29T18:37:51.928124,interface,0.4094488188976378,0.7960495623303062,0.07680958565024099,0.2677165354330709,0.6166334712624105,0.07006251201628466,0.9818758295553328,0.23981713698951546
2024-08-29T18:37:52.041761,interface,0.41732283464566927,0.7960495623303062,0.07680958565024099,0.2677165354330709,0.6166334712624105,0.07006251201628466,0.9818758295553328,0.23981713698951546
2024-08-29T18:37:52.188663,interface,0.44881889763779526,0.7960495623303062,0.07680958565024099,0.2677165354330709,0.6166334712624105,0.07006251201628466,0.9818758295553328,0.23981713698951546
2024-08-29T18:37:52.191069,interface,0.4330708661417323,0.7960495623303062,0.07680958565024099,0.2677165354330709,0.6166334712624105,0.07006251201628466,0.9818758295553328,0.23981713698951546
2024-08-29T18:37:52.198006,interface,0.4094488188976378,0.7960495623303062,0.07680958565024099,0.2677165354330709,0.6166334712624105,0.07006251201628466,0.9818758295553328,0.23981713698951546
2024-08-29T18:37:52.402224,interface,0.4645669291338583,0.7960495623303062,0.07680958565024099,0.2677165354330709,0.6166334712624105,0.07006251201628466,0.9818758295553328,0.23981713698951546
2024-08-29T18:37:52.404781,interface,0.44881889763779526,0.7960495623303062,0.07680958565024099,0.2677165354330709,0.6166334712624105,0.07006251201628466,0.9818758295553328,0.23981713698951546
2024-08-29T18:37:52.407167,interface,0.4330708661417323,0.7960495623303062,0.07680958565024099,0.2677165354330709,0.6166334712624105,0.07006251201628466,0.9818758295553328,0.23981713698951546
2024-08-29T18:37:52.614407,interface,0.44881889763779526,0.7960495623303062,0.07680958565024099,0.2677165354330709,0.6166334712624105,0.07006251201628466,0.9818758295553328,0.23981713698951546
2024-08-29T18:37:52.616996,interface,0.47244094488188976,0.7960495623303062,0.07680958565024099,0.2677165354330709,0.6166334712624105,0.07006251201628466,0.9818758295553328,0.23981713698951546
2024-08-29T18:37:52.619391,interface,0.4330708661417323,0.7960495623303062,0.07680958565024099,0.2677165354330709,0.6166334712624105,0.07006251201628466,0.9818758295553328,0.23981713698951546
2024-08-29T18:41:12.490847,interface,0.5039370078740157,0.7960495623303062,0.07680958565024099,0.2677165354330709,0.6166334712624105,0.07006251201628466,0.9818758295553328,0.23981713698951546
2024-08-29T18:41:12.493298,interface,0.5118110236220472,0.7960495623303062,0.07680958565024099,0.2677165354330709,0.6166334712624105,0.07006251201628466,0.9818758295553328,0.23981713698951546
2024-08-29T18:41:12.557733,interface,0.49606299212598426,0.7960495623303062,0.07680958565024099,0.2677165354330709,0.6166334712624105,0.07006251201628466,0.9818758295553328,0.23981713698951546
2024-08-29T18:41:12.609217,interface,0.44881889763779526,0.7960495623303062,0.07680958565024099,0.2677165354330709,0.6166334712624105,0.07006251201628466,0.9818758295553328,0.23981713698951546
2024-08-29T18:41:12.680128,interface,0.5118110236220472,0.7960495623303062,0.07680958565024099,0.2677165354330709,0.6166334712624105,0.07006251201628466,0.9818758295553328,0.23981713698951546
2024-08-29T18:41:12.724223,interface,0.5039370078740157,0.7960495623303062,0.07680958565024099,0.2677165354330709,0.6166334712624105,0.07006251201628466,0.9818758295553328,0.23981713698951546
2024-08-29T18:41:12.802930,interface,0.44881889763779526,0.7960495623303062,0.07680958565024099,0.2677165354330709,0.6166334712624105,0.07006251201628466,0.9818758295553328,0.23981713698951546
2024-08-29T18:41:12.851479,interface,0.5039370078740157,0.7960495623303062,0.07680958565024099,0.2677165354330709,0.6166334712624105,0.07006251201628466,0.9818758295553328,0.23981713698951546
2024-08-29T18:41:12.905860,interface,0.47244094488188976,0.7960495623303062,0.07680958565024099,0.2677165354330709,0.6166334712624105,0.07006251201628466,0.9818758295553328,0.23981713698951546
2024-08-29T18:41:12.912910,interface,0.4881889763779528,0.7960495623303062,0.07680958565024099,0.2677165354330709,0.6166334712624105,0.07006251201628466,0.9818758295553328,0.23981713698951546
2024-08-29T18:41:12.942689,interface,0.4645669291338583,0.7960495623303062,0.07680958565024099,0.2677165354330709,0.6166334712624105,0.07006251201628466,0.9818758295553328,0.23981713698951546
2024-08-29T18:41:12.971732,interface,0.44881889763779526,0.7960495623303062,0.07680958565024099,0.2677165354330709,0.6166334712624105,0.07006251201628466,0.9818758295553328,0.23981713698951546
2024-08-29T18:41:13.000651,interface,0.4330708661417323,0.7960495623303062,0.07680958565024099,0.2677165354330709,0.6166334712624105,0.07006251201628466,0.9818758295553328,0.23981713698951546
2024-08-29T18:41:13.029277,interface,0.41732283464566927,0.7960495623303062,0.07680958565024099,0.2677165354330709,0.6166334712624105,0.07006251201628466,0.9818758295553328,0.23981713698951546
2024-08-29T18:41:13.053750,interface,0.4094488188976378,0.7960495623303062,0.07680958565024099,0.2677165354330709,0.6166334712624105,0.07006251201628466,0.9818758295553328,0.23981713698951546
2024-08-29T18:41:13.180155,interface,0.41732283464566927,0.7960495623303062,0.07680958565024099,0.2677165354330709,0.6166334712624105,0.07006251201628466,0.9818758295553328,0.23981713698951546
2024-08-29T18:41:13.199786,interface,0.4330708661417323,0.7960495623303062,0.07680958565024099,0.2677165354330709,0.6166334712624105,0.07006251201628466,0.9818758295553328,0.23981713698951546
2024-08-29T18:41:13.219290,interface,0.44881889763779526,0.7960495623303062,0.07680958565024099,0.2677165354330709,0.6166334712624105,0.07006251201628466,0.9818758295553328,0.23981713698951546
2024-08-29T18:41:13.235697,interface,0.4645669291338583,0.7960495623303062,0.07680958565024099,0.2677165354330709,0.6166334712624105,0.07006251201628466,0.9818758295553328,0.23981713698951546
2024-08-29T18:41:13.258206,interface,0.47244094488188976,0.7960495623303062,0.07680958565024099,0.2677165354330709,0.6166334712624105,0.07006251201628466,0.9818758295553328,0.23981713698951546
2024-08-29T18:41:13.264893,interface,0.4881889763779528,0.7960495623303062,0.07680958565024099,0.2677165354330709,0.6166334712624105,0.07006251201628466,0.9818758295553328,0.23981713698951546
2024-08-29T18:41:13.286248,interface,0.5039370078740157,0.7960495623303062,0.07680958565024099,0.2677165354330709,0.6166334712624105,0.07006251201628466,0.9818758295553328,0.23981713698951546
2024-08-29T18:41:13.308593,interface,0.5118110236220472,0.7960495623303062,0.07680958565024099,0.2677165354330709,0.6166334712624105,0.07006251201628466,0.9818758295553328,0.23981713698951546
2024-08-29T18:41:13.321773,interface,0.5275590551181102,0.7960495623303062,0.07680958565024099,0.2677165354330709,0.6166334712624105,0.07006251201628466,0.9818758295553328,0.23981713698951546
2024-08-29T18:41:13.339684,interface,0.5433070866141733,0.7960495623303062,0.07680958565024099,0.2677165354330709,0.6166334712624105,0.07006251201628466,0.9818758295553328,0.23981713698951546
2024-08-29T18:41:13.358287,interface,0.5590551181102362,0.7960495623303062,0.07680958565024099,0.2677165354330709,0.6166334712624105,0.07006251201628466,0.9818758295553328,0.23981713698951546
2024-08-29T18:41:13.402940,interface,0.5669291338582677,0.7960495623303062,0.07680958565024099,0.2677165354330709,0.6166334712624105,0.07006251201628466,0.9818758295553328,0.23981713698951546
2024-08-29T18:41:13.500034,interface,0.5433070866141733,0.7960495623303062,0.07680958565024099,0.2677165354330709,0.6166334712624105,0.07006251201628466,0.9818758295553328,0.23981713698951546
2024-08-29T18:41:13.523739,interface,0.5275590551181102,0.7960495623303062,0.07680958565024099,0.2677165354330709,0.6166334712624105,0.07006251201628466,0.9818758295553328,0.23981713698951546
2024-08-29T18:41:13.544639,interface,0.5118110236220472,0.7960495623303062,0.07680958565024099,0.2677165354330709,0.6166334712624105,0.07006251201628466,0.9818758295553328,0.23981713698951546
2024-08-29T18:41:13.559796,interface,0.5039370078740157,0.7960495623303062,0.07680958565024099,0.2677165354330709,0.6166334712624105,0.07006251201628466,0.9818758295553328,0.23981713698951546
2024-08-29T18:41:13.574021,interface,0.4881889763779528,0.7960495623303062,0.07680958565024099,0.2677165354330709,0.6166334712624105,0.07006251201628466,0.9818758295553328,0.23981713698951546
2024-08-29T18:41:13.586360,interface,0.47244094488188976,0.7960495623303062,0.07680958565024099,0.2677165354330709,0.6166334712624105,0.07006251201628466,0.9818758295553328,0.23981713698951546
2024-08-29T18:41:13.599016,interface,0.4645669291338583,0.7960495623303062,0.07680958565024099,0.2677165354330709,0.6166334712624105,0.07006251201628466,0.9818758295553328,0.23981713698951546
2024-08-29T18:41:13.611341,interface,0.44881889763779526,0.7960495623303062,0.07680958565024099,0.2677165354330709,0.6166334712624105,0.07006251201628466,0.9818758295553328,0.23981713698951546
2024-08-29T18:41:13.624871,interface,0.4330708661417323,0.7960495623303062,0.07680958565024099,0.2677165354330709,0.6166334712624105,0.07006251201628466,0.9818758295553328,0.23981713698951546
2024-08-29T18:41:13.640954,interface,0.41732283464566927,0.7960495623303062,0.07680958565024099,0.2677165354330709,0.6166334712624105,0.07006251201628466,0.9818758295553328,0.23981713698951546
2024-08-29T18:41:13.656774,interface,0.4094488188976378,0.7960495623303062,0.07680958565024099,0.2677165354330709,0.6166334712624105,0.07006251201628466,0.9818758295553328,0.23981713698951546
2024-08-29T18:41:13.677923,interface,0.3937007874015748,0.7960495623303062,0.07680958565024099,0.2677165354330709,0.6166334712624105,0.07006251201628466,0.9818758295553328,0.23981713698951546
2024-08-29T18:41:15.849295,interface,0.5590551181102362,0.7960495623303062,0.07680958565024099,0.2677165354330709,0.6166334712624105,0.07006251201628466,0.9818758295553328,0.23981713698951546
2024-08-29T18:41:15.884821,interface,0.5433070866141733,0.7960495623303062,0.07680958565024099,0.2677165354330709,0.6166334712624105,0.07006251201628466,0.9818758295553328,0.23981713698951546
2024-08-29T18:41:15.917736,interface,0.5275590551181102,0.7960495623303062,0.07680958565024099,0.2677165354330709,0.6166334712624105,0.07006251201628466,0.9818758295553328,0.23981713698951546
2024-08-29T18:41:15.952767,interface,0.5118110236220472,0.7960495623303062,0.07680958565024099,0.2677165354330709,0.6166334712624105,0.07006251201628466,0.9818758295553328,0.23981713698951546
2024-08-29T18:41:15.987860,interface,0.5039370078740157,0.7960495623303062,0.07680958565024099,0.2677165354330709,0.6166334712624105,0.07006251201628466,0.9818758295553328,0.23981713698951546
2024-08-29T18:41:16.028847,interface,0.4881889763779528,0.7960495623303062,0.07680958565024099,0.2677165354330709,0.6166334712624105,0.07006251201628466,0.9818758295553328,0.23981713698951546
2024-08-29T18:41:16.073376,interface,0.47244094488188976,0.7960495623303062,0.07680958565024099,0.2677165354330709,0.6166334712624105,0.07006251201628466,0.9818758295553328,0.23981713698951546
2024-08-29T18:41:16.131048,interface,0.4645669291338583,0.7960495623303062,0.07680958565024099,0.2677165354330709,0.6166334712624105,0.07006251201628466,0.9818758295553328,0.23981713698951546
2024-08-29T18:41:16.309246,interface,0.44881889763779526,0.7960495623303062,0.07680958565024099,0.2677165354330709,0.6166334712624105,0.07006251201628466,0.9818758295553328,0.23981713698951546
2024-08-29T18:41:16.786894,interface,0.4330708661417323,0.7960495623303062,0.07680958565024099,0.2677165354330709,0.6166334712624105,0.07006251201628466,0.9818758295553328,0.23981713698951546
2024-08-29T18:41:17.059796,interface,0.4094488188976378,0.7960495623303062,0.07680958565024099,0.2677165354330709,0.6166334712624105,0.07006251201628466,0.9818758295553328,0.23981713698951546
2024-08-29T18:41:17.212299,interface,0.47244094488188976,0.7960495623303062,0.07680958565024099,0.2677165354330709,0.6166334712624105,0.07006251201628466,0.9818758295553328,0.23981713698951546
2024-08-29T18:41:17.460823,interface,0.44881889763779526,0.7960495623303062,0.07680958565024099,0.2677165354330709,0.6166334712624105,0.07006251201628466,0.9818758295553328,0.23981713698951546
2024-08-29T18:41:17.582036,interface,0.41732283464566927,0.7960495623303062,0.07680958565024099,0.2677165354330709,0.6166334712624105,0.07006251201628466,0.9818758295553328,0.23981713698951546
2024-08-29T18:41:17.661096,interface,0.5118110236220472,0.7960495623303062,0.07680958565024099,0.2677165354330709,0.6166334712624105,0.07006251201628466,0.9818758295553328,0.23981713698951546
2024-08-29T18:41:17.806351,interface,0.49606299212598426,0.7960495623303062,0.07680958565024099,0.2677165354330709,0.6166334712624105,0.07006251201628466,0.9818758295553328,0.23981713698951546
2024-08-29T18:41:17.902788,interface,0.4645669291338583,0.7960495623303062,0.07680958565024099,0.2677165354330709,0.6166334712624105,0.07006251201628466,0.9818758295553328,0.23981713698951546
2024-08-29T18:41:17.963326,interface,0.5433070866141733,0.7960495623303062,0.07680958565024099,0.2677165354330709,0.6166334712624105,0.07006251201628466,0.9818758295553328,0.23981713698951546
2024-08-29T18:41:17.965771,interface,0.5275590551181102,0.7960495623303062,0.07680958565024099,0.2677165354330709,0.6166334712624105,0.07006251201628466,0.9818758295553328,0.23981713698951546
2024-08-29T18:41:18.119883,interface,0.47244094488188976,0.7960495623303062,0.07680958565024099,0.2677165354330709,0.6166334712624105,0.07006251201628466,0.9818758295553328,0.23981713698951546
2024-08-29T18:41:18.167786,interface,0.5590551181102362,0.7960495623303062,0.07680958565024099,0.2677165354330709,0.6166334712624105,0.07006251201628466,0.9818758295553328,0.23981713698951546
2024-08-29T18:57:31.222423,interface,0.3779527559055118,0.7960495623303062,0.07680958565024099,0.2677165354330709,0.6166334712624105,0.07006251201628466,0.9818758295553328,0.23981713698951546
2024-08-29T18:57:32.575521,interface,0.3779527559055118,0.7960495623303062,0.07680958565024099,0.7716535433070866,0.6166334712624105,0.07006251201628466,0.9818758295553328,0.23981713698951546
2024-08-29T18:57:32.611751,interface,0.3779527559055118,0.7960495623303062,0.07680958565024099,0.8188976377952756,0.6166334712624105,0.07006251201628466,0.9818758295553328,0.23981713698951546
2024-08-29T18:57:32.796321,interface,0.3779527559055118,0.7960495623303062,0.07680958565024099,0.8661417322834646,0.6166334712624105,0.07006251201628466,0.9818758295553328,0.23981713698951546
2024-08-29T18:57:32.859549,interface,0.3779527559055118,0.7960495623303062,0.07680958565024099,0.9133858267716536,0.6166334712624105,0.07006251201628466,0.9818758295553328,0.23981713698951546
2024-08-29T18:57:32.939606,interface,0.3779527559055118,0.7960495623303062,0.07680958565024099,0.9606299212598425,0.6166334712624105,0.07006251201628466,0.9818758295553328,0.23981713698951546
2024-08-29T18:57:33.062633,interface,0.3779527559055118,0.7960495623303062,0.07680958565024099,1.0,0.6166334712624105,0.07006251201628466,0.9818758295553328,0.23981713698951546
2024-08-29T18:57:33.349655,interface,0.3779527559055118,0.7960495623303062,0.07680958565024099,0.6377952755905512,0.6166334712624105,0.07006251201628466,0.9818758295553328,0.23981713698951546
2024-08-29T18:57:34.131881,interface,0.3779527559055118,0.7960495623303062,0.07680958565024099,0.6377952755905512,0.6166334712624105,0.07006251201628466,0.9818758295553328,0.23981713698951546
2024-08-29T18:57:34.381059,interface,0.3779527559055118,0.7960495623303062,0.07680958565024099,0.6377952755905512,0.6166334712624105,0.07006251201628466,0.9818758295553328,0.23981713698951546
2024-08-29T18:57:35.589367,interface,0.3779527559055118,0.7960495623303062,0.07680958565024099,0.6377952755905512,0.6166334712624105,0.07006251201628466,0.9818758295553328,0.23981713698951546
2024-08-29T18:57:36.317091,interface,0.47244094488188976,0.7960495623303062,0.07680958565024099,0.6377952755905512,0.6166334712624105,0.07006251201628466,0.9818758295553328,0.23981713698951546
2024-08-29T18:57:36.353968,interface,0.49606299212598426,0.7960495623303062,0.07680958565024099,0.6377952755905512,0.6166334712624105,0.07006251201628466,0.9818758295553328,0.23981713698951546
2024-08-29T18:57:36.370933,interface,0.5275590551181102,0.7960495623303062,0.07680958565024099,0.6377952755905512,0.6166334712624105,0.07006251201628466,0.9818758295553328,0.23981713698951546
2024-08-29T18:57:36.420437,interface,0.5118110236220472,0.7960495623303062,0.07680958565024099,0.6377952755905512,0.6166334712624105,0.07006251201628466,0.9818758295553328,0.23981713698951546
2024-08-29T18:57:37.634109,interface,0.4881889763779528,0.7960495623303062,0.07680958565024099,0.6377952755905512,0.6166334712624105,0.07006251201628466,0.9818758295553328,0.23981713698951546
2024-08-29T18:57:37.654456,interface,0.47244094488188976,0.7960495623303062,0.07680958565024099,0.6377952755905512,0.6166334712624105,0.07006251201628466,0.9818758295553328,0.23981713698951546
2024-08-29T18:57:37.828789,interface,0.4881889763779528,0.7960495623303062,0.07680958565024099,0.6377952755905512,0.6166334712624105,0.07006251201628466,0.9818758295553328,0.23981713698951546
2024-08-29T18:57:39.207155,interface,0.4881889763779528,0.7960495623303062,0.6141732283464567,0.6377952755905512,0.6166334712624105,0.07006251201628466,0.9818758295553328,0.23981713698951546
2024-08-29T18:57:39.231124,interface,0.4881889763779528,0.7960495623303062,0.6220472440944882,0.6377952755905512,0.6166334712624105,0.07006251201628466,0.9818758295553328,0.23981713698951546
2024-08-29T18:57:39.251172,interface,0.4881889763779528,0.7960495623303062,0.6299212598425197,0.6377952755905512,0.6166334712624105,0.07006251201628466,0.9818758295553328,0.23981713698951546
2024-08-29T18:57:39.275224,interface,0.4881889763779528,0.7960495623303062,0.6377952755905512,0.6377952755905512,0.6166334712624105,0.07006251201628466,0.9818758295553328,0.23981713698951546
2024-08-29T18:57:39.295329,interface,0.4881889763779528,0.7960495623303062,0.6456692913385826,0.6377952755905512,0.6166334712624105,0.07006251201628466,0.9818758295553328,0.23981713698951546
2024-08-29T18:57:39.319337,interface,0.4881889763779528,0.7960495623303062,0.6535433070866141,0.6377952755905512,0.6166334712624105,0.07006251201628466,0.9818758295553328,0.23981713698951546
2024-08-29T18:57:39.351455,interface,0.4881889763779528,0.7960495623303062,0.6614173228346457,0.6377952755905512,0.6166334712624105,0.07006251201628466,0.9818758295553328,0.23981713698951546
2024-08-29T18:57:39.383608,interface,0.4881889763779528,0.7960495623303062,0.6692913385826772,0.6377952755905512,0.6166334712624105,0.07006251201628466,0.9818758295553328,0.23981713698951546
2024-08-29T18:57:39.415989,interface,0.4881889763779528,0.7960495623303062,0.6771653543307087,0.6377952755905512,0.6166334712624105,0.07006251201628466,0.9818758295553328,0.23981713698951546
2024-08-29T18:57:39.451805,interface,0.4881889763779528,0.7960495623303062,0.6850393700787402,0.6377952755905512,0.6166334712624105,0.07006251201628466,0.9818758295553328,0.23981713698951546
2024-08-29T18:57:39.487876,interface,0.4881889763779528,0.7960495623303062,0.6929133858267716,0.6377952755905512,0.6166334712624105,0.07006251201628466,0.9818758295553328,0.23981713698951546
2024-08-29T18:57:39.515923,interface,0.4881889763779528,0.7960495623303062,0.7007874015748031,0.6377952755905512,0.6166334712624105,0.07006251201628466,0.9818758295553328,0.23981713698951546
2024-08-29T18:57:39.552117,interface,0.4881889763779528,0.7960495623303062,0.7086614173228346,0.6377952755905512,0.6166334712624105,0.07006251201628466,0.9818758295553328,0.23981713698951546
2024-08-29T18:57:39.580092,interface,0.4881889763779528,0.7960495623303062,0.7165354330708661,0.6377952755905512,0.6166334712624105,0.07006251201628466,0.9818758295553328,0.23981713698951546
2024-08-29T18:57:39.608235,interface,0.4881889763779528,0.7960495623303062,0.7244094488188977,0.6377952755905512,0.6166334712624105,0.07006251201628466,0.9818758295553328,0.23981713698951546
2024-08-29T18:57:39.632247,interface,0.4881889763779528,0.7960495623303062,0.7322834645669292,0.6377952755905512,0.6166334712624105,0.07006251201628466,0.9818758295553328,0.23981713698951546
2024-08-29T18:57:39.656396,interface,0.4881889763779528,0.7960495623303062,0.7401574803149606,0.6377952755905512,0.6166334712624105,0.07006251201628466,0.9818758295553328,0.23981713698951546
2024-08-29T18:57:39.668503,interface,0.4881889763779528,0.7960495623303062,0.7480314960629921,0.6377952755905512,0.6166334712624105,0.07006251201628466,0.9818758295553328,0.23981713698951546
2024-08-29T18:57:39.684406,interface,0.4881889763779528,0.7960495623303062,0.7559055118110236,0.6377952755905512,0.6166334712624105,0.07006251201628466,0.9818758295553328,0.23981713698951546
2024-08-29T18:57:39.696492,interface,0.4881889763779528,0.7960495623303062,0.7637795275590551,0.6377952755905512,0.6166334712624105,0.07006251201628466,0.9818758295553328,0.23981713698951546
2024-08-29T18:57:39.716492,interface,0.4881889763779528,0.7960495623303062,0.7716535433070866,0.6377952755905512,0.6166334712624105,0.07006251201628466,0.9818758295553328,0.23981713698951546
2024-08-29T18:57:39.752708,interface,0.4881889763779528,0.7960495623303062,0.7795275590551181,0.6377952755905512,0.6166334712624105,0.07006251201628466,0.9818758295553328,0.23981713698951546
2024-08-29T18:57:39.784776,interface,0.4881889763779528,0.7960495623303062,0.7795275590551181,0.6377952755905512,0.6166334712624105,0.07006251201628466,0.9818758295553328,0.23981713698951546
2024-08-29T18:57:39.997269,interface,0.4881889763779528,0.7960495623303062,0.7322834645669292,0.6377952755905512,0.6166334712624105,0.07006251201628466,0.9818758295553328,0.23981713698951546
2024-08-29T18:57:40.475504,interface,0.4881889763779528,0.7960495623303062,0.4094488188976378,0.6377952755905512,0.6166334712624105,0.07006251201628466,0.9818758295553328,0.23981713698951546
2024-08-29T18:57:40.482464,interface,0.4881889763779528,0.7960495623303062,0.4015748031496063,0.6377952755905512,0.6166334712624105,0.07006251201628466,0.9818758295553328,0.23981713698951546
2024-08-29T18:57:40.514745,interface,0.4881889763779528,0.7960495623303062,0.3937007874015748,0.6377952755905512,0.6166334712624105,0.07006251201628466,0.9818758295553328,0.23981713698951546
2024-08-29T18:57:40.542909,interface,0.4881889763779528,0.7960495623303062,0.3858267716535433,0.6377952755905512,0.6166334712624105,0.07006251201628466,0.9818758295553328,0.23981713698951546
2024-08-29T18:57:40.566891,interface,0.4881889763779528,0.7960495623303062,0.3779527559055118,0.6377952755905512,0.6166334712624105,0.07006251201628466,0.9818758295553328,0.23981713698951546
2024-08-29T18:57:40.590981,interface,0.4881889763779528,0.7960495623303062,0.3700787401574803,0.6377952755905512,0.6166334712624105,0.07006251201628466,0.9818758295553328,0.23981713698951546
2024-08-29T18:57:40.607135,interface,0.4881889763779528,0.7960495623303062,0.36220472440944884,0.6377952755905512,0.6166334712624105,0.07006251201628466,0.9818758295553328,0.23981713698951546
2024-08-29T18:57:40.627165,interface,0.4881889763779528,0.7960495623303062,0.3543307086614173,0.6377952755905512,0.6166334712624105,0.07006251201628466,0.9818758295553328,0.23981713698951546
2024-08-29T18:57:40.647172,interface,0.4881889763779528,0.7960495623303062,0.3464566929133858,0.6377952755905512,0.6166334712624105,0.07006251201628466,0.9818758295553328,0.23981713698951546
2024-08-29T18:57:40.671218,interface,0.4881889763779528,0.7960495623303062,0.33858267716535434,0.6377952755905512,0.6166334712624105,0.07006251201628466,0.9818758295553328,0.23981713698951546
2024-08-29T18:57:40.695230,interface,0.4881889763779528,0.7960495623303062,0.33070866141732286,0.6377952755905512,0.6166334712624105,0.07006251201628466,0.9818758295553328,0.23981713698951546
2024-08-29T18:57:40.727440,interface,0.4881889763779528,0.7960495623303062,0.3228346456692913,0.6377952755905512,0.6166334712624105,0.07006251201628466,0.9818758295553328,0.23981713698951546
2024-08-29T18:57:40.755409,interface,0.4881889763779528,0.7960495623303062,0.31496062992125984,0.6377952755905512,0.6166334712624105,0.07006251201628466,0.9818758295553328,0.23981713698951546
2024-08-29T18:57:40.783488,interface,0.4881889763779528,0.7960495623303062,0.30708661417322836,0.6377952755905512,0.6166334712624105,0.07006251201628466,0.9818758295553328,0.23981713698951546
2024-08-29T18:57:40.815635,interface,0.4881889763779528,0.7960495623303062,0.2992125984251969,0.6377952755905512,0.6166334712624105,0.07006251201628466,0.9818758295553328,0.23981713698951546
2024-08-29T18:57:40.867720,interface,0.4881889763779528,0.7960495623303062,0.29133858267716534,0.6377952755905512,0.6166334712624105,0.07006251201628466,0.9818758295553328,0.23981713698951546
2024-08-29T18:57:40.915928,interface,0.4881889763779528,0.7960495623303062,0.28346456692913385,0.6377952755905512,0.6166334712624105,0.07006251201628466,0.9818758295553328,0.23981713698951546
2024-08-29T18:57:40.976012,interface,0.4881889763779528,0.7960495623303062,0.2755905511811024,0.6377952755905512,0.6166334712624105,0.07006251201628466,0.9818758295553328,0.23981713698951546
2024-08-29T18:57:41.590331,interface,0.3937007874015748,0.7960495623303062,0.2755905511811024,0.6377952755905512,0.6166334712624105,0.07006251201628466,0.9818758295553328,0.23981713698951546
2024-08-29T18:57:41.893762,interface,0.3779527559055118,0.7960495623303062,0.2755905511811024,0.6377952755905512,0.6166334712624105,0.07006251201628466,0.9818758295553328,0.23981713698951546
2024-08-29T18:57:45.004573,interface,0.3779527559055118,0.7960495623303062,0.2755905511811024,0.6377952755905512,0.6166334712624105,0.07006251201628466,0.9921259842519685,0.23981713698951546
2024-08-29T18:57:45.026056,interface,0.3779527559055118,0.7960495623303062,0.2755905511811024,0.6377952755905512,0.6166334712624105,0.07006251201628466,1.0,0.23981713698951546
2024-08-29T18:57:45.872109,interface,0.3779527559055118,0.7960495623303062,0.2755905511811024,0.6377952755905512,0.6166334712624105,0.07006251201628466,0.9212598425196851,0.23981713698951546
2024-08-29T18:57:45.885695,interface,0.3779527559055118,0.7960495623303062,0.2755905511811024,0.6377952755905512,0.6166334712624105,0.07006251201628466,1.0,0.23981713698951546
2024-08-29T18:57:45.903368,interface,0.3779527559055118,0.7960495623303062,0.2755905511811024,0.6377952755905512,0.6166334712624105,0.07006251201628466,0.9921259842519685,0.23981713698951546
2024-08-29T18:57:45.928091,interface,0.3779527559055118,0.7960495623303062,0.2755905511811024,0.6377952755905512,0.6166334712624105,0.07006251201628466,0.984251968503937,0.23981713698951546
2024-08-29T18:57:57.016380,interface,0.3779527559055118,0.047244094488188976,0.2755905511811024,0.6377952755905512,0.6166334712624105,0.07006251201628466,0.984251968503937,0.23981713698951546
2024-08-29T18:57:57.032729,interface,0.3779527559055118,0.05511811023622047,0.2755905511811024,0.6377952755905512,0.6166334712624105,0.07006251201628466,0.984251968503937,0.23981713698951546
2024-08-29T18:57:57.048419,interface,0.3779527559055118,0.06299212598425197,0.2755905511811024,0.6377952755905512,0.6166334712624105,0.07006251201628466,0.984251968503937,0.23981713698951546
2024-08-29T18:57:57.054667,interface,0.3779527559055118,0.07086614173228346,0.2755905511811024,0.6377952755905512,0.6166334712624105,0.07006251201628466,0.984251968503937,0.23981713698951546
2024-08-29T18:57:57.061588,interface,0.3779527559055118,0.07874015748031496,0.2755905511811024,0.6377952755905512,0.6166334712624105,0.07006251201628466,0.984251968503937,0.23981713698951546
2024-08-29T18:57:57.068136,interface,0.3779527559055118,0.09448818897637795,0.2755905511811024,0.6377952755905512,0.6166334712624105,0.07006251201628466,0.984251968503937,0.23981713698951546
2024-08-29T18:57:57.080464,interface,0.3779527559055118,0.10236220472440945,0.2755905511811024,0.6377952755905512,0.6166334712624105,0.07006251201628466,0.984251968503937,0.23981713698951546
2024-08-29T18:57:57.086706,interface,0.3779527559055118,0.11811023622047244,0.2755905511811024,0.6377952755905512,0.6166334712624105,0.07006251201628466,0.984251968503937,0.23981713698951546
2024-08-29T18:57:57.093690,interface,0.3779527559055118,0.13385826771653545,0.2755905511811024,0.6377952755905512,0.6166334712624105,0.07006251201628466,0.984251968503937,0.23981713698951546
2024-08-29T18:57:57.100800,interface,0.3779527559055118,0.14173228346456693,0.2755905511811024,0.6377952755905512,0.6166334712624105,0.07006251201628466,0.984251968503937,0.23981713698951546
2024-08-29T18:57:57.117144,interface,0.3779527559055118,0.14960629921259844,0.2755905511811024,0.6377952755905512,0.6166334712624105,0.07006251201628466,0.984251968503937,0.23981713698951546
2024-08-29T18:57:57.119536,interface,0.3779527559055118,0.15748031496062992,0.2755905511811024,0.6377952755905512,0.6166334712624105,0.07006251201628466,0.984251968503937,0.23981713698951546
2024-08-29T18:57:57.126635,interface,0.3779527559055118,0.16535433070866143,0.2755905511811024,0.6377952755905512,0.6166334712624105,0.07006251201628466,0.984251968503937,0.23981713698951546
2024-08-29T18:57:57.133521,interface,0.3779527559055118,0.1732283464566929,0.2755905511811024,0.6377952755905512,0.6166334712624105,0.07006251201628466,0.984251968503937,0.23981713698951546
2024-08-29T18:57:57.140399,interface,0.3779527559055118,0.18110236220472442,0.2755905511811024,0.6377952755905512,0.6166334712624105,0.07006251201628466,0.984251968503937,0.23981713698951546
2024-08-29T18:57:57.150407,interface,0.3779527559055118,0.1968503937007874,0.2755905511811024,0.6377952755905512,0.6166334712624105,0.07006251201628466,0.984251968503937,0.23981713698951546
2024-08-29T18:57:57.157361,interface,0.3779527559055118,0.2047244094488189,0.2755905511811024,0.6377952755905512,0.6166334712624105,0.07006251201628466,0.984251968503937,0.23981713698951546
2024-08-29T18:57:57.169161,interface,0.3779527559055118,0.2204724409448819,0.2755905511811024,0.6377952755905512,0.6166334712624105,0.07006251201628466,0.984251968503937,0.23981713698951546
2024-08-29T18:57:57.175375,interface,0.3779527559055118,0.23622047244094488,0.2755905511811024,0.6377952755905512,0.6166334712624105,0.07006251201628466,0.984251968503937,0.23981713698951546
2024-08-29T18:57:57.181628,interface,0.3779527559055118,0.25196850393700787,0.2755905511811024,0.6377952755905512,0.6166334712624105,0.07006251201628466,0.984251968503937,0.23981713698951546
2024-08-29T18:57:57.188119,interface,0.3779527559055118,0.2677165354330709,0.2755905511811024,0.6377952755905512,0.6166334712624105,0.07006251201628466,0.984251968503937,0.23981713698951546
2024-08-29T18:57:57.200672,interface,0.3779527559055118,0.28346456692913385,0.2755905511811024,0.6377952755905512,0.6166334712624105,0.07006251201628466,0.984251968503937,0.23981713698951546
2024-08-29T18:57:57.206916,interface,0.3779527559055118,0.30708661417322836,0.2755905511811024,0.6377952755905512,0.6166334712624105,0.07006251201628466,0.984251968503937,0.23981713698951546
2024-08-29T18:57:57.213521,interface,0.3779527559055118,0.3228346456692913,0.2755905511811024,0.6377952755905512,0.6166334712624105,0.07006251201628466,0.984251968503937,0.23981713698951546
2024-08-29T18:57:57.220165,interface,0.3779527559055118,0.33858267716535434,0.2755905511811024,0.6377952755905512,0.6166334712624105,0.07006251201628466,0.984251968503937,0.23981713698951546
2024-08-29T18:57:57.232546,interface,0.3779527559055118,0.3543307086614173,0.2755905511811024,0.6377952755905512,0.6166334712624105,0.07006251201628466,0.984251968503937,0.23981713698951546
2024-08-29T18:57:57.238764,interface,0.3779527559055118,0.3700787401574803,0.2755905511811024,0.6377952755905512,0.6166334712624105,0.07006251201628466,0.984251968503937,0.23981713698951546
2024-08-29T18:57:57.245368,interface,0.3779527559055118,0.3937007874015748,0.2755905511811024,0.6377952755905512,0.6166334712624105,0.07006251201628466,0.984251968503937,0.23981713698951546
2024-08-29T18:57:57.257334,interface,0.3779527559055118,0.4094488188976378,0.2755905511811024,0.6377952755905512,0.6166334712624105,0.07006251201628466,0.984251968503937,0.23981713698951546
2024-08-29T18:57:57.259961,interface,0.3779527559055118,0.4251968503937008,0.2755905511811024,0.6377952755905512,0.6166334712624105,0.07006251201628466,0.984251968503937,0.23981713698951546
2024-08-29T18:57:57.270107,interface,0.3779527559055118,0.44881889763779526,0.2755905511811024,0.6377952755905512,0.6166334712624105,0.07006251201628466,0.984251968503937,0.23981713698951546
2024-08-29T18:57:57.276506,interface,0.3779527559055118,0.4645669291338583,0.2755905511811024,0.6377952755905512,0.6166334712624105,0.07006251201628466,0.984251968503937,0.23981713698951546
2024-08-29T18:57:57.288874,interface,0.3779527559055118,0.4881889763779528,0.2755905511811024,0.6377952755905512,0.6166334712624105,0.07006251201628466,0.984251968503937,0.23981713698951546
2024-08-29T18:57:57.291684,interface,0.3779527559055118,0.5039370078740157,0.2755905511811024,0.6377952755905512,0.6166334712624105,0.07006251201628466,0.984251968503937,0.23981713698951546
2024-08-29T18:57:57.301707,interface,0.3779527559055118,0.5275590551181102,0.2755905511811024,0.6377952755905512,0.6166334712624105,0.07006251201628466,0.984251968503937,0.23981713698951546
2024-08-29T18:57:57.313702,interface,0.3779527559055118,0.5511811023622047,0.2755905511811024,0.6377952755905512,0.6166334712624105,0.07006251201628466,0.984251968503937,0.23981713698951546
2024-08-29T18:57:57.315990,interface,0.3779527559055118,0.5748031496062992,0.2755905511811024,0.6377952755905512,0.6166334712624105,0.07006251201628466,0.984251968503937,0.23981713698951546
2024-08-29T18:57:57.326578,interface,0.3779527559055118,0.5905511811023622,0.2755905511811024,0.6377952755905512,0.6166334712624105,0.07006251201628466,0.984251968503937,0.23981713698951546
2024-08-29T18:57:57.333167,interface,0.3779527559055118,0.6141732283464567,0.2755905511811024,0.6377952755905512,0.6166334712624105,0.07006251201628466,0.984251968503937,0.23981713698951546
2024-08-29T18:57:57.344707,interface,0.3779527559055118,0.6299212598425197,0.2755905511811024,0.6377952755905512,0.6166334712624105,0.07006251201628466,0.984251968503937,0.23981713698951546
2024-08-29T18:57:57.351421,interface,0.3779527559055118,0.6456692913385826,0.2755905511811024,0.6377952755905512,0.6166334712624105,0.07006251201628466,0.984251968503937,0.23981713698951546
2024-08-29T18:57:57.357730,interface,0.3779527559055118,0.6614173228346457,0.2755905511811024,0.6377952755905512,0.6166334712624105,0.07006251201628466,0.984251968503937,0.23981713698951546
2024-08-29T18:57:57.364210,interface,0.3779527559055118,0.6771653543307087,0.2755905511811024,0.6377952755905512,0.6166334712624105,0.07006251201628466,0.984251968503937,0.23981713698951546
2024-08-29T18:57:57.376547,interface,0.3779527559055118,0.6850393700787402,0.2755905511811024,0.6377952755905512,0.6166334712624105,0.07006251201628466,0.984251968503937,0.23981713698951546
2024-08-29T18:57:57.382763,interface,0.3779527559055118,0.7007874015748031,0.2755905511811024,0.6377952755905512,0.6166334712624105,0.07006251201628466,0.984251968503937,0.23981713698951546
2024-08-29T18:57:57.389297,interface,0.3779527559055118,0.7244094488188977,0.2755905511811024,0.6377952755905512,0.6166334712624105,0.07006251201628466,0.984251968503937,0.23981713698951546
2024-08-29T18:57:57.400884,interface,0.3779527559055118,0.7401574803149606,0.2755905511811024,0.6377952755905512,0.6166334712624105,0.07006251201628466,0.984251968503937,0.23981713698951546
2024-08-29T18:57:57.407162,interface,0.3779527559055118,0.7559055118110236,0.2755905511811024,0.6377952755905512,0.6166334712624105,0.07006251201628466,0.984251968503937,0.23981713698951546
2024-08-29T18:57:57.413386,interface,0.3779527559055118,0.7716535433070866,0.2755905511811024,0.6377952755905512,0.6166334712624105,0.07006251201628466,0.984251968503937,0.23981713698951546
2024-08-29T18:57:57.420324,interface,0.3779527559055118,0.7874015748031497,0.2755905511811024,0.6377952755905512,0.6166334712624105,0.07006251201628466,0.984251968503937,0.23981713698951546
2024-08-29T18:57:57.432491,interface,0.3779527559055118,0.8031496062992126,0.2755905511811024,0.6377952755905512,0.6166334712624105,0.07006251201628466,0.984251968503937,0.23981713698951546
2024-08-29T18:57:57.438762,interface,0.3779527559055118,0.8110236220472441,0.2755905511811024,0.6377952755905512,0.6166334712624105,0.07006251201628466,0.984251968503937,0.23981713698951546
2024-08-29T18:57:57.445361,interface,0.3779527559055118,0.8267716535433071,0.2755905511811024,0.6377952755905512,0.6166334712624105,0.07006251201628466,0.984251968503937,0.23981713698951546
2024-08-29T18:57:58.856910,interface,0.3779527559055118,0.8267716535433071,0.3858267716535433,0.6377952755905512,0.6166334712624105,0.07006251201628466,0.984251968503937,0.23981713698951546
2024-08-29T18:57:58.870183,interface,0.3779527559055118,0.8267716535433071,0.3779527559055118,0.6377952755905512,0.6166334712624105,0.07006251201628466,0.984251968503937,0.23981713698951546
2024-08-29T18:57:58.926258,interface,0.3779527559055118,0.8267716535433071,0.3858267716535433,0.6377952755905512,0.6166334712624105,0.07006251201628466,0.984251968503937,0.23981713698951546
2024-08-29T18:57:58.946823,interface,0.3779527559055118,0.8267716535433071,0.3937007874015748,0.6377952755905512,0.6166334712624105,0.07006251201628466,0.984251968503937,0.23981713698951546
2024-08-29T18:57:58.958528,interface,0.3779527559055118,0.8267716535433071,0.4015748031496063,0.6377952755905512,0.6166334712624105,0.07006251201628466,0.984251968503937,0.23981713698951546
2024-08-29T18:57:58.964644,interface,0.3779527559055118,0.8267716535433071,0.4094488188976378,0.6377952755905512,0.6166334712624105,0.07006251201628466,0.984251968503937,0.23981713698951546
2024-08-29T18:57:58.978849,interface,0.3779527559055118,0.8267716535433071,0.41732283464566927,0.6377952755905512,0.6166334712624105,0.07006251201628466,0.984251968503937,0.23981713698951546
2024-08-29T18:57:58.981642,interface,0.3779527559055118,0.8267716535433071,0.4251968503937008,0.6377952755905512,0.6166334712624105,0.07006251201628466,0.984251968503937,0.23981713698951546
2024-08-29T18:57:58.991599,interface,0.3779527559055118,0.8267716535433071,0.4330708661417323,0.6377952755905512,0.6166334712624105,0.07006251201628466,0.984251968503937,0.23981713698951546
2024-08-29T18:57:59.003538,interface,0.3779527559055118,0.8267716535433071,0.4409448818897638,0.6377952755905512,0.6166334712624105,0.07006251201628466,0.984251968503937,0.23981713698951546
2024-08-29T18:57:59.005968,interface,0.3779527559055118,0.8267716535433071,0.44881889763779526,0.6377952755905512,0.6166334712624105,0.07006251201628466,0.984251968503937,0.23981713698951546
2024-08-29T18:57:59.012829,interface,0.3779527559055118,0.8267716535433071,0.4566929133858268,0.6377952755905512,0.6166334712624105,0.07006251201628466,0.984251968503937,0.23981713698951546
2024-08-29T18:57:59.015184,interface,0.3779527559055118,0.8267716535433071,0.4645669291338583,0.6377952755905512,0.6166334712624105,0.07006251201628466,0.984251968503937,0.23981713698951546
2024-08-29T18:57:59.025780,interface,0.3779527559055118,0.8267716535433071,0.47244094488188976,0.6377952755905512,0.6166334712624105,0.07006251201628466,0.984251968503937,0.23981713698951546
2024-08-29T18:57:59.028075,interface,0.3779527559055118,0.8267716535433071,0.48031496062992124,0.6377952755905512,0.6166334712624105,0.07006251201628466,0.984251968503937,0.23981713698951546
2024-08-29T18:57:59.034583,interface,0.3779527559055118,0.8267716535433071,0.4881889763779528,0.6377952755905512,0.6166334712624105,0.07006251201628466,0.984251968503937,0.23981713698951546
2024-08-29T18:57:59.041293,interface,0.3779527559055118,0.8267716535433071,0.49606299212598426,0.6377952755905512,0.6166334712624105,0.07006251201628466,0.984251968503937,0.23981713698951546
2024-08-29T18:57:59.043900,interface,0.3779527559055118,0.8267716535433071,0.5039370078740157,0.6377952755905512,0.6166334712624105,0.07006251201628466,0.984251968503937,0.23981713698951546
2024-08-29T18:57:59.050443,interface,0.3779527559055118,0.8267716535433071,0.5118110236220472,0.6377952755905512,0.6166334712624105,0.07006251201628466,0.984251968503937,0.23981713698951546
2024-08-29T18:57:59.057110,interface,0.3779527559055118,0.8267716535433071,0.5196850393700787,0.6377952755905512,0.6166334712624105,0.07006251201628466,0.984251968503937,0.23981713698951546
2024-08-29T18:57:59.059417,interface,0.3779527559055118,0.8267716535433071,0.5275590551181102,0.6377952755905512,0.6166334712624105,0.07006251201628466,0.984251968503937,0.23981713698951546
2024-08-29T18:57:59.070213,interface,0.3779527559055118,0.8267716535433071,0.5354330708661418,0.6377952755905512,0.6166334712624105,0.07006251201628466,0.984251968503937,0.23981713698951546
2024-08-29T18:57:59.073085,interface,0.3779527559055118,0.8346456692913385,0.5354330708661418,0.6377952755905512,0.6166334712624105,0.07006251201628466,0.984251968503937,0.23981713698951546
2024-08-29T18:57:59.075900,interface,0.3779527559055118,0.8346456692913385,0.5433070866141733,0.6377952755905512,0.6166334712624105,0.07006251201628466,0.984251968503937,0.23981713698951546
2024-08-29T18:57:59.078273,interface,0.3779527559055118,0.8346456692913385,0.5511811023622047,0.6377952755905512,0.6166334712624105,0.07006251201628466,0.984251968503937,0.23981713698951546
2024-08-29T18:57:59.080597,interface,0.3779527559055118,0.8346456692913385,0.5590551181102362,0.6377952755905512,0.6166334712624105,0.07006251201628466,0.984251968503937,0.23981713698951546
2024-08-29T18:57:59.087165,interface,0.3779527559055118,0.8346456692913385,0.5669291338582677,0.6377952755905512,0.6166334712624105,0.07006251201628466,0.984251968503937,0.23981713698951546
2024-08-29T18:57:59.094042,interface,0.3779527559055118,0.8346456692913385,0.5748031496062992,0.6377952755905512,0.6166334712624105,0.07006251201628466,0.984251968503937,0.23981713698951546
2024-08-29T18:57:59.096331,interface,0.3779527559055118,0.8346456692913385,0.5826771653543307,0.6377952755905512,0.6166334712624105,0.07006251201628466,0.984251968503937,0.23981713698951546
2024-08-29T18:57:59.102832,interface,0.3779527559055118,0.8346456692913385,0.5905511811023622,0.6377952755905512,0.6166334712624105,0.07006251201628466,0.984251968503937,0.23981713698951546
2024-08-29T18:57:59.109730,interface,0.3779527559055118,0.8346456692913385,0.5984251968503937,0.6377952755905512,0.6166334712624105,0.07006251201628466,0.984251968503937,0.23981713698951546
2024-08-29T18:57:59.112454,interface,0.3779527559055118,0.8346456692913385,0.6062992125984252,0.6377952755905512,0.6166334712624105,0.07006251201628466,0.984251968503937,0.23981713698951546
2024-08-29T18:57:59.114829,interface,0.3779527559055118,0.8346456692913385,0.6141732283464567,0.6377952755905512,0.6166334712624105,0.07006251201628466,0.984251968503937,0.23981713698951546
2024-08-29T18:57:59.125187,interface,0.3779527559055118,0.8346456692913385,0.6220472440944882,0.6377952755905512,0.6166334712624105,0.07006251201628466,0.984251968503937,0.23981713698951546
2024-08-29T18:57:59.127682,interface,0.3779527559055118,0.8346456692913385,0.6299212598425197,0.6377952755905512,0.6166334712624105,0.07006251201628466,0.984251968503937,0.23981713698951546
2024-08-29T18:57:59.130374,interface,0.3779527559055118,0.8346456692913385,0.6377952755905512,0.6377952755905512,0.6166334712624105,0.07006251201628466,0.984251968503937,0.23981713698951546
2024-08-29T18:57:59.137058,interface,0.3779527559055118,0.8346456692913385,0.6456692913385826,0.6377952755905512,0.6166334712624105,0.07006251201628466,0.984251968503937,0.23981713698951546
2024-08-29T18:57:59.139584,interface,0.3779527559055118,0.8346456692913385,0.6535433070866141,0.6377952755905512,0.6166334712624105,0.07006251201628466,0.984251968503937,0.23981713698951546
2024-08-29T18:57:59.150346,interface,0.3779527559055118,0.8346456692913385,0.6614173228346457,0.6377952755905512,0.6166334712624105,0.07006251201628466,0.984251968503937,0.23981713698951546
2024-08-29T18:57:59.152640,interface,0.3779527559055118,0.8346456692913385,0.6692913385826772,0.6377952755905512,0.6166334712624105,0.07006251201628466,0.984251968503937,0.23981713698951546
2024-08-29T18:57:59.159199,interface,0.3779527559055118,0.8346456692913385,0.6771653543307087,0.6377952755905512,0.6166334712624105,0.07006251201628466,0.984251968503937,0.23981713698951546
2024-08-29T18:57:59.165432,interface,0.3779527559055118,0.8346456692913385,0.6850393700787402,0.6377952755905512,0.6166334712624105,0.07006251201628466,0.984251968503937,0.23981713698951546
2024-08-29T18:57:59.172224,interface,0.3779527559055118,0.8346456692913385,0.6929133858267716,0.6377952755905512,0.6166334712624105,0.07006251201628466,0.984251968503937,0.23981713698951546
2024-08-29T18:57:59.182352,interface,0.3779527559055118,0.8346456692913385,0.7007874015748031,0.6377952755905512,0.6166334712624105,0.07006251201628466,0.984251968503937,0.23981713698951546
2024-08-29T18:57:59.189596,interface,0.3779527559055118,0.8346456692913385,0.7086614173228346,0.6377952755905512,0.6166334712624105,0.07006251201628466,0.984251968503937,0.23981713698951546
2024-08-29T18:57:59.196588,interface,0.3779527559055118,0.8346456692913385,0.7165354330708661,0.6377952755905512,0.6166334712624105,0.07006251201628466,0.984251968503937,0.23981713698951546
2024-08-29T18:57:59.203791,interface,0.3779527559055118,0.8346456692913385,0.7244094488188977,0.6377952755905512,0.6166334712624105,0.07006251201628466,0.984251968503937,0.23981713698951546
2024-08-29T18:57:59.218289,interface,0.3779527559055118,0.8346456692913385,0.7322834645669292,0.6377952755905512,0.6166334712624105,0.07006251201628466,0.984251968503937,0.23981713698951546
2024-08-29T18:57:59.232549,interface,0.3779527559055118,0.8346456692913385,0.7401574803149606,0.6377952755905512,0.6166334712624105,0.07006251201628466,0.984251968503937,0.23981713698951546
2024-08-29T18:57:59.283267,interface,0.3779527559055118,0.8346456692913385,0.7480314960629921,0.6377952755905512,0.6166334712624105,0.07006251201628466,0.984251968503937,0.23981713698951546
2024-08-29T18:57:59.331499,interface,0.3779527559055118,0.8346456692913385,0.7401574803149606,0.6377952755905512,0.6166334712624105,0.07006251201628466,0.984251968503937,0.23981713698951546
2024-08-29T18:57:59.347458,interface,0.3779527559055118,0.8346456692913385,0.7322834645669292,0.6377952755905512,0.6166334712624105,0.07006251201628466,0.984251968503937,0.23981713698951546
2024-08-29T18:57:59.353731,interface,0.3779527559055118,0.8346456692913385,0.7244094488188977,0.6377952755905512,0.6166334712624105,0.07006251201628466,0.984251968503937,0.23981713698951546
2024-08-29T18:57:59.360838,interface,0.3779527559055118,0.8346456692913385,0.7165354330708661,0.6377952755905512,0.6166334712624105,0.07006251201628466,0.984251968503937,0.23981713698951546
2024-08-29T18:57:59.363215,interface,0.3779527559055118,0.8346456692913385,0.7086614173228346,0.6377952755905512,0.6166334712624105,0.07006251201628466,0.984251968503937,0.23981713698951546
2024-08-29T18:57:59.369961,interface,0.3779527559055118,0.8346456692913385,0.7007874015748031,0.6377952755905512,0.6166334712624105,0.07006251201628466,0.984251968503937,0.23981713698951546
2024-08-29T18:57:59.372425,interface,0.3779527559055118,0.8346456692913385,0.6929133858267716,0.6377952755905512,0.6166334712624105,0.07006251201628466,0.984251968503937,0.23981713698951546
2024-08-29T18:57:59.375119,interface,0.3779527559055118,0.8346456692913385,0.6850393700787402,0.6377952755905512,0.6166334712624105,0.07006251201628466,0.984251968503937,0.23981713698951546
2024-08-29T18:57:59.381822,interface,0.3779527559055118,0.8346456692913385,0.6771653543307087,0.6377952755905512,0.6166334712624105,0.07006251201628466,0.984251968503937,0.23981713698951546
2024-08-29T18:57:59.384111,interface,0.3779527559055118,0.8346456692913385,0.6692913385826772,0.6377952755905512,0.6166334712624105,0.07006251201628466,0.984251968503937,0.23981713698951546
2024-08-29T18:57:59.386771,interface,0.3779527559055118,0.8346456692913385,0.6614173228346457,0.6377952755905512,0.6166334712624105,0.07006251201628466,0.984251968503937,0.23981713698951546
2024-08-29T18:57:59.393606,interface,0.3779527559055118,0.8346456692913385,0.6535433070866141,0.6377952755905512,0.6166334712624105,0.07006251201628466,0.984251968503937,0.23981713698951546
2024-08-29T18:57:59.395904,interface,0.3779527559055118,0.8346456692913385,0.6377952755905512,0.6377952755905512,0.6166334712624105,0.07006251201628466,0.984251968503937,0.23981713698951546
2024-08-29T18:57:59.402831,interface,0.3779527559055118,0.8346456692913385,0.6299212598425197,0.6377952755905512,0.6166334712624105,0.07006251201628466,0.984251968503937,0.23981713698951546
2024-08-29T18:57:59.405582,interface,0.3779527559055118,0.8346456692913385,0.6220472440944882,0.6377952755905512,0.6166334712624105,0.07006251201628466,0.984251968503937,0.23981713698951546
2024-08-29T18:57:59.407874,interface,0.3779527559055118,0.8346456692913385,0.6062992125984252,0.6377952755905512,0.6166334712624105,0.07006251201628466,0.984251968503937,0.23981713698951546
2024-08-29T18:57:59.414506,interface,0.3779527559055118,0.8346456692913385,0.5984251968503937,0.6377952755905512,0.6166334712624105,0.07006251201628466,0.984251968503937,0.23981713698951546
2024-08-29T18:57:59.417375,interface,0.3779527559055118,0.8346456692913385,0.5826771653543307,0.6377952755905512,0.6166334712624105,0.07006251201628466,0.984251968503937,0.23981713698951546
2024-08-29T18:57:59.419661,interface,0.3779527559055118,0.8346456692913385,0.5748031496062992,0.6377952755905512,0.6166334712624105,0.07006251201628466,0.984251968503937,0.23981713698951546
2024-08-29T18:57:59.426271,interface,0.3779527559055118,0.8346456692913385,0.5590551181102362,0.6377952755905512,0.6166334712624105,0.07006251201628466,0.984251968503937,0.23981713698951546
2024-08-29T18:57:59.429056,interface,0.3779527559055118,0.8346456692913385,0.5511811023622047,0.6377952755905512,0.6166334712624105,0.07006251201628466,0.984251968503937,0.23981713698951546
2024-08-29T18:57:59.431595,interface,0.3779527559055118,0.8346456692913385,0.5354330708661418,0.6377952755905512,0.6166334712624105,0.07006251201628466,0.984251968503937,0.23981713698951546
2024-08-29T18:57:59.438242,interface,0.3779527559055118,0.8346456692913385,0.5275590551181102,0.6377952755905512,0.6166334712624105,0.07006251201628466,0.984251968503937,0.23981713698951546
2024-08-29T18:57:59.440907,interface,0.3779527559055118,0.8346456692913385,0.5118110236220472,0.6377952755905512,0.6166334712624105,0.07006251201628466,0.984251968503937,0.23981713698951546
2024-08-29T18:57:59.443264,interface,0.3779527559055118,0.8346456692913385,0.49606299212598426,0.6377952755905512,0.6166334712624105,0.07006251201628466,0.984251968503937,0.23981713698951546
2024-08-29T18:57:59.450078,interface,0.3779527559055118,0.8346456692913385,0.4881889763779528,0.6377952755905512,0.6166334712624105,0.07006251201628466,0.984251968503937,0.23981713698951546
2024-08-29T18:57:59.452377,interface,0.3779527559055118,0.8346456692913385,0.47244094488188976,0.6377952755905512,0.6166334712624105,0.07006251201628466,0.984251968503937,0.23981713698951546
2024-08-29T18:57:59.455065,interface,0.3779527559055118,0.8346456692913385,0.4566929133858268,0.6377952755905512,0.6166334712624105,0.07006251201628466,0.984251968503937,0.23981713698951546
2024-08-29T18:57:59.461884,interface,0.3779527559055118,0.8346456692913385,0.4409448818897638,0.6377952755905512,0.6166334712624105,0.07006251201628466,0.984251968503937,0.23981713698951546
2024-08-29T18:57:59.464365,interface,0.3779527559055118,0.8346456692913385,0.4251968503937008,0.6377952755905512,0.6166334712624105,0.07006251201628466,0.984251968503937,0.23981713698951546
2024-08-29T18:57:59.467089,interface,0.3779527559055118,0.8346456692913385,0.41732283464566927,0.6377952755905512,0.6166334712624105,0.07006251201628466,0.984251968503937,0.23981713698951546
2024-08-29T18:57:59.473914,interface,0.3779527559055118,0.8346456692913385,0.4015748031496063,0.6377952755905512,0.6166334712624105,0.07006251201628466,0.984251968503937,0.23981713698951546
2024-08-29T18:57:59.476201,interface,0.3779527559055118,0.8346456692913385,0.3858267716535433,0.6377952755905512,0.6166334712624105,0.07006251201628466,0.984251968503937,0.23981713698951546
2024-08-29T18:57:59.482780,interface,0.3779527559055118,0.8346456692913385,0.3700787401574803,0.6377952755905512,0.6166334712624105,0.07006251201628466,0.984251968503937,0.23981713698951546
2024-08-29T18:57:59.485134,interface,0.3779527559055118,0.8346456692913385,0.3543307086614173,0.6377952755905512,0.6166334712624105,0.07006251201628466,0.984251968503937,0.23981713698951546
2024-08-29T18:57:59.487775,interface,0.3779527559055118,0.8346456692913385,0.33858267716535434,0.6377952755905512,0.6166334712624105,0.07006251201628466,0.984251968503937,0.23981713698951546
2024-08-29T18:57:59.494621,interface,0.3779527559055118,0.8346456692913385,0.3228346456692913,0.6377952755905512,0.6166334712624105,0.07006251201628466,0.984251968503937,0.23981713698951546
2024-08-29T18:57:59.497533,interface,0.3779527559055118,0.8346456692913385,0.31496062992125984,0.6377952755905512,0.6166334712624105,0.07006251201628466,0.984251968503937,0.23981713698951546
2024-08-29T18:57:59.499861,interface,0.3779527559055118,0.8346456692913385,0.2992125984251969,0.6377952755905512,0.6166334712624105,0.07006251201628466,0.984251968503937,0.23981713698951546
2024-08-29T18:57:59.506582,interface,0.3779527559055118,0.8346456692913385,0.28346456692913385,0.6377952755905512,0.6166334712624105,0.07006251201628466,0.984251968503937,0.23981713698951546
2024-08-29T18:57:59.509299,interface,0.3779527559055118,0.8346456692913385,0.2677165354330709,0.6377952755905512,0.6166334712624105,0.07006251201628466,0.984251968503937,0.23981713698951546
2024-08-29T18:57:59.511600,interface,0.3779527559055118,0.8346456692913385,0.25196850393700787,0.6377952755905512,0.6166334712624105,0.07006251201628466,0.984251968503937,0.23981713698951546
2024-08-29T18:57:59.518433,interface,0.3779527559055118,0.8346456692913385,0.23622047244094488,0.6377952755905512,0.6166334712624105,0.07006251201628466,0.984251968503937,0.23981713698951546
2024-08-29T18:57:59.520734,interface,0.3779527559055118,0.8346456692913385,0.2283464566929134,0.6377952755905512,0.6166334712624105,0.07006251201628466,0.984251968503937,0.23981713698951546
2024-08-29T18:57:59.523434,interface,0.3779527559055118,0.8346456692913385,0.2125984251968504,0.6377952755905512,0.6166334712624105,0.07006251201628466,0.984251968503937,0.23981713698951546
2024-08-29T18:57:59.530659,interface,0.3779527559055118,0.8346456692913385,0.1968503937007874,0.6377952755905512,0.6166334712624105,0.07006251201628466,0.984251968503937,0.23981713698951546
2024-08-29T18:57:59.533461,interface,0.3779527559055118,0.8346456692913385,0.18110236220472442,0.6377952755905512,0.6166334712624105,0.07006251201628466,0.984251968503937,0.23981713698951546
2024-08-29T18:57:59.535749,interface,0.3779527559055118,0.8346456692913385,0.16535433070866143,0.6377952755905512,0.6166334712624105,0.07006251201628466,0.984251968503937,0.23981713698951546
2024-08-29T18:57:59.542373,interface,0.3779527559055118,0.8346456692913385,0.14960629921259844,0.6377952755905512,0.6166334712624105,0.07006251201628466,0.984251968503937,0.23981713698951546
2024-08-29T18:57:59.544837,interface,0.3779527559055118,0.8346456692913385,0.13385826771653545,0.6377952755905512,0.6166334712624105,0.07006251201628466,0.984251968503937,0.23981713698951546
2024-08-29T18:57:59.547515,interface,0.3779527559055118,0.8346456692913385,0.11811023622047244,0.6377952755905512,0.6166334712624105,0.07006251201628466,0.984251968503937,0.23981713698951546
2024-08-29T18:57:59.554167,interface,0.3779527559055118,0.8346456692913385,0.10236220472440945,0.6377952755905512,0.6166334712624105,0.07006251201628466,0.984251968503937,0.23981713698951546
2024-08-29T18:57:59.556457,interface,0.3779527559055118,0.8346456692913385,0.08661417322834646,0.6377952755905512,0.6166334712624105,0.07006251201628466,0.984251968503937,0.23981713698951546
2024-08-29T18:57:59.563396,interface,0.3779527559055118,0.8346456692913385,0.07086614173228346,0.6377952755905512,0.6166334712624105,0.07006251201628466,0.984251968503937,0.23981713698951546
2024-08-29T18:57:59.566209,interface,0.3779527559055118,0.8346456692913385,0.05511811023622047,0.6377952755905512,0.6166334712624105,0.07006251201628466,0.984251968503937,0.23981713698951546
2024-08-29T18:57:59.568500,interface,0.3779527559055118,0.8346456692913385,0.047244094488188976,0.6377952755905512,0.6166334712624105,0.07006251201628466,0.984251968503937,0.23981713698951546
2024-08-29T18:57:59.575292,interface,0.3779527559055118,0.8346456692913385,0.03937007874015748,0.6377952755905512,0.6166334712624105,0.07006251201628466,0.984251968503937,0.23981713698951546
2024-08-29T18:57:59.578068,interface,0.3779527559055118,0.8346456692913385,0.031496062992125984,0.6377952755905512,0.6166334712624105,0.07006251201628466,0.984251968503937,0.23981713698951546
2024-08-29T18:57:59.580349,interface,0.3779527559055118,0.8346456692913385,0.023622047244094488,0.6377952755905512,0.6166334712624105,0.07006251201628466,0.984251968503937,0.23981713698951546
2024-08-29T18:57:59.586916,interface,0.3779527559055118,0.8346456692913385,0.015748031496062992,0.6377952755905512,0.6166334712624105,0.07006251201628466,0.984251968503937,0.23981713698951546
2024-08-29T18:57:59.589265,interface,0.3779527559055118,0.8346456692913385,0.007874015748031496,0.6377952755905512,0.6166334712624105,0.07006251201628466,0.984251968503937,0.23981713698951546
2024-08-29T18:57:59.596060,interface,0.3779527559055118,0.8346456692913385,0.0,0.6377952755905512,0.6166334712624105,0.07006251201628466,0.984251968503937,0.23981713698951546
2024-08-29T18:57:59.968496,interface,0.3779527559055118,0.905511811023622,0.0,0.6377952755905512,0.6166334712624105,0.07006251201628466,0.984251968503937,0.23981713698951546
2024-08-29T18:57:59.990213,interface,0.3779527559055118,0.889763779527559,0.0,0.6377952755905512,0.6166334712624105,0.07006251201628466,0.984251968503937,0.23981713698951546
2024-08-29T18:57:59.996825,interface,0.3779527559055118,0.8818897637795275,0.0,0.6377952755905512,0.6166334712624105,0.07006251201628466,0.984251968503937,0.23981713698951546
2024-08-29T18:58:00.006820,interface,0.3779527559055118,0.8740157480314961,0.0,0.6377952755905512,0.6166334712624105,0.07006251201628466,0.984251968503937,0.23981713698951546
2024-08-29T18:58:00.013718,interface,0.3779527559055118,0.8582677165354331,0.0,0.6377952755905512,0.6166334712624105,0.07006251201628466,0.984251968503937,0.23981713698951546
2024-08-29T18:58:00.020331,interface,0.3779527559055118,0.84251968503937,0.0,0.6377952755905512,0.6166334712624105,0.07006251201628466,0.984251968503937,0.23981713698951546
2024-08-29T18:58:48.089232,interface,0.3779527559055118,0.84251968503937,1.0,0.6377952755905512,0.6166334712624105,0.07006251201628466,0.984251968503937,0.23981713698951546
2024-08-29T18:58:54.787653,interface,0.3779527559055118,0.84251968503937,1.0,0.6377952755905512,0.6166334712624105,0.07006251201628466,0.984251968503937,0.007874015748031496
2024-08-29T18:58:54.799769,interface,0.3779527559055118,0.84251968503937,1.0,0.6377952755905512,0.6166334712624105,0.07006251201628466,0.984251968503937,0.015748031496062992
2024-08-29T18:58:54.806171,interface,0.3779527559055118,0.84251968503937,1.0,0.6377952755905512,0.6166334712624105,0.07006251201628466,0.984251968503937,0.023622047244094488
2024-08-29T18:58:54.812820,interface,0.3779527559055118,0.84251968503937,1.0,0.6377952755905512,0.6166334712624105,0.07006251201628466,0.984251968503937,0.031496062992125984
2024-08-29T18:58:54.824804,interface,0.3779527559055118,0.84251968503937,1.0,0.6377952755905512,0.6166334712624105,0.07006251201628466,0.984251968503937,0.03937007874015748
2024-08-29T18:58:54.827169,interface,0.3779527559055118,0.84251968503937,1.0,0.6377952755905512,0.6166334712624105,0.07006251201628466,0.984251968503937,0.047244094488188976
2024-08-29T18:58:54.833731,interface,0.3779527559055118,0.84251968503937,1.0,0.6377952755905512,0.6166334712624105,0.07006251201628466,0.984251968503937,0.05511811023622047
2024-08-29T18:58:54.836033,interface,0.3779527559055118,0.84251968503937,1.0,0.6377952755905512,0.6166334712624105,0.07006251201628466,0.984251968503937,0.06299212598425197
2024-08-29T18:58:54.842845,interface,0.3779527559055118,0.84251968503937,1.0,0.6377952755905512,0.6166334712624105,0.07006251201628466,0.984251968503937,0.07086614173228346
2024-08-29T18:58:54.845569,interface,0.3779527559055118,0.84251968503937,1.0,0.6377952755905512,0.6166334712624105,0.07006251201628466,0.984251968503937,0.07874015748031496
2024-08-29T18:58:54.847861,interface,0.3779527559055118,0.84251968503937,1.0,0.6377952755905512,0.6166334712624105,0.07006251201628466,0.984251968503937,0.08661417322834646
2024-08-29T18:58:54.854528,interface,0.3779527559055118,0.84251968503937,1.0,0.6377952755905512,0.6166334712624105,0.07006251201628466,0.984251968503937,0.09448818897637795
2024-08-29T18:58:54.857432,interface,0.3779527559055118,0.84251968503937,1.0,0.6377952755905512,0.6166334712624105,0.07006251201628466,0.984251968503937,0.10236220472440945
2024-08-29T18:58:54.859725,interface,0.3779527559055118,0.84251968503937,1.0,0.6377952755905512,0.6166334712624105,0.07006251201628466,0.984251968503937,0.11023622047244094
2024-08-29T18:58:54.866393,interface,0.3779527559055118,0.84251968503937,1.0,0.6377952755905512,0.6166334712624105,0.07006251201628466,0.984251968503937,0.11811023622047244
2024-08-29T18:58:54.868711,interface,0.3779527559055118,0.84251968503937,1.0,0.6377952755905512,0.6166334712624105,0.07006251201628466,0.984251968503937,0.12598425196850394
2024-08-29T18:58:54.871407,interface,0.3779527559055118,0.84251968503937,1.0,0.6377952755905512,0.6166334712624105,0.07006251201628466,0.984251968503937,0.13385826771653545
2024-08-29T18:58:54.878268,interface,0.3779527559055118,0.84251968503937,1.0,0.6377952755905512,0.6166334712624105,0.07006251201628466,0.984251968503937,0.14173228346456693
2024-08-29T18:58:54.880566,interface,0.3779527559055118,0.84251968503937,1.0,0.6377952755905512,0.6166334712624105,0.07006251201628466,0.984251968503937,0.14960629921259844
2024-08-29T18:58:54.887266,interface,0.3779527559055118,0.84251968503937,1.0,0.6377952755905512,0.6166334712624105,0.07006251201628466,0.984251968503937,0.15748031496062992
2024-08-29T18:58:54.890234,interface,0.3779527559055118,0.84251968503937,1.0,0.6377952755905512,0.6166334712624105,0.07006251201628466,0.984251968503937,0.16535433070866143
2024-08-29T18:58:54.892907,interface,0.3779527559055118,0.84251968503937,1.0,0.6377952755905512,0.6166334712624105,0.07006251201628466,0.984251968503937,0.18110236220472442
2024-08-29T18:58:54.895593,interface,0.3779527559055118,0.84251968503937,1.0,0.6377952755905512,0.6166334712624105,0.07006251201628466,0.984251968503937,0.1889763779527559
2024-08-29T18:58:54.902456,interface,0.3779527559055118,0.84251968503937,1.0,0.6377952755905512,0.6166334712624105,0.07006251201628466,0.984251968503937,0.1968503937007874
2024-08-29T18:58:54.904754,interface,0.3779527559055118,0.84251968503937,1.0,0.6377952755905512,0.6166334712624105,0.07006251201628466,0.984251968503937,0.2047244094488189
2024-08-29T18:58:54.911411,interface,0.3779527559055118,0.84251968503937,1.0,0.6377952755905512,0.6166334712624105,0.07006251201628466,0.984251968503937,0.2125984251968504
2024-08-29T18:58:54.914207,interface,0.3779527559055118,0.84251968503937,1.0,0.6377952755905512,0.6166334712624105,0.07006251201628466,0.984251968503937,0.2283464566929134
2024-08-29T18:58:54.916500,interface,0.3779527559055118,0.84251968503937,1.0,0.6377952755905512,0.6166334712624105,0.07006251201628466,0.984251968503937,0.23622047244094488
2024-08-29T18:58:54.923351,interface,0.3779527559055118,0.84251968503937,1.0,0.6377952755905512,0.6166334712624105,0.07006251201628466,0.984251968503937,0.2440944881889764
2024-08-29T18:58:54.926125,interface,0.3779527559055118,0.84251968503937,1.0,0.6377952755905512,0.6166334712624105,0.07006251201628466,0.984251968503937,0.25984251968503935
2024-08-29T18:58:54.928415,interface,0.3779527559055118,0.84251968503937,1.0,0.6377952755905512,0.6166334712624105,0.07006251201628466,0.984251968503937,0.2677165354330709
2024-08-29T18:58:54.935205,interface,0.3779527559055118,0.84251968503937,1.0,0.6377952755905512,0.6166334712624105,0.07006251201628466,0.984251968503937,0.2755905511811024
2024-08-29T18:58:54.937950,interface,0.3779527559055118,0.84251968503937,1.0,0.6377952755905512,0.6166334712624105,0.07006251201628466,0.984251968503937,0.28346456692913385
2024-08-29T18:58:54.940240,interface,0.3779527559055118,0.84251968503937,1.0,0.6377952755905512,0.6166334712624105,0.07006251201628466,0.984251968503937,0.2992125984251969
2024-08-29T18:58:54.946870,interface,0.3779527559055118,0.84251968503937,1.0,0.6377952755905512,0.6166334712624105,0.07006251201628466,0.984251968503937,0.30708661417322836
2024-08-29T18:58:54.949777,interface,0.3779527559055118,0.84251968503937,1.0,0.6377952755905512,0.6166334712624105,0.07006251201628466,0.984251968503937,0.31496062992125984
2024-08-29T18:58:54.952065,interface,0.3779527559055118,0.84251968503937,1.0,0.6377952755905512,0.6166334712624105,0.07006251201628466,0.984251968503937,0.3228346456692913
2024-08-29T18:58:54.958731,interface,0.3779527559055118,0.84251968503937,1.0,0.6377952755905512,0.6166334712624105,0.07006251201628466,0.984251968503937,0.33070866141732286
2024-08-29T18:58:54.961106,interface,0.3779527559055118,0.84251968503937,1.0,0.6377952755905512,0.6166334712624105,0.07006251201628466,0.984251968503937,0.33858267716535434
2024-08-29T18:58:54.963783,interface,0.3779527559055118,0.84251968503937,1.0,0.6377952755905512,0.6166334712624105,0.07006251201628466,0.984251968503937,0.3464566929133858
2024-08-29T18:58:54.974590,interface,0.3779527559055118,0.84251968503937,1.0,0.6377952755905512,0.6166334712624105,0.07006251201628466,0.984251968503937,0.3543307086614173
2024-08-29T18:58:54.977707,interface,0.3779527559055118,0.84251968503937,1.0,0.6377952755905512,0.6166334712624105,0.07006251201628466,0.984251968503937,0.36220472440944884
2024-08-29T18:58:54.979995,interface,0.3779527559055118,0.84251968503937,1.0,0.6377952755905512,0.6166334712624105,0.07006251201628466,0.984251968503937,0.3700787401574803
2024-08-29T18:58:54.982384,interface,0.3779527559055118,0.84251968503937,1.0,0.6377952755905512,0.6166334712624105,0.07006251201628466,0.984251968503937,0.3779527559055118
2024-08-29T18:58:54.988842,interface,0.3779527559055118,0.84251968503937,1.0,0.6377952755905512,0.6166334712624105,0.07006251201628466,0.984251968503937,0.3858267716535433
2024-08-29T18:58:54.995107,interface,0.3779527559055118,0.84251968503937,1.0,0.6377952755905512,0.6166334712624105,0.07006251201628466,0.984251968503937,0.3937007874015748
2024-08-29T18:58:55.001366,interface,0.3779527559055118,0.84251968503937,1.0,0.6377952755905512,0.6166334712624105,0.07006251201628466,0.984251968503937,0.4015748031496063
2024-08-29T18:58:55.004188,interface,0.3779527559055118,0.84251968503937,1.0,0.6377952755905512,0.6166334712624105,0.07006251201628466,0.984251968503937,0.4094488188976378
2024-08-29T18:58:55.018338,interface,0.3779527559055118,0.84251968503937,1.0,0.6377952755905512,0.6166334712624105,0.07006251201628466,0.984251968503937,0.41732283464566927
2024-08-29T18:58:55.020624,interface,0.3779527559055118,0.84251968503937,1.0,0.6377952755905512,0.6166334712624105,0.07006251201628466,0.984251968503937,0.4251968503937008
2024-08-29T18:58:55.034339,interface,0.3779527559055118,0.84251968503937,1.0,0.6377952755905512,0.6166334712624105,0.07006251201628466,0.984251968503937,0.4330708661417323
2024-08-29T18:58:55.040968,interface,0.3779527559055118,0.84251968503937,1.0,0.6377952755905512,0.6166334712624105,0.07006251201628466,0.984251968503937,0.4409448818897638
2024-08-29T18:58:55.062831,interface,0.3779527559055118,0.84251968503937,1.0,0.6377952755905512,0.6166334712624105,0.07006251201628466,0.984251968503937,0.44881889763779526
2024-08-29T18:58:55.132836,interface,0.3779527559055118,0.84251968503937,1.0,0.6377952755905512,0.6166334712624105,0.07006251201628466,0.984251968503937,0.4409448818897638
2024-08-29T18:58:55.152750,interface,0.3779527559055118,0.84251968503937,1.0,0.6377952755905512,0.6166334712624105,0.07006251201628466,0.984251968503937,0.4330708661417323
2024-08-29T18:58:55.164797,interface,0.3779527559055118,0.84251968503937,1.0,0.6377952755905512,0.6166334712624105,0.07006251201628466,0.984251968503937,0.4251968503937008
2024-08-29T18:58:55.176780,interface,0.3779527559055118,0.84251968503937,1.0,0.6377952755905512,0.6166334712624105,0.07006251201628466,0.984251968503937,0.41732283464566927
2024-08-29T18:58:55.183160,interface,0.3779527559055118,0.84251968503937,1.0,0.6377952755905512,0.6166334712624105,0.07006251201628466,0.984251968503937,0.4094488188976378
2024-08-29T18:58:55.189662,interface,0.3779527559055118,0.84251968503937,1.0,0.6377952755905512,0.6166334712624105,0.07006251201628466,0.984251968503937,0.4015748031496063
2024-08-29T18:58:55.201905,interface,0.3779527559055118,0.84251968503937,1.0,0.6377952755905512,0.6166334712624105,0.07006251201628466,0.984251968503937,0.3937007874015748
2024-08-29T18:58:55.204204,interface,0.3779527559055118,0.84251968503937,1.0,0.6377952755905512,0.6166334712624105,0.07006251201628466,0.984251968503937,0.3858267716535433
2024-08-29T18:58:55.210942,interface,0.3779527559055118,0.84251968503937,1.0,0.6377952755905512,0.6166334712624105,0.07006251201628466,0.984251968503937,0.3779527559055118
2024-08-29T18:58:55.217589,interface,0.3779527559055118,0.84251968503937,1.0,0.6377952755905512,0.6166334712624105,0.07006251201628466,0.984251968503937,0.3700787401574803
2024-08-29T18:58:55.224114,interface,0.3779527559055118,0.84251968503937,1.0,0.6377952755905512,0.6166334712624105,0.07006251201628466,0.984251968503937,0.36220472440944884
2024-08-29T18:58:55.231086,interface,0.3779527559055118,0.84251968503937,1.0,0.6377952755905512,0.6166334712624105,0.07006251201628466,0.984251968503937,0.3543307086614173
2024-08-29T18:58:55.233458,interface,0.3779527559055118,0.84251968503937,1.0,0.6377952755905512,0.6166334712624105,0.07006251201628466,0.984251968503937,0.3464566929133858
2024-08-29T18:58:55.244285,interface,0.3779527559055118,0.84251968503937,1.0,0.6377952755905512,0.6166334712624105,0.07006251201628466,0.984251968503937,0.33858267716535434
2024-08-29T18:58:55.246671,interface,0.3779527559055118,0.84251968503937,1.0,0.6377952755905512,0.6166334712624105,0.07006251201628466,0.984251968503937,0.33070866141732286
2024-08-29T18:58:55.257265,interface,0.3779527559055118,0.84251968503937,1.0,0.6377952755905512,0.6166334712624105,0.07006251201628466,0.984251968503937,0.3228346456692913
2024-08-29T18:58:55.259564,interface,0.3779527559055118,0.84251968503937,1.0,0.6377952755905512,0.6166334712624105,0.07006251201628466,0.984251968503937,0.31496062992125984
2024-08-29T18:58:55.270060,interface,0.3779527559055118,0.84251968503937,1.0,0.6377952755905512,0.6166334712624105,0.07006251201628466,0.984251968503937,0.30708661417322836
2024-08-29T18:58:55.272636,interface,0.3779527559055118,0.84251968503937,1.0,0.6377952755905512,0.6166334712624105,0.07006251201628466,0.984251968503937,0.2992125984251969
2024-08-29T18:58:55.274946,interface,0.3779527559055118,0.84251968503937,1.0,0.6377952755905512,0.6166334712624105,0.07006251201628466,0.984251968503937,0.29133858267716534
2024-08-29T18:58:55.285650,interface,0.3779527559055118,0.84251968503937,1.0,0.6377952755905512,0.6166334712624105,0.07006251201628466,0.984251968503937,0.28346456692913385
2024-08-29T18:58:55.287956,interface,0.3779527559055118,0.84251968503937,1.0,0.6377952755905512,0.6166334712624105,0.07006251201628466,0.984251968503937,0.2755905511811024
2024-08-29T18:58:55.294543,interface,0.3779527559055118,0.84251968503937,1.0,0.6377952755905512,0.6166334712624105,0.07006251201628466,0.984251968503937,0.2677165354330709
2024-08-29T18:58:55.301442,interface,0.3779527559055118,0.84251968503937,1.0,0.6377952755905512,0.6166334712624105,0.07006251201628466,0.984251968503937,0.25984251968503935
2024-08-29T18:58:55.303738,interface,0.3779527559055118,0.84251968503937,1.0,0.6377952755905512,0.6166334712624105,0.07006251201628466,0.984251968503937,0.25196850393700787
2024-08-29T18:58:55.314121,interface,0.3779527559055118,0.84251968503937,1.0,0.6377952755905512,0.6166334712624105,0.07006251201628466,0.984251968503937,0.2440944881889764
2024-08-29T18:58:55.316787,interface,0.3779527559055118,0.84251968503937,1.0,0.6377952755905512,0.6166334712624105,0.07006251201628466,0.984251968503937,0.23622047244094488
2024-08-29T18:58:55.330944,interface,0.3779527559055118,0.84251968503937,1.0,0.6377952755905512,0.6166334712624105,0.07006251201628466,0.984251968503937,0.2283464566929134
2024-08-29T18:58:55.333299,interface,0.3779527559055118,0.84251968503937,1.0,0.6377952755905512,0.6166334712624105,0.07006251201628466,0.984251968503937,0.2204724409448819
2024-08-29T18:58:55.343690,interface,0.3779527559055118,0.84251968503937,1.0,0.6377952755905512,0.6166334712624105,0.07006251201628466,0.984251968503937,0.2125984251968504
2024-08-29T18:58:55.357924,interface,0.3779527559055118,0.84251968503937,1.0,0.6377952755905512,0.6166334712624105,0.07006251201628466,0.984251968503937,0.2047244094488189
2024-08-29T18:58:55.369508,interface,0.3779527559055118,0.84251968503937,1.0,0.6377952755905512,0.6166334712624105,0.07006251201628466,0.984251968503937,0.1968503937007874
2024-08-29T18:58:55.394330,interface,0.3779527559055118,0.84251968503937,1.0,0.6377952755905512,0.6166334712624105,0.07006251201628466,0.984251968503937,0.1889763779527559
2024-08-29T18:58:55.870565,interface,0.3779527559055118,0.84251968503937,1.0,0.6377952755905512,0.6166334712624105,0.07006251201628466,0.984251968503937,0.1968503937007874
2024-08-29T18:58:55.883250,interface,0.3779527559055118,0.84251968503937,1.0,0.6377952755905512,0.6166334712624105,0.07006251201628466,0.984251968503937,0.2047244094488189
2024-08-29T18:58:55.895644,interface,0.3779527559055118,0.84251968503937,1.0,0.6377952755905512,0.6166334712624105,0.07006251201628466,0.984251968503937,0.2125984251968504
2024-08-29T18:58:55.898322,interface,0.3779527559055118,0.84251968503937,1.0,0.6377952755905512,0.6166334712624105,0.07006251201628466,0.984251968503937,0.2204724409448819
2024-08-29T18:58:55.908349,interface,0.3779527559055118,0.84251968503937,1.0,0.6377952755905512,0.6166334712624105,0.07006251201628466,0.984251968503937,0.2283464566929134
2024-08-29T18:58:55.915205,interface,0.3779527559055118,0.84251968503937,1.0,0.6377952755905512,0.6166334712624105,0.07006251201628466,0.984251968503937,0.23622047244094488
2024-08-29T18:58:55.927314,interface,0.3779527559055118,0.84251968503937,1.0,0.6377952755905512,0.6166334712624105,0.07006251201628466,0.984251968503937,0.2440944881889764
2024-08-29T18:58:55.929705,interface,0.3779527559055118,0.84251968503937,1.0,0.6377952755905512,0.6166334712624105,0.07006251201628466,0.984251968503937,0.25196850393700787
2024-08-29T18:58:55.936463,interface,0.3779527559055118,0.84251968503937,1.0,0.6377952755905512,0.6166334712624105,0.07006251201628466,0.984251968503937,0.25984251968503935
2024-08-29T18:58:55.938837,interface,0.3779527559055118,0.84251968503937,1.0,0.6377952755905512,0.6166334712624105,0.07006251201628466,0.984251968503937,0.2677165354330709
2024-08-29T18:58:55.944997,interface,0.3779527559055118,0.84251968503937,1.0,0.6377952755905512,0.6166334712624105,0.07006251201628466,0.984251968503937,0.2755905511811024
2024-08-29T18:58:55.951565,interface,0.3779527559055118,0.84251968503937,1.0,0.6377952755905512,0.6166334712624105,0.07006251201628466,0.984251968503937,0.28346456692913385
2024-08-29T18:58:55.954287,interface,0.3779527559055118,0.84251968503937,1.0,0.6377952755905512,0.6166334712624105,0.07006251201628466,0.984251968503937,0.29133858267716534
2024-08-29T18:58:55.964858,interface,0.3779527559055118,0.84251968503937,1.0,0.6377952755905512,0.6166334712624105,0.07006251201628466,0.984251968503937,0.2992125984251969
2024-08-29T18:58:55.967203,interface,0.3779527559055118,0.84251968503937,1.0,0.6377952755905512,0.6166334712624105,0.07006251201628466,0.984251968503937,0.30708661417322836
2024-08-29T18:58:55.977776,interface,0.3779527559055118,0.84251968503937,1.0,0.6377952755905512,0.6166334712624105,0.07006251201628466,0.984251968503937,0.31496062992125984
2024-08-29T18:58:55.980354,interface,0.3779527559055118,0.84251968503937,1.0,0.6377952755905512,0.6166334712624105,0.07006251201628466,0.984251968503937,0.3228346456692913
2024-08-29T18:58:55.986881,interface,0.3779527559055118,0.84251968503937,1.0,0.6377952755905512,0.6166334712624105,0.07006251201628466,0.984251968503937,0.33070866141732286
2024-08-29T18:58:55.997599,interface,0.3779527559055118,0.84251968503937,1.0,0.6377952755905512,0.6166334712624105,0.07006251201628466,0.984251968503937,0.33858267716535434
2024-08-29T18:58:55.999897,interface,0.3779527559055118,0.84251968503937,1.0,0.6377952755905512,0.6166334712624105,0.07006251201628466,0.984251968503937,0.3464566929133858
2024-08-29T18:58:56.014314,interface,0.3779527559055118,0.84251968503937,1.0,0.6377952755905512,0.6166334712624105,0.07006251201628466,0.984251968503937,0.3543307086614173
2024-08-29T18:58:56.016595,interface,0.3779527559055118,0.84251968503937,1.0,0.6377952755905512,0.6166334712624105,0.07006251201628466,0.984251968503937,0.36220472440944884
2024-08-29T18:58:56.030250,interface,0.3779527559055118,0.84251968503937,1.0,0.6377952755905512,0.6166334712624105,0.07006251201628466,0.984251968503937,0.3700787401574803
2024-08-29T18:58:56.047227,interface,0.3779527559055118,0.84251968503937,1.0,0.6377952755905512,0.6166334712624105,0.07006251201628466,0.984251968503937,0.3779527559055118
2024-08-29T18:58:56.083671,interface,0.3779527559055118,0.84251968503937,1.0,0.6377952755905512,0.6166334712624105,0.07006251201628466,0.984251968503937,0.3858267716535433
2024-08-29T18:58:56.369519,interface,0.3779527559055118,0.84251968503937,1.0,0.6377952755905512,0.6166334712624105,0.0,0.984251968503937,0.3858267716535433
2024-08-29T18:58:57.495321,interface,0.3779527559055118,0.84251968503937,1.0,0.6377952755905512,0.6456692913385826,0.0,0.984251968503937,0.3858267716535433
2024-08-29T18:58:57.557299,interface,0.3779527559055118,0.84251968503937,1.0,0.6377952755905512,0.6535433070866141,0.0,0.984251968503937,0.3858267716535433
2024-08-29T18:58:58.320712,interface,0.3779527559055118,0.84251968503937,1.0,0.5905511811023622,0.6535433070866141,0.0,0.984251968503937,0.3858267716535433
2024-08-29T18:58:58.376201,interface,0.3779527559055118,0.84251968503937,1.0,0.6850393700787402,0.6535433070866141,0.0,0.984251968503937,0.3858267716535433
2024-08-29T18:58:58.724192,interface,0.3779527559055118,0.84251968503937,1.0,0.5905511811023622,0.6535433070866141,0.0,0.984251968503937,0.3858267716535433
2024-08-29T18:58:59.134564,interface,0.3779527559055118,0.84251968503937,1.0,0.6850393700787402,0.6535433070866141,0.0,0.984251968503937,0.3858267716535433
2024-08-29T18:58:59.174942,interface,0.3779527559055118,0.84251968503937,1.0,0.7322834645669292,0.6535433070866141,0.0,0.984251968503937,0.3858267716535433
2024-08-29T18:58:59.379720,interface,0.3779527559055118,0.84251968503937,1.0,0.7716535433070866,0.6535433070866141,0.0,0.984251968503937,0.3858267716535433
2024-08-29T18:58:59.588424,interface,0.3779527559055118,0.84251968503937,1.0,0.8188976377952756,0.6535433070866141,0.0,0.984251968503937,0.3858267716535433
2024-08-29T18:59:05.215643,interface,0.41732283464566927,0.84251968503937,1.0,0.8188976377952756,0.6535433070866141,0.0,0.984251968503937,0.3858267716535433
2024-08-29T18:59:06.112403,interface,0.44881889763779526,0.84251968503937,1.0,0.8188976377952756,0.6535433070866141,0.0,0.984251968503937,0.3858267716535433
2024-08-29T18:59:06.452183,interface,0.44881889763779526,0.84251968503937,1.0,0.8188976377952756,0.6535433070866141,0.0,0.984251968503937,0.3858267716535433
2024-08-29T18:59:06.692309,interface,0.44881889763779526,0.84251968503937,1.0,0.8188976377952756,0.6535433070866141,0.0,0.984251968503937,0.3858267716535433
2024-08-29T18:59:06.947226,interface,0.44881889763779526,0.84251968503937,1.0,0.8188976377952756,0.6535433070866141,0.0,0.984251968503937,0.3858267716535433
2024-08-29T18:59:07.271749,interface,0.44881889763779526,0.84251968503937,1.0,0.8188976377952756,0.6535433070866141,0.0,0.984251968503937,0.3858267716535433
2024-08-29T18:59:07.535557,interface,0.47244094488188976,0.84251968503937,1.0,0.8188976377952756,0.6535433070866141,0.0,0.984251968503937,0.3858267716535433
2024-08-29T18:59:07.538091,interface,0.44881889763779526,0.84251968503937,1.0,0.8188976377952756,0.6535433070866141,0.0,0.984251968503937,0.3858267716535433
2024-08-29T18:59:07.990966,interface,0.4330708661417323,0.84251968503937,1.0,0.8188976377952756,0.6535433070866141,0.0,0.984251968503937,0.3858267716535433
2024-08-29T18:59:09.666572,interface,0.3700787401574803,0.84251968503937,1.0,0.8188976377952756,0.6535433070866141,0.0,0.984251968503937,0.3858267716535433
2024-08-29T18:59:09.937062,interface,0.3700787401574803,0.84251968503937,1.0,0.8188976377952756,0.6535433070866141,0.0,0.984251968503937,0.3858267716535433
2024-08-29T18:59:10.130025,interface,0.3543307086614173,0.84251968503937,1.0,0.8188976377952756,0.6535433070866141,0.0,0.984251968503937,0.3858267716535433
2024-08-29T18:59:10.194559,interface,0.3700787401574803,0.84251968503937,1.0,0.8188976377952756,0.6535433070866141,0.0,0.984251968503937,0.3858267716535433
2024-08-29T18:59:10.311064,interface,0.3543307086614173,0.84251968503937,1.0,0.8188976377952756,0.6535433070866141,0.0,0.984251968503937,0.3858267716535433
2024-08-29T18:59:10.399325,interface,0.3700787401574803,0.84251968503937,1.0,0.8188976377952756,0.6535433070866141,0.0,0.984251968503937,0.3858267716535433
2024-08-29T18:59:10.491852,interface,0.3543307086614173,0.84251968503937,1.0,0.8188976377952756,0.6535433070866141,0.0,0.984251968503937,0.3858267716535433
2024-08-29T18:59:10.565372,interface,0.3700787401574803,0.84251968503937,1.0,0.8188976377952756,0.6535433070866141,0.0,0.984251968503937,0.3858267716535433
2024-08-29T18:59:10.656343,interface,0.3543307086614173,0.84251968503937,1.0,0.8188976377952756,0.6535433070866141,0.0,0.984251968503937,0.3858267716535433
2024-08-29T18:59:10.752872,interface,0.3700787401574803,0.84251968503937,1.0,0.8188976377952756,0.6535433070866141,0.0,0.984251968503937,0.3858267716535433
2024-08-29T18:59:10.835924,interface,0.3543307086614173,0.84251968503937,1.0,0.8188976377952756,0.6535433070866141,0.0,0.984251968503937,0.3858267716535433
2024-08-29T18:59:10.913387,interface,0.3700787401574803,0.84251968503937,1.0,0.8188976377952756,0.6535433070866141,0.0,0.984251968503937,0.3858267716535433
2024-08-29T18:59:11.009890,interface,0.3543307086614173,0.84251968503937,1.0,0.8188976377952756,0.6535433070866141,0.0,0.984251968503937,0.3858267716535433
2024-08-29T18:59:11.103031,interface,0.3700787401574803,0.84251968503937,1.0,0.8188976377952756,0.6535433070866141,0.0,0.984251968503937,0.3858267716535433
2024-08-29T18:59:11.199806,interface,0.3543307086614173,0.84251968503937,1.0,0.8188976377952756,0.6535433070866141,0.0,0.984251968503937,0.3858267716535433
2024-08-29T18:59:11.280456,interface,0.3700787401574803,0.84251968503937,1.0,0.8188976377952756,0.6535433070866141,0.0,0.984251968503937,0.3858267716535433
2024-08-29T18:59:11.354014,interface,0.3543307086614173,0.84251968503937,1.0,0.8188976377952756,0.6535433070866141,0.0,0.984251968503937,0.3858267716535433
2024-08-29T18:59:15.398157,interface,0.31496062992125984,0.84251968503937,1.0,0.8188976377952756,0.6535433070866141,0.0,0.984251968503937,0.3858267716535433
2024-08-29T18:59:16.811152,interface,0.4094488188976378,0.84251968503937,1.0,0.8188976377952756,0.6535433070866141,0.0,0.984251968503937,0.3858267716535433
2024-08-29T18:59:17.041115,interface,0.3937007874015748,0.84251968503937,1.0,0.8188976377952756,0.6535433070866141,0.0,0.984251968503937,0.3858267716535433
2024-08-29T18:59:17.054780,interface,0.4094488188976378,0.84251968503937,1.0,0.8188976377952756,0.6535433070866141,0.0,0.984251968503937,0.3858267716535433
2024-08-29T18:59:17.263638,interface,0.3858267716535433,0.84251968503937,1.0,0.8188976377952756,0.6535433070866141,0.0,0.984251968503937,0.3858267716535433
2024-08-29T18:59:17.485844,interface,0.3858267716535433,0.84251968503937,1.0,0.8188976377952756,0.6535433070866141,0.0,0.984251968503937,0.3858267716535433
2024-08-29T18:59:17.695147,interface,0.3858267716535433,0.84251968503937,1.0,0.8188976377952756,0.6535433070866141,0.0,0.984251968503937,0.3858267716535433
2024-08-29T18:59:17.884744,interface,0.41732283464566927,0.84251968503937,1.0,0.8188976377952756,0.6535433070866141,0.0,0.984251968503937,0.3858267716535433
2024-08-29T18:59:18.031788,interface,0.3858267716535433,0.84251968503937,1.0,0.8188976377952756,0.6535433070866141,0.0,0.984251968503937,0.3858267716535433
2024-08-29T18:59:18.080094,interface,0.4094488188976378,0.84251968503937,1.0,0.8188976377952756,0.6535433070866141,0.0,0.984251968503937,0.3858267716535433
2024-08-29T18:59:18.181493,interface,0.3858267716535433,0.84251968503937,1.0,0.8188976377952756,0.6535433070866141,0.0,0.984251968503937,0.3858267716535433
2024-08-29T18:59:18.288399,interface,0.41732283464566927,0.84251968503937,1.0,0.8188976377952756,0.6535433070866141,0.0,0.984251968503937,0.3858267716535433
2024-08-29T18:59:18.377530,interface,0.3858267716535433,0.84251968503937,1.0,0.8188976377952756,0.6535433070866141,0.0,0.984251968503937,0.3858267716535433
2024-08-29T18:59:18.449650,interface,0.41732283464566927,0.84251968503937,1.0,0.8188976377952756,0.6535433070866141,0.0,0.984251968503937,0.3858267716535433
2024-08-29T18:59:18.556404,interface,0.3858267716535433,0.84251968503937,1.0,0.8188976377952756,0.6535433070866141,0.0,0.984251968503937,0.3858267716535433
2024-08-29T18:59:18.654548,interface,0.41732283464566927,0.84251968503937,1.0,0.8188976377952756,0.6535433070866141,0.0,0.984251968503937,0.3858267716535433
2024-08-29T18:59:18.841822,interface,0.41732283464566927,0.84251968503937,1.0,0.8188976377952756,0.6535433070866141,0.0,0.984251968503937,0.3858267716535433
2024-08-29T18:59:18.928088,interface,0.3858267716535433,0.84251968503937,1.0,0.8188976377952756,0.6535433070866141,0.0,0.984251968503937,0.3858267716535433
2024-08-29T18:59:19.034684,interface,0.41732283464566927,0.84251968503937,1.0,0.8188976377952756,0.6535433070866141,0.0,0.984251968503937,0.3858267716535433
2024-08-29T18:59:19.148519,interface,0.3858267716535433,0.84251968503937,1.0,0.8188976377952756,0.6535433070866141,0.0,0.984251968503937,0.3858267716535433
2024-08-29T18:59:19.326817,interface,0.41732283464566927,0.84251968503937,1.0,0.8188976377952756,0.6535433070866141,0.0,0.984251968503937,0.3858267716535433
2024-08-29T18:59:25.427524,interface,0.5984251968503937,0.84251968503937,1.0,0.8188976377952756,0.6535433070866141,0.0,0.984251968503937,0.3858267716535433
2024-08-29T18:59:25.680586,interface,0.5984251968503937,0.84251968503937,1.0,0.8188976377952756,0.6535433070866141,0.0,0.984251968503937,0.3858267716535433
2024-08-29T18:59:26.814120,interface,0.5984251968503937,0.84251968503937,1.0,0.8188976377952756,0.6535433070866141,0.0,0.984251968503937,0.3858267716535433
2024-08-29T18:59:27.174551,interface,0.6377952755905512,0.84251968503937,1.0,0.8188976377952756,0.6535433070866141,0.0,0.984251968503937,0.3858267716535433
2024-08-29T18:59:27.440074,interface,0.6220472440944882,0.84251968503937,1.0,0.8188976377952756,0.6535433070866141,0.0,0.984251968503937,0.3858267716535433
2024-08-29T18:59:27.546647,interface,0.6377952755905512,0.84251968503937,1.0,0.8188976377952756,0.6535433070866141,0.0,0.984251968503937,0.3858267716535433
2024-08-29T18:59:27.705495,interface,0.6220472440944882,0.84251968503937,1.0,0.8188976377952756,0.6535433070866141,0.0,0.984251968503937,0.3858267716535433
2024-08-29T18:59:27.812147,interface,0.6377952755905512,0.84251968503937,1.0,0.8188976377952756,0.6535433070866141,0.0,0.984251968503937,0.3858267716535433
2024-08-29T18:59:27.918878,interface,0.6220472440944882,0.84251968503937,1.0,0.8188976377952756,0.6535433070866141,0.0,0.984251968503937,0.3858267716535433
2024-08-29T18:59:28.017989,interface,0.6377952755905512,0.84251968503937,1.0,0.8188976377952756,0.6535433070866141,0.0,0.984251968503937,0.3858267716535433
2024-08-29T18:59:28.106929,interface,0.6220472440944882,0.84251968503937,1.0,0.8188976377952756,0.6535433070866141,0.0,0.984251968503937,0.3858267716535433
2024-08-29T18:59:28.213454,interface,0.6377952755905512,0.84251968503937,1.0,0.8188976377952756,0.6535433070866141,0.0,0.984251968503937,0.3858267716535433
2024-08-29T18:59:28.306543,interface,0.6220472440944882,0.84251968503937,1.0,0.8188976377952756,0.6535433070866141,0.0,0.984251968503937,0.3858267716535433
2024-08-29T18:59:28.413291,interface,0.6377952755905512,0.84251968503937,1.0,0.8188976377952756,0.6535433070866141,0.0,0.984251968503937,0.3858267716535433
2024-08-29T18:59:28.564642,interface,0.6220472440944882,0.84251968503937,1.0,0.8188976377952756,0.6535433070866141,0.0,0.984251968503937,0.3858267716535433
2024-08-29T18:59:29.971658,interface,0.6614173228346457,0.84251968503937,1.0,0.8188976377952756,0.6535433070866141,0.0,0.984251968503937,0.3858267716535433
2024-08-29T18:59:34.019511,interface,0.5826771653543307,0.84251968503937,1.0,0.8188976377952756,0.6535433070866141,0.0,0.984251968503937,0.3858267716535433
2024-08-29T18:59:34.448417,interface,0.5826771653543307,0.84251968503937,1.0,0.8188976377952756,0.6535433070866141,0.0,0.984251968503937,0.3858267716535433
2024-08-29T18:59:40.184223,interface,0.5196850393700787,0.84251968503937,1.0,0.8188976377952756,0.6535433070866141,0.0,0.984251968503937,0.3858267716535433
2024-08-29T18:59:40.619602,interface,0.5196850393700787,0.84251968503937,1.0,0.8188976377952756,0.6535433070866141,0.0,0.984251968503937,0.3858267716535433
2024-08-29T18:59:41.376264,interface,0.5118110236220472,0.84251968503937,1.0,0.8188976377952756,0.6535433070866141,0.0,0.984251968503937,0.3858267716535433
2024-08-29T18:59:42.260551,interface,0.5511811023622047,0.84251968503937,1.0,0.8188976377952756,0.6535433070866141,0.0,0.984251968503937,0.3858267716535433
2024-08-29T18:59:48.781279,interface,0.5905511811023622,0.84251968503937,1.0,0.8188976377952756,0.6535433070866141,0.0,0.984251968503937,0.3858267716535433
2024-08-29T18:59:48.797238,interface,0.5984251968503937,0.84251968503937,1.0,0.8188976377952756,0.6535433070866141,0.0,0.984251968503937,0.3858267716535433
2024-08-29T18:59:49.065128,interface,0.5826771653543307,0.84251968503937,1.0,0.8188976377952756,0.6535433070866141,0.0,0.984251968503937,0.3858267716535433
2024-08-29T18:59:49.348054,interface,0.5826771653543307,0.84251968503937,1.0,0.8188976377952756,0.6535433070866141,0.0,0.984251968503937,0.3858267716535433
2024-08-29T18:59:50.709159,interface,0.6062992125984252,0.84251968503937,1.0,0.8188976377952756,0.6535433070866141,0.0,0.984251968503937,0.3858267716535433
2024-08-29T18:59:51.704103,interface,0.6535433070866141,0.84251968503937,1.0,0.8188976377952756,0.6535433070866141,0.0,0.984251968503937,0.3858267716535433
2024-08-29T18:59:51.921956,interface,0.6614173228346457,0.84251968503937,1.0,0.8188976377952756,0.6535433070866141,0.0,0.984251968503937,0.3858267716535433
2024-08-29T18:59:52.123481,interface,0.6614173228346457,0.84251968503937,1.0,0.8188976377952756,0.6535433070866141,0.0,0.984251968503937,0.3858267716535433
2024-08-29T18:59:52.344911,interface,0.6377952755905512,0.84251968503937,1.0,0.8188976377952756,0.6535433070866141,0.0,0.984251968503937,0.3858267716535433
2024-08-29T18:59:52.472043,interface,0.6614173228346457,0.84251968503937,1.0,0.8188976377952756,0.6535433070866141,0.0,0.984251968503937,0.3858267716535433
2024-08-29T18:59:52.548331,interface,0.6377952755905512,0.84251968503937,1.0,0.8188976377952756,0.6535433070866141,0.0,0.984251968503937,0.3858267716535433
2024-08-29T18:59:52.670391,interface,0.6614173228346457,0.84251968503937,1.0,0.8188976377952756,0.6535433070866141,0.0,0.984251968503937,0.3858267716535433
2024-08-29T18:59:52.720972,interface,0.6377952755905512,0.84251968503937,1.0,0.8188976377952756,0.6535433070866141,0.0,0.984251968503937,0.3858267716535433
2024-08-29T18:59:52.888253,interface,0.6614173228346457,0.84251968503937,1.0,0.8188976377952756,0.6535433070866141,0.0,0.984251968503937,0.3858267716535433
2024-08-29T18:59:55.171116,interface,0.6377952755905512,0.84251968503937,1.0,0.8188976377952756,0.6535433070866141,0.0,0.984251968503937,0.3858267716535433
2024-08-29T18:59:55.189577,interface,0.6614173228346457,0.84251968503937,1.0,0.8188976377952756,0.6535433070866141,0.0,0.984251968503937,0.3858267716535433
2024-08-29T18:59:55.681901,interface,0.5039370078740157,0.84251968503937,1.0,0.8188976377952756,0.6535433070866141,0.0,0.984251968503937,0.3858267716535433
2024-08-29T18:59:58.085708,interface,0.5039370078740157,0.84251968503937,1.0,0.8188976377952756,0.6535433070866141,0.0,0.984251968503937,0.3858267716535433
2024-08-29T18:59:59.180677,interface,0.49606299212598426,0.84251968503937,1.0,0.8188976377952756,0.6535433070866141,0.0,0.984251968503937,0.3858267716535433
2024-08-29T19:00:00.477288,interface,0.5196850393700787,0.84251968503937,1.0,0.8188976377952756,0.6535433070866141,0.0,0.984251968503937,0.3858267716535433
2024-08-29T19:00:01.483971,interface,0.5118110236220472,0.84251968503937,1.0,0.8188976377952756,0.6535433070866141,0.0,0.984251968503937,0.3858267716535433
2024-08-29T19:00:01.514096,interface,0.5039370078740157,0.84251968503937,1.0,0.8188976377952756,0.6535433070866141,0.0,0.984251968503937,0.3858267716535433
2024-08-29T19:00:02.899506,interface,0.4881889763779528,0.84251968503937,1.0,0.8188976377952756,0.6535433070866141,0.0,0.984251968503937,0.3858267716535433
2024-08-29T19:00:04.192173,interface,0.47244094488188976,0.84251968503937,1.0,0.8188976377952756,0.6535433070866141,0.0,0.984251968503937,0.3858267716535433
2024-08-29T19:00:21.501607,interface,0.5511811023622047,0.84251968503937,1.0,0.8188976377952756,0.6535433070866141,0.0,0.984251968503937,0.3858267716535433
2024-08-29T19:00:23.241767,interface,0.5826771653543307,0.84251968503937,1.0,0.8188976377952756,0.6535433070866141,0.0,0.984251968503937,0.3858267716535433
2024-08-29T19:00:25.104106,interface,0.6062992125984252,0.84251968503937,1.0,0.8188976377952756,0.6535433070866141,0.0,0.984251968503937,0.3858267716535433
2024-08-29T19:03:28.709920,interface,0.5669291338582677,0.84251968503937,1.0,0.8188976377952756,0.6535433070866141,0.0,0.984251968503937,0.3858267716535433
2024-08-29T19:03:28.843681,interface,0.5905511811023622,0.84251968503937,1.0,0.8188976377952756,0.6535433070866141,0.0,0.984251968503937,0.3858267716535433
2024-08-29T19:03:28.846065,interface,0.5826771653543307,0.84251968503937,1.0,0.8188976377952756,0.6535433070866141,0.0,0.984251968503937,0.3858267716535433
2024-08-29T19:03:28.982058,interface,0.6377952755905512,0.84251968503937,1.0,0.8188976377952756,0.6535433070866141,0.0,0.984251968503937,0.3858267716535433
2024-08-29T19:03:29.130730,interface,0.5590551181102362,0.84251968503937,1.0,0.8188976377952756,0.6535433070866141,0.0,0.984251968503937,0.3858267716535433
2024-08-29T19:03:29.133072,interface,0.5433070866141733,0.84251968503937,1.0,0.8188976377952756,0.6535433070866141,0.0,0.984251968503937,0.3858267716535433
2024-08-29T19:03:29.225645,interface,0.5669291338582677,0.84251968503937,1.0,0.8188976377952756,0.6535433070866141,0.0,0.984251968503937,0.3858267716535433
2024-08-29T19:03:29.311268,interface,0.5826771653543307,0.84251968503937,1.0,0.8188976377952756,0.6535433070866141,0.0,0.984251968503937,0.3858267716535433
2024-08-29T19:03:29.344272,interface,0.6377952755905512,0.84251968503937,1.0,0.8188976377952756,0.6535433070866141,0.0,0.984251968503937,0.3858267716535433
2024-08-29T19:03:35.596894,interface,0.5433070866141733,0.84251968503937,1.0,0.8188976377952756,0.6535433070866141,0.0,0.984251968503937,0.3858267716535433
2024-08-29T19:03:35.652598,interface,0.5590551181102362,0.84251968503937,1.0,0.8188976377952756,0.6535433070866141,0.0,0.984251968503937,0.3858267716535433
2024-08-29T19:03:35.737123,interface,0.5669291338582677,0.84251968503937,1.0,0.8188976377952756,0.6535433070866141,0.0,0.984251968503937,0.3858267716535433
2024-08-29T19:03:35.869555,interface,0.6220472440944882,0.84251968503937,1.0,0.8188976377952756,0.6535433070866141,0.0,0.984251968503937,0.3858267716535433
2024-08-29T19:03:35.986935,interface,0.5275590551181102,0.84251968503937,1.0,0.8188976377952756,0.6535433070866141,0.0,0.984251968503937,0.3858267716535433
2024-08-29T19:03:36.073951,interface,0.5433070866141733,0.84251968503937,1.0,0.8188976377952756,0.6535433070866141,0.0,0.984251968503937,0.3858267716535433
2024-08-29T19:03:36.153577,interface,0.5669291338582677,0.84251968503937,1.0,0.8188976377952756,0.6535433070866141,0.0,0.984251968503937,0.3858267716535433
2024-08-29T19:03:36.224183,interface,0.6062992125984252,0.84251968503937,1.0,0.8188976377952756,0.6535433070866141,0.0,0.984251968503937,0.3858267716535433
2024-08-29T19:03:36.284983,interface,0.5275590551181102,0.84251968503937,1.0,0.8188976377952756,0.6535433070866141,0.0,0.984251968503937,0.3858267716535433
2024-08-29T19:03:36.334592,interface,0.5433070866141733,0.84251968503937,1.0,0.8188976377952756,0.6535433070866141,0.0,0.984251968503937,0.3858267716535433
2024-08-29T19:03:36.405857,interface,0.5669291338582677,0.84251968503937,1.0,0.8188976377952756,0.6535433070866141,0.0,0.984251968503937,0.3858267716535433
2024-08-29T19:03:36.460817,interface,0.6062992125984252,0.84251968503937,1.0,0.8188976377952756,0.6535433070866141,0.0,0.984251968503937,0.3858267716535433
2024-08-29T19:03:36.482422,interface,0.6220472440944882,0.84251968503937,1.0,0.8188976377952756,0.6535433070866141,0.0,0.984251968503937,0.3858267716535433
2024-08-29T19:03:38.110688,interface,0.5354330708661418,0.84251968503937,1.0,0.8188976377952756,0.6535433070866141,0.0,0.984251968503937,0.3858267716535433
2024-08-29T19:03:38.184134,interface,0.5511811023622047,0.84251968503937,1.0,0.8188976377952756,0.6535433070866141,0.0,0.984251968503937,0.3858267716535433
2024-08-29T19:03:38.297531,interface,0.5669291338582677,0.84251968503937,1.0,0.8188976377952756,0.6535433070866141,0.0,0.984251968503937,0.3858267716535433
2024-08-29T19:03:38.404176,interface,0.5984251968503937,0.84251968503937,1.0,0.8188976377952756,0.6535433070866141,0.0,0.984251968503937,0.3858267716535433
2024-08-29T19:03:38.406500,interface,0.6062992125984252,0.84251968503937,1.0,0.8188976377952756,0.6535433070866141,0.0,0.984251968503937,0.3858267716535433
2024-08-29T19:03:38.492437,interface,0.5118110236220472,0.84251968503937,1.0,0.8188976377952756,0.6535433070866141,0.0,0.984251968503937,0.3858267716535433
2024-08-29T19:03:38.585692,interface,0.5275590551181102,0.84251968503937,1.0,0.8188976377952756,0.6535433070866141,0.0,0.984251968503937,0.3858267716535433
2024-08-29T19:03:38.656849,interface,0.5511811023622047,0.84251968503937,1.0,0.8188976377952756,0.6535433070866141,0.0,0.984251968503937,0.3858267716535433
2024-08-29T19:03:38.659210,interface,0.5433070866141733,0.84251968503937,1.0,0.8188976377952756,0.6535433070866141,0.0,0.984251968503937,0.3858267716535433
2024-08-29T19:03:38.716619,interface,0.5669291338582677,0.84251968503937,1.0,0.8188976377952756,0.6535433070866141,0.0,0.984251968503937,0.3858267716535433
2024-08-29T19:03:38.810831,interface,0.6062992125984252,0.84251968503937,1.0,0.8188976377952756,0.6535433070866141,0.0,0.984251968503937,0.3858267716535433
2024-08-29T19:03:38.825187,interface,0.5118110236220472,0.84251968503937,1.0,0.8188976377952756,0.6535433070866141,0.0,0.984251968503937,0.3858267716535433
2024-08-29T19:03:38.908042,interface,0.5275590551181102,0.84251968503937,1.0,0.8188976377952756,0.6535433070866141,0.0,0.984251968503937,0.3858267716535433
2024-08-29T19:03:38.910434,interface,0.5354330708661418,0.84251968503937,1.0,0.8188976377952756,0.6535433070866141,0.0,0.984251968503937,0.3858267716535433
2024-08-29T19:03:38.937124,interface,0.5433070866141733,0.84251968503937,1.0,0.8188976377952756,0.6535433070866141,0.0,0.984251968503937,0.3858267716535433
2024-08-29T19:03:38.998144,interface,0.5669291338582677,0.84251968503937,1.0,0.8188976377952756,0.6535433070866141,0.0,0.984251968503937,0.3858267716535433
2024-08-29T19:03:39.051681,interface,0.6062992125984252,0.84251968503937,1.0,0.8188976377952756,0.6535433070866141,0.0,0.984251968503937,0.3858267716535433
2024-08-29T19:03:39.054533,interface,0.5118110236220472,0.84251968503937,1.0,0.8188976377952756,0.6535433070866141,0.0,0.984251968503937,0.3858267716535433
2024-08-29T19:03:39.149110,interface,0.5275590551181102,0.84251968503937,1.0,0.8188976377952756,0.6535433070866141,0.0,0.984251968503937,0.3858267716535433
2024-08-29T19:03:39.174696,interface,0.5354330708661418,0.84251968503937,1.0,0.8188976377952756,0.6535433070866141,0.0,0.984251968503937,0.3858267716535433
2024-08-29T19:03:39.192603,interface,0.5511811023622047,0.84251968503937,1.0,0.8188976377952756,0.6535433070866141,0.0,0.984251968503937,0.3858267716535433
2024-08-29T19:03:39.274626,interface,0.5669291338582677,0.84251968503937,1.0,0.8188976377952756,0.6535433070866141,0.0,0.984251968503937,0.3858267716535433
2024-08-29T19:03:39.314781,interface,0.5590551181102362,0.84251968503937,1.0,0.8188976377952756,0.6535433070866141,0.0,0.984251968503937,0.3858267716535433
2024-08-29T19:03:39.557361,interface,0.5433070866141733,0.84251968503937,1.0,0.8188976377952756,0.6535433070866141,0.0,0.984251968503937,0.3858267716535433
2024-08-29T19:03:40.867656,interface,0.5354330708661418,0.84251968503937,1.0,0.8188976377952756,0.6535433070866141,0.0,0.984251968503937,0.3858267716535433
2024-08-29T19:03:40.940133,interface,0.6062992125984252,0.84251968503937,1.0,0.8188976377952756,0.6535433070866141,0.0,0.984251968503937,0.3858267716535433
2024-08-29T19:03:41.275980,interface,0.5433070866141733,0.84251968503937,1.0,0.8188976377952756,0.6535433070866141,0.0,0.984251968503937,0.3858267716535433
2024-08-29T19:03:41.303468,interface,0.5590551181102362,0.84251968503937,1.0,0.8188976377952756,0.6535433070866141,0.0,0.984251968503937,0.3858267716535433
2024-08-29T19:03:41.332643,interface,0.6062992125984252,0.84251968503937,1.0,0.8188976377952756,0.6535433070866141,0.0,0.984251968503937,0.3858267716535433
2024-08-29T19:03:41.924329,interface,0.5275590551181102,0.84251968503937,1.0,0.8188976377952756,0.6535433070866141,0.0,0.984251968503937,0.3858267716535433
2024-08-29T19:03:41.940377,interface,0.5354330708661418,0.84251968503937,1.0,0.8188976377952756,0.6535433070866141,0.0,0.984251968503937,0.3858267716535433
2024-08-29T19:03:42.381534,interface,0.5826771653543307,0.84251968503937,1.0,0.8188976377952756,0.6535433070866141,0.0,0.984251968503937,0.3858267716535433
2024-08-29T19:03:42.701853,interface,0.5275590551181102,0.84251968503937,1.0,0.8188976377952756,0.6535433070866141,0.0,0.984251968503937,0.3858267716535433
2024-08-29T19:03:42.893330,interface,0.5669291338582677,0.84251968503937,1.0,0.8188976377952756,0.6535433070866141,0.0,0.984251968503937,0.3858267716535433
2024-08-29T19:03:43.136005,interface,0.5118110236220472,0.84251968503937,1.0,0.8188976377952756,0.6535433070866141,0.0,0.984251968503937,0.3858267716535433
2024-08-29T19:03:43.290849,interface,0.5275590551181102,0.84251968503937,1.0,0.8188976377952756,0.6535433070866141,0.0,0.984251968503937,0.3858267716535433
2024-08-29T19:03:43.742764,interface,0.5118110236220472,0.84251968503937,1.0,0.8188976377952756,0.6535433070866141,0.0,0.984251968503937,0.3858267716535433
2024-08-29T19:03:44.290920,interface,0.5433070866141733,0.84251968503937,1.0,0.8188976377952756,0.6535433070866141,0.0,0.984251968503937,0.3858267716535433
2024-08-29T19:03:44.632290,interface,0.5669291338582677,0.84251968503937,1.0,0.8188976377952756,0.6535433070866141,0.0,0.984251968503937,0.3858267716535433
2024-08-29T19:03:44.640499,interface,0.5826771653543307,0.84251968503937,1.0,0.8188976377952756,0.6535433070866141,0.0,0.984251968503937,0.3858267716535433
2024-08-29T19:03:44.995810,interface,0.5275590551181102,0.84251968503937,1.0,0.8188976377952756,0.6535433070866141,0.0,0.984251968503937,0.3858267716535433
2024-08-29T19:03:45.075480,interface,0.5590551181102362,0.84251968503937,1.0,0.8188976377952756,0.6535433070866141,0.0,0.984251968503937,0.3858267716535433
2024-08-29T19:03:45.424106,interface,0.5590551181102362,0.84251968503937,1.0,0.8188976377952756,0.6535433070866141,0.0,0.984251968503937,0.3858267716535433
2024-08-29T19:03:45.611168,interface,0.5590551181102362,0.84251968503937,1.0,0.8188976377952756,0.6535433070866141,0.0,0.984251968503937,0.3858267716535433
2024-08-29T19:03:45.789642,interface,0.5669291338582677,0.84251968503937,1.0,0.8188976377952756,0.6535433070866141,0.0,0.984251968503937,0.3858267716535433
2024-08-29T19:03:45.791951,interface,0.5275590551181102,0.84251968503937,1.0,0.8188976377952756,0.6535433070866141,0.0,0.984251968503937,0.3858267716535433
2024-08-29T19:03:45.798498,interface,0.5826771653543307,0.84251968503937,1.0,0.8188976377952756,0.6535433070866141,0.0,0.984251968503937,0.3858267716535433
2024-08-29T19:03:45.959533,interface,0.5826771653543307,0.84251968503937,1.0,0.8188976377952756,0.6535433070866141,0.0,0.984251968503937,0.3858267716535433
2024-08-29T19:03:45.961895,interface,0.5669291338582677,0.84251968503937,1.0,0.8188976377952756,0.6535433070866141,0.0,0.984251968503937,0.3858267716535433
2024-08-29T19:03:46.275291,interface,0.5984251968503937,0.84251968503937,1.0,0.8188976377952756,0.6535433070866141,0.0,0.984251968503937,0.3858267716535433
2024-08-29T19:03:46.292031,interface,0.5669291338582677,0.84251968503937,1.0,0.8188976377952756,0.6535433070866141,0.0,0.984251968503937,0.3858267716535433
2024-08-29T19:03:46.320322,interface,0.5826771653543307,0.84251968503937,1.0,0.8188976377952756,0.6535433070866141,0.0,0.984251968503937,0.3858267716535433
2024-08-29T19:03:46.322691,interface,0.6062992125984252,0.84251968503937,1.0,0.8188976377952756,0.6535433070866141,0.0,0.984251968503937,0.3858267716535433
2024-08-29T19:03:46.332917,interface,0.6220472440944882,0.84251968503937,1.0,0.8188976377952756,0.6535433070866141,0.0,0.984251968503937,0.3858267716535433
2024-08-29T19:03:46.588797,interface,0.5826771653543307,0.84251968503937,1.0,0.8188976377952756,0.6535433070866141,0.0,0.984251968503937,0.3858267716535433
2024-08-29T19:03:46.734177,interface,0.5826771653543307,0.84251968503937,1.0,0.8188976377952756,0.6535433070866141,0.0,0.984251968503937,0.3858267716535433
2024-08-29T19:03:46.765878,interface,0.6062992125984252,0.84251968503937,1.0,0.8188976377952756,0.6535433070866141,0.0,0.984251968503937,0.3858267716535433
2024-08-29T19:03:47.168726,interface,0.5826771653543307,0.84251968503937,1.0,0.8188976377952756,0.6535433070866141,0.0,0.984251968503937,0.3858267716535433
2024-08-29T19:03:47.171511,interface,0.5669291338582677,0.84251968503937,1.0,0.8188976377952756,0.6535433070866141,0.0,0.984251968503937,0.3858267716535433
2024-08-29T19:03:47.173823,interface,0.6062992125984252,0.84251968503937,1.0,0.8188976377952756,0.6535433070866141,0.0,0.984251968503937,0.3858267716535433
2024-08-29T19:03:47.342108,interface,0.6062992125984252,0.84251968503937,1.0,0.8188976377952756,0.6535433070866141,0.0,0.984251968503937,0.3858267716535433
2024-08-29T19:03:47.494160,interface,0.6220472440944882,0.84251968503937,1.0,0.8188976377952756,0.6535433070866141,0.0,0.984251968503937,0.3858267716535433
2024-08-29T19:03:47.638406,interface,0.5826771653543307,0.84251968503937,1.0,0.8188976377952756,0.6535433070866141,0.0,0.984251968503937,0.3858267716535433
2024-08-29T19:03:47.644903,interface,0.5984251968503937,0.84251968503937,1.0,0.8188976377952756,0.6535433070866141,0.0,0.984251968503937,0.3858267716535433
2024-08-29T19:03:55.144381,interface,0.2992125984251969,0.84251968503937,1.0,0.8188976377952756,0.6535433070866141,0.0,0.984251968503937,0.3858267716535433
2024-08-29T19:03:55.396436,interface,0.31496062992125984,0.84251968503937,1.0,0.8188976377952756,0.6535433070866141,0.0,0.984251968503937,0.3858267716535433
2024-08-29T19:03:55.457737,interface,0.41732283464566927,0.84251968503937,1.0,0.8188976377952756,0.6535433070866141,0.0,0.984251968503937,0.3858267716535433
2024-08-29T19:03:55.557715,interface,0.33070866141732286,0.84251968503937,1.0,0.8188976377952756,0.6535433070866141,0.0,0.984251968503937,0.3858267716535433
2024-08-29T19:03:55.581468,interface,0.31496062992125984,0.84251968503937,1.0,0.8188976377952756,0.6535433070866141,0.0,0.984251968503937,0.3858267716535433
2024-08-29T19:03:55.667763,interface,0.31496062992125984,0.84251968503937,1.0,0.8188976377952756,0.6535433070866141,0.0,0.984251968503937,0.3858267716535433
2024-08-29T19:03:55.710902,interface,0.2992125984251969,0.84251968503937,1.0,0.8188976377952756,0.6535433070866141,0.0,0.984251968503937,0.3858267716535433
2024-08-29T19:03:56.066028,interface,0.41732283464566927,0.84251968503937,1.0,0.8188976377952756,0.6535433070866141,0.0,0.984251968503937,0.3858267716535433
2024-08-29T19:03:56.448114,interface,0.41732283464566927,0.84251968503937,1.0,0.8188976377952756,0.6535433070866141,0.0,0.984251968503937,0.3858267716535433
2024-08-29T19:03:56.464590,interface,0.3543307086614173,0.84251968503937,1.0,0.8188976377952756,0.6535433070866141,0.0,0.984251968503937,0.3858267716535433
2024-08-29T19:03:56.588731,interface,0.33070866141732286,0.84251968503937,1.0,0.8188976377952756,0.6535433070866141,0.0,0.984251968503937,0.3858267716535433
2024-08-29T19:03:56.591089,interface,0.41732283464566927,0.84251968503937,1.0,0.8188976377952756,0.6535433070866141,0.0,0.984251968503937,0.3858267716535433
2024-08-29T19:03:56.609156,interface,0.31496062992125984,0.84251968503937,1.0,0.8188976377952756,0.6535433070866141,0.0,0.984251968503937,0.3858267716535433
2024-08-29T19:12:59.575742,interface,0.31496062992125984,0.84251968503937,1.0,0.8188976377952756,0.6535433070866141,0.0,0.984251968503937,0.3858267716535433
2024-08-29T19:12:59.775569,interface,0.31496062992125984,0.84251968503937,1.0,0.8188976377952756,0.6535433070866141,0.0,0.984251968503937,0.3858267716535433
2024-08-29T19:28:36.029304,interface,0.4094488188976378,0.84251968503937,1.0,0.8188976377952756,0.6535433070866141,0.0,0.984251968503937,0.3858267716535433
2024-08-29T19:28:36.119668,interface,0.3937007874015748,0.84251968503937,1.0,0.8188976377952756,0.6535433070866141,0.0,0.984251968503937,0.3858267716535433
2024-08-29T19:28:36.385808,interface,0.41732283464566927,0.84251968503937,1.0,0.8188976377952756,0.6535433070866141,0.0,0.984251968503937,0.3858267716535433
2024-08-29T19:28:36.563299,interface,0.3779527559055118,0.84251968503937,1.0,0.8188976377952756,0.6535433070866141,0.0,0.984251968503937,0.3858267716535433
