2024-08-29T10:40:52.285224,interface,0.515,0.592,0.125
2024-08-29T10:41:08.831776,interface,0.736,0.562,0.09099999
2024-08-29T10:41:09.050421,interface,0.745,0.458,0.207
2024-08-29T10:41:09.071244,interface,0.715,0.587,0.0
2024-08-29T10:41:09.648213,interface,0.545,0.355,0.12
2024-08-29T10:41:09.684204,interface,0.621,0.359,0.128
2024-08-29T10:41:10.424801,interface,0.531,0.368,0.116
2024-08-29T10:41:10.447274,interface,0.793,0.301,0.217
2024-08-29T10:41:10.461272,interface,0.587,0.344,0.114
2024-08-29T10:41:10.480276,interface,0.329,0.401,0.141
2024-08-29T10:41:10.501290,interface,0.344,0.472,0.146
2024-08-29T10:41:10.538189,interface,0.834,0.21,0.202
2024-08-29T10:41:10.677731,interface,0.157,0.518,0.808
2024-08-29T10:41:15.439254,interface,0.842,0.409,0.305
2024-08-29T10:41:16.094529,interface,0.455,0.562,0.081
2024-08-29T10:41:16.291291,interface,0.519,0.466,0.077
2024-08-29T10:41:23.655262,interface,0.518,0.602,0.11
2024-08-29T10:41:26.555503,interface,0.415,0.656,0.094
2024-08-29T10:41:26.674247,interface,0.479,0.561,0.116
2024-08-29T10:41:27.212453,interface,0.569,0.634,0.138
2024-08-29T10:41:33.002351,interface,0.48,0.486,0.055
2024-08-29T10:41:33.023187,interface,0.517,0.518,0.106
2024-08-29T10:41:33.046161,interface,0.776,0.413,0.239
2024-08-29T10:41:33.081248,interface,0.527,0.541,0.017
2024-08-29T10:41:33.104261,interface,0.767,0.549,0.0
2024-08-29T10:41:33.126221,interface,0.705,0.612,0.166
2024-08-29T10:41:33.141266,interface,1.0,0.786,0.588
2024-08-29T10:41:33.163211,interface,0.8450001,0.761,0.9559999
2024-08-29T10:41:33.181304,interface,0.431,0.71,0.875
2024-08-29T10:41:33.280214,interface,0.0,0.6,0.421
2024-08-29T10:41:33.300191,interface,0.0,0.573,0.596
2024-08-29T10:41:33.320225,interface,0.008,0.584,0.349
2024-08-29T10:41:33.341260,interface,0.147,0.589,0.396
2024-08-29T10:41:33.361243,interface,0.034,0.5809999,0.585
2024-08-29T10:41:33.381246,interface,0.0,0.592,0.617
2024-08-29T10:41:33.401231,interface,0.024,0.543,0.504
2024-08-29T10:41:33.419177,interface,0.086,0.528,0.495
2024-08-29T10:41:34.199936,interface,0.386,0.348,0.86
2024-08-29T10:41:34.252229,interface,0.448,0.331,0.161
2024-08-29T10:41:39.134366,interface,0.611,0.503,0.115
2024-08-29T10:41:39.452278,interface,0.358,0.368,0.852
2024-08-29T10:41:39.848237,interface,0.175,0.368,0.742
2024-08-29T10:41:39.988196,interface,0.535,0.467,0.094
2024-08-29T10:41:40.009316,interface,0.554,0.431,0.053
2024-08-29T10:41:40.166240,interface,0.64,0.477,0.042
2024-08-29T10:41:51.186376,interface,0.535,0.438,0.119
2024-08-29T10:41:51.260237,interface,0.578,0.402,0.143
2024-08-29T10:41:51.358209,interface,0.84,0.416,0.086
2024-08-29T10:41:51.557284,interface,0.583,0.386,0.9150001
2024-08-29T10:41:51.616199,interface,0.369,0.445,0.036
2024-08-29T10:41:51.894243,interface,0.46,0.457,0.121
2024-08-29T10:41:52.093222,interface,0.638,0.459,0.13
2024-08-29T10:41:59.594272,interface,0.579,0.422,0.09799999
2024-08-29T10:42:00.744360,interface,0.165,0.382,0.371
2024-08-29T10:42:00.767251,interface,0.155,0.366,0.391
2024-08-29T10:42:00.944248,interface,0.087,0.366,0.475
2024-08-29T10:42:00.963208,interface,0.01,0.333,0.49
2024-08-29T10:42:00.984208,interface,0.057,0.338,0.488
2024-08-29T10:42:01.004234,interface,0.119,0.362,0.476
2024-08-29T10:42:01.024278,interface,0.131,0.395,0.48
2024-08-29T10:42:01.044260,interface,0.125,0.392,0.549
2024-08-29T10:42:01.065516,interface,0.12,0.371,0.509
2024-08-29T10:42:01.086259,interface,0.116,0.374,0.502
2024-08-29T10:42:01.340263,interface,0.146,0.364,0.484
2024-08-29T10:42:01.360208,interface,0.134,0.351,0.463
2024-08-29T10:42:01.380209,interface,0.15,0.347,0.437
2024-08-29T10:42:01.401225,interface,0.162,0.347,0.428
2024-08-29T10:42:01.420211,interface,0.118,0.322,0.445
2024-08-29T10:42:01.441252,interface,0.144,0.344,0.467
2024-08-29T10:42:01.498244,interface,0.173,0.323,0.429
2024-08-29T10:42:01.696288,interface,0.42,0.333,0.153
2024-08-29T10:42:01.719198,interface,0.485,0.372,0.092
2024-08-29T10:42:03.502382,interface,0.075,0.427,0.65
2024-08-29T10:42:03.525259,interface,0.0,0.374,0.532
2024-08-29T10:42:03.543207,interface,0.134,0.397,0.586
2024-08-29T10:42:03.563233,interface,0.154,0.415,0.663
2024-08-29T10:42:03.583182,interface,0.0,0.36,0.675
2024-08-29T10:42:03.604190,interface,0.0,0.233,0.565
2024-08-29T10:42:03.623197,interface,0.0,0.225,0.48
2024-08-29T10:42:03.644194,interface,0.038,0.267,0.439
2024-08-29T10:42:03.664169,interface,0.093,0.303,0.424
2024-08-29T10:42:03.682238,interface,0.125,0.319,0.419
2024-08-29T10:42:03.702229,interface,0.142,0.317,0.454
2024-08-29T10:42:03.722190,interface,0.128,0.308,0.461
2024-08-29T10:42:03.743195,interface,0.138,0.33,0.432
2024-08-29T10:42:06.478302,interface,0.229,0.42,0.239
2024-08-29T10:42:06.500239,interface,0.265,0.372,0.109
2024-08-29T10:42:06.519208,interface,0.269,0.454,0.109
2024-08-29T10:42:11.761543,interface,0.102,0.436,0.307
2024-08-29T10:42:11.779240,interface,0.054,0.435,0.257
2024-08-29T10:42:11.797283,interface,0.113,0.449,0.286
2024-08-29T10:42:11.817292,interface,0.155,0.477,0.269
2024-08-29T10:42:11.838204,interface,0.132,0.492,0.275
2024-08-29T10:42:11.858192,interface,0.107,0.487,0.287
2024-08-29T10:42:11.878200,interface,0.07,0.489,0.283
2024-08-29T10:42:11.899236,interface,0.06800001,0.474,0.298
2024-08-29T10:42:11.920196,interface,0.08200001,0.465,0.313
2024-08-29T10:42:11.939192,interface,0.092,0.462,0.329
2024-08-29T10:42:11.956192,interface,0.106,0.461,0.359
2024-08-29T10:42:11.977230,interface,0.111,0.467,0.376
2024-08-29T10:42:11.996282,interface,0.109,0.468,0.389
2024-08-29T10:42:12.017276,interface,0.126,0.464,0.397
2024-08-29T10:42:12.037295,interface,0.141,0.461,0.385
2024-08-29T10:42:12.433306,interface,0.134,0.455,0.37
2024-08-29T10:42:12.455211,interface,0.118,0.444,0.379
2024-08-29T10:42:12.474194,interface,0.093,0.433,0.381
2024-08-29T10:42:12.494204,interface,0.095,0.434,0.368
2024-08-29T10:42:12.515231,interface,0.073,0.431,0.344
2024-08-29T10:42:12.538330,interface,0.035,0.425,0.319
2024-08-29T10:42:12.552329,interface,0.023,0.418,0.306
2024-08-29T10:42:12.573249,interface,0.055,0.433,0.306
2024-08-29T10:42:12.592217,interface,0.096,0.431,0.328
2024-08-29T10:42:12.613252,interface,0.115,0.433,0.328
2024-08-29T10:42:12.633232,interface,0.095,0.413,0.317
2024-08-29T10:42:12.654217,interface,0.132,0.416,0.333
2024-08-29T10:42:12.673220,interface,0.144,0.404,0.335
2024-08-29T10:42:16.838230,interface,0.474,0.493,0.124
2024-08-29T10:42:16.897315,interface,0.862,0.323,0.469
2024-08-29T10:42:16.919209,interface,0.198,0.454,0.185
2024-08-29T10:42:16.955226,interface,0.627,0.464,0.095
2024-08-29T10:42:16.978267,interface,0.416,0.525,0.126
2024-08-29T10:42:17.180864,interface,0.449,0.331,0.104
2024-08-29T10:42:17.335586,interface,0.647,0.419,0.061
2024-08-29T10:42:17.532183,interface,0.487,0.524,0.093
2024-08-29T10:42:17.691168,interface,0.392,0.217,0.0
2024-08-29T10:42:17.711205,interface,0.523,0.514,0.019
2024-08-29T10:42:18.049232,interface,0.306,0.648,0.132
2024-08-29T10:42:18.069275,interface,0.608,0.47,0.024
2024-08-29T10:42:18.130194,interface,0.518,0.46,0.101
2024-08-29T10:42:18.625447,interface,0.136,0.546,0.313
2024-08-29T10:42:18.764338,interface,0.335,0.362,0.946
2024-08-29T10:42:18.962846,interface,0.247,0.392,0.759
2024-08-29T10:42:19.086294,interface,0.06400001,0.365,0.61
2024-08-29T10:42:20.846542,interface,0.36,0.413,0.862
2024-08-29T10:42:20.925351,interface,0.27,0.348,0.833
2024-08-29T10:42:22.539761,interface,0.324,0.248,0.733
2024-08-29T10:42:24.894238,interface,0.508,0.341,0.855
2024-08-29T10:42:24.914229,interface,0.339,0.359,0.9309999
2024-08-29T10:42:24.940225,interface,0.351,0.395,0.927
2024-08-29T10:42:25.013298,interface,0.288,0.363,0.982
2024-08-29T10:42:25.038331,interface,0.287,0.411,0.98
2024-08-29T10:42:25.073411,interface,0.417,0.342,0.875
2024-08-29T10:42:25.094189,interface,0.392,0.294,0.987
2024-08-29T10:42:25.112209,interface,0.309,0.287,1.0
2024-08-29T10:42:25.133240,interface,0.261,0.361,0.887
2024-08-29T10:42:25.171292,interface,0.3,0.341,0.892
2024-08-29T10:42:25.191310,interface,0.266,0.342,0.906
2024-08-29T10:42:25.214287,interface,0.284,0.358,0.837
2024-08-29T10:42:25.509502,interface,0.326,0.37,0.817
2024-08-29T10:42:25.589333,interface,0.302,0.346,0.808
2024-08-29T10:42:25.611203,interface,0.284,0.349,0.782
2024-08-29T10:42:25.630215,interface,0.303,0.337,0.784
2024-08-29T10:42:28.209381,interface,0.11,0.473,0.519
2024-08-29T10:42:28.328351,interface,0.286,0.454,0.999
2024-08-29T10:42:28.387225,interface,0.094,0.486,0.507
2024-08-29T10:42:28.728348,interface,0.043,0.54,0.347
2024-08-29T10:42:30.015423,interface,0.395,0.294,0.196
2024-08-29T10:42:30.254317,interface,0.344,0.301,0.09099999
2024-08-29T10:42:30.569321,interface,0.534,0.34,0.151
2024-08-29T10:42:30.594183,interface,0.489,0.331,0.143
2024-08-29T10:42:31.264360,interface,0.355,0.302,0.164
2024-08-29T10:42:31.304359,interface,0.381,0.285,0.198
2024-08-29T10:42:31.325230,interface,0.432,0.278,0.008
2024-08-29T10:42:31.364191,interface,0.431,0.39,0.121
2024-08-29T10:42:31.482227,interface,0.429,0.273,0.182
2024-08-29T10:42:56.569239,interface,0.727,0.193,0.484
2024-08-29T10:42:56.589250,interface,0.7940001,0.165,0.491
2024-08-29T10:42:56.611212,interface,0.761,0.188,0.494
2024-08-29T10:42:56.668283,interface,0.725,0.197,0.429
2024-08-29T10:42:56.690219,interface,0.738,0.199,0.414
2024-08-29T10:42:59.763293,interface,0.111,0.488,0.493
2024-08-29T10:43:22.525331,interface,0.175,0.644,0.184
2024-08-29T10:43:22.603242,interface,0.325,0.626,0.16
2024-08-29T10:43:22.626248,interface,0.257,0.654,0.177
2024-08-29T10:43:29.412367,interface,0.317,0.563,0.177
2024-08-29T10:43:29.452185,interface,0.273,0.585,0.174
2024-08-29T10:43:29.471205,interface,0.266,0.594,0.164
2024-08-29T10:43:35.110618,interface,0.154,0.769,0.354
2024-08-29T10:43:35.129310,interface,0.0,0.7940001,0.086
2024-08-29T10:43:35.148202,interface,0.162,0.739,0.094
2024-08-29T10:43:35.169246,interface,0.108,0.727,0.425
2024-08-29T10:43:35.226221,interface,0.147,0.6690001,0.59
2024-08-29T10:43:35.250230,interface,0.108,0.694,0.405
2024-08-29T10:43:35.269311,interface,0.088,0.71,0.178
2024-08-29T10:43:35.287191,interface,0.039,0.714,0.187
2024-08-29T10:43:35.308221,interface,0.088,0.705,0.308
2024-08-29T10:43:35.327204,interface,0.088,0.721,0.168
2024-08-29T10:43:35.348223,interface,0.095,0.75,0.127
2024-08-29T10:43:35.368190,interface,0.179,0.786,0.0
2024-08-29T10:43:35.389275,interface,0.241,0.864,0.132
2024-08-29T10:43:35.408192,interface,0.255,0.864,0.392
2024-08-29T10:43:35.545827,interface,0.486,0.265,0.871
2024-08-29T10:43:35.566199,interface,0.486,0.255,0.823
2024-08-29T10:43:37.315392,interface,0.562,0.6,0.017
2024-08-29T10:43:37.391217,interface,0.621,0.655,0.0
2024-08-29T10:43:37.414166,interface,0.69,0.602,0.0
2024-08-29T10:43:37.472225,interface,0.593,0.711,0.186
2024-08-29T10:43:37.489246,interface,0.606,0.692,0.0
2024-08-29T10:43:37.510205,interface,0.496,0.702,0.136
2024-08-29T10:43:37.550199,interface,0.624,0.691,0.199
2024-08-29T10:43:37.568174,interface,0.584,0.695,0.167
2024-08-29T10:43:37.591214,interface,0.579,0.694,0.147
2024-08-29T10:43:37.610232,interface,0.597,0.692,0.141
2024-08-29T10:43:37.631196,interface,0.56,0.705,0.141
2024-08-29T10:43:37.651276,interface,0.5440001,0.693,0.161
2024-08-29T10:43:37.668222,interface,0.524,0.699,0.143
2024-08-29T10:43:37.689250,interface,0.519,0.699,0.131
2024-08-29T10:43:37.709241,interface,0.533,0.682,0.124
2024-08-29T10:43:37.730275,interface,0.521,0.699,0.092
2024-08-29T10:43:37.997237,interface,0.477,0.703,0.083
2024-08-29T10:43:37.998987,interface,0.437,0.717,0.074
2024-08-29T10:43:38.000959,interface,0.446,0.719,0.025
2024-08-29T10:43:38.002913,interface,0.471,0.731,0.007
2024-08-29T10:43:38.004796,interface,0.49,0.743,0.021
2024-08-29T10:43:38.006684,interface,0.499,0.758,0.0
2024-08-29T10:43:38.008465,interface,0.5440001,0.774,0.0
2024-08-29T10:43:38.010364,interface,0.589,0.766,0.042
2024-08-29T10:43:38.012149,interface,0.647,0.741,0.06800001
2024-08-29T10:43:38.014021,interface,0.688,0.746,0.041
2024-08-29T10:43:38.015806,interface,0.636,0.76,0.018
2024-08-29T10:43:38.017658,interface,0.639,0.767,0.043
2024-08-29T10:43:38.019428,interface,0.661,0.785,0.011
2024-08-29T10:43:38.025396,interface,0.663,0.761,0.033
2024-08-29T10:43:38.031196,interface,0.682,0.764,0.109
2024-08-29T10:43:38.048492,interface,0.675,0.74,0.153
2024-08-29T10:43:39.036205,interface,0.654,0.576,0.04
2024-08-29T10:43:39.059217,interface,0.63,0.572,0.045
2024-08-29T10:43:39.116210,interface,0.661,0.624,0.0
2024-08-29T10:43:39.139177,interface,0.577,0.633,0.0
2024-08-29T10:43:39.158194,interface,0.43,0.66,0.15
2024-08-29T10:43:39.196241,interface,0.597,0.625,0.1
2024-08-29T10:43:39.215213,interface,0.546,0.618,0.104
2024-08-29T10:43:39.238202,interface,0.526,0.638,0.086
2024-08-29T10:43:39.258187,interface,0.59,0.609,0.075
2024-08-29T10:43:39.275244,interface,0.607,0.604,0.086
2024-08-29T10:43:39.297224,interface,0.564,0.626,0.06599999
2024-08-29T10:43:39.316198,interface,0.5,0.623,0.058
2024-08-29T10:43:39.336205,interface,0.515,0.618,0.128
2024-08-29T10:43:39.415248,interface,0.538,0.614,0.139
2024-08-29T10:43:40.109283,interface,0.484,0.63,0.094
2024-08-29T10:43:40.131187,interface,0.479,0.66,0.056
2024-08-29T10:43:40.148210,interface,0.521,0.645,0.121
2024-08-29T10:43:40.169248,interface,0.519,0.65,0.05
2024-08-29T10:43:40.189245,interface,0.518,0.668,0.011
2024-08-29T10:43:40.209266,interface,0.535,0.67,0.055
2024-08-29T10:43:40.229271,interface,0.538,0.667,0.074
2024-08-29T10:43:40.250181,interface,0.578,0.649,0.048
2024-08-29T10:43:40.270210,interface,0.638,0.635,0.095
2024-08-29T10:43:40.290199,interface,0.665,0.629,0.138
2024-08-29T10:43:40.606219,interface,0.504,0.538,0.885
2024-08-29T10:43:40.624221,interface,0.493,0.531,0.89
2024-08-29T10:43:41.263971,interface,0.415,0.448,0.111
2024-08-29T10:43:41.299218,interface,0.269,0.494,0.174
2024-08-29T10:43:41.322209,interface,0.336,0.477,0.144
2024-08-29T10:43:43.384575,interface,0.331,0.428,0.139
2024-08-29T10:43:43.503209,interface,0.354,0.407,0.133
2024-08-29T10:43:43.899210,interface,0.744,0.657,0.17
2024-08-29T10:43:43.921271,interface,0.811,0.626,0.018
2024-08-29T10:43:43.978247,interface,0.754,0.775,0.0
2024-08-29T10:43:44.000186,interface,0.761,0.732,0.0
2024-08-29T10:43:44.019242,interface,0.574,0.787,0.236
2024-08-29T10:43:44.039218,interface,0.501,0.822,0.152
2024-08-29T10:43:44.060170,interface,0.565,0.826,0.043
2024-08-29T10:43:44.079195,interface,0.632,0.758,0.015
2024-08-29T10:43:44.100187,interface,0.614,0.718,0.095
2024-08-29T10:43:44.120208,interface,0.606,0.698,0.198
2024-08-29T10:43:44.142380,interface,0.584,0.7059999,0.074
2024-08-29T10:43:44.160334,interface,0.571,0.696,0.023
2024-08-29T10:43:44.178322,interface,0.603,0.656,0.024
2024-08-29T10:43:44.198213,interface,0.6,0.638,0.01
2024-08-29T10:43:44.218212,interface,0.575,0.629,0.017
2024-08-29T10:43:44.239220,interface,0.545,0.664,0.024
2024-08-29T10:43:44.259191,interface,0.494,0.673,0.002
2024-08-29T10:43:44.279200,interface,0.48,0.699,0.0
2024-08-29T10:43:44.301271,interface,0.532,0.697,0.006
2024-08-29T10:43:44.316192,interface,0.571,0.709,0.0
2024-08-29T10:43:44.337255,interface,0.54,0.763,0.0
2024-08-29T10:43:44.357219,interface,0.543,0.815,0.0
2024-08-29T10:43:44.378202,interface,0.607,0.807,0.008
2024-08-29T10:43:44.397259,interface,0.666,0.8,0.012
2024-08-29T10:43:44.418223,interface,0.678,0.807,0.037
2024-08-29T10:43:44.438222,interface,0.637,0.847,0.004
2024-08-29T10:43:44.455230,interface,0.636,0.879,0.011
2024-08-29T10:43:44.476193,interface,0.604,0.879,0.057
2024-08-29T10:43:44.496215,interface,0.597,0.875,0.029
2024-08-29T10:43:44.517292,interface,0.653,0.833,0.153
2024-08-29T10:43:44.536170,interface,0.603,0.854,0.154
2024-08-29T10:43:44.557245,interface,0.548,0.859,0.311
2024-08-29T10:43:44.833660,interface,0.469,0.637,0.887
2024-08-29T10:43:44.856808,interface,0.458,0.659,0.952
2024-08-29T10:43:44.875748,interface,0.433,0.686,1.0
2024-08-29T10:43:44.894743,interface,0.403,0.72,1.0
2024-08-29T10:43:44.912789,interface,0.367,0.748,1.0
2024-08-29T10:43:44.933745,interface,0.389,0.755,1.0
2024-08-29T10:43:44.952226,interface,0.472,0.759,1.0
2024-08-29T10:43:44.974239,interface,0.53,0.789,0.9969999
2024-08-29T10:43:44.993247,interface,0.499,0.817,0.884
2024-08-29T10:43:45.014243,interface,0.483,0.818,0.817
2024-08-29T10:43:45.033247,interface,0.555,0.825,0.72
2024-08-29T10:43:45.090257,interface,0.594,0.8820001,0.291
2024-08-29T10:43:45.116229,interface,0.399,0.9139999,0.0
2024-08-29T10:43:45.132215,interface,0.406,0.607,0.0
2024-08-29T10:43:45.153243,interface,0.716,0.419,0.184
2024-08-29T10:43:45.172230,interface,0.716,0.501,0.127
2024-08-29T10:43:45.189515,interface,0.235,0.577,0.0
2024-08-29T10:43:45.210412,interface,0.34,0.476,0.027
2024-08-29T10:43:45.230299,interface,0.392,0.39,0.086
2024-08-29T10:43:45.251205,interface,0.381,0.346,0.121
2024-08-29T10:43:45.271212,interface,0.451,0.313,0.166
2024-08-29T10:43:45.291230,interface,0.439,0.319,0.175
2024-08-29T10:43:45.311232,interface,0.441,0.323,0.109
2024-08-29T10:43:45.349253,interface,0.458,0.327,0.159
2024-08-29T10:44:05.732004,interface,0.556,0.412,0.124
2024-08-29T10:44:05.749243,interface,0.483,0.555,0.0
2024-08-29T10:44:06.921306,interface,0.477,0.303,0.146
2024-08-29T10:44:07.177378,interface,0.147,0.301,0.629
2024-08-29T10:44:07.200213,interface,0.126,0.304,0.617
2024-08-29T10:44:07.219224,interface,0.181,0.305,0.548
2024-08-29T10:44:07.277255,interface,0.586,0.304,0.141
2024-08-29T10:44:14.600339,interface,0.483,0.067,0.523
2024-08-29T10:44:14.919287,interface,0.423,0.285,0.821
2024-08-29T10:44:15.336217,interface,0.306,0.339,0.843
2024-08-29T10:44:15.354295,interface,0.516,0.307,0.086
2024-08-29T10:44:15.910259,interface,0.403,0.17,0.246
2024-08-29T10:44:16.249257,interface,0.437,0.335,0.127
2024-08-29T10:44:16.347231,interface,0.459,0.308,0.1
2024-08-29T10:44:16.366226,interface,0.371,0.327,0.124
2024-08-29T10:44:19.482300,interface,0.489,0.449,0.108
2024-08-29T10:44:19.522283,interface,0.571,0.503,0.071
2024-08-29T10:44:19.541317,interface,0.647,0.514,0.045
2024-08-29T10:44:19.566313,interface,0.689,0.49,0.151
2024-08-29T10:44:19.584326,interface,0.627,0.549,0.087
2024-08-29T10:44:19.605260,interface,0.659,0.575,0.003
2024-08-29T10:44:19.625236,interface,0.636,0.564,0.0
2024-08-29T10:44:19.642218,interface,0.531,0.579,0.0
2024-08-29T10:44:19.663165,interface,0.558,0.537,0.0
2024-08-29T10:44:19.682253,interface,0.547,0.5,0.049
2024-08-29T10:44:19.779285,interface,0.61,0.494,0.081
2024-08-29T10:44:19.802233,interface,0.547,0.521,0.095
2024-08-29T10:44:19.821236,interface,0.504,0.521,0.116
2024-08-29T10:44:19.843220,interface,0.456,0.476,0.06400001
2024-08-29T10:44:19.862201,interface,0.355,0.446,0.152
2024-08-29T10:44:19.879197,interface,0.301,0.443,0.23
2024-08-29T10:44:20.653340,interface,0.144,0.521,0.366
2024-08-29T10:44:20.675222,interface,0.141,0.572,0.274
2024-08-29T10:44:20.695215,interface,0.152,0.611,0.16
2024-08-29T10:44:20.715328,interface,0.123,0.648,0.094
2024-08-29T10:44:20.735231,interface,0.061,0.707,0.09099999
2024-08-29T10:44:20.756199,interface,0.031,0.791,0.039
2024-08-29T10:44:20.775195,interface,0.003,0.893,0.0
2024-08-29T10:44:20.792162,interface,0.0,1.0,0.0
2024-08-29T10:44:20.835178,interface,0.126,1.0,0.0
2024-08-29T10:44:20.854191,interface,0.1,1.0,0.0
2024-08-29T10:44:20.873236,interface,0.18,1.0,0.0
2024-08-29T10:44:20.898177,interface,0.265,1.0,0.0
2024-08-29T10:44:20.918155,interface,0.324,1.0,0.0
2024-08-29T10:44:20.931242,interface,0.482,0.957,0.0
2024-08-29T10:44:20.952181,interface,0.592,0.935,0.0
2024-08-29T10:44:20.972247,interface,0.701,0.853,0.0
2024-08-29T10:44:20.993265,interface,0.77,0.781,0.0
2024-08-29T10:44:21.012252,interface,0.857,0.698,0.061
2024-08-29T10:44:21.033298,interface,0.88,0.656,0.148
2024-08-29T10:44:21.053234,interface,0.87,0.599,0.267
2024-08-29T10:44:21.090238,interface,0.8719999,0.526,0.404
2024-08-29T10:44:21.467267,interface,0.624,0.438,0.15
2024-08-29T10:44:21.487181,interface,0.758,0.504,0.007
2024-08-29T10:44:21.507218,interface,0.866,0.51,0.0
2024-08-29T10:44:21.606192,interface,0.697,0.573,0.149
2024-08-29T10:44:21.629272,interface,0.747,0.619,0.035
2024-08-29T10:44:21.648396,interface,0.665,0.634,0.0
2024-08-29T10:44:21.670294,interface,0.511,0.639,0.0
2024-08-29T10:44:21.687204,interface,0.468,0.639,0.0
2024-08-29T10:44:21.706266,interface,0.377,0.598,0.0
2024-08-29T10:44:21.727188,interface,0.286,0.536,0.0
2024-08-29T10:44:21.747220,interface,0.281,0.48,0.0
2024-08-29T10:44:21.768220,interface,0.223,0.548,0.0
2024-08-29T10:44:21.785311,interface,0.173,0.685,0.0
2024-08-29T10:44:21.805273,interface,0.079,0.851,0.0
2024-08-29T10:44:21.825235,interface,0.0,0.924,0.0
2024-08-29T10:44:21.845245,interface,0.0,0.852,0.0
2024-08-29T10:44:21.866203,interface,0.0,0.795,0.212
2024-08-29T10:44:21.885230,interface,0.0,0.77,0.426
2024-08-29T10:44:21.906191,interface,0.0,0.753,0.563
2024-08-29T10:44:21.926214,interface,0.0,0.689,0.674
2024-08-29T10:44:21.943202,interface,0.028,0.625,0.774
2024-08-29T10:44:21.964213,interface,0.07,0.605,0.841
2024-08-29T10:44:21.984219,interface,0.129,0.572,0.793
2024-08-29T10:44:22.083266,interface,0.795,0.273,0.361
2024-08-29T10:44:22.103212,interface,0.823,0.289,0.305
2024-08-29T10:44:22.123200,interface,0.862,0.26,0.316
2024-08-29T10:44:22.143185,interface,0.8,0.246,0.207
2024-08-29T10:44:24.323263,interface,0.641,0.502,0.132
2024-08-29T10:44:24.345238,interface,0.676,0.478,0.035
2024-08-29T10:44:24.364239,interface,0.695,0.485,0.06599999
2024-08-29T10:44:24.502211,interface,0.521,0.472,0.112
2024-08-29T10:44:24.525248,interface,0.574,0.459,0.019
2024-08-29T10:44:24.545250,interface,0.557,0.432,0.09099999
2024-08-29T10:44:24.565377,interface,0.485,0.379,0.139
2024-08-29T10:44:24.602233,interface,0.401,0.375,0.15
2024-08-29T10:44:24.623254,interface,0.442,0.375,0.057
2024-08-29T10:44:24.643224,interface,0.446,0.385,0.027
2024-08-29T10:44:24.664213,interface,0.479,0.387,0.004
2024-08-29T10:44:24.683235,interface,0.493,0.387,0.065
2024-08-29T10:44:28.154285,interface,0.8679999,0.585,0.354
2024-08-29T10:44:28.173267,interface,0.88,0.631,0.295
2024-08-29T10:44:28.232248,interface,0.266,0.654,0.2
2024-08-29T10:44:28.254199,interface,0.329,0.705,0.09
2024-08-29T10:44:28.274278,interface,0.652,0.682,0.051
2024-08-29T10:44:28.295222,interface,0.697,0.709,0.0
2024-08-29T10:44:28.314226,interface,0.437,0.655,0.0
2024-08-29T10:44:28.335184,interface,0.253,0.597,0.0
2024-08-29T10:44:28.396201,interface,0.309,0.5,0.08200001
2024-08-29T10:44:28.412262,interface,0.44,0.49,0.0
2024-08-29T10:44:28.434227,interface,0.456,0.508,0.079
2024-08-29T10:44:28.453252,interface,0.474,0.52,0.105
2024-08-29T10:44:28.768236,interface,0.455,0.527,0.109
2024-08-29T10:44:28.790210,interface,0.488,0.523,0.112
2024-08-29T10:44:28.930351,interface,0.596,0.49,0.132
2024-08-29T10:44:29.781321,interface,0.598,0.48,0.056
2024-08-29T10:44:29.803222,interface,0.619,0.479,0.001
2024-08-29T10:44:29.822221,interface,0.555,0.474,0.115
2024-08-29T10:44:30.039334,interface,0.311,0.345,0.799
2024-08-29T10:44:31.924313,interface,0.089,0.65,0.561
2024-08-29T10:44:31.946277,interface,0.11,0.778,0.451
2024-08-29T10:44:31.966198,interface,0.275,0.854,0.257
2024-08-29T10:44:31.985288,interface,0.448,0.9150001,0.09
2024-08-29T10:44:32.004213,interface,0.567,0.903,0.057
2024-08-29T10:44:32.025293,interface,0.518,0.892,0.041
2024-08-29T10:44:32.045443,interface,0.552,0.962,0.182
2024-08-29T10:44:32.066325,interface,0.652,0.99,0.062
2024-08-29T10:44:32.085422,interface,0.745,0.962,0.0
2024-08-29T10:44:32.106211,interface,0.664,0.922,0.0
2024-08-29T10:44:32.126248,interface,0.622,0.902,0.078
2024-08-29T10:44:32.143213,interface,0.676,0.855,0.114
2024-08-29T10:44:32.164201,interface,0.637,0.807,0.195
2024-08-29T10:44:32.184199,interface,0.542,0.787,0.236
2024-08-29T10:44:32.204252,interface,0.515,0.764,0.222
2024-08-29T10:44:32.243216,interface,0.574,0.827,0.305
2024-08-29T10:44:32.262223,interface,0.671,0.776,0.149
2024-08-29T10:44:32.282193,interface,0.563,0.75,0.166
2024-08-29T10:44:32.322200,interface,0.477,0.732,0.145
2024-08-29T10:44:32.343192,interface,0.467,0.735,0.165
2024-08-29T10:44:32.363180,interface,0.567,0.7,0.153
2024-08-29T10:44:32.384191,interface,0.55,0.703,0.107
2024-08-29T10:44:32.403245,interface,0.537,0.691,0.13
2024-08-29T10:44:32.423262,interface,0.53,0.655,0.157
2024-08-29T10:44:33.432284,interface,0.406,0.291,0.144
2024-08-29T10:44:33.454203,interface,0.409,0.3,0.079
2024-08-29T10:44:33.473297,interface,0.46,0.288,0.132
2024-08-29T10:44:36.429340,interface,0.574,0.299,0.174
2024-08-29T10:44:36.452249,interface,0.562,0.297,0.099
2024-08-29T10:44:36.469274,interface,0.501,0.296,0.1
2024-08-29T10:44:36.490245,interface,0.453,0.29,0.188
2024-08-29T10:44:36.547209,interface,0.523,0.273,0.177
2024-08-29T10:44:36.570219,interface,0.53,0.272,0.114
2024-08-29T10:44:36.589228,interface,0.506,0.297,0.094
2024-08-29T10:44:36.608163,interface,0.537,0.289,0.043
2024-08-29T10:44:36.629251,interface,0.472,0.288,0.17
2024-08-29T10:44:37.309329,interface,0.2,0.374,0.188
2024-08-29T10:44:37.322294,interface,0.151,0.309,0.287
2024-08-29T10:44:37.344218,interface,0.044,0.321,0.389
2024-08-29T10:44:37.363274,interface,0.02,0.39,0.236
2024-08-29T10:44:37.383192,interface,0.243,0.417,0.0
2024-08-29T10:44:37.404213,interface,0.428,0.362,0.0
2024-08-29T10:44:37.424176,interface,0.375,0.334,0.0
2024-08-29T10:44:37.441301,interface,0.326,0.332,0.047
2024-08-29T10:44:37.462224,interface,0.359,0.3,0.0
2024-08-29T10:44:37.481239,interface,0.359,0.289,0.0
2024-08-29T10:44:37.502188,interface,0.442,0.273,0.0
2024-08-29T10:44:37.522183,interface,0.458,0.313,0.042
2024-08-29T10:44:37.543246,interface,0.561,0.313,0.022
2024-08-29T10:44:37.563192,interface,0.637,0.319,0.006
2024-08-29T10:44:37.580223,interface,0.67,0.346,0.096
2024-08-29T10:44:37.601294,interface,0.712,0.39,0.101
2024-08-29T10:44:37.620213,interface,0.816,0.395,0.188
2024-08-29T10:44:37.642212,interface,0.8719999,0.426,0.251
2024-08-29T10:44:37.661238,interface,0.859,0.407,0.44
2024-08-29T10:44:37.719212,interface,0.719,0.439,0.834
2024-08-29T10:44:37.742176,interface,0.665,0.408,0.9309999
2024-08-29T10:44:37.759206,interface,0.566,0.383,0.91
2024-08-29T10:44:38.334226,interface,0.808,0.289,0.43
2024-08-29T10:44:38.373301,interface,0.795,0.3,0.353
2024-08-29T10:44:38.394210,interface,0.8450001,0.298,0.291
2024-08-29T10:44:38.416238,interface,0.925,0.312,0.181
2024-08-29T10:44:38.435290,interface,1.0,0.293,0.08
2024-08-29T10:44:38.453277,interface,1.0,0.243,0.0
2024-08-29T10:44:38.474220,interface,0.918,0.257,0.02
2024-08-29T10:44:38.494207,interface,0.809,0.295,0.02
2024-08-29T10:44:38.515194,interface,0.802,0.237,0.087
2024-08-29T10:44:38.534186,interface,0.689,0.266,0.246
2024-08-29T10:44:38.555215,interface,0.672,0.306,0.216
2024-08-29T10:44:38.575203,interface,0.755,0.316,0.08
2024-08-29T10:44:38.592204,interface,0.676,0.376,0.065
2024-08-29T10:44:38.691255,interface,0.349,0.451,0.118
2024-08-29T10:44:38.711249,interface,0.22,0.492,0.123
2024-08-29T10:44:38.731217,interface,0.048,0.52,0.207
2024-08-29T10:44:38.751234,interface,0.0,0.493,0.311
2024-08-29T10:44:38.771181,interface,0.0,0.451,0.509
2024-08-29T10:44:39.207468,interface,0.258,0.389,0.219
2024-08-29T10:44:39.230212,interface,0.208,0.422,0.274
2024-08-29T10:44:39.287226,interface,0.304,0.433,0.133
2024-08-29T10:44:39.307219,interface,0.41,0.404,0.027
2024-08-29T10:44:39.326204,interface,0.461,0.36,0.052
2024-08-29T10:44:39.366381,interface,0.257,0.378,0.143
2024-08-29T10:44:39.388264,interface,0.267,0.396,0.0
2024-08-29T10:44:39.407229,interface,0.427,0.388,0.0
2024-08-29T10:44:39.428188,interface,0.63,0.346,0.0
2024-08-29T10:44:39.448227,interface,0.708,0.256,0.0
2024-08-29T10:44:39.465249,interface,0.491,0.228,0.0
2024-08-29T10:44:39.486194,interface,0.49,0.27,0.0
2024-08-29T10:44:39.505310,interface,0.725,0.282,0.0
2024-08-29T10:44:39.526184,interface,0.755,0.322,0.0
2024-08-29T10:44:39.546252,interface,0.724,0.336,0.089
2024-08-29T10:44:39.567244,interface,0.808,0.393,0.212
2024-08-29T10:44:39.587198,interface,0.91,0.398,0.328
2024-08-29T10:44:39.606245,interface,0.965,0.412,0.381
2024-08-29T10:44:39.625255,interface,0.897,0.459,0.524
2024-08-29T10:44:39.664223,interface,0.795,0.483,0.8349999
2024-08-29T10:44:39.683214,interface,0.74,0.468,0.867
2024-08-29T10:44:39.706253,interface,0.636,0.412,0.932
2024-08-29T10:44:39.725242,interface,0.461,0.394,0.907
2024-08-29T10:44:40.384356,interface,0.788,0.274,0.305
2024-08-29T10:44:40.399405,interface,0.943,0.273,0.234
2024-08-29T10:44:40.417364,interface,1.0,0.25,0.228
2024-08-29T10:44:40.440199,interface,0.966,0.249,0.169
2024-08-29T10:44:40.460214,interface,1.0,0.289,0.232
2024-08-29T10:44:40.477343,interface,1.0,0.309,0.087
2024-08-29T10:44:40.498234,interface,1.0,0.344,0.0
2024-08-29T10:44:40.517315,interface,1.0,0.399,0.0
2024-08-29T10:44:40.540213,interface,0.766,0.436,0.06400001
2024-08-29T10:44:40.596200,interface,0.629,0.536,0.131
2024-08-29T10:44:40.618215,interface,0.589,0.57,0.044
2024-08-29T10:44:40.637238,interface,0.495,0.574,0.023
2024-08-29T10:44:40.657240,interface,0.315,0.576,0.13
2024-08-29T10:44:40.677272,interface,0.129,0.6,0.181
2024-08-29T10:44:40.699187,interface,0.02,0.582,0.152
2024-08-29T10:44:40.718205,interface,0.0,0.546,0.047
2024-08-29T10:44:40.737226,interface,0.0,0.478,0.154
2024-08-29T10:44:40.755244,interface,0.142,0.429,0.389
2024-08-29T10:44:41.236020,interface,0.247,0.417,0.21
2024-08-29T10:44:41.254226,interface,0.252,0.415,0.127
2024-08-29T10:44:41.273252,interface,0.321,0.393,0.117
2024-08-29T10:44:41.331216,interface,0.33,0.386,0.099
2024-08-29T10:44:41.353238,interface,0.494,0.35,0.0
2024-08-29T10:44:41.372188,interface,0.598,0.244,0.0
2024-08-29T10:44:41.392192,interface,0.381,0.227,0.129
2024-08-29T10:44:41.411208,interface,0.277,0.206,0.083
2024-08-29T10:44:41.430387,interface,0.252,0.239,0.0
2024-08-29T10:44:41.450358,interface,0.415,0.265,0.003
2024-08-29T10:44:41.470272,interface,0.595,0.25,0.0
2024-08-29T10:44:41.490209,interface,0.53,0.303,0.109
2024-08-29T10:44:41.511218,interface,0.615,0.347,0.06
2024-08-29T10:44:41.530291,interface,0.825,0.351,0.079
2024-08-29T10:44:41.551241,interface,0.967,0.343,0.151
2024-08-29T10:44:41.571214,interface,0.98,0.431,0.332
2024-08-29T10:44:41.589252,interface,0.9700001,0.506,0.449
2024-08-29T10:44:41.609228,interface,0.988,0.515,0.687
2024-08-29T10:44:41.629259,interface,0.889,0.493,0.828
2024-08-29T10:44:41.650234,interface,0.685,0.435,0.912
2024-08-29T10:44:41.669309,interface,0.465,0.399,0.892
2024-08-29T10:44:42.403350,interface,0.874,0.35,0.487
2024-08-29T10:44:42.423283,interface,1.0,0.386,0.377
2024-08-29T10:44:42.445248,interface,1.0,0.391,0.159
2024-08-29T10:44:42.462380,interface,1.0,0.329,0.003
2024-08-29T10:44:42.483349,interface,1.0,0.366,0.245
2024-08-29T10:44:42.502375,interface,1.0,0.357,0.26
2024-08-29T10:44:42.523202,interface,1.0,0.369,0.022
2024-08-29T10:44:42.543219,interface,0.968,0.42,0.039
2024-08-29T10:44:42.561240,interface,0.725,0.461,0.105
2024-08-29T10:44:42.621253,interface,0.512,0.529,0.057
2024-08-29T10:44:42.639236,interface,0.442,0.521,0.081
2024-08-29T10:44:42.662200,interface,0.357,0.521,0.136
2024-08-29T10:44:42.682205,interface,0.254,0.512,0.182
2024-08-29T10:44:42.703209,interface,0.169,0.498,0.219
2024-08-29T10:44:42.722177,interface,0.1,0.473,0.212
2024-08-29T10:44:42.740255,interface,0.06,0.437,0.178
2024-08-29T10:44:42.761260,interface,0.072,0.405,0.251
2024-08-29T10:44:43.277526,interface,0.262,0.521,0.184
2024-08-29T10:44:43.298155,interface,0.264,0.529,0.145
2024-08-29T10:44:43.316181,interface,0.282,0.504,0.052
2024-08-29T10:44:43.336197,interface,0.373,0.506,0.0
2024-08-29T10:44:43.356184,interface,0.5,0.425,0.0
2024-08-29T10:44:43.378215,interface,0.403,0.372,0.003
2024-08-29T10:44:43.397266,interface,0.312,0.311,0.0
2024-08-29T10:44:43.416266,interface,0.305,0.323,0.0
2024-08-29T10:44:43.434226,interface,0.313,0.379,0.0
2024-08-29T10:44:43.455213,interface,0.5,0.419,0.0
2024-08-29T10:44:43.474223,interface,0.729,0.434,0.0
2024-08-29T10:44:43.495251,interface,0.874,0.458,0.0
2024-08-29T10:44:43.518345,interface,0.943,0.457,0.0
2024-08-29T10:44:43.536322,interface,0.894,0.466,0.078
2024-08-29T10:44:43.556236,interface,0.923,0.566,0.266
2024-08-29T10:44:43.573254,interface,0.925,0.658,0.415
2024-08-29T10:44:43.594293,interface,0.923,0.821,0.741
2024-08-29T10:44:43.616201,interface,0.955,0.783,1.0
2024-08-29T10:44:43.634196,interface,0.999,0.604,1.0
2024-08-29T10:44:43.654219,interface,0.647,0.478,0.977
2024-08-29T10:44:43.675209,interface,0.448,0.437,0.999
2024-08-29T10:44:43.772240,interface,0.715,0.18,0.479
2024-08-29T10:44:44.208214,interface,0.892,0.439,0.583
2024-08-29T10:44:44.230213,interface,1.0,0.376,0.394
2024-08-29T10:44:44.250206,interface,0.898,0.356,0.36
2024-08-29T10:44:44.288245,interface,0.9599999,0.381,0.367
2024-08-29T10:44:44.308207,interface,0.971,0.35,0.254
2024-08-29T10:44:44.330223,interface,0.9599999,0.352,0.155
2024-08-29T10:44:44.348174,interface,1.0,0.275,0.185
2024-08-29T10:44:44.369281,interface,0.909,0.29,0.199
2024-08-29T10:44:44.389245,interface,0.926,0.28,0.179
2024-08-29T10:44:44.406203,interface,0.959,0.297,0.102
2024-08-29T10:44:44.427202,interface,0.883,0.302,0.1
2024-08-29T10:44:44.447226,interface,0.782,0.318,0.227
2024-08-29T10:44:44.468201,interface,0.837,0.341,0.314
2024-08-29T10:44:44.487230,interface,0.92,0.395,0.165
2024-08-29T10:44:44.509227,interface,0.888,0.441,0.09799999
2024-08-29T10:44:44.528190,interface,0.721,0.475,0.11
2024-08-29T10:44:44.584352,interface,0.123,0.569,0.193
2024-08-29T10:44:44.606224,interface,0.0,0.589,0.165
2024-08-29T10:44:44.626256,interface,0.0,0.563,0.083
2024-08-29T10:44:44.647200,interface,0.0,0.54,0.111
2024-08-29T10:44:44.667193,interface,0.035,0.477,0.438
2024-08-29T10:44:44.744205,interface,0.805,0.196,0.41
2024-08-29T10:44:45.161338,interface,0.164,0.41,0.356
2024-08-29T10:44:45.183206,interface,0.093,0.49,0.349
2024-08-29T10:44:45.202207,interface,0.111,0.564,0.241
2024-08-29T10:44:45.222207,interface,0.194,0.621,0.055
2024-08-29T10:44:45.239204,interface,0.217,0.621,0.0
2024-08-29T10:44:45.260210,interface,0.232,0.607,0.0
2024-08-29T10:44:45.280207,interface,0.361,0.524,0.083
2024-08-29T10:44:45.300243,interface,0.348,0.525,0.0
2024-08-29T10:44:45.320190,interface,0.413,0.568,0.0
2024-08-29T10:44:45.341237,interface,0.523,0.547,0.0
2024-08-29T10:44:45.361244,interface,0.592,0.477,0.0
2024-08-29T10:44:45.378192,interface,0.57,0.408,0.0
2024-08-29T10:44:45.399207,interface,0.642,0.432,0.0
2024-08-29T10:44:45.418199,interface,0.9,0.438,0.0
2024-08-29T10:44:45.440213,interface,0.9969999,0.411,0.0
2024-08-29T10:44:45.459216,interface,0.924,0.414,0.094
2024-08-29T10:44:45.480184,interface,0.916,0.428,0.3
2024-08-29T10:44:45.517248,interface,0.807,0.589,0.708
2024-08-29T10:44:45.538212,interface,0.763,0.641,0.906
2024-08-29T10:44:45.558223,interface,0.8309999,0.562,1.0
2024-08-29T10:44:45.578179,interface,0.838,0.398,1.0
2024-08-29T10:44:45.598348,interface,0.579,0.386,0.932
2024-08-29T10:44:47.688116,interface,0.924,0.353,0.418
2024-08-29T10:44:47.700328,interface,1.0,0.376,0.331
2024-08-29T10:44:47.723260,interface,1.0,0.403,0.194
2024-08-29T10:44:47.742181,interface,1.0,0.402,0.079
2024-08-29T10:44:47.759178,interface,1.0,0.425,0.001
2024-08-29T10:44:47.782214,interface,1.0,0.385,0.0
2024-08-29T10:44:47.802203,interface,0.903,0.371,0.011
2024-08-29T10:44:47.819208,interface,0.778,0.31,0.037
2024-08-29T10:44:47.840245,interface,0.7940001,0.316,0.0
2024-08-29T10:44:47.860182,interface,0.739,0.322,0.0
2024-08-29T10:44:47.881230,interface,0.545,0.354,0.114
2024-08-29T10:44:47.919197,interface,0.322,0.481,0.121
2024-08-29T10:44:47.939228,interface,0.448,0.418,0.013
2024-08-29T10:44:47.959219,interface,0.406,0.398,0.06400001
2024-08-29T10:44:47.979197,interface,0.281,0.416,0.146
2024-08-29T10:44:49.964401,interface,0.283,0.4,0.191
2024-08-29T10:44:49.985242,interface,0.236,0.452,0.187
2024-08-29T10:44:50.004178,interface,0.154,0.582,0.199
2024-08-29T10:44:50.023237,interface,0.072,0.619,0.09
2024-08-29T10:44:50.044233,interface,0.027,0.678,0.0
2024-08-29T10:44:50.064230,interface,0.089,0.591,0.0
2024-08-29T10:44:50.085253,interface,0.186,0.361,0.11
2024-08-29T10:44:50.104257,interface,0.021,0.498,0.0
2024-08-29T10:44:50.122203,interface,0.249,0.515,0.0
2024-08-29T10:44:50.142262,interface,0.672,0.425,0.0
2024-08-29T10:44:50.162209,interface,0.797,0.385,0.0
2024-08-29T10:44:50.183186,interface,0.772,0.382,0.047
2024-08-29T10:44:50.203210,interface,0.887,0.347,0.182
2024-08-29T10:44:50.224199,interface,0.9440001,0.362,0.301
2024-08-29T10:44:50.243214,interface,0.962,0.338,0.466
2024-08-29T10:44:50.281256,interface,0.848,0.398,0.83
2024-08-29T10:44:50.299206,interface,0.725,0.353,0.887
2024-08-29T10:44:50.322297,interface,0.521,0.34,0.856
2024-08-29T10:44:52.033283,interface,0.863,0.305,0.423
2024-08-29T10:44:52.048219,interface,0.941,0.322,0.399
2024-08-29T10:44:52.069258,interface,1.0,0.369,0.408
2024-08-29T10:44:52.088203,interface,1.0,0.444,0.315
2024-08-29T10:44:52.105322,interface,1.0,0.42,0.024
2024-08-29T10:44:52.126217,interface,1.0,0.379,0.0
2024-08-29T10:44:52.146187,interface,0.823,0.419,0.123
2024-08-29T10:44:52.168228,interface,0.9150001,0.393,0.194
2024-08-29T10:44:52.184160,interface,1.0,0.397,0.0
2024-08-29T10:44:52.207198,interface,0.929,0.511,0.0
2024-08-29T10:44:52.227226,interface,0.762,0.587,0.048
2024-08-29T10:44:52.245273,interface,0.69,0.616,0.006
2024-08-29T10:44:52.266174,interface,0.557,0.6690001,0.0
2024-08-29T10:44:52.285260,interface,0.463,0.687,0.0
2024-08-29T10:44:52.306214,interface,0.326,0.68,0.0
2024-08-29T10:44:52.325281,interface,0.175,0.639,0.032
2024-08-29T10:44:52.346204,interface,0.044,0.594,0.109
2024-08-29T10:44:52.366207,interface,0.03,0.503,0.118
2024-08-29T10:44:52.383193,interface,0.174,0.421,0.311
2024-08-29T10:44:55.559284,interface,0.576,0.407,0.06
2024-08-29T10:44:55.580212,interface,0.659,0.464,0.0
2024-08-29T10:44:55.599200,interface,0.761,0.351,0.0
2024-08-29T10:44:55.620201,interface,0.488,0.313,0.157
2024-08-29T10:44:55.658195,interface,0.464,0.432,0.0
2024-08-29T10:44:55.678191,interface,0.876,0.401,0.0
2024-08-29T10:44:55.697269,interface,0.933,0.278,0.0
2024-08-29T10:44:55.718191,interface,0.57,0.26,0.141
2024-08-29T10:44:55.738195,interface,0.663,0.315,0.077
2024-08-29T10:44:55.759226,interface,0.929,0.307,0.0
2024-08-29T10:44:55.779178,interface,0.9559999,0.259,0.095
2024-08-29T10:44:55.799213,interface,0.814,0.252,0.359
2024-08-29T10:44:55.836264,interface,0.851,0.327,0.716
2024-08-29T10:44:55.858202,interface,0.908,0.36,0.8389999
2024-08-29T10:44:55.877221,interface,0.876,0.363,0.974
2024-08-29T10:44:55.898260,interface,0.739,0.327,0.998
2024-08-29T10:44:55.996245,interface,0.804,0.266,0.577
2024-08-29T10:44:56.076297,interface,0.8450001,0.31,0.474
2024-08-29T10:44:56.096186,interface,1.0,0.361,0.306
2024-08-29T10:44:56.117232,interface,1.0,0.345,0.163
2024-08-29T10:44:56.137228,interface,1.0,0.316,0.0
2024-08-29T10:44:56.154202,interface,1.0,0.318,0.0
2024-08-29T10:44:56.175214,interface,1.0,0.303,0.0
2024-08-29T10:44:56.194285,interface,0.866,0.317,0.0
2024-08-29T10:44:56.216202,interface,0.818,0.324,0.211
2024-08-29T10:44:56.235218,interface,0.862,0.349,0.303
2024-08-29T10:44:56.256235,interface,0.981,0.396,0.276
2024-08-29T10:44:56.276171,interface,0.947,0.423,0.088
2024-08-29T10:44:56.293293,interface,0.876,0.446,0.0
2024-08-29T10:44:56.314196,interface,0.685,0.476,0.0
2024-08-29T10:44:56.334214,interface,0.455,0.568,0.036
2024-08-29T10:44:56.354198,interface,0.256,0.599,0.031
2024-08-29T10:44:56.374202,interface,0.077,0.624,0.012
2024-08-29T10:44:56.395235,interface,0.0,0.611,0.0
2024-08-29T10:44:56.414200,interface,0.0,0.622,0.0
2024-08-29T10:44:56.432181,interface,0.11,0.567,0.381
2024-08-29T10:44:56.491230,interface,0.366,0.496,0.124
2024-08-29T10:44:56.511201,interface,0.319,0.554,0.0
2024-08-29T10:44:56.534209,interface,0.418,0.576,0.081
2024-08-29T10:44:56.553279,interface,0.509,0.607,0.029
2024-08-29T10:44:56.571188,interface,0.72,0.606,0.009
2024-08-29T10:44:56.591229,interface,0.865,0.518,0.0
2024-08-29T10:44:56.611206,interface,0.896,0.385,0.0
2024-08-29T10:44:56.632204,interface,0.797,0.316,0.095
2024-08-29T10:44:56.652225,interface,0.595,0.422,0.0
2024-08-29T10:44:56.672180,interface,0.598,0.432,0.0
2024-08-29T10:44:56.692255,interface,0.721,0.379,0.0
2024-08-29T10:44:56.713247,interface,0.818,0.407,0.0
2024-08-29T10:44:56.733281,interface,0.918,0.373,0.109
2024-08-29T10:44:56.750224,interface,0.615,0.384,0.073
2024-08-29T10:44:56.774231,interface,0.779,0.395,0.043
2024-08-29T10:44:56.790243,interface,1.0,0.337,0.0
2024-08-29T10:44:56.811195,interface,0.999,0.346,0.255
2024-08-29T10:44:56.831286,interface,0.9599999,0.302,0.507
2024-08-29T10:44:56.852257,interface,0.886,0.292,0.678
2024-08-29T10:44:56.872226,interface,0.739,0.357,0.854
2024-08-29T10:44:56.889238,interface,0.695,0.356,0.98
2024-08-29T10:44:57.088275,interface,0.945,0.427,0.239
2024-08-29T10:44:57.107205,interface,1.0,0.412,0.09799999
2024-08-29T10:44:57.129259,interface,1.0,0.425,0.0
2024-08-29T10:44:57.151268,interface,1.0,0.427,0.014
2024-08-29T10:44:57.167213,interface,0.999,0.423,0.259
2024-08-29T10:44:57.187184,interface,1.0,0.464,0.246
2024-08-29T10:44:57.207171,interface,1.0,0.505,0.0
2024-08-29T10:44:57.228211,interface,1.0,0.553,0.0
2024-08-29T10:44:57.248181,interface,0.653,0.547,0.042
2024-08-29T10:44:57.306202,interface,0.254,0.526,0.183
2024-08-29T10:44:57.384221,interface,0.195,0.478,0.196
2024-08-29T10:44:57.410171,interface,0.117,0.469,0.266
2024-08-29T10:44:57.425284,interface,0.119,0.484,0.304
2024-08-29T10:44:57.504265,interface,0.429,0.518,0.075
2024-08-29T10:44:57.526204,interface,0.482,0.527,0.008
2024-08-29T10:44:57.546220,interface,0.597,0.468,0.07
2024-08-29T10:44:57.583199,interface,0.682,0.477,0.0
2024-08-29T10:44:57.604196,interface,0.795,0.475,0.0
2024-08-29T10:44:57.623236,interface,0.782,0.454,0.0
2024-08-29T10:44:57.645286,interface,0.936,0.417,0.026
2024-08-29T10:44:57.664186,interface,1.0,0.313,0.0
2024-08-29T10:44:57.685221,interface,0.951,0.309,0.0
2024-08-29T10:44:57.705236,interface,0.745,0.289,0.102
2024-08-29T10:44:57.742214,interface,0.601,0.411,0.033
2024-08-29T10:44:57.764240,interface,0.686,0.422,0.0
2024-08-29T10:44:57.783207,interface,0.76,0.421,0.009
2024-08-29T10:44:57.803216,interface,0.768,0.447,0.153
2024-08-29T10:44:57.824186,interface,0.929,0.434,0.149
2024-08-29T10:44:57.843280,interface,0.955,0.425,0.308
2024-08-29T10:44:57.865247,interface,0.8809999,0.416,0.513
2024-08-29T10:44:57.944261,interface,0.599,0.376,0.846
2024-08-29T10:44:58.100315,interface,0.892,0.435,0.238
2024-08-29T10:44:58.118386,interface,1.0,0.461,0.047
2024-08-29T10:44:58.141248,interface,1.0,0.521,0.0
2024-08-29T10:44:58.160167,interface,1.0,0.55,0.0
2024-08-29T10:44:58.178198,interface,1.0,0.542,0.0
2024-08-29T10:44:58.199203,interface,1.0,0.598,0.0
2024-08-29T10:44:58.219191,interface,0.984,0.657,0.0
2024-08-29T10:44:58.240198,interface,0.883,0.659,0.0
2024-08-29T10:44:58.259283,interface,0.786,0.644,0.0
2024-08-29T10:44:58.280303,interface,0.699,0.633,0.025
2024-08-29T10:44:58.300189,interface,0.659,0.667,0.04
2024-08-29T10:44:58.321259,interface,0.623,0.677,0.051
2024-08-29T10:44:58.343204,interface,0.55,0.674,0.107
2024-08-29T10:44:58.358219,interface,0.439,0.691,0.153
2024-08-29T10:44:58.379194,interface,0.375,0.679,0.155
2024-08-29T10:44:58.398274,interface,0.316,0.653,0.175
2024-08-29T10:44:58.419251,interface,0.218,0.631,0.245
2024-08-29T10:44:58.439228,interface,0.101,0.5809999,0.308
2024-08-29T10:44:58.460203,interface,0.0,0.577,0.327
2024-08-29T10:44:58.479249,interface,0.0,0.569,0.338
2024-08-29T10:44:58.497223,interface,0.121,0.528,0.401
2024-08-29T10:44:58.636218,interface,0.552,0.65,0.041
2024-08-29T10:44:58.656251,interface,0.66,0.608,0.0
2024-08-29T10:44:58.676194,interface,0.708,0.57,0.0
2024-08-29T10:44:58.697229,interface,0.67,0.557,0.056
2024-08-29T10:44:58.716215,interface,0.647,0.637,0.0
2024-08-29T10:44:58.737256,interface,0.751,0.691,0.0
2024-08-29T10:44:58.755233,interface,0.945,0.698,0.0
2024-08-29T10:44:58.774219,interface,0.947,0.6,0.0
2024-08-29T10:44:58.795213,interface,0.8309999,0.509,0.0
2024-08-29T10:44:58.815197,interface,0.762,0.454,0.003
2024-08-29T10:44:58.836222,interface,0.605,0.449,0.022
2024-08-29T10:44:58.855180,interface,0.672,0.442,0.0
2024-08-29T10:44:58.876190,interface,0.651,0.464,0.0
2024-08-29T10:44:58.896197,interface,0.715,0.492,0.0
2024-08-29T10:44:58.913257,interface,0.833,0.514,0.0
2024-08-29T10:44:58.934183,interface,0.802,0.493,0.092
2024-08-29T10:44:58.954203,interface,0.784,0.503,0.203
2024-08-29T10:44:59.053258,interface,0.704,0.455,0.812
2024-08-29T10:44:59.073245,interface,0.709,0.402,0.84
2024-08-29T10:44:59.092316,interface,0.617,0.382,0.848
2024-08-29T10:45:37.216262,interface,0.889,0.309,0.435
2024-08-29T10:45:37.238208,interface,1.0,0.283,0.227
2024-08-29T10:45:37.256193,interface,1.0,0.297,0.0
2024-08-29T10:45:37.276209,interface,0.903,0.281,0.0
2024-08-29T10:45:37.354215,interface,0.743,0.317,0.103
2024-08-29T10:45:37.415218,interface,0.205,0.394,0.283
2024-08-29T10:45:37.436241,interface,0.113,0.403,0.322
2024-08-29T10:45:37.456206,interface,0.06800001,0.399,0.391
2024-08-29T10:45:37.476232,interface,0.158,0.365,0.418
2024-08-29T10:45:39.875348,interface,0.638,0.84,0.248
2024-08-29T10:45:39.897285,interface,0.731,0.88,0.146
2024-08-29T10:45:39.916210,interface,0.792,0.918,0.088
2024-08-29T10:45:39.936201,interface,0.774,0.957,0.017
2024-08-29T10:45:39.957239,interface,0.701,0.995,0.034
2024-08-29T10:45:39.976234,interface,0.694,1.0,0.023
2024-08-29T10:45:39.997262,interface,0.641,1.0,0.011
2024-08-29T10:45:40.016187,interface,0.645,1.0,0.0
2024-08-29T10:45:40.036162,interface,0.685,1.0,0.0
2024-08-29T10:45:40.054204,interface,0.71,1.0,0.0
2024-08-29T10:45:40.074221,interface,0.778,1.0,0.007
2024-08-29T10:45:40.095227,interface,0.853,1.0,0.005
2024-08-29T10:45:40.114314,interface,0.998,1.0,0.0
2024-08-29T10:45:40.135252,interface,0.983,1.0,0.022
2024-08-29T10:45:40.155212,interface,0.898,1.0,0.198
2024-08-29T10:45:40.176201,interface,0.932,1.0,0.344
2024-08-29T10:45:40.196195,interface,0.703,1.0,0.44
2024-08-29T10:45:40.213270,interface,0.5440001,1.0,0.606
2024-08-29T10:45:40.234250,interface,0.398,1.0,0.777
2024-08-29T10:45:40.253280,interface,0.33,1.0,0.912
2024-08-29T10:45:40.274227,interface,0.241,1.0,0.976
2024-08-29T10:45:40.294207,interface,0.06,1.0,1.0
2024-08-29T10:45:40.314204,interface,0.0,1.0,1.0
2024-08-29T10:45:40.334195,interface,0.0,0.967,1.0
2024-08-29T10:45:40.352214,interface,0.161,0.886,1.0
2024-08-29T10:45:40.373256,interface,0.337,0.827,0.834
2024-08-29T10:45:40.392175,interface,0.377,0.817,0.734
2024-08-29T10:45:40.413286,interface,0.361,0.842,0.751
2024-08-29T10:45:40.433240,interface,0.308,0.902,0.727
2024-08-29T10:45:40.454193,interface,0.266,0.973,0.604
2024-08-29T10:45:40.473244,interface,0.227,1.0,0.552
2024-08-29T10:45:40.490280,interface,0.269,1.0,0.543
2024-08-29T10:45:40.515240,interface,0.366,1.0,0.559
2024-08-29T10:45:40.531209,interface,0.452,1.0,0.473
2024-08-29T10:45:40.552249,interface,0.602,1.0,0.464
2024-08-29T10:45:40.571204,interface,0.726,1.0,0.246
2024-08-29T10:45:40.592191,interface,0.9,1.0,0.0
2024-08-29T10:45:40.611170,interface,1.0,1.0,0.0
2024-08-29T10:45:40.649272,interface,0.962,1.0,0.0
2024-08-29T10:45:40.672235,interface,0.702,0.826,0.0
2024-08-29T10:45:40.690299,interface,0.761,0.799,0.0
2024-08-29T10:45:40.710153,interface,1.0,0.672,0.0
2024-08-29T10:45:40.731251,interface,0.638,0.702,0.014
2024-08-29T10:45:41.165317,interface,0.585,0.795,0.017
2024-08-29T10:45:41.190224,interface,0.818,0.965,0.0
2024-08-29T10:45:41.207169,interface,1.0,1.0,0.0
2024-08-29T10:45:41.228238,interface,0.916,1.0,0.0
2024-08-29T10:45:41.248221,interface,0.89,1.0,0.0
2024-08-29T10:45:41.265257,interface,0.906,1.0,0.0
2024-08-29T10:45:41.286186,interface,1.0,1.0,0.0
2024-08-29T10:45:41.326231,interface,0.9599999,1.0,0.04
2024-08-29T10:45:41.344193,interface,0.935,1.0,0.214
2024-08-29T10:45:41.367164,interface,0.757,1.0,0.497
2024-08-29T10:45:41.387176,interface,0.556,1.0,0.732
2024-08-29T10:45:41.404195,interface,0.27,1.0,0.88
2024-08-29T10:45:41.425279,interface,0.078,1.0,1.0
2024-08-29T10:45:41.444171,interface,0.0,1.0,1.0
2024-08-29T10:45:41.503237,interface,0.033,1.0,1.0
2024-08-29T10:45:41.523192,interface,0.102,1.0,1.0
2024-08-29T10:45:41.542229,interface,0.131,1.0,1.0
2024-08-29T10:45:41.563246,interface,0.228,1.0,0.735
2024-08-29T10:45:41.583212,interface,0.413,1.0,0.59
2024-08-29T10:45:41.604190,interface,0.545,1.0,0.349
2024-08-29T10:45:41.623213,interface,0.71,1.0,0.32
2024-08-29T10:45:41.647216,interface,0.84,1.0,0.103
2024-08-29T10:45:41.664206,interface,0.953,1.0,0.0
2024-08-29T10:45:41.684284,interface,1.0,1.0,0.0
2024-08-29T10:45:41.720319,interface,0.853,1.0,0.0
2024-08-29T10:45:41.743197,interface,0.702,0.962,0.0
2024-08-29T10:45:41.762188,interface,0.744,0.87,0.0
2024-08-29T10:45:41.783224,interface,0.828,0.778,0.0
2024-08-29T10:45:41.803212,interface,0.783,0.687,0.0
2024-08-29T10:45:41.826317,interface,0.704,0.668,0.012
2024-08-29T10:45:42.396277,interface,0.595,0.646,0.127
2024-08-29T10:45:42.418283,interface,0.663,0.691,0.006
2024-08-29T10:45:42.437220,interface,0.757,0.704,0.0
2024-08-29T10:45:42.457253,interface,0.679,0.694,0.001
2024-08-29T10:45:42.477259,interface,0.574,0.678,0.055
2024-08-29T10:45:42.497253,interface,0.593,0.672,0.009
2024-08-29T10:45:42.518243,interface,0.635,0.662,0.004
2024-08-29T10:45:42.537325,interface,0.611,0.643,0.061
2024-08-29T10:45:48.235504,interface,0.631,0.471,0.14
2024-08-29T10:45:48.654384,interface,0.489,0.485,0.093
2024-08-29T10:45:56.249333,interface,0.439,0.432,0.125
2024-08-29T10:45:56.944309,interface,0.394,0.104,0.266
2024-08-29T10:45:58.909331,interface,0.354,0.349,0.121
2024-08-29T10:45:58.932187,interface,0.35,0.339,0.062
2024-08-29T10:45:58.953242,interface,0.313,0.321,0.09799999
2024-08-29T10:45:58.972193,interface,0.301,0.293,0.207
2024-08-29T10:46:31.038308,interface,0.44,0.377,0.15
2024-08-29T10:46:31.157229,interface,0.349,0.344,0.16
2024-08-29T10:46:31.179252,interface,0.305,0.374,0.072
2024-08-29T10:46:31.198208,interface,0.324,0.362,0.09
2024-08-29T10:46:32.826356,interface,0.356,0.423,0.136
2024-08-29T10:46:32.847308,interface,0.296,0.418,0.0
2024-08-29T10:46:32.867251,interface,0.449,0.419,0.0
2024-08-29T10:46:32.887234,interface,0.56,0.416,0.0
2024-08-29T10:46:32.904212,interface,0.619,0.425,0.0
2024-08-29T10:46:32.925248,interface,0.592,0.43,0.0
2024-08-29T10:46:32.945236,interface,0.525,0.418,0.006
2024-08-29T10:46:32.965248,interface,0.529,0.4,0.11
2024-08-29T10:46:32.985247,interface,0.574,0.402,0.104
2024-08-29T10:46:33.006254,interface,0.61,0.425,0.137
2024-08-29T10:46:33.026244,interface,0.624,0.415,0.114
2024-08-29T10:46:33.103249,interface,0.547,0.366,0.127
2024-08-29T10:46:34.692550,interface,0.403,0.383,0.146
2024-08-29T10:46:34.749333,interface,0.338,0.341,0.161
2024-08-29T10:46:34.788205,interface,0.363,0.325,0.147
2024-08-29T10:46:34.811216,interface,0.353,0.327,0.185
2024-08-29T10:46:34.830201,interface,0.372,0.33,0.188
2024-08-29T10:46:34.854203,interface,0.356,0.32,0.191
2024-08-29T10:46:35.013141,interface,0.8780001,0.491,0.477
2024-08-29T10:46:35.211024,interface,0.149,0.486,0.141
2024-08-29T10:46:35.225296,interface,0.457,0.438,0.0
2024-08-29T10:46:35.248237,interface,0.667,0.401,0.002
2024-08-29T10:46:35.268187,interface,0.539,0.437,0.035
2024-08-29T10:46:35.287201,interface,0.375,0.37,0.084
2024-08-29T10:46:35.325259,interface,0.494,0.376,0.135
2024-08-29T10:46:35.384201,interface,0.5809999,0.459,0.009
2024-08-29T10:46:35.424202,interface,0.525,0.46,0.099
2024-08-29T10:46:35.443260,interface,0.585,0.463,0.036
2024-08-29T10:46:35.504209,interface,0.508,0.462,0.107
2024-08-29T10:46:35.522248,interface,0.446,0.461,0.07
2024-08-29T10:46:35.545250,interface,0.427,0.458,0.05
2024-08-29T10:46:35.565246,interface,0.393,0.47,0.114
2024-08-29T10:46:35.901438,interface,0.464,0.379,0.112
2024-08-29T10:46:35.979852,interface,0.761,0.773,0.123
2024-08-29T10:46:36.002238,interface,0.876,0.748,0.061
2024-08-29T10:46:36.022213,interface,0.9049999,0.6690001,0.136
2024-08-29T10:46:36.078225,interface,0.727,0.741,0.269
2024-08-29T10:46:36.100236,interface,0.801,0.73,0.194
2024-08-29T10:46:36.120242,interface,0.718,0.664,0.083
2024-08-29T10:46:36.296449,interface,0.606,0.663,0.0
2024-08-29T10:46:36.316312,interface,0.697,0.683,0.0
2024-08-29T10:46:36.337416,interface,0.628,0.66,0.061
2024-08-29T10:46:36.556375,interface,0.588,0.539,0.0
2024-08-29T10:46:36.573320,interface,0.417,0.54,0.094
2024-08-29T10:46:40.866029,interface,0.505,0.362,0.127
2024-08-29T10:46:40.981784,interface,0.372,0.431,0.114
2024-08-29T10:46:41.397300,interface,0.325,0.404,0.159
2024-08-29T10:46:41.556696,interface,0.518,0.953,0.369
2024-08-29T10:46:42.274136,interface,0.497,0.299,0.179
2024-08-29T10:46:42.290225,interface,0.557,0.245,0.133
2024-08-29T10:46:42.309241,interface,0.632,0.25,0.0
2024-08-29T10:46:42.330215,interface,0.563,0.335,0.0
2024-08-29T10:46:42.350222,interface,0.405,0.384,0.0
2024-08-29T10:46:42.371227,interface,0.459,0.426,0.0
2024-08-29T10:46:42.390214,interface,0.625,0.441,0.0
2024-08-29T10:46:42.411234,interface,0.665,0.465,0.0
2024-08-29T10:46:42.431190,interface,0.583,0.567,0.0
2024-08-29T10:46:42.448219,interface,0.439,0.74,0.0
2024-08-29T10:46:42.469256,interface,0.493,0.802,0.061
2024-08-29T10:46:42.489225,interface,0.517,0.853,0.331
2024-08-29T10:46:42.513242,interface,0.503,0.9049999,0.427
2024-08-29T10:46:42.529252,interface,0.483,0.929,0.55
2024-08-29T10:46:42.550221,interface,0.42,0.983,0.668
2024-08-29T10:46:42.570216,interface,0.327,0.982,0.751
2024-08-29T10:46:42.587247,interface,0.218,0.992,0.808
2024-08-29T10:46:42.608246,interface,0.117,1.0,0.824
2024-08-29T10:46:42.627266,interface,0.045,1.0,0.854
2024-08-29T10:46:42.649256,interface,0.002,0.9969999,0.86
2024-08-29T10:46:42.668236,interface,0.008,0.973,0.846
2024-08-29T10:46:42.689303,interface,0.131,0.942,0.758
2024-08-29T10:46:42.709247,interface,0.282,0.9049999,0.636
2024-08-29T10:46:42.726215,interface,0.373,0.902,0.592
2024-08-29T10:46:42.747233,interface,0.398,0.921,0.564
2024-08-29T10:46:42.766201,interface,0.407,0.98,0.535
2024-08-29T10:46:42.787211,interface,0.443,1.0,0.506
2024-08-29T10:46:42.807222,interface,0.537,1.0,0.478
2024-08-29T10:46:42.828187,interface,0.657,1.0,0.317
2024-08-29T10:46:42.847216,interface,0.822,1.0,0.026
2024-08-29T10:46:42.864219,interface,1.0,1.0,0.0
2024-08-29T10:46:42.885314,interface,1.0,0.879,0.0
2024-08-29T10:46:42.905260,interface,0.334,0.962,0.0
2024-08-29T10:46:42.926244,interface,0.494,0.772,0.0
2024-08-29T10:46:42.946202,interface,0.92,0.524,0.0
2024-08-29T10:46:43.043229,interface,0.5440001,0.378,0.119
2024-08-29T10:46:43.181265,interface,0.605,0.465,0.138
2024-08-29T10:46:43.204270,interface,0.602,0.456,0.058
2024-08-29T10:46:43.224206,interface,0.65,0.439,0.017
2024-08-29T10:46:43.246329,interface,0.723,0.402,0.017
2024-08-29T10:46:43.264319,interface,0.807,0.391,0.0
2024-08-29T10:46:43.281385,interface,0.832,0.404,0.0
2024-08-29T10:46:43.302222,interface,0.675,0.499,0.0
2024-08-29T10:46:43.322177,interface,0.681,0.556,0.0
2024-08-29T10:46:43.343175,interface,0.683,0.598,0.0
2024-08-29T10:46:43.364231,interface,0.695,0.632,0.0
2024-08-29T10:46:43.383231,interface,0.698,0.715,0.026
2024-08-29T10:46:43.403234,interface,0.622,0.8190001,0.093
2024-08-29T10:46:43.420209,interface,0.584,0.884,0.191
2024-08-29T10:46:43.442174,interface,0.54,0.9139999,0.319
2024-08-29T10:46:43.461259,interface,0.512,0.923,0.452
2024-08-29T10:46:43.482200,interface,0.481,0.921,0.585
2024-08-29T10:46:43.501228,interface,0.438,0.938,0.714
2024-08-29T10:46:43.522191,interface,0.33,0.968,0.758
2024-08-29T10:46:43.542202,interface,0.158,0.998,0.656
2024-08-29T10:46:43.559181,interface,0.006,0.999,0.549
2024-08-29T10:46:43.580224,interface,0.0,1.0,0.602
2024-08-29T10:46:43.599190,interface,0.0,1.0,0.746
2024-08-29T10:46:43.620261,interface,0.0,1.0,0.8679999
2024-08-29T10:46:43.640183,interface,0.046,1.0,0.957
2024-08-29T10:46:43.661261,interface,0.211,1.0,0.903
2024-08-29T10:46:43.680266,interface,0.355,1.0,0.665
2024-08-29T10:46:43.698200,interface,0.456,1.0,0.511
2024-08-29T10:46:43.719235,interface,0.536,1.0,0.345
2024-08-29T10:46:43.738291,interface,0.655,1.0,0.212
2024-08-29T10:46:43.759268,interface,0.825,0.951,0.152
2024-08-29T10:46:43.779236,interface,1.0,0.971,0.085
2024-08-29T10:46:43.799203,interface,1.0,1.0,0.0
2024-08-29T10:46:43.819206,interface,0.922,1.0,0.0
2024-08-29T10:46:43.836243,interface,0.335,1.0,0.0
2024-08-29T10:46:43.861239,interface,0.829,0.626,0.0
2024-08-29T10:46:43.877215,interface,0.634,0.564,0.0
2024-08-29T10:46:44.159950,interface,0.652,0.476,0.142
2024-08-29T10:46:44.175223,interface,0.696,0.463,0.152
2024-08-29T10:46:44.234257,interface,0.687,0.442,0.138
2024-08-29T10:46:44.254191,interface,0.715,0.438,0.165
2024-08-29T10:46:44.278382,interface,0.693,0.44,0.16
2024-08-29T10:46:44.294315,interface,0.69,0.454,0.132
2024-08-29T10:46:44.316291,interface,0.658,0.483,0.08200001
2024-08-29T10:46:44.334208,interface,0.651,0.488,0.07
2024-08-29T10:46:44.355246,interface,0.64,0.486,0.117
2024-08-29T10:46:44.375218,interface,0.662,0.468,0.128
2024-08-29T10:46:44.396198,interface,0.684,0.47,0.128
2024-08-29T10:46:44.415191,interface,0.688,0.48,0.132
2024-08-29T10:46:44.433226,interface,0.675,0.503,0.144
2024-08-29T10:46:44.650206,interface,0.429,0.854,0.751
2024-08-29T10:46:44.672225,interface,0.322,0.954,0.82
2024-08-29T10:46:44.691226,interface,0.189,1.0,0.713
2024-08-29T10:46:44.710183,interface,0.077,1.0,0.53
2024-08-29T10:46:44.731201,interface,0.0,1.0,0.432
2024-08-29T10:46:44.751212,interface,0.0,1.0,0.605
2024-08-29T10:46:44.771230,interface,0.0,1.0,0.757
2024-08-29T10:46:44.791233,interface,0.0,1.0,0.864
2024-08-29T10:46:44.812250,interface,0.246,1.0,0.874
2024-08-29T10:46:44.832217,interface,0.533,1.0,0.701
2024-08-29T10:46:44.849316,interface,0.788,1.0,0.548
2024-08-29T10:46:44.870204,interface,1.0,1.0,0.314
2024-08-29T10:46:44.889233,interface,1.0,1.0,0.008
2024-08-29T10:46:44.911193,interface,1.0,0.8389999,0.0
2024-08-29T10:46:44.930239,interface,0.859,0.701,0.0
2024-08-29T10:46:44.951188,interface,0.501,0.632,0.0
2024-08-29T10:46:44.970220,interface,0.49,0.593,0.0
2024-08-29T10:46:44.988191,interface,0.823,0.43,0.0
2024-08-29T10:46:45.009257,interface,0.751,0.349,0.153
2024-08-29T10:46:45.031222,interface,0.765,0.318,0.285
2024-08-29T10:46:45.226258,interface,0.629,0.458,0.107
2024-08-29T10:46:45.246228,interface,0.561,0.49,0.124
2024-08-29T10:46:45.487543,interface,0.619,0.45,0.135
2024-08-29T10:46:45.507203,interface,0.614,0.477,0.085
2024-08-29T10:46:45.526207,interface,0.616,0.482,0.0
2024-08-29T10:46:45.543275,interface,0.656,0.496,0.0
2024-08-29T10:46:45.564200,interface,0.68,0.491,0.049
2024-08-29T10:46:45.584205,interface,0.744,0.454,0.073
2024-08-29T10:46:45.605354,interface,0.745,0.449,0.054
2024-08-29T10:46:45.625239,interface,0.734,0.484,0.048
2024-08-29T10:46:45.645280,interface,0.695,0.509,0.15
2024-08-29T10:46:45.842233,interface,0.382,0.848,0.685
2024-08-29T10:46:45.862203,interface,0.275,0.899,0.708
2024-08-29T10:46:45.883173,interface,0.145,0.94,0.68
2024-08-29T10:46:45.902220,interface,0.003,0.962,0.67
2024-08-29T10:46:45.923173,interface,0.0,0.943,0.642
2024-08-29T10:46:45.943198,interface,0.0,0.887,0.644
2024-08-29T10:46:45.960179,interface,0.0,0.864,0.713
2024-08-29T10:46:45.981231,interface,0.271,0.816,0.662
2024-08-29T10:46:46.079330,interface,0.856,0.328,0.149
2024-08-29T10:46:46.099204,interface,0.891,0.179,0.0
2024-08-29T10:46:46.118211,interface,0.75,0.204,0.0
2024-08-29T10:46:46.141223,interface,0.569,0.246,0.0
2024-08-29T10:46:46.160256,interface,0.428,0.285,0.035
2024-08-29T10:46:46.180202,interface,0.329,0.316,0.046
2024-08-29T10:46:46.201243,interface,0.336,0.292,0.155
2024-08-29T10:46:46.338196,interface,0.646,0.246,0.241
2024-08-29T10:46:46.357408,interface,0.786,0.204,0.177
2024-08-29T10:46:46.377401,interface,0.834,0.181,0.242
2024-08-29T10:46:46.399777,interface,0.799,0.177,0.144
2024-08-29T10:46:46.417221,interface,0.772,0.204,0.209
2024-08-29T10:46:46.438230,interface,0.785,0.203,0.307
2024-08-29T10:46:46.458195,interface,0.784,0.24,0.382
2024-08-29T10:46:46.479231,interface,0.817,0.217,0.414
2024-08-29T10:46:46.498185,interface,0.857,0.244,0.395
2024-08-29T10:46:46.518187,interface,0.892,0.273,0.353
2024-08-29T10:46:46.536453,interface,0.91,0.312,0.313
2024-08-29T10:46:46.697934,interface,0.46,0.837,0.666
2024-08-29T10:46:46.715200,interface,0.453,0.971,0.5809999
2024-08-29T10:46:46.735257,interface,0.414,1.0,0.474
2024-08-29T10:46:46.756196,interface,0.247,1.0,0.424
2024-08-29T10:46:46.776197,interface,0.086,1.0,0.494
2024-08-29T10:46:46.793231,interface,0.0,1.0,0.525
2024-08-29T10:46:46.814214,interface,0.0,1.0,0.561
2024-08-29T10:46:46.834216,interface,0.0,1.0,0.637
2024-08-29T10:46:46.854226,interface,0.018,1.0,0.69
2024-08-29T10:46:46.874195,interface,0.283,1.0,0.604
2024-08-29T10:46:46.895190,interface,0.491,1.0,0.499
2024-08-29T10:46:46.915234,interface,0.783,1.0,0.224
2024-08-29T10:46:46.935230,interface,1.0,1.0,0.0
2024-08-29T10:46:46.971193,interface,1.0,0.321,0.0
2024-08-29T10:46:46.994221,interface,0.566,0.918,0.193
2024-08-29T10:46:47.013229,interface,0.191,0.712,0.112
2024-08-29T10:46:47.034205,interface,0.065,0.565,0.019
2024-08-29T10:46:47.054228,interface,0.419,0.472,0.115
2024-08-29T10:46:47.093249,interface,0.8059999,0.27,0.476
2024-08-29T10:46:47.112184,interface,0.783,0.23,0.563
2024-08-29T10:46:47.275430,interface,0.31,0.473,0.115
2024-08-29T10:46:47.293275,interface,0.57,0.438,0.105
2024-08-29T10:46:47.311176,interface,0.52,0.479,0.108
2024-08-29T10:46:47.350227,interface,0.343,0.599,0.128
2024-08-29T10:46:47.370211,interface,0.472,0.586,0.058
2024-08-29T10:46:47.389222,interface,0.602,0.521,0.0
2024-08-29T10:46:47.410402,interface,0.671,0.515,0.025
2024-08-29T10:46:51.720365,interface,0.431,0.351,0.075
2024-08-29T10:46:51.738201,interface,0.437,0.376,0.101
2024-08-29T10:46:51.757237,interface,0.404,0.4,0.005
2024-08-29T10:46:51.777236,interface,0.431,0.388,0.029
2024-08-29T10:46:51.954209,interface,0.274,0.563,0.825
2024-08-29T10:46:51.973213,interface,0.181,0.619,0.78
2024-08-29T10:46:51.994200,interface,0.123,0.646,0.708
2024-08-29T10:46:52.014209,interface,0.105,0.661,0.659
2024-08-29T10:46:52.035202,interface,0.148,0.637,0.716
2024-08-29T10:46:52.054245,interface,0.21,0.596,0.745
2024-08-29T10:46:52.175770,interface,0.686,0.397,0.114
2024-08-29T10:46:52.195224,interface,0.787,0.276,0.102
2024-08-29T10:46:52.214189,interface,0.858,0.206,0.0
2024-08-29T10:46:52.233317,interface,0.74,0.254,0.0
2024-08-29T10:46:52.251218,interface,0.554,0.34,0.06
2024-08-29T10:46:52.529308,interface,0.506,0.46,0.062
2024-08-29T10:46:52.550188,interface,0.526,0.468,0.008
2024-08-29T10:46:52.569272,interface,0.473,0.478,0.101
2024-08-29T10:46:52.754319,interface,0.5809999,0.391,0.15
2024-08-29T10:46:52.768198,interface,0.601,0.377,0.16
2024-08-29T10:46:52.966225,interface,0.443,0.569,0.101
2024-08-29T10:46:52.986221,interface,0.296,0.517,0.019
2024-08-29T10:46:53.085265,interface,0.795,0.361,0.204
2024-08-29T10:46:53.166212,interface,0.543,0.471,0.061
2024-08-29T10:46:53.187198,interface,0.541,0.451,0.05900001
2024-08-29T10:46:53.403544,interface,0.598,0.508,0.104
2024-08-29T10:46:53.422206,interface,0.632,0.499,0.08
2024-08-29T10:46:53.521254,interface,0.748,0.487,0.187
2024-08-29T10:46:53.543204,interface,0.668,0.537,0.057
2024-08-29T10:46:53.562173,interface,0.673,0.553,0.021
2024-08-29T10:46:53.582219,interface,0.688,0.529,0.012
2024-08-29T10:46:53.603221,interface,0.618,0.518,0.133
2024-08-29T10:46:53.898528,interface,0.546,0.737,0.0
2024-08-29T10:46:53.919211,interface,0.726,0.656,0.0
2024-08-29T10:46:53.938222,interface,0.718,0.72,0.017
2024-08-29T10:46:53.961271,interface,0.752,0.664,0.266
2024-08-29T10:46:53.982188,interface,0.743,0.665,0.169
2024-08-29T10:46:53.998227,interface,0.79,0.655,0.042
2024-08-29T10:46:54.019215,interface,0.859,0.623,0.017
2024-08-29T10:46:54.039238,interface,0.825,0.583,0.151
2024-08-29T10:46:54.216349,interface,0.4,0.324,0.184
2024-08-29T10:46:54.376714,interface,0.636,0.554,0.134
2024-08-29T10:46:54.399243,interface,0.693,0.543,0.09099999
2024-08-29T10:46:54.674496,interface,0.53,0.446,0.075
2024-08-29T10:46:54.771307,interface,0.41,0.453,0.101
2024-08-29T10:46:55.309269,interface,0.59,0.409,0.121
2024-08-29T10:46:55.327197,interface,0.598,0.409,0.084
2024-08-29T10:46:55.350240,interface,0.574,0.417,0.076
2024-08-29T10:46:55.370234,interface,0.546,0.446,0.08
2024-08-29T10:46:55.387232,interface,0.52,0.45,0.106
2024-08-29T10:46:55.804297,interface,0.604,0.546,0.039
2024-08-29T10:46:55.824195,interface,0.591,0.53,0.04
2024-08-29T10:46:56.361476,interface,0.511,0.576,0.081
2024-08-29T10:46:56.383248,interface,0.521,0.58,0.021
2024-08-29T10:46:56.402216,interface,0.543,0.579,0.085
2024-08-29T10:46:56.778490,interface,0.373,0.384,0.11
2024-08-29T10:46:56.796331,interface,0.404,0.353,0.129
2024-08-29T10:46:56.819282,interface,0.412,0.338,0.164
2024-08-29T10:46:59.020378,interface,0.634,0.423,0.143
2024-08-29T10:47:14.581347,interface,0.502,0.404,0.083
2024-08-29T10:47:14.603224,interface,0.549,0.4,0.023
2024-08-29T10:47:14.621322,interface,0.528,0.397,0.06400001
2024-08-29T10:47:15.910310,interface,0.005,0.563,0.0
2024-08-29T10:47:16.030225,interface,0.315,0.496,0.088
2024-08-29T10:47:16.823281,interface,0.472,0.407,0.131
2024-08-29T10:47:17.181371,interface,0.597,0.323,0.178
2024-08-29T10:47:17.877317,interface,0.08200001,0.435,0.518
2024-08-29T10:47:17.896207,interface,0.026,0.485,0.5
2024-08-29T10:47:17.917287,interface,0.075,0.444,0.423
2024-08-29T10:47:18.035279,interface,0.121,0.424,0.565
2024-08-29T10:47:18.273282,interface,0.223,0.432,1.0
2024-08-29T10:47:18.372210,interface,0.208,0.404,0.759
2024-08-29T10:47:18.531213,interface,0.524,0.304,0.916
2024-08-29T10:47:18.553232,interface,0.537,0.256,0.926
2024-08-29T10:47:19.523279,interface,0.488,0.291,0.825
2024-08-29T10:47:20.991296,interface,0.502,0.174,0.723
2024-08-29T10:47:21.071298,interface,0.649,0.316,0.813
2024-08-29T10:47:21.110226,interface,0.644,0.285,0.81
2024-08-29T10:47:21.190262,interface,0.726,0.302,0.767
2024-08-29T10:47:21.288246,interface,0.742,0.322,0.889
2024-08-29T10:47:21.528225,interface,0.693,0.309,0.8719999
2024-08-29T10:47:21.884281,interface,0.658,0.343,0.802
2024-08-29T10:47:21.925249,interface,0.556,0.333,0.857
2024-08-29T10:47:22.282248,interface,0.517,0.258,0.811
2024-08-29T10:47:22.342210,interface,0.56,0.25,0.896
2024-08-29T10:47:22.381248,interface,0.313,0.276,0.767
2024-08-29T10:47:23.195595,interface,0.723,0.663,0.159
2024-08-29T10:47:23.318824,interface,0.335,0.7940001,0.329
2024-08-29T10:47:23.335211,interface,0.242,0.7940001,0.64
2024-08-29T10:47:23.352274,interface,0.034,0.683,1.0
2024-08-29T10:47:23.375180,interface,0.467,0.476,1.0
2024-08-29T10:47:23.414164,interface,0.105,0.678,0.9150001
2024-08-29T10:47:23.435259,interface,0.145,0.571,1.0
2024-08-29T10:47:23.454210,interface,0.653,0.433,1.0
2024-08-29T10:47:23.512260,interface,0.251,0.557,1.0
2024-08-29T10:47:23.533270,interface,0.438,0.53,1.0
2024-08-29T10:47:23.572200,interface,0.487,0.536,0.976
2024-08-29T10:47:23.592183,interface,0.497,0.52,0.9309999
2024-08-29T10:47:23.614215,interface,0.452,0.524,1.0
2024-08-29T10:47:23.634224,interface,0.429,0.53,0.924
2024-08-29T10:47:23.652178,interface,0.498,0.51,0.8820001
2024-08-29T10:47:23.676187,interface,0.511,0.515,0.988
2024-08-29T10:47:23.692245,interface,0.461,0.52,1.0
2024-08-29T10:47:23.714205,interface,0.412,0.5440001,0.984
2024-08-29T10:47:23.733252,interface,0.445,0.535,0.988
2024-08-29T10:47:23.753284,interface,0.493,0.535,1.0
2024-08-29T10:47:23.773240,interface,0.474,0.537,1.0
2024-08-29T10:47:23.790203,interface,0.448,0.561,0.939
2024-08-29T10:47:23.811210,interface,0.352,0.562,0.937
2024-08-29T10:47:29.986224,interface,0.973,0.335,0.701
2024-08-29T10:47:30.004204,interface,1.0,0.381,0.8059999
2024-08-29T10:47:30.023253,interface,1.0,0.593,0.424
2024-08-29T10:47:30.081216,interface,0.009,0.64,0.349
2024-08-29T10:47:30.106315,interface,0.0,0.626,0.107
2024-08-29T10:47:30.121502,interface,0.0,0.52,0.198
2024-08-29T10:47:30.143241,interface,0.095,0.476,0.461
2024-08-29T10:47:30.165235,interface,0.112,0.435,0.474
2024-08-29T10:47:30.183307,interface,0.123,0.442,0.388
2024-08-29T10:47:30.203240,interface,0.086,0.448,0.457
2024-08-29T10:47:30.223223,interface,0.1,0.451,0.495
2024-08-29T10:47:31.949232,interface,0.115,0.357,0.494
2024-08-29T10:47:31.970227,interface,0.074,0.35,0.499
2024-08-29T10:47:31.989271,interface,0.125,0.399,0.44
2024-08-29T10:47:34.626164,interface,0.926,0.431,0.537
2024-08-29T10:47:34.648237,interface,1.0,0.549,0.352
2024-08-29T10:47:34.668287,interface,0.853,0.688,0.615
2024-08-29T10:47:34.706244,interface,0.223,0.764,0.593
2024-08-29T10:47:34.729237,interface,0.061,0.764,0.355
2024-08-29T10:47:34.748182,interface,0.0,0.681,0.469
2024-08-29T10:47:34.766217,interface,0.0,0.619,0.489
2024-08-29T10:47:34.785264,interface,0.0,0.54,0.563
2024-08-29T10:47:34.804239,interface,0.0,0.515,0.588
2024-08-29T10:47:34.827172,interface,0.0,0.498,0.555
2024-08-29T10:47:34.847199,interface,0.0,0.481,0.577
2024-08-29T10:47:34.867239,interface,0.0,0.47,0.538
2024-08-29T10:47:34.887251,interface,0.013,0.481,0.437
2024-08-29T10:47:37.728947,interface,0.223,0.307,0.672
2024-08-29T10:47:37.742221,interface,0.199,0.306,0.643
2024-08-29T10:47:37.766149,interface,0.189,0.309,0.607
2024-08-29T10:47:42.008457,interface,0.45,0.849,0.357
2024-08-29T10:47:42.029270,interface,0.405,0.909,0.439
2024-08-29T10:47:42.049234,interface,0.344,0.9559999,0.598
2024-08-29T10:47:42.072179,interface,0.201,0.936,0.941
2024-08-29T10:47:42.091218,interface,0.176,0.857,1.0
2024-08-29T10:47:42.109286,interface,0.32,0.8809999,0.827
2024-08-29T10:47:42.129265,interface,0.186,1.0,0.954
2024-08-29T10:47:42.149279,interface,0.109,0.974,1.0
2024-08-29T10:47:42.170200,interface,0.19,0.85,1.0
2024-08-29T10:47:42.189291,interface,0.337,0.843,1.0
2024-08-29T10:47:42.210228,interface,0.395,0.766,1.0
2024-08-29T10:47:42.230216,interface,0.387,0.688,1.0
2024-08-29T10:47:42.247221,interface,0.447,0.654,1.0
2024-08-29T10:47:42.268212,interface,0.53,0.596,1.0
2024-08-29T10:47:42.288199,interface,0.454,0.57,1.0
2024-08-29T10:47:42.309240,interface,0.462,0.557,0.929
2024-08-29T10:47:42.366237,interface,0.488,0.552,0.898
2024-08-29T10:47:43.418335,interface,0.433,0.572,0.8690001
2024-08-29T10:47:43.439204,interface,0.428,0.57,0.912
2024-08-29T10:47:43.460208,interface,0.403,0.576,0.885
2024-08-29T10:47:43.480299,interface,0.395,0.576,0.913
2024-08-29T10:47:43.497275,interface,0.36,0.582,0.971
2024-08-29T10:47:43.518191,interface,0.321,0.604,0.98
2024-08-29T10:47:43.538220,interface,0.298,0.638,0.945
2024-08-29T10:47:43.559208,interface,0.314,0.654,0.991
2024-08-29T10:47:43.578187,interface,0.282,0.67,1.0
2024-08-29T10:47:43.599207,interface,0.231,0.714,1.0
2024-08-29T10:47:43.619190,interface,0.193,0.752,1.0
2024-08-29T10:47:43.636361,interface,0.232,0.807,1.0
2024-08-29T10:47:43.657415,interface,0.257,0.811,1.0
2024-08-29T10:47:43.677320,interface,0.279,0.811,1.0
2024-08-29T10:47:43.697370,interface,0.357,0.803,0.804
2024-08-29T10:47:43.717238,interface,0.379,0.776,0.838
2024-08-29T10:47:43.738234,interface,0.382,0.773,0.769
2024-08-29T10:47:43.974217,interface,0.44,0.49,0.128
2024-08-29T10:47:43.993271,interface,0.433,0.47,0.132
2024-08-29T10:47:44.296302,interface,0.553,0.895,0.7059999
2024-08-29T10:47:44.310208,interface,0.57,0.908,0.874
2024-08-29T10:47:44.332213,interface,0.561,0.823,1.0
2024-08-29T10:47:44.351252,interface,0.358,0.808,1.0
2024-08-29T10:47:44.371208,interface,0.305,0.801,1.0
2024-08-29T10:47:44.392238,interface,0.223,0.758,1.0
2024-08-29T10:47:44.412182,interface,0.239,0.746,1.0
2024-08-29T10:47:44.432237,interface,0.3,0.661,1.0
2024-08-29T10:47:44.452218,interface,0.19,0.618,1.0
2024-08-29T10:47:44.472229,interface,0.149,0.585,1.0
2024-08-29T10:47:44.490230,interface,0.094,0.61,1.0
2024-08-29T10:47:44.510197,interface,0.197,0.615,1.0
2024-08-29T10:47:44.531206,interface,0.279,0.663,1.0
2024-08-29T10:47:44.550332,interface,0.295,0.675,1.0
2024-08-29T10:47:44.571210,interface,0.239,0.724,1.0
2024-08-29T10:47:44.591189,interface,0.259,0.735,1.0
2024-08-29T10:47:44.612195,interface,0.231,0.753,1.0
2024-08-29T10:47:44.631250,interface,0.287,0.773,1.0
2024-08-29T10:47:44.649289,interface,0.417,0.814,1.0
2024-08-29T10:47:44.671380,interface,0.446,0.8349999,0.933
2024-08-29T10:47:44.690369,interface,0.429,0.834,0.8360001
2024-08-29T10:47:44.710340,interface,0.414,0.888,0.671
2024-08-29T10:47:45.106152,interface,0.28,0.188,0.58
2024-08-29T10:47:49.751696,interface,0.585,0.497,0.884
2024-08-29T10:47:49.828316,interface,0.849,0.469,1.0
2024-08-29T10:47:49.849283,interface,1.0,0.439,0.846
2024-08-29T10:47:49.869320,interface,0.9190001,0.455,0.664
2024-08-29T10:47:49.890410,interface,0.785,0.428,0.739
2024-08-29T10:47:49.914295,interface,0.775,0.412,0.785
2024-08-29T10:47:50.105253,interface,0.776,0.488,0.767
2024-08-29T10:47:50.185247,interface,0.793,0.501,0.755
2024-08-29T10:47:50.207221,interface,0.821,0.493,0.727
2024-08-29T10:47:50.408024,interface,0.877,0.482,0.627
2024-08-29T10:47:50.433246,interface,0.8190001,0.472,0.727
2024-08-29T10:47:51.713244,interface,0.415,0.721,0.805
2024-08-29T10:47:51.738237,interface,0.415,0.755,0.867
2024-08-29T10:47:51.755232,interface,0.565,0.775,0.94
2024-08-29T10:47:51.776258,interface,0.63,0.807,1.0
2024-08-29T10:47:51.796210,interface,0.449,0.842,1.0
2024-08-29T10:47:51.813227,interface,0.396,0.827,1.0
2024-08-29T10:47:51.834191,interface,0.517,0.758,1.0
2024-08-29T10:47:51.853331,interface,0.564,0.72,1.0
2024-08-29T10:47:51.874179,interface,0.56,0.629,1.0
2024-08-29T10:47:51.894193,interface,0.514,0.547,1.0
2024-08-29T10:47:51.915214,interface,0.475,0.526,1.0
2024-08-29T10:47:51.935225,interface,0.474,0.538,1.0
2024-08-29T10:47:51.952178,interface,0.431,0.549,0.992
2024-08-29T10:47:53.302350,interface,0.106,0.476,0.435
2024-08-29T10:47:56.282411,interface,0.459,0.517,0.092
2024-08-29T10:47:56.302170,interface,0.599,0.552,0.011
2024-08-29T10:47:56.418852,interface,0.704,0.353,0.995
2024-08-29T10:47:56.439213,interface,0.31,0.375,0.9139999
2024-08-29T10:47:56.516207,interface,0.469,0.369,0.863
2024-08-29T10:47:56.538236,interface,0.346,0.405,0.892
2024-08-29T10:47:56.558175,interface,0.315,0.405,0.925
2024-08-29T10:47:56.579213,interface,0.315,0.413,0.947
2024-08-29T10:48:05.333470,interface,0.46,0.559,0.123
2024-08-29T10:48:05.351237,interface,0.4,0.558,0.111
2024-08-29T10:48:05.370215,interface,0.372,0.548,0.14
2024-08-29T10:48:05.390215,interface,0.357,0.531,0.114
2024-08-29T10:48:05.407188,interface,0.34,0.52,0.026
2024-08-29T10:48:05.428248,interface,0.263,0.519,0.15
2024-08-29T10:48:05.467267,interface,0.354,0.515,0.153
2024-08-29T10:48:11.263203,interface,0.317,0.254,0.823
2024-08-29T10:48:32.017336,interface,0.42,0.383,0.85
2024-08-29T10:48:32.634308,interface,0.328,0.394,0.86
2024-08-29T10:48:32.733279,interface,0.06400001,0.503,0.379
2024-08-29T10:48:32.752210,interface,0.009,0.512,0.47
2024-08-29T10:48:32.772176,interface,0.133,0.54,0.468
2024-08-29T10:48:32.872235,interface,0.139,0.486,0.251
2024-08-29T10:48:32.891200,interface,0.181,0.488,0.273
2024-08-29T10:48:34.121346,interface,0.303,0.37,0.829
2024-08-29T10:48:34.143299,interface,0.208,0.392,0.739
2024-08-29T10:48:37.495280,interface,0.28,0.406,0.812
2024-08-29T10:48:38.427284,interface,0.367,0.818,0.651
2024-08-29T10:48:40.192234,interface,0.28,0.635,0.782
2024-08-29T10:48:40.215206,interface,0.283,0.627,0.824
2024-08-29T10:48:40.234200,interface,0.276,0.631,0.849
2024-08-29T10:48:40.255239,interface,0.338,0.633,0.862
2024-08-29T10:48:40.275217,interface,0.408,0.654,0.922
2024-08-29T10:48:40.292221,interface,0.447,0.645,0.975
2024-08-29T10:48:40.313241,interface,0.419,0.655,0.975
2024-08-29T10:48:40.332187,interface,0.424,0.641,0.85
2024-08-29T10:48:42.256200,interface,0.126,0.463,0.446
2024-08-29T10:48:44.002246,interface,0.108,0.554,0.272
2024-08-29T10:48:44.223503,interface,0.195,0.657,0.335
2024-08-29T10:48:44.340258,interface,0.159,0.687,0.318
2024-08-29T10:48:44.361235,interface,0.2,0.708,0.205
2024-08-29T10:48:44.382226,interface,0.29,0.696,0.25
2024-08-29T10:48:45.790489,interface,0.267,0.735,0.262
2024-08-29T10:48:45.808214,interface,0.252,0.75,0.191
2024-08-29T10:48:45.831191,interface,0.238,0.768,0.126
2024-08-29T10:48:45.850203,interface,0.285,0.8,0.127
2024-08-29T10:48:45.869326,interface,0.255,0.832,0.222
2024-08-29T10:48:45.890216,interface,0.278,0.792,0.403
2024-08-29T10:48:47.679906,interface,0.588,0.433,0.864
2024-08-29T10:48:48.807920,interface,0.43,0.384,0.87
2024-08-29T10:48:50.512205,interface,0.712,0.457,0.982
2024-08-29T10:48:50.534227,interface,0.714,0.444,0.8450001
2024-08-29T10:48:51.009464,interface,0.325,0.626,0.88
2024-08-29T10:48:51.028204,interface,0.437,0.59,0.9599999
2024-08-29T10:48:51.048261,interface,0.441,0.557,0.92
2024-08-29T10:48:51.226466,interface,0.006,0.628,0.829
2024-08-29T10:48:51.664228,interface,0.26,0.562,0.818
2024-08-29T10:48:52.974229,interface,0.496,0.446,0.8780001
2024-08-29T10:48:54.283301,interface,0.379,0.546,0.856
2024-08-29T10:48:55.096290,interface,0.44,0.468,1.0
2024-08-29T10:48:56.644336,interface,0.448,0.464,0.886
2024-08-29T10:48:57.001328,interface,0.382,0.405,0.876
2024-08-29T10:48:57.100239,interface,0.596,0.451,0.8679999
2024-08-29T10:48:57.122224,interface,0.604,0.49,0.927
2024-08-29T10:48:57.142230,interface,0.539,0.526,0.942
2024-08-29T10:49:05.695643,interface,0.241,0.514,0.824
2024-08-29T10:49:05.717241,interface,0.295,0.502,0.816
2024-08-29T10:49:06.132298,interface,0.207,0.473,0.77
2024-08-29T10:49:06.151203,interface,0.266,0.459,0.803
2024-08-29T10:49:12.880321,interface,0.541,0.457,0.938
2024-08-29T10:49:13.019216,interface,0.472,0.471,0.95
2024-08-29T10:49:13.654203,interface,0.453,0.535,0.879
2024-08-29T10:49:14.548421,interface,0.514,0.435,0.923
2024-08-29T10:49:16.749291,interface,0.533,0.414,0.907
2024-08-29T10:49:18.058283,interface,0.223,0.488,1.0
2024-08-29T10:49:18.297291,interface,0.053,0.568,0.63
2024-08-29T10:49:18.436363,interface,0.288,0.474,0.82
2024-08-29T10:49:18.457273,interface,0.482,0.39,1.0
2024-08-29T10:49:21.174265,interface,0.529,0.501,0.904
2024-08-29T10:49:21.274238,interface,0.5440001,0.547,0.875
2024-08-29T10:49:21.392196,interface,0.558,0.56,0.871
2024-08-29T10:49:21.433266,interface,0.595,0.539,0.955
2024-08-29T10:49:24.308340,interface,0.336,0.605,0.822
2024-08-29T10:49:25.658346,interface,0.13,0.449,0.565
2024-08-29T10:49:31.096270,interface,0.376,0.475,0.8690001
2024-08-29T10:49:37.087314,interface,0.613,0.543,0.856
2024-08-29T10:49:39.646331,interface,0.542,0.242,0.22
2024-08-29T10:49:40.142247,interface,0.154,0.416,0.63
2024-08-29T10:49:44.487274,interface,0.446,0.499,0.952
2024-08-29T10:49:44.587279,interface,0.278,0.143,0.129
2024-08-29T10:49:44.608240,interface,0.487,0.528,1.0
2024-08-29T10:49:44.765244,interface,0.343,0.428,1.0
2024-08-29T10:49:46.749299,interface,0.49,0.411,0.867
2024-08-29T10:49:50.202515,interface,0.113,0.529,0.776
2024-08-29T10:49:50.260202,interface,0.121,0.542,0.721
2024-08-29T10:49:50.756220,interface,0.407,0.476,0.885
2024-08-29T10:49:55.101304,interface,0.373,0.26,0.85
2024-08-29T10:49:55.141257,interface,0.388,0.325,0.829
2024-08-29T10:49:55.319247,interface,0.174,0.482,0.856
2024-08-29T10:50:21.774280,interface,0.202,0.352,0.712
2024-08-29T10:50:21.833266,interface,0.133,0.37,0.628
2024-08-29T10:50:21.858166,interface,0.132,0.391,0.657
2024-08-29T10:50:22.230281,interface,0.41,0.424,0.973
2024-08-29T10:50:22.249244,interface,0.434,0.394,1.0
2024-08-29T10:50:22.272208,interface,0.598,0.357,1.0
2024-08-29T10:50:22.291245,interface,0.554,0.372,1.0
2024-08-29T10:50:22.309266,interface,0.36,0.416,1.0
2024-08-29T10:50:22.330212,interface,0.25,0.424,0.879
2024-08-29T10:50:22.508222,interface,0.712,0.521,0.16
2024-08-29T10:50:22.646200,interface,0.328,0.707,1.0
2024-08-29T10:50:22.665234,interface,0.174,0.361,1.0
2024-08-29T10:50:22.689237,interface,0.112,0.163,0.8059999
2024-08-29T10:50:22.708228,interface,0.16,0.334,0.671
2024-08-29T10:50:22.844222,interface,0.764,0.483,0.088
2024-08-29T10:50:22.866219,interface,0.601,0.487,0.01
2024-08-29T10:50:22.983274,interface,0.288,0.645,1.0
2024-08-29T10:50:23.003238,interface,0.182,0.445,1.0
2024-08-29T10:50:23.024200,interface,0.174,0.189,0.912
2024-08-29T10:50:23.162213,interface,0.645,0.46,0.145
2024-08-29T10:50:23.184215,interface,0.555,0.368,0.0
2024-08-29T10:50:23.203209,interface,0.411,0.256,0.048
2024-08-29T10:50:23.301240,interface,0.625,0.9049999,1.0
2024-08-29T10:50:23.321236,interface,0.155,0.807,1.0
2024-08-29T10:50:23.342214,interface,0.199,0.14,0.9610001
2024-08-29T10:50:23.440240,interface,0.715,0.272,0.088
2024-08-29T10:50:23.459256,interface,0.756,0.235,0.0
2024-08-29T10:50:23.480200,interface,0.629,0.102,0.0
2024-08-29T10:50:23.501262,interface,0.407,0.142,0.09700001
2024-08-29T10:50:23.657326,interface,0.223,0.606,1.0
2024-08-29T10:50:23.677272,interface,0.053,0.808,1.0
2024-08-29T10:50:23.696193,interface,0.221,0.608,1.0
2024-08-29T10:50:23.717239,interface,0.276,0.534,0.849
2024-08-29T10:50:23.776229,interface,0.607,0.0,0.0
2024-08-29T10:50:23.798208,interface,0.511,0.0,0.0
2024-08-29T10:50:23.817250,interface,0.325,0.0,0.0
2024-08-29T10:50:23.876248,interface,0.313,0.76,0.788
2024-08-29T10:50:23.896240,interface,0.285,0.962,1.0
2024-08-29T10:50:23.916245,interface,0.234,0.805,1.0
2024-08-29T10:50:23.937343,interface,0.223,0.511,0.888
2024-08-29T10:50:23.975177,interface,0.365,0.178,0.258
2024-08-29T10:50:23.995287,interface,0.518,0.058,0.0
2024-08-29T10:50:24.014359,interface,0.475,0.081,0.0
2024-08-29T10:50:24.035260,interface,0.419,0.298,0.005
2024-08-29T10:50:24.134219,interface,0.069,0.501,0.903
2024-08-29T10:50:24.153237,interface,0.0,0.405,1.0
2024-08-29T10:50:24.175205,interface,0.06599999,0.373,0.947
2024-08-29T10:50:24.232285,interface,0.553,0.398,0.09700001
2024-08-29T10:50:24.255194,interface,0.552,0.355,0.0
2024-08-29T10:50:24.274193,interface,0.563,0.332,0.0
2024-08-29T10:50:24.292189,interface,0.575,0.345,0.0
2024-08-29T10:50:24.312245,interface,0.549,0.418,0.0
2024-08-29T10:50:24.392239,interface,0.067,0.565,1.0
2024-08-29T10:50:24.411204,interface,0.054,0.518,0.99
2024-08-29T10:50:24.431211,interface,0.119,0.456,0.825
2024-08-29T10:50:24.491212,interface,0.524,0.351,0.038
2024-08-29T10:50:24.509255,interface,0.56,0.305,0.0
2024-08-29T10:50:24.532201,interface,0.555,0.26,0.0
2024-08-29T10:50:24.552197,interface,0.541,0.281,0.0
2024-08-29T10:50:24.569458,interface,0.521,0.375,0.02
2024-08-29T10:50:24.628195,interface,0.2,0.564,0.735
2024-08-29T10:50:24.648204,interface,0.092,0.612,0.999
2024-08-29T10:50:24.672251,interface,0.06800001,0.543,0.998
2024-08-29T10:50:24.691202,interface,0.153,0.487,0.787
2024-08-29T10:50:24.747226,interface,0.434,0.353,0.107
2024-08-29T10:50:24.768202,interface,0.494,0.309,0.0
2024-08-29T10:50:24.786216,interface,0.562,0.271,0.0
2024-08-29T10:50:24.809276,interface,0.567,0.301,0.0
2024-08-29T10:50:24.829233,interface,0.502,0.334,0.0
2024-08-29T10:50:24.907260,interface,0.146,0.62,1.0
2024-08-29T10:50:24.925221,interface,0.026,0.552,1.0
2024-08-29T10:50:24.949270,interface,0.09799999,0.428,0.926
2024-08-29T10:50:25.024411,interface,0.531,0.265,0.0
2024-08-29T10:50:25.046409,interface,0.67,0.249,0.0
2024-08-29T10:50:25.066282,interface,0.649,0.259,0.0
2024-08-29T10:50:25.090174,interface,0.625,0.321,0.0
2024-08-29T10:50:25.144199,interface,0.237,0.63,0.958
2024-08-29T10:50:25.165321,interface,0.024,0.615,1.0
2024-08-29T10:50:25.185276,interface,0.0,0.45,1.0
2024-08-29T10:50:25.205267,interface,0.149,0.41,0.795
2024-08-29T10:50:25.264195,interface,0.491,0.274,0.015
2024-08-29T10:50:25.284191,interface,0.566,0.206,0.0
2024-08-29T10:50:25.303227,interface,0.71,0.247,0.0
2024-08-29T10:50:25.324231,interface,0.679,0.35,0.0
2024-08-29T10:50:25.344221,interface,0.536,0.399,0.087
2024-08-29T10:50:25.382201,interface,0.266,0.568,0.86
2024-08-29T10:50:25.405266,interface,0.089,0.622,1.0
2024-08-29T10:50:25.424241,interface,0.003,0.466,1.0
2024-08-29T10:50:25.442215,interface,0.09700001,0.414,0.929
2024-08-29T10:50:25.501269,interface,0.497,0.268,0.069
2024-08-29T10:50:25.520260,interface,0.555,0.197,0.0
2024-08-29T10:50:25.543242,interface,0.705,0.207,0.0
2024-08-29T10:50:25.563203,interface,0.704,0.291,0.0
2024-08-29T10:50:25.581274,interface,0.603,0.358,0.002
2024-08-29T10:50:25.640231,interface,0.263,0.609,0.933
2024-08-29T10:50:25.659182,interface,0.053,0.554,1.0
2024-08-29T10:50:25.682225,interface,0.0,0.41,1.0
2024-08-29T10:50:25.702202,interface,0.102,0.412,0.904
2024-08-29T10:50:25.758219,interface,0.469,0.257,0.001
2024-08-29T10:50:25.781253,interface,0.494,0.211,0.0
2024-08-29T10:50:25.800181,interface,0.629,0.309,0.0
2024-08-29T10:50:25.821286,interface,0.569,0.357,0.0
2024-08-29T10:50:25.841250,interface,0.504,0.395,0.104
2024-08-29T10:50:25.897268,interface,0.191,0.549,0.968
2024-08-29T10:50:25.919196,interface,0.037,0.472,1.0
2024-08-29T10:50:25.939233,interface,0.055,0.408,0.951
2024-08-29T10:50:26.017264,interface,0.411,0.272,0.045
2024-08-29T10:50:26.039232,interface,0.524,0.288,0.0
2024-08-29T10:50:26.058284,interface,0.532,0.289,0.0
2024-08-29T10:50:26.077460,interface,0.54,0.335,0.0
2024-08-29T10:50:26.098372,interface,0.476,0.384,0.094
2024-08-29T10:50:26.156248,interface,0.245,0.547,0.851
2024-08-29T10:50:26.176189,interface,0.054,0.478,1.0
2024-08-29T10:50:26.197248,interface,0.049,0.418,1.0
2024-08-29T10:50:26.216214,interface,0.127,0.41,0.813
2024-08-29T10:50:26.274255,interface,0.402,0.299,0.133
2024-08-29T10:50:26.295184,interface,0.478,0.283,0.0
2024-08-29T10:50:26.315238,interface,0.557,0.311,0.0
2024-08-29T10:50:26.335191,interface,0.577,0.322,0.0
2024-08-29T10:50:26.355220,interface,0.598,0.378,0.0
2024-08-29T10:50:26.379218,interface,0.576,0.431,0.028
2024-08-29T10:50:26.433284,interface,0.168,0.525,1.0
2024-08-29T10:50:26.453244,interface,0.022,0.488,1.0
2024-08-29T10:50:26.474199,interface,0.125,0.412,1.0
2024-08-29T10:50:26.532206,interface,0.449,0.422,0.126
2024-08-29T10:50:26.554233,interface,0.453,0.338,0.014
2024-08-29T10:50:26.572203,interface,0.483,0.315,0.0
2024-08-29T10:50:26.592226,interface,0.575,0.318,0.0
2024-08-29T10:50:26.613260,interface,0.627,0.381,0.0
2024-08-29T10:50:26.633217,interface,0.635,0.424,0.104
2024-08-29T10:50:26.692211,interface,0.382,0.475,1.0
2024-08-29T10:50:26.711260,interface,0.224,0.566,1.0
2024-08-29T10:50:26.731227,interface,0.187,0.43,1.0
2024-08-29T10:50:26.752197,interface,0.28,0.424,0.829
2024-08-29T10:50:26.949582,interface,0.202,0.294,0.695
2024-08-29T10:50:26.970202,interface,0.23,0.358,0.761
2024-08-29T10:50:32.009908,interface,0.09,0.754,0.676
2024-08-29T10:50:38.628394,interface,0.843,0.466,0.26
2024-08-29T10:50:38.785272,interface,0.339,0.677,0.182
2024-08-29T10:50:42.734376,interface,0.485,0.404,0.101
2024-08-29T10:50:43.147187,interface,0.498,0.298,0.0
2024-08-29T10:50:43.167189,interface,0.452,0.271,0.158
2024-08-29T10:51:06.147194,interface,0.605,0.635,1.0
2024-08-29T10:51:14.988170,interface,0.16,0.469,0.783
2024-08-29T10:51:15.211926,interface,0.235,0.295,0.711
2024-08-29T10:51:18.854212,interface,0.387,0.517,0.081
2024-08-29T10:51:18.894143,interface,0.356,0.472,0.134
2024-08-29T10:51:20.677488,interface,0.482,0.374,0.011
2024-08-29T10:51:21.987328,interface,0.262,0.531,0.156
2024-08-29T10:51:29.102207,interface,0.314,0.502,0.844
2024-08-29T10:51:29.359230,interface,0.358,0.412,0.131
2024-08-29T10:51:29.399299,interface,0.11,0.439,1.0
2024-08-29T10:51:29.418220,interface,0.225,0.45,1.0
2024-08-29T10:51:29.736288,interface,0.364,0.389,0.118
2024-08-29T10:51:29.874219,interface,0.087,0.461,0.71
2024-08-29T10:51:29.896268,interface,0.163,0.418,0.752
2024-08-29T10:51:29.915211,interface,0.138,0.432,0.588
2024-08-29T10:51:29.972211,interface,0.269,0.385,0.207
2024-08-29T10:51:30.785387,interface,0.169,0.368,0.66
2024-08-29T10:51:31.837339,interface,0.416,0.367,0.151
2024-08-29T10:51:31.859219,interface,0.34,0.408,0.173
2024-08-29T10:51:36.554290,interface,0.351,0.188,0.235
2024-08-29T10:51:36.576216,interface,0.287,0.241,0.303
2024-08-29T10:51:36.595279,interface,0.258,0.25,0.281
2024-08-29T10:51:36.616195,interface,0.337,0.241,0.256
2024-08-29T10:51:36.732197,interface,0.517,0.339,0.846
2024-08-29T10:51:37.946336,interface,0.59,0.359,0.887
2024-08-29T10:51:37.965409,interface,0.654,0.29,0.8450001
2024-08-29T10:51:38.101266,interface,0.598,0.283,0.972
2024-08-29T10:51:38.181251,interface,0.155,0.365,0.356
2024-08-29T10:51:38.220192,interface,0.435,0.34,0.966
2024-08-29T10:51:39.966030,interface,0.661,0.26,0.901
2024-08-29T10:51:39.989224,interface,0.785,0.268,0.695
2024-08-29T10:51:40.043335,interface,0.0,0.43,0.056
2024-08-29T10:51:40.083211,interface,0.548,0.214,0.809
2024-08-29T10:51:40.106209,interface,0.574,0.249,0.889
2024-08-29T10:51:40.163223,interface,0.158,0.34,0.288
2024-08-29T10:51:40.203202,interface,0.391,0.32,0.813
2024-08-29T10:51:44.129249,interface,0.852,0.122,0.205
2024-08-29T10:51:44.154194,interface,0.777,0.133,0.295
2024-08-29T10:51:44.189391,interface,0.583,0.213,0.249
2024-08-29T10:51:44.212183,interface,0.585,0.214,0.243
2024-08-29T10:51:44.247284,interface,0.708,0.184,0.354
2024-08-29T10:51:44.270209,interface,0.75,0.176,0.354
2024-08-29T10:51:44.426221,interface,0.731,0.222,0.385
2024-08-29T10:51:44.449264,interface,0.885,0.14,0.26
2024-08-29T10:51:44.469261,interface,0.951,0.1,0.09700001
2024-08-29T10:51:44.486191,interface,0.824,0.186,0.049
2024-08-29T10:51:48.808230,interface,0.397,0.3,0.168
2024-08-29T10:51:48.927205,interface,0.372,0.344,0.154
2024-08-29T10:51:48.967212,interface,0.368,0.257,0.245
2024-08-29T10:51:49.027245,interface,0.0,0.8349999,0.405
2024-08-29T10:51:49.047248,interface,0.013,0.455,0.756
2024-08-29T10:51:49.086213,interface,0.173,0.606,0.28
2024-08-29T10:51:49.206770,interface,0.12,0.436,0.501
2024-08-29T10:51:49.225270,interface,0.116,0.404,0.5
2024-08-29T10:51:52.080170,interface,0.357,0.365,0.86
2024-08-29T10:51:52.952245,interface,0.454,0.305,0.164
2024-08-29T10:51:53.448593,interface,0.466,0.371,0.131
2024-08-29T10:51:59.199845,interface,0.298,0.423,0.14
2024-08-29T10:51:59.278236,interface,0.653,0.449,0.157
2024-08-29T10:51:59.635200,interface,0.539,0.283,0.133
2024-08-29T10:51:59.897880,interface,0.529,0.311,0.146
2024-08-29T10:51:59.913229,interface,0.517,0.273,0.128
2024-08-29T10:52:00.690635,interface,0.196,0.308,0.251
2024-08-29T10:52:03.507315,interface,0.184,0.36,0.346
2024-08-29T10:52:03.601276,interface,0.226,0.328,0.917
2024-08-29T10:52:03.681300,interface,0.225,0.322,0.695
2024-08-29T10:52:03.703185,interface,0.236,0.251,0.716
2024-08-29T10:52:03.722201,interface,0.172,0.361,0.325
2024-08-29T10:52:03.760216,interface,0.703,0.214,0.656
2024-08-29T10:52:05.234409,interface,0.795,0.406,0.231
2024-08-29T10:52:05.287249,interface,0.757,0.451,0.212
2024-08-29T10:52:05.305253,interface,0.841,0.447,0.123
2024-08-29T10:52:05.328191,interface,0.718,0.487,0.194
2024-08-29T10:52:05.386214,interface,0.212,0.426,0.747
2024-08-29T10:52:05.408199,interface,0.0,0.382,1.0
2024-08-29T10:52:05.426250,interface,0.175,0.271,1.0
2024-08-29T10:52:05.446224,interface,0.198,0.234,1.0
2024-08-29T10:52:05.467246,interface,0.14,0.228,1.0
2024-08-29T10:52:05.487207,interface,0.099,0.255,0.874
2024-08-29T10:52:05.508225,interface,0.293,0.275,0.736
2024-08-29T10:52:06.363711,interface,0.338,0.398,0.867
2024-08-29T10:52:06.378245,interface,0.11,0.292,1.0
2024-08-29T10:52:06.396278,interface,0.0,0.34,1.0
2024-08-29T10:52:06.416277,interface,0.243,0.218,1.0
2024-08-29T10:52:06.438286,interface,0.206,0.253,0.945
2024-08-29T10:52:06.457251,interface,0.324,0.263,0.733
2024-08-29T10:52:06.972239,interface,0.25,0.313,0.876
2024-08-29T10:52:06.992423,interface,0.0,0.263,0.934
2024-08-29T10:52:07.011277,interface,0.0,0.218,1.0
2024-08-29T10:52:07.032251,interface,0.205,0.138,1.0
2024-08-29T10:52:07.052226,interface,0.238,0.183,0.883
2024-08-29T10:52:07.073237,interface,0.314,0.215,0.664
2024-08-29T10:52:07.212331,interface,0.7940001,0.384,0.146
2024-08-29T10:52:07.234213,interface,0.8690001,0.377,0.077
2024-08-29T10:52:07.250216,interface,0.783,0.376,0.206
2024-08-29T10:52:07.289279,interface,0.008,0.316,0.747
2024-08-29T10:52:07.310226,interface,0.0,0.241,0.982
2024-08-29T10:52:07.329230,interface,0.027,0.17,1.0
2024-08-29T10:52:07.349235,interface,0.159,0.192,0.935
2024-08-29T10:52:07.449288,interface,0.8780001,0.359,0.345
2024-08-29T10:52:07.469273,interface,0.9150001,0.383,0.202
2024-08-29T10:52:07.489272,interface,0.959,0.4,0.044
2024-08-29T10:52:07.509245,interface,0.8690001,0.416,0.161
2024-08-29T10:52:07.547245,interface,0.0,0.343,0.876
2024-08-29T10:52:07.570236,interface,0.0,0.228,0.921
2024-08-29T10:52:07.589261,interface,0.0,0.149,0.996
2024-08-29T10:52:07.607209,interface,0.173,0.195,0.848
2024-08-29T10:52:07.685308,interface,0.858,0.371,0.335
2024-08-29T10:52:07.709235,interface,0.979,0.384,0.299
2024-08-29T10:52:07.728288,interface,1.0,0.398,0.154
2024-08-29T10:52:07.746226,interface,1.0,0.455,0.035
2024-08-29T10:52:07.786237,interface,0.0,0.455,0.904
2024-08-29T10:52:07.807205,interface,0.0,0.317,0.965
2024-08-29T10:52:07.826230,interface,0.113,0.094,1.0
2024-08-29T10:52:07.848192,interface,0.089,0.161,0.935
2024-08-29T10:52:07.924205,interface,0.945,0.367,0.344
2024-08-29T10:52:07.946245,interface,1.0,0.398,0.205
2024-08-29T10:52:07.965318,interface,1.0,0.39,0.005
2024-08-29T10:52:07.986211,interface,0.9,0.554,0.1
2024-08-29T10:52:08.006211,interface,0.006,0.513,0.623
2024-08-29T10:52:08.023210,interface,0.0,0.419,1.0
2024-08-29T10:52:08.044226,interface,0.0,0.203,0.874
2024-08-29T10:52:08.064190,interface,0.136,0.129,0.9190001
2024-08-29T10:52:08.085229,interface,0.255,0.183,0.679
2024-08-29T10:52:08.146348,interface,0.88,0.365,0.461
2024-08-29T10:52:08.163333,interface,1.0,0.375,0.229
2024-08-29T10:52:08.182260,interface,1.0,0.381,0.037
2024-08-29T10:52:08.202221,interface,1.0,0.5,0.041
2024-08-29T10:52:08.241232,interface,0.0,0.482,0.9610001
2024-08-29T10:52:08.264200,interface,0.0,0.376,0.974
2024-08-29T10:52:08.283199,interface,0.286,0.117,0.762
2024-08-29T10:52:08.301238,interface,0.345,0.143,0.715
2024-08-29T10:52:15.265367,interface,0.542,0.264,0.172
2024-08-29T10:52:15.776232,interface,0.412,0.133,0.503
2024-08-29T10:52:15.799252,interface,0.434,0.118,0.53
2024-08-29T10:52:25.316475,interface,0.47,0.289,0.8190001
2024-08-29T10:52:26.604246,interface,0.407,0.416,0.91
2024-08-29T10:52:26.627215,interface,0.576,0.473,1.0
2024-08-29T10:52:26.646196,interface,0.778,0.523,0.979
2024-08-29T10:52:26.665253,interface,0.331,0.286,0.24
2024-08-29T10:52:26.686218,interface,0.196,0.308,0.0
2024-08-29T10:52:26.706281,interface,0.671,0.214,0.0
2024-08-29T10:52:26.723204,interface,0.446,0.194,0.893
2024-08-29T10:52:27.357316,interface,0.501,0.404,1.0
2024-08-29T10:52:27.379242,interface,0.619,0.471,1.0
2024-08-29T10:52:27.399221,interface,0.545,0.602,1.0
2024-08-29T10:52:27.420189,interface,0.042,0.399,0.02
2024-08-29T10:52:27.440177,interface,0.196,0.354,0.0
2024-08-29T10:52:27.477259,interface,0.251,0.287,0.697
2024-08-29T10:52:27.499253,interface,0.471,0.232,0.0
2024-08-29T10:52:29.540263,interface,0.746,0.403,1.0
2024-08-29T10:52:29.563176,interface,0.8450001,0.405,0.856
2024-08-29T10:52:29.579173,interface,0.0,0.3,0.01
2024-08-29T10:52:29.599265,interface,0.05900001,0.261,0.0
2024-08-29T10:52:29.639226,interface,0.27,0.218,0.691
2024-08-29T10:52:29.659212,interface,0.476,0.21,0.088
2024-08-29T10:52:30.075269,interface,0.484,0.378,1.0
2024-08-29T10:52:30.096213,interface,0.66,0.486,1.0
2024-08-29T10:52:30.116167,interface,0.668,0.549,0.9190001
2024-08-29T10:52:30.136176,interface,0.192,0.381,0.0
2024-08-29T10:52:30.156218,interface,0.377,0.295,0.0
2024-08-29T10:52:30.214194,interface,0.572,0.24,0.014
2024-08-29T10:52:30.571279,interface,0.314,0.09799999,0.533
2024-08-29T10:52:30.593225,interface,0.246,0.08,0.346
2024-08-29T10:52:30.612232,interface,0.255,0.081,0.619
2024-08-29T10:52:30.633292,interface,0.259,0.164,0.724
2024-08-29T10:52:32.116415,interface,0.748,0.506,1.0
2024-08-29T10:52:32.141332,interface,0.91,0.665,1.0
2024-08-29T10:52:32.160198,interface,0.008,0.434,0.0
2024-08-29T10:52:32.178209,interface,0.297,0.288,0.0
2024-08-29T10:52:32.198268,interface,0.508,0.235,1.0
2024-08-29T10:52:32.218203,interface,0.292,0.244,0.005
2024-08-29T10:52:32.239191,interface,0.415,0.221,0.194
2024-08-29T10:52:32.613304,interface,0.482,0.325,0.889
2024-08-29T10:52:32.635231,interface,0.436,0.375,1.0
2024-08-29T10:52:32.655212,interface,0.533,0.496,1.0
2024-08-29T10:52:32.693254,interface,0.186,0.389,0.0
2024-08-29T10:52:32.713246,interface,0.552,0.197,0.0
2024-08-29T10:52:32.753277,interface,0.463,0.288,0.004
2024-08-29T10:52:38.525329,interface,0.587,0.325,0.8690001
2024-08-29T10:52:38.546196,interface,0.681,0.335,0.981
2024-08-29T10:52:38.584251,interface,0.334,0.208,0.025
2024-08-29T10:52:38.603172,interface,0.09,0.22,0.0
2024-08-29T10:52:38.643188,interface,0.443,0.225,0.012
2024-08-29T10:52:38.665272,interface,0.492,0.209,0.008
2024-08-29T10:52:38.684193,interface,0.434,0.25,0.213
2024-08-29T10:52:39.080474,interface,0.408,0.34,0.89
2024-08-29T10:52:39.102195,interface,0.461,0.406,1.0
2024-08-29T10:52:39.121267,interface,0.381,0.454,0.918
2024-08-29T10:52:39.158179,interface,0.454,0.292,0.023
2024-08-29T10:52:39.179173,interface,0.401,0.246,0.0
2024-08-29T10:52:39.198282,interface,0.475,0.216,0.001
2024-08-29T10:52:39.220253,interface,0.456,0.223,0.06599999
2024-08-29T10:52:42.393072,interface,0.542,0.277,0.817
2024-08-29T10:52:42.414272,interface,0.446,0.278,0.932
2024-08-29T10:52:42.433261,interface,0.208,0.26,0.577
2024-08-29T10:52:42.453283,interface,0.311,0.204,0.21
2024-08-29T10:52:42.470232,interface,0.481,0.192,0.188
2024-08-29T10:52:43.006453,interface,0.437,0.29,0.193
2024-08-29T10:52:43.045309,interface,0.485,0.292,0.167
2024-08-29T10:52:44.432222,interface,0.496,0.304,1.0
2024-08-29T10:52:44.459249,interface,0.466,0.334,0.916
2024-08-29T10:52:44.493228,interface,0.435,0.231,0.131
2024-08-29T10:52:44.514203,interface,0.467,0.219,0.186
2024-08-29T10:52:44.552265,interface,0.552,0.232,0.177
2024-08-29T10:52:44.572443,interface,0.513,0.235,0.228
2024-08-29T10:52:45.048287,interface,0.713,0.279,0.095
2024-08-29T10:52:45.069346,interface,0.654,0.311,0.023
2024-08-29T10:52:45.108263,interface,0.684,0.266,0.252
2024-08-29T10:52:45.306252,interface,0.292,0.241,0.313
2024-08-29T10:52:45.325239,interface,0.334,0.217,0.359
2024-08-29T10:52:45.346235,interface,0.392,0.182,0.311
2024-08-29T10:52:46.854332,interface,0.918,0.423,0.862
2024-08-29T10:52:46.872206,interface,1.0,0.412,0.577
2024-08-29T10:52:46.895251,interface,0.67,0.327,0.179
2024-08-29T10:52:46.914181,interface,0.644,0.182,0.0
2024-08-29T10:52:46.932195,interface,0.58,0.108,0.234
2024-08-29T10:52:46.953258,interface,0.495,0.094,0.149
2024-08-29T10:52:46.972191,interface,0.638,0.077,0.192
2024-08-29T10:52:46.993221,interface,0.653,0.131,0.249
2024-08-29T10:52:47.014176,interface,0.378,0.255,0.23
2024-08-29T10:52:47.054169,interface,0.305,0.34,0.9150001
2024-08-29T10:52:47.110240,interface,0.748,0.282,0.887
2024-08-29T10:52:47.132210,interface,0.998,0.347,0.575
2024-08-29T10:52:47.151191,interface,0.764,0.304,0.0
2024-08-29T10:52:47.230226,interface,0.237,0.205,0.363
2024-08-29T10:52:47.252200,interface,0.306,0.136,0.238
2024-08-29T10:52:47.273241,interface,0.403,0.147,0.138
2024-08-29T10:52:47.328212,interface,0.784,0.417,0.876
2024-08-29T10:52:47.350187,interface,0.611,0.435,1.0
2024-08-29T10:52:47.369263,interface,0.714,0.474,0.972
2024-08-29T10:52:47.388177,interface,1.0,0.356,0.512
2024-08-29T10:52:47.409247,interface,0.916,0.417,0.347
2024-08-29T10:52:47.429232,interface,0.701,0.189,0.0
2024-08-29T10:52:47.450195,interface,0.663,0.122,0.195
2024-08-29T10:52:47.469328,interface,0.527,0.138,0.072
2024-08-29T10:52:47.490218,interface,0.619,0.19,0.24
2024-08-29T10:52:47.510368,interface,0.704,0.151,0.661
2024-08-29T10:52:47.527305,interface,0.789,0.199,0.414
2024-08-29T10:52:47.586338,interface,0.095,0.428,1.0
2024-08-29T10:52:47.626327,interface,0.902,0.31,0.757
2024-08-29T10:52:47.647334,interface,0.952,0.299,0.8450001
2024-08-29T10:52:47.668290,interface,0.85,0.277,0.104
2024-08-29T10:52:47.687283,interface,0.768,0.143,0.104
2024-08-29T10:52:47.726343,interface,0.591,0.164,0.277
2024-08-29T10:52:47.745307,interface,0.71,0.09700001,0.33
2024-08-29T10:52:47.825341,interface,0.303,0.449,0.903
2024-08-29T10:52:47.845307,interface,0.478,0.431,0.996
2024-08-29T10:52:47.866290,interface,0.766,0.343,0.716
2024-08-29T10:52:47.904292,interface,0.678,0.252,0.086
2024-08-29T10:52:47.923302,interface,0.737,0.16,0.0
2024-08-29T10:52:47.943239,interface,0.78,0.109,0.049
2024-08-29T10:52:47.964271,interface,0.729,0.152,0.276
2024-08-29T10:52:47.984305,interface,0.698,0.191,0.392
2024-08-29T10:52:49.550286,interface,0.173,0.332,0.118
2024-08-29T10:52:49.572212,interface,0.293,0.318,0.16
2024-08-29T10:52:49.609263,interface,0.378,0.275,0.208
2024-08-29T10:52:49.628192,interface,0.268,0.271,0.209
2024-08-29T10:52:49.652210,interface,0.266,0.309,0.154
2024-08-29T10:52:49.671200,interface,0.412,0.27,0.203
2024-08-29T10:52:49.748229,interface,0.279,0.293,0.25
2024-08-29T10:52:49.767203,interface,0.382,0.311,0.155
2024-08-29T10:52:50.006271,interface,0.292,0.326,0.821
2024-08-29T10:52:50.044272,interface,0.109,0.368,0.568
2024-08-29T10:52:50.068220,interface,0.338,0.32,0.9190001
2024-08-29T10:52:50.146238,interface,0.555,0.399,0.076
2024-08-29T10:52:50.185251,interface,0.535,0.454,0.013
2024-08-29T10:52:50.206193,interface,0.499,0.462,0.046
2024-08-29T10:52:50.245250,interface,0.509,0.416,0.018
2024-08-29T10:52:50.265269,interface,0.44,0.461,0.06800001
2024-08-29T10:52:50.304196,interface,0.435,0.412,0.113
2024-08-29T10:52:50.363219,interface,0.489,0.296,0.156
2024-08-29T10:52:50.701298,interface,0.321,0.301,0.778
2024-08-29T10:52:50.723238,interface,0.468,0.251,0.973
2024-08-29T10:52:50.740222,interface,0.517,0.327,0.929
2024-08-29T10:52:50.839328,interface,0.528,0.491,0.0
2024-08-29T10:52:50.879285,interface,0.246,0.445,0.029
2024-08-29T10:52:50.899291,interface,0.198,0.448,0.0
2024-08-29T10:52:50.940204,interface,0.348,0.426,0.06800001
2024-08-29T10:52:50.999207,interface,0.313,0.314,0.09700001
2024-08-29T10:52:51.017335,interface,0.233,0.358,0.051
2024-08-29T10:52:51.177272,interface,0.571,0.282,0.808
2024-08-29T10:52:54.509308,interface,0.87,0.32,0.773
2024-08-29T10:52:54.530215,interface,0.832,0.272,1.0
2024-08-29T10:52:54.587207,interface,0.046,0.266,0.357
2024-08-29T10:52:54.609277,interface,0.0,0.264,0.183
2024-08-29T10:52:54.630296,interface,0.17,0.204,0.398
2024-08-29T10:52:54.647255,interface,0.267,0.183,0.457
2024-08-29T10:52:54.746217,interface,0.438,0.244,0.172
2024-08-29T10:52:54.865265,interface,0.541,0.265,0.983
2024-08-29T10:52:54.888182,interface,0.538,0.3,0.908
2024-08-29T10:52:54.925251,interface,0.31,0.349,0.213
2024-08-29T10:52:54.945259,interface,0.362,0.358,0.0
2024-08-29T10:52:54.965210,interface,0.372,0.308,0.028
2024-08-29T10:52:55.004289,interface,0.253,0.281,0.236
2024-08-29T10:52:55.027267,interface,0.243,0.306,0.071
2024-08-29T10:52:55.046212,interface,0.37,0.272,0.221
2024-08-29T10:52:55.243248,interface,0.539,0.241,1.0
2024-08-29T10:52:55.302227,interface,0.145,0.397,0.188
2024-08-29T10:52:55.324222,interface,0.158,0.365,0.0
2024-08-29T10:52:55.362193,interface,0.203,0.321,0.347
2024-08-29T10:52:55.381267,interface,0.157,0.32,0.115
2024-08-29T10:52:55.441269,interface,0.284,0.251,0.308
2024-08-29T10:52:58.475301,interface,0.224,0.365,0.887
2024-08-29T10:52:58.555230,interface,0.779,0.343,0.152
2024-08-29T10:52:58.575190,interface,0.785,0.301,0.214
2024-08-29T10:52:58.594303,interface,0.921,0.293,0.265
2024-08-29T10:52:58.615258,interface,1.0,0.252,0.184
2024-08-29T10:52:58.635218,interface,0.9139999,0.269,0.219
2024-08-29T10:52:58.656191,interface,0.791,0.31,0.275
2024-08-29T10:52:58.675234,interface,0.764,0.297,0.272
2024-08-29T10:52:58.693262,interface,0.553,0.309,0.443
2024-08-29T10:52:58.753263,interface,0.628,0.273,0.189
2024-08-29T10:52:58.811253,interface,0.374,0.363,0.927
2024-08-29T10:52:58.833232,interface,0.27,0.377,0.844
2024-08-29T10:52:58.932223,interface,1.0,0.267,0.203
2024-08-29T10:52:58.950260,interface,0.973,0.29,0.202
2024-08-29T10:52:58.973260,interface,1.0,0.283,0.235
2024-08-29T10:52:58.993280,interface,0.901,0.332,0.428
2024-08-29T10:52:59.049248,interface,0.73,0.28,0.29
2024-08-29T10:52:59.072265,interface,0.622,0.31,0.169
2024-08-29T10:52:59.190281,interface,0.224,0.359,0.821
2024-08-29T10:52:59.249268,interface,0.799,0.251,0.428
2024-08-29T10:52:59.288204,interface,0.857,0.291,0.43
2024-08-29T10:52:59.309332,interface,0.9190001,0.298,0.377
2024-08-29T10:53:02.544012,interface,0.624,0.207,0.244
2024-08-29T10:53:02.660168,interface,0.619,0.2,0.24
2024-08-29T10:53:02.682169,interface,0.498,0.206,0.213
2024-08-29T10:53:02.739191,interface,0.435,0.325,0.926
2024-08-29T10:53:02.759223,interface,0.48,0.297,0.824
2024-08-29T10:53:02.799203,interface,0.534,0.199,0.251
2024-08-29T10:53:02.821291,interface,0.543,0.183,0.168
2024-08-29T10:53:02.918319,interface,0.272,0.307,0.815
2024-08-29T10:53:02.958193,interface,0.53,0.205,0.216
2024-08-29T10:53:02.979207,interface,0.612,0.239,0.213
2024-08-29T10:53:02.998219,interface,0.719,0.243,0.257
2024-08-29T10:53:03.058272,interface,0.295,0.284,0.842
2024-08-29T10:53:03.077282,interface,0.274,0.283,0.726
2024-08-29T10:53:03.296202,interface,0.686,0.233,0.185
2024-08-29T10:53:03.375304,interface,0.191,0.261,0.84
2024-08-29T10:53:03.395200,interface,0.318,0.26,0.873
2024-08-29T10:53:03.415233,interface,0.485,0.268,0.842
2024-08-29T10:53:03.453274,interface,0.643,0.228,0.086
2024-08-29T10:53:03.476172,interface,0.724,0.227,0.033
2024-08-29T10:53:03.552217,interface,0.158,0.327,0.9969999
2024-08-29T10:53:03.574253,interface,0.374,0.308,0.972
2024-08-29T10:53:03.631235,interface,0.582,0.221,0.049
2024-08-29T10:53:03.653240,interface,0.673,0.2,0.0
2024-08-29T10:53:03.731183,interface,0.28,0.299,0.873
2024-08-29T10:53:03.753245,interface,0.418,0.275,0.941
2024-08-29T10:53:03.811197,interface,0.624,0.219,0.05900001
2024-08-29T10:53:03.831201,interface,0.699,0.23,0.089
2024-08-29T10:53:03.890304,interface,0.226,0.301,0.8780001
2024-08-29T10:53:03.912200,interface,0.332,0.272,0.9599999
2024-08-29T10:53:03.970224,interface,0.603,0.227,0.125
2024-08-29T10:53:03.990205,interface,0.656,0.223,0.086
2024-08-29T10:53:04.047243,interface,0.289,0.28,0.799
2024-08-29T10:53:04.070205,interface,0.34,0.273,0.927
2024-08-29T10:53:04.128261,interface,0.668,0.211,0.036
2024-08-29T10:53:04.151197,interface,0.683,0.232,0.121
2024-08-29T10:53:04.208194,interface,0.194,0.281,0.945
2024-08-29T10:53:04.227245,interface,0.391,0.281,0.899
2024-08-29T10:53:04.267227,interface,0.696,0.244,0.127
2024-08-29T10:53:04.289286,interface,0.777,0.21,0.0
2024-08-29T10:53:04.346347,interface,0.255,0.291,0.816
2024-08-29T10:53:04.366407,interface,0.353,0.275,0.873
2024-08-29T10:53:04.406283,interface,0.65,0.256,0.205
2024-08-29T10:53:04.428210,interface,0.743,0.213,0.0
2024-08-29T10:53:04.485305,interface,0.272,0.239,0.742
2024-08-29T10:53:04.544226,interface,0.629,0.253,0.173
2024-08-29T10:53:04.567239,interface,0.696,0.228,0.118
2024-08-29T10:53:04.685757,interface,0.695,0.213,0.027
2024-08-29T10:53:04.763254,interface,0.422,0.288,0.83
2024-08-29T10:53:04.803234,interface,0.596,0.261,0.149
2024-08-29T10:53:04.823176,interface,0.667,0.202,0.186
2024-08-29T10:53:04.902187,interface,0.424,0.272,0.861
2024-08-29T10:53:04.942221,interface,0.713,0.216,0.175
2024-08-29T10:53:05.675292,interface,0.711,0.192,0.436
2024-08-29T10:53:05.815227,interface,0.712,0.246,0.029
2024-08-29T10:53:05.874216,interface,0.145,0.251,0.518
2024-08-29T10:53:05.994258,interface,0.5440001,0.174,0.315
2024-08-29T10:53:06.013259,interface,0.203,0.251,0.38
2024-08-29T10:53:06.132204,interface,0.286,0.224,0.271
2024-08-29T10:53:06.152192,interface,0.401,0.195,0.296
2024-08-29T10:53:06.210307,interface,0.801,0.281,0.37
2024-08-29T10:53:06.233225,interface,0.477,0.274,0.977
2024-08-29T10:53:06.253246,interface,0.178,0.311,0.8059999
2024-08-29T10:53:06.330305,interface,0.673,0.284,0.153
2024-08-29T10:53:06.349263,interface,0.833,0.253,0.204
2024-08-29T10:53:06.389278,interface,0.181,0.258,0.804
2024-08-29T10:53:06.412221,interface,0.207,0.256,0.561
2024-08-29T10:53:06.765370,interface,0.465,0.256,0.184
2024-08-29T10:53:07.718285,interface,0.497,0.298,0.183
2024-08-29T10:53:14.085316,interface,0.7,0.125,0.308
2024-08-29T10:53:14.423254,interface,0.567,0.193,0.227
2024-08-29T10:53:16.963295,interface,0.724,0.104,0.545
2024-08-29T10:53:17.340235,interface,0.725,0.118,0.568
2024-08-29T10:53:17.359200,interface,0.661,0.149,0.56
2024-08-29T10:53:17.756256,interface,0.861,0.057,0.325
2024-08-29T10:53:17.775221,interface,0.933,0.06,0.44
2024-08-29T10:53:18.112342,interface,0.71,0.166,0.478
2024-08-29T10:53:18.133309,interface,0.683,0.158,0.494
2024-08-29T10:53:18.153251,interface,0.748,0.127,0.421
2024-08-29T10:53:18.174203,interface,0.815,0.081,0.383
2024-08-29T10:53:18.193243,interface,0.803,0.108,0.442
2024-08-29T10:53:19.026383,interface,0.734,0.147,0.479
2024-08-29T10:53:19.046237,interface,0.74,0.167,0.564
2024-08-29T10:53:19.085255,interface,0.732,0.188,0.512
2024-08-29T10:53:19.104204,interface,0.742,0.217,0.637
2024-08-29T10:53:19.127198,interface,0.713,0.28,0.746
2024-08-29T10:53:19.147224,interface,0.707,0.309,0.8349999
2024-08-29T10:53:19.164250,interface,0.737,0.302,0.834
2024-08-29T10:53:19.522350,interface,0.23,0.551,0.205
2024-08-29T10:53:19.600270,interface,0.331,0.552,0.09
2024-08-29T10:53:19.621287,interface,0.259,0.564,0.203
2024-08-29T10:53:19.641229,interface,0.18,0.576,0.262
2024-08-29T10:53:19.661254,interface,0.195,0.524,0.233
2024-08-29T10:53:19.758204,interface,0.19,0.577,0.231
2024-08-29T10:53:19.780278,interface,0.235,0.57,0.172
2024-08-29T10:53:19.800238,interface,0.297,0.548,0.151
2024-08-29T10:53:19.821257,interface,0.316,0.516,0.155
2024-08-29T10:53:19.840236,interface,0.371,0.475,0.117
2024-08-29T10:53:19.861236,interface,0.413,0.471,0.129
2024-08-29T10:53:20.016319,interface,0.334,0.545,0.105
2024-08-29T10:53:20.042141,interface,0.257,0.575,0.0
2024-08-29T10:53:20.057300,interface,0.156,0.609,0.0
2024-08-29T10:53:20.077210,interface,0.101,0.659,0.002
2024-08-29T10:53:20.098193,interface,0.136,0.698,0.116
2024-08-29T10:53:20.118195,interface,0.257,0.655,0.119
2024-08-29T10:53:20.138228,interface,0.312,0.597,0.11
2024-08-29T10:53:20.158232,interface,0.332,0.594,0.153
2024-08-29T10:53:20.498429,interface,0.7940001,0.193,0.555
2024-08-29T10:53:20.571245,interface,0.817,0.147,0.573
2024-08-29T10:53:20.596205,interface,0.739,0.188,0.5809999
2024-08-29T10:53:31.801314,interface,0.115,0.654,0.421
2024-08-29T10:53:31.822268,interface,0.168,0.624,0.347
2024-08-29T10:53:32.019218,interface,0.222,0.666,0.309
2024-08-29T10:53:32.119236,interface,0.28,0.722,0.205
2024-08-29T10:53:32.138252,interface,0.364,0.703,0.115
2024-08-29T10:53:32.217277,interface,0.356,0.709,0.008
2024-08-29T10:53:32.240208,interface,0.301,0.79,0.0
2024-08-29T10:53:32.259264,interface,0.317,0.788,0.122
2024-08-29T10:53:32.277247,interface,0.345,0.761,0.249
2024-08-29T10:53:34.142281,interface,0.186,0.443,0.275
2024-08-29T10:53:34.164214,interface,0.334,0.368,0.165
2024-08-29T10:53:34.360255,interface,0.461,0.419,0.081
2024-08-29T10:53:34.379221,interface,0.444,0.401,0.132
2024-08-29T10:53:34.460221,interface,0.886,0.272,0.261
2024-08-29T10:53:34.480209,interface,0.586,0.372,0.025
2024-08-29T10:53:34.500202,interface,0.44,0.424,0.0
2024-08-29T10:53:34.638200,interface,0.436,0.634,0.049
2024-08-29T10:53:34.657240,interface,0.663,0.615,0.001
2024-08-29T10:53:34.680207,interface,0.913,0.442,0.168
2024-08-29T10:53:34.699217,interface,0.752,0.441,0.197
2024-08-29T10:53:34.720233,interface,0.621,0.475,0.145
2024-08-29T10:53:34.817284,interface,0.619,0.515,0.103
2024-08-29T10:53:36.958208,interface,0.616,0.122,0.497
2024-08-29T10:53:37.118247,interface,0.095,0.534,0.546
2024-08-29T10:53:37.141267,interface,0.043,0.517,0.514
2024-08-29T10:53:37.217228,interface,0.071,0.543,0.63
2024-08-29T10:53:37.239205,interface,0.125,0.534,0.515
2024-08-29T10:53:37.315241,interface,0.126,0.565,0.53
2024-08-29T10:53:37.396271,interface,0.124,0.637,0.507
2024-08-29T10:53:37.418210,interface,0.133,0.649,0.566
2024-08-29T10:53:37.437249,interface,0.141,0.7,0.5440001
2024-08-29T10:53:37.475364,interface,0.277,0.76,0.269
2024-08-29T10:53:42.535195,interface,0.125,0.421,0.472
2024-08-29T10:53:42.554363,interface,0.055,0.455,0.403
2024-08-29T10:53:42.575207,interface,0.032,0.463,0.322
2024-08-29T10:53:42.594261,interface,0.115,0.429,0.4
2024-08-29T10:53:42.792241,interface,0.639,0.161,0.626
2024-08-29T10:53:44.878419,interface,0.122,0.653,0.258
2024-08-29T10:53:44.896249,interface,0.165,0.613,0.243
2024-08-29T10:53:44.915225,interface,0.206,0.569,0.274
2024-08-29T10:53:44.938143,interface,0.193,0.595,0.297
2024-08-29T10:53:45.014260,interface,0.209,0.5440001,0.23
2024-08-29T10:53:45.033233,interface,0.189,0.55,0.262
2024-08-29T10:53:45.492194,interface,0.896,0.398,0.394
2024-08-29T10:53:45.528230,interface,0.859,0.445,0.399
2024-08-29T10:53:45.551283,interface,0.883,0.461,0.425
2024-08-29T10:53:45.787271,interface,0.809,0.319,0.335
2024-08-29T10:53:46.664386,interface,0.593,0.201,0.273
2024-08-29T10:53:46.938189,interface,0.744,0.22,0.417
2024-08-29T10:53:47.993375,interface,0.867,0.245,0.696
2024-08-29T10:53:48.525385,interface,0.813,0.374,0.228
2024-08-29T10:53:48.544213,interface,0.778,0.383,0.218
2024-08-29T10:53:48.602359,interface,0.83,0.364,0.36
2024-08-29T10:53:48.683224,interface,0.77,0.31,0.239
2024-08-29T10:53:49.556270,interface,0.251,0.279,0.294
2024-08-29T10:53:50.269396,interface,0.739,0.248,0.649
2024-08-29T10:53:50.291198,interface,0.741,0.249,0.671
2024-08-29T10:53:53.920289,interface,0.143,0.357,0.466
2024-08-29T10:53:53.942209,interface,0.138,0.364,0.495
2024-08-29T10:53:54.018239,interface,0.14,0.391,0.402
2024-08-29T10:53:59.612287,interface,0.157,0.321,0.511
2024-08-29T10:53:59.634251,interface,0.143,0.324,0.55
2024-08-29T10:54:02.984345,interface,0.825,0.304,0.303
2024-08-29T10:54:03.006217,interface,0.79,0.317,0.268
2024-08-29T10:54:04.334525,interface,0.939,0.312,0.616
2024-08-29T10:54:04.357226,interface,1.0,0.208,0.538
2024-08-29T10:54:04.376214,interface,0.962,0.295,0.52
2024-08-29T10:54:04.453271,interface,0.8309999,0.397,0.149
2024-08-29T10:54:04.475189,interface,1.0,0.247,0.261
2024-08-29T10:54:04.494247,interface,1.0,0.199,0.247
2024-08-29T10:54:04.515193,interface,0.972,0.314,0.227
2024-08-29T10:54:04.552212,interface,0.663,0.338,0.145
2024-08-29T10:54:04.573249,interface,0.764,0.318,0.0
2024-08-29T10:54:04.593258,interface,0.678,0.455,0.041
2024-08-29T10:54:04.652242,interface,0.147,0.531,0.724
2024-08-29T10:54:04.671272,interface,0.257,0.413,0.773
2024-08-29T10:54:04.810224,interface,1.0,0.337,0.419
2024-08-29T10:54:04.832206,interface,1.0,0.15,0.429
2024-08-29T10:54:04.850225,interface,1.0,0.24,0.503
2024-08-29T10:54:04.870184,interface,0.875,0.383,0.656
2024-08-29T10:54:04.892209,interface,0.945,0.374,0.7059999
2024-08-29T10:54:04.911200,interface,1.0,0.302,0.492
2024-08-29T10:54:04.932169,interface,0.992,0.333,0.406
2024-08-29T10:54:04.989285,interface,0.577,0.297,0.052
2024-08-29T10:54:05.011205,interface,0.653,0.237,0.034
2024-08-29T10:54:05.247230,interface,0.676,0.372,0.164
2024-08-29T10:54:05.267243,interface,0.981,0.218,0.239
2024-08-29T10:54:05.286208,interface,1.0,0.057,0.2
2024-08-29T10:54:05.307211,interface,1.0,0.106,0.022
2024-08-29T10:54:05.327201,interface,1.0,0.379,0.171
2024-08-29T10:54:05.348252,interface,0.879,0.529,0.571
2024-08-29T10:54:05.368194,interface,0.969,0.444,0.781
2024-08-29T10:54:05.388192,interface,0.947,0.464,0.752
2024-08-29T10:54:05.408242,interface,0.8,0.516,0.781
2024-08-29T10:54:05.545392,interface,0.181,0.457,0.291
2024-08-29T10:54:05.566233,interface,0.003,0.453,0.032
2024-08-29T10:54:05.586164,interface,0.058,0.372,0.0
2024-08-29T10:54:05.604251,interface,0.445,0.302,0.0
2024-08-29T10:54:05.703252,interface,1.0,0.266,0.336
2024-08-29T10:54:05.724207,interface,1.0,0.179,0.586
2024-08-29T10:54:05.743180,interface,1.0,0.195,0.966
2024-08-29T10:54:05.764233,interface,1.0,0.375,1.0
2024-08-29T10:54:05.903670,interface,0.107,0.473,0.088
2024-08-29T10:54:05.924202,interface,0.11,0.483,0.0
2024-08-29T10:54:05.943208,interface,0.59,0.289,0.0
2024-08-29T10:54:05.963186,interface,0.934,0.254,0.0
2024-08-29T10:54:05.984223,interface,1.0,0.358,0.148
2024-08-29T10:54:06.003209,interface,1.0,0.419,0.521
2024-08-29T10:54:06.021257,interface,1.0,0.32,0.79
2024-08-29T10:54:06.041311,interface,1.0,0.215,0.92
2024-08-29T10:54:06.061239,interface,1.0,0.368,0.971
2024-08-29T10:54:06.082181,interface,0.749,0.602,0.863
2024-08-29T10:54:06.179226,interface,0.122,0.519,0.283
2024-08-29T10:54:06.202195,interface,0.018,0.449,0.0
2024-08-29T10:54:06.221251,interface,0.299,0.349,0.0
2024-08-29T10:54:06.241275,interface,0.679,0.283,0.033
2024-08-29T10:54:06.260237,interface,0.925,0.264,0.057
2024-08-29T10:54:06.279225,interface,1.0,0.269,0.358
2024-08-29T10:54:06.298191,interface,1.0,0.205,0.752
2024-08-29T10:54:06.319190,interface,1.0,0.279,0.687
2024-08-29T10:54:06.339197,interface,1.0,0.361,0.837
2024-08-29T10:54:06.360199,interface,0.762,0.458,0.875
2024-08-29T10:54:06.438240,interface,0.0,0.546,0.333
2024-08-29T10:54:06.458186,interface,0.0,0.558,0.266
2024-08-29T10:54:06.478235,interface,0.185,0.434,0.138
2024-08-29T10:54:06.499171,interface,0.495,0.239,0.0
2024-08-29T10:54:06.518249,interface,0.879,0.191,0.0
2024-08-29T10:54:06.539250,interface,1.0,0.261,0.172
2024-08-29T10:54:06.558280,interface,1.0,0.393,0.529
2024-08-29T10:54:06.576245,interface,1.0,0.333,0.764
2024-08-29T10:54:06.597255,interface,1.0,0.221,0.805
2024-08-29T10:54:06.616261,interface,1.0,0.268,0.817
2024-08-29T10:54:06.637246,interface,0.857,0.417,0.583
2024-08-29T10:54:06.754217,interface,0.18,0.44,0.306
2024-08-29T10:54:06.776227,interface,0.088,0.452,0.361
2024-08-29T10:54:06.796183,interface,0.073,0.487,0.285
2024-08-29T10:54:06.858319,interface,0.604,0.306,0.107
2024-08-29T10:54:06.875196,interface,0.656,0.294,0.062
2024-08-29T10:54:06.894187,interface,0.721,0.333,0.172
2024-08-29T10:54:06.933258,interface,0.665,0.416,0.121
2024-08-29T10:54:06.956192,interface,0.8349999,0.368,0.187
2024-08-29T10:54:06.975219,interface,1.0,0.311,0.439
2024-08-29T10:54:06.997277,interface,0.9940001,0.307,0.534
2024-08-29T10:54:07.016194,interface,0.927,0.308,0.619
2024-08-29T10:54:07.033327,interface,0.892,0.319,0.627
2024-08-29T10:54:07.054235,interface,0.827,0.322,0.572
2024-08-29T10:54:10.486201,interface,0.5809999,0.288,0.195
2024-08-29T10:54:10.842193,interface,0.596,0.255,0.149
2024-08-29T10:54:10.864213,interface,0.625,0.247,0.181
2024-08-29T10:54:11.119226,interface,0.5,0.182,0.739
2024-08-29T10:54:11.142206,interface,0.578,0.146,0.734
2024-08-29T10:54:11.161257,interface,0.589,0.162,0.641
2024-08-29T10:54:11.917553,interface,0.693,0.146,0.463
2024-08-29T10:54:11.934199,interface,0.756,0.085,0.484
2024-08-29T10:54:11.953310,interface,0.593,0.133,0.521
2024-08-29T10:54:11.992217,interface,0.354,0.131,0.471
2024-08-29T10:54:12.015229,interface,0.308,0.139,0.48
2024-08-29T10:54:12.038344,interface,0.247,0.19,0.58
2024-08-29T10:54:12.055345,interface,0.239,0.234,0.647
2024-08-29T10:54:12.375424,interface,0.821,0.311,0.198
2024-08-29T10:54:12.489265,interface,0.856,0.288,0.532
2024-08-29T10:54:12.508298,interface,0.849,0.246,0.477
2024-08-29T10:54:12.570177,interface,0.702,0.162,0.444
2024-08-29T10:54:12.587205,interface,0.702,0.195,0.375
2024-08-29T10:54:12.865238,interface,0.821,0.306,0.348
2024-08-29T10:54:12.888188,interface,0.937,0.227,0.261
2024-08-29T10:54:12.910180,interface,0.907,0.262,0.44
2024-08-29T10:54:12.925233,interface,0.857,0.28,0.454
2024-08-29T10:54:13.064228,interface,0.866,0.29,0.323
2024-08-29T10:54:13.084319,interface,1.0,0.17,0.212
2024-08-29T10:54:13.104331,interface,0.976,0.244,0.482
2024-08-29T10:54:13.620214,interface,0.738,0.264,0.324
2024-08-29T10:54:14.512284,interface,0.758,0.221,0.46
2024-08-29T10:54:15.385316,interface,0.778,0.278,0.355
2024-08-29T10:54:16.138324,interface,0.78,0.26,0.411
2024-08-29T10:54:16.655262,interface,0.618,0.107,0.346
2024-08-29T10:54:16.678190,interface,0.656,0.102,0.304
2024-08-29T10:54:16.697235,interface,0.552,0.15,0.286
2024-08-29T10:54:16.717283,interface,0.517,0.165,0.326
2024-08-29T10:54:16.734259,interface,0.579,0.155,0.354
2024-08-29T10:54:17.171260,interface,0.171,0.232,0.428
2024-08-29T10:54:17.191198,interface,0.128,0.256,0.473
2024-08-29T10:54:17.212188,interface,0.006,0.315,0.491
2024-08-29T10:54:17.231261,interface,0.0,0.368,0.519
2024-08-29T10:54:17.252327,interface,0.055,0.391,0.469
2024-08-29T10:54:17.310275,interface,0.9929999,0.191,0.3
2024-08-29T10:54:17.332188,interface,0.909,0.21,0.443
2024-08-29T10:54:17.370206,interface,0.823,0.245,0.467
2024-08-29T10:54:17.391228,interface,0.85,0.246,0.423
2024-08-29T10:54:17.469274,interface,0.771,0.226,0.433
2024-08-29T10:54:17.886278,interface,0.692,0.172,0.564
2024-08-29T10:54:17.906199,interface,0.897,0.025,0.552
2024-08-29T10:54:17.926230,interface,0.776,0.06800001,0.475
2024-08-29T10:54:17.946198,interface,0.594,0.123,0.282
2024-08-29T10:54:17.966223,interface,0.602,0.06599999,0.211
2024-08-29T10:54:17.987173,interface,0.689,0.061,0.263
2024-08-29T10:54:18.006220,interface,0.716,0.088,0.335
2024-08-29T10:54:18.027224,interface,0.711,0.119,0.213
2024-08-29T10:54:18.262304,interface,0.76,0.213,0.402
2024-08-29T10:54:18.282372,interface,0.737,0.22,0.404
2024-08-29T10:54:18.322286,interface,0.823,0.213,0.443
2024-08-29T10:54:18.345257,interface,0.859,0.232,0.455
2024-08-29T10:54:18.500237,interface,0.21,0.358,0.302
2024-08-29T10:54:18.729982,interface,0.095,0.409,0.336
2024-08-29T10:54:18.731810,interface,0.069,0.388,0.387
2024-08-29T10:54:18.733671,interface,0.148,0.321,0.36
2024-08-29T10:54:18.735452,interface,0.172,0.304,0.423
2024-08-29T10:54:18.737343,interface,0.17,0.314,0.451
2024-08-29T10:54:19.338341,interface,0.805,0.301,0.361
2024-08-29T10:54:19.691278,interface,0.663,0.125,0.411
2024-08-29T10:54:20.110197,interface,0.256,0.438,0.218
2024-08-29T10:54:20.128211,interface,0.06599999,0.466,0.0
2024-08-29T10:54:20.148219,interface,0.168,0.469,0.0
2024-08-29T10:54:20.168230,interface,0.519,0.463,0.0
2024-08-29T10:54:20.188228,interface,0.789,0.389,0.0
2024-08-29T10:54:20.208250,interface,0.966,0.338,0.0
2024-08-29T10:54:20.229252,interface,1.0,0.47,0.0
2024-08-29T10:54:20.249221,interface,0.891,0.632,0.493
2024-08-29T10:54:20.286206,interface,0.939,0.468,0.506
2024-08-29T10:54:20.308214,interface,1.0,0.54,0.913
2024-08-29T10:54:20.327192,interface,1.0,0.717,1.0
2024-08-29T10:54:20.366470,interface,0.182,0.675,0.315
2024-08-29T10:54:20.386372,interface,0.0,0.538,0.241
2024-08-29T10:54:20.408308,interface,0.0,0.505,0.0
2024-08-29T10:54:20.427195,interface,0.0,0.344,0.0
2024-08-29T10:54:20.445235,interface,0.578,0.197,0.205
2024-08-29T10:54:20.466207,interface,0.843,0.152,0.564
2024-08-29T10:54:20.486208,interface,0.788,0.157,0.456
2024-08-29T10:54:22.290291,interface,0.949,0.243,0.473
2024-08-29T10:54:22.312301,interface,0.895,0.231,0.563
2024-08-29T10:54:22.330200,interface,1.0,0.024,0.575
2024-08-29T10:54:22.350229,interface,1.0,0.0,0.286
2024-08-29T10:54:22.370212,interface,1.0,0.01,0.103
2024-08-29T10:54:22.391222,interface,0.245,0.205,0.0
2024-08-29T10:54:22.410165,interface,0.0,0.343,0.0
2024-08-29T10:54:22.431237,interface,0.0,0.383,0.0
2024-08-29T10:54:22.454351,interface,0.0,0.475,0.172
2024-08-29T10:54:22.468345,interface,0.0,0.613,0.378
2024-08-29T10:54:22.528344,interface,0.783,0.632,1.0
2024-08-29T10:54:22.547221,interface,0.8820001,0.529,1.0
2024-08-29T10:54:22.570234,interface,0.853,0.449,0.829
2024-08-29T10:54:25.370757,interface,0.862,0.344,0.646
2024-08-29T10:54:25.385289,interface,0.9929999,0.369,0.592
2024-08-29T10:54:25.444196,interface,0.163,0.735,0.527
2024-08-29T10:54:25.467269,interface,0.085,0.696,0.556
2024-08-29T10:54:25.489268,interface,0.0,0.629,0.575
2024-08-29T10:54:25.504175,interface,0.0,0.539,0.408
2024-08-29T10:54:25.525233,interface,0.0,0.34,0.124
2024-08-29T10:54:25.545312,interface,0.0,0.043,0.05900001
2024-08-29T10:54:25.566392,interface,0.056,0.0,0.149
2024-08-29T10:54:25.585392,interface,0.371,0.0,0.04
2024-08-29T10:54:25.606347,interface,0.803,0.0,0.102
2024-08-29T10:54:25.625316,interface,1.0,0.0,0.313
2024-08-29T10:54:25.643193,interface,0.704,0.001,0.347
2024-08-29T10:54:25.664198,interface,0.789,0.111,0.41
2024-08-29T10:54:25.684214,interface,0.822,0.214,0.463
2024-08-29T10:54:25.762214,interface,0.225,0.611,0.782
2024-08-29T10:54:26.774224,interface,0.0,0.473,0.612
2024-08-29T10:54:26.794435,interface,0.0,0.54,0.612
2024-08-29T10:54:26.815173,interface,0.0,0.509,0.59
2024-08-29T10:54:26.835193,interface,0.054,0.495,0.575
2024-08-29T10:54:26.934230,interface,0.8059999,0.409,0.265
2024-08-29T10:54:26.954273,interface,0.9940001,0.334,0.376
2024-08-29T10:54:26.973262,interface,1.0,0.191,0.451
2024-08-29T10:54:26.994186,interface,1.0,0.142,0.446
2024-08-29T10:54:27.014206,interface,0.87,0.232,0.591
2024-08-29T10:54:27.035188,interface,0.9309999,0.175,0.576
2024-08-29T10:54:27.054191,interface,0.891,0.159,0.563
2024-08-29T10:54:30.485283,interface,0.582,0.116,0.476
2024-08-29T10:54:30.685954,interface,0.9929999,0.398,0.476
2024-08-29T10:54:30.705284,interface,0.979,0.333,0.45
2024-08-29T10:54:30.723182,interface,0.965,0.32,0.538
2024-08-29T10:54:30.743219,interface,1.0,0.249,0.613
2024-08-29T10:54:30.765270,interface,0.8719999,0.207,0.661
2024-08-29T10:54:30.786315,interface,0.744,0.147,0.692
2024-08-29T10:54:30.805394,interface,0.735,0.052,0.672
2024-08-29T10:54:30.824298,interface,0.826,0.0,0.516
2024-08-29T10:54:30.841254,interface,0.728,0.017,0.352
2024-08-29T10:54:30.862201,interface,0.495,0.165,0.277
2024-08-29T10:54:30.882225,interface,0.261,0.284,0.275
2024-08-29T10:54:30.901243,interface,0.111,0.355,0.289
2024-08-29T10:54:30.920251,interface,0.004,0.445,0.356
2024-08-29T10:54:30.943206,interface,0.0,0.498,0.439
2024-08-29T10:54:30.963229,interface,0.06,0.514,0.487
2024-08-29T10:54:31.040221,interface,0.982,0.331,0.623
2024-08-29T10:54:31.059194,interface,1.0,0.225,0.685
2024-08-29T10:54:31.082216,interface,0.898,0.228,0.597
2024-08-29T10:54:31.102210,interface,0.773,0.215,0.679
2024-08-29T10:54:31.119218,interface,0.729,0.188,0.559
2024-08-29T10:54:32.687234,interface,0.277,0.27,0.701
2024-08-29T10:54:33.282279,interface,0.531,0.164,0.201
2024-08-29T10:54:33.302220,interface,0.61,0.081,0.252
2024-08-29T10:54:33.322209,interface,0.541,0.081,0.344
2024-08-29T10:54:33.343197,interface,0.48,0.094,0.428
2024-08-29T10:54:33.362210,interface,0.491,0.105,0.432
2024-08-29T10:54:33.383233,interface,0.552,0.108,0.41
2024-08-29T10:54:33.462231,interface,0.602,0.26,0.8309999
2024-08-29T10:54:33.540225,interface,0.08200001,0.518,0.612
2024-08-29T10:54:33.562259,interface,0.014,0.481,0.403
2024-08-29T10:54:33.582241,interface,0.194,0.363,0.311
2024-08-29T10:54:33.620226,interface,0.606,0.125,0.38
2024-08-29T10:54:33.642216,interface,0.683,0.132,0.617
2024-08-29T10:54:33.661259,interface,0.725,0.156,0.795
2024-08-29T10:54:33.680280,interface,0.718,0.182,0.797
2024-08-29T10:54:33.759219,interface,0.195,0.411,0.703
2024-08-29T10:54:33.917405,interface,0.524,0.355,0.851
2024-08-29T10:54:34.077262,interface,0.172,0.37,0.174
2024-08-29T10:54:34.099198,interface,0.371,0.133,0.0
2024-08-29T10:54:34.117221,interface,0.447,0.0,0.0
2024-08-29T10:54:34.137243,interface,0.354,0.065,0.185
2024-08-29T10:54:34.158253,interface,0.466,0.084,0.385
2024-08-29T10:54:34.178229,interface,0.584,0.075,0.543
2024-08-29T10:54:34.195222,interface,0.616,0.129,0.677
2024-08-29T10:54:34.274292,interface,0.659,0.618,0.978
2024-08-29T10:54:34.297226,interface,0.649,0.684,1.0
2024-08-29T10:54:34.316242,interface,0.622,0.642,1.0
2024-08-29T10:54:34.373250,interface,0.057,0.406,0.069
2024-08-29T10:54:34.395235,interface,0.208,0.245,0.045
2024-08-29T10:54:34.415194,interface,0.46,0.132,0.278
2024-08-29T10:54:34.436161,interface,0.656,0.14,0.67
2024-08-29T10:54:34.455244,interface,0.69,0.214,0.948
2024-08-29T10:54:34.473243,interface,0.629,0.294,0.99
2024-08-29T10:54:35.028323,interface,0.322,0.206,0.324
2024-08-29T10:54:35.049242,interface,0.355,0.205,0.258
2024-08-29T10:54:35.147242,interface,0.525,0.329,0.84
2024-08-29T10:54:36.119285,interface,0.492,0.476,0.89
2024-08-29T10:54:36.141278,interface,0.444,0.525,0.942
2024-08-29T10:54:36.161324,interface,0.354,0.533,0.862
2024-08-29T10:54:36.218201,interface,0.047,0.498,0.427
2024-08-29T10:54:36.240185,interface,0.0,0.428,0.0
2024-08-29T10:54:36.259219,interface,0.38,0.05,0.0
2024-08-29T10:54:36.280187,interface,0.717,0.0,0.0
2024-08-29T10:54:36.300214,interface,0.889,0.136,0.492
2024-08-29T10:54:36.317248,interface,1.0,0.175,1.0
2024-08-29T10:54:36.338170,interface,1.0,0.245,1.0
2024-08-29T10:54:36.358240,interface,0.874,0.445,1.0
2024-08-29T10:54:36.379202,interface,0.616,0.559,1.0
2024-08-29T10:54:36.399225,interface,0.261,0.635,0.937
2024-08-29T10:54:36.419211,interface,0.05,0.616,0.775
2024-08-29T10:54:36.439199,interface,0.09,0.5,0.594
2024-08-29T10:54:36.456205,interface,0.126,0.412,0.261
2024-08-29T10:54:36.477252,interface,0.295,0.261,0.105
2024-08-29T10:54:36.497280,interface,0.574,0.143,0.21
2024-08-29T10:54:36.518212,interface,0.756,0.104,0.628
2024-08-29T10:54:36.537278,interface,0.805,0.147,0.8
2024-08-29T10:54:36.558190,interface,0.746,0.241,0.867
2024-08-29T10:54:36.578183,interface,0.625,0.289,0.796
2024-08-29T10:54:41.377318,interface,0.668,0.408,0.887
2024-08-29T10:54:41.397305,interface,0.749,0.398,1.0
2024-08-29T10:54:41.420225,interface,0.717,0.448,0.9049999
2024-08-29T10:54:41.440191,interface,0.718,0.451,0.816
2024-08-29T10:54:41.495193,interface,0.0,0.79,0.37
2024-08-29T10:54:41.517242,interface,0.0,0.63,0.162
2024-08-29T10:54:41.536251,interface,0.073,0.397,0.0
2024-08-29T10:54:41.556177,interface,0.38,0.058,0.0
2024-08-29T10:54:41.577251,interface,0.505,0.0,0.0
2024-08-29T10:54:41.596223,interface,0.606,0.0,0.15
2024-08-29T10:54:41.617252,interface,0.743,0.0,0.426
2024-08-29T10:54:41.637253,interface,0.8809999,0.0,0.567
2024-08-29T10:54:41.654185,interface,0.874,0.07,0.631
2024-08-29T10:54:41.675244,interface,0.781,0.162,0.662
2024-08-29T10:54:41.755218,interface,0.343,0.548,0.901
2024-08-29T10:54:41.774171,interface,0.435,0.498,0.951
2024-08-29T10:54:43.162295,interface,0.9139999,0.225,0.629
2024-08-29T10:54:43.186180,interface,0.967,0.14,0.472
2024-08-29T10:54:43.203193,interface,0.837,0.155,0.454
2024-08-29T10:54:43.224171,interface,0.863,0.041,0.409
2024-08-29T10:54:43.243288,interface,0.995,0.0,0.307
2024-08-29T10:54:43.264344,interface,0.865,0.036,0.29
2024-08-29T10:54:43.286360,interface,0.72,0.175,0.432
2024-08-29T10:54:43.461262,interface,0.108,0.501,0.39
2024-08-29T10:54:43.520231,interface,0.777,0.164,0.422
2024-08-29T10:54:43.542182,interface,1.0,0.062,0.63
2024-08-29T10:54:43.562208,interface,1.0,0.043,0.619
2024-08-29T10:54:43.579280,interface,0.9929999,0.104,0.562
2024-08-29T10:54:43.600198,interface,0.867,0.15,0.622
2024-08-29T10:54:43.837265,interface,0.9969999,0.061,0.449
2024-08-29T10:54:43.856252,interface,1.0,0.004,0.635
2024-08-29T10:54:43.878197,interface,1.0,0.06599999,0.642
2024-08-29T10:54:43.897229,interface,0.891,0.213,0.628
2024-08-29T10:54:44.198206,interface,0.756,0.212,0.389
2024-08-29T10:54:44.215233,interface,1.0,0.02,0.472
2024-08-29T10:54:44.235196,interface,1.0,0.0,0.654
2024-08-29T10:54:44.255229,interface,1.0,0.141,0.625
2024-08-29T10:54:44.276286,interface,0.837,0.303,0.533
2024-08-29T10:54:44.492217,interface,0.518,0.276,0.172
2024-08-29T10:54:44.513237,interface,0.609,0.201,0.146
2024-08-29T10:54:44.551244,interface,0.752,0.189,0.649
2024-08-29T10:54:44.572214,interface,0.8690001,0.133,0.693
2024-08-29T10:54:44.594227,interface,0.948,0.11,0.629
2024-08-29T10:54:44.614232,interface,0.907,0.163,0.5809999
2024-08-29T10:54:44.631204,interface,0.814,0.235,0.591
2024-08-29T10:54:44.888204,interface,0.453,0.295,0.079
2024-08-29T10:54:44.910260,interface,0.513,0.29,0.163
2024-08-29T10:54:44.929321,interface,0.624,0.3,0.152
2024-08-29T10:54:44.949254,interface,0.865,0.201,0.264
2024-08-29T10:54:44.969283,interface,1.0,0.083,0.466
2024-08-29T10:54:44.989241,interface,1.0,0.055,0.678
2024-08-29T10:54:45.010199,interface,1.0,0.133,0.68
2024-08-29T10:54:45.030236,interface,0.854,0.274,0.574
2024-08-29T10:54:45.226276,interface,0.2,0.42,0.145
2024-08-29T10:54:45.247211,interface,0.294,0.33,0.095
2024-08-29T10:54:45.267210,interface,0.547,0.191,0.035
2024-08-29T10:54:45.287268,interface,0.729,0.168,0.198
2024-08-29T10:54:45.307233,interface,0.833,0.164,0.338
2024-08-29T10:54:45.328213,interface,0.893,0.179,0.466
2024-08-29T10:54:45.347266,interface,0.937,0.164,0.563
2024-08-29T10:54:45.366284,interface,0.94,0.162,0.608
2024-08-29T10:54:45.386333,interface,0.93,0.197,0.61
2024-08-29T10:54:45.647479,interface,0.585,0.224,0.254
2024-08-29T10:54:45.662238,interface,0.676,0.175,0.221
2024-08-29T10:54:45.685271,interface,0.803,0.137,0.263
2024-08-29T10:54:45.706143,interface,0.9599999,0.092,0.358
2024-08-29T10:54:45.723223,interface,0.9559999,0.145,0.617
2024-08-29T10:54:45.744233,interface,0.818,0.221,0.61
2024-08-29T10:54:46.163401,interface,0.705,0.27,0.16
2024-08-29T10:54:46.181260,interface,0.754,0.268,0.199
2024-08-29T10:54:46.200191,interface,0.749,0.293,0.31
2024-08-29T10:54:46.258293,interface,0.802,0.271,0.423
2024-08-29T10:54:46.280211,interface,0.848,0.243,0.399
2024-08-29T10:54:46.299217,interface,0.828,0.255,0.395
2024-08-29T10:54:46.476506,interface,0.689,0.243,0.273
2024-08-29T10:54:46.499205,interface,0.775,0.198,0.267
2024-08-29T10:54:46.519170,interface,0.8059999,0.208,0.271
2024-08-29T10:54:47.150614,interface,0.106,0.476,0.465
2024-08-29T10:54:47.171221,interface,0.108,0.479,0.48
2024-08-29T10:54:47.189259,interface,0.148,0.461,0.445
2024-08-29T10:54:47.229253,interface,0.144,0.448,0.374
2024-08-29T10:54:47.252246,interface,0.127,0.454,0.406
2024-08-29T10:54:47.272211,interface,0.136,0.45,0.406
2024-08-29T10:54:47.309258,interface,0.121,0.457,0.409
2024-08-29T10:54:47.332203,interface,0.132,0.469,0.422
2024-08-29T10:54:48.460188,interface,0.804,0.243,0.569
2024-08-29T10:54:48.486329,interface,0.943,0.194,0.712
2024-08-29T10:54:48.501416,interface,1.0,0.183,0.8809999
2024-08-29T10:54:48.521342,interface,0.968,0.304,0.8349999
2024-08-29T10:54:48.542191,interface,0.842,0.334,0.622
2024-08-29T10:54:48.638220,interface,0.0,0.538,0.434
2024-08-29T10:54:48.657322,interface,0.0,0.49,0.472
2024-08-29T10:54:48.680243,interface,0.206,0.368,0.305
2024-08-29T10:54:48.700210,interface,0.489,0.235,0.195
2024-08-29T10:54:48.721283,interface,0.729,0.188,0.309
2024-08-29T10:54:48.741234,interface,0.925,0.188,0.656
2024-08-29T10:54:48.758214,interface,1.0,0.147,0.765
2024-08-29T10:54:48.779217,interface,0.983,0.16,0.677
2024-08-29T10:54:48.798219,interface,0.903,0.241,0.672
2024-08-29T10:54:48.916173,interface,0.109,0.419,0.417
2024-08-29T10:54:48.996223,interface,0.901,0.129,0.535
2024-08-29T10:54:49.016180,interface,0.971,0.125,0.626
2024-08-29T10:54:49.035262,interface,0.902,0.185,0.654
2024-08-29T10:54:49.057249,interface,0.8190001,0.241,0.656
2024-08-29T10:54:49.315309,interface,0.57,0.194,0.259
2024-08-29T10:54:49.334202,interface,0.647,0.167,0.408
2024-08-29T10:54:49.355207,interface,0.713,0.155,0.49
2024-08-29T10:54:49.374219,interface,0.805,0.146,0.516
2024-08-29T10:54:49.394242,interface,0.82,0.176,0.622
2024-08-29T10:54:49.491211,interface,0.661,0.327,0.824
2024-08-29T10:54:49.691252,interface,0.557,0.186,0.273
2024-08-29T10:54:49.710202,interface,0.657,0.162,0.253
2024-08-29T10:54:49.733237,interface,0.675,0.181,0.396
2024-08-29T10:54:49.752186,interface,0.727,0.17,0.523
2024-08-29T10:54:49.770233,interface,0.756,0.177,0.591
2024-08-29T10:54:49.791202,interface,0.771,0.187,0.629
2024-08-29T10:54:52.807757,interface,0.313,0.173,0.329
2024-08-29T10:54:52.825307,interface,0.346,0.143,0.254
2024-08-29T10:54:52.844225,interface,0.459,0.11,0.25
2024-08-29T10:54:52.867217,interface,0.469,0.114,0.283
2024-08-29T10:54:52.890161,interface,0.369,0.179,0.309
2024-08-29T10:54:52.904223,interface,0.326,0.213,0.273
2024-08-29T10:54:52.925263,interface,0.384,0.203,0.277
2024-08-29T10:54:56.082262,interface,0.443,0.182,0.297
2024-08-29T10:54:57.849765,interface,0.691,0.182,0.74
2024-08-29T10:54:57.866519,interface,0.631,0.243,0.834
2024-08-29T10:54:58.325423,interface,0.637,0.254,0.763
2024-08-29T10:54:58.343226,interface,0.647,0.26,0.79
2024-08-29T10:54:58.362197,interface,0.639,0.278,0.775
2024-08-29T10:54:58.836215,interface,0.716,0.258,0.709
2024-08-29T10:54:58.858209,interface,0.708,0.266,0.791
2024-08-29T10:54:58.877265,interface,0.675,0.295,0.801
2024-08-29T10:55:03.479351,interface,0.816,0.617,0.921
2024-08-29T10:55:03.501280,interface,0.62,0.781,1.0
2024-08-29T10:55:03.522185,interface,0.27,0.946,0.834
2024-08-29T10:55:03.541242,interface,0.113,0.981,0.472
2024-08-29T10:55:03.618219,interface,0.585,0.235,0.17
2024-08-29T10:55:03.637275,interface,0.934,0.0,0.0
2024-08-29T10:55:03.660202,interface,0.434,0.0,0.0
2024-08-29T10:55:03.679987,interface,0.0,0.0,0.0
2024-08-29T10:55:03.697288,interface,0.0,0.0,0.223
2024-08-29T10:55:03.718246,interface,0.473,0.0,0.247
2024-08-29T10:55:03.738235,interface,0.696,0.0,0.397
2024-08-29T10:55:03.760203,interface,0.68,0.06400001,0.434
2024-08-29T10:55:03.856189,interface,0.391,0.212,0.257
2024-08-29T10:55:03.897247,interface,0.376,0.168,0.319
2024-08-29T10:55:03.915202,interface,0.434,0.095,0.293
2024-08-29T10:55:03.938231,interface,0.394,0.113,0.293
2024-08-29T10:55:03.958238,interface,0.447,0.111,0.292
2024-08-29T10:55:03.978242,interface,0.542,0.138,0.319
2024-08-29T10:55:04.928332,interface,0.627,0.809,0.938
2024-08-29T10:55:04.950221,interface,0.323,0.8780001,1.0
2024-08-29T10:55:04.968212,interface,0.374,0.906,0.853
2024-08-29T10:55:05.066215,interface,0.58,0.517,0.028
2024-08-29T10:55:05.089282,interface,0.29,0.264,0.0
2024-08-29T10:55:05.109255,interface,0.071,0.106,0.0
2024-08-29T10:55:05.126228,interface,0.264,0.0,0.078
2024-08-29T10:55:05.150336,interface,0.22,0.0,0.0
2024-08-29T10:55:05.167340,interface,0.008,0.055,0.0
2024-08-29T10:55:05.189317,interface,0.175,0.05900001,0.027
2024-08-29T10:55:05.207203,interface,0.422,0.125,0.044
2024-08-29T10:55:05.227209,interface,0.612,0.052,0.337
2024-08-29T10:55:05.245323,interface,0.58,0.131,0.328
2024-08-29T10:55:05.285241,interface,0.347,0.247,0.22
2024-08-29T10:55:05.308241,interface,0.377,0.2,0.185
2024-08-29T10:55:05.327222,interface,0.463,0.139,0.205
2024-08-29T10:55:05.346202,interface,0.405,0.148,0.226
2024-08-29T10:55:05.367209,interface,0.323,0.116,0.151
2024-08-29T10:55:05.387201,interface,0.379,0.033,0.089
2024-08-29T10:55:05.404188,interface,0.479,0.0,0.005
2024-08-29T10:55:05.426207,interface,0.386,0.09799999,0.041
2024-08-29T10:55:05.445241,interface,0.338,0.172,0.09799999
2024-08-29T10:55:05.465255,interface,0.5,0.176,0.101
2024-08-29T10:55:05.484252,interface,0.6,0.26,0.0
2024-08-29T10:55:05.506218,interface,0.51,0.487,0.09
2024-08-29T10:55:06.475275,interface,0.631,0.674,1.0
2024-08-29T10:55:06.498280,interface,0.609,0.793,1.0
2024-08-29T10:55:06.519201,interface,0.614,0.8690001,0.7940001
2024-08-29T10:55:06.538206,interface,0.591,0.9049999,0.593
2024-08-29T10:55:06.558174,interface,0.58,0.943,0.549
2024-08-29T10:55:06.578195,interface,0.531,0.957,0.409
2024-08-29T10:55:06.595197,interface,0.322,0.94,0.077
2024-08-29T10:55:06.616242,interface,0.32,0.693,0.0
2024-08-29T10:55:06.635210,interface,0.423,0.343,0.0
2024-08-29T10:55:06.656186,interface,0.302,0.278,0.0
2024-08-29T10:55:06.676216,interface,0.0,0.46,0.137
2024-08-29T10:55:06.697262,interface,0.0,0.426,0.025
2024-08-29T10:55:06.716205,interface,0.209,0.229,0.0
2024-08-29T10:55:06.734184,interface,0.206,0.173,0.0
2024-08-29T10:55:06.755200,interface,0.034,0.303,0.004
2024-08-29T10:55:06.774199,interface,0.081,0.317,0.148
2024-08-29T10:55:06.796211,interface,0.101,0.215,0.08200001
2024-08-29T10:55:06.815185,interface,0.154,0.324,0.125
2024-08-29T10:55:06.836203,interface,0.063,0.348,0.074
2024-08-29T10:55:06.855205,interface,0.141,0.347,0.165
2024-08-29T10:55:06.932225,interface,0.238,0.298,0.184
2024-08-29T10:55:06.951236,interface,0.131,0.328,0.14
2024-08-29T10:55:06.974184,interface,0.081,0.316,0.105
2024-08-29T10:55:06.994200,interface,0.261,0.228,0.1
2024-08-29T10:55:07.011218,interface,0.334,0.212,0.08
2024-08-29T10:55:07.032222,interface,0.237,0.266,0.0
2024-08-29T10:55:07.052225,interface,0.112,0.38,0.07
2024-08-29T10:55:07.073230,interface,0.154,0.414,0.111
2024-08-29T10:55:07.092183,interface,0.295,0.368,0.136
2024-08-29T10:55:07.113272,interface,0.327,0.371,0.045
2024-08-29T10:55:07.133226,interface,0.297,0.462,0.056
2024-08-29T10:55:09.948293,interface,0.148,0.523,0.325
2024-08-29T10:55:09.970220,interface,0.167,0.499,0.309
2024-08-29T10:55:10.049235,interface,0.149,0.543,0.275
2024-08-29T10:55:10.067187,interface,0.086,0.577,0.335
2024-08-29T10:55:10.090256,interface,0.055,0.61,0.454
2024-08-29T10:55:10.110233,interface,0.081,0.62,0.473
2024-08-29T10:55:10.128200,interface,0.123,0.611,0.445
2024-08-29T10:55:10.147219,interface,0.134,0.61,0.419
2024-08-29T10:55:10.166231,interface,0.145,0.604,0.417
2024-08-29T10:55:10.189272,interface,0.124,0.63,0.44
2024-08-29T10:55:10.208270,interface,0.127,0.639,0.404
2024-08-29T10:55:10.229259,interface,0.117,0.632,0.376
2024-08-29T10:55:10.249235,interface,0.141,0.637,0.379
2024-08-29T10:55:10.386364,interface,0.194,0.692,0.394
2024-08-29T10:55:11.557277,interface,0.174,0.442,0.297
2024-08-29T10:55:11.581296,interface,0.182,0.43,0.226
2024-08-29T10:55:11.596197,interface,0.175,0.435,0.249
2024-08-29T10:55:11.617322,interface,0.131,0.452,0.285
2024-08-29T10:55:11.637281,interface,0.084,0.469,0.277
2024-08-29T10:55:11.658225,interface,0.138,0.457,0.243
2024-08-29T10:55:18.958367,interface,0.274,0.455,0.199
2024-08-29T10:55:18.978220,interface,0.231,0.465,0.213
2024-08-29T10:55:18.997287,interface,0.231,0.458,0.202
2024-08-29T10:55:19.020242,interface,0.22,0.45,0.109
2024-08-29T10:55:19.042141,interface,0.219,0.459,0.149
2024-08-29T10:55:19.057267,interface,0.27,0.434,0.209
2024-08-29T10:55:19.136225,interface,0.388,0.342,0.115
2024-08-29T10:55:19.157245,interface,0.319,0.363,0.145
2024-08-29T10:55:20.228260,interface,0.286,0.218,0.0
2024-08-29T10:55:20.250241,interface,0.138,0.248,0.0
2024-08-29T10:55:20.269263,interface,0.118,0.408,0.289
2024-08-29T10:55:20.346247,interface,0.749,0.408,0.789
2024-08-29T10:55:20.369272,interface,0.738,0.477,0.8719999
2024-08-29T10:55:20.387181,interface,0.696,0.546,1.0
2024-08-29T10:55:20.408196,interface,0.682,0.586,1.0
2024-08-29T10:55:20.428191,interface,0.727,0.559,1.0
2024-08-29T10:55:20.452230,interface,0.723,0.552,1.0
2024-08-29T10:55:20.468196,interface,0.506,0.593,1.0
2024-08-29T10:55:20.486192,interface,0.447,0.579,0.945
2024-08-29T10:55:20.626990,interface,0.531,0.243,0.224
2024-08-29T10:55:20.644209,interface,0.287,0.254,0.0
2024-08-29T10:55:20.665260,interface,0.0,0.36,0.0
2024-08-29T10:55:20.686251,interface,0.0,0.406,0.032
2024-08-29T10:55:20.705330,interface,0.26,0.394,0.212
2024-08-29T10:55:20.803290,interface,0.652,0.466,0.856
2024-08-29T10:55:20.823244,interface,0.715,0.457,1.0
2024-08-29T10:55:20.842192,interface,0.695,0.51,1.0
2024-08-29T10:55:20.865289,interface,0.686,0.514,1.0
2024-08-29T10:55:20.885265,interface,0.667,0.505,1.0
2024-08-29T10:55:20.902236,interface,0.498,0.525,1.0
2024-08-29T10:55:20.923186,interface,0.442,0.524,0.889
2024-08-29T10:55:21.021250,interface,0.445,0.265,0.0
2024-08-29T10:55:21.045253,interface,0.09099999,0.355,0.0
2024-08-29T10:55:21.064171,interface,0.0,0.387,0.0
2024-08-29T10:55:21.081280,interface,0.0,0.409,0.046
2024-08-29T10:55:21.202595,interface,0.661,0.426,0.926
2024-08-29T10:55:21.222220,interface,0.718,0.408,1.0
2024-08-29T10:55:21.241225,interface,0.725,0.422,1.0
2024-08-29T10:55:21.261253,interface,0.639,0.457,1.0
2024-08-29T10:55:21.282237,interface,0.579,0.471,1.0
2024-08-29T10:55:21.301281,interface,0.515,0.457,0.981
2024-08-29T10:55:21.420417,interface,0.391,0.3,0.155
2024-08-29T10:55:21.442244,interface,0.253,0.291,0.0
2024-08-29T10:55:21.460214,interface,0.0,0.371,0.0
2024-08-29T10:55:21.480208,interface,0.0,0.446,0.088
2024-08-29T10:55:21.498195,interface,0.209,0.411,0.247
2024-08-29T10:55:21.617251,interface,0.687,0.477,0.933
2024-08-29T10:55:21.637257,interface,0.798,0.478,1.0
2024-08-29T10:55:21.658241,interface,0.821,0.469,1.0
2024-08-29T10:55:21.677235,interface,0.722,0.497,1.0
2024-08-29T10:55:21.698221,interface,0.606,0.527,1.0
2024-08-29T10:55:21.718226,interface,0.506,0.528,0.966
2024-08-29T10:55:21.855477,interface,0.238,0.37,0.193
2024-08-29T10:55:21.876195,interface,0.282,0.294,0.006
2024-08-29T10:55:21.894277,interface,0.173,0.3,0.0
2024-08-29T10:55:21.914221,interface,0.008,0.352,0.0
2024-08-29T10:55:21.935213,interface,0.105,0.341,0.03
2024-08-29T10:55:21.955180,interface,0.292,0.336,0.187
2024-08-29T10:55:22.074208,interface,0.747,0.43,1.0
2024-08-29T10:55:22.094220,interface,0.798,0.422,1.0
2024-08-29T10:55:22.114281,interface,0.829,0.398,1.0
2024-08-29T10:55:22.134224,interface,0.732,0.407,1.0
2024-08-29T10:55:22.155212,interface,0.621,0.43,1.0
2024-08-29T10:55:22.293279,interface,0.2,0.359,0.046
2024-08-29T10:55:22.316256,interface,0.05900001,0.311,0.0
2024-08-29T10:55:22.332232,interface,0.014,0.342,0.0
2024-08-29T10:55:22.355205,interface,0.102,0.379,0.217
2024-08-29T10:55:22.475800,interface,0.719,0.423,0.948
2024-08-29T10:55:22.489247,interface,0.796,0.419,1.0
2024-08-29T10:55:22.512170,interface,0.841,0.447,1.0
2024-08-29T10:55:22.531211,interface,0.816,0.473,1.0
2024-08-29T10:55:22.550201,interface,0.661,0.524,1.0
2024-08-29T10:55:22.572181,interface,0.534,0.514,0.9610001
2024-08-29T10:55:22.709283,interface,0.341,0.318,0.076
2024-08-29T10:55:22.728216,interface,0.154,0.318,0.0
2024-08-29T10:55:22.750244,interface,0.0,0.362,0.0
2024-08-29T10:55:22.770183,interface,0.112,0.339,0.067
2024-08-29T10:55:22.906261,interface,0.739,0.497,1.0
2024-08-29T10:55:22.928227,interface,0.803,0.485,1.0
2024-08-29T10:55:22.947235,interface,0.728,0.494,1.0
2024-08-29T10:55:22.967196,interface,0.626,0.528,1.0
2024-08-29T10:55:22.988208,interface,0.533,0.534,1.0
2024-08-29T10:55:23.008193,interface,0.429,0.506,0.917
2024-08-29T10:55:23.125616,interface,0.253,0.334,0.0
2024-08-29T10:55:23.148197,interface,0.247,0.248,0.028
2024-08-29T10:55:23.167219,interface,0.122,0.324,0.0
2024-08-29T10:55:23.187196,interface,0.153,0.349,0.006
2024-08-29T10:55:23.208210,interface,0.312,0.345,0.167
2024-08-29T10:55:23.284190,interface,0.69,0.417,0.973
2024-08-29T10:55:23.306207,interface,0.785,0.397,1.0
2024-08-29T10:55:23.325318,interface,0.852,0.386,1.0
2024-08-29T10:55:23.346202,interface,0.692,0.455,1.0
2024-08-29T10:55:23.366210,interface,0.561,0.473,1.0
2024-08-29T10:55:23.383204,interface,0.531,0.44,0.972
2024-08-29T10:55:23.502226,interface,0.265,0.312,0.0
2024-08-29T10:55:23.522206,interface,0.177,0.24,0.0
2024-08-29T10:55:23.543180,interface,0.044,0.399,0.179
2024-08-29T10:55:23.621356,interface,0.693,0.34,0.8190001
2024-08-29T10:55:23.641287,interface,0.758,0.339,0.977
2024-08-29T10:55:23.661272,interface,0.743,0.349,1.0
2024-08-29T10:55:23.682180,interface,0.741,0.331,1.0
2024-08-29T10:55:23.701296,interface,0.672,0.343,1.0
2024-08-29T10:55:23.722205,interface,0.549,0.387,0.982
2024-08-29T10:55:23.843212,interface,0.242,0.331,0.167
2024-08-29T10:55:23.861295,interface,0.158,0.3,0.013
2024-08-29T10:55:23.881265,interface,0.181,0.307,0.186
2024-08-29T10:55:23.999213,interface,0.6,0.297,0.877
2024-08-29T10:55:24.017272,interface,0.659,0.288,0.928
2024-08-29T10:55:24.041275,interface,0.679,0.266,0.9639999
2024-08-29T10:55:24.060185,interface,0.603,0.32,0.989
2024-08-29T10:55:24.077240,interface,0.548,0.34,0.954
2024-08-29T10:55:24.217359,interface,0.304,0.318,0.054
2024-08-29T10:55:24.238171,interface,0.01,0.38,0.0
2024-08-29T10:55:24.258182,interface,0.0,0.429,0.03
2024-08-29T10:55:24.278198,interface,0.116,0.367,0.106
2024-08-29T10:55:24.396163,interface,0.627,0.337,0.85
2024-08-29T10:55:24.416184,interface,0.711,0.331,1.0
2024-08-29T10:55:24.436213,interface,0.764,0.332,1.0
2024-08-29T10:55:24.457232,interface,0.638,0.362,1.0
2024-08-29T10:55:24.477302,interface,0.492,0.408,0.953
2024-08-29T10:55:24.497284,interface,0.395,0.427,0.857
2024-08-29T10:55:24.614694,interface,0.073,0.302,0.0
2024-08-29T10:55:24.634317,interface,0.041,0.386,0.0
2024-08-29T10:55:24.653233,interface,0.069,0.397,0.211
2024-08-29T10:55:24.673253,interface,0.232,0.359,0.266
2024-08-29T10:55:24.732273,interface,0.654,0.276,1.0
2024-08-29T10:55:24.752204,interface,0.719,0.238,1.0
2024-08-29T10:55:24.775206,interface,0.674,0.24,0.912
2024-08-29T10:55:24.795202,interface,0.568,0.236,0.762
2024-08-29T10:55:24.812265,interface,0.584,0.242,0.862
2024-08-29T10:55:24.833248,interface,0.473,0.309,0.87
2024-08-29T10:55:25.150371,interface,0.004,0.491,0.716
2024-08-29T10:55:25.172199,interface,0.0,0.545,0.682
2024-08-29T10:55:25.191242,interface,0.111,0.53,0.635
2024-08-29T10:55:25.308193,interface,0.858,0.26,0.44
2024-08-29T10:55:25.330215,interface,1.0,0.117,0.389
2024-08-29T10:55:25.350286,interface,0.9940001,0.088,0.412
2024-08-29T10:55:25.370212,interface,0.924,0.096,0.52
2024-08-29T10:55:25.390201,interface,0.841,0.123,0.53
2024-08-29T10:55:25.407188,interface,0.76,0.158,0.534
2024-08-29T10:55:25.487217,interface,0.703,0.173,0.432
2024-08-29T10:55:25.509269,interface,0.753,0.181,0.463
2024-08-29T10:55:25.686543,interface,0.174,0.518,0.723
2024-08-29T10:55:25.705272,interface,0.122,0.486,0.693
2024-08-29T10:55:25.728234,interface,0.09799999,0.423,0.586
2024-08-29T10:55:25.749248,interface,0.065,0.364,0.536
2024-08-29T10:55:25.766251,interface,0.069,0.319,0.535
2024-08-29T10:55:25.788231,interface,0.08200001,0.305,0.454
2024-08-29T10:55:25.806279,interface,0.051,0.335,0.399
2024-08-29T10:55:25.824235,interface,0.027,0.366,0.359
2024-08-29T10:55:25.845229,interface,0.004,0.414,0.422
2024-08-29T10:55:25.864189,interface,0.0,0.534,0.532
2024-08-29T10:55:25.885267,interface,0.054,0.61,0.591
2024-08-29T10:55:26.003306,interface,0.922,0.363,0.462
2024-08-29T10:55:26.024234,interface,0.998,0.242,0.506
2024-08-29T10:55:26.044191,interface,0.972,0.198,0.475
2024-08-29T10:55:26.064285,interface,0.811,0.241,0.489
2024-08-29T10:55:26.082197,interface,0.923,0.172,0.511
2024-08-29T10:55:26.105228,interface,1.0,0.033,0.456
2024-08-29T10:55:26.124190,interface,1.0,0.019,0.478
2024-08-29T10:55:26.142207,interface,0.9559999,0.15,0.501
2024-08-29T10:55:26.163202,interface,0.816,0.233,0.468
2024-08-29T10:55:26.385542,interface,0.119,0.463,0.567
2024-08-29T10:55:26.399186,interface,0.0,0.434,0.508
2024-08-29T10:55:26.420256,interface,0.0,0.373,0.526
2024-08-29T10:55:26.440179,interface,0.0,0.384,0.522
2024-08-29T10:55:26.462212,interface,0.0,0.363,0.483
2024-08-29T10:55:26.481276,interface,0.0,0.387,0.458
2024-08-29T10:55:26.501264,interface,0.013,0.414,0.399
2024-08-29T10:55:26.521261,interface,0.09,0.447,0.428
2024-08-29T10:55:26.743819,interface,1.0,0.161,0.541
2024-08-29T10:55:26.757243,interface,1.0,0.043,0.463
2024-08-29T10:55:26.780208,interface,1.0,0.08200001,0.443
2024-08-29T10:55:26.799181,interface,1.0,0.076,0.464
2024-08-29T10:55:26.819203,interface,0.979,0.08,0.441
2024-08-29T10:55:26.836229,interface,0.91,0.124,0.394
2024-08-29T10:55:26.858207,interface,0.8389999,0.178,0.419
2024-08-29T10:55:26.877257,interface,0.779,0.257,0.435
2024-08-29T10:55:27.075237,interface,0.083,0.449,0.633
2024-08-29T10:55:27.094226,interface,0.0,0.397,0.516
2024-08-29T10:55:27.117238,interface,0.0,0.362,0.505
2024-08-29T10:55:27.137227,interface,0.0,0.319,0.503
2024-08-29T10:55:27.155212,interface,0.09099999,0.307,0.522
2024-08-29T10:55:27.175233,interface,0.134,0.314,0.532
2024-08-29T10:55:27.195248,interface,0.136,0.359,0.546
2024-08-29T10:55:27.219189,interface,0.125,0.424,0.57
2024-08-29T10:55:27.395870,interface,0.891,0.316,0.495
2024-08-29T10:55:27.411220,interface,0.95,0.228,0.447
2024-08-29T10:55:27.434228,interface,0.92,0.221,0.449
2024-08-29T10:55:27.453248,interface,1.0,0.146,0.575
2024-08-29T10:55:27.472220,interface,1.0,0.099,0.475
2024-08-29T10:55:27.493296,interface,1.0,0.081,0.4
2024-08-29T10:55:27.513239,interface,1.0,0.117,0.409
2024-08-29T10:55:27.534215,interface,0.9110001,0.174,0.418
2024-08-29T10:55:27.553244,interface,0.774,0.251,0.432
2024-08-29T10:55:27.770212,interface,0.101,0.417,0.667
2024-08-29T10:55:27.792187,interface,0.024,0.389,0.625
2024-08-29T10:55:27.811216,interface,0.058,0.349,0.599
2024-08-29T10:55:27.831243,interface,0.17,0.32,0.578
2024-08-29T10:55:28.148780,interface,0.378,0.232,0.194
2024-08-29T10:55:28.366366,interface,0.495,0.483,0.95
2024-08-29T10:55:28.388198,interface,0.477,0.504,0.992
2024-08-29T10:55:28.407166,interface,0.498,0.501,1.0
2024-08-29T10:55:28.426267,interface,0.517,0.483,0.954
2024-08-29T10:55:28.444172,interface,0.491,0.481,0.889
2024-08-29T10:55:28.722289,interface,0.237,0.287,0.06599999
2024-08-29T10:55:28.742212,interface,0.34,0.172,0.0
2024-08-29T10:55:28.762222,interface,0.326,0.171,0.121
2024-08-29T10:55:28.783224,interface,0.237,0.205,0.181
2024-08-29T10:55:28.802210,interface,0.25,0.206,0.271
2024-08-29T10:55:29.085251,interface,0.571,0.538,0.937
2024-08-29T10:55:29.102412,interface,0.724,0.502,1.0
2024-08-29T10:55:29.121431,interface,0.769,0.541,1.0
2024-08-29T10:55:29.141316,interface,0.74,0.56,1.0
2024-08-29T10:55:29.161230,interface,0.644,0.516,1.0
2024-08-29T10:55:29.595191,interface,0.513,0.146,0.301
2024-08-29T10:55:29.616207,interface,0.53,0.09799999,0.266
2024-08-29T10:55:29.635210,interface,0.467,0.106,0.293
2024-08-29T10:55:29.659199,interface,0.451,0.121,0.35
2024-08-29T10:55:29.675312,interface,0.51,0.117,0.365
2024-08-29T10:55:29.696192,interface,0.523,0.12,0.359
2024-08-29T10:55:29.716195,interface,0.508,0.13,0.307
2024-08-29T10:55:29.737320,interface,0.452,0.164,0.32
2024-08-29T10:55:29.774238,interface,0.383,0.197,0.239
2024-08-29T10:55:29.795197,interface,0.271,0.198,0.0
2024-08-29T10:55:29.814259,interface,0.317,0.305,0.193
2024-08-29T10:55:29.953243,interface,0.673,0.538,0.901
2024-08-29T10:55:29.974219,interface,0.776,0.553,1.0
2024-08-29T10:55:29.993248,interface,0.759,0.548,1.0
2024-08-29T10:55:30.014197,interface,0.662,0.551,1.0
2024-08-29T10:55:30.034227,interface,0.589,0.486,0.887
2024-08-29T10:55:30.111229,interface,0.306,0.234,0.21
2024-08-29T10:55:30.130227,interface,0.188,0.193,0.07
2024-08-29T10:55:30.158328,interface,0.222,0.141,0.111
2024-08-29T10:55:30.173395,interface,0.232,0.228,0.261
2024-08-29T10:55:30.231230,interface,0.672,0.444,0.908
2024-08-29T10:55:30.251285,interface,0.923,0.373,0.983
2024-08-29T10:55:30.271197,interface,0.928,0.396,1.0
2024-08-29T10:55:30.292196,interface,0.787,0.445,0.981
2024-08-29T10:55:30.312194,interface,0.702,0.422,0.893
2024-08-29T10:55:30.350215,interface,0.187,0.362,0.223
2024-08-29T10:55:30.369337,interface,0.0,0.284,0.0
2024-08-29T10:55:30.390190,interface,0.0,0.26,0.219
2024-08-29T10:55:30.410195,interface,0.204,0.259,0.344
2024-08-29T10:55:30.469280,interface,0.832,0.34,0.932
2024-08-29T10:55:30.490210,interface,0.9929999,0.253,0.9049999
2024-08-29T10:55:30.509249,interface,0.9929999,0.249,0.947
2024-08-29T10:55:30.529215,interface,0.853,0.316,0.904
2024-08-29T10:55:30.588209,interface,0.125,0.343,0.184
2024-08-29T10:55:30.610188,interface,0.076,0.28,0.256
2024-08-29T10:55:30.629300,interface,0.103,0.27,0.233
2024-08-29T10:55:30.647188,interface,0.191,0.281,0.312
2024-08-29T10:55:30.706223,interface,0.713,0.354,0.856
2024-08-29T10:55:30.726210,interface,0.862,0.342,0.918
2024-08-29T10:55:30.749255,interface,1.0,0.276,0.966
2024-08-29T10:55:30.769256,interface,0.985,0.315,0.9929999
2024-08-29T10:55:30.786174,interface,0.814,0.369,0.916
2024-08-29T10:55:30.846220,interface,0.0,0.392,0.0
2024-08-29T10:55:30.867189,interface,0.0,0.326,0.078
2024-08-29T10:55:30.887288,interface,0.118,0.267,0.301
2024-08-29T10:55:30.964241,interface,0.646,0.394,0.871
2024-08-29T10:55:30.986228,interface,0.84,0.301,0.929
2024-08-29T10:55:31.005235,interface,0.93,0.243,0.895
2024-08-29T10:55:31.026190,interface,0.847,0.254,0.859
2024-08-29T10:55:31.046193,interface,0.725,0.295,0.784
2024-08-29T10:55:31.104223,interface,0.153,0.333,0.185
2024-08-29T10:55:31.124199,interface,0.0,0.336,0.0
2024-08-29T10:55:31.144279,interface,0.049,0.368,0.277
2024-08-29T10:55:31.206307,interface,0.732,0.302,0.849
2024-08-29T10:55:31.224265,interface,0.8059999,0.313,0.988
2024-08-29T10:55:31.243201,interface,0.876,0.271,0.888
2024-08-29T10:55:31.262210,interface,0.8450001,0.323,0.901
2024-08-29T10:55:31.283218,interface,0.732,0.393,0.929
2024-08-29T10:55:31.342253,interface,0.072,0.467,0.371
2024-08-29T10:55:31.361327,interface,0.0,0.455,0.298
2024-08-29T10:55:31.381247,interface,0.0,0.428,0.365
2024-08-29T10:55:31.402212,interface,0.115,0.349,0.342
2024-08-29T10:55:31.441297,interface,0.612,0.145,0.107
2024-08-29T10:55:31.461251,interface,0.8309999,0.095,0.265
2024-08-29T10:55:31.483181,interface,0.953,0.122,0.699
2024-08-29T10:55:31.503186,interface,1.0,0.131,0.937
2024-08-29T10:55:31.521285,interface,0.9639999,0.175,0.813
2024-08-29T10:55:31.541276,interface,0.792,0.305,0.747
2024-08-29T10:55:31.659189,interface,0.0,0.571,0.507
2024-08-29T10:55:31.679269,interface,0.0,0.568,0.45
2024-08-29T10:55:31.699190,interface,0.0,0.485,0.419
2024-08-29T10:55:31.720193,interface,0.2,0.38,0.216
2024-08-29T10:55:31.740227,interface,0.458,0.211,0.0
2024-08-29T10:55:31.760236,interface,0.719,0.08,0.0
2024-08-29T10:55:31.781249,interface,0.9150001,0.05900001,0.186
2024-08-29T10:55:31.798210,interface,0.986,0.1,0.548
2024-08-29T10:55:31.819231,interface,1.0,0.113,0.888
2024-08-29T10:55:31.839205,interface,0.9929999,0.23,0.912
2024-08-29T10:55:31.859201,interface,0.824,0.348,0.834
2024-08-29T10:55:31.898226,interface,0.395,0.586,0.8809999
2024-08-29T10:55:31.917243,interface,0.18,0.635,0.777
2024-08-29T10:55:31.940220,interface,0.0,0.646,0.513
2024-08-29T10:55:31.959275,interface,0.0,0.685,0.626
2024-08-29T10:55:31.977282,interface,0.0,0.54,0.521
2024-08-29T10:55:31.998181,interface,0.285,0.273,0.0
2024-08-29T10:55:32.017245,interface,0.579,0.11,0.0
2024-08-29T10:55:32.039201,interface,0.906,0.06800001,0.223
2024-08-29T10:55:32.058197,interface,1.0,0.132,0.698
2024-08-29T10:55:32.079243,interface,1.0,0.225,0.946
2024-08-29T10:55:32.098213,interface,1.0,0.208,0.934
2024-08-29T10:55:32.118196,interface,0.934,0.325,0.884
2024-08-29T10:55:32.137240,interface,0.691,0.467,0.87
2024-08-29T10:55:32.194204,interface,0.0,0.632,0.433
2024-08-29T10:55:32.216270,interface,0.0,0.721,0.393
2024-08-29T10:55:32.238320,interface,0.0,0.613,0.37
2024-08-29T10:55:32.255345,interface,0.274,0.34,0.005
2024-08-29T10:55:32.275228,interface,0.695,0.148,0.0
2024-08-29T10:55:32.295231,interface,1.0,0.043,0.06400001
2024-08-29T10:55:32.316188,interface,1.0,0.112,0.726
2024-08-29T10:55:32.335196,interface,1.0,0.178,1.0
2024-08-29T10:55:32.356192,interface,1.0,0.167,0.903
2024-08-29T10:55:32.376216,interface,0.916,0.348,0.747
2024-08-29T10:55:32.414230,interface,0.339,0.637,0.8360001
2024-08-29T10:55:32.434209,interface,0.024,0.663,0.641
2024-08-29T10:55:32.455171,interface,0.0,0.701,0.546
2024-08-29T10:55:32.474198,interface,0.0,0.781,0.414
2024-08-29T10:55:32.495211,interface,0.0,0.685,0.298
2024-08-29T10:55:32.515188,interface,0.305,0.411,0.0
2024-08-29T10:55:32.532168,interface,0.863,0.138,0.0
2024-08-29T10:55:32.556250,interface,1.0,0.09700001,0.123
2024-08-29T10:55:32.572258,interface,1.0,0.142,1.0
2024-08-29T10:55:32.593331,interface,1.0,0.119,1.0
2024-08-29T10:55:32.613255,interface,1.0,0.187,0.741
2024-08-29T10:55:32.634197,interface,0.865,0.378,0.712
2024-08-29T10:55:32.691248,interface,0.0,0.631,0.604
2024-08-29T10:55:32.714208,interface,0.0,0.764,0.433
2024-08-29T10:55:32.732218,interface,0.0,0.731,0.457
2024-08-29T10:55:32.752194,interface,0.072,0.499,0.149
2024-08-29T10:55:32.773269,interface,0.63,0.184,0.0
2024-08-29T10:55:32.792212,interface,1.0,0.083,0.0
2024-08-29T10:55:32.810178,interface,0.9969999,0.196,0.563
2024-08-29T10:55:32.831219,interface,0.995,0.214,0.951
2024-08-29T10:55:32.850295,interface,1.0,0.118,0.938
2024-08-29T10:55:32.871209,interface,1.0,0.23,0.796
2024-08-29T10:55:32.891202,interface,0.785,0.396,0.743
2024-08-29T10:55:32.949294,interface,0.015,0.601,0.571
2024-08-29T10:55:32.970206,interface,0.0,0.713,0.37
2024-08-29T10:55:32.991187,interface,0.0,0.708,0.524
2024-08-29T10:55:33.010212,interface,0.05,0.513,0.211
2024-08-29T10:55:33.030243,interface,0.543,0.244,0.0
2024-08-29T10:55:33.051217,interface,0.8820001,0.108,0.0
2024-08-29T10:55:33.070208,interface,0.976,0.191,0.3
2024-08-29T10:55:33.088237,interface,1.0,0.189,0.735
2024-08-29T10:55:33.108253,interface,1.0,0.127,1.0
2024-08-29T10:55:33.128281,interface,1.0,0.188,0.987
2024-08-29T10:55:33.149242,interface,0.895,0.35,0.699
2024-08-29T10:55:33.206252,interface,0.0,0.691,0.496
2024-08-29T10:55:33.228250,interface,0.0,0.811,0.549
2024-08-29T10:55:33.247201,interface,0.0,0.674,0.452
2024-08-29T10:55:33.270390,interface,0.179,0.463,0.036
2024-08-29T10:55:33.288363,interface,0.732,0.184,0.0
2024-08-29T10:55:33.307370,interface,1.0,0.117,0.018
2024-08-29T10:55:33.328233,interface,1.0,0.168,0.516
2024-08-29T10:55:33.348196,interface,1.0,0.206,1.0
2024-08-29T10:55:33.369231,interface,1.0,0.119,1.0
2024-08-29T10:55:33.388238,interface,1.0,0.288,0.685
2024-08-29T10:55:33.445284,interface,0.099,0.659,0.671
2024-08-29T10:55:33.470167,interface,0.0,0.721,0.491
2024-08-29T10:55:33.487211,interface,0.0,0.683,0.508
2024-08-29T10:55:33.508192,interface,0.0,0.601,0.331
2024-08-29T10:55:33.527204,interface,0.173,0.456,0.145
2024-08-29T10:55:33.545281,interface,0.622,0.24,0.0
2024-08-29T10:55:33.566181,interface,0.99,0.119,0.027
2024-08-29T10:55:33.585252,interface,1.0,0.166,0.515
2024-08-29T10:55:33.606206,interface,1.0,0.19,0.987
2024-08-29T10:55:33.626195,interface,1.0,0.12,0.992
2024-08-29T10:55:33.646261,interface,1.0,0.242,0.645
2024-08-29T10:55:33.704233,interface,0.25,0.57,0.787
2024-08-29T10:55:33.727225,interface,0.094,0.5809999,0.698
2024-08-29T10:55:33.747218,interface,0.0,0.687,0.363
2024-08-29T10:55:33.764188,interface,0.0,0.78,0.262
2024-08-29T10:55:33.785266,interface,0.079,0.504,0.166
2024-08-29T10:55:33.805247,interface,0.618,0.234,0.0
2024-08-29T10:55:33.823233,interface,0.9309999,0.124,0.06400001
2024-08-29T10:55:33.843197,interface,1.0,0.17,0.409
2024-08-29T10:55:33.863217,interface,1.0,0.158,0.588
2024-08-29T10:55:33.882217,interface,1.0,0.181,0.753
2024-08-29T10:55:33.901238,interface,1.0,0.199,0.923
2024-08-29T10:55:33.924215,interface,0.847,0.321,0.884
2024-08-29T10:55:33.982207,interface,0.277,0.549,0.809
2024-08-29T10:55:34.004257,interface,0.062,0.589,0.7059999
2024-08-29T10:55:34.025265,interface,0.0,0.595,0.399
2024-08-29T10:55:34.042180,interface,0.0,0.634,0.467
2024-08-29T10:55:34.063207,interface,0.101,0.475,0.388
2024-08-29T10:55:34.083217,interface,0.456,0.279,0.0
2024-08-29T10:55:34.100224,interface,0.7940001,0.111,0.0
2024-08-29T10:55:34.121264,interface,0.99,0.111,0.236
2024-08-29T10:55:34.141276,interface,1.0,0.151,0.614
2024-08-29T10:55:34.161277,interface,1.0,0.16,0.98
2024-08-29T10:55:34.181265,interface,1.0,0.166,0.8780001
2024-08-29T10:55:34.202210,interface,0.862,0.296,0.675
2024-08-29T10:55:34.259217,interface,0.22,0.538,0.778
2024-08-29T10:55:34.300202,interface,0.0,0.517,0.388
2024-08-29T10:55:34.320380,interface,0.0,0.559,0.372
2024-08-29T10:55:34.341407,interface,0.013,0.463,0.365
2024-08-29T10:55:34.361250,interface,0.264,0.358,0.225
2024-08-29T10:55:34.378183,interface,0.384,0.325,0.103
2024-08-29T10:55:34.399197,interface,0.757,0.162,0.004
2024-08-29T10:55:34.418209,interface,0.986,0.096,0.17
2024-08-29T10:55:34.439224,interface,0.948,0.166,0.556
2024-08-29T10:55:34.459207,interface,0.968,0.144,0.946
2024-08-29T10:55:34.480181,interface,0.986,0.158,0.955
2024-08-29T10:55:34.499182,interface,0.873,0.257,0.742
2024-08-29T10:55:34.657308,interface,0.13,0.338,0.304
2024-08-29T10:55:34.715225,interface,0.598,0.149,0.253
2024-08-29T10:55:34.734294,interface,0.651,0.145,0.397
2024-08-29T10:55:38.986341,interface,0.633,0.155,0.351
2024-08-29T10:55:39.002152,interface,0.578,0.177,0.288
2024-08-29T10:55:39.024201,interface,0.593,0.176,0.295
2024-08-29T10:55:39.046151,interface,0.65,0.151,0.373
2024-08-29T10:55:39.062246,interface,0.654,0.154,0.437
2024-08-29T10:55:39.954311,interface,0.722,0.172,0.381
2024-08-29T10:55:39.977228,interface,0.691,0.157,0.366
2024-08-29T10:55:39.994218,interface,0.596,0.208,0.344
2024-08-29T10:55:41.224279,interface,0.793,0.191,0.525
2024-08-29T10:55:41.246193,interface,0.812,0.191,0.525
2024-08-29T10:55:41.303219,interface,0.802,0.193,0.524
2024-08-29T10:55:41.800329,interface,0.143,0.37,0.516
2024-08-29T10:55:41.819203,interface,0.158,0.351,0.412
2024-08-29T10:55:41.842213,interface,0.162,0.312,0.364
2024-08-29T10:55:41.862188,interface,0.179,0.289,0.411
2024-08-29T10:55:41.879196,interface,0.198,0.28,0.415
2024-08-29T10:55:42.573317,interface,0.267,0.198,0.399
2024-08-29T10:55:42.595194,interface,0.243,0.224,0.37
2024-08-29T10:55:42.614223,interface,0.239,0.24,0.367
2024-08-29T10:55:42.635374,interface,0.232,0.203,0.377
2024-08-29T10:55:42.658368,interface,0.22,0.198,0.381
2024-08-29T10:55:42.675327,interface,0.209,0.245,0.378
2024-08-29T10:55:42.695196,interface,0.228,0.265,0.387
2024-08-29T10:55:43.624342,interface,0.696,0.178,0.368
2024-08-29T10:55:43.646337,interface,0.79,0.156,0.407
2024-08-29T10:55:43.725384,interface,0.717,0.191,0.515
2024-08-29T10:55:46.285326,interface,0.784,0.197,0.421
2024-08-29T10:55:46.306345,interface,0.789,0.218,0.46
2024-08-29T10:55:46.324250,interface,0.724,0.271,0.423
2024-08-29T10:55:47.832296,interface,0.41,0.12,0.369
2024-08-29T10:55:47.858376,interface,0.373,0.094,0.306
2024-08-29T10:55:47.872373,interface,0.347,0.12,0.243
2024-08-29T10:55:47.893314,interface,0.369,0.139,0.266
2024-08-29T10:55:47.913256,interface,0.367,0.159,0.315
2024-08-29T10:55:47.934205,interface,0.362,0.186,0.333
2024-08-29T10:55:49.479335,interface,0.724,0.166,0.489
2024-08-29T10:55:49.501236,interface,0.693,0.183,0.439
2024-08-29T10:55:50.711294,interface,0.559,0.204,0.126
2024-08-29T10:55:50.733280,interface,0.522,0.158,0.112
2024-08-29T10:55:50.751210,interface,0.714,0.043,0.251
2024-08-29T10:55:50.771213,interface,0.725,0.001,0.339
2024-08-29T10:55:50.791225,interface,0.694,0.012,0.4
2024-08-29T10:55:50.811269,interface,0.528,0.047,0.272
2024-08-29T10:55:50.832209,interface,0.434,0.104,0.206
2024-08-29T10:55:50.852214,interface,0.545,0.09700001,0.351
2024-08-29T10:55:51.604276,interface,0.566,0.08200001,0.291
2024-08-29T10:55:51.626221,interface,0.547,0.004,0.257
2024-08-29T10:55:51.644239,interface,0.637,0.0,0.276
2024-08-29T10:55:51.665255,interface,0.681,0.0,0.195
2024-08-29T10:55:51.685268,interface,0.58,0.026,0.162
2024-08-29T10:55:51.702238,interface,0.532,0.102,0.247
2024-08-29T10:55:51.723245,interface,0.599,0.132,0.342
2024-08-29T10:55:51.743208,interface,0.633,0.163,0.353
2024-08-29T10:55:52.476268,interface,0.7940001,0.195,0.449
2024-08-29T10:55:52.499205,interface,0.775,0.195,0.456
2024-08-29T10:55:52.695257,interface,0.148,0.318,0.501
2024-08-29T10:55:52.715212,interface,0.108,0.334,0.509
2024-08-29T10:55:52.736211,interface,0.116,0.365,0.572
2024-08-29T10:55:52.755229,interface,0.099,0.391,0.627
2024-08-29T10:55:54.067517,interface,0.412,0.224,0.174
2024-08-29T10:55:54.084216,interface,0.288,0.202,0.146
2024-08-29T10:55:54.106409,interface,0.337,0.096,0.075
2024-08-29T10:55:54.125383,interface,0.322,0.024,0.04
2024-08-29T10:55:54.144301,interface,0.303,0.036,0.043
2024-08-29T10:55:54.165249,interface,0.227,0.054,0.152
2024-08-29T10:55:54.185241,interface,0.277,0.069,0.194
2024-08-29T10:55:54.206219,interface,0.344,0.101,0.243
2024-08-29T10:55:54.225274,interface,0.396,0.133,0.264
2024-08-29T10:55:54.763951,interface,0.281,0.237,0.28
2024-08-29T10:55:54.778231,interface,0.243,0.213,0.113
2024-08-29T10:55:54.800203,interface,0.226,0.224,0.0
2024-08-29T10:55:54.819242,interface,0.307,0.262,0.134
2024-08-29T10:55:54.976224,interface,0.211,0.52,0.234
2024-08-29T10:55:54.999206,interface,0.182,0.577,0.314
2024-08-29T10:55:55.077285,interface,0.902,0.464,0.552
2024-08-29T10:55:55.097272,interface,1.0,0.285,0.525
2024-08-29T10:55:55.117222,interface,0.877,0.296,0.556
2024-08-29T10:55:55.158331,interface,0.77,0.237,0.433
2024-08-29T10:55:55.178285,interface,0.74,0.23,0.392
2024-08-29T10:55:55.215269,interface,0.739,0.209,0.411
2024-08-29T10:55:58.750210,interface,0.519,0.281,0.17
2024-08-29T10:55:58.986203,interface,0.0,0.613,0.266
2024-08-29T10:55:59.008183,interface,0.0,0.621,0.236
2024-08-29T10:56:00.117315,interface,0.303,0.344,0.192
2024-08-29T10:56:00.176219,interface,0.51,0.24,0.16
2024-08-29T10:56:09.173382,interface,0.296,0.377,0.193
2024-08-29T10:56:09.267266,interface,0.196,0.399,0.154
2024-08-29T10:56:09.445732,interface,0.266,0.402,0.781
2024-08-29T10:56:09.545275,interface,0.278,0.365,0.025
2024-08-29T10:56:09.565238,interface,0.115,0.417,0.17
2024-08-29T10:56:11.032211,interface,0.515,0.282,0.0
2024-08-29T10:56:11.051195,interface,0.42,0.294,0.032
2024-08-29T10:56:11.230250,interface,0.456,0.398,0.141
2024-08-29T10:56:11.254213,interface,0.431,0.33,0.0
2024-08-29T10:56:11.273251,interface,0.425,0.311,0.0
2024-08-29T10:56:11.291182,interface,0.419,0.323,0.119
2024-08-29T10:56:12.859911,interface,0.453,0.193,0.18
2024-08-29T10:56:12.878299,interface,0.571,0.279,0.09099999
2024-08-29T10:56:13.080778,interface,0.26,0.353,0.76
2024-08-29T10:56:14.387500,interface,0.318,0.233,0.238
2024-08-29T10:56:14.446235,interface,0.252,0.317,0.281
2024-08-29T10:56:14.566200,interface,0.637,0.102,0.675
2024-08-29T10:56:14.685274,interface,0.136,0.438,0.337
2024-08-29T10:56:14.706191,interface,0.122,0.389,0.288
2024-08-29T10:56:14.961465,interface,0.29,0.287,0.254
2024-08-29T10:56:14.984280,interface,0.144,0.285,0.089
2024-08-29T10:56:15.004828,interface,0.179,0.351,0.301
2024-08-29T10:56:16.113576,interface,0.204,0.309,0.113
2024-08-29T10:56:16.133353,interface,0.192,0.323,0.343
2024-08-29T10:56:16.377412,interface,0.253,0.275,0.311
2024-08-29T10:56:16.808347,interface,0.212,0.331,0.233
2024-08-29T10:56:16.828193,interface,0.15,0.346,0.319
2024-08-29T10:56:17.066301,interface,0.152,0.343,0.241
2024-08-29T10:56:17.090191,interface,0.153,0.323,0.305
2024-08-29T10:56:17.306569,interface,0.17,0.35,0.28
2024-08-29T10:56:17.324200,interface,0.122,0.366,0.385
2024-08-29T10:56:18.434204,interface,0.062,0.595,0.196
2024-08-29T10:56:18.455222,interface,0.043,0.554,0.151
2024-08-29T10:56:18.477247,interface,0.15,0.557,0.118
2024-08-29T10:56:18.496190,interface,0.123,0.552,0.101
2024-08-29T10:56:18.516221,interface,0.221,0.513,0.137
2024-08-29T10:56:19.308266,interface,0.514,0.269,0.182
2024-08-29T10:56:19.331259,interface,0.494,0.266,0.159
2024-08-29T10:56:19.530419,interface,0.413,0.42,0.067
2024-08-29T10:56:19.547268,interface,0.455,0.392,0.0
2024-08-29T10:56:19.566204,interface,0.511,0.329,0.0
2024-08-29T10:56:19.586233,interface,0.469,0.322,0.087
2024-08-29T10:56:20.023206,interface,0.515,0.235,0.099
2024-08-29T10:56:20.043211,interface,0.512,0.233,0.213
2024-08-29T10:56:20.102215,interface,0.414,0.259,0.204
2024-08-29T10:56:20.122187,interface,0.492,0.189,0.102
2024-08-29T10:56:20.343782,interface,0.291,0.328,0.095
2024-08-29T10:56:20.363224,interface,0.325,0.26,0.012
2024-08-29T10:56:20.382276,interface,0.369,0.244,0.131
2024-08-29T10:56:35.086305,interface,0.435,0.224,0.21
2024-08-29T10:56:35.108225,interface,0.406,0.235,0.181
2024-08-29T10:56:35.124242,interface,0.368,0.24,0.119
2024-08-29T10:56:35.147195,interface,0.362,0.291,0.192
2024-08-29T10:56:35.446241,interface,0.516,0.314,0.883
2024-08-29T10:56:35.859279,interface,0.234,0.463,0.008
2024-08-29T10:56:35.881250,interface,0.309,0.336,0.0
2024-08-29T10:56:35.901250,interface,0.338,0.279,0.0
2024-08-29T10:56:35.918288,interface,0.312,0.304,0.156
2024-08-29T10:56:35.959245,interface,0.29,0.341,0.211
2024-08-29T10:56:35.980240,interface,0.222,0.342,0.19
2024-08-29T10:56:36.000201,interface,0.275,0.328,0.216
2024-08-29T10:56:40.625663,interface,0.5440001,0.09700001,0.157
2024-08-29T10:56:40.642235,interface,0.644,0.024,0.126
2024-08-29T10:56:40.663187,interface,0.55,0.14,0.148
2024-08-29T10:56:40.720244,interface,0.19,0.338,0.335
2024-08-29T10:56:40.743215,interface,0.203,0.331,0.211
2024-08-29T10:56:40.761228,interface,0.334,0.28,0.13
2024-08-29T10:56:41.555710,interface,0.432,0.395,0.078
2024-08-29T10:56:41.575207,interface,0.395,0.264,0.0
2024-08-29T10:56:41.594219,interface,0.394,0.17,0.173
2024-08-29T10:56:41.617274,interface,0.339,0.206,0.254
2024-08-29T10:56:41.637279,interface,0.268,0.215,0.337
2024-08-29T10:56:41.654209,interface,0.396,0.088,0.142
2024-08-29T10:56:41.675248,interface,0.394,0.072,0.095
2024-08-29T10:56:41.694192,interface,0.186,0.23,0.217
2024-08-29T10:56:41.715242,interface,0.158,0.286,0.305
2024-08-29T10:56:41.735189,interface,0.188,0.305,0.368
2024-08-29T10:56:42.372416,interface,0.334,0.218,0.262
2024-08-29T10:56:42.396196,interface,0.243,0.281,0.245
2024-08-29T10:56:42.447245,interface,0.454,0.155,0.344
2024-08-29T10:56:42.467214,interface,0.338,0.205,0.274
2024-08-29T10:56:42.490211,interface,0.232,0.274,0.291
2024-08-29T10:56:42.509286,interface,0.285,0.247,0.271
2024-08-29T10:56:42.527232,interface,0.354,0.219,0.227
2024-08-29T10:56:43.182214,interface,0.258,0.197,0.472
2024-08-29T10:56:43.201272,interface,0.129,0.272,0.351
2024-08-29T10:56:43.224212,interface,0.095,0.296,0.251
2024-08-29T10:56:43.244254,interface,0.154,0.308,0.307
2024-08-29T10:56:43.379269,interface,0.917,0.386,0.243
2024-08-29T10:56:43.402209,interface,1.0,0.217,0.352
2024-08-29T10:56:43.420249,interface,1.0,0.121,0.444
2024-08-29T10:56:43.440213,interface,0.887,0.25,0.48
2024-08-29T10:56:43.540230,interface,0.766,0.246,0.417
2024-08-29T10:56:43.658219,interface,0.665,0.217,0.303
2024-08-29T10:56:43.821512,interface,0.14,0.47,0.339
2024-08-29T10:56:44.671505,interface,0.354,0.285,0.226
2024-08-29T10:56:50.703265,interface,0.453,0.191,0.273
2024-08-29T10:56:50.822204,interface,0.562,0.136,0.424
2024-08-29T10:56:50.965093,interface,0.394,0.323,0.826
2024-08-29T10:56:50.980187,interface,0.394,0.371,0.859
2024-08-29T10:56:51.059250,interface,0.382,0.388,0.841
2024-08-29T10:56:51.437298,interface,0.618,0.178,0.744
2024-08-29T10:56:51.458151,interface,0.606,0.222,0.772
2024-08-29T10:56:51.575223,interface,0.183,0.363,0.318
2024-08-29T10:56:51.595210,interface,0.171,0.314,0.297
2024-08-29T10:56:51.614229,interface,0.147,0.302,0.383
2024-08-29T10:56:51.636189,interface,0.025,0.381,0.261
2024-08-29T10:56:51.655217,interface,0.017,0.432,0.282
2024-08-29T10:56:51.835938,interface,0.817,0.116,0.521
2024-08-29T10:56:51.854235,interface,0.922,0.041,0.501
2024-08-29T10:56:51.872190,interface,0.884,0.065,0.514
2024-08-29T10:56:51.892202,interface,0.814,0.143,0.534
2024-08-29T10:56:51.913273,interface,0.736,0.092,0.453
2024-08-29T10:56:51.934202,interface,0.67,0.147,0.407
2024-08-29T10:56:51.992281,interface,0.152,0.582,0.653
2024-08-29T10:56:52.091202,interface,0.692,0.07,0.476
2024-08-29T10:56:52.110227,interface,0.754,0.013,0.503
2024-08-29T10:56:52.134212,interface,0.766,0.06400001,0.442
2024-08-29T10:56:52.152253,interface,0.694,0.07,0.367
2024-08-29T10:56:52.173326,interface,0.742,0.024,0.354
2024-08-29T10:56:52.193238,interface,0.784,0.035,0.421
2024-08-29T10:56:52.210259,interface,0.692,0.172,0.411
2024-08-29T10:56:52.330196,interface,0.139,0.466,0.314
2024-08-29T10:56:52.349235,interface,0.101,0.508,0.377
2024-08-29T10:56:52.370217,interface,0.077,0.485,0.532
2024-08-29T10:56:52.390224,interface,0.09,0.448,0.543
2024-08-29T10:56:52.411324,interface,0.034,0.484,0.481
2024-08-29T10:56:52.429399,interface,0.06599999,0.51,0.439
2024-08-29T10:56:52.549467,interface,0.789,0.203,0.684
2024-08-29T10:56:52.571232,interface,0.823,0.16,0.745
2024-08-29T10:56:52.590219,interface,0.809,0.178,0.763
2024-08-29T10:56:52.609318,interface,0.681,0.262,0.739
2024-08-29T10:56:52.705361,interface,0.084,0.496,0.277
2024-08-29T10:56:52.729227,interface,0.164,0.395,0.346
2024-08-29T10:56:53.201362,interface,0.626,0.321,0.847
2024-08-29T10:56:53.224191,interface,0.606,0.343,0.965
2024-08-29T10:56:53.244230,interface,0.5809999,0.365,0.998
2024-08-29T10:56:53.263206,interface,0.489,0.389,1.0
2024-08-29T10:56:53.284237,interface,0.436,0.419,0.913
2024-08-29T10:56:53.360201,interface,0.141,0.385,0.0
2024-08-29T10:56:53.382201,interface,0.339,0.282,0.0
2024-08-29T10:56:54.193396,interface,0.623,0.139,0.357
2024-08-29T10:56:54.215209,interface,0.644,0.142,0.368
2024-08-29T10:56:54.235198,interface,0.637,0.142,0.373
2024-08-29T10:56:55.285377,interface,0.601,0.177,0.331
2024-08-29T10:56:55.308218,interface,0.627,0.169,0.323
2024-08-29T10:56:55.920273,interface,0.609,0.104,0.573
2024-08-29T10:56:55.943237,interface,0.639,0.09700001,0.576
2024-08-29T10:56:56.080192,interface,0.0,0.594,0.398
2024-08-29T10:56:56.100233,interface,0.001,0.541,0.614
2024-08-29T10:56:56.118259,interface,0.004,0.496,0.476
2024-08-29T10:56:56.141229,interface,0.024,0.454,0.261
2024-08-29T10:56:56.198224,interface,0.578,0.194,0.71
2024-08-29T10:56:56.220222,interface,0.663,0.177,0.813
2024-08-29T10:56:56.239199,interface,0.723,0.166,0.788
2024-08-29T10:56:56.259222,interface,0.673,0.221,0.765
2024-08-29T10:56:56.317318,interface,0.133,0.554,0.626
2024-08-29T10:56:56.337227,interface,0.1,0.53,0.595
2024-08-29T10:56:56.774286,interface,0.433,0.229,0.231
2024-08-29T10:56:56.814256,interface,0.489,0.213,0.238
2024-08-29T10:56:56.835208,interface,0.494,0.187,0.217
2024-08-29T10:56:56.873241,interface,0.615,0.124,0.48
2024-08-29T10:56:56.892304,interface,0.654,0.124,0.482
2024-08-29T10:56:57.289290,interface,0.574,0.134,0.59
2024-08-29T10:56:57.309252,interface,0.571,0.16,0.643
2024-08-29T10:56:58.698412,interface,0.293,0.292,0.258
2024-08-29T10:57:01.753344,interface,0.88,0.342,0.499
2024-08-29T10:57:01.776239,interface,0.893,0.353,0.325
2024-08-29T10:57:01.798287,interface,0.876,0.323,0.427
2024-08-29T10:57:01.817373,interface,0.8349999,0.327,0.432
2024-08-29T10:57:01.834255,interface,0.811,0.352,0.285
2024-08-29T10:57:02.011215,interface,0.793,0.327,0.314
2024-08-29T10:57:08.424709,interface,0.195,0.273,0.269
2024-08-29T10:57:08.441264,interface,0.24,0.219,0.311
2024-08-29T10:57:08.463188,interface,0.28,0.21,0.277
2024-08-29T10:57:08.481292,interface,0.347,0.223,0.277
2024-08-29T10:57:09.098053,interface,0.648,0.376,0.155
2024-08-29T10:57:09.116280,interface,0.774,0.211,0.146
2024-08-29T10:57:09.135305,interface,0.916,0.09099999,0.22
2024-08-29T10:57:09.158338,interface,0.978,0.099,0.482
2024-08-29T10:57:09.177293,interface,0.995,0.109,0.646
2024-08-29T10:57:09.195218,interface,0.996,0.202,0.792
2024-08-29T10:57:09.216205,interface,0.857,0.365,1.0
2024-08-29T10:57:09.235186,interface,0.604,0.538,1.0
2024-08-29T10:57:09.256221,interface,0.345,0.665,1.0
2024-08-29T10:57:09.275416,interface,0.17,0.677,0.687
2024-08-29T10:57:09.297225,interface,0.077,0.702,0.165
2024-08-29T10:57:09.316235,interface,0.177,0.545,0.087
2024-08-29T10:57:09.337282,interface,0.643,0.276,0.185
2024-08-29T10:57:09.357245,interface,0.877,0.062,0.264
2024-08-29T10:57:09.374202,interface,1.0,0.0,0.377
2024-08-29T10:57:09.395201,interface,1.0,0.036,0.755
2024-08-29T10:57:09.414383,interface,0.939,0.17,0.947
2024-08-29T10:57:09.435246,interface,0.793,0.318,1.0
2024-08-29T10:57:09.455203,interface,0.642,0.542,1.0
2024-08-29T10:57:09.493273,interface,0.043,0.618,0.105
2024-08-29T10:57:09.513255,interface,0.0,0.764,0.06599999
2024-08-29T10:57:09.534212,interface,0.143,0.713,0.448
2024-08-29T10:57:09.553240,interface,0.779,0.267,0.022
2024-08-29T10:57:09.577311,interface,1.0,0.0,0.124
2024-08-29T10:57:09.593255,interface,1.0,0.0,0.652
2024-08-29T10:57:09.614195,interface,1.0,0.149,0.653
2024-08-29T10:57:09.635220,interface,0.8719999,0.432,0.729
2024-08-29T10:57:09.652192,interface,0.598,0.601,0.921
2024-08-29T10:57:09.692215,interface,0.0,0.774,0.788
2024-08-29T10:57:09.713227,interface,0.0,0.804,0.608
2024-08-29T10:57:09.733240,interface,0.116,0.639,0.222
2024-08-29T10:57:09.753268,interface,0.504,0.376,0.0
2024-08-29T10:57:09.773256,interface,0.918,0.094,0.0
2024-08-29T10:57:09.790207,interface,1.0,0.024,0.002
2024-08-29T10:57:09.811240,interface,1.0,0.15,0.647
2024-08-29T10:57:09.831214,interface,1.0,0.085,0.877
2024-08-29T10:57:09.851236,interface,1.0,0.119,0.661
2024-08-29T10:57:09.871253,interface,0.985,0.319,0.704
2024-08-29T10:57:09.892239,interface,0.663,0.531,0.938
2024-08-29T10:57:09.911307,interface,0.36,0.694,1.0
2024-08-29T10:57:09.929244,interface,0.0,0.929,0.908
2024-08-29T10:57:09.950224,interface,0.0,0.72,0.288
2024-08-29T10:57:09.969255,interface,0.168,0.524,0.0
2024-08-29T10:57:09.990238,interface,0.485,0.359,0.0
2024-08-29T10:57:10.010232,interface,0.708,0.226,0.013
2024-08-29T10:57:10.031267,interface,0.837,0.158,0.133
2024-08-29T10:57:10.052270,interface,1.0,0.111,0.29
2024-08-29T10:57:10.068204,interface,1.0,0.086,0.622
2024-08-29T10:57:10.088219,interface,1.0,0.09,1.0
2024-08-29T10:57:10.108246,interface,1.0,0.309,1.0
2024-08-29T10:57:10.130360,interface,0.833,0.546,0.8450001
2024-08-29T10:57:10.168291,interface,0.172,0.646,0.647
2024-08-29T10:57:10.187210,interface,0.028,0.743,0.705
2024-08-29T10:57:10.207186,interface,0.0,0.752,0.406
2024-08-29T10:57:10.227202,interface,0.209,0.626,0.0
2024-08-29T10:57:10.247213,interface,0.485,0.411,0.0
2024-08-29T10:57:10.268220,interface,0.566,0.336,0.0
2024-08-29T10:57:10.287261,interface,0.771,0.17,0.0
2024-08-29T10:57:10.308201,interface,1.0,0.21,0.0
2024-08-29T10:57:10.328213,interface,1.0,0.423,0.519
2024-08-29T10:57:10.349309,interface,1.0,0.311,1.0
2024-08-29T10:57:10.368217,interface,1.0,0.284,0.809
2024-08-29T10:57:10.386178,interface,1.0,0.285,0.873
2024-08-29T10:57:10.407211,interface,0.942,0.412,1.0
2024-08-29T10:57:10.426264,interface,0.708,0.592,1.0
2024-08-29T10:57:10.504220,interface,0.0,0.687,0.258
2024-08-29T10:57:10.527189,interface,0.176,0.612,0.0
2024-08-29T10:57:10.545257,interface,0.533,0.314,0.0
2024-08-29T10:57:10.565222,interface,0.768,0.153,0.0
2024-08-29T10:57:10.586213,interface,0.963,0.209,0.054
2024-08-29T10:57:10.606208,interface,0.8809999,0.355,0.17
2024-08-29T10:57:10.627209,interface,0.981,0.421,0.482
2024-08-29T10:57:10.646219,interface,1.0,0.327,0.69
2024-08-29T10:57:10.663214,interface,1.0,0.244,0.828
2024-08-29T10:57:10.684182,interface,1.0,0.146,1.0
2024-08-29T10:57:10.704208,interface,1.0,0.341,1.0
2024-08-29T10:57:10.725228,interface,0.75,0.552,0.958
2024-08-29T10:57:10.782202,interface,0.077,0.74,0.641
2024-08-29T10:57:10.805287,interface,0.034,0.729,0.427
2024-08-29T10:57:10.823202,interface,0.349,0.521,0.113
2024-08-29T10:57:10.843178,interface,0.328,0.387,0.0
2024-08-29T10:57:10.863222,interface,0.485,0.361,0.0
2024-08-29T10:57:10.883227,interface,0.634,0.382,0.072
2024-08-29T10:57:10.904198,interface,0.885,0.274,0.01
2024-08-29T10:57:10.924231,interface,1.0,0.222,0.3
2024-08-29T10:57:10.943196,interface,1.0,0.126,0.699
2024-08-29T10:57:10.962172,interface,1.0,0.236,0.967
2024-08-29T10:57:10.981257,interface,1.0,0.314,0.791
2024-08-29T10:57:11.003185,interface,0.854,0.426,0.666
2024-08-29T10:57:11.022248,interface,0.719,0.495,0.841
2024-08-29T10:57:11.044207,interface,0.5809999,0.519,0.923
2024-08-29T10:57:11.140184,interface,0.119,0.571,0.4
2024-08-29T10:57:11.162384,interface,0.113,0.56,0.194
2024-08-29T10:57:11.182388,interface,0.316,0.389,0.0
2024-08-29T10:57:11.201335,interface,0.662,0.19,0.0
2024-08-29T10:57:11.459054,interface,0.742,0.266,0.141
2024-08-29T10:57:11.461099,interface,0.802,0.305,0.147
2024-08-29T10:57:11.462901,interface,1.0,0.189,0.223
2024-08-29T10:57:11.464748,interface,1.0,0.06400001,0.717
2024-08-29T10:57:11.466532,interface,1.0,0.165,1.0
2024-08-29T10:57:11.468343,interface,1.0,0.339,0.759
2024-08-29T10:57:11.470230,interface,0.187,0.668,0.761
2024-08-29T10:57:11.472017,interface,0.171,0.613,0.662
2024-08-29T10:57:11.477919,interface,0.069,0.675,0.52
2024-08-29T10:57:11.483722,interface,0.0,0.715,0.276
2024-08-29T10:57:11.505068,interface,0.153,0.667,0.04
2024-08-29T10:57:11.522428,interface,0.499,0.459,0.0
2024-08-29T10:57:11.537283,interface,0.953,0.167,0.0
2024-08-29T10:57:11.557289,interface,1.0,0.052,0.0
2024-08-29T10:57:11.577242,interface,1.0,0.154,0.572
2024-08-29T10:57:11.598218,interface,1.0,0.102,0.719
2024-08-29T10:57:11.618220,interface,1.0,0.252,0.661
2024-08-29T10:57:11.639213,interface,0.963,0.362,0.799
2024-08-29T10:57:11.658233,interface,0.883,0.441,0.929
2024-08-29T10:57:11.715223,interface,0.464,0.556,0.87
2024-08-29T10:57:11.738199,interface,0.331,0.642,0.9139999
2024-08-29T10:57:11.757256,interface,0.169,0.772,0.844
2024-08-29T10:57:11.795215,interface,0.233,0.618,0.221
2024-08-29T10:57:11.814222,interface,0.141,0.628,0.0
2024-08-29T10:57:11.835242,interface,0.427,0.376,0.0
2024-08-29T10:57:11.855199,interface,0.808,0.087,0.0
2024-08-29T10:57:11.876195,interface,0.832,0.183,0.02
2024-08-29T10:57:11.895277,interface,0.745,0.308,0.238
2024-08-29T10:57:11.916228,interface,0.768,0.331,0.194
2024-08-29T10:57:11.936213,interface,0.824,0.334,0.286
2024-08-29T10:57:11.954212,interface,0.9639999,0.317,0.514
2024-08-29T10:57:11.974228,interface,1.0,0.219,0.702
2024-08-29T10:57:11.993333,interface,1.0,0.301,0.933
2024-08-29T10:57:12.014236,interface,0.938,0.427,1.0
2024-08-29T10:57:12.035208,interface,0.734,0.501,0.8809999
2024-08-29T10:57:12.092220,interface,0.536,0.526,0.88
2024-08-29T10:57:12.153263,interface,0.043,0.673,0.268
2024-08-29T10:57:12.170281,interface,0.015,0.631,0.0
2024-08-29T10:57:12.194217,interface,0.365,0.302,0.0
2024-08-29T10:57:12.211328,interface,0.821,0.013,0.0
2024-08-29T10:57:12.238304,interface,0.934,0.081,0.063
2024-08-29T10:57:12.254227,interface,0.859,0.183,0.61
2024-08-29T10:57:12.271225,interface,0.833,0.142,0.532
2024-08-29T10:57:12.292214,interface,0.91,0.116,0.575
2024-08-29T10:57:12.312205,interface,0.77,0.179,0.793
2024-08-29T10:57:12.332268,interface,0.658,0.25,0.888
2024-08-29T10:57:12.747219,interface,0.44,0.598,0.125
2024-08-29T10:57:12.766293,interface,0.455,0.54,0.052
2024-08-29T10:57:12.789246,interface,0.423,0.534,0.07
2024-08-29T10:57:12.826244,interface,0.352,0.708,0.11
2024-08-29T10:57:12.847228,interface,0.296,0.72,0.006
2024-08-29T10:57:12.866244,interface,0.0,0.78,0.0
2024-08-29T10:57:12.887185,interface,0.0,0.816,0.0
2024-08-29T10:57:12.907223,interface,0.0,0.746,0.0
2024-08-29T10:57:12.927184,interface,0.0,0.6,0.0
2024-08-29T10:57:12.947259,interface,0.057,0.441,0.0
2024-08-29T10:57:12.967231,interface,0.0,0.519,0.0
2024-08-29T10:57:12.985258,interface,0.0,0.718,0.0
2024-08-29T10:57:13.005288,interface,0.049,0.8059999,0.0
2024-08-29T10:57:13.026247,interface,0.233,0.848,0.044
2024-08-29T10:57:13.046235,interface,0.439,0.807,0.198
2024-08-29T10:57:13.245772,interface,0.711,0.507,0.849
2024-08-29T10:57:13.270314,interface,0.668,0.507,0.942
2024-08-29T10:57:13.283281,interface,0.629,0.515,0.9190001
2024-08-29T10:57:13.304225,interface,0.614,0.53,0.891
2024-08-29T10:57:13.323250,interface,0.622,0.541,0.876
2024-08-29T10:57:13.481263,interface,0.506,0.601,0.125
2024-08-29T10:57:13.540245,interface,0.556,0.573,0.105
2024-08-29T10:57:13.563240,interface,0.234,0.574,0.0
2024-08-29T10:57:13.581294,interface,0.0,0.563,0.0
2024-08-29T10:57:13.601201,interface,0.0,0.52,0.161
2024-08-29T10:57:13.623184,interface,0.13,0.372,0.06400001
2024-08-29T10:57:13.641246,interface,0.0,0.411,0.0
2024-08-29T10:57:13.662183,interface,0.0,0.595,0.0
2024-08-29T10:57:13.682193,interface,0.0,0.606,0.075
2024-08-29T10:57:13.699176,interface,0.0,0.462,0.16
2024-08-29T10:57:13.720201,interface,0.243,0.271,0.09700001
2024-08-29T10:57:13.740206,interface,0.335,0.231,0.007
2024-08-29T10:57:13.761390,interface,0.081,0.383,0.0
2024-08-29T10:57:13.780157,interface,0.0,0.571,0.0
2024-08-29T10:57:13.801289,interface,0.087,0.574,0.051
2024-08-29T10:57:13.821257,interface,0.306,0.571,0.109
2024-08-29T10:57:14.041452,interface,0.695,0.419,0.862
2024-08-29T10:57:14.062152,interface,0.707,0.373,0.834
2024-08-29T10:57:15.485268,interface,0.424,0.162,0.65
2024-08-29T10:57:16.537367,interface,0.389,0.94,0.346
2024-08-29T10:57:16.559212,interface,0.404,0.901,0.499
2024-08-29T10:57:16.579205,interface,0.392,0.801,0.805
2024-08-29T10:57:16.600201,interface,0.538,0.549,0.9139999
2024-08-29T10:57:16.676206,interface,0.11,0.195,0.558
2024-08-29T10:57:16.697339,interface,0.2,0.242,1.0
2024-08-29T10:57:16.717244,interface,0.65,0.14,0.89
2024-08-29T10:57:16.738208,interface,0.595,0.0,0.698
2024-08-29T10:57:16.758222,interface,0.074,0.123,0.617
2024-08-29T10:57:16.775255,interface,0.442,0.0,0.468
2024-08-29T10:57:16.796190,interface,0.576,0.0,0.247
2024-08-29T10:57:16.816217,interface,0.327,0.0,0.233
2024-08-29T10:57:16.837268,interface,0.19,0.06400001,0.527
2024-08-29T10:57:16.856221,interface,0.339,0.0,0.488
2024-08-29T10:57:16.877228,interface,0.554,0.0,0.416
2024-08-29T10:57:16.897234,interface,0.468,0.02,0.423
2024-08-29T10:57:16.917333,interface,0.395,0.126,0.487
2024-08-29T10:57:17.332240,interface,0.356,0.155,0.538
2024-08-29T10:57:17.351218,interface,0.235,0.113,0.406
2024-08-29T10:57:17.371205,interface,0.125,0.078,0.335
2024-08-29T10:57:17.392211,interface,0.093,0.076,0.245
2024-08-29T10:57:17.414382,interface,0.007,0.199,0.168
2024-08-29T10:57:17.432325,interface,0.041,0.292,0.211
2024-08-29T10:57:17.452273,interface,0.106,0.419,0.253
2024-08-29T10:57:17.530234,interface,0.87,0.451,0.458
2024-08-29T10:57:17.550204,interface,0.941,0.339,0.514
2024-08-29T10:57:17.571213,interface,0.808,0.317,0.613
2024-08-29T10:57:17.590310,interface,0.817,0.255,0.572
2024-08-29T10:57:17.689260,interface,0.912,0.238,0.457
2024-08-29T10:57:17.709323,interface,0.838,0.286,0.588
2024-08-29T10:57:18.183347,interface,1.0,0.265,0.653
2024-08-29T10:57:18.206280,interface,1.0,0.202,0.798
2024-08-29T10:57:18.226211,interface,1.0,0.151,0.701
2024-08-29T10:57:18.247218,interface,1.0,0.261,0.466
2024-08-29T10:57:18.267242,interface,1.0,0.406,0.259
2024-08-29T10:57:18.285244,interface,0.9639999,0.368,0.05900001
2024-08-29T10:57:18.303233,interface,0.775,0.471,0.0
2024-08-29T10:57:18.322201,interface,0.636,0.594,0.0
2024-08-29T10:57:18.345219,interface,0.375,0.64,0.0
2024-08-29T10:57:18.365213,interface,0.0,0.757,0.0
2024-08-29T10:57:18.386188,interface,0.0,0.77,0.029
2024-08-29T10:57:18.405219,interface,0.0,0.717,0.152
2024-08-29T10:57:18.423181,interface,0.0,0.695,0.323
2024-08-29T10:57:18.443254,interface,0.0,0.886,0.443
2024-08-29T10:57:18.463385,interface,0.0,0.978,0.691
2024-08-29T10:57:18.484312,interface,0.0,0.733,0.818
2024-08-29T10:57:18.504237,interface,0.309,0.441,0.8309999
2024-08-29T10:57:18.525253,interface,0.506,0.305,0.858
2024-08-29T10:57:18.544233,interface,0.424,0.302,0.815
2024-08-29T10:57:19.633309,interface,0.0,0.885,0.553
2024-08-29T10:57:19.655193,interface,0.0,0.974,0.507
2024-08-29T10:57:19.675247,interface,0.0,0.989,0.438
2024-08-29T10:57:19.695212,interface,0.279,0.838,0.06800001
2024-08-29T10:57:19.713296,interface,0.57,0.703,0.06800001
2024-08-29T10:57:19.733287,interface,0.681,0.693,0.016
2024-08-29T10:57:19.753280,interface,1.0,0.224,0.071
2024-08-29T10:57:19.773242,interface,1.0,0.0,0.144
2024-08-29T10:57:19.793242,interface,1.0,0.0,0.359
2024-08-29T10:57:19.814210,interface,1.0,0.0,0.353
2024-08-29T10:57:19.833256,interface,1.0,0.0,0.558
2024-08-29T10:57:19.854227,interface,1.0,0.0,0.522
2024-08-29T10:57:19.874207,interface,1.0,0.0,0.327
2024-08-29T10:57:19.892191,interface,0.977,0.187,0.344
2024-08-29T10:57:19.951227,interface,0.13,0.767,0.427
2024-08-29T10:57:19.970254,interface,0.053,0.776,0.369
2024-08-29T10:57:19.990203,interface,0.0,0.926,0.359
2024-08-29T10:57:20.014204,interface,0.0,1.0,0.408
2024-08-29T10:57:20.030173,interface,0.0,1.0,0.605
2024-08-29T10:57:20.051168,interface,0.0,1.0,0.545
2024-08-29T10:57:20.071173,interface,0.615,0.889,0.236
2024-08-29T10:57:20.092185,interface,1.0,0.372,0.077
2024-08-29T10:57:20.111234,interface,1.0,0.0,0.255
2024-08-29T10:57:20.132210,interface,1.0,0.0,0.478
2024-08-29T10:57:20.151233,interface,1.0,0.0,0.689
2024-08-29T10:57:20.169288,interface,1.0,0.275,0.304
2024-08-29T10:57:20.190185,interface,0.21,0.801,0.023
2024-08-29T10:57:20.209274,interface,0.0,1.0,0.085
2024-08-29T10:57:20.230207,interface,0.0,1.0,0.565
2024-08-29T10:57:20.249419,interface,0.0,1.0,0.69
2024-08-29T10:57:20.270286,interface,0.0,1.0,0.829
2024-08-29T10:57:20.290171,interface,0.045,1.0,0.623
2024-08-29T10:57:20.308216,interface,0.894,0.727,0.537
2024-08-29T10:57:20.328302,interface,1.0,0.0,0.356
2024-08-29T10:57:20.348194,interface,1.0,0.0,0.011
2024-08-29T10:57:20.369230,interface,1.0,0.0,0.221
2024-08-29T10:57:20.389243,interface,1.0,0.0,0.201
2024-08-29T10:57:20.410187,interface,0.754,0.321,0.215
2024-08-29T10:57:20.429312,interface,0.215,0.823,0.256
2024-08-29T10:57:20.446184,interface,0.0,1.0,0.319
2024-08-29T10:57:20.467192,interface,0.0,1.0,0.553
2024-08-29T10:57:20.487184,interface,0.0,1.0,0.8309999
2024-08-29T10:57:20.506240,interface,0.0,1.0,0.901
2024-08-29T10:57:20.525237,interface,0.368,0.974,0.503
2024-08-29T10:57:20.548338,interface,1.0,0.399,0.212
2024-08-29T10:57:20.568311,interface,1.0,0.0,0.0
2024-08-29T10:57:20.605311,interface,1.0,0.0,0.241
2024-08-29T10:57:20.628203,interface,1.0,0.0,0.57
2024-08-29T10:57:20.648265,interface,0.8450001,0.258,0.615
2024-08-29T10:57:20.685268,interface,0.0,0.9599999,0.319
2024-08-29T10:57:20.704166,interface,0.0,1.0,0.527
2024-08-29T10:57:20.727192,interface,0.0,1.0,0.582
2024-08-29T10:57:20.747220,interface,0.0,1.0,0.792
2024-08-29T10:57:20.764214,interface,0.0,1.0,0.703
2024-08-29T10:57:20.786254,interface,0.668,0.8719999,0.395
2024-08-29T10:57:20.805234,interface,1.0,0.099,0.282
2024-08-29T10:57:20.826191,interface,1.0,0.0,0.13
2024-08-29T10:57:20.845247,interface,1.0,0.0,0.253
2024-08-29T10:57:20.866178,interface,0.996,0.0,0.174
2024-08-29T10:57:20.886193,interface,0.996,0.0,0.262
2024-08-29T10:57:20.903270,interface,0.736,0.158,0.495
2024-08-29T10:57:23.324283,interface,0.696,0.069,0.352
2024-08-29T10:57:25.249353,interface,0.687,0.163,0.402
2024-08-29T10:57:25.271279,interface,0.666,0.152,0.415
2024-08-29T10:57:25.328238,interface,0.585,0.179,0.27
2024-08-29T10:57:25.348250,interface,0.571,0.197,0.22
2024-08-29T10:57:25.371216,interface,0.587,0.186,0.261
2024-08-29T10:57:25.390262,interface,0.688,0.133,0.362
2024-08-29T10:57:25.408223,interface,0.719,0.125,0.475
2024-08-29T10:57:25.429245,interface,0.674,0.168,0.523
2024-08-29T10:57:25.467218,interface,0.685,0.155,0.389
2024-08-29T10:57:27.372257,interface,0.621,0.27,0.189
2024-08-29T10:57:27.432205,interface,0.614,0.284,0.181
2024-08-29T10:57:27.928284,interface,0.532,0.312,0.166
2024-08-29T10:57:27.988216,interface,0.586,0.32,0.112
2024-08-29T10:57:28.008193,interface,0.732,0.251,0.122
2024-08-29T10:57:29.238424,interface,0.644,0.226,0.157
2024-08-29T10:57:29.260289,interface,0.556,0.209,0.0
2024-08-29T10:57:29.279188,interface,0.322,0.353,0.0
2024-08-29T10:57:29.299200,interface,0.129,0.546,0.009
2024-08-29T10:57:29.575221,interface,0.423,0.325,0.176
2024-08-29T10:57:29.658202,interface,0.291,0.368,0.158
2024-08-29T10:57:29.677235,interface,0.25,0.417,0.176
2024-08-29T10:57:29.696216,interface,0.29,0.397,0.152
2024-08-29T10:57:29.716209,interface,0.373,0.345,0.09799999
2024-08-29T10:57:29.736236,interface,0.34,0.368,0.15
2024-08-29T10:57:29.934342,interface,0.681,0.177,0.435
2024-08-29T10:57:29.992237,interface,0.738,0.15,0.519
2024-08-29T10:57:30.014219,interface,0.805,0.149,0.565
2024-08-29T10:57:31.440198,interface,0.548,0.119,0.414
2024-08-29T10:57:34.635212,interface,0.802,0.296,0.59
2024-08-29T10:57:34.755204,interface,0.862,0.368,0.532
2024-08-29T10:57:34.774208,interface,0.8690001,0.365,0.482
2024-08-29T10:57:34.795231,interface,0.861,0.375,0.396
2024-08-29T10:57:34.815205,interface,0.8809999,0.349,0.355
2024-08-29T10:57:34.834212,interface,0.851,0.352,0.317
2024-08-29T10:57:34.853256,interface,0.809,0.351,0.183
2024-08-29T10:57:34.876211,interface,0.716,0.382,0.095
2024-08-29T10:57:34.895247,interface,0.579,0.37,0.095
2024-08-29T10:57:34.913298,interface,0.469,0.365,0.157
2024-08-29T10:57:34.934188,interface,0.442,0.355,0.131
2024-08-29T10:57:34.953232,interface,0.405,0.351,0.146
2024-08-29T10:57:35.013240,interface,0.249,0.341,0.258
2024-08-29T10:57:35.032179,interface,0.19,0.385,0.3
2024-08-29T10:57:35.055218,interface,0.15,0.378,0.341
2024-08-29T10:57:37.592225,interface,0.675,0.155,0.772
2024-08-29T10:57:37.615214,interface,0.771,0.107,0.611
2024-08-29T10:57:37.634225,interface,0.683,0.142,0.525
2024-08-29T10:57:37.691226,interface,0.687,0.114,0.495
2024-08-29T10:57:37.713270,interface,0.671,0.121,0.474
2024-08-29T10:57:38.587595,interface,0.11,0.595,0.289
2024-08-29T10:57:38.604219,interface,0.08,0.633,0.565
2024-08-29T10:57:38.663237,interface,1.0,0.321,0.54
2024-08-29T10:57:38.684203,interface,1.0,0.0,0.589
2024-08-29T10:57:38.703206,interface,1.0,0.0,0.837
2024-08-29T10:57:38.723189,interface,1.0,0.047,0.556
2024-08-29T10:57:38.744229,interface,1.0,0.349,0.354
2024-08-29T10:57:38.764202,interface,0.506,0.684,0.026
2024-08-29T10:57:38.784173,interface,0.0,0.999,0.0
2024-08-29T10:57:38.804199,interface,0.0,1.0,0.789
2024-08-29T10:57:38.825217,interface,0.0,0.826,0.666
2024-08-29T10:57:38.862194,interface,0.857,0.343,0.346
2024-08-29T10:57:38.883206,interface,1.0,0.247,0.438
2024-08-29T10:57:38.902179,interface,1.0,0.0,0.569
2024-08-29T10:57:38.923196,interface,1.0,0.0,0.693
2024-08-29T10:57:38.943186,interface,1.0,0.08,0.626
2024-08-29T10:57:38.963287,interface,1.0,0.447,0.44
2024-08-29T10:57:38.983190,interface,0.0,0.952,0.094
2024-08-29T10:57:39.000187,interface,0.0,1.0,0.611
2024-08-29T10:57:39.021222,interface,0.0,0.891,0.707
2024-08-29T10:57:39.061316,interface,0.888,0.316,0.177
2024-08-29T10:57:39.079199,interface,1.0,0.054,0.454
2024-08-29T10:57:39.102195,interface,1.0,0.0,0.657
2024-08-29T10:57:39.122176,interface,1.0,0.0,0.736
2024-08-29T10:57:39.142182,interface,1.0,0.202,0.565
2024-08-29T10:57:39.180190,interface,0.0,1.0,0.348
2024-08-29T10:57:39.201244,interface,0.0,0.903,0.774
2024-08-29T10:57:39.220179,interface,0.0,0.631,0.44
2024-08-29T10:57:39.259206,interface,1.0,0.251,0.405
2024-08-29T10:57:39.286371,interface,1.0,0.0,0.526
2024-08-29T10:57:39.301446,interface,1.0,0.0,0.635
2024-08-29T10:57:39.319235,interface,1.0,0.085,0.644
2024-08-29T10:57:39.357332,interface,0.0,0.884,0.195
2024-08-29T10:57:39.380195,interface,0.0,0.958,0.78
2024-08-29T10:57:39.400230,interface,0.0,0.748,0.554
2024-08-29T10:57:39.458197,interface,1.0,0.111,0.41
2024-08-29T10:57:39.478283,interface,1.0,0.0,0.574
2024-08-29T10:57:39.498186,interface,1.0,0.0,0.583
2024-08-29T10:57:39.519216,interface,1.0,0.05,0.527
2024-08-29T10:57:39.557238,interface,0.0,0.679,0.263
2024-08-29T10:57:39.576308,interface,0.0,0.8,0.621
2024-08-29T10:57:39.596219,interface,0.0,0.721,0.577
2024-08-29T10:57:39.656676,interface,1.0,0.22,0.495
2024-08-29T10:57:39.675292,interface,1.0,0.0,0.501
2024-08-29T10:57:39.698245,interface,1.0,0.0,0.613
2024-08-29T10:57:39.718228,interface,1.0,0.118,0.686
2024-08-29T10:57:39.756231,interface,0.136,0.602,0.453
2024-08-29T10:57:39.778235,interface,0.0,0.566,0.467
2024-08-29T10:57:39.796277,interface,0.0,0.602,0.528
2024-08-29T10:57:39.854241,interface,0.937,0.159,0.49
2024-08-29T10:57:39.876227,interface,1.0,0.046,0.517
2024-08-29T10:57:39.895181,interface,1.0,0.0,0.586
2024-08-29T10:57:39.914221,interface,1.0,0.055,0.568
2024-08-29T10:57:39.955205,interface,0.003,0.649,0.385
2024-08-29T10:57:39.976200,interface,0.0,0.689,0.588
2024-08-29T10:57:39.995255,interface,0.0,0.584,0.473
2024-08-29T10:57:40.052250,interface,1.0,0.154,0.425
2024-08-29T10:57:40.074221,interface,1.0,0.0,0.495
2024-08-29T10:57:40.094198,interface,1.0,0.0,0.606
2024-08-29T10:57:40.115246,interface,1.0,0.103,0.483
2024-08-29T10:57:40.172249,interface,0.01,0.523,0.384
2024-08-29T10:57:40.194204,interface,0.0,0.59,0.537
2024-08-29T10:57:40.270220,interface,0.899,0.25,0.542
2024-08-29T10:57:40.293243,interface,1.0,0.009,0.495
2024-08-29T10:57:40.311192,interface,1.0,0.0,0.511
2024-08-29T10:57:40.334321,interface,1.0,0.156,0.523
2024-08-29T10:57:40.370301,interface,0.089,0.564,0.473
2024-08-29T10:57:40.392281,interface,0.0,0.539,0.409
2024-08-29T10:57:40.412191,interface,0.0,0.562,0.436
2024-08-29T10:57:40.468194,interface,0.853,0.274,0.56
2024-08-29T10:57:40.491198,interface,1.0,0.093,0.562
2024-08-29T10:57:40.510186,interface,1.0,0.0,0.539
2024-08-29T10:57:40.531197,interface,1.0,0.085,0.622
2024-08-29T10:57:40.607249,interface,0.0,0.521,0.437
2024-08-29T10:57:40.630309,interface,0.0,0.555,0.422
2024-08-29T10:57:40.687228,interface,0.9110001,0.19,0.558
2024-08-29T10:57:40.707199,interface,1.0,0.101,0.584
2024-08-29T10:57:40.728232,interface,1.0,0.081,0.642
2024-08-29T10:57:40.750201,interface,1.0,0.145,0.607
2024-08-29T10:57:40.769247,interface,0.952,0.179,0.467
2024-08-29T10:57:40.807188,interface,0.124,0.534,0.586
2024-08-29T10:57:40.827219,interface,0.067,0.507,0.485
2024-08-29T10:57:40.846224,interface,0.138,0.432,0.336
2024-08-29T10:57:40.926261,interface,0.913,0.201,0.479
2024-08-29T10:57:40.948199,interface,1.0,0.017,0.468
2024-08-29T10:57:40.968202,interface,1.0,0.009,0.5809999
2024-08-29T10:57:40.985271,interface,1.0,0.121,0.556
2024-08-29T10:57:41.006197,interface,0.826,0.282,0.482
2024-08-29T10:57:41.046215,interface,0.09700001,0.575,0.478
2024-08-29T10:57:41.066174,interface,0.0,0.557,0.551
2024-08-29T10:57:41.144220,interface,0.728,0.189,0.463
2024-08-29T10:57:41.166293,interface,0.827,0.146,0.502
2024-08-29T10:57:41.185277,interface,0.856,0.143,0.542
2024-08-29T10:57:41.205232,interface,0.744,0.217,0.549
2024-08-29T10:57:46.444480,interface,0.033,0.414,0.397
2024-08-29T10:57:46.463204,interface,0.0,0.471,0.404
2024-08-29T10:57:46.485268,interface,0.0,0.489,0.516
2024-08-29T10:57:46.543206,interface,0.8809999,0.302,0.379
2024-08-29T10:57:46.563340,interface,1.0,0.181,0.547
2024-08-29T10:57:46.582371,interface,1.0,0.151,0.922
2024-08-29T10:57:46.603360,interface,1.0,0.067,0.808
2024-08-29T10:57:46.623228,interface,1.0,0.147,0.714
2024-08-29T10:57:46.681256,interface,0.0,0.673,0.281
2024-08-29T10:57:46.702192,interface,0.0,0.698,0.393
2024-08-29T10:57:46.721234,interface,0.0,0.582,0.448
2024-08-29T10:57:46.742253,interface,0.143,0.481,0.361
2024-08-29T10:57:46.780221,interface,1.0,0.248,0.48
2024-08-29T10:57:46.800198,interface,1.0,0.093,0.804
2024-08-29T10:57:46.823230,interface,1.0,0.007,0.978
2024-08-29T10:57:46.843222,interface,1.0,0.183,0.804
2024-08-29T10:57:46.860208,interface,0.856,0.471,0.699
2024-08-29T10:57:46.881243,interface,0.0,0.716,0.402
2024-08-29T10:57:46.901256,interface,0.0,0.8809999,0.272
2024-08-29T10:57:46.920210,interface,0.0,0.903,0.644
2024-08-29T10:57:46.939211,interface,0.0,0.671,0.321
2024-08-29T10:57:46.962216,interface,0.636,0.39,0.074
2024-08-29T10:57:46.982197,interface,1.0,0.173,0.444
2024-08-29T10:57:46.999162,interface,1.0,0.0,0.91
2024-08-29T10:57:47.020222,interface,1.0,0.02,0.939
2024-08-29T10:57:47.039201,interface,1.0,0.321,0.724
2024-08-29T10:57:47.078222,interface,0.0,0.717,0.411
2024-08-29T10:57:47.101259,interface,0.0,0.856,0.432
2024-08-29T10:57:47.120198,interface,0.0,0.744,0.576
2024-08-29T10:57:47.138215,interface,0.135,0.573,0.34
2024-08-29T10:57:47.159204,interface,0.693,0.375,0.142
2024-08-29T10:57:47.178233,interface,1.0,0.09,0.253
2024-08-29T10:57:47.199208,interface,1.0,0.0,0.955
2024-08-29T10:57:47.219199,interface,1.0,0.07,0.876
2024-08-29T10:57:47.239272,interface,1.0,0.358,0.667
2024-08-29T10:57:47.277270,interface,0.0,0.764,0.427
2024-08-29T10:57:47.297232,interface,0.0,0.923,0.482
2024-08-29T10:57:47.317218,interface,0.0,0.82,0.896
2024-08-29T10:57:47.356188,interface,0.943,0.36,0.09799999
2024-08-29T10:57:47.377236,interface,1.0,0.023,0.311
2024-08-29T10:57:47.395169,interface,1.0,0.0,1.0
2024-08-29T10:57:47.415168,interface,1.0,0.113,0.74
2024-08-29T10:57:47.436209,interface,0.974,0.357,0.65
2024-08-29T10:57:47.476221,interface,0.0,0.724,0.402
2024-08-29T10:57:47.494178,interface,0.0,0.818,0.5440001
2024-08-29T10:57:47.518217,interface,0.0,0.674,0.771
2024-08-29T10:57:47.574208,interface,1.0,0.12,0.299
2024-08-29T10:57:47.596209,interface,1.0,0.0,0.77
2024-08-29T10:57:47.618312,interface,1.0,0.144,0.9610001
2024-08-29T10:57:47.635323,interface,0.995,0.327,0.592
2024-08-29T10:57:47.673361,interface,0.0,0.61,0.514
2024-08-29T10:57:47.696182,interface,0.0,0.555,0.49
2024-08-29T10:57:47.716186,interface,0.0,0.468,0.603
2024-08-29T10:57:48.908343,interface,0.841,0.062,0.431
2024-08-29T10:57:48.927192,interface,0.823,0.017,0.577
2024-08-29T10:57:48.946219,interface,0.729,0.06599999,0.625
2024-08-29T10:57:49.261290,interface,0.508,0.147,0.296
2024-08-29T10:57:49.302215,interface,0.0,0.346,0.302
2024-08-29T10:57:49.321247,interface,0.0,0.415,0.338
2024-08-29T10:57:49.341297,interface,0.058,0.45,0.584
2024-08-29T10:57:49.543857,interface,0.0,0.46,0.562
2024-08-29T10:57:49.562199,interface,0.0,0.577,0.551
2024-08-29T10:57:49.582199,interface,0.0,0.56,0.292
2024-08-29T10:57:49.601325,interface,0.153,0.539,0.236
2024-08-29T10:57:49.619184,interface,0.826,0.315,0.096
2024-08-29T10:57:49.639213,interface,1.0,0.0,0.224
2024-08-29T10:57:49.659205,interface,1.0,0.049,0.809
2024-08-29T10:57:49.680193,interface,0.949,0.074,0.787
2024-08-29T10:57:49.702375,interface,0.766,0.195,0.704
2024-08-29T10:57:49.757360,interface,0.0,0.46,0.514
2024-08-29T10:57:49.778206,interface,0.0,0.502,0.651
2024-08-29T10:57:49.798205,interface,0.133,0.465,0.62
2024-08-29T10:57:49.897281,interface,0.936,0.123,0.195
2024-08-29T10:57:49.917225,interface,1.0,0.063,0.471
2024-08-29T10:57:49.937282,interface,1.0,0.06400001,0.742
2024-08-29T10:57:49.957255,interface,1.0,0.075,0.626
2024-08-29T10:57:49.977306,interface,0.774,0.216,0.564
2024-08-29T10:57:50.076305,interface,0.071,0.446,0.499
2024-08-29T10:57:50.096201,interface,0.119,0.477,0.548
2024-08-29T10:57:50.214215,interface,0.799,0.248,0.292
2024-08-29T10:57:50.235177,interface,1.0,0.0,0.261
2024-08-29T10:57:50.254192,interface,1.0,0.0,0.692
2024-08-29T10:57:50.275203,interface,1.0,0.149,0.599
2024-08-29T10:57:50.632342,interface,0.943,0.209,0.143
2024-08-29T10:57:50.650185,interface,1.0,0.025,0.48
2024-08-29T10:57:50.673242,interface,1.0,0.044,0.8190001
2024-08-29T10:57:50.692193,interface,1.0,0.09700001,0.744
2024-08-29T10:57:50.711199,interface,0.894,0.253,0.78
2024-08-29T10:57:50.830216,interface,0.06800001,0.48,0.511
2024-08-29T10:57:50.850214,interface,0.088,0.469,0.563
2024-08-29T10:57:50.969295,interface,0.856,0.276,0.427
2024-08-29T10:57:50.989252,interface,1.0,0.16,0.503
2024-08-29T10:57:51.010233,interface,1.0,0.08,0.614
2024-08-29T10:57:51.029278,interface,1.0,0.047,0.686
2024-08-29T10:57:51.050233,interface,1.0,0.205,0.723
2024-08-29T10:57:51.187203,interface,0.111,0.449,0.562
2024-08-29T10:57:51.344210,interface,0.759,0.283,0.078
2024-08-29T10:57:51.367217,interface,0.854,0.223,0.09700001
2024-08-29T10:57:51.388201,interface,0.973,0.187,0.375
2024-08-29T10:57:51.405230,interface,1.0,0.114,0.453
2024-08-29T10:57:51.426201,interface,1.0,0.065,0.518
2024-08-29T10:57:51.446218,interface,1.0,0.187,0.693
2024-08-29T10:57:51.466242,interface,0.811,0.315,0.677
2024-08-29T10:57:51.822519,interface,0.737,0.285,0.111
2024-08-29T10:57:51.841253,interface,0.866,0.247,0.177
2024-08-29T10:57:51.864207,interface,0.883,0.236,0.414
2024-08-29T10:57:51.883223,interface,0.843,0.246,0.516
2024-08-29T10:57:51.921266,interface,0.821,0.251,0.422
2024-08-29T10:57:51.940245,interface,0.913,0.189,0.416
2024-08-29T10:57:51.964214,interface,0.904,0.218,0.514
2024-08-29T10:57:51.983217,interface,0.8,0.288,0.583
2024-08-29T10:57:52.418282,interface,0.636,0.174,0.144
2024-08-29T10:57:52.558202,interface,0.762,0.175,0.447
2024-08-29T10:57:52.576191,interface,0.774,0.175,0.577
2024-08-29T10:57:52.596242,interface,0.737,0.185,0.618
2024-08-29T10:57:53.291354,interface,0.697,0.216,0.304
2024-08-29T10:57:55.731290,interface,0.568,0.211,0.266
2024-08-29T10:57:55.754216,interface,0.604,0.208,0.242
2024-08-29T10:57:56.228304,interface,0.342,0.426,0.838
2024-08-29T10:57:56.367211,interface,0.717,0.131,0.214
2024-08-29T10:57:56.387203,interface,0.683,0.092,0.378
2024-08-29T10:57:56.407225,interface,0.636,0.111,0.427
2024-08-29T10:57:56.428236,interface,0.663,0.09700001,0.475
2024-08-29T10:57:56.447269,interface,0.687,0.09799999,0.467
2024-08-29T10:57:56.468213,interface,0.66,0.137,0.507
2024-08-29T10:57:56.744209,interface,0.15,0.425,0.371
2024-08-29T10:57:56.803196,interface,0.464,0.253,0.198
2024-08-29T10:57:56.825255,interface,0.528,0.192,0.2
2024-08-29T10:57:56.844186,interface,0.615,0.186,0.282
2024-08-29T10:57:56.884239,interface,0.721,0.148,0.507
2024-08-29T10:57:56.901373,interface,0.735,0.137,0.59
2024-08-29T10:57:56.925251,interface,0.718,0.156,0.608
2024-08-29T10:57:56.944206,interface,0.7,0.163,0.619
2024-08-29T10:57:57.260280,interface,0.779,0.067,0.0
2024-08-29T10:57:57.280214,interface,0.755,0.086,0.133
2024-08-29T10:57:57.300226,interface,0.712,0.13,0.454
2024-08-29T10:57:57.320206,interface,0.809,0.086,0.579
2024-08-29T10:57:57.341279,interface,0.861,0.062,0.688
2024-08-29T10:57:57.361227,interface,0.823,0.111,0.702
2024-08-29T10:57:57.538254,interface,0.125,0.471,0.509
2024-08-29T10:57:57.637282,interface,0.44,0.295,0.155
2024-08-29T10:57:57.659208,interface,0.625,0.166,0.058
2024-08-29T10:57:57.678316,interface,0.78,0.072,0.159
2024-08-29T10:57:57.699205,interface,0.838,0.048,0.385
2024-08-29T10:57:57.719205,interface,0.798,0.09,0.577
2024-08-29T10:57:57.736179,interface,0.779,0.14,0.772
2024-08-29T10:57:57.760193,interface,0.688,0.203,0.721
2024-08-29T10:57:58.013288,interface,0.52,0.2,0.131
2024-08-29T10:57:58.038285,interface,0.676,0.099,0.224
2024-08-29T10:57:58.055346,interface,0.761,0.05900001,0.464
2024-08-29T10:57:58.075190,interface,0.778,0.052,0.596
2024-08-29T10:57:58.095172,interface,0.725,0.113,0.649
2024-08-29T10:57:58.114226,interface,0.659,0.175,0.6
2024-08-29T10:57:58.438268,interface,0.575,0.166,0.078
2024-08-29T10:57:58.452263,interface,0.673,0.075,0.002
2024-08-29T10:57:58.471257,interface,0.683,0.121,0.365
2024-08-29T10:57:58.814041,interface,0.128,0.436,0.37
2024-08-29T10:57:58.830255,interface,0.076,0.472,0.293
2024-08-29T10:57:58.850284,interface,0.103,0.504,0.38
2024-08-29T10:57:58.890198,interface,0.604,0.351,0.145
2024-08-29T10:57:58.908196,interface,0.822,0.156,0.062
2024-08-29T10:57:58.927197,interface,0.877,0.13,0.295
2024-08-29T10:57:58.948228,interface,0.865,0.13,0.459
2024-08-29T10:57:58.968192,interface,0.846,0.138,0.461
2024-08-29T10:57:58.989296,interface,0.8190001,0.133,0.511
2024-08-29T10:57:59.008218,interface,0.841,0.151,0.565
2024-08-29T10:57:59.029256,interface,0.735,0.212,0.575
2024-08-29T10:57:59.347521,interface,0.5440001,0.263,0.154
2024-08-29T10:57:59.369230,interface,0.632,0.229,0.236
2024-08-29T10:57:59.384204,interface,0.697,0.169,0.288
2024-08-29T10:57:59.406168,interface,0.773,0.052,0.209
2024-08-29T10:57:59.424186,interface,0.848,0.051,0.452
2024-08-29T10:57:59.445217,interface,0.766,0.118,0.602
2024-08-29T10:57:59.465268,interface,0.718,0.188,0.657
2024-08-29T10:57:59.820212,interface,0.186,0.376,0.229
2024-08-29T10:57:59.842207,interface,0.195,0.355,0.219
2024-08-29T10:57:59.863256,interface,0.38,0.233,0.088
2024-08-29T10:57:59.881283,interface,0.564,0.216,0.031
2024-08-29T10:58:00.196287,interface,0.0,0.418,0.135
2024-08-29T10:58:00.220248,interface,0.022,0.392,0.254
2024-08-29T10:58:00.277248,interface,0.552,0.225,0.103
2024-08-29T10:58:00.299227,interface,0.698,0.158,0.214
2024-08-29T10:58:00.318217,interface,0.774,0.126,0.401
2024-08-29T10:58:00.338188,interface,0.805,0.124,0.509
2024-08-29T10:58:00.359197,interface,0.7940001,0.17,0.664
2024-08-29T10:58:00.378235,interface,0.742,0.192,0.776
2024-08-29T10:58:00.535319,interface,0.123,0.441,0.487
2024-08-29T10:58:00.674234,interface,0.674,0.105,0.417
2024-08-29T10:58:00.694210,interface,0.746,0.07,0.541
2024-08-29T10:58:00.714217,interface,0.6690001,0.126,0.614
2024-08-29T10:58:01.070219,interface,0.594,0.131,0.466
2024-08-29T10:58:02.341346,interface,0.626,0.143,0.514
2024-08-29T10:58:02.600239,interface,0.117,0.401,0.331
2024-08-29T10:58:02.619193,interface,0.121,0.363,0.226
2024-08-29T10:58:02.639243,interface,0.299,0.205,0.152
2024-08-29T10:58:02.660191,interface,0.47,0.167,0.262
2024-08-29T10:58:03.096272,interface,0.167,0.34,0.085
2024-08-29T10:58:03.117276,interface,0.192,0.328,0.282
2024-08-29T10:58:03.155228,interface,0.479,0.225,0.194
2024-08-29T10:58:03.174216,interface,0.679,0.125,0.295
2024-08-29T10:58:03.197239,interface,0.742,0.116,0.476
2024-08-29T10:58:03.217248,interface,0.718,0.13,0.584
2024-08-29T10:58:03.238328,interface,0.677,0.183,0.636
2024-08-29T10:58:03.433306,interface,0.107,0.431,0.295
2024-08-29T10:58:03.452197,interface,0.022,0.418,0.24
2024-08-29T10:58:03.475208,interface,0.093,0.384,0.309
2024-08-29T10:58:03.532244,interface,0.426,0.217,0.139
2024-08-29T10:58:03.591242,interface,0.654,0.165,0.359
2024-08-29T10:58:03.614221,interface,0.69,0.174,0.577
2024-08-29T10:58:03.633252,interface,0.655,0.206,0.699
2024-08-29T10:58:03.989304,interface,0.24,0.312,0.253
2024-08-29T10:58:04.009244,interface,0.211,0.3,0.177
2024-08-29T10:58:04.030201,interface,0.152,0.362,0.129
2024-08-29T10:58:04.050185,interface,0.309,0.353,0.184
2024-08-29T10:58:04.071204,interface,0.619,0.174,0.169
2024-08-29T10:58:04.090232,interface,0.852,0.08,0.335
2024-08-29T10:58:04.107251,interface,0.817,0.132,0.536
2024-08-29T10:58:04.128223,interface,0.773,0.157,0.663
2024-08-29T10:58:04.148190,interface,0.683,0.167,0.602
2024-08-29T10:58:04.485349,interface,0.299,0.337,0.206
2024-08-29T10:58:04.544210,interface,0.344,0.254,0.112
2024-08-29T10:58:04.566232,interface,0.294,0.275,0.132
2024-08-29T10:58:04.683165,interface,0.647,0.198,0.691
2024-08-29T10:58:05.219306,interface,0.182,0.484,0.281
2024-08-29T10:58:05.238202,interface,0.0,0.46,0.0
2024-08-29T10:58:05.261311,interface,0.179,0.474,0.171
2024-08-29T10:58:05.281247,interface,0.433,0.293,0.089
2024-08-29T10:58:05.299202,interface,0.707,0.126,0.035
2024-08-29T10:58:05.322331,interface,0.8360001,0.104,0.381
2024-08-29T10:58:05.341434,interface,0.848,0.111,0.62
2024-08-29T10:58:05.360305,interface,0.74,0.192,0.67
2024-08-29T10:58:05.379260,interface,0.744,0.187,0.744
2024-08-29T10:58:05.400207,interface,0.677,0.248,0.775
2024-08-29T10:58:05.577244,interface,0.103,0.43,0.308
2024-08-29T10:58:05.597228,interface,0.048,0.428,0.257
2024-08-29T10:58:05.617268,interface,0.06800001,0.433,0.348
2024-08-29T10:58:05.637290,interface,0.135,0.438,0.398
2024-08-29T10:58:05.694257,interface,0.68,0.273,0.05
2024-08-29T10:58:05.716227,interface,0.844,0.198,0.155
2024-08-29T10:58:05.736214,interface,0.942,0.15,0.367
2024-08-29T10:58:05.755207,interface,1.0,0.054,0.57
2024-08-29T10:58:05.776193,interface,1.0,0.002,0.651
2024-08-29T10:58:05.796177,interface,0.983,0.05,0.6
2024-08-29T10:58:05.817269,interface,0.821,0.209,0.545
2024-08-29T10:58:05.972248,interface,0.138,0.525,0.657
2024-08-29T10:58:05.994250,interface,0.0,0.534,0.369
2024-08-29T10:58:06.013225,interface,0.0,0.59,0.231
2024-08-29T10:58:06.033253,interface,0.0,0.605,0.236
2024-08-29T10:58:06.071205,interface,0.68,0.336,0.033
2024-08-29T10:58:06.093277,interface,0.907,0.135,0.0
2024-08-29T10:58:06.111190,interface,1.0,0.055,0.314
2024-08-29T10:58:06.135224,interface,1.0,0.012,0.8360001
2024-08-29T10:58:06.155208,interface,0.989,0.092,0.9190001
2024-08-29T10:58:06.172236,interface,0.861,0.194,0.741
2024-08-29T10:58:06.311182,interface,0.0,0.5809999,0.467
2024-08-29T10:58:06.331187,interface,0.0,0.538,0.295
2024-08-29T10:58:06.351384,interface,0.037,0.481,0.146
2024-08-29T10:58:06.374289,interface,0.182,0.458,0.0
2024-08-29T10:58:06.391383,interface,0.5,0.243,0.1
2024-08-29T10:58:06.412184,interface,0.665,0.183,0.262
2024-08-29T10:58:06.432203,interface,0.791,0.132,0.363
2024-08-29T10:58:06.450282,interface,0.8389999,0.09099999,0.427
2024-08-29T10:58:06.470171,interface,0.932,0.069,0.686
2024-08-29T10:58:06.490207,interface,0.929,0.099,0.877
2024-08-29T10:58:06.511195,interface,0.735,0.24,0.699
2024-08-29T10:58:06.649252,interface,0.061,0.503,0.401
2024-08-29T10:58:06.667229,interface,0.156,0.428,0.421
2024-08-29T10:58:06.688215,interface,0.194,0.389,0.236
2024-08-29T10:58:06.707196,interface,0.26,0.316,0.222
2024-08-29T10:58:06.767219,interface,0.63,0.153,0.329
2024-08-29T10:58:06.788194,interface,0.755,0.125,0.594
2024-08-29T10:58:06.808278,interface,0.81,0.09799999,0.688
2024-08-29T10:58:06.828204,interface,0.8,0.099,0.6
2024-08-29T10:58:06.848239,interface,0.783,0.128,0.559
2024-08-29T10:58:06.872185,interface,0.749,0.183,0.626
2024-08-29T10:58:07.223248,interface,0.643,0.132,0.494
2024-08-29T10:58:08.215309,interface,0.478,0.331,0.158
2024-08-29T10:58:08.238212,interface,0.677,0.243,0.171
2024-08-29T10:58:08.256249,interface,0.786,0.192,0.289
2024-08-29T10:58:08.276242,interface,0.811,0.164,0.338
2024-08-29T10:58:08.297236,interface,0.855,0.089,0.417
2024-08-29T10:58:08.317222,interface,0.887,0.074,0.556
2024-08-29T10:58:08.337279,interface,0.812,0.135,0.615
2024-08-29T10:58:08.357252,interface,0.729,0.179,0.557
2024-08-29T10:58:08.513390,interface,0.112,0.58,0.506
2024-08-29T10:58:08.534360,interface,0.007,0.578,0.402
2024-08-29T10:58:08.553338,interface,0.075,0.505,0.4
2024-08-29T10:58:08.594334,interface,0.219,0.426,0.214
2024-08-29T10:58:08.615287,interface,0.295,0.422,0.121
2024-08-29T10:58:08.634351,interface,0.497,0.293,0.0
2024-08-29T10:58:08.656299,interface,0.8360001,0.104,0.041
2024-08-29T10:58:08.678179,interface,0.955,0.026,0.308
2024-08-29T10:58:08.693292,interface,0.948,0.06599999,0.605
2024-08-29T10:58:08.713348,interface,0.823,0.119,0.748
2024-08-29T10:58:08.733288,interface,0.701,0.228,0.69
2024-08-29T10:58:08.950291,interface,0.183,0.405,0.315
2024-08-29T10:58:08.973250,interface,0.119,0.421,0.283
2024-08-29T10:58:08.993247,interface,0.159,0.402,0.362
2024-08-29T10:58:09.089272,interface,0.665,0.192,0.237
2024-08-29T10:58:09.112192,interface,0.752,0.14,0.335
2024-08-29T10:58:09.132191,interface,0.791,0.108,0.506
2024-08-29T10:58:09.149243,interface,0.739,0.11,0.595
2024-08-29T10:58:09.168185,interface,0.665,0.153,0.63
2024-08-29T10:58:09.486400,interface,0.532,0.19,0.285
2024-08-29T10:58:09.545357,interface,0.59,0.152,0.701
2024-08-29T10:58:09.764296,interface,0.136,0.452,0.321
2024-08-29T10:58:09.783231,interface,0.126,0.486,0.149
2024-08-29T10:58:09.804212,interface,0.219,0.452,0.071
2024-08-29T10:58:09.863212,interface,0.662,0.182,0.274
2024-08-29T10:58:09.883221,interface,0.662,0.163,0.233
2024-08-29T10:58:09.904569,interface,0.705,0.182,0.485
2024-08-29T10:58:09.924265,interface,0.768,0.154,0.629
2024-08-29T10:58:09.944304,interface,0.71,0.166,0.6
2024-08-29T10:58:10.200197,interface,0.178,0.402,0.328
2024-08-29T10:58:10.261255,interface,0.366,0.318,0.196
2024-08-29T10:58:10.280194,interface,0.489,0.225,0.136
2024-08-29T10:58:10.300233,interface,0.621,0.168,0.22
2024-08-29T10:58:10.320249,interface,0.698,0.139,0.314
2024-08-29T10:58:10.340240,interface,0.683,0.162,0.398
2024-08-29T10:58:10.677336,interface,0.183,0.416,0.236
2024-08-29T10:58:10.696191,interface,0.156,0.449,0.1
2024-08-29T10:58:10.719195,interface,0.311,0.341,0.089
2024-08-29T10:58:10.739246,interface,0.514,0.217,0.184
2024-08-29T10:58:10.756212,interface,0.598,0.195,0.281
2024-08-29T10:58:10.797269,interface,0.678,0.171,0.36
2024-08-29T10:58:10.818270,interface,0.755,0.121,0.451
2024-08-29T10:58:10.837268,interface,0.761,0.122,0.606
2024-08-29T10:58:10.858205,interface,0.704,0.173,0.627
2024-08-29T10:58:11.112222,interface,0.114,0.575,0.388
2024-08-29T10:58:11.135270,interface,0.0,0.604,0.062
2024-08-29T10:58:11.156212,interface,0.06599999,0.59,0.063
2024-08-29T10:58:11.213266,interface,0.702,0.382,0.069
2024-08-29T10:58:11.234212,interface,0.817,0.261,0.0
2024-08-29T10:58:11.253250,interface,0.856,0.288,0.11
2024-08-29T10:58:11.274195,interface,0.976,0.214,0.397
2024-08-29T10:58:11.294220,interface,1.0,0.035,0.429
2024-08-29T10:58:11.315189,interface,1.0,0.008,0.509
2024-08-29T10:58:11.335203,interface,0.9969999,0.06800001,0.774
2024-08-29T10:58:11.451204,interface,0.43,0.352,0.857
2024-08-29T10:58:11.630309,interface,0.158,0.452,0.275
2024-08-29T10:58:11.650234,interface,0.138,0.44,0.162
2024-08-29T10:58:11.670223,interface,0.136,0.445,0.123
2024-08-29T10:58:11.691216,interface,0.309,0.398,0.181
2024-08-29T10:58:11.789275,interface,0.838,0.195,0.564
2024-08-29T10:58:11.809238,interface,0.851,0.13,0.726
2024-08-29T10:58:11.829308,interface,0.873,0.062,0.623
2024-08-29T10:58:11.849226,interface,0.873,0.028,0.595
2024-08-29T10:58:11.871240,interface,0.822,0.06400001,0.553
2024-08-29T10:58:11.890213,interface,0.757,0.154,0.514
2024-08-29T10:58:11.967262,interface,0.224,0.635,0.758
2024-08-29T10:58:11.990205,interface,0.181,0.614,0.729
2024-08-29T10:58:12.107207,interface,0.114,0.528,0.437
2024-08-29T10:58:12.127269,interface,0.08200001,0.527,0.346
2024-08-29T10:58:12.148190,interface,0.118,0.546,0.272
2024-08-29T10:58:12.205272,interface,0.833,0.387,0.0
2024-08-29T10:58:12.227190,interface,0.941,0.223,0.004
2024-08-29T10:58:12.247211,interface,0.9049999,0.222,0.137
2024-08-29T10:58:12.265245,interface,0.954,0.216,0.218
2024-08-29T10:58:12.286174,interface,1.0,0.194,0.447
2024-08-29T10:58:12.306190,interface,1.0,0.09099999,0.642
2024-08-29T10:58:12.324273,interface,1.0,0.077,0.616
2024-08-29T10:58:12.344221,interface,0.972,0.179,0.574
2024-08-29T10:58:12.464271,interface,0.255,0.624,0.887
2024-08-29T10:58:12.483223,interface,0.142,0.641,0.862
2024-08-29T10:58:12.506213,interface,0.063,0.638,0.717
2024-08-29T10:58:12.525285,interface,0.0,0.629,0.548
2024-08-29T10:58:12.543206,interface,0.0,0.629,0.327
2024-08-29T10:58:12.563270,interface,0.0,0.654,0.297
2024-08-29T10:58:12.583224,interface,0.247,0.63,0.22
2024-08-29T10:58:12.604431,interface,0.629,0.407,0.0
2024-08-29T10:58:12.626314,interface,0.916,0.136,0.0
2024-08-29T10:58:12.645347,interface,0.8349999,0.169,0.0
2024-08-29T10:58:12.664236,interface,0.778,0.259,0.279
2024-08-29T10:58:12.682205,interface,0.828,0.247,0.399
2024-08-29T10:58:12.703232,interface,0.784,0.236,0.459
2024-08-29T10:58:12.722212,interface,0.787,0.186,0.708
2024-08-29T10:58:12.742237,interface,0.793,0.215,0.834
2024-08-29T10:58:12.760203,interface,0.744,0.254,0.697
2024-08-29T10:58:12.920210,interface,0.211,0.625,0.756
2024-08-29T10:58:12.940232,interface,0.039,0.643,0.568
2024-08-29T10:58:12.959233,interface,0.0,0.6690001,0.24
2024-08-29T10:58:12.980175,interface,0.0,0.725,0.228
2024-08-29T10:58:13.000179,interface,0.085,0.755,0.207
2024-08-29T10:58:13.020266,interface,0.671,0.554,0.0
2024-08-29T10:58:13.040229,interface,1.0,0.228,0.0
2024-08-29T10:58:13.061245,interface,1.0,0.219,0.0
2024-08-29T10:58:13.080249,interface,1.0,0.181,0.439
2024-08-29T10:58:13.102152,interface,1.0,0.0,1.0
2024-08-29T10:58:13.122168,interface,1.0,0.015,0.998
2024-08-29T10:58:13.142196,interface,1.0,0.245,0.698
2024-08-29T10:58:13.202169,interface,0.072,0.667,0.732
2024-08-29T10:58:13.217223,interface,0.0,0.852,0.455
2024-08-29T10:58:13.240215,interface,0.0,0.791,0.486
2024-08-29T10:58:13.260218,interface,0.17,0.536,0.179
2024-08-29T10:58:13.278190,interface,0.677,0.254,0.06800001
2024-08-29T10:58:13.298226,interface,1.0,0.048,0.363
2024-08-29T10:58:13.317248,interface,1.0,0.0,1.0
2024-08-29T10:58:13.338200,interface,1.0,0.0,0.712
2024-08-29T10:58:13.358245,interface,1.0,0.184,0.817
2024-08-29T10:58:13.416247,interface,0.0,0.774,0.443
2024-08-29T10:58:13.437211,interface,0.0,0.89,0.177
2024-08-29T10:58:13.456239,interface,0.0,0.718,0.377
2024-08-29T10:58:13.477273,interface,0.5,0.421,0.062
2024-08-29T10:58:13.497226,interface,1.0,0.042,0.185
2024-08-29T10:58:13.517276,interface,1.0,0.0,1.0
2024-08-29T10:58:13.537243,interface,1.0,0.0,0.951
2024-08-29T10:58:13.554295,interface,1.0,0.134,0.779
2024-08-29T10:58:13.615214,interface,0.0,0.772,0.156
2024-08-29T10:58:13.633222,interface,0.0,0.78,0.643
2024-08-29T10:58:13.658369,interface,0.123,0.552,0.38
2024-08-29T10:58:13.693454,interface,1.0,0.136,0.413
2024-08-29T10:58:13.714214,interface,1.0,0.0,0.76
2024-08-29T10:58:13.734195,interface,1.0,0.0,0.962
2024-08-29T10:58:13.755215,interface,1.0,0.162,0.728
2024-08-29T10:58:13.812212,interface,0.0,0.799,0.176
2024-08-29T10:58:13.834198,interface,0.0,0.731,0.238
2024-08-29T10:58:13.853212,interface,0.0,0.557,0.387
2024-08-29T10:58:13.893357,interface,0.759,0.284,0.308
2024-08-29T10:58:13.911245,interface,1.0,0.094,0.519
2024-08-29T10:58:13.934221,interface,1.0,0.0,0.94
2024-08-29T10:58:13.954200,interface,1.0,0.026,0.969
2024-08-29T10:58:13.978220,interface,0.967,0.228,0.641
2024-08-29T10:58:14.032195,interface,0.0,0.601,0.159
2024-08-29T10:58:14.054217,interface,0.0,0.725,0.215
2024-08-29T10:58:14.073224,interface,0.0,0.622,0.499
2024-08-29T10:58:14.130242,interface,1.0,0.121,0.366
2024-08-29T10:58:14.152174,interface,1.0,0.053,0.842
2024-08-29T10:58:14.171234,interface,1.0,0.014,0.9309999
2024-08-29T10:58:14.191213,interface,1.0,0.058,0.712
2024-08-29T10:58:14.212212,interface,0.981,0.189,0.542
2024-08-29T10:58:14.269237,interface,0.0,0.75,0.172
2024-08-29T10:58:14.291184,interface,0.0,0.71,0.317
2024-08-29T10:58:14.310217,interface,0.0,0.553,0.423
2024-08-29T10:58:14.389267,interface,0.848,0.305,0.318
2024-08-29T10:58:14.408209,interface,1.0,0.006,0.412
2024-08-29T10:58:14.427178,interface,1.0,0.0,1.0
2024-08-29T10:58:14.448238,interface,1.0,0.021,0.862
2024-08-29T10:58:14.468200,interface,1.0,0.228,0.537
2024-08-29T10:58:14.546212,interface,0.0,0.571,0.249
2024-08-29T10:58:14.569238,interface,0.0,0.5440001,0.399
2024-08-29T10:58:14.646229,interface,0.41,0.244,0.8349999
2024-08-29T10:58:14.885282,interface,0.134,0.428,0.322
2024-08-29T10:58:14.905237,interface,0.0,0.45,0.005
2024-08-29T10:58:14.925235,interface,0.0,0.462,0.0
2024-08-29T10:58:14.945324,interface,0.0,0.486,0.0
2024-08-29T10:58:14.966211,interface,0.148,0.499,0.092
2024-08-29T10:58:15.084224,interface,0.797,0.281,0.989
2024-08-29T10:58:15.102232,interface,0.927,0.137,1.0
2024-08-29T10:58:15.125281,interface,0.822,0.195,1.0
2024-08-29T10:58:15.201221,interface,0.0,0.561,0.021
2024-08-29T10:58:15.223188,interface,0.0,0.626,0.0
2024-08-29T10:58:15.243277,interface,0.0,0.607,0.163
2024-08-29T10:58:15.264218,interface,0.617,0.318,0.187
2024-08-29T10:58:15.302185,interface,0.454,0.252,1.0
2024-08-29T10:58:15.322179,interface,0.704,0.134,0.824
2024-08-29T10:58:15.342207,interface,0.752,0.158,0.782
2024-08-29T10:58:15.420224,interface,0.0,0.5440001,0.436
2024-08-29T10:58:15.446241,interface,0.0,0.686,0.527
2024-08-29T10:58:15.463189,interface,0.0,0.643,0.552
2024-08-29T10:58:15.481275,interface,0.09099999,0.626,0.407
2024-08-29T10:58:15.501259,interface,0.0,0.764,0.26
2024-08-29T10:58:15.521242,interface,0.212,0.79,0.424
2024-08-29T10:58:15.542204,interface,0.579,0.858,0.361
2024-08-29T10:58:15.561241,interface,0.945,0.749,0.132
2024-08-29T10:58:15.582222,interface,1.0,0.553,0.129
2024-08-29T10:58:15.602215,interface,1.0,0.274,0.416
2024-08-29T10:58:15.619189,interface,1.0,0.083,0.661
2024-08-29T10:58:15.640185,interface,1.0,0.109,0.638
2024-08-29T10:58:15.659207,interface,1.0,0.264,0.569
2024-08-29T10:58:15.680203,interface,0.924,0.381,0.41
2024-08-29T10:58:15.877278,interface,0.827,0.353,0.369
2024-08-29T10:58:15.896209,interface,1.0,0.2,0.416
2024-08-29T10:58:15.917247,interface,1.0,0.126,0.623
2024-08-29T10:58:15.937277,interface,1.0,0.187,0.559
2024-08-29T10:58:15.958203,interface,1.0,0.272,0.565
2024-08-29T10:58:15.978196,interface,0.896,0.351,0.516
2024-08-29T10:58:16.016226,interface,0.197,0.522,0.179
2024-08-29T10:58:16.035260,interface,0.0,0.645,0.351
2024-08-29T10:58:16.056174,interface,0.112,0.542,0.703
2024-08-29T10:58:16.135223,interface,0.992,0.328,0.436
2024-08-29T10:58:16.155241,interface,1.0,0.215,0.479
2024-08-29T10:58:16.174200,interface,1.0,0.171,0.67
2024-08-29T10:58:16.195178,interface,1.0,0.183,0.443
2024-08-29T10:58:16.215205,interface,1.0,0.313,0.334
2024-08-29T10:58:16.236204,interface,1.0,0.445,0.271
2024-08-29T10:58:16.255224,interface,1.0,0.542,0.276
2024-08-29T10:58:16.275210,interface,0.823,0.67,0.347
2024-08-29T10:58:16.334211,interface,0.376,0.894,0.499
2024-08-29T10:58:16.356203,interface,0.252,0.884,0.331
2024-08-29T10:58:16.375203,interface,0.188,0.8360001,0.362
2024-08-29T10:58:16.394290,interface,0.125,0.758,0.481
2024-08-29T10:58:16.415236,interface,0.043,0.7,0.533
2024-08-29T10:58:16.434226,interface,0.0,0.683,0.638
2024-08-29T10:58:16.455204,interface,0.043,0.623,0.533
2024-08-29T10:58:16.552252,interface,0.065,0.429,0.435
2024-08-29T10:58:16.571209,interface,0.042,0.45,0.416
2024-08-29T10:58:16.594182,interface,0.093,0.444,0.372
2024-08-29T10:58:16.631304,interface,0.141,0.444,0.358
2024-08-29T10:58:16.849651,interface,0.046,0.512,0.425
2024-08-29T10:58:16.870219,interface,0.031,0.526,0.219
2024-08-29T10:58:16.889267,interface,0.0,0.595,0.04
2024-08-29T10:58:16.912219,interface,0.0,0.793,0.0
2024-08-29T10:58:16.931215,interface,0.0,1.0,0.128
2024-08-29T10:58:16.949216,interface,0.0,1.0,0.446
2024-08-29T10:58:16.970191,interface,0.221,1.0,0.491
2024-08-29T10:58:16.989283,interface,0.469,1.0,0.327
2024-08-29T10:58:17.010191,interface,0.578,1.0,0.132
2024-08-29T10:58:17.032185,interface,0.7,1.0,0.308
2024-08-29T10:58:17.051224,interface,1.0,1.0,0.374
2024-08-29T10:58:17.070223,interface,1.0,0.613,0.805
2024-08-29T10:58:17.088232,interface,1.0,0.33,0.67
2024-08-29T10:58:17.109253,interface,1.0,0.214,0.371
2024-08-29T10:58:17.128246,interface,1.0,0.215,0.614
2024-08-29T10:58:17.149251,interface,1.0,0.173,0.515
2024-08-29T10:58:17.169260,interface,0.957,0.234,0.501
2024-08-29T10:58:17.464222,interface,1.0,0.352,0.395
2024-08-29T10:58:17.484332,interface,1.0,0.219,0.649
2024-08-29T10:58:17.504175,interface,1.0,0.28,0.851
2024-08-29T10:58:17.525229,interface,1.0,0.33,0.714
2024-08-29T10:58:17.545224,interface,1.0,0.382,0.645
2024-08-29T10:58:17.566219,interface,0.921,0.419,0.52
2024-08-29T10:58:17.783431,interface,0.968,0.474,0.632
2024-08-29T10:58:17.802209,interface,1.0,0.105,0.803
2024-08-29T10:58:17.826277,interface,1.0,0.002,0.628
2024-08-29T10:58:17.843334,interface,1.0,0.444,0.662
2024-08-29T10:58:17.863212,interface,1.0,0.556,0.472
2024-08-29T10:58:17.884209,interface,0.963,0.543,0.484
2024-08-29T10:58:17.903265,interface,0.947,0.567,0.405
2024-08-29T10:58:17.981275,interface,0.214,0.76,0.324
2024-08-29T10:58:18.060202,interface,0.0,0.609,0.616
2024-08-29T10:58:18.081267,interface,0.06400001,0.552,0.556
2024-08-29T10:58:18.120215,interface,0.14,0.491,0.314
2024-08-29T10:58:18.142216,interface,0.147,0.441,0.256
2024-08-29T10:58:18.161246,interface,0.124,0.427,0.253
2024-08-29T10:58:18.181237,interface,0.11,0.443,0.338
2024-08-29T10:58:18.202176,interface,0.153,0.436,0.348
2024-08-29T10:58:18.501256,interface,0.785,0.183,0.433
2024-08-29T10:58:18.520171,interface,0.775,0.148,0.366
2024-08-29T10:58:18.539222,interface,0.665,0.153,0.322
2024-08-29T10:58:18.973424,interface,0.718,0.292,0.176
2024-08-29T10:58:18.994201,interface,0.943,0.114,0.197
2024-08-29T10:58:19.013309,interface,0.918,0.089,0.409
2024-08-29T10:58:19.034195,interface,0.726,0.196,0.591
2024-08-29T10:58:19.434396,interface,0.464,0.312,0.014
2024-08-29T10:58:19.449443,interface,0.767,0.207,0.061
2024-08-29T10:58:19.472203,interface,0.724,0.266,0.274
2024-08-29T10:58:19.489241,interface,0.749,0.22,0.141
2024-08-29T10:58:19.508189,interface,0.85,0.137,0.45
2024-08-29T10:58:19.531266,interface,0.775,0.179,0.748
2024-08-29T10:58:19.551183,interface,0.67,0.282,0.824
2024-08-29T10:58:19.708220,interface,0.22,0.337,0.293
2024-08-29T10:58:19.728276,interface,0.05,0.367,0.143
2024-08-29T10:58:19.747205,interface,0.0,0.46,0.478
2024-08-29T10:58:19.768180,interface,0.0,0.423,0.683
2024-08-29T10:58:20.005248,interface,0.073,0.593,0.391
2024-08-29T10:58:20.025240,interface,0.0,0.588,0.449
2024-08-29T10:58:20.046246,interface,0.006,0.55,0.612
2024-08-29T10:58:20.065320,interface,0.118,0.46,0.475
2024-08-29T10:58:20.086215,interface,0.073,0.481,0.406
2024-08-29T10:58:20.125275,interface,0.133,0.472,0.66
2024-08-29T10:58:20.461278,interface,0.618,0.147,0.281
2024-08-29T10:58:20.680292,interface,0.542,0.165,0.291
2024-08-29T10:58:20.720223,interface,0.545,0.174,0.276
2024-08-29T10:58:21.062245,interface,0.452,0.235,0.769
2024-08-29T10:58:21.514254,interface,0.164,0.766,0.402
2024-08-29T10:58:21.536248,interface,0.077,0.773,0.281
2024-08-29T10:58:21.555186,interface,0.0,0.757,0.155
2024-08-29T10:58:21.574195,interface,0.0,0.772,0.178
2024-08-29T10:58:21.595199,interface,0.051,0.719,0.237
2024-08-29T10:58:22.148486,interface,0.143,0.539,0.37
2024-08-29T10:58:22.171200,interface,0.0,0.634,0.324
2024-08-29T10:58:22.191197,interface,0.038,0.666,0.421
2024-08-29T10:58:22.228180,interface,0.0,0.748,0.576
2024-08-29T10:58:22.248236,interface,0.0,0.81,0.465
2024-08-29T10:58:22.268163,interface,0.0,1.0,0.631
2024-08-29T10:58:22.289247,interface,0.351,0.857,0.543
2024-08-29T10:58:22.367297,interface,0.709,0.412,0.178
2024-08-29T10:58:22.388223,interface,0.815,0.327,0.105
2024-08-29T10:58:22.407304,interface,0.9559999,0.267,0.125
2024-08-29T10:58:22.428180,interface,0.986,0.172,0.0
2024-08-29T10:58:22.447191,interface,0.923,0.18,0.0
2024-08-29T10:58:22.468222,interface,0.763,0.217,0.133
2024-08-29T10:58:22.544242,interface,0.07,0.398,0.957
2024-08-29T10:58:22.567217,interface,0.143,0.372,0.912
2024-08-29T10:58:22.586209,interface,0.165,0.466,0.715
2024-08-29T10:58:22.625215,interface,0.44,0.465,0.021
2024-08-29T10:58:22.647196,interface,0.597,0.401,0.0
2024-08-29T10:58:22.667223,interface,0.981,0.339,0.0
2024-08-29T10:58:22.685269,interface,0.855,0.395,0.023
2024-08-29T10:58:22.723206,interface,0.646,0.375,0.052
2024-08-29T10:58:22.803241,interface,0.206,0.557,0.03
2024-08-29T10:58:22.823235,interface,0.232,0.598,0.09
2024-08-29T10:58:22.883200,interface,0.33,0.494,0.885
2024-08-29T10:58:22.902225,interface,0.396,0.423,0.908
2024-08-29T10:58:22.942239,interface,0.503,0.355,0.89
2024-08-29T10:58:22.962193,interface,0.568,0.292,0.91
2024-08-29T10:58:22.983181,interface,0.483,0.28,0.864
2024-08-29T10:58:23.061402,interface,0.378,0.404,0.901
2024-08-29T10:58:23.082214,interface,0.409,0.41,0.9110001
2024-08-29T10:58:23.101234,interface,0.473,0.405,0.902
2024-08-29T10:58:23.123195,interface,0.493,0.401,0.8780001
2024-08-29T10:58:23.141254,interface,0.53,0.421,0.913
2024-08-29T10:58:23.201239,interface,0.784,0.034,0.0
2024-08-29T10:58:23.220192,interface,0.879,0.035,0.0
2024-08-29T10:58:23.319237,interface,0.176,0.528,0.689
2024-08-29T10:58:23.342210,interface,0.208,0.513,0.781
2024-08-29T10:58:23.361293,interface,0.191,0.554,0.799
2024-08-29T10:58:23.382189,interface,0.249,0.539,0.891
2024-08-29T10:58:23.402205,interface,0.346,0.524,0.897
2024-08-29T10:58:23.439191,interface,0.116,0.644,0.849
2024-08-29T10:58:23.457221,interface,0.0,0.673,0.609
2024-08-29T10:58:23.498242,interface,0.361,0.213,0.17
2024-08-29T10:58:23.522173,interface,0.362,0.192,0.306
2024-08-29T10:58:23.915690,interface,0.054,0.539,0.2
2024-08-29T10:58:23.935222,interface,0.0,0.502,0.0
2024-08-29T10:58:23.954219,interface,0.0,0.531,0.121
2024-08-29T10:58:23.977252,interface,0.137,0.506,0.376
2024-08-29T10:58:24.093450,interface,0.786,0.174,0.536
2024-08-29T10:58:25.067777,interface,0.515,0.223,0.222
2024-08-29T10:58:25.086207,interface,0.558,0.219,0.239
2024-08-29T10:58:25.105399,interface,0.571,0.204,0.261
2024-08-29T10:58:25.130331,interface,0.526,0.207,0.264
2024-08-29T10:58:25.328937,interface,0.71,0.425,0.945
2024-08-29T10:58:25.346406,interface,0.811,0.384,0.907
2024-08-29T10:58:25.403214,interface,0.241,0.586,0.0
2024-08-29T10:58:25.422193,interface,0.0,0.513,0.0
2024-08-29T10:58:25.445246,interface,0.595,0.15,0.0
2024-08-29T10:58:25.465238,interface,0.945,0.0,0.0
2024-08-29T10:58:25.483191,interface,0.757,0.131,0.191
2024-08-29T10:58:25.683905,interface,0.648,0.645,0.984
2024-08-29T10:58:25.704281,interface,0.508,0.721,0.972
2024-08-29T10:58:25.723243,interface,0.301,0.66,0.955
2024-08-29T10:58:25.743194,interface,0.0,0.539,0.9639999
2024-08-29T10:58:25.764198,interface,0.0,0.36,0.462
2024-08-29T10:58:25.783207,interface,0.0,0.158,0.0
2024-08-29T10:58:25.799940,interface,0.0,0.0,0.0
2024-08-29T10:58:25.842207,interface,0.0,0.113,0.0
2024-08-29T10:58:25.862247,interface,0.0,0.464,0.109
2024-08-29T10:58:25.882185,interface,0.186,0.738,0.4
2024-08-29T10:58:25.903211,interface,0.252,0.943,0.649
2024-08-29T10:58:25.922220,interface,0.311,1.0,0.912
2024-08-29T10:58:25.940189,interface,0.186,1.0,0.9049999
2024-08-29T10:58:25.960243,interface,0.084,1.0,1.0
2024-08-29T10:58:25.980215,interface,0.167,1.0,0.94
2024-08-29T10:58:26.001242,interface,0.538,1.0,0.64
2024-08-29T10:58:26.020223,interface,0.609,1.0,0.265
2024-08-29T10:58:26.041239,interface,0.925,0.865,0.0
2024-08-29T10:58:26.061246,interface,1.0,0.611,0.0
2024-08-29T10:58:26.078199,interface,1.0,0.177,0.0
2024-08-29T10:58:26.099188,interface,1.0,0.0,0.0
2024-08-29T10:58:26.118206,interface,1.0,0.0,0.024
2024-08-29T10:58:26.139423,interface,1.0,0.0,0.071
2024-08-29T10:58:26.159310,interface,1.0,0.081,0.296
2024-08-29T10:58:26.180309,interface,1.0,0.411,0.578
2024-08-29T10:58:26.237325,interface,0.288,0.863,0.566
2024-08-29T10:58:26.260231,interface,0.309,0.828,0.558
2024-08-29T10:58:26.397250,interface,0.141,0.372,0.212
2024-08-29T10:58:26.417257,interface,0.176,0.256,0.37
2024-08-29T10:58:26.437231,interface,0.0,0.358,0.3
2024-08-29T10:58:26.457325,interface,0.0,0.41,0.212
2024-08-29T10:58:26.477246,interface,0.0,0.454,0.361
2024-08-29T10:58:26.498192,interface,0.0,0.498,0.534
2024-08-29T10:58:26.518195,interface,0.0,0.499,0.569
2024-08-29T10:58:26.536210,interface,0.09700001,0.562,0.574
2024-08-29T10:58:26.556187,interface,0.0,0.695,0.536
2024-08-29T10:58:26.575216,interface,0.0,0.818,0.441
2024-08-29T10:58:26.597254,interface,0.08200001,0.918,0.552
2024-08-29T10:58:26.616199,interface,0.301,1.0,0.661
2024-08-29T10:58:26.637267,interface,0.613,1.0,0.605
2024-08-29T10:58:26.656169,interface,0.747,1.0,0.447
2024-08-29T10:58:26.674238,interface,0.808,0.965,0.283
2024-08-29T10:58:26.695202,interface,0.823,0.933,0.361
2024-08-29T10:58:26.714201,interface,1.0,0.751,0.007
2024-08-29T10:58:26.735232,interface,1.0,0.187,0.0
2024-08-29T10:58:26.755195,interface,1.0,0.274,0.015
2024-08-29T10:58:26.776217,interface,0.989,0.136,0.01
2024-08-29T10:58:26.795196,interface,1.0,0.069,0.109
2024-08-29T10:58:26.812259,interface,1.0,0.088,0.315
2024-08-29T10:58:26.833255,interface,1.0,0.201,0.149
2024-08-29T10:58:26.853239,interface,0.9190001,0.395,0.33
2024-08-29T10:58:27.013363,interface,0.319,0.805,0.624
2024-08-29T10:58:27.090249,interface,0.061,0.647,0.373
2024-08-29T10:58:27.111177,interface,0.0,0.61,0.485
2024-08-29T10:58:27.130272,interface,0.0,0.531,0.521
2024-08-29T10:58:27.151262,interface,0.0,0.408,0.423
2024-08-29T10:58:27.171165,interface,0.0,0.395,0.256
2024-08-29T10:58:27.194274,interface,0.0,0.439,0.116
2024-08-29T10:58:27.211369,interface,0.0,0.453,0.092
2024-08-29T10:58:27.233310,interface,0.002,0.481,0.284
2024-08-29T10:58:27.252230,interface,0.0,0.579,0.376
2024-08-29T10:58:27.269271,interface,0.0,0.673,0.448
2024-08-29T10:58:27.290223,interface,0.0,0.785,0.404
2024-08-29T10:58:27.310220,interface,0.06800001,0.922,0.457
2024-08-29T10:58:27.332180,interface,0.261,0.9969999,0.475
2024-08-29T10:58:27.350281,interface,0.397,1.0,0.528
2024-08-29T10:58:27.370225,interface,0.548,1.0,0.501
2024-08-29T10:58:27.388258,interface,0.689,1.0,0.45
2024-08-29T10:58:27.408225,interface,0.802,1.0,0.302
2024-08-29T10:58:27.429274,interface,0.996,0.983,0.22
2024-08-29T10:58:27.449269,interface,1.0,0.599,0.012
2024-08-29T10:58:27.470198,interface,1.0,0.115,0.095
2024-08-29T10:58:27.489251,interface,1.0,0.236,0.258
2024-08-29T10:58:27.510217,interface,1.0,0.278,0.464
2024-08-29T10:58:27.530251,interface,1.0,0.188,0.321
2024-08-29T10:58:27.547227,interface,1.0,0.111,0.203
2024-08-29T10:58:27.568228,interface,1.0,0.131,0.269
2024-08-29T10:58:27.588208,interface,0.991,0.274,0.427
2024-08-29T10:58:27.846792,interface,0.001,0.512,0.489
2024-08-29T10:58:27.867195,interface,0.0,0.535,0.487
2024-08-29T10:58:27.886193,interface,0.0,0.52,0.464
2024-08-29T10:58:27.906222,interface,0.0,0.477,0.335
2024-08-29T10:58:27.926185,interface,0.0,0.45,0.408
2024-08-29T10:58:27.984209,interface,0.818,0.229,0.372
2024-08-29T10:58:28.006215,interface,0.813,0.185,0.242
2024-08-29T10:58:28.227812,interface,0.249,0.326,0.264
2024-08-29T10:58:28.480209,interface,0.773,0.187,0.328
2024-08-29T10:58:28.499456,interface,0.715,0.192,0.341
2024-08-29T10:58:28.580191,interface,0.689,0.201,0.319
2024-08-29T10:58:28.600195,interface,0.632,0.182,0.297
2024-08-29T10:58:28.858321,interface,0.676,0.225,0.263
2024-08-29T10:58:33.880860,interface,0.729,0.142,0.316
2024-08-29T10:58:33.900217,interface,0.792,0.188,0.467
2024-08-29T10:58:33.977317,interface,0.679,0.208,0.201
2024-08-29T10:58:34.098747,interface,0.776,0.236,0.369
2024-08-29T10:58:34.498541,interface,0.213,0.315,0.325
2024-08-29T10:58:34.534278,interface,0.366,0.203,0.25
2024-08-29T10:58:34.555260,interface,0.303,0.258,0.251
2024-08-29T10:58:34.575201,interface,0.235,0.358,0.273
2024-08-29T10:58:35.328245,interface,0.384,0.517,0.0
2024-08-29T10:58:35.347192,interface,0.281,0.44,0.0
2024-08-29T10:58:35.369283,interface,0.462,0.282,0.03
2024-08-29T10:58:35.388205,interface,0.534,0.211,0.237
2024-08-29T10:58:35.427211,interface,0.478,0.252,0.107
2024-08-29T10:58:35.446224,interface,0.425,0.246,0.0
2024-08-29T10:58:35.468190,interface,0.388,0.301,0.027
2024-08-29T10:58:35.487210,interface,0.491,0.222,0.215
2024-08-29T10:58:35.530337,interface,0.281,0.377,0.196
2024-08-29T10:58:35.567284,interface,0.439,0.272,0.141
2024-08-29T10:58:35.585293,interface,0.387,0.314,0.147
2024-08-29T10:58:35.824236,interface,0.384,0.342,0.168
2024-08-29T10:58:35.845311,interface,0.426,0.324,0.174
2024-08-29T10:58:37.510497,interface,0.333,0.531,0.142
2024-08-29T10:58:37.618771,interface,0.295,0.604,0.182
2024-08-29T10:58:37.638305,interface,0.328,0.586,0.147
2024-08-29T10:58:37.670227,interface,0.266,0.614,0.103
2024-08-29T10:58:37.690201,interface,0.103,0.662,0.033
2024-08-29T10:58:37.709225,interface,0.188,0.641,0.121
2024-08-29T10:58:37.730221,interface,0.345,0.572,0.132
2024-08-29T10:58:37.769255,interface,0.426,0.501,0.023
2024-08-29T10:58:37.788213,interface,0.153,0.58,0.0
2024-08-29T10:58:37.811201,interface,0.108,0.632,0.0
2024-08-29T10:58:37.831198,interface,0.325,0.58,0.018
2024-08-29T10:58:37.848188,interface,0.496,0.493,0.0
2024-08-29T10:58:37.869282,interface,0.373,0.546,0.002
2024-08-29T10:58:37.890162,interface,0.301,0.582,0.052
2024-08-29T10:58:38.383237,interface,0.421,0.533,0.129
2024-08-29T10:58:38.405247,interface,0.317,0.505,0.042
2024-08-29T10:58:38.424226,interface,0.353,0.444,0.139
2024-08-29T10:58:38.504231,interface,0.283,0.564,0.192
2024-08-29T10:58:38.522271,interface,0.368,0.478,0.0
2024-08-29T10:58:38.545336,interface,0.466,0.359,0.0
2024-08-29T10:58:38.565345,interface,0.343,0.446,0.022
2024-08-29T10:58:38.582318,interface,0.24,0.511,0.036
2024-08-29T10:58:38.603288,interface,0.293,0.487,0.111
2024-08-29T10:58:38.623253,interface,0.38,0.41,0.125
2024-08-29T10:58:38.645960,interface,0.404,0.381,0.125
2024-08-29T10:58:39.674237,interface,0.509,0.192,0.252
2024-08-29T10:58:39.696310,interface,0.483,0.209,0.23
2024-08-29T10:58:39.754367,interface,0.519,0.234,0.232
2024-08-29T10:58:39.772202,interface,0.497,0.288,0.278
2024-08-29T10:58:39.933333,interface,0.499,0.506,0.889
2024-08-29T10:58:40.072340,interface,0.238,0.708,0.028
2024-08-29T10:58:40.094218,interface,0.486,0.448,0.0
2024-08-29T10:58:40.113233,interface,0.219,0.439,0.0
2024-08-29T10:58:40.134145,interface,0.0,0.514,0.0
2024-08-29T10:58:40.150268,interface,0.139,0.421,0.041
2024-08-29T10:58:40.171310,interface,0.434,0.285,0.032
2024-08-29T10:58:40.191272,interface,0.394,0.289,0.0
2024-08-29T10:58:40.212214,interface,0.243,0.359,0.02
2024-08-29T10:58:40.231189,interface,0.215,0.375,0.06
2024-08-29T10:58:40.252172,interface,0.297,0.355,0.141
2024-08-29T10:58:40.588239,interface,0.281,0.377,0.072
2024-08-29T10:58:40.607229,interface,0.364,0.29,0.0
2024-08-29T10:58:40.628198,interface,0.476,0.244,0.025
2024-08-29T10:58:40.648201,interface,0.548,0.244,0.12
2024-08-29T10:58:40.669240,interface,0.472,0.297,0.142
2024-08-29T10:58:40.688237,interface,0.302,0.345,0.023
2024-08-29T10:58:40.709309,interface,0.304,0.393,0.0
2024-08-29T10:58:40.734409,interface,0.514,0.392,0.018
2024-08-29T10:58:40.746340,interface,0.647,0.337,0.152
2024-08-29T10:58:40.767280,interface,0.559,0.334,0.092
2024-08-29T10:58:40.787202,interface,0.518,0.399,0.09099999
2024-08-29T10:58:41.128535,interface,0.79,0.464,0.859
2024-08-29T10:58:41.142229,interface,0.9,0.484,0.9440001
2024-08-29T10:58:41.166170,interface,0.995,0.459,0.949
2024-08-29T10:58:41.186162,interface,1.0,0.567,0.891
2024-08-29T10:58:41.203168,interface,1.0,0.67,0.832
2024-08-29T10:58:41.224194,interface,1.0,0.843,0.785
2024-08-29T10:58:41.243207,interface,1.0,1.0,0.867
2024-08-29T10:58:41.264224,interface,0.927,1.0,0.575
2024-08-29T10:58:41.284221,interface,0.528,1.0,0.683
2024-08-29T10:58:41.301262,interface,0.0,1.0,0.531
2024-08-29T10:58:41.322205,interface,0.378,1.0,0.0
2024-08-29T10:58:41.341213,interface,0.0,1.0,0.0
2024-08-29T10:58:41.379239,interface,0.0,0.554,0.0
2024-08-29T10:58:41.401250,interface,0.55,0.0,0.0
2024-08-29T10:58:41.420212,interface,0.034,0.062,0.0
2024-08-29T10:58:41.440167,interface,0.0,0.288,0.0
2024-08-29T10:58:41.461321,interface,0.0,0.4,0.002
2024-08-29T10:58:41.481293,interface,0.353,0.385,0.058
2024-08-29T10:58:42.175716,interface,0.358,0.305,0.201
2024-08-29T10:58:42.334486,interface,0.381,0.326,0.176
2024-08-29T10:58:42.356190,interface,0.469,0.288,0.123
2024-08-29T10:58:42.375215,interface,0.443,0.316,0.116
2024-08-29T10:58:42.395224,interface,0.381,0.326,0.0
2024-08-29T10:58:42.415291,interface,0.329,0.355,0.0
2024-08-29T10:58:42.435246,interface,0.344,0.367,0.0
2024-08-29T10:58:42.453234,interface,0.341,0.408,0.039
2024-08-29T10:58:42.532230,interface,0.415,0.495,0.071
2024-08-29T10:58:42.554206,interface,0.458,0.5,0.0
2024-08-29T10:58:42.574166,interface,0.525,0.561,0.0
2024-08-29T10:58:42.591189,interface,0.57,0.693,0.085
2024-08-29T10:58:42.612182,interface,0.701,0.765,0.219
2024-08-29T10:58:42.632207,interface,0.813,0.816,0.434
2024-08-29T10:58:42.653259,interface,0.932,1.0,0.754
2024-08-29T10:58:42.672215,interface,0.982,1.0,1.0
2024-08-29T10:58:42.693300,interface,0.693,1.0,1.0
2024-08-29T10:58:42.712235,interface,0.758,1.0,1.0
2024-08-29T10:58:42.730208,interface,0.891,0.851,0.65
2024-08-29T10:58:42.789314,interface,0.356,0.516,0.0
2024-08-29T10:58:42.809399,interface,0.0,0.515,0.0
2024-08-29T10:58:42.834297,interface,0.093,0.04,0.0
2024-08-29T10:58:42.852279,interface,0.293,0.0,0.107
2024-08-29T10:58:42.869295,interface,0.4,0.09099999,0.13
2024-08-29T10:58:43.047235,interface,0.396,0.348,0.171
2024-08-29T10:58:43.960222,interface,0.385,0.279,0.14
2024-08-29T10:58:44.237278,interface,0.364,0.32,0.125
2024-08-29T10:58:44.261311,interface,0.327,0.32,0.009
2024-08-29T10:58:44.280190,interface,0.309,0.337,0.115
2024-08-29T10:58:44.497259,interface,0.295,0.325,0.0
2024-08-29T10:58:44.518227,interface,0.046,0.403,0.0
2024-08-29T10:58:44.538278,interface,0.014,0.396,0.242
2024-08-29T10:58:44.560251,interface,0.122,0.384,0.388
2024-08-29T10:58:44.734315,interface,0.0,0.547,0.069
2024-08-29T10:58:44.754215,interface,0.0,0.485,0.0
2024-08-29T10:58:44.775203,interface,0.004,0.449,0.342
2024-08-29T10:58:45.174034,interface,0.09700001,0.459,0.171
2024-08-29T10:58:45.191199,interface,0.131,0.433,0.266
2024-08-29T10:58:45.374387,interface,0.09099999,0.439,0.045
2024-08-29T10:58:45.392198,interface,0.0,0.512,0.0
2024-08-29T10:58:45.411204,interface,0.087,0.425,0.311
2024-08-29T10:58:45.509281,interface,0.781,0.286,0.692
2024-08-29T10:58:45.568201,interface,0.21,0.417,0.12
2024-08-29T10:58:45.589285,interface,0.0,0.543,0.0
2024-08-29T10:58:45.608182,interface,0.0,0.491,0.057
2024-08-29T10:58:45.628249,interface,0.122,0.384,0.32
2024-08-29T10:58:45.787200,interface,0.096,0.409,0.044
2024-08-29T10:58:45.808200,interface,0.01,0.402,0.047
2024-08-29T10:58:45.828224,interface,0.148,0.346,0.3
2024-08-29T10:58:45.965367,interface,0.0,0.438,0.0
2024-08-29T10:58:45.984234,interface,0.0,0.397,0.019
2024-08-29T10:58:46.007213,interface,0.06,0.369,0.266
2024-08-29T10:58:46.164983,interface,0.223,0.388,0.173
2024-08-29T10:58:46.185256,interface,0.03,0.424,0.025
2024-08-29T10:58:46.203198,interface,0.0,0.422,0.14
2024-08-29T10:58:46.223211,interface,0.156,0.379,0.279
2024-08-29T10:58:46.404711,interface,0.153,0.349,0.074
2024-08-29T10:58:46.423182,interface,0.034,0.393,0.188
2024-08-29T10:58:46.441246,interface,0.087,0.396,0.349
2024-08-29T10:58:46.641389,interface,0.195,0.34,0.274
2024-08-29T10:58:46.659210,interface,0.126,0.372,0.253
2024-08-29T10:58:46.682197,interface,0.178,0.394,0.314
2024-08-29T10:58:46.739214,interface,0.655,0.402,0.952
2024-08-29T10:58:46.762145,interface,0.776,0.476,0.902
2024-08-29T10:58:46.782207,interface,0.988,0.434,1.0
2024-08-29T10:58:46.801269,interface,0.874,0.512,0.78
2024-08-29T10:58:46.839242,interface,0.0,0.483,0.0
2024-08-29T10:58:46.861240,interface,0.0,0.383,0.0
2024-08-29T10:58:46.880174,interface,0.0,0.305,0.0
2024-08-29T10:58:46.900197,interface,0.283,0.253,0.093
2024-08-29T10:58:46.938243,interface,0.814,0.439,0.894
2024-08-29T10:58:46.957278,interface,0.901,0.441,1.0
2024-08-29T10:58:46.978391,interface,0.901,0.415,0.917
2024-08-29T10:58:46.998383,interface,0.8190001,0.384,0.708
2024-08-29T10:58:47.036285,interface,0.0,0.465,0.0
2024-08-29T10:58:47.059207,interface,0.0,0.39,0.0
2024-08-29T10:58:47.079202,interface,0.088,0.276,0.173
2024-08-29T10:58:47.237780,interface,0.0,0.374,0.0
2024-08-29T10:58:47.259191,interface,0.0,0.34,0.0
2024-08-29T10:58:47.275249,interface,0.201,0.278,0.241
2024-08-29T10:58:47.474213,interface,0.213,0.374,0.145
2024-08-29T10:58:47.493246,interface,0.121,0.389,0.13
2024-08-29T10:58:47.516245,interface,0.147,0.406,0.266
2024-08-29T10:58:47.753342,interface,0.241,0.369,0.214
2024-08-29T10:58:48.031023,interface,0.231,0.371,0.191
2024-08-29T10:58:48.052329,interface,0.206,0.346,0.158
2024-08-29T10:58:48.070269,interface,0.176,0.356,0.196
2024-08-29T10:58:48.248200,interface,0.299,0.276,0.176
2024-08-29T10:58:48.270141,interface,0.153,0.392,0.191
2024-08-29T10:58:48.288211,interface,0.123,0.388,0.28
2024-08-29T10:58:48.707262,interface,0.232,0.257,0.141
2024-08-29T10:58:48.723203,interface,0.084,0.455,0.0
2024-08-29T10:58:48.746226,interface,0.08,0.39,0.359
2024-08-29T10:58:48.942201,interface,0.0,0.41,0.0
2024-08-29T10:58:48.966140,interface,0.0,0.385,0.128
2024-08-29T10:58:49.162258,interface,0.198,0.347,0.06599999
2024-08-29T10:58:49.181311,interface,0.0,0.443,0.048
2024-08-29T10:58:49.201227,interface,0.0,0.445,0.351
2024-08-29T10:58:49.378307,interface,0.0,0.44,0.057
2024-08-29T10:58:49.400202,interface,0.028,0.4,0.185
2024-08-29T10:58:49.578739,interface,0.193,0.357,0.206
2024-08-29T10:58:49.597252,interface,0.105,0.375,0.131
2024-08-29T10:58:49.620179,interface,0.121,0.389,0.216
2024-08-29T10:58:49.815202,interface,0.172,0.367,0.176
2024-08-29T10:58:49.995539,interface,0.172,0.387,0.288
2024-08-29T10:58:50.015115,interface,0.155,0.375,0.214
2024-08-29T10:58:50.214233,interface,0.134,0.379,0.09
2024-08-29T10:58:50.234348,interface,0.163,0.381,0.372
2024-08-29T10:58:50.412451,interface,0.201,0.347,0.244
2024-08-29T10:58:50.610221,interface,0.185,0.373,0.309
2024-08-29T10:58:50.632200,interface,0.182,0.374,0.342
2024-08-29T10:58:50.788147,interface,0.218,0.359,0.267
2024-08-29T10:58:50.807215,interface,0.071,0.415,0.249
2024-08-29T10:58:50.830244,interface,0.164,0.376,0.378
2024-08-29T10:58:51.007220,interface,0.039,0.434,0.132
2024-08-29T10:58:51.025441,interface,0.116,0.393,0.328
2024-08-29T10:58:51.229785,interface,0.107,0.431,0.086
2024-08-29T10:58:51.245255,interface,0.016,0.469,0.16
2024-08-29T10:58:51.264193,interface,0.236,0.329,0.266
2024-08-29T10:58:51.483491,interface,0.117,0.432,0.188
2024-08-29T10:58:51.505245,interface,0.0,0.45,0.073
2024-08-29T10:58:51.524219,interface,0.106,0.4,0.462
2024-08-29T10:58:51.701222,interface,0.149,0.415,0.267
2024-08-29T10:58:51.724239,interface,0.047,0.436,0.2
2024-08-29T10:58:51.740203,interface,0.174,0.372,0.28
2024-08-29T10:58:51.940224,interface,0.088,0.435,0.172
2024-08-29T10:58:51.958209,interface,0.025,0.431,0.2
2024-08-29T10:58:51.981280,interface,0.176,0.37,0.303
2024-08-29T10:58:52.179884,interface,0.074,0.484,0.208
2024-08-29T10:58:52.199319,interface,0.0,0.508,0.008
2024-08-29T10:58:52.222319,interface,0.013,0.459,0.168
2024-08-29T10:58:52.238200,interface,0.183,0.38,0.292
2024-08-29T10:58:52.436249,interface,0.013,0.476,0.0
2024-08-29T10:58:52.454201,interface,0.0,0.478,0.145
2024-08-29T10:58:52.477245,interface,0.11,0.414,0.342
2024-08-29T10:58:52.738859,interface,0.088,0.415,0.283
2024-08-29T10:58:52.755206,interface,0.001,0.426,0.308
2024-08-29T10:58:52.774183,interface,0.137,0.397,0.456
2024-08-29T10:58:53.015495,interface,0.116,0.424,0.33
2024-08-29T10:58:53.232871,interface,0.157,0.378,0.243
2024-08-29T10:58:53.526255,interface,0.105,0.457,0.484
2024-08-29T10:58:54.362385,interface,0.17,0.383,0.321
2024-08-29T10:58:54.402173,interface,0.15,0.397,0.338
2024-08-29T10:58:54.460254,interface,0.397,0.178,0.152
2024-08-29T10:58:54.480227,interface,0.376,0.189,0.234
2024-08-29T10:58:54.519214,interface,0.355,0.18,0.275
2024-08-29T10:58:54.542212,interface,0.434,0.162,0.227
2024-08-29T10:58:54.560264,interface,0.469,0.2,0.159
2024-08-29T10:58:54.778240,interface,0.461,0.477,0.876
2024-08-29T10:58:54.919159,interface,0.637,0.489,0.909
2024-08-29T10:58:54.935212,interface,0.647,0.585,1.0
2024-08-29T10:58:54.957264,interface,0.629,0.757,0.92
2024-08-29T10:58:54.994269,interface,0.71,0.821,0.525
2024-08-29T10:58:55.036170,interface,0.702,0.746,0.234
2024-08-29T10:58:55.058272,interface,0.518,0.81,0.079
2024-08-29T10:58:55.078219,interface,0.219,0.918,0.154
2024-08-29T10:58:55.095192,interface,0.497,0.72,0.135
2024-08-29T10:58:55.116198,interface,0.745,0.608,0.0
2024-08-29T10:58:55.135186,interface,0.0,0.985,0.0
2024-08-29T10:58:55.156177,interface,0.0,0.899,0.0
2024-08-29T10:58:55.175255,interface,0.0,0.74,0.041
2024-08-29T10:58:55.214241,interface,1.0,0.14,0.257
2024-08-29T10:58:55.234237,interface,0.373,0.475,0.02
2024-08-29T10:58:55.254204,interface,0.0,0.642,0.0
2024-08-29T10:58:55.273210,interface,0.067,0.574,0.0
2024-08-29T10:58:55.295197,interface,0.0,0.716,0.0
2024-08-29T10:58:55.315366,interface,0.06599999,0.735,0.0
2024-08-29T10:58:55.335355,interface,0.334,0.637,0.0
2024-08-29T10:58:55.355283,interface,0.37,0.668,0.0
2024-08-29T10:58:55.372289,interface,0.197,0.768,0.0
2024-08-29T10:58:55.393309,interface,0.273,0.938,0.0
2024-08-29T10:58:55.413898,interface,0.5440001,0.957,0.024
2024-08-29T10:58:55.434244,interface,0.783,0.896,0.225
2024-08-29T10:58:55.453299,interface,0.8,0.896,0.284
2024-08-29T10:58:55.474282,interface,0.829,0.884,0.337
2024-08-29T10:58:55.494290,interface,0.814,0.857,0.51
2024-08-29T10:58:55.514294,interface,0.715,0.8690001,0.668
2024-08-29T10:58:55.534250,interface,0.701,0.851,0.784
2024-08-29T10:58:55.552260,interface,0.743,0.79,0.996
2024-08-29T10:58:55.572296,interface,0.729,0.759,1.0
2024-08-29T10:58:55.592243,interface,0.652,0.753,1.0
2024-08-29T10:58:55.613324,interface,0.741,0.647,1.0
2024-08-29T10:58:55.790563,interface,0.458,0.832,0.0
2024-08-29T10:58:55.808219,interface,0.11,0.886,0.0
2024-08-29T10:58:55.831225,interface,0.719,0.489,0.182
2024-08-29T10:58:55.850249,interface,1.0,0.51,0.017
2024-08-29T10:58:55.869230,interface,0.0,1.0,0.0
2024-08-29T10:58:55.890193,interface,0.0,0.959,0.0
2024-08-29T10:58:55.908212,interface,0.311,0.459,0.0
2024-08-29T10:58:55.931206,interface,0.764,0.223,0.0
2024-08-29T10:58:55.951205,interface,0.312,0.473,0.0
2024-08-29T10:58:55.968238,interface,0.0,0.657,0.0
2024-08-29T10:58:55.989260,interface,0.118,0.572,0.0
2024-08-29T10:58:56.009269,interface,0.251,0.535,0.0
2024-08-29T10:58:56.029233,interface,0.317,0.551,0.0
2024-08-29T10:58:56.049233,interface,0.463,0.522,0.0
2024-08-29T10:58:56.070190,interface,0.483,0.542,0.069
2024-08-29T10:58:56.426773,interface,0.474,0.404,0.072
2024-08-29T10:58:56.464215,interface,0.263,0.439,0.103
2024-08-29T10:58:56.486222,interface,0.328,0.409,0.0
2024-08-29T10:58:56.506212,interface,0.294,0.368,0.0
2024-08-29T10:58:56.523287,interface,0.273,0.332,0.09
2024-08-29T10:58:56.722276,interface,0.347,0.447,0.133
2024-08-29T10:58:56.741272,interface,0.325,0.373,0.138
2024-08-29T10:58:56.962744,interface,0.247,0.309,0.246
2024-08-29T10:58:56.983210,interface,0.154,0.328,0.172
2024-08-29T10:58:57.001221,interface,0.298,0.292,0.2
2024-08-29T10:59:05.098268,interface,0.42,0.217,0.06400001
2024-08-29T10:59:05.117239,interface,0.369,0.216,0.027
2024-08-29T10:59:05.140196,interface,0.359,0.228,0.165
2024-08-29T10:59:05.160206,interface,0.227,0.304,0.053
2024-08-29T10:59:05.177269,interface,0.35,0.287,0.157
2024-08-29T10:59:05.377262,interface,0.439,0.556,0.891
2024-08-29T10:59:05.396228,interface,0.383,0.559,0.9940001
2024-08-29T10:59:05.417262,interface,0.364,0.55,1.0
2024-08-29T10:59:05.435195,interface,0.411,0.575,0.935
2024-08-29T10:59:05.455216,interface,0.529,0.619,0.8690001
2024-08-29T10:59:05.476189,interface,0.584,0.614,1.0
2024-08-29T10:59:05.495173,interface,0.666,0.7,1.0
2024-08-29T10:59:05.516270,interface,0.744,0.889,1.0
2024-08-29T10:59:05.536212,interface,0.734,0.9969999,0.821
2024-08-29T10:59:05.557248,interface,0.66,0.991,0.633
2024-08-29T10:59:05.577242,interface,0.817,0.958,0.537
2024-08-29T10:59:05.594187,interface,0.607,1.0,0.282
2024-08-29T10:59:05.614315,interface,0.255,1.0,0.0
2024-08-29T10:59:05.634249,interface,1.0,0.564,0.0
2024-08-29T10:59:05.655315,interface,1.0,0.167,0.0
2024-08-29T10:59:05.675262,interface,0.0,0.629,0.0
2024-08-29T10:59:05.696218,interface,0.085,0.504,0.041
2024-08-29T10:59:05.715278,interface,0.433,0.364,0.0
2024-08-29T10:59:05.734375,interface,0.538,0.351,0.06
2024-08-29T10:59:05.754382,interface,0.435,0.386,0.118
2024-08-29T10:59:05.773378,interface,0.304,0.476,0.13
2024-08-29T10:59:06.705345,interface,0.444,0.355,0.148
2024-08-29T10:59:06.725288,interface,0.462,0.339,0.025
2024-08-29T10:59:06.745224,interface,0.431,0.339,0.021
2024-08-29T10:59:06.766302,interface,0.415,0.352,0.16
2024-08-29T10:59:06.825354,interface,0.512,0.322,0.117
2024-08-29T10:59:06.847189,interface,0.5,0.339,0.151
2024-08-29T10:59:07.064230,interface,0.5,0.465,0.996
2024-08-29T10:59:07.084209,interface,0.427,0.495,1.0
2024-08-29T10:59:07.104199,interface,0.375,0.524,1.0
2024-08-29T10:59:07.125267,interface,0.396,0.533,0.925
2024-08-29T10:59:07.262207,interface,0.39,0.7059999,0.154
2024-08-29T10:59:07.283192,interface,0.434,0.623,0.0
2024-08-29T10:59:07.304187,interface,0.517,0.369,0.0
2024-08-29T10:59:07.323214,interface,0.476,0.23,0.0
2024-08-29T10:59:07.341282,interface,0.319,0.243,0.046
2024-08-29T10:59:07.361329,interface,0.3,0.256,0.19
2024-08-29T10:59:08.332295,interface,0.369,0.36,0.156
2024-08-29T10:59:10.080310,interface,0.713,0.315,0.763
2024-08-29T10:59:10.458358,interface,0.178,0.363,0.36
2024-08-29T10:59:10.715246,interface,0.307,0.221,0.291
2024-08-29T10:59:10.735226,interface,0.228,0.257,0.293
2024-08-29T10:59:10.756199,interface,0.256,0.233,0.279
2024-08-29T10:59:10.776181,interface,0.367,0.199,0.289
2024-08-29T10:59:10.796254,interface,0.315,0.208,0.203
2024-08-29T10:59:10.816219,interface,0.205,0.305,0.079
2024-08-29T10:59:11.310313,interface,0.639,0.604,0.057
2024-08-29T10:59:11.333264,interface,0.682,0.63,0.0
2024-08-29T10:59:11.351232,interface,0.304,0.698,0.0
2024-08-29T10:59:11.371210,interface,0.0,0.65,0.0
2024-08-29T10:59:11.392226,interface,0.0,0.577,0.0
2024-08-29T10:59:11.412192,interface,0.12,0.534,0.049
2024-08-29T10:59:11.429252,interface,0.24,0.556,0.069
2024-08-29T10:59:11.450182,interface,0.27,0.536,0.055
2024-08-29T10:59:11.470231,interface,0.225,0.499,0.07
2024-08-29T10:59:11.491188,interface,0.163,0.515,0.142
2024-08-29T10:59:11.510200,interface,0.223,0.524,0.186
2024-08-29T10:59:11.531241,interface,0.286,0.505,0.153
2024-08-29T10:59:11.551186,interface,0.294,0.519,0.118
2024-08-29T10:59:11.572236,interface,0.28,0.5440001,0.125
2024-08-29T10:59:11.591288,interface,0.299,0.538,0.159
2024-08-29T10:59:11.647271,interface,0.248,0.521,0.182
2024-08-29T10:59:11.825267,interface,0.186,0.446,0.257
2024-08-29T10:59:12.065479,interface,0.392,0.451,0.866
2024-08-29T10:59:12.086208,interface,0.382,0.467,0.862
2024-08-29T10:59:12.106187,interface,0.372,0.474,0.884
2024-08-29T10:59:12.283225,interface,0.815,0.284,0.384
2024-08-29T10:59:12.341296,interface,0.226,0.649,0.087
2024-08-29T10:59:12.364198,interface,0.244,0.618,0.063
2024-08-29T10:59:12.384186,interface,0.388,0.568,0.022
2024-08-29T10:59:12.404207,interface,0.447,0.561,0.0
2024-08-29T10:59:12.424186,interface,0.354,0.574,0.0
2024-08-29T10:59:12.441286,interface,0.276,0.543,0.0
2024-08-29T10:59:12.462217,interface,0.308,0.49,0.063
2024-08-29T10:59:12.541240,interface,0.334,0.432,0.115
2024-08-29T10:59:12.561256,interface,0.331,0.432,0.139
2024-08-29T10:59:12.640236,interface,0.355,0.427,0.146
2024-08-29T10:59:15.700940,interface,0.526,0.233,0.182
2024-08-29T10:59:15.718223,interface,0.486,0.216,0.244
2024-08-29T10:59:15.776227,interface,0.47,0.169,0.018
2024-08-29T10:59:15.794285,interface,0.579,0.111,0.018
2024-08-29T10:59:15.818217,interface,0.619,0.161,0.165
2024-08-29T10:59:16.054213,interface,0.443,0.453,0.9139999
2024-08-29T10:59:16.075213,interface,0.402,0.477,0.9610001
2024-08-29T10:59:16.094200,interface,0.346,0.501,0.907
2024-08-29T10:59:16.374571,interface,0.36,0.692,0.132
2024-08-29T10:59:16.390188,interface,0.4,0.648,0.004
2024-08-29T10:59:16.416218,interface,0.608,0.511,0.0
2024-08-29T10:59:16.433222,interface,0.617,0.524,0.0
2024-08-29T10:59:16.450187,interface,0.26,0.662,0.0
2024-08-29T10:59:16.471200,interface,0.009,0.746,0.0
2024-08-29T10:59:16.491204,interface,0.24,0.556,0.087
2024-08-29T10:59:16.549268,interface,0.363,0.585,0.132
2024-08-29T10:59:16.570186,interface,0.16,0.654,0.074
2024-08-29T10:59:16.589258,interface,0.254,0.609,0.157
2024-08-29T10:59:16.610192,interface,0.441,0.574,0.129
2024-08-29T10:59:16.630187,interface,0.352,0.63,0.0
2024-08-29T10:59:16.651226,interface,0.06599999,0.749,0.0
2024-08-29T10:59:16.670264,interface,0.081,0.724,0.065
2024-08-29T10:59:16.691209,interface,0.305,0.638,0.109
2024-08-29T10:59:16.711218,interface,0.446,0.556,0.019
2024-08-29T10:59:16.728193,interface,0.247,0.653,0.011
2024-08-29T10:59:16.749230,interface,0.158,0.701,0.0
2024-08-29T10:59:16.768306,interface,0.23,0.711,0.002
2024-08-29T10:59:16.790223,interface,0.397,0.654,0.116
2024-08-29T10:59:16.828205,interface,0.324,0.643,0.198
2024-08-29T10:59:17.665482,interface,0.318,0.486,0.129
2024-08-29T10:59:17.680355,interface,0.765,0.188,0.0
2024-08-29T10:59:17.702187,interface,0.811,0.065,0.036
2024-08-29T10:59:17.721270,interface,0.66,0.164,0.374
2024-08-29T10:59:17.879362,interface,0.572,0.207,0.248
2024-08-29T10:59:18.297535,interface,0.685,0.243,0.273
2024-08-29T10:59:18.696036,interface,0.51,0.245,0.157
2024-08-29T10:59:18.733298,interface,0.476,0.265,0.08
2024-08-29T10:59:24.329323,interface,0.355,0.445,0.038
2024-08-29T10:59:27.840285,interface,0.215,0.502,0.196
2024-08-29T10:59:28.814316,interface,0.282,0.462,0.0
2024-08-29T10:59:28.836200,interface,0.386,0.385,0.138
2024-08-29T10:59:28.892208,interface,0.265,0.425,0.217
2024-08-29T10:59:29.130242,interface,0.586,0.314,0.174
2024-08-29T10:59:33.000292,interface,0.274,0.365,0.134
2024-08-29T10:59:33.023210,interface,0.303,0.409,0.06
2024-08-29T10:59:33.793314,interface,0.463,0.357,1.0
2024-08-29T10:59:33.833250,interface,0.502,0.321,0.977
2024-08-29T10:59:33.952195,interface,0.476,0.548,0.11
2024-08-29T10:59:33.974204,interface,0.557,0.389,0.0
2024-08-29T10:59:33.993312,interface,0.469,0.41,0.0
2024-08-29T10:59:34.014298,interface,0.313,0.492,0.119
2024-08-29T10:59:34.034223,interface,0.298,0.496,0.052
2024-08-29T10:59:34.052187,interface,0.296,0.507,0.076
2024-08-29T10:59:34.090234,interface,0.274,0.467,0.197
2024-08-29T10:59:34.210246,interface,0.343,0.414,0.121
2024-08-29T10:59:34.233258,interface,0.319,0.444,0.0
2024-08-29T10:59:34.251238,interface,0.355,0.435,0.0
2024-08-29T10:59:34.271197,interface,0.347,0.427,0.0
2024-08-29T10:59:34.292248,interface,0.286,0.48,0.12
2024-08-29T10:59:35.023296,interface,0.592,0.338,0.856
2024-08-29T10:59:35.046223,interface,0.698,0.316,0.926
2024-08-29T10:59:35.063220,interface,0.764,0.31,0.85
2024-08-29T10:59:35.124206,interface,0.188,0.306,0.188
2024-08-29T10:59:35.142205,interface,0.096,0.282,0.377
2024-08-29T10:59:35.165224,interface,0.131,0.234,0.37
2024-08-29T10:59:35.184268,interface,0.204,0.231,0.393
2024-08-29T10:59:35.500217,interface,0.245,0.29,0.294
2024-08-29T10:59:35.619236,interface,0.53,0.335,0.887
2024-08-29T10:59:35.639202,interface,0.674,0.301,0.904
2024-08-29T10:59:35.659190,interface,0.701,0.269,0.918
2024-08-29T10:59:35.679253,interface,0.736,0.265,0.719
2024-08-29T10:59:35.738244,interface,0.151,0.371,0.221
2024-08-29T10:59:35.798194,interface,0.368,0.281,0.784
2024-08-29T10:59:35.818273,interface,0.515,0.282,0.841
2024-08-29T10:59:35.838183,interface,0.641,0.248,0.88
2024-08-29T10:59:35.859407,interface,0.683,0.271,0.92
2024-08-29T10:59:35.878243,interface,0.667,0.269,0.757
2024-08-29T10:59:35.917239,interface,0.153,0.355,0.09700001
2024-08-29T10:59:35.942354,interface,0.136,0.329,0.257
2024-08-29T10:59:35.977342,interface,0.319,0.266,0.757
2024-08-29T10:59:35.997373,interface,0.505,0.246,0.797
2024-08-29T10:59:36.017276,interface,0.692,0.203,0.813
2024-08-29T10:59:36.038216,interface,0.665,0.263,0.853
2024-08-29T10:59:36.058279,interface,0.661,0.284,0.8309999
2024-08-29T10:59:36.096209,interface,0.063,0.414,0.126
2024-08-29T10:59:36.115243,interface,0.177,0.316,0.261
2024-08-29T10:59:36.154208,interface,0.392,0.256,0.843
2024-08-29T10:59:36.177259,interface,0.559,0.224,0.808
2024-08-29T10:59:36.196174,interface,0.694,0.211,0.875
2024-08-29T10:59:36.217258,interface,0.73,0.246,0.894
2024-08-29T10:59:36.237256,interface,0.708,0.285,0.773
2024-08-29T10:59:36.274256,interface,0.0,0.52,0.096
2024-08-29T10:59:36.297224,interface,0.21,0.286,0.23
2024-08-29T10:59:36.373263,interface,0.655,0.232,0.824
2024-08-29T10:59:36.396214,interface,0.717,0.248,0.9190001
2024-08-29T10:59:36.416169,interface,0.754,0.22,0.857
2024-08-29T10:59:36.472162,interface,0.0,0.398,0.0
2024-08-29T10:59:36.495210,interface,0.199,0.287,0.234
2024-08-29T10:59:36.532184,interface,0.384,0.275,0.83
2024-08-29T10:59:36.572200,interface,0.707,0.213,0.827
2024-08-29T10:59:36.593391,interface,0.722,0.232,0.91
2024-08-29T10:59:36.613312,interface,0.712,0.255,0.802
2024-08-29T10:59:36.651378,interface,0.107,0.384,0.154
2024-08-29T10:59:36.674276,interface,0.138,0.37,0.146
2024-08-29T10:59:36.750295,interface,0.684,0.18,0.716
2024-08-29T10:59:36.772315,interface,0.755,0.178,0.865
2024-08-29T10:59:36.792269,interface,0.736,0.222,0.862
2024-08-29T10:59:36.850291,interface,0.081,0.409,0.234
2024-08-29T10:59:36.871242,interface,0.156,0.344,0.298
2024-08-29T10:59:36.949241,interface,0.668,0.206,0.752
2024-08-29T10:59:36.969524,interface,0.721,0.203,0.841
2024-08-29T10:59:36.990065,interface,0.695,0.214,0.8
2024-08-29T10:59:37.048249,interface,0.179,0.377,0.255
2024-08-29T10:59:37.067204,interface,0.224,0.31,0.281
2024-08-29T10:59:37.148227,interface,0.6690001,0.218,0.781
2024-08-29T10:59:37.168205,interface,0.776,0.185,0.901
2024-08-29T10:59:37.189294,interface,0.807,0.202,0.847
2024-08-29T10:59:37.246274,interface,0.085,0.425,0.196
2024-08-29T10:59:37.268200,interface,0.08,0.365,0.225
2024-08-29T10:59:37.287220,interface,0.212,0.278,0.399
2024-08-29T10:59:37.366228,interface,0.733,0.215,0.883
2024-08-29T10:59:37.385305,interface,0.848,0.183,0.889
2024-08-29T10:59:37.408193,interface,0.814,0.212,0.803
2024-08-29T10:59:37.484205,interface,0.063,0.394,0.231
2024-08-29T10:59:37.505310,interface,0.148,0.286,0.235
2024-08-29T10:59:37.524206,interface,0.211,0.271,0.42
2024-08-29T10:59:37.604228,interface,0.788,0.21,0.898
2024-08-29T10:59:37.624215,interface,0.91,0.137,0.846
2024-08-29T10:59:37.646202,interface,0.8780001,0.184,0.744
2024-08-29T10:59:37.724190,interface,0.125,0.42,0.395
2024-08-29T10:59:37.743280,interface,0.093,0.34,0.247
2024-08-29T10:59:37.763222,interface,0.115,0.301,0.314
2024-08-29T10:59:37.784232,interface,0.137,0.345,0.432
2024-08-29T10:59:37.862249,interface,0.726,0.217,0.791
2024-08-29T10:59:37.881307,interface,0.933,0.133,0.682
2024-08-29T10:59:37.904241,interface,0.894,0.136,0.86
2024-08-29T10:59:37.923214,interface,0.834,0.209,0.715
2024-08-29T10:59:38.021460,interface,0.145,0.323,0.329
2024-08-29T10:59:38.042261,interface,0.139,0.302,0.349
2024-08-29T10:59:38.140203,interface,0.686,0.214,0.747
2024-08-29T10:59:38.160213,interface,0.803,0.19,0.695
2024-08-29T10:59:38.179257,interface,0.83,0.153,0.807
2024-08-29T10:59:38.200197,interface,0.76,0.218,0.721
2024-08-29T10:59:38.278217,interface,0.148,0.378,0.366
2024-08-29T10:59:38.299207,interface,0.048,0.36,0.259
2024-08-29T10:59:38.318226,interface,0.118,0.3,0.241
2024-08-29T10:59:38.458203,interface,0.661,0.249,0.8820001
2024-08-29T10:59:38.478188,interface,0.793,0.218,1.0
2024-08-29T10:59:38.497321,interface,0.848,0.246,0.971
2024-08-29T10:59:38.518206,interface,0.675,0.405,0.851
2024-08-29T10:59:38.575216,interface,0.13,0.416,0.0
2024-08-29T10:59:38.597238,interface,0.0,0.243,0.0
2024-08-29T10:59:38.618214,interface,0.156,0.191,0.0
2024-08-29T10:59:38.636198,interface,0.349,0.191,0.342
2024-08-29T10:59:38.714203,interface,0.596,0.38,0.978
2024-08-29T10:59:38.738272,interface,0.724,0.331,1.0
2024-08-29T10:59:38.757288,interface,0.765,0.383,1.0
2024-08-29T10:59:38.774262,interface,0.82,0.458,1.0
2024-08-29T10:59:38.795365,interface,0.855,0.444,0.69
2024-08-29T10:59:38.815257,interface,0.583,0.458,0.0
2024-08-29T10:59:38.836234,interface,0.197,0.123,0.0
2024-08-29T10:59:38.855173,interface,0.285,0.023,0.0
2024-08-29T10:59:38.877230,interface,0.169,0.218,0.211
2024-08-29T10:59:38.953254,interface,0.591,0.39,0.9639999
2024-08-29T10:59:38.975224,interface,0.63,0.373,1.0
2024-08-29T10:59:38.994211,interface,0.688,0.34,1.0
2024-08-29T10:59:39.015288,interface,0.668,0.395,0.946
2024-08-29T10:59:39.091279,interface,0.392,0.088,0.0
2024-08-29T10:59:39.113230,interface,0.236,0.118,0.0
2024-08-29T10:59:39.133279,interface,0.262,0.184,0.225
2024-08-29T10:59:39.211234,interface,0.558,0.378,0.938
2024-08-29T10:59:39.233272,interface,0.673,0.336,1.0
2024-08-29T10:59:39.253263,interface,0.799,0.246,0.9139999
2024-08-29T10:59:39.272229,interface,0.799,0.238,0.834
2024-08-29T10:59:39.293239,interface,0.785,0.232,0.624
2024-08-29T10:59:39.331231,interface,0.44,0.269,0.096
2024-08-29T10:59:39.350223,interface,0.063,0.388,0.17
2024-08-29T10:59:39.370193,interface,0.0,0.413,0.38
2024-08-29T10:59:39.391243,interface,0.14,0.32,0.358
2024-08-29T10:59:39.449262,interface,0.562,0.329,0.949
2024-08-29T10:59:39.472289,interface,0.76,0.224,0.876
2024-08-29T10:59:39.491254,interface,0.978,0.183,0.894
2024-08-29T10:59:39.509277,interface,0.929,0.199,0.8809999
2024-08-29T10:59:39.534151,interface,0.784,0.279,0.733
2024-08-29T10:59:39.588208,interface,0.06800001,0.386,0.331
2024-08-29T10:59:39.611234,interface,0.052,0.307,0.312
2024-08-29T10:59:39.630220,interface,0.137,0.277,0.311
2024-08-29T10:59:39.707293,interface,0.732,0.292,0.76
2024-08-29T10:59:39.726193,interface,0.934,0.139,0.849
2024-08-29T10:59:39.749265,interface,0.873,0.221,0.83
2024-08-29T10:59:39.769237,interface,0.786,0.268,0.762
2024-08-29T10:59:39.827206,interface,0.13,0.442,0.382
2024-08-29T10:59:39.847273,interface,0.0,0.397,0.114
2024-08-29T10:59:39.867196,interface,0.061,0.291,0.226
2024-08-29T10:59:39.888208,interface,0.198,0.282,0.441
2024-08-29T10:59:39.945308,interface,0.677,0.227,0.723
2024-08-29T10:59:39.968210,interface,0.8719999,0.202,0.731
2024-08-29T10:59:39.989231,interface,0.86,0.145,0.759
2024-08-29T10:59:40.006164,interface,0.795,0.22,0.84
2024-08-29T10:59:40.084241,interface,0.152,0.394,0.26
2024-08-29T10:59:40.106385,interface,0.148,0.298,0.143
2024-08-29T10:59:40.125452,interface,0.272,0.188,0.263
2024-08-29T10:59:40.223227,interface,0.641,0.283,0.913
2024-08-29T10:59:40.243212,interface,0.774,0.24,0.962
2024-08-29T10:59:40.264240,interface,0.798,0.253,0.927
2024-08-29T10:59:40.283277,interface,0.746,0.288,0.718
2024-08-29T10:59:40.343238,interface,0.159,0.321,0.117
2024-08-29T10:59:40.362264,interface,0.155,0.258,0.159
2024-08-29T10:59:40.382183,interface,0.177,0.234,0.219
2024-08-29T10:59:40.402194,interface,0.175,0.294,0.4
2024-08-29T10:59:40.461282,interface,0.634,0.296,0.849
2024-08-29T10:59:40.484186,interface,0.772,0.256,0.921
2024-08-29T10:59:40.503186,interface,0.84,0.218,0.86
2024-08-29T10:59:40.520246,interface,0.829,0.245,0.771
2024-08-29T10:59:40.600208,interface,0.08200001,0.335,0.147
2024-08-29T10:59:40.622218,interface,0.185,0.216,0.2
2024-08-29T10:59:40.642224,interface,0.171,0.25,0.309
2024-08-29T10:59:40.719399,interface,0.686,0.255,0.8780001
2024-08-29T10:59:40.741249,interface,0.8059999,0.224,0.886
2024-08-29T10:59:40.761256,interface,0.793,0.246,0.862
2024-08-29T10:59:40.781268,interface,0.729,0.295,0.801
2024-08-29T10:59:40.839219,interface,0.177,0.323,0.158
2024-08-29T10:59:40.859212,interface,0.172,0.227,0.04
2024-08-29T10:59:40.879208,interface,0.184,0.214,0.257
2024-08-29T10:59:40.976237,interface,0.723,0.248,0.812
2024-08-29T10:59:40.998223,interface,0.784,0.219,0.857
2024-08-29T10:59:41.018259,interface,0.8059999,0.225,0.848
2024-08-29T10:59:41.039225,interface,0.76,0.261,0.725
2024-08-29T10:59:41.096215,interface,0.175,0.353,0.229
2024-08-29T10:59:41.118215,interface,0.133,0.275,0.18
2024-08-29T10:59:41.138393,interface,0.123,0.25,0.247
2024-08-29T10:59:41.157465,interface,0.176,0.278,0.342
2024-08-29T10:59:41.216306,interface,0.595,0.277,0.797
2024-08-29T10:59:41.235202,interface,0.756,0.222,0.818
2024-08-29T10:59:41.255211,interface,0.818,0.205,0.805
2024-08-29T10:59:41.276229,interface,0.786,0.266,0.7940001
2024-08-29T10:59:41.295199,interface,0.701,0.327,0.787
2024-08-29T10:59:41.473564,interface,0.398,0.337,0.121
2024-08-29T10:59:41.494210,interface,0.286,0.379,0.158
2024-08-29T10:59:41.552242,interface,0.296,0.385,0.183
2024-08-29T10:59:41.575264,interface,0.281,0.38,0.121
2024-08-29T10:59:41.594231,interface,0.287,0.389,0.146
2024-08-29T10:59:42.227311,interface,0.509,0.31,0.129
2024-08-29T10:59:42.247214,interface,0.524,0.28,0.013
2024-08-29T10:59:42.266217,interface,0.528,0.28,0.002
2024-08-29T10:59:42.287218,interface,0.536,0.273,0.037
2024-08-29T10:59:42.545246,interface,0.632,0.301,0.801
2024-08-29T10:59:42.567242,interface,0.619,0.312,0.879
2024-08-29T10:59:42.584176,interface,0.66,0.251,0.837
2024-08-29T10:59:42.605235,interface,0.589,0.279,0.844
2024-08-29T10:59:42.803897,interface,0.655,0.236,0.782
2024-08-29T10:59:42.824216,interface,0.678,0.235,0.8820001
2024-08-29T10:59:42.844216,interface,0.721,0.216,0.82
2024-08-29T10:59:42.862197,interface,0.707,0.227,0.707
2024-08-29T10:59:43.159216,interface,0.686,0.238,0.76
2024-08-29T10:59:43.418192,interface,0.421,0.402,0.14
2024-08-29T10:59:43.436231,interface,0.378,0.411,0.016
2024-08-29T10:59:43.459273,interface,0.304,0.447,0.002
2024-08-29T10:59:43.478188,interface,0.336,0.406,0.121
2024-08-29T10:59:43.497307,interface,0.368,0.38,0.153
2024-08-29T10:59:43.518192,interface,0.397,0.36,0.111
2024-08-29T10:59:43.538233,interface,0.386,0.375,0.12
2024-08-29T10:59:44.311625,interface,0.427,0.297,0.164
2024-08-29T10:59:45.403393,interface,0.324,0.278,0.753
2024-08-29T10:59:45.501269,interface,0.344,0.312,0.824
2024-08-29T10:59:45.820339,interface,0.596,0.285,0.842
2024-08-29T10:59:45.841229,interface,0.625,0.281,0.818
2024-08-29T10:59:46.061503,interface,0.647,0.23,0.7940001
2024-08-29T10:59:46.078190,interface,0.658,0.234,0.837
2024-08-29T10:59:46.096231,interface,0.659,0.242,0.755
2024-08-29T10:59:46.275496,interface,0.728,0.219,0.844
2024-08-29T10:59:46.297221,interface,0.763,0.22,0.83
2024-08-29T10:59:47.049381,interface,0.392,0.204,0.225
2024-08-29T10:59:47.903207,interface,0.627,0.301,0.841
2024-08-29T10:59:47.924217,interface,0.655,0.307,0.787
2024-08-29T10:59:48.022227,interface,0.265,0.234,0.251
2024-08-29T10:59:48.041335,interface,0.212,0.22,0.043
2024-08-29T10:59:48.062267,interface,0.336,0.161,0.212
2024-08-29T10:59:48.082201,interface,0.274,0.227,0.278
2024-08-29T10:59:48.160216,interface,0.572,0.329,0.853
2024-08-29T10:59:48.180244,interface,0.63,0.347,0.979
2024-08-29T10:59:48.201261,interface,0.635,0.358,0.946
2024-08-29T10:59:48.221220,interface,0.686,0.337,0.814
2024-08-29T10:59:48.320223,interface,0.171,0.226,0.166
2024-08-29T10:59:48.340207,interface,0.134,0.267,0.225
2024-08-29T10:59:48.359215,interface,0.194,0.274,0.37
2024-08-29T10:59:48.442333,interface,0.553,0.353,0.918
2024-08-29T10:59:48.458321,interface,0.625,0.33,0.903
2024-08-29T10:59:48.479215,interface,0.667,0.334,0.906
2024-08-29T10:59:48.498192,interface,0.737,0.277,0.811
2024-08-29T10:59:48.519211,interface,0.737,0.258,0.67
2024-08-29T10:59:48.576295,interface,0.083,0.338,0.278
2024-08-29T10:59:48.599242,interface,0.134,0.263,0.297
2024-08-29T10:59:48.618224,interface,0.189,0.239,0.344
2024-08-29T10:59:48.637248,interface,0.228,0.246,0.414
2024-08-29T10:59:48.715207,interface,0.612,0.292,0.798
2024-08-29T10:59:48.738236,interface,0.6690001,0.261,0.802
2024-08-29T10:59:48.758262,interface,0.692,0.277,0.822
2024-08-29T10:59:48.876696,interface,0.17,0.298,0.371
2024-08-29T10:59:48.894404,interface,0.159,0.262,0.316
2024-08-29T10:59:49.016217,interface,0.668,0.281,0.793
2024-08-29T10:59:49.036225,interface,0.73,0.272,0.821
2024-08-29T10:59:49.053233,interface,0.732,0.291,0.821
2024-08-29T10:59:49.074197,interface,0.698,0.292,0.767
2024-08-29T10:59:49.172248,interface,0.124,0.3,0.297
2024-08-29T10:59:49.192197,interface,0.186,0.244,0.286
2024-08-29T10:59:49.213238,interface,0.227,0.243,0.395
2024-08-29T10:59:49.331203,interface,0.671,0.253,0.777
2024-08-29T10:59:49.352401,interface,0.664,0.281,0.768
2024-08-29T10:59:50.706871,interface,0.196,0.306,0.395
2024-08-29T10:59:50.720209,interface,0.101,0.368,0.395
2024-08-29T10:59:50.860451,interface,0.657,0.297,0.82
2024-08-29T10:59:50.888212,interface,0.723,0.235,0.863
2024-08-29T10:59:50.903237,interface,0.758,0.203,0.82
2024-08-29T10:59:51.518615,interface,0.152,0.358,0.471
2024-08-29T10:59:52.150241,interface,0.14,0.36,0.48
2024-08-29T10:59:52.190220,interface,0.161,0.328,0.393
2024-08-29T10:59:52.268273,interface,0.188,0.381,0.707
2024-08-29T10:59:52.466185,interface,0.446,0.181,0.725
2024-08-29T10:59:52.546234,interface,0.268,0.307,0.2
2024-08-29T10:59:52.924750,interface,0.258,0.332,0.808
2024-08-29T10:59:53.041267,interface,0.907,0.315,0.388
2024-08-29T10:59:53.064177,interface,0.8349999,0.324,0.374
2024-08-29T10:59:53.083188,interface,0.929,0.33,0.443
2024-08-29T10:59:53.103219,interface,1.0,0.34,0.518
2024-08-29T10:59:53.200292,interface,0.003,0.275,0.773
2024-08-29T10:59:53.219292,interface,0.011,0.26,0.849
2024-08-29T10:59:53.241260,interface,0.255,0.242,0.769
2024-08-29T10:59:53.300201,interface,0.8349999,0.278,0.458
2024-08-29T10:59:53.320202,interface,0.817,0.292,0.494
2024-08-29T10:59:53.523441,interface,0.093,0.235,0.504
2024-08-29T10:59:53.541237,interface,0.0,0.284,0.608
2024-08-29T10:59:53.560258,interface,0.238,0.265,0.663
2024-08-29T10:59:53.662334,interface,0.958,0.338,0.628
2024-08-29T10:59:53.676201,interface,1.0,0.341,0.527
2024-08-29T10:59:53.699237,interface,0.966,0.368,0.503
2024-08-29T10:59:53.757267,interface,0.053,0.264,0.505
2024-08-29T10:59:53.776241,interface,0.0,0.317,0.564
2024-08-29T10:59:53.797240,interface,0.0,0.277,0.641
2024-08-29T10:59:53.817292,interface,0.361,0.227,0.788
2024-08-29T10:59:53.856193,interface,0.785,0.278,0.336
2024-08-29T10:59:53.875233,interface,0.888,0.32,0.522
2024-08-29T10:59:53.896247,interface,0.935,0.345,0.623
2024-08-29T10:59:53.915218,interface,0.95,0.33,0.489
2024-08-29T10:59:53.976233,interface,0.122,0.253,0.489
2024-08-29T10:59:53.994221,interface,0.0,0.26,0.56
2024-08-29T10:59:54.014197,interface,0.008,0.239,0.658
2024-08-29T10:59:54.035217,interface,0.237,0.229,0.674
2024-08-29T10:59:54.113253,interface,0.896,0.322,0.546
2024-08-29T10:59:54.133211,interface,0.928,0.329,0.543
2024-08-29T10:59:54.156230,interface,0.849,0.348,0.436
2024-08-29T10:59:54.213259,interface,0.0,0.255,0.593
2024-08-29T10:59:54.231209,interface,0.0,0.265,0.639
2024-08-29T10:59:54.254289,interface,0.193,0.211,0.625
2024-08-29T10:59:54.330241,interface,0.87,0.305,0.497
2024-08-29T10:59:54.353264,interface,0.907,0.319,0.496
2024-08-29T10:59:54.373306,interface,0.9309999,0.325,0.507
2024-08-29T10:59:54.393216,interface,0.863,0.33,0.525
2024-08-29T10:59:54.450225,interface,0.0,0.239,0.591
2024-08-29T10:59:54.473267,interface,0.0,0.336,0.534
2024-08-29T10:59:54.491252,interface,0.005,0.274,0.628
2024-08-29T10:59:54.511187,interface,0.317,0.245,0.736
2024-08-29T10:59:54.571216,interface,0.8820001,0.328,0.507
2024-08-29T10:59:54.590178,interface,0.94,0.316,0.515
2024-08-29T10:59:54.609283,interface,0.924,0.308,0.459
2024-08-29T10:59:54.690305,interface,0.213,0.26,0.553
2024-08-29T10:59:54.711326,interface,0.212,0.242,0.638
2024-08-29T10:59:55.087467,interface,0.271,0.485,0.807
2024-08-29T10:59:55.108253,interface,0.207,0.489,0.972
2024-08-29T10:59:55.127209,interface,0.201,0.455,0.846
2024-08-29T10:59:55.147200,interface,0.266,0.49,0.943
2024-08-29T10:59:55.226232,interface,0.429,0.429,0.8690001
2024-08-29T11:00:01.257723,interface,0.284,0.357,0.825
2024-08-29T11:00:01.278280,interface,0.316,0.333,0.968
2024-08-29T11:00:01.296258,interface,0.427,0.34,0.985
2024-08-29T11:00:01.320228,interface,0.448,0.337,0.942
2024-08-29T11:00:01.340182,interface,0.377,0.344,0.833
2024-08-29T11:00:01.537450,interface,0.757,0.389,0.243
2024-08-29T11:00:01.674414,interface,0.26,0.222,0.748
2024-08-29T11:00:01.694205,interface,0.1,0.232,0.886
2024-08-29T11:00:01.713303,interface,0.28,0.207,0.99
2024-08-29T11:00:01.736188,interface,0.446,0.201,0.848
2024-08-29T11:00:01.833246,interface,0.7,0.335,0.181
2024-08-29T11:00:01.852212,interface,0.701,0.344,0.217
2024-08-29T11:00:02.013485,interface,0.267,0.328,0.782
2024-08-29T11:00:02.038171,interface,0.285,0.323,0.827
2024-08-29T11:00:02.054205,interface,0.344,0.305,0.833
2024-08-29T11:00:02.192949,interface,0.354,0.361,0.855
2024-08-29T11:00:02.215245,interface,0.339,0.378,0.8690001
2024-08-29T11:00:08.007312,interface,0.374,0.372,1.0
2024-08-29T11:00:08.027294,interface,0.51,0.221,1.0
2024-08-29T11:00:08.045279,interface,0.613,0.232,1.0
2024-08-29T11:00:08.065387,interface,0.61,0.269,0.996
2024-08-29T11:00:08.246521,interface,0.318,0.192,0.828
2024-08-29T11:00:08.265338,interface,0.236,0.134,1.0
2024-08-29T11:00:08.285227,interface,0.277,0.181,1.0
2024-08-29T11:00:08.306235,interface,0.271,0.233,0.9
2024-08-29T11:00:08.325234,interface,0.346,0.26,0.81
2024-08-29T11:00:08.345234,interface,0.44,0.27,0.803
2024-08-29T11:00:08.482522,interface,0.883,0.571,0.0
2024-08-29T11:00:08.506159,interface,0.901,0.5440001,0.022
2024-08-29T11:00:08.522248,interface,0.776,0.483,0.054
2024-08-29T11:00:08.600221,interface,0.0,0.127,0.995
2024-08-29T11:00:08.620231,interface,0.227,0.074,1.0
2024-08-29T11:00:08.641239,interface,0.546,0.113,1.0
2024-08-29T11:00:08.661275,interface,0.491,0.211,0.8059999
2024-08-29T11:00:08.720206,interface,0.859,0.488,0.025
2024-08-29T11:00:08.739232,interface,0.922,0.546,0.0
2024-08-29T11:00:08.759229,interface,0.814,0.501,0.046
2024-08-29T11:00:08.780239,interface,0.796,0.476,0.204
2024-08-29T11:00:08.838294,interface,0.0,0.116,0.896
2024-08-29T11:00:08.861265,interface,0.115,0.027,1.0
2024-08-29T11:00:08.881257,interface,0.503,0.08200001,1.0
2024-08-29T11:00:08.901262,interface,0.491,0.196,0.763
2024-08-29T11:00:08.959181,interface,0.841,0.491,0.022
2024-08-29T11:00:08.976275,interface,0.801,0.469,0.0
2024-08-29T11:00:09.000220,interface,0.8389999,0.456,0.072
2024-08-29T11:00:09.057318,interface,0.044,0.183,0.84
2024-08-29T11:00:09.080185,interface,0.05900001,0.043,0.991
2024-08-29T11:00:09.100262,interface,0.462,0.095,1.0
2024-08-29T11:00:09.116188,interface,0.494,0.153,0.7940001
2024-08-29T11:00:09.177362,interface,0.818,0.297,0.177
2024-08-29T11:00:09.196189,interface,0.86,0.545,0.0
2024-08-29T11:00:09.216190,interface,0.807,0.499,0.037
2024-08-29T11:00:09.275390,interface,0.0,0.157,0.924
2024-08-29T11:00:09.294384,interface,0.005,0.01,1.0
2024-08-29T11:00:09.318211,interface,0.439,0.048,1.0
2024-08-29T11:00:09.337258,interface,0.448,0.153,0.816
2024-08-29T11:00:09.394200,interface,0.856,0.554,0.035
2024-08-29T11:00:09.416211,interface,0.866,0.548,0.0
2024-08-29T11:00:09.436228,interface,0.852,0.548,0.062
2024-08-29T11:00:09.493344,interface,0.0,0.081,0.87
2024-08-29T11:00:09.517284,interface,0.014,0.012,1.0
2024-08-29T11:00:09.534233,interface,0.535,0.029,1.0
2024-08-29T11:00:09.555169,interface,0.592,0.163,0.851
2024-08-29T11:00:09.613242,interface,0.7940001,0.523,0.013
2024-08-29T11:00:09.632206,interface,0.898,0.554,0.0
2024-08-29T11:00:09.653254,interface,0.901,0.588,0.041
2024-08-29T11:00:09.673243,interface,0.788,0.575,0.175
2024-08-29T11:00:09.772216,interface,0.41,0.379,0.897
2024-08-29T11:00:09.792221,interface,0.357,0.325,0.917
2024-08-29T11:00:09.832196,interface,0.494,0.309,0.834
2024-08-29T11:00:09.850209,interface,0.469,0.335,0.87
2024-08-29T11:00:09.873222,interface,0.356,0.331,0.826
2024-08-29T11:00:09.893236,interface,0.318,0.336,0.793
2024-08-29T11:00:09.914216,interface,0.374,0.315,0.8059999
2024-08-29T11:00:09.933253,interface,0.471,0.321,0.84
2024-08-29T11:00:09.950211,interface,0.489,0.336,0.86
2024-08-29T11:00:09.971187,interface,0.45,0.331,0.854
2024-08-29T11:00:09.991266,interface,0.407,0.339,0.8349999
2024-08-29T11:00:10.249241,interface,0.27,0.399,0.782
2024-08-29T11:00:11.896193,interface,0.245,0.417,0.764
2024-08-29T11:00:11.955246,interface,0.255,0.444,0.808
2024-08-29T11:00:11.975204,interface,0.224,0.463,0.841
2024-08-29T11:00:11.996296,interface,0.219,0.495,0.8389999
2024-08-29T11:00:12.015182,interface,0.28,0.497,0.863
2024-08-29T11:00:12.036197,interface,0.402,0.551,0.917
2024-08-29T11:00:12.056205,interface,0.508,0.509,0.943
2024-08-29T11:00:12.077246,interface,0.31,0.452,0.9610001
2024-08-29T11:00:12.096202,interface,0.423,0.443,0.941
2024-08-29T11:00:12.114226,interface,0.464,0.445,0.974
2024-08-29T11:00:12.135189,interface,0.423,0.431,0.9139999
2024-08-29T11:00:12.154194,interface,0.407,0.469,0.89
2024-08-29T11:00:12.318759,interface,0.953,0.58,0.244
2024-08-29T11:00:12.342211,interface,0.995,0.562,0.127
2024-08-29T11:00:12.356188,interface,1.0,0.527,0.028
2024-08-29T11:00:12.374471,interface,0.968,0.475,0.031
2024-08-29T11:00:12.395328,interface,0.8059999,0.427,0.184
2024-08-29T11:00:12.432305,interface,0.039,0.261,0.66
2024-08-29T11:00:12.452223,interface,0.0,0.028,0.807
2024-08-29T11:00:12.472245,interface,0.275,0.072,0.909
2024-08-29T11:00:12.493251,interface,0.472,0.168,0.852
2024-08-29T11:00:12.550312,interface,0.8389999,0.469,0.25
2024-08-29T11:00:12.570206,interface,0.923,0.509,0.156
2024-08-29T11:00:12.591222,interface,1.0,0.487,0.06
2024-08-29T11:00:12.611227,interface,0.959,0.441,0.196
2024-08-29T11:00:12.670227,interface,0.102,0.193,0.627
2024-08-29T11:00:12.689256,interface,0.112,0.12,0.721
2024-08-29T11:00:12.709240,interface,0.306,0.139,0.764
2024-08-29T11:00:12.788347,interface,0.926,0.464,0.186
2024-08-29T11:00:12.811216,interface,1.0,0.478,0.052
2024-08-29T11:00:12.831187,interface,0.995,0.477,0.133
2024-08-29T11:00:12.851208,interface,0.822,0.422,0.3
2024-08-29T11:00:12.888213,interface,0.114,0.22,0.678
2024-08-29T11:00:12.909247,interface,0.0,0.141,0.83
2024-08-29T11:00:12.929371,interface,0.299,0.14,0.866
2024-08-29T11:00:12.950199,interface,0.43,0.199,0.755
2024-08-29T11:00:13.007230,interface,0.8780001,0.445,0.207
2024-08-29T11:00:13.027199,interface,1.0,0.461,0.012
2024-08-29T11:00:13.049249,interface,0.9969999,0.44,0.075
2024-08-29T11:00:13.070204,interface,0.871,0.427,0.269
2024-08-29T11:00:13.126246,interface,0.0,0.136,0.738
2024-08-29T11:00:13.146237,interface,0.127,0.103,0.811
2024-08-29T11:00:13.166197,interface,0.415,0.153,0.805
2024-08-29T11:00:13.187175,interface,0.532,0.197,0.73
2024-08-29T11:00:13.225271,interface,0.829,0.445,0.251
2024-08-29T11:00:13.245268,interface,0.979,0.461,0.07
2024-08-29T11:00:13.268179,interface,0.998,0.465,0.081
2024-08-29T11:00:13.287214,interface,0.912,0.457,0.252
2024-08-29T11:00:13.344210,interface,0.017,0.139,0.651
2024-08-29T11:00:13.366213,interface,0.157,0.087,0.749
2024-08-29T11:00:13.386179,interface,0.396,0.157,0.77
2024-08-29T11:00:13.463294,interface,0.88,0.405,0.206
2024-08-29T11:00:13.486227,interface,0.976,0.429,0.07
2024-08-29T11:00:13.505283,interface,0.933,0.435,0.182
2024-08-29T11:00:13.524192,interface,0.833,0.46,0.318
2024-08-29T11:00:13.621365,interface,0.171,0.237,0.603
2024-08-29T11:00:13.644190,interface,0.266,0.216,0.729
2024-08-29T11:00:13.663194,interface,0.304,0.182,0.798
2024-08-29T11:00:13.684185,interface,0.308,0.179,0.799
2024-08-29T11:00:13.704222,interface,0.359,0.176,0.755
2024-08-29T11:00:13.801278,interface,0.231,0.227,0.556
2024-08-29T11:00:13.823178,interface,0.147,0.201,0.785
2024-08-29T11:00:13.840237,interface,0.335,0.267,0.892
2024-08-29T11:00:13.920329,interface,0.87,0.519,0.243
2024-08-29T11:00:13.940202,interface,1.0,0.531,0.003
2024-08-29T11:00:13.961242,interface,1.0,0.521,0.008
2024-08-29T11:00:13.981241,interface,0.995,0.495,0.139
2024-08-29T11:00:14.002206,interface,0.792,0.477,0.22
2024-08-29T11:00:14.039241,interface,0.0,0.212,0.696
2024-08-29T11:00:14.060224,interface,0.027,0.101,0.907
2024-08-29T11:00:14.079192,interface,0.375,0.114,0.925
2024-08-29T11:00:14.100218,interface,0.476,0.192,0.765
2024-08-29T11:00:14.157286,interface,0.92,0.464,0.102
2024-08-29T11:00:14.178240,interface,0.9599999,0.462,0.05900001
2024-08-29T11:00:14.198200,interface,0.976,0.475,0.099
2024-08-29T11:00:14.218195,interface,0.85,0.509,0.263
2024-08-29T11:00:14.462491,interface,0.667,0.442,0.837
2024-08-29T11:00:14.478318,interface,0.623,0.449,0.977
2024-08-29T11:00:14.496343,interface,0.583,0.421,1.0
2024-08-29T11:00:14.516192,interface,0.603,0.383,0.976
2024-08-29T11:00:14.536219,interface,0.641,0.371,0.843
2024-08-29T11:00:14.614254,interface,0.584,0.394,0.8679999
2024-08-29T11:00:14.774391,interface,0.67,0.362,1.0
2024-08-29T11:00:14.897449,interface,0.517,0.403,0.888
2024-08-29T11:00:14.919237,interface,0.459,0.405,0.978
2024-08-29T11:00:14.935228,interface,0.463,0.433,0.9440001
2024-08-29T11:00:14.954236,interface,0.55,0.386,0.969
2024-08-29T11:00:15.228194,interface,0.796,0.468,0.123
2024-08-29T11:00:15.250216,interface,0.906,0.44,0.0
2024-08-29T11:00:15.270229,interface,0.9969999,0.44,0.0
2024-08-29T11:00:15.294215,interface,0.879,0.418,0.317
2024-08-29T11:00:15.329380,interface,0.13,0.298,0.688
2024-08-29T11:00:15.349255,interface,0.092,0.159,0.933
2024-08-29T11:00:15.368187,interface,0.419,0.111,1.0
2024-08-29T11:00:15.389259,interface,0.568,0.156,0.899
2024-08-29T11:00:15.447327,interface,0.702,0.42,0.179
2024-08-29T11:00:15.470198,interface,0.873,0.483,0.0
2024-08-29T11:00:15.490173,interface,0.9049999,0.471,0.0
2024-08-29T11:00:15.510333,interface,0.826,0.459,0.087
2024-08-29T11:00:15.566377,interface,0.081,0.205,0.812
2024-08-29T11:00:15.586197,interface,0.262,0.146,0.902
2024-08-29T11:00:15.609252,interface,0.451,0.166,0.867
2024-08-29T11:00:15.666193,interface,0.685,0.382,0.179
2024-08-29T11:00:15.691226,interface,0.841,0.366,0.152
2024-08-29T11:00:15.709253,interface,0.813,0.346,0.101
2024-08-29T11:00:15.727200,interface,0.741,0.326,0.153
2024-08-29T11:00:15.785249,interface,0.345,0.113,0.652
2024-08-29T11:00:15.805228,interface,0.336,0.088,0.639
2024-08-29T11:00:15.825274,interface,0.357,0.137,0.75
2024-08-29T11:00:15.846198,interface,0.353,0.194,0.68
2024-08-29T11:00:15.986025,interface,0.812,0.479,0.221
2024-08-29T11:00:16.006197,interface,0.847,0.491,0.143
2024-08-29T11:00:16.083209,interface,0.323,0.183,0.752
2024-08-29T11:00:16.103193,interface,0.493,0.174,0.8809999
2024-08-29T11:00:16.123186,interface,0.616,0.224,0.727
2024-08-29T11:00:16.163222,interface,0.813,0.43,0.199
2024-08-29T11:00:16.181241,interface,0.893,0.505,0.0
2024-08-29T11:00:16.204186,interface,0.913,0.501,0.03
2024-08-29T11:00:16.224170,interface,0.863,0.46,0.208
2024-08-29T11:00:16.280200,interface,0.325,0.186,0.818
2024-08-29T11:00:16.303201,interface,0.423,0.153,0.859
2024-08-29T11:00:16.322230,interface,0.441,0.194,0.721
2024-08-29T11:00:16.380242,interface,0.812,0.454,0.164
2024-08-29T11:00:16.401302,interface,0.9110001,0.48,0.01
2024-08-29T11:00:16.420172,interface,0.904,0.452,0.051
2024-08-29T11:00:16.480226,interface,0.06400001,0.169,0.672
2024-08-29T11:00:16.499190,interface,0.183,0.1,0.925
2024-08-29T11:00:16.522172,interface,0.441,0.116,1.0
2024-08-29T11:00:16.541514,interface,0.533,0.187,0.78
2024-08-29T11:00:16.619273,interface,0.854,0.404,0.094
2024-08-29T11:00:16.638185,interface,0.873,0.41,0.115
2024-08-29T11:00:16.738217,interface,0.536,0.191,0.768
2024-08-29T11:00:16.759198,interface,0.639,0.191,0.727
2024-08-29T11:00:16.898196,interface,0.671,0.398,0.157
2024-08-29T11:00:17.057137,interface,0.188,0.346,0.678
2024-08-29T11:00:17.114225,interface,0.912,0.402,1.0
2024-08-29T11:00:17.134224,interface,0.816,0.115,1.0
2024-08-29T11:00:17.156261,interface,0.72,0.641,1.0
2024-08-29T11:00:17.334255,interface,0.867,0.472,0.171
2024-08-29T11:00:17.354189,interface,0.894,0.461,0.171
2024-08-29T11:00:17.371214,interface,0.907,0.439,0.299
2024-08-29T11:00:17.394221,interface,0.9,0.349,0.314
2024-08-29T11:00:17.452268,interface,0.0,0.133,0.816
2024-08-29T11:00:17.474203,interface,0.273,0.129,0.871
2024-08-29T11:00:17.493258,interface,0.464,0.169,0.867
2024-08-29T11:00:17.531190,interface,0.702,0.377,0.197
2024-08-29T11:00:17.550203,interface,0.932,0.447,0.0
2024-08-29T11:00:17.574200,interface,0.9639999,0.408,0.0
2024-08-29T11:00:17.631263,interface,0.051,0.251,0.925
2024-08-29T11:00:17.653268,interface,0.025,0.146,0.781
2024-08-29T11:00:17.672239,interface,0.322,0.147,0.895
2024-08-29T11:00:17.729265,interface,0.864,0.386,0.2
2024-08-29T11:00:17.751225,interface,0.984,0.419,0.074
2024-08-29T11:00:17.770191,interface,0.973,0.375,0.124
2024-08-29T11:00:17.790192,interface,0.918,0.37,0.397
2024-08-29T11:00:17.828215,interface,0.021,0.253,0.904
2024-08-29T11:00:17.851182,interface,0.0,0.076,0.792
2024-08-29T11:00:17.871174,interface,0.292,0.12,0.897
2024-08-29T11:00:17.891257,interface,0.51,0.189,0.805
2024-08-29T11:00:17.949276,interface,0.8820001,0.412,0.099
2024-08-29T11:00:17.969248,interface,0.942,0.378,0.063
2024-08-29T11:00:17.990204,interface,0.842,0.367,0.261
2024-08-29T11:00:18.285278,interface,0.355,0.343,0.826
2024-08-29T11:00:18.843565,interface,0.361,0.379,0.828
2024-08-29T11:00:18.861271,interface,0.223,0.373,0.95
2024-08-29T11:00:18.880197,interface,0.334,0.364,0.968
2024-08-29T11:00:18.903213,interface,0.364,0.378,0.922
2024-08-29T11:00:18.923225,interface,0.256,0.366,0.8690001
2024-08-29T11:00:18.942245,interface,0.2,0.357,0.834
2024-08-29T11:00:18.980204,interface,0.2,0.49,1.0
2024-08-29T11:00:19.002209,interface,0.336,0.521,0.8719999
2024-08-29T11:00:19.099359,interface,0.865,0.534,0.272
2024-08-29T11:00:19.119233,interface,0.969,0.529,0.112
2024-08-29T11:00:19.140208,interface,1.0,0.487,0.011
2024-08-29T11:00:19.159232,interface,1.0,0.499,0.158
2024-08-29T11:00:19.181274,interface,0.9969999,0.454,0.387
2024-08-29T11:00:19.238198,interface,0.158,0.317,0.788
2024-08-29T11:00:19.260231,interface,0.0,0.138,0.932
2024-08-29T11:00:19.278233,interface,0.189,0.143,1.0
2024-08-29T11:00:19.298179,interface,0.27,0.217,0.88
2024-08-29T11:00:19.357287,interface,0.859,0.382,0.268
2024-08-29T11:00:19.377217,interface,1.0,0.437,0.033
2024-08-29T11:00:19.396191,interface,1.0,0.431,0.125
2024-08-29T11:00:19.418213,interface,0.9940001,0.437,0.295
2024-08-29T11:00:19.474223,interface,0.0,0.26,0.663
2024-08-29T11:00:19.497253,interface,0.0,0.079,0.846
2024-08-29T11:00:19.515211,interface,0.192,0.109,1.0
2024-08-29T11:00:19.535207,interface,0.319,0.21,0.866
2024-08-29T11:00:19.596226,interface,0.982,0.453,0.231
2024-08-29T11:00:19.614206,interface,1.0,0.416,0.005
2024-08-29T11:00:19.637253,interface,1.0,0.45,0.173
2024-08-29T11:00:19.656260,interface,0.949,0.447,0.373
2024-08-29T11:00:19.717319,interface,0.0,0.194,0.686
2024-08-29T11:00:19.735178,interface,0.0,0.103,0.863
2024-08-29T11:00:19.754274,interface,0.229,0.176,1.0
2024-08-29T11:00:19.776203,interface,0.409,0.232,0.811
2024-08-29T11:00:19.814197,interface,0.89,0.44,0.257
2024-08-29T11:00:19.833240,interface,1.0,0.473,0.008
2024-08-29T11:00:19.853264,interface,0.996,0.433,0.075
2024-08-29T11:00:19.874205,interface,0.98,0.434,0.239
2024-08-29T11:00:19.932220,interface,0.012,0.316,0.514
2024-08-29T11:00:19.955204,interface,0.0,0.096,0.702
2024-08-29T11:00:19.974230,interface,0.136,0.136,0.922
2024-08-29T11:00:19.992177,interface,0.364,0.176,0.884
2024-08-29T11:00:20.091248,interface,0.861,0.377,0.252
2024-08-29T11:00:20.114225,interface,0.871,0.388,0.218
2024-08-29T11:00:20.130190,interface,0.932,0.416,0.215
2024-08-29T11:00:20.151209,interface,0.934,0.438,0.252
2024-08-29T11:00:20.548207,interface,0.519,0.377,0.898
2024-08-29T11:00:23.365377,interface,0.254,0.444,0.793
2024-08-29T11:00:23.387286,interface,0.134,0.427,0.795
2024-08-29T11:00:23.444277,interface,0.075,0.449,1.0
2024-08-29T11:00:23.466353,interface,0.0,0.477,1.0
2024-08-29T11:00:23.485430,interface,0.137,0.523,0.876
2024-08-29T11:00:23.506293,interface,0.415,0.465,0.9150001
2024-08-29T11:00:23.526307,interface,0.4,0.463,0.985
2024-08-29T11:00:23.546274,interface,0.004,0.44,0.761
2024-08-29T11:00:23.762252,interface,0.977,0.553,0.212
2024-08-29T11:00:23.784273,interface,1.0,0.546,0.133
2024-08-29T11:00:23.803252,interface,1.0,0.499,0.253
2024-08-29T11:00:23.823230,interface,0.93,0.472,0.427
2024-08-29T11:00:23.881318,interface,0.0,0.06400001,0.622
2024-08-29T11:00:23.901344,interface,0.0,0.038,0.843
2024-08-29T11:00:23.922240,interface,0.236,0.09099999,0.982
2024-08-29T11:00:23.942231,interface,0.386,0.22,0.75
2024-08-29T11:00:23.981269,interface,0.8809999,0.492,0.21
2024-08-29T11:00:24.000195,interface,1.0,0.552,0.039
2024-08-29T11:00:24.020204,interface,0.99,0.533,0.09700001
2024-08-29T11:00:24.040196,interface,0.996,0.5,0.254
2024-08-29T11:00:24.060188,interface,0.917,0.48,0.418
2024-08-29T11:00:24.119227,interface,0.0,0.112,0.602
2024-08-29T11:00:24.138209,interface,0.0,0.04,0.725
2024-08-29T11:00:24.162194,interface,0.145,0.067,0.934
2024-08-29T11:00:24.182221,interface,0.358,0.173,0.8190001
2024-08-29T11:00:24.238221,interface,0.966,0.529,0.163
2024-08-29T11:00:24.260197,interface,1.0,0.563,0.015
2024-08-29T11:00:24.279205,interface,1.0,0.521,0.134
2024-08-29T11:00:24.301295,interface,0.8719999,0.479,0.253
2024-08-29T11:00:24.361224,interface,0.104,0.161,0.5440001
2024-08-29T11:00:24.378192,interface,0.0,0.044,0.904
2024-08-29T11:00:24.400215,interface,0.243,0.09799999,0.938
2024-08-29T11:00:24.418175,interface,0.414,0.123,0.788
2024-08-29T11:00:24.476308,interface,0.923,0.461,0.151
2024-08-29T11:00:24.497232,interface,0.908,0.467,0.07
2024-08-29T11:00:24.517241,interface,0.861,0.472,0.187
2024-08-29T11:00:24.537329,interface,0.841,0.465,0.276
2024-08-29T11:00:24.557259,interface,0.895,0.477,0.299
2024-08-29T11:00:24.578189,interface,0.861,0.473,0.318
2024-08-29T11:00:24.699706,interface,0.295,0.495,0.8450001
2024-08-29T11:00:24.715204,interface,0.338,0.465,0.843
2024-08-29T11:00:24.734234,interface,0.375,0.456,0.966
2024-08-29T11:00:24.753314,interface,0.381,0.375,1.0
2024-08-29T11:00:24.778200,interface,0.335,0.364,0.867
2024-08-29T11:00:24.794245,interface,0.265,0.369,0.791
2024-08-29T11:00:26.956398,interface,0.077,0.848,0.9190001
2024-08-29T11:00:29.198277,interface,0.494,0.36,0.8719999
2024-08-29T11:00:31.082300,interface,0.039,0.466,0.922
2024-08-29T11:00:34.932292,interface,0.292,0.435,0.813
2024-08-29T11:00:34.993292,interface,0.263,0.374,0.807
2024-08-29T11:00:35.013273,interface,0.166,0.35,0.785
2024-08-29T11:00:35.032245,interface,0.255,0.371,0.816
2024-08-29T11:00:35.053283,interface,0.362,0.36,0.924
2024-08-29T11:00:35.073420,interface,0.527,0.344,0.854
2024-08-29T11:00:35.094208,interface,0.31,0.352,0.876
2024-08-29T11:00:35.113225,interface,0.173,0.361,0.709
2024-08-29T11:00:35.330305,interface,0.8190001,0.407,0.219
2024-08-29T11:00:35.350198,interface,0.897,0.398,0.193
2024-08-29T11:00:35.408209,interface,0.0,0.112,0.834
2024-08-29T11:00:35.429249,interface,0.03,0.094,0.929
2024-08-29T11:00:35.449265,interface,0.452,0.116,0.8679999
2024-08-29T11:00:35.526337,interface,0.797,0.452,0.204
2024-08-29T11:00:35.551185,interface,0.822,0.452,0.06800001
2024-08-29T11:00:35.570218,interface,0.9049999,0.453,0.086
2024-08-29T11:00:35.587172,interface,0.874,0.48,0.16
2024-08-29T11:00:35.625354,interface,0.158,0.351,0.456
2024-08-29T11:00:35.648163,interface,0.0,0.179,0.641
2024-08-29T11:00:35.668203,interface,0.0,0.093,0.82
2024-08-29T11:00:35.689291,interface,0.348,0.084,0.879
2024-08-29T11:00:35.711208,interface,0.503,0.167,0.724
2024-08-29T11:00:35.765268,interface,0.751,0.395,0.221
2024-08-29T11:00:35.787228,interface,0.814,0.43,0.11
2024-08-29T11:00:35.807240,interface,0.827,0.435,0.124
2024-08-29T11:00:35.885269,interface,0.142,0.218,0.563
2024-08-29T11:00:35.905342,interface,0.107,0.17,0.666
2024-08-29T11:00:35.926195,interface,0.332,0.153,0.719
2024-08-29T11:00:35.945256,interface,0.377,0.155,0.672
2024-08-29T11:00:36.122236,interface,0.075,0.315,0.425
2024-08-29T11:00:36.145327,interface,0.0,0.189,0.564
2024-08-29T11:00:36.165293,interface,0.154,0.138,0.677
2024-08-29T11:00:36.182241,interface,0.393,0.134,0.663
2024-08-29T11:00:36.260309,interface,0.858,0.397,0.105
2024-08-29T11:00:36.285237,interface,0.9190001,0.433,0.194
2024-08-29T11:00:36.423234,interface,0.224,0.347,0.99
2024-08-29T11:00:36.442220,interface,0.177,0.33,0.989
2024-08-29T11:00:36.460210,interface,0.287,0.341,0.85
2024-08-29T11:00:39.038318,interface,0.54,0.32,0.877
2024-08-29T11:00:39.061349,interface,0.441,0.291,0.879
2024-08-29T11:00:39.082199,interface,0.481,0.264,0.807
2024-08-29T11:00:44.933775,interface,0.486,0.446,0.89
2024-08-29T11:00:44.950189,interface,0.517,0.453,0.912
2024-08-29T11:00:45.626192,interface,0.505,0.555,0.875
2024-08-29T11:00:47.398900,interface,0.348,0.505,0.849
2024-08-29T11:00:47.531223,interface,0.418,0.477,0.875
2024-08-29T11:01:02.709817,interface,0.144,0.925,0.627
2024-08-29T11:01:06.261834,interface,0.345,0.517,0.865
2024-08-29T11:01:11.181312,interface,0.814,0.326,0.633
2024-08-29T11:01:16.676280,interface,0.475,0.45,0.876
2024-08-29T11:01:22.767280,interface,0.46,0.463,0.925
2024-08-29T11:01:22.789340,interface,0.409,0.469,0.945
2024-08-29T11:01:22.811185,interface,0.403,0.487,0.8820001
2024-08-29T11:01:23.423297,interface,0.548,0.255,0.824
2024-08-29T11:01:23.442210,interface,0.502,0.228,0.808
2024-08-29T11:01:34.591289,interface,0.466,0.479,0.9190001
2024-08-29T11:01:34.614209,interface,0.459,0.494,1.0
2024-08-29T11:01:34.634355,interface,0.427,0.496,0.907
2024-08-29T11:01:34.809265,interface,0.323,0.676,1.0
2024-08-29T11:01:34.831212,interface,0.533,0.533,1.0
2024-08-29T11:01:34.850212,interface,0.7,0.536,1.0
2024-08-29T11:01:35.027212,interface,0.485,0.593,1.0
2024-08-29T11:01:35.049236,interface,0.629,0.444,1.0
2024-08-29T11:01:35.206187,interface,0.361,0.502,0.984
2024-08-29T11:01:35.306301,interface,0.439,0.501,1.0
2024-08-29T11:01:36.297357,interface,0.435,0.587,1.0
2024-08-29T11:01:36.320205,interface,0.698,0.157,0.758
2024-08-29T11:01:36.634229,interface,0.566,0.423,0.921
2024-08-29T11:01:36.818430,interface,0.69,0.407,0.83
2024-08-29T11:01:37.112755,interface,1.0,0.035,0.5
2024-08-29T11:01:40.679214,interface,0.501,0.45,0.891
2024-08-29T11:01:45.089375,interface,0.173,0.475,0.76
2024-08-29T11:01:45.181298,interface,0.087,0.494,0.686
2024-08-29T11:01:45.205257,interface,0.039,0.531,0.603
2024-08-29T11:01:45.225246,interface,0.06400001,0.534,0.539
2024-08-29T11:01:45.242226,interface,0.057,0.527,0.609
2024-08-29T11:01:45.263190,interface,0.062,0.526,0.561
2024-08-29T11:01:45.282209,interface,0.016,0.541,0.564
2024-08-29T11:01:45.303211,interface,0.043,0.558,0.564
2024-08-29T11:01:45.322285,interface,0.118,0.514,0.457
2024-08-29T11:01:45.343265,interface,0.113,0.518,0.476
2024-08-29T11:01:45.840753,interface,0.435,0.421,0.932
2024-08-29T11:01:45.857329,interface,0.336,0.455,0.9559999
2024-08-29T11:01:45.877248,interface,0.403,0.432,0.924
2024-08-29T11:01:45.898171,interface,0.465,0.415,0.947
2024-08-29T11:01:45.917257,interface,0.54,0.41,0.953
2024-08-29T11:01:45.938203,interface,0.517,0.404,1.0
2024-08-29T11:01:45.958196,interface,0.414,0.442,0.998
2024-08-29T11:01:45.978249,interface,0.427,0.444,1.0
2024-08-29T11:01:45.998205,interface,0.53,0.42,0.973
2024-08-29T11:01:46.016195,interface,0.347,0.458,0.906
2024-08-29T11:01:46.036232,interface,0.304,0.487,1.0
2024-08-29T11:01:46.056230,interface,0.463,0.508,0.946
2024-08-29T11:01:46.454997,interface,0.124,0.515,0.623
2024-08-29T11:01:46.480234,interface,0.051,0.511,0.625
2024-08-29T11:01:46.494272,interface,0.029,0.552,0.478
2024-08-29T11:01:46.513238,interface,0.047,0.539,0.518
2024-08-29T11:01:46.533267,interface,0.011,0.552,0.62
2024-08-29T11:01:46.553254,interface,0.038,0.575,0.567
2024-08-29T11:01:46.574220,interface,0.0,0.604,0.339
2024-08-29T11:01:46.593249,interface,0.0,0.487,0.463
2024-08-29T11:01:46.610239,interface,0.0,0.572,0.65
2024-08-29T11:01:46.631207,interface,0.0,0.595,0.505
2024-08-29T11:01:46.651231,interface,0.045,0.589,0.419
2024-08-29T11:01:46.672239,interface,0.109,0.563,0.498
2024-08-29T11:01:46.692229,interface,0.095,0.565,0.542
2024-08-29T11:01:47.048317,interface,0.249,0.56,0.782
2024-08-29T11:01:47.106275,interface,0.338,0.534,0.8719999
2024-08-29T11:01:47.130365,interface,0.306,0.534,0.894
2024-08-29T11:01:47.148398,interface,0.416,0.509,0.913
2024-08-29T11:01:47.169337,interface,0.518,0.465,0.922
2024-08-29T11:01:47.189238,interface,0.321,0.507,0.939
2024-08-29T11:01:47.206211,interface,0.31,0.525,0.925
2024-08-29T11:01:47.226185,interface,0.444,0.5,0.952
2024-08-29T11:01:47.244220,interface,0.521,0.493,1.0
2024-08-29T11:01:47.267247,interface,0.583,0.421,1.0
2024-08-29T11:01:47.287278,interface,0.527,0.416,1.0
2024-08-29T11:01:47.308204,interface,0.488,0.423,1.0
2024-08-29T11:01:47.328201,interface,0.506,0.425,0.9559999
2024-08-29T11:01:47.345282,interface,0.509,0.435,0.985
2024-08-29T11:01:47.366247,interface,0.582,0.459,1.0
2024-08-29T11:01:47.385243,interface,0.638,0.442,0.942
2024-08-29T11:01:47.726392,interface,0.146,0.512,0.737
2024-08-29T11:01:47.740255,interface,0.021,0.529,0.645
2024-08-29T11:01:47.763214,interface,0.022,0.513,0.645
2024-08-29T11:01:47.782208,interface,0.183,0.477,0.737
2024-08-29T11:01:47.840273,interface,0.161,0.513,0.754
2024-08-29T11:01:47.862277,interface,0.0,0.58,0.781
2024-08-29T11:01:47.882196,interface,0.086,0.574,0.857
2024-08-29T11:01:47.904215,interface,0.06400001,0.618,0.708
2024-08-29T11:01:47.923173,interface,0.038,0.614,0.428
2024-08-29T11:01:47.940179,interface,0.0,0.64,0.453
2024-08-29T11:01:47.961283,interface,0.0,0.634,0.567
2024-08-29T11:01:47.980276,interface,0.008,0.605,0.606
2024-08-29T11:01:48.000178,interface,0.0,0.627,0.782
2024-08-29T11:01:48.019209,interface,0.038,0.651,0.715
2024-08-29T11:01:48.042175,interface,0.143,0.596,0.124
2024-08-29T11:01:48.061264,interface,0.102,0.593,0.484
2024-08-29T11:01:48.318292,interface,0.723,0.396,0.784
2024-08-29T11:01:48.335225,interface,0.63,0.412,0.932
2024-08-29T11:01:48.357256,interface,0.61,0.422,0.9929999
2024-08-29T11:01:48.377232,interface,0.69,0.39,0.991
2024-08-29T11:01:48.396249,interface,0.68,0.398,0.856
2024-08-29T11:01:49.135855,interface,0.451,0.478,0.889
2024-08-29T11:01:49.158205,interface,0.39,0.504,1.0
2024-08-29T11:01:49.170193,interface,0.566,0.508,1.0
2024-08-29T11:01:49.192222,interface,0.641,0.491,1.0
2024-08-29T11:01:49.765462,interface,0.558,0.25,0.795
2024-08-29T11:01:49.845292,interface,0.446,0.428,0.013
2024-08-29T11:01:49.865264,interface,0.201,0.426,0.013
2024-08-29T11:01:49.886198,interface,0.252,0.374,0.239
2024-08-29T11:01:52.366301,interface,0.579,0.486,0.125
2024-08-29T11:01:52.387201,interface,0.647,0.529,0.09799999
2024-08-29T11:01:52.504175,interface,0.101,0.397,0.297
2024-08-29T11:01:52.523224,interface,0.188,0.352,0.318
2024-08-29T11:01:53.674489,interface,0.19,0.606,0.841
2024-08-29T11:01:53.692186,interface,0.0,0.595,0.834
2024-08-29T11:01:53.715295,interface,0.009,0.606,0.65
2024-08-29T11:01:53.792252,interface,0.146,0.645,0.636
2024-08-29T11:01:53.815238,interface,0.142,0.639,0.665
2024-08-29T11:01:53.834213,interface,0.168,0.675,0.499
2024-08-29T11:01:54.012267,interface,0.151,0.667,0.605
2024-08-29T11:01:54.109267,interface,0.138,0.649,0.548
2024-08-29T11:01:54.129243,interface,0.127,0.68,0.486
2024-08-29T11:01:54.189337,interface,0.175,0.678,0.43
2024-08-29T11:01:54.207228,interface,0.0,0.74,0.473
2024-08-29T11:01:54.230251,interface,0.0,0.78,0.341
2024-08-29T11:01:54.250217,interface,0.052,0.743,0.42
2024-08-29T11:01:54.268183,interface,0.0,0.745,0.45
2024-08-29T11:01:54.288205,interface,0.0,0.767,0.494
2024-08-29T11:01:54.308173,interface,0.0,0.756,0.519
2024-08-29T11:01:54.329242,interface,0.025,0.715,0.484
2024-08-29T11:01:54.349254,interface,0.038,0.681,0.498
2024-08-29T11:01:54.370226,interface,0.052,0.662,0.591
2024-08-29T11:01:54.389235,interface,0.022,0.646,0.583
2024-08-29T11:01:54.410186,interface,0.095,0.66,0.527
2024-08-29T11:01:55.142196,interface,0.254,0.644,0.844
2024-08-29T11:01:55.161306,interface,0.427,0.621,0.892
2024-08-29T11:01:55.181249,interface,0.603,0.615,0.8719999
2024-08-29T11:01:55.202160,interface,0.54,0.658,0.896
2024-08-29T11:01:55.221278,interface,0.479,0.674,0.898
2024-08-29T11:01:55.242204,interface,0.516,0.676,0.967
2024-08-29T11:01:55.264196,interface,0.437,0.683,1.0
2024-08-29T11:01:55.283217,interface,0.542,0.671,0.973
2024-08-29T11:01:55.302228,interface,0.594,0.66,0.934
2024-08-29T11:01:55.320210,interface,0.5809999,0.676,1.0
2024-08-29T11:01:55.341249,interface,0.761,0.605,0.984
2024-08-29T11:01:55.360214,interface,0.485,0.673,1.0
2024-08-29T11:01:55.381268,interface,0.379,0.674,1.0
2024-08-29T11:01:55.400229,interface,0.51,0.693,1.0
2024-08-29T11:01:55.421298,interface,0.781,0.654,0.894
2024-08-29T11:01:55.441217,interface,0.638,0.684,0.952
2024-08-29T11:01:55.458511,interface,0.648,0.66,1.0
2024-08-29T11:01:55.479357,interface,0.674,0.661,1.0
2024-08-29T11:01:55.499306,interface,0.563,0.663,1.0
2024-08-29T11:01:55.520207,interface,0.589,0.7059999,1.0
2024-08-29T11:01:55.539189,interface,0.658,0.675,1.0
2024-08-29T11:01:55.560169,interface,0.529,0.724,0.992
2024-08-29T11:01:55.580191,interface,0.523,0.714,1.0
2024-08-29T11:01:55.601223,interface,0.618,0.709,0.996
2024-08-29T11:01:55.620220,interface,0.541,0.739,0.795
2024-08-29T11:01:55.875216,interface,0.428,0.545,0.051
2024-08-29T11:01:56.193307,interface,0.158,0.677,0.545
2024-08-29T11:01:56.213302,interface,0.035,0.653,0.764
2024-08-29T11:01:56.233271,interface,0.201,0.6690001,0.862
2024-08-29T11:01:56.271187,interface,0.17,0.664,0.783
2024-08-29T11:01:56.294218,interface,0.033,0.686,0.796
2024-08-29T11:01:56.314180,interface,0.027,0.704,0.857
2024-08-29T11:01:56.335173,interface,0.143,0.651,0.793
2024-08-29T11:01:56.354275,interface,0.09700001,0.63,0.916
2024-08-29T11:01:56.372200,interface,0.0,0.625,0.8809999
2024-08-29T11:01:56.392178,interface,0.0,0.657,0.938
2024-08-29T11:01:56.412222,interface,0.174,0.619,0.844
2024-08-29T11:01:56.433239,interface,0.305,0.579,1.0
2024-08-29T11:01:56.452171,interface,0.194,0.638,1.0
2024-08-29T11:01:56.473237,interface,0.356,0.632,1.0
2024-08-29T11:01:56.493274,interface,0.412,0.703,0.973
2024-08-29T11:01:56.514329,interface,0.712,0.596,1.0
2024-08-29T11:01:56.531332,interface,0.561,0.628,1.0
2024-08-29T11:01:56.551216,interface,0.398,0.657,0.992
2024-08-29T11:01:56.571190,interface,0.423,0.639,0.901
2024-08-29T11:01:56.968787,interface,0.612,0.522,0.075
2024-08-29T11:01:56.986203,interface,0.501,0.489,0.115
2024-08-29T11:01:57.066221,interface,0.267,0.531,0.144
2024-08-29T11:01:57.086228,interface,0.207,0.518,0.204
2024-08-29T11:01:57.271068,interface,0.236,0.562,0.8679999
2024-08-29T11:01:57.304236,interface,0.227,0.592,0.973
2024-08-29T11:01:57.323216,interface,0.0,0.629,0.978
2024-08-29T11:01:57.346203,interface,0.034,0.584,0.888
2024-08-29T11:01:57.366218,interface,0.224,0.542,0.773
2024-08-29T11:01:57.383244,interface,0.378,0.505,0.9190001
2024-08-29T11:01:57.404209,interface,0.145,0.576,1.0
2024-08-29T11:01:57.423251,interface,0.024,0.614,0.988
2024-08-29T11:01:57.444334,interface,0.069,0.5809999,1.0
2024-08-29T11:01:57.464195,interface,0.152,0.571,1.0
2024-08-29T11:01:57.485276,interface,0.131,0.572,1.0
2024-08-29T11:01:57.504228,interface,0.176,0.562,1.0
2024-08-29T11:01:57.521324,interface,0.193,0.571,1.0
2024-08-29T11:01:57.762556,interface,0.0,0.41,0.844
2024-08-29T11:01:57.784224,interface,0.151,0.424,0.874
2024-08-29T11:01:57.802296,interface,0.433,0.36,0.938
2024-08-29T11:01:57.822242,interface,0.332,0.366,1.0
2024-08-29T11:01:57.839231,interface,0.342,0.443,0.938
2024-08-29T11:01:57.938204,interface,0.94,0.426,0.338
2024-08-29T11:01:57.959206,interface,0.9049999,0.419,0.143
2024-08-29T11:01:57.978252,interface,0.8349999,0.446,0.256
2024-08-29T11:01:57.999196,interface,0.761,0.472,0.192
2024-08-29T11:01:58.260042,interface,0.386,0.425,1.0
2024-08-29T11:01:58.275451,interface,0.437,0.342,1.0
2024-08-29T11:01:58.298215,interface,0.435,0.314,0.963
2024-08-29T11:01:58.317307,interface,0.357,0.315,0.899
2024-08-29T11:01:58.337307,interface,0.374,0.308,0.862
2024-08-29T11:01:58.357278,interface,0.405,0.306,0.877
2024-08-29T11:01:58.377258,interface,0.343,0.321,0.957
2024-08-29T11:01:58.398182,interface,0.379,0.328,0.957
2024-08-29T11:01:59.507875,interface,0.274,0.378,0.792
2024-08-29T11:02:00.120192,interface,0.319,0.359,0.186
2024-08-29T11:02:00.161269,interface,0.341,0.372,0.141
2024-08-29T11:02:00.259291,interface,0.141,0.363,0.232
2024-08-29T11:02:00.282192,interface,0.181,0.466,0.197
2024-08-29T11:02:00.398316,interface,0.842,0.475,0.792
2024-08-29T11:02:00.577229,interface,0.85,0.522,0.653
2024-08-29T11:02:00.677420,interface,0.88,0.506,0.715
2024-08-29T11:02:00.702307,interface,0.94,0.479,0.685
2024-08-29T11:02:00.717376,interface,0.849,0.496,0.667
2024-08-29T11:02:00.757511,interface,0.861,0.507,0.8809999
2024-08-29T11:02:00.775196,interface,0.987,0.477,0.824
2024-08-29T11:02:01.748770,interface,0.282,0.304,0.848
2024-08-29T11:02:02.521263,interface,0.646,0.329,0.815
2024-08-29T11:02:02.700229,interface,0.478,0.817,0.988
2024-08-29T11:02:02.740197,interface,0.843,0.479,0.865
2024-08-29T11:02:02.778357,interface,0.365,0.678,0.906
2024-08-29T11:02:02.800248,interface,0.643,0.576,0.856
2024-08-29T11:02:03.098214,interface,0.561,0.551,0.876
2024-08-29T11:02:03.119210,interface,0.556,0.597,0.95
2024-08-29T11:02:03.176220,interface,0.488,0.526,0.965
2024-08-29T11:02:03.198251,interface,0.519,0.507,1.0
2024-08-29T11:02:03.217236,interface,0.541,0.568,1.0
2024-08-29T11:02:03.237286,interface,0.61,0.735,0.9440001
2024-08-29T11:02:03.890256,interface,0.103,0.537,0.523
2024-08-29T11:02:03.911237,interface,0.071,0.489,0.515
2024-08-29T11:02:03.930191,interface,0.124,0.473,0.59
2024-08-29T11:02:03.951246,interface,0.085,0.511,0.522
2024-08-29T11:02:04.008187,interface,0.085,0.521,0.488
2024-08-29T11:02:04.030349,interface,0.103,0.516,0.556
2024-08-29T11:02:04.069267,interface,0.116,0.512,0.54
2024-08-29T11:02:04.090238,interface,0.022,0.534,0.475
2024-08-29T11:02:04.168226,interface,0.033,0.516,0.453
2024-08-29T11:02:04.188199,interface,0.0,0.557,0.441
2024-08-29T11:02:04.207204,interface,0.067,0.585,0.484
2024-08-29T11:02:04.943204,interface,0.154,0.736,0.651
2024-08-29T11:02:04.964285,interface,0.034,0.702,0.346
2024-08-29T11:02:04.982193,interface,0.0,0.5440001,0.628
2024-08-29T11:02:05.002266,interface,0.0,0.526,0.422
2024-08-29T11:02:05.022219,interface,0.0,0.436,0.599
2024-08-29T11:02:05.043185,interface,0.0,0.435,0.591
2024-08-29T11:02:05.062288,interface,0.0,0.456,0.632
2024-08-29T11:02:05.080214,interface,0.0,0.49,0.615
2024-08-29T11:02:05.101259,interface,0.0,0.545,0.551
2024-08-29T11:02:05.120244,interface,0.109,0.599,0.417
2024-08-29T11:02:05.159226,interface,0.056,0.611,0.441
2024-08-29T11:02:05.182215,interface,0.099,0.682,0.48
2024-08-29T11:02:05.278236,interface,1.0,0.212,0.582
2024-08-29T11:02:05.302238,interface,0.912,0.218,0.505
2024-08-29T11:02:05.417321,interface,0.0,0.511,0.396
2024-08-29T11:02:05.440379,interface,0.054,0.436,0.592
2024-08-29T11:02:05.476303,interface,0.015,0.43,0.44
2024-08-29T11:02:05.499298,interface,0.0,0.446,0.375
2024-08-29T11:02:05.519309,interface,0.0,0.424,0.508
2024-08-29T11:02:05.536312,interface,0.0,0.43,0.472
2024-08-29T11:02:05.557345,interface,0.0,0.477,0.414
2024-08-29T11:02:05.577368,interface,0.0,0.543,0.383
2024-08-29T11:02:05.834295,interface,0.49,0.14,0.695
2024-08-29T11:02:05.856334,interface,0.51,0.089,0.743
2024-08-29T11:02:05.875478,interface,0.501,0.07,0.699
2024-08-29T11:02:05.895334,interface,0.524,0.029,0.618
2024-08-29T11:02:05.916357,interface,0.506,0.049,0.625
2024-08-29T11:02:05.935190,interface,0.596,0.032,0.59
2024-08-29T11:02:05.956190,interface,0.507,0.089,0.634
2024-08-29T11:02:06.349270,interface,0.498,0.114,0.521
2024-08-29T11:02:06.371235,interface,0.514,0.032,0.488
2024-08-29T11:02:06.389231,interface,0.405,0.0,0.572
2024-08-29T11:02:06.412201,interface,0.371,0.0,0.604
2024-08-29T11:02:06.432200,interface,0.456,0.0,0.596
2024-08-29T11:02:06.449287,interface,0.504,0.012,0.641
2024-08-29T11:02:06.470218,interface,0.465,0.095,0.607
2024-08-29T11:02:06.649975,interface,0.59,0.46,0.079
2024-08-29T11:02:06.707288,interface,0.522,0.22,0.814
2024-08-29T11:02:06.727202,interface,0.295,0.198,0.808
2024-08-29T11:02:06.748195,interface,0.203,0.156,0.801
2024-08-29T11:02:06.767286,interface,0.202,0.112,0.792
2024-08-29T11:02:06.788200,interface,0.271,0.143,0.75
2024-08-29T11:02:07.025412,interface,0.647,0.646,0.9
2024-08-29T11:02:07.047209,interface,0.576,0.6690001,1.0
2024-08-29T11:02:07.065253,interface,0.613,0.63,1.0
2024-08-29T11:02:07.085231,interface,0.59,0.645,1.0
2024-08-29T11:02:07.106213,interface,0.621,0.5809999,1.0
2024-08-29T11:02:07.125249,interface,0.645,0.604,1.0
2024-08-29T11:02:07.146203,interface,0.615,0.643,1.0
2024-08-29T11:02:07.166213,interface,0.61,0.632,1.0
2024-08-29T11:02:07.183195,interface,0.53,0.628,0.981
2024-08-29T11:02:07.204248,interface,0.529,0.71,1.0
2024-08-29T11:02:07.223316,interface,0.618,0.786,1.0
2024-08-29T11:02:07.262229,interface,0.505,0.699,0.023
2024-08-29T11:02:07.601785,interface,0.508,0.662,0.999
2024-08-29T11:02:07.619211,interface,0.574,0.619,1.0
2024-08-29T11:02:07.641247,interface,0.62,0.589,1.0
2024-08-29T11:02:07.661267,interface,0.582,0.571,0.936
2024-08-29T11:02:07.699184,interface,0.529,0.563,0.92
2024-08-29T11:02:07.718241,interface,0.593,0.543,0.92
2024-08-29T11:02:07.741259,interface,0.459,0.554,0.88
2024-08-29T11:02:07.761220,interface,0.559,0.56,0.987
2024-08-29T11:02:07.779233,interface,0.541,0.536,0.9940001
2024-08-29T11:02:07.819218,interface,0.54,0.439,0.893
2024-08-29T11:02:07.840192,interface,0.466,0.534,0.962
2024-08-29T11:02:07.859239,interface,0.578,0.562,0.917
2024-08-29T11:02:09.186244,interface,0.529,0.481,0.918
2024-08-29T11:02:09.227232,interface,0.524,0.546,0.902
2024-08-29T11:02:09.246223,interface,0.548,0.525,0.892
2024-08-29T11:02:11.152287,interface,0.11,0.445,0.483
2024-08-29T11:02:15.858039,interface,0.099,0.467,0.528
2024-08-29T11:02:15.876292,interface,0.108,0.468,0.498
2024-08-29T11:02:17.226392,interface,0.478,0.474,0.9150001
2024-08-29T11:02:17.244216,interface,0.499,0.478,0.893
2024-08-29T11:02:44.401456,interface,0.319,0.475,0.846
2024-08-29T11:02:44.659230,interface,0.168,0.326,0.795
2024-08-29T11:02:44.681236,interface,0.237,0.312,0.809
2024-08-29T11:02:44.700176,interface,0.362,0.3,0.81
2024-08-29T11:02:44.718225,interface,0.407,0.294,0.823
2024-08-29T11:02:45.115244,interface,0.247,0.66,0.755
2024-08-29T11:02:45.137262,interface,0.018,0.723,0.67
2024-08-29T11:02:45.157251,interface,0.0,0.777,0.483
2024-08-29T11:02:45.174240,interface,0.086,0.662,0.341
2024-08-29T11:02:45.195246,interface,0.186,0.646,0.328
2024-08-29T11:02:45.215248,interface,0.06,0.668,0.457
2024-08-29T11:02:45.235231,interface,0.0,0.756,0.38
2024-08-29T11:02:45.255232,interface,0.0,0.783,0.351
2024-08-29T11:02:45.276190,interface,0.147,0.72,0.471
2024-08-29T11:02:45.296210,interface,0.119,0.697,0.553
2024-08-29T11:02:45.313308,interface,0.035,0.702,0.505
2024-08-29T11:02:45.372190,interface,0.15,0.499,0.654
2024-08-29T11:02:45.395187,interface,0.039,0.517,0.689
2024-08-29T11:02:45.415209,interface,0.14,0.538,0.657
2024-08-29T11:02:45.491292,interface,0.241,0.348,0.807
2024-08-29T11:02:46.306347,interface,0.371,0.25,0.762
2024-08-29T11:02:46.663210,interface,0.8679999,0.698,0.818
2024-08-29T11:02:46.684198,interface,0.8809999,0.686,0.737
2024-08-29T11:02:46.704192,interface,0.827,0.694,0.714
2024-08-29T11:02:46.786174,interface,0.8,0.619,0.93
2024-08-29T11:02:46.803194,interface,0.73,0.539,0.9700001
2024-08-29T11:02:46.860233,interface,0.714,0.608,0.791
2024-08-29T11:02:46.882224,interface,0.659,0.612,0.982
2024-08-29T11:02:46.901220,interface,0.676,0.562,1.0
2024-08-29T11:02:46.920218,interface,0.589,0.568,1.0
2024-08-29T11:02:46.959204,interface,0.63,0.575,0.909
2024-08-29T11:02:46.982234,interface,0.632,0.568,1.0
2024-08-29T11:02:47.001236,interface,0.638,0.56,1.0
2024-08-29T11:02:47.022205,interface,0.664,0.569,1.0
2024-08-29T11:02:47.042197,interface,0.516,0.591,1.0
2024-08-29T11:02:47.060197,interface,0.505,0.569,0.9639999
2024-08-29T11:02:47.080203,interface,0.486,0.53,0.971
2024-08-29T11:02:47.100180,interface,0.431,0.543,0.926
2024-08-29T11:02:47.121248,interface,0.429,0.557,0.93
2024-08-29T11:02:47.143212,interface,0.439,0.589,0.871
2024-08-29T11:02:48.171341,interface,0.251,0.758,0.363
2024-08-29T11:02:48.189282,interface,0.141,0.743,0.319
2024-08-29T11:02:48.214152,interface,0.188,0.693,0.356
2024-08-29T11:02:48.231236,interface,0.134,0.652,0.354
2024-08-29T11:02:48.250204,interface,0.016,0.639,0.473
2024-08-29T11:02:48.271226,interface,0.111,0.69,0.482
2024-08-29T11:02:48.389330,interface,0.071,0.605,0.457
2024-08-29T11:02:48.410231,interface,0.095,0.607,0.54
2024-08-29T11:02:48.430202,interface,0.124,0.612,0.604
2024-08-29T11:02:48.508210,interface,0.074,0.464,0.489
2024-08-29T11:02:48.530230,interface,0.035,0.501,0.482
2024-08-29T11:02:48.549236,interface,0.152,0.426,0.764
2024-08-29T11:02:48.627310,interface,0.12,0.389,0.614
2024-08-29T11:02:48.647215,interface,0.018,0.359,0.697
2024-08-29T11:02:48.667198,interface,0.092,0.338,0.772
2024-08-29T11:02:48.766216,interface,0.202,0.278,0.731
2024-08-29T11:02:48.786240,interface,0.203,0.348,0.692
2024-08-29T11:02:50.155504,interface,0.789,0.568,0.957
2024-08-29T11:02:50.177275,interface,0.786,0.555,0.821
2024-08-29T11:02:50.213262,interface,0.818,0.551,0.857
2024-08-29T11:02:50.236254,interface,0.833,0.528,0.876
2024-08-29T11:02:50.256234,interface,0.73,0.545,0.865
2024-08-29T11:02:50.273244,interface,0.773,0.569,0.754
2024-08-29T11:02:50.294234,interface,0.779,0.559,0.876
2024-08-29T11:02:50.314213,interface,0.755,0.582,0.8360001
2024-08-29T11:02:50.335236,interface,0.856,0.577,0.92
2024-08-29T11:02:50.354256,interface,0.906,0.59,0.975
2024-08-29T11:02:50.376175,interface,0.8719999,0.61,0.947
2024-08-29T11:02:50.395197,interface,0.754,0.578,0.796
2024-08-29T11:02:50.412203,interface,0.814,0.536,0.927
2024-08-29T11:02:50.433234,interface,0.801,0.532,0.926
2024-08-29T11:02:50.453232,interface,0.856,0.529,0.817
2024-08-29T11:02:50.473243,interface,0.827,0.484,0.818
2024-08-29T11:02:50.493243,interface,0.783,0.466,0.94
2024-08-29T11:02:51.706340,interface,0.412,0.726,0.161
2024-08-29T11:02:51.780302,interface,0.108,0.632,0.466
2024-08-29T11:02:51.803264,interface,0.018,0.647,0.419
2024-08-29T11:02:51.822209,interface,0.139,0.626,0.449
2024-08-29T11:02:51.900224,interface,0.04,0.693,0.329
2024-08-29T11:02:51.923198,interface,0.048,0.64,0.464
2024-08-29T11:02:51.999200,interface,0.101,0.522,0.472
2024-08-29T11:02:52.080199,interface,0.0,0.546,0.506
2024-08-29T11:02:52.102225,interface,0.0,0.541,0.523
2024-08-29T11:02:52.120158,interface,0.0,0.536,0.521
2024-08-29T11:02:52.140210,interface,0.101,0.511,0.645
2024-08-29T11:02:52.161235,interface,0.151,0.465,0.634
2024-08-29T11:02:52.181225,interface,0.027,0.495,0.535
2024-08-29T11:02:52.198190,interface,0.0,0.523,0.527
2024-08-29T11:02:52.277282,interface,0.141,0.393,0.666
2024-08-29T11:02:52.300225,interface,0.056,0.426,0.585
2024-08-29T11:02:53.815658,interface,0.508,0.521,0.9309999
2024-08-29T11:02:53.825243,interface,0.505,0.533,0.955
2024-08-29T11:02:53.848189,interface,0.559,0.521,0.998
2024-08-29T11:02:53.867202,interface,0.443,0.534,0.922
2024-08-29T11:02:53.905285,interface,0.454,0.481,0.897
2024-08-29T11:02:55.314481,interface,0.509,0.502,0.106
2024-08-29T11:02:55.374229,interface,0.441,0.485,0.123
2024-08-29T11:02:55.434214,interface,0.542,0.53,0.053
2024-08-29T11:02:55.455200,interface,0.575,0.567,0.114
2024-08-29T11:02:55.473273,interface,0.529,0.541,0.1
2024-08-29T11:02:55.493356,interface,0.405,0.5809999,0.108
2024-08-29T11:02:59.644857,interface,0.294,0.26,0.743
2024-08-29T11:03:01.604198,interface,0.661,0.34,0.9110001
2024-08-29T11:03:01.625283,interface,0.621,0.349,0.854
2024-08-29T11:03:02.258215,interface,0.582,0.368,0.858
2024-08-29T11:03:02.277247,interface,0.603,0.365,0.854
2024-08-29T11:03:03.034183,interface,0.129,0.603,0.568
2024-08-29T11:03:03.091193,interface,0.0,0.522,0.616
2024-08-29T11:03:03.110221,interface,0.0,0.554,0.399
2024-08-29T11:03:03.170322,interface,0.083,0.558,0.553
2024-08-29T11:03:03.190709,interface,0.101,0.54,0.566
2024-08-29T11:03:03.213229,interface,0.12,0.557,0.56
2024-08-29T11:03:03.648378,interface,0.127,0.495,0.547
2024-08-29T11:03:03.669243,interface,0.076,0.496,0.653
2024-08-29T11:03:03.688220,interface,0.029,0.552,0.631
2024-08-29T11:03:03.708200,interface,0.158,0.688,0.416
2024-08-29T11:03:03.827234,interface,0.057,0.491,0.466
2024-08-29T11:03:03.848280,interface,0.184,0.53,0.158
2024-08-29T11:03:03.884212,interface,0.58,0.248,0.788
2024-08-29T11:03:03.910173,interface,0.292,0.235,0.719
2024-08-29T11:03:03.925220,interface,0.228,0.252,0.614
2024-08-29T11:03:03.964188,interface,0.16,0.29,0.409
2024-08-29T11:03:04.618188,interface,0.832,0.399,0.692
2024-08-29T11:03:04.739690,interface,0.8349999,0.399,0.709
2024-08-29T11:03:04.837282,interface,0.863,0.43,0.644
2024-08-29T11:03:04.859212,interface,0.95,0.435,0.646
2024-08-29T11:03:04.916243,interface,0.932,0.364,0.511
2024-08-29T11:03:04.937237,interface,0.989,0.418,0.613
2024-08-29T11:03:05.511197,interface,0.599,0.538,0.98
2024-08-29T11:03:05.532220,interface,0.518,0.527,1.0
2024-08-29T11:03:05.552194,interface,0.44,0.509,1.0
2024-08-29T11:03:05.573262,interface,0.592,0.465,0.871
2024-08-29T11:03:06.405348,interface,0.309,0.127,0.754
2024-08-29T11:03:06.423195,interface,0.003,0.218,0.887
2024-08-29T11:03:06.446247,interface,0.203,0.271,0.764
2024-08-29T11:03:07.556485,interface,0.502,0.429,0.9190001
2024-08-29T11:03:07.635204,interface,0.509,0.367,0.89
2024-08-29T11:03:07.654200,interface,0.488,0.373,0.874
2024-08-29T11:03:22.298363,interface,0.493,0.336,0.841
2024-08-29T11:03:22.320234,interface,0.45,0.351,0.933
2024-08-29T11:03:22.340209,interface,0.366,0.377,0.946
2024-08-29T11:03:33.270210,interface,0.028,0.438,0.519
2024-08-29T11:03:33.291201,interface,0.01,0.467,0.555
2024-08-29T11:03:33.312214,interface,0.155,0.47,0.726
2024-08-29T11:03:33.369522,interface,0.173,0.467,0.697
2024-08-29T11:03:34.164268,interface,0.463,0.746,0.81
2024-08-29T11:03:34.500281,interface,0.841,0.673,0.498
2024-08-29T11:03:34.520192,interface,0.893,0.641,0.534
2024-08-29T11:03:34.543270,interface,0.824,0.637,0.659
2024-08-29T11:03:35.157531,interface,0.585,0.726,0.95
2024-08-29T11:03:35.177246,interface,0.514,0.851,0.981
2024-08-29T11:03:35.196230,interface,0.494,0.903,0.885
2024-08-29T11:03:35.216243,interface,0.552,0.974,0.9049999
2024-08-29T11:03:35.237259,interface,0.633,0.999,0.834
2024-08-29T11:03:35.256177,interface,0.74,1.0,0.744
2024-08-29T11:03:35.274199,interface,0.802,0.917,0.636
2024-08-29T11:03:35.333254,interface,0.468,0.644,0.89
2024-08-29T11:03:35.434211,interface,0.46,0.285,0.967
2024-08-29T11:03:35.453558,interface,0.445,0.395,0.904
2024-08-29T11:03:36.643992,interface,0.261,0.566,0.2
2024-08-29T11:03:36.704311,interface,0.392,0.563,0.145
2024-08-29T11:03:36.723330,interface,0.397,0.5440001,0.012
2024-08-29T11:03:37.278678,interface,0.427,0.587,0.079
2024-08-29T11:03:37.299216,interface,0.463,0.647,0.103
2024-08-29T11:03:37.318221,interface,0.573,0.6690001,0.0
2024-08-29T11:03:37.340222,interface,0.626,0.712,0.0
2024-08-29T11:03:37.539102,interface,0.513,0.246,0.807
2024-08-29T11:03:37.565423,interface,0.317,0.264,0.826
2024-08-29T11:03:37.837459,interface,0.476,0.275,0.854
2024-08-29T11:03:37.855208,interface,0.5440001,0.241,0.953
2024-08-29T11:03:37.876214,interface,0.463,0.398,1.0
2024-08-29T11:03:37.953292,interface,0.166,0.468,0.76
2024-08-29T11:03:39.646484,interface,0.139,0.556,0.386
2024-08-29T11:03:39.662243,interface,0.112,0.592,0.249
2024-08-29T11:03:40.237937,interface,0.303,0.5440001,0.142
2024-08-29T11:03:41.704807,interface,0.591,0.651,0.166
2024-08-29T11:03:41.730308,interface,0.471,0.64,0.004
2024-08-29T11:03:41.803300,interface,0.541,0.689,0.029
2024-08-29T11:03:41.825307,interface,0.31,0.691,0.148
2024-08-29T11:03:42.758690,interface,0.494,0.704,0.177
2024-08-29T11:03:43.709271,interface,0.518,0.707,0.105
2024-08-29T11:03:44.224202,interface,0.439,0.7,0.162
2024-08-29T11:03:45.000233,interface,0.611,0.639,0.122
2024-08-29T11:03:45.020227,interface,0.406,0.659,0.163
2024-08-29T11:03:45.097299,interface,0.496,0.678,0.132
2024-08-29T11:03:45.156235,interface,0.491,0.677,0.165
2024-08-29T11:03:47.340484,interface,0.131,0.538,0.29
2024-08-29T11:03:47.677296,interface,0.162,0.478,0.312
2024-08-29T11:04:28.810273,interface,0.414,0.529,0.123
2024-08-29T11:04:31.249320,interface,0.677,0.635,0.0
2024-08-29T11:04:31.274148,interface,0.712,0.591,0.0
2024-08-29T11:04:31.291214,interface,0.536,0.657,0.0
2024-08-29T11:04:31.310242,interface,0.551,0.69,0.107
2024-08-29T11:04:31.334209,interface,0.679,0.644,0.183
2024-08-29T11:04:32.302281,interface,0.584,0.396,0.095
2024-08-29T11:04:32.699304,interface,0.536,0.515,0.08200001
2024-08-29T11:04:33.472278,interface,0.338,0.548,0.0
2024-08-29T11:04:33.551195,interface,0.591,0.546,0.127
2024-08-29T11:04:34.999278,interface,0.591,0.479,0.113
2024-08-29T11:04:35.021317,interface,0.593,0.463,0.086
2024-08-29T11:04:35.042205,interface,0.584,0.509,0.019
2024-08-29T11:04:35.062197,interface,0.62,0.481,0.09799999
2024-08-29T11:04:40.360551,interface,0.261,0.358,0.209
2024-08-29T11:04:40.598537,interface,0.468,0.421,0.073
2024-08-29T11:04:55.673354,interface,0.202,0.442,0.269
2024-08-29T11:04:55.831258,interface,0.144,0.511,0.372
2024-08-29T11:04:56.148288,interface,0.254,0.443,0.143
2024-08-29T11:04:56.172251,interface,0.225,0.457,0.229
2024-08-29T11:05:15.712311,interface,0.436,0.548,0.126
2024-08-29T11:05:15.812236,interface,0.251,0.534,0.121
2024-08-29T11:05:15.832200,interface,0.285,0.564,0.07
2024-08-29T11:05:15.852237,interface,0.476,0.58,0.092
2024-08-29T11:05:17.954300,interface,0.419,0.54,0.085
2024-08-29T11:05:17.995243,interface,0.139,0.43,0.297
2024-08-29T11:05:18.926267,interface,0.22,0.452,0.253
2024-08-29T11:05:19.186266,interface,0.433,0.427,0.132
2024-08-29T11:05:21.446293,interface,0.415,0.549,0.134
2024-08-29T11:05:22.141328,interface,0.521,0.453,0.101
2024-08-29T11:05:22.279199,interface,0.45,0.479,0.123
2024-08-29T11:05:22.360215,interface,0.399,0.512,0.116
2024-08-29T11:05:26.728926,interface,0.394,0.472,0.139
2024-08-29T11:05:27.379300,interface,0.578,0.464,0.124
2024-08-29T11:05:28.232285,interface,0.528,0.477,0.101
2024-08-29T11:05:28.255201,interface,0.641,0.45,0.0
2024-08-29T11:05:29.423261,interface,0.486,0.376,0.8780001
2024-08-29T11:05:29.442242,interface,0.64,0.391,0.927
2024-08-29T11:05:29.680241,interface,0.36,0.438,0.099
2024-08-29T11:05:29.703200,interface,0.432,0.46,0.006
2024-08-29T11:05:29.778292,interface,0.404,0.452,0.099
2024-08-29T11:05:30.552365,interface,0.517,0.464,0.0
2024-08-29T11:05:30.575251,interface,0.512,0.5440001,0.01
2024-08-29T11:05:30.854161,interface,0.325,0.451,0.843
2024-08-29T11:05:30.873250,interface,0.34,0.453,0.854
2024-08-29T11:05:31.089313,interface,0.312,0.442,0.841
2024-08-29T11:05:31.109296,interface,0.316,0.453,0.8360001
2024-08-29T11:05:31.803268,interface,0.513,0.482,0.09700001
2024-08-29T11:05:31.825260,interface,0.562,0.491,0.021
2024-08-29T11:05:31.844237,interface,0.62,0.528,0.024
2024-08-29T11:05:32.299284,interface,0.344,0.453,0.908
2024-08-29T11:05:33.232371,interface,0.462,0.519,0.111
2024-08-29T11:05:33.530225,interface,0.317,0.441,0.8450001
2024-08-29T11:05:33.570208,interface,0.304,0.456,0.817
2024-08-29T11:05:33.669323,interface,0.34,0.429,0.861
2024-08-29T11:05:33.689267,interface,0.35,0.439,0.8690001
2024-08-29T11:05:33.808238,interface,0.189,0.546,0.078
2024-08-29T11:05:33.828229,interface,0.123,0.528,0.168
2024-08-29T11:05:33.906215,interface,0.38,0.52,0.126
2024-08-29T11:05:33.987225,interface,0.45,0.521,0.12
2024-08-29T11:05:34.719296,interface,0.306,0.53,0.174
2024-08-29T11:05:35.077275,interface,0.375,0.516,0.083
2024-08-29T11:05:35.355301,interface,0.449,0.484,0.102
2024-08-29T11:05:36.267369,interface,0.218,0.352,0.25
2024-08-29T11:05:36.346325,interface,0.333,0.415,0.124
2024-08-29T11:05:36.369295,interface,0.306,0.417,0.118
2024-08-29T11:05:36.903241,interface,0.268,0.396,0.0
2024-08-29T11:05:39.026289,interface,0.352,0.557,0.0
2024-08-29T11:05:39.620337,interface,0.314,0.583,0.169
2024-08-29T11:05:40.890395,interface,0.538,0.846,0.161
2024-08-29T11:05:40.912197,interface,0.301,0.644,0.13
2024-08-29T11:05:43.569319,interface,0.461,0.596,0.139
2024-08-29T11:05:43.594161,interface,0.422,0.678,0.103
2024-08-29T11:05:43.708187,interface,0.646,0.174,0.382
2024-08-29T11:05:44.028465,interface,0.476,0.397,0.011
2024-08-29T11:05:44.303213,interface,0.565,0.371,0.0
2024-08-29T11:05:45.951930,interface,0.62,0.679,0.011
2024-08-29T11:05:45.972212,interface,0.588,0.664,0.0
2024-08-29T11:05:45.991203,interface,0.576,0.613,0.03
2024-08-29T11:05:46.050212,interface,0.399,0.411,0.09700001
2024-08-29T11:05:46.167211,interface,0.799,0.745,0.24
2024-08-29T11:05:46.189271,interface,0.711,0.7940001,0.187
2024-08-29T11:05:46.208203,interface,0.659,0.758,0.137
2024-08-29T11:05:46.228175,interface,0.657,0.734,0.0
2024-08-29T11:05:46.248197,interface,0.678,0.743,0.0
2024-08-29T11:05:46.270230,interface,0.7059999,0.717,0.065
2024-08-29T11:05:46.465891,interface,0.8,0.66,0.165
2024-08-29T11:05:46.487220,interface,0.746,0.673,0.228
2024-08-29T11:05:46.505337,interface,0.689,0.671,0.199
2024-08-29T11:05:46.564209,interface,0.681,0.603,0.176
2024-08-29T11:05:52.872251,interface,0.452,0.479,0.117
2024-08-29T11:05:57.950296,interface,0.543,0.282,0.177
2024-08-29T11:05:58.210300,interface,0.556,0.195,0.231
2024-08-29T11:05:58.585284,interface,0.621,0.271,0.0
2024-08-29T11:05:58.666233,interface,0.778,0.212,0.373
2024-08-29T11:05:58.784200,interface,0.515,0.348,0.08
2024-08-29T11:05:59.359310,interface,0.212,0.327,0.248
2024-08-29T11:06:00.490305,interface,0.111,0.408,0.315
2024-08-29T11:06:00.570246,interface,0.111,0.407,0.241
2024-08-29T11:06:00.591199,interface,0.084,0.405,0.247
2024-08-29T11:06:00.611199,interface,0.073,0.411,0.266
2024-08-29T11:06:00.632202,interface,0.134,0.376,0.268
2024-08-29T11:06:00.651237,interface,0.112,0.382,0.264
2024-08-29T11:06:00.669274,interface,0.05,0.404,0.27
2024-08-29T11:06:00.689227,interface,0.09,0.401,0.297
2024-08-29T11:06:00.709235,interface,0.179,0.374,0.352
2024-08-29T11:06:00.747245,interface,0.13,0.378,0.38
2024-08-29T11:06:00.770202,interface,0.157,0.4,0.327
2024-08-29T11:06:01.284908,interface,0.196,0.299,0.305
2024-08-29T11:06:01.306752,interface,0.248,0.28,0.279
2024-08-29T11:06:01.366764,interface,0.207,0.284,0.405
2024-08-29T11:06:02.801676,interface,0.676,0.251,0.262
2024-08-29T11:06:03.029325,interface,0.085,0.575,0.393
2024-08-29T11:06:03.052232,interface,0.063,0.586,0.455
2024-08-29T11:06:03.071191,interface,0.087,0.576,0.505
2024-08-29T11:06:03.090254,interface,0.124,0.564,0.528
2024-08-29T11:06:03.111252,interface,0.122,0.568,0.527
2024-08-29T11:06:03.131198,interface,0.114,0.566,0.528
2024-08-29T11:06:03.152212,interface,0.019,0.606,0.59
2024-08-29T11:06:03.171216,interface,0.108,0.58,0.661
2024-08-29T11:06:03.706709,interface,0.604,0.249,0.764
2024-08-29T11:06:03.884223,interface,0.574,0.206,0.265
2024-08-29T11:06:03.903243,interface,0.547,0.198,0.25
2024-08-29T11:06:03.962234,interface,0.552,0.194,0.288
2024-08-29T11:06:03.985256,interface,0.362,0.263,0.189
2024-08-29T11:06:04.004191,interface,0.309,0.305,0.162
2024-08-29T11:06:04.081324,interface,0.181,0.385,0.321
2024-08-29T11:06:04.121237,interface,0.138,0.408,0.351
2024-08-29T11:06:04.141256,interface,0.09099999,0.459,0.437
2024-08-29T11:06:04.164230,interface,0.04,0.475,0.611
2024-08-29T11:06:04.181289,interface,0.003,0.498,0.502
2024-08-29T11:06:04.200286,interface,0.013,0.48,0.551
2024-08-29T11:06:04.222196,interface,0.087,0.464,0.497
2024-08-29T11:06:04.260187,interface,0.16,0.493,0.66
2024-08-29T11:06:04.518226,interface,0.745,0.445,0.786
2024-08-29T11:06:04.557245,interface,0.76,0.376,0.844
2024-08-29T11:06:04.580250,interface,0.77,0.345,0.949
2024-08-29T11:06:04.599220,interface,0.785,0.303,0.848
2024-08-29T11:06:04.617271,interface,0.808,0.314,0.816
2024-08-29T11:06:04.638203,interface,0.8360001,0.377,0.765
2024-08-29T11:06:04.736199,interface,0.802,0.295,0.179
2024-08-29T11:06:04.755207,interface,0.77,0.223,0.149
2024-08-29T11:06:04.776194,interface,0.397,0.402,0.0
2024-08-29T11:06:04.796192,interface,0.214,0.406,0.0
2024-08-29T11:06:04.817292,interface,0.005,0.482,0.019
2024-08-29T11:06:04.836198,interface,0.005,0.455,0.078
2024-08-29T11:06:04.858237,interface,0.09099999,0.445,0.09799999
2024-08-29T11:06:04.877249,interface,0.09099999,0.208,0.139
2024-08-29T11:06:04.898211,interface,0.052,0.491,0.208
2024-08-29T11:06:04.917290,interface,0.11,0.521,0.329
2024-08-29T11:06:05.034188,interface,0.319,0.577,0.846
2024-08-29T11:06:05.054199,interface,0.373,0.549,0.871
2024-08-29T11:06:05.073240,interface,0.319,0.61,0.828
2024-08-29T11:06:05.094219,interface,0.282,0.618,0.908
2024-08-29T11:06:05.114194,interface,0.416,0.619,1.0
2024-08-29T11:06:05.134215,interface,0.7,0.596,1.0
2024-08-29T11:06:05.154196,interface,0.924,0.5,1.0
2024-08-29T11:06:05.175212,interface,0.958,0.442,1.0
2024-08-29T11:06:05.195220,interface,0.786,0.417,0.888
2024-08-29T11:06:05.232233,interface,0.898,0.338,0.591
2024-08-29T11:06:05.255251,interface,0.884,0.316,0.333
2024-08-29T11:06:05.273248,interface,0.765,0.344,0.038
2024-08-29T11:06:05.293244,interface,0.569,0.426,0.0
2024-08-29T11:06:05.314207,interface,0.389,0.482,0.0
2024-08-29T11:06:05.333263,interface,0.283,0.527,0.0
2024-08-29T11:06:05.351178,interface,0.149,0.59,0.0
2024-08-29T11:06:05.375192,interface,0.136,0.632,0.0
2024-08-29T11:06:05.434339,interface,0.188,0.596,0.785
2024-08-29T11:06:05.452194,interface,0.2,0.576,0.814
2024-08-29T11:06:05.472210,interface,0.241,0.559,0.849
2024-08-29T11:06:05.493263,interface,0.334,0.532,0.928
2024-08-29T11:06:05.512296,interface,0.42,0.508,0.957
2024-08-29T11:06:05.530216,interface,0.562,0.514,0.955
2024-08-29T11:06:05.551214,interface,0.846,0.449,0.918
2024-08-29T11:06:05.570280,interface,1.0,0.406,0.857
2024-08-29T11:06:05.591198,interface,1.0,0.293,0.789
2024-08-29T11:06:05.611208,interface,1.0,0.269,0.714
2024-08-29T11:06:05.669252,interface,0.444,0.382,0.009
2024-08-29T11:06:05.689308,interface,0.274,0.377,0.0
2024-08-29T11:06:05.709232,interface,0.143,0.382,0.0
2024-08-29T11:06:05.730219,interface,0.104,0.392,0.075
2024-08-29T11:06:05.750239,interface,0.111,0.416,0.248
2024-08-29T11:06:05.770202,interface,0.14,0.432,0.407
2024-08-29T11:06:05.867350,interface,0.464,0.452,0.875
2024-08-29T11:06:05.886208,interface,0.556,0.424,0.908
2024-08-29T11:06:05.909297,interface,0.599,0.434,0.932
2024-08-29T11:06:05.929264,interface,0.682,0.429,0.969
2024-08-29T11:06:05.946200,interface,0.844,0.368,0.898
2024-08-29T11:06:05.968195,interface,0.9639999,0.35,0.752
2024-08-29T11:06:05.987226,interface,0.9599999,0.31,0.55
2024-08-29T11:06:06.008206,interface,0.858,0.288,0.314
2024-08-29T11:06:06.028242,interface,0.691,0.301,0.06400001
2024-08-29T11:06:06.048180,interface,0.477,0.359,0.0
2024-08-29T11:06:06.067197,interface,0.208,0.4,0.0
2024-08-29T11:06:06.085286,interface,0.058,0.424,0.0
2024-08-29T11:06:06.106188,interface,0.002,0.473,0.236
2024-08-29T11:06:06.125304,interface,0.0,0.483,0.575
2024-08-29T11:06:06.146231,interface,0.09,0.462,0.776
2024-08-29T11:06:06.166211,interface,0.255,0.449,0.87
2024-08-29T11:06:06.224205,interface,0.828,0.309,0.651
2024-08-29T11:06:06.245262,interface,0.923,0.242,0.542
2024-08-29T11:06:06.264245,interface,0.857,0.202,0.423
2024-08-29T11:06:07.138735,interface,0.691,0.4,0.15
2024-08-29T11:06:07.158695,interface,0.687,0.394,0.129
2024-08-29T11:06:07.175722,interface,0.695,0.39,0.178
2024-08-29T11:06:07.198722,interface,0.707,0.38,0.169
2024-08-29T11:06:07.220275,interface,0.678,0.399,0.099
2024-08-29T11:06:07.534568,interface,0.639,0.385,0.151
2024-08-29T11:06:07.555214,interface,0.634,0.373,0.075
2024-08-29T11:06:07.574217,interface,0.674,0.375,0.013
2024-08-29T11:06:07.594219,interface,0.681,0.371,0.013
2024-08-29T11:06:07.615230,interface,0.634,0.405,0.086
2024-08-29T11:06:07.634239,interface,0.643,0.403,0.115
2024-08-29T11:06:08.208217,interface,0.379,0.321,0.129
2024-08-29T11:06:08.227208,interface,0.297,0.411,0.158
2024-08-29T11:06:08.288212,interface,0.162,0.549,0.696
2024-08-29T11:06:08.309241,interface,0.06400001,0.523,0.783
2024-08-29T11:06:08.328196,interface,0.056,0.593,0.864
2024-08-29T11:06:08.349290,interface,0.113,0.579,0.95
2024-08-29T11:06:08.368193,interface,0.286,0.531,1.0
2024-08-29T11:06:08.389251,interface,0.397,0.515,0.98
2024-08-29T11:06:08.409264,interface,0.479,0.485,0.975
2024-08-29T11:06:08.426265,interface,0.599,0.479,0.996
2024-08-29T11:06:08.447198,interface,0.728,0.501,1.0
2024-08-29T11:06:08.467228,interface,0.785,0.461,0.981
2024-08-29T11:06:08.487264,interface,0.899,0.428,0.792
2024-08-29T11:06:08.508197,interface,0.9049999,0.353,0.401
2024-08-29T11:06:08.530388,interface,0.814,0.424,0.085
2024-08-29T11:06:08.550384,interface,0.552,0.453,0.0
2024-08-29T11:06:08.565349,interface,0.291,0.482,0.0
2024-08-29T11:06:08.586225,interface,0.141,0.491,0.0
2024-08-29T11:06:08.605226,interface,0.09,0.487,0.026
2024-08-29T11:06:08.625268,interface,0.039,0.49,0.245
2024-08-29T11:06:08.644222,interface,0.028,0.484,0.479
2024-08-29T11:06:08.667193,interface,0.128,0.448,0.663
2024-08-29T11:06:08.686183,interface,0.328,0.386,0.83
2024-08-29T11:06:08.704202,interface,0.456,0.351,0.896
2024-08-29T11:06:08.725252,interface,0.548,0.316,0.827
2024-08-29T11:06:08.764188,interface,0.748,0.308,0.774
2024-08-29T11:06:08.782215,interface,0.814,0.282,0.774
2024-08-29T11:06:08.805219,interface,0.81,0.29,0.668
2024-08-29T11:06:08.863213,interface,0.321,0.317,0.115
2024-08-29T11:06:08.885218,interface,0.154,0.307,0.008
2024-08-29T11:06:08.904195,interface,0.189,0.294,0.026
2024-08-29T11:06:09.022188,interface,0.217,0.283,0.358
2024-08-29T11:06:09.638391,interface,0.861,0.233,0.524
2024-08-29T11:06:09.659255,interface,0.865,0.239,0.506
2024-08-29T11:06:10.094256,interface,0.13,0.459,0.632
2024-08-29T11:06:10.112193,interface,0.145,0.422,0.598
2024-08-29T11:06:10.985244,interface,0.211,0.484,0.751
2024-08-29T11:06:11.005497,interface,0.174,0.5,0.785
2024-08-29T11:06:11.025239,interface,0.19,0.486,0.807
2024-08-29T11:06:11.045300,interface,0.225,0.477,0.757
2024-08-29T11:06:11.385206,interface,0.263,0.509,0.117
2024-08-29T11:06:11.405278,interface,0.264,0.477,0.176
2024-08-29T11:06:11.660354,interface,0.862,0.519,0.196
2024-08-29T11:06:11.686333,interface,0.907,0.529,0.152
2024-08-29T11:06:11.702194,interface,0.871,0.519,0.102
2024-08-29T11:06:11.721258,interface,0.83,0.527,0.137
2024-08-29T11:06:11.742218,interface,0.875,0.513,0.14
2024-08-29T11:06:11.762209,interface,0.792,0.529,0.214
2024-08-29T11:06:11.839205,interface,0.8690001,0.55,0.349
2024-08-29T11:06:11.860237,interface,0.947,0.547,0.355
2024-08-29T11:06:11.881319,interface,0.977,0.565,0.473
2024-08-29T11:06:11.901221,interface,0.894,0.526,0.561
2024-08-29T11:06:13.029283,interface,0.658,0.225,0.812
2024-08-29T11:06:13.052251,interface,0.546,0.27,0.8190001
2024-08-29T11:06:13.109286,interface,0.49,0.253,0.825
2024-08-29T11:06:17.099691,interface,0.664,0.148,0.547
2024-08-29T11:06:17.136229,interface,0.387,0.163,0.243
2024-08-29T11:06:17.159243,interface,0.428,0.138,0.314
2024-08-29T11:06:17.179192,interface,0.571,0.103,0.473
2024-08-29T11:06:17.196223,interface,0.579,0.12,0.462
2024-08-29T11:06:17.914324,interface,0.475,0.36,0.138
2024-08-29T11:06:17.930340,interface,0.559,0.341,0.143
2024-08-29T11:06:19.001299,interface,0.603,0.3,0.83
2024-08-29T11:06:20.476048,interface,0.705,0.342,0.797
2024-08-29T11:06:20.489313,interface,0.683,0.33,0.792
2024-08-29T11:06:21.323202,interface,0.436,0.192,0.271
2024-08-29T11:06:21.344326,interface,0.429,0.183,0.278
2024-08-29T11:06:21.937314,interface,0.749,0.357,0.847
2024-08-29T11:06:21.959213,interface,0.724,0.351,0.807
2024-08-29T11:06:21.998232,interface,0.738,0.357,0.784
2024-08-29T11:06:22.017231,interface,0.747,0.359,0.804
2024-08-29T11:06:22.037214,interface,0.767,0.359,0.821
2024-08-29T11:06:22.057312,interface,0.771,0.368,0.82
2024-08-29T11:06:22.077555,interface,0.778,0.372,0.787
2024-08-29T11:06:22.098368,interface,0.753,0.383,0.799
2024-08-29T11:06:22.118265,interface,0.746,0.389,0.797
2024-08-29T11:06:22.138223,interface,0.75,0.301,0.777
2024-08-29T11:06:22.158201,interface,0.742,0.382,0.867
2024-08-29T11:06:22.693420,interface,0.646,0.406,0.145
2024-08-29T11:06:22.791249,interface,0.704,0.343,0.223
2024-08-29T11:06:22.810204,interface,0.703,0.326,0.192
2024-08-29T11:06:22.833248,interface,0.673,0.331,0.167
2024-08-29T11:06:22.930240,interface,0.615,0.316,0.193
2024-08-29T11:06:23.544260,interface,0.157,0.545,0.708
2024-08-29T11:06:23.567287,interface,0.147,0.551,0.861
2024-08-29T11:06:23.587227,interface,0.218,0.537,0.913
2024-08-29T11:06:23.604197,interface,0.273,0.525,0.838
2024-08-29T11:06:27.851163,interface,0.663,0.507,0.8389999
2024-08-29T11:06:33.048323,interface,0.562,0.174,0.254
2024-08-29T11:06:33.071219,interface,0.59,0.164,0.323
2024-08-29T11:06:33.091197,interface,0.587,0.179,0.311
2024-08-29T11:06:33.484260,interface,0.62,0.058,0.385
2024-08-29T11:06:33.507197,interface,0.533,0.018,0.396
2024-08-29T11:06:33.526401,interface,0.482,0.008,0.385
2024-08-29T11:06:33.547352,interface,0.47,0.0,0.304
2024-08-29T11:06:33.568096,interface,0.372,0.028,0.258
2024-08-29T11:06:33.584204,interface,0.339,0.069,0.319
2024-08-29T11:06:33.605246,interface,0.382,0.147,0.334
2024-08-29T11:06:34.099369,interface,0.567,0.3,1.0
2024-08-29T11:06:34.123220,interface,0.395,0.302,0.8690001
2024-08-29T11:06:34.200198,interface,0.455,0.314,0.89
2024-08-29T11:06:34.218245,interface,0.615,0.314,0.791
2024-08-29T11:06:34.258211,interface,0.732,0.227,0.291
2024-08-29T11:06:34.281314,interface,0.602,0.229,0.255
2024-08-29T11:06:34.398231,interface,0.528,0.316,0.9700001
2024-08-29T11:06:34.420192,interface,0.495,0.278,0.871
2024-08-29T11:06:34.578371,interface,0.53,0.276,0.825
2024-08-29T11:06:34.598356,interface,0.681,0.29,0.823
2024-08-29T11:06:34.656370,interface,0.719,0.212,0.275
2024-08-29T11:06:36.242293,interface,0.528,0.595,0.11
2024-08-29T11:06:38.982294,interface,0.717,0.286,0.8389999
2024-08-29T11:06:39.001315,interface,0.641,0.275,0.768
2024-08-29T11:06:39.021280,interface,0.53,0.308,0.622
2024-08-29T11:06:40.071367,interface,0.634,0.382,0.144
2024-08-29T11:06:40.094217,interface,0.652,0.371,0.179
2024-08-29T11:06:40.112200,interface,0.642,0.365,0.175
2024-08-29T11:06:40.138207,interface,0.639,0.368,0.099
2024-08-29T11:06:40.154224,interface,0.681,0.354,0.119
2024-08-29T11:06:40.172220,interface,0.701,0.331,0.121
2024-08-29T11:06:40.193284,interface,0.672,0.341,0.06800001
2024-08-29T11:06:40.212212,interface,0.635,0.363,0.084
2024-08-29T11:06:40.233271,interface,0.617,0.349,0.141
2024-08-29T11:06:40.253269,interface,0.636,0.361,0.155
2024-08-29T11:06:40.274206,interface,0.664,0.043,0.21
2024-08-29T11:06:41.068368,interface,0.415,0.225,0.214
2024-08-29T11:06:41.087211,interface,0.41,0.213,0.231
2024-08-29T11:06:41.106203,interface,0.365,0.229,0.239
2024-08-29T11:06:41.125259,interface,0.35,0.239,0.247
2024-08-29T11:06:41.146195,interface,0.384,0.245,0.219
2024-08-29T11:06:41.183220,interface,0.425,0.23,0.248
2024-08-29T11:06:41.204197,interface,0.373,0.236,0.23
2024-08-29T11:06:41.224274,interface,0.385,0.206,0.209
2024-08-29T11:06:41.245249,interface,0.361,0.24,0.099
2024-08-29T11:06:41.264241,interface,0.315,0.262,0.094
2024-08-29T11:06:41.285300,interface,0.344,0.201,0.202
2024-08-29T11:06:41.779246,interface,0.698,0.253,0.214
2024-08-29T11:06:41.800184,interface,0.668,0.265,0.162
2024-08-29T11:06:41.819204,interface,0.617,0.237,0.164
2024-08-29T11:06:41.839249,interface,0.636,0.265,0.175
2024-08-29T11:06:41.858462,interface,0.708,0.26,0.241
2024-08-29T11:06:41.881398,interface,0.68,0.26,0.25
2024-08-29T11:06:41.900306,interface,0.681,0.233,0.233
2024-08-29T11:06:41.918180,interface,0.644,0.271,0.021
2024-08-29T11:06:41.938189,interface,0.63,0.302,0.0
2024-08-29T11:06:41.958196,interface,0.641,0.313,0.0
2024-08-29T11:06:41.979197,interface,0.601,0.374,0.0
2024-08-29T11:06:41.998205,interface,0.588,0.399,0.0
2024-08-29T11:06:42.019216,interface,0.556,0.418,0.0
2024-08-29T11:06:42.040210,interface,0.593,0.428,0.08200001
2024-08-29T11:06:42.334210,interface,0.336,0.315,0.148
2024-08-29T11:06:42.356238,interface,0.326,0.293,0.14
2024-08-29T11:06:42.375199,interface,0.369,0.279,0.175
2024-08-29T11:06:43.564882,interface,0.245,0.412,0.8
2024-08-29T11:06:43.585235,interface,0.206,0.468,0.841
2024-08-29T11:06:43.604190,interface,0.195,0.471,0.928
2024-08-29T11:06:43.627246,interface,0.214,0.469,0.954
2024-08-29T11:06:43.647243,interface,0.275,0.496,0.849
2024-08-29T11:06:43.703214,interface,0.81,0.616,0.014
2024-08-29T11:06:43.726247,interface,0.9559999,0.598,0.0
2024-08-29T11:06:43.745237,interface,1.0,0.573,0.0
2024-08-29T11:06:43.766212,interface,1.0,0.538,0.0
2024-08-29T11:06:43.785233,interface,0.94,0.471,0.0
2024-08-29T11:06:43.803199,interface,0.7059999,0.517,0.0
2024-08-29T11:06:43.981333,interface,0.509,0.312,0.9139999
2024-08-29T11:06:44.003193,interface,0.458,0.335,0.963
2024-08-29T11:06:44.023211,interface,0.395,0.358,0.9929999
2024-08-29T11:06:44.044199,interface,0.346,0.358,0.998
2024-08-29T11:06:44.063202,interface,0.358,0.366,0.891
2024-08-29T11:06:44.159730,interface,0.557,0.393,0.003
2024-08-29T11:06:44.182307,interface,0.622,0.429,0.0
2024-08-29T11:06:44.202218,interface,0.632,0.417,0.0
2024-08-29T11:06:44.219197,interface,0.582,0.362,0.0
2024-08-29T11:06:44.240216,interface,0.492,0.388,0.061
2024-08-29T11:06:44.299241,interface,0.373,0.354,0.8719999
2024-08-29T11:06:44.321238,interface,0.362,0.317,0.916
2024-08-29T11:06:44.341240,interface,0.34,0.318,0.867
2024-08-29T11:06:44.476289,interface,0.369,0.156,0.203
2024-08-29T11:06:44.499203,interface,0.344,0.223,0.0
2024-08-29T11:06:44.517233,interface,0.354,0.21,0.0
2024-08-29T11:06:44.537269,interface,0.268,0.224,0.044
2024-08-29T11:06:44.558189,interface,0.144,0.293,0.307
2024-08-29T11:06:44.578212,interface,0.067,0.345,0.43
2024-08-29T11:06:44.598221,interface,0.093,0.358,0.488
2024-08-29T11:06:44.915073,interface,0.6,0.074,0.408
2024-08-29T11:06:44.933267,interface,0.758,0.047,0.468
2024-08-29T11:06:44.956188,interface,0.917,0.034,0.488
2024-08-29T11:06:44.974213,interface,1.0,0.092,0.589
2024-08-29T11:06:44.994358,interface,1.0,0.116,0.827
2024-08-29T11:06:45.018313,interface,1.0,0.193,0.93
2024-08-29T11:06:45.035226,interface,0.789,0.297,0.766
2024-08-29T11:06:45.193729,interface,0.206,0.411,0.224
2024-08-29T11:06:45.254235,interface,0.192,0.435,0.25
2024-08-29T11:06:45.272208,interface,0.063,0.481,0.225
2024-08-29T11:06:45.292192,interface,0.0,0.533,0.25
2024-08-29T11:06:45.312186,interface,0.0,0.543,0.291
2024-08-29T11:06:45.333273,interface,0.0,0.575,0.337
2024-08-29T11:06:45.353224,interface,0.076,0.53,0.328
2024-08-29T11:06:45.370205,interface,0.136,0.516,0.351
2024-08-29T11:06:45.869535,interface,0.629,0.134,0.484
2024-08-29T11:06:45.886419,interface,0.679,0.161,0.359
2024-08-29T11:06:46.184202,interface,0.483,0.487,0.9929999
2024-08-29T11:06:46.206210,interface,0.53,0.43,0.91
2024-08-29T11:06:46.263245,interface,0.277,0.48,0.817
2024-08-29T11:06:46.286237,interface,0.319,0.465,0.894
2024-08-29T11:06:46.581239,interface,0.358,0.502,0.855
2024-08-29T11:06:46.602297,interface,0.374,0.538,1.0
2024-08-29T11:06:46.622223,interface,0.355,0.554,1.0
2024-08-29T11:06:46.642216,interface,0.344,0.586,1.0
2024-08-29T11:06:46.664225,interface,0.343,0.594,0.9639999
2024-08-29T11:06:46.682221,interface,0.316,0.57,0.833
2024-08-29T11:06:46.840110,interface,0.686,0.289,0.193
2024-08-29T11:06:46.858293,interface,0.778,0.32,0.138
2024-08-29T11:06:46.881338,interface,0.761,0.215,0.267
2024-08-29T11:06:46.939212,interface,0.693,0.184,0.112
2024-08-29T11:06:47.117316,interface,0.77,0.557,1.0
2024-08-29T11:06:47.138188,interface,0.8349999,0.5440001,1.0
2024-08-29T11:06:47.156208,interface,0.612,0.538,1.0
2024-08-29T11:06:47.216217,interface,0.37,0.338,0.052
2024-08-29T11:06:47.235402,interface,0.568,0.273,0.0
2024-08-29T11:06:47.258218,interface,0.707,0.22,0.0
2024-08-29T11:06:47.278226,interface,0.76,0.224,0.0
2024-08-29T11:06:47.295242,interface,0.657,0.272,0.012
2024-08-29T11:06:47.677414,interface,0.394,0.396,1.0
2024-08-29T11:06:47.691197,interface,0.473,0.406,1.0
2024-08-29T11:06:47.772209,interface,0.48,0.273,0.101
2024-08-29T11:06:47.790244,interface,0.513,0.251,0.0
2024-08-29T11:06:47.813233,interface,0.608,0.21,0.0
2024-08-29T11:06:47.833235,interface,0.563,0.244,0.0
2024-08-29T11:06:47.870209,interface,0.294,0.306,0.769
2024-08-29T11:06:48.484293,interface,0.239,0.326,0.0
2024-08-29T11:06:48.545301,interface,0.43,0.199,0.0
2024-08-29T11:06:48.565221,interface,0.421,0.247,0.0
2024-08-29T11:06:48.704304,interface,0.4,0.503,0.9309999
2024-08-29T11:06:48.725238,interface,0.486,0.713,1.0
2024-08-29T11:06:48.744204,interface,0.561,0.816,1.0
2024-08-29T11:06:48.763274,interface,0.461,0.693,1.0
2024-08-29T11:06:48.802196,interface,0.47,0.269,0.0
2024-08-29T11:06:48.825232,interface,0.671,0.116,0.0
2024-08-29T11:06:48.845264,interface,0.361,0.185,0.125
2024-08-29T11:06:48.866186,interface,0.405,0.196,0.023
2024-08-29T11:06:48.885287,interface,0.523,0.071,0.0
2024-08-29T11:06:48.902278,interface,0.566,0.108,0.034
2024-08-29T11:06:48.923206,interface,0.502,0.173,0.278
2024-08-29T11:06:49.181347,interface,0.413,0.383,0.897
2024-08-29T11:06:49.199203,interface,0.403,0.455,1.0
2024-08-29T11:06:49.222217,interface,0.43,0.437,0.94
2024-08-29T11:06:49.319193,interface,0.54,0.128,0.0
2024-08-29T11:06:49.339239,interface,0.49,0.092,0.0
2024-08-29T11:06:49.359237,interface,0.423,0.121,0.008
2024-08-29T11:06:49.380237,interface,0.396,0.16,0.073
2024-08-29T11:06:49.400210,interface,0.349,0.201,0.198
2024-08-29T11:06:49.935216,interface,0.442,0.421,0.9940001
2024-08-29T11:06:49.956188,interface,0.375,0.458,1.0
2024-08-29T11:06:50.014236,interface,0.548,0.172,0.017
2024-08-29T11:06:50.034224,interface,0.576,0.09099999,0.0
2024-08-29T11:06:50.053271,interface,0.528,0.041,0.0
2024-08-29T11:06:50.074204,interface,0.503,0.089,0.0
2024-08-29T11:06:50.172243,interface,0.377,0.446,0.975
2024-08-29T11:06:50.194383,interface,0.433,0.471,1.0
2024-08-29T11:06:50.213397,interface,0.526,0.474,1.0
2024-08-29T11:06:50.232285,interface,0.547,0.478,1.0
2024-08-29T11:06:50.253281,interface,0.471,0.471,0.909
2024-08-29T11:06:50.310203,interface,0.688,0.136,0.0
2024-08-29T11:06:50.332217,interface,0.477,0.037,0.0
2024-08-29T11:06:50.351211,interface,0.569,0.04,0.0
2024-08-29T11:06:50.371256,interface,0.4,0.193,0.05900001
2024-08-29T11:06:50.449308,interface,0.347,0.473,0.982
2024-08-29T11:06:50.469253,interface,0.399,0.466,1.0
2024-08-29T11:06:50.490238,interface,0.509,0.393,0.957
2024-08-29T11:06:50.769705,interface,0.481,0.384,0.865
2024-08-29T11:06:50.789337,interface,0.514,0.464,0.999
2024-08-29T11:06:50.808206,interface,0.517,0.554,1.0
2024-08-29T11:06:50.828172,interface,0.423,0.606,1.0
2024-08-29T11:06:50.887250,interface,0.484,0.287,0.04
2024-08-29T11:06:50.907185,interface,0.513,0.179,0.0
2024-08-29T11:06:50.926247,interface,0.445,0.171,0.0
2024-08-29T11:06:50.947225,interface,0.342,0.197,0.078
2024-08-29T11:06:50.967198,interface,0.446,0.114,0.0
2024-08-29T11:06:50.987284,interface,0.617,0.025,0.0
2024-08-29T11:06:51.007235,interface,0.448,0.128,0.119
2024-08-29T11:06:51.028202,interface,0.324,0.16,0.209
2024-08-29T11:06:51.048203,interface,0.482,0.131,0.001
2024-08-29T11:06:51.065253,interface,0.486,0.214,0.104
2024-08-29T11:06:51.143234,interface,0.458,0.53,0.876
2024-08-29T11:06:51.185254,interface,0.5440001,0.495,0.922
2024-08-29T11:06:51.204214,interface,0.506,0.476,0.9599999
2024-08-29T11:06:51.225225,interface,0.531,0.439,0.958
2024-08-29T11:06:51.244371,interface,0.503,0.394,0.889
2024-08-29T11:06:51.570874,interface,0.471,0.419,0.9049999
2024-08-29T11:06:51.588194,interface,0.439,0.481,0.9940001
2024-08-29T11:06:51.600171,interface,0.392,0.491,0.918
2024-08-29T11:06:51.660241,interface,0.646,0.213,0.094
2024-08-29T11:06:51.682226,interface,0.546,0.107,0.0
2024-08-29T11:06:51.701252,interface,0.496,0.018,0.0
2024-08-29T11:06:51.722197,interface,0.729,0.0,0.0
2024-08-29T11:06:51.742225,interface,0.584,0.104,0.01
2024-08-29T11:06:51.763206,interface,0.435,0.189,0.258
2024-08-29T11:06:51.820260,interface,0.293,0.459,0.834
2024-08-29T11:06:51.859210,interface,0.418,0.496,0.965
2024-08-29T11:06:51.878264,interface,0.429,0.555,1.0
2024-08-29T11:06:51.902216,interface,0.5440001,0.585,1.0
2024-08-29T11:06:51.921253,interface,0.531,0.589,1.0
2024-08-29T11:06:51.939180,interface,0.523,0.534,0.973
2024-08-29T11:06:51.998211,interface,0.562,0.218,0.162
2024-08-29T11:06:52.021249,interface,0.575,0.06400001,0.0
2024-08-29T11:06:52.040192,interface,0.528,0.0,0.0
2024-08-29T11:06:52.059173,interface,0.492,0.0,0.0
2024-08-29T11:06:52.077280,interface,0.411,0.142,0.176
2024-08-29T11:06:52.177256,interface,0.449,0.446,0.901
2024-08-29T11:06:52.197260,interface,0.485,0.443,0.9559999
2024-08-29T11:06:52.216184,interface,0.479,0.426,0.954
2024-08-29T11:06:52.237245,interface,0.505,0.385,0.871
2024-08-29T11:06:52.397299,interface,0.476,0.395,0.926
2024-08-29T11:06:52.415251,interface,0.455,0.439,0.925
2024-08-29T11:06:52.437219,interface,0.449,0.444,0.906
2024-08-29T11:06:52.514212,interface,0.499,0.189,0.163
2024-08-29T11:06:52.534295,interface,0.508,0.089,0.0
2024-08-29T11:06:52.555189,interface,0.675,0.0,0.0
2024-08-29T11:06:52.574182,interface,0.756,0.0,0.0
2024-08-29T11:06:52.596206,interface,0.462,0.206,0.189
2024-08-29T11:06:52.653270,interface,0.276,0.535,0.899
2024-08-29T11:06:52.673240,interface,0.321,0.554,1.0
2024-08-29T11:06:52.694202,interface,0.551,0.524,1.0
2024-08-29T11:06:52.713236,interface,0.55,0.562,1.0
2024-08-29T11:06:52.734193,interface,0.614,0.489,1.0
2024-08-29T11:06:53.397458,interface,0.485,0.47,0.9940001
2024-08-29T11:06:53.416178,interface,0.427,0.562,1.0
2024-08-29T11:06:53.427259,interface,0.369,0.566,0.995
2024-08-29T11:06:53.487234,interface,0.617,0.117,0.0
2024-08-29T11:06:53.506205,interface,0.563,0.042,0.0
2024-08-29T11:06:53.527178,interface,0.584,0.0,0.0
2024-08-29T11:06:53.546299,interface,0.559,0.046,0.0
2024-08-29T11:06:53.568215,interface,0.42,0.202,0.285
2024-08-29T11:06:53.606203,interface,0.311,0.457,0.942
2024-08-29T11:06:53.625234,interface,0.299,0.575,1.0
2024-08-29T11:06:53.645287,interface,0.424,0.596,1.0
2024-08-29T11:06:53.666213,interface,0.584,0.561,1.0
2024-08-29T11:06:53.686212,interface,0.612,0.501,0.873
2024-08-29T11:06:53.724202,interface,0.691,0.036,0.0
2024-08-29T11:06:53.747200,interface,0.741,0.0,0.0
2024-08-29T11:06:53.766222,interface,0.549,0.17,0.011
2024-08-29T11:06:53.784209,interface,0.1,0.588,1.0
2024-08-29T11:06:53.805295,interface,0.076,0.752,1.0
2024-08-29T11:06:53.824207,interface,0.333,0.698,1.0
2024-08-29T11:06:53.845229,interface,0.542,0.562,0.982
2024-08-29T11:06:53.865227,interface,0.738,0.204,0.0
2024-08-29T11:06:53.885297,interface,0.876,0.0,0.0
2024-08-29T11:06:53.908209,interface,0.617,0.101,0.0
2024-08-29T11:06:53.943233,interface,0.176,0.378,0.927
2024-08-29T11:06:53.965306,interface,0.249,0.31,0.791
2024-08-29T11:06:54.306039,interface,0.42,0.475,0.875
2024-08-29T11:06:54.319208,interface,0.449,0.51,0.8780001
2024-08-29T11:06:54.418295,interface,0.177,0.797,0.219
2024-08-29T11:06:54.442152,interface,0.567,0.654,0.0
2024-08-29T11:06:54.461260,interface,0.756,0.515,0.0
2024-08-29T11:06:54.478169,interface,0.564,0.563,0.0
2024-08-29T11:06:54.502161,interface,0.596,0.555,0.026
2024-08-29T11:06:54.519229,interface,0.6690001,0.485,0.0
2024-08-29T11:06:54.539226,interface,0.759,0.478,0.0
2024-08-29T11:06:54.559201,interface,0.98,0.28,0.0
2024-08-29T11:06:54.580192,interface,0.717,0.348,0.157
2024-08-29T11:06:54.599274,interface,0.626,0.326,0.04
2024-08-29T11:06:54.617233,interface,0.707,0.274,0.116
2024-08-29T11:06:54.641313,interface,0.639,0.348,0.083
2024-08-29T11:06:54.657232,interface,0.597,0.324,0.0
2024-08-29T11:06:54.678211,interface,0.747,0.324,0.0
2024-08-29T11:06:54.698214,interface,0.744,0.363,0.0
2024-08-29T11:06:54.719204,interface,0.636,0.442,0.0
2024-08-29T11:06:54.738203,interface,0.661,0.474,0.0
2024-08-29T11:06:54.759211,interface,0.6690001,0.507,0.0
2024-08-29T11:06:54.779175,interface,0.673,0.518,0.043
2024-08-29T11:06:54.797244,interface,0.573,0.561,0.09799999
2024-08-29T11:06:55.119486,interface,0.475,0.407,0.8679999
2024-08-29T11:06:55.133425,interface,0.4,0.547,1.0
2024-08-29T11:06:55.156332,interface,0.368,0.66,1.0
2024-08-29T11:06:55.176276,interface,0.328,0.782,0.876
2024-08-29T11:06:55.213385,interface,0.722,0.505,0.0
2024-08-29T11:06:55.234280,interface,0.602,0.493,0.0
2024-08-29T11:06:55.253337,interface,0.757,0.446,0.0
2024-08-29T11:06:55.274281,interface,0.749,0.351,0.0
2024-08-29T11:06:55.294274,interface,0.633,0.292,0.0
2024-08-29T11:06:55.315309,interface,0.632,0.244,0.192
2024-08-29T11:06:55.334288,interface,0.537,0.251,0.185
2024-08-29T11:06:55.412343,interface,0.567,0.302,0.128
2024-08-29T11:06:55.434447,interface,0.5809999,0.331,0.15
2024-08-29T11:06:55.807257,interface,0.539,0.429,1.0
2024-08-29T11:06:55.829304,interface,0.499,0.454,1.0
2024-08-29T11:06:55.849235,interface,0.448,0.483,0.987
2024-08-29T11:06:55.870209,interface,0.494,0.557,0.962
2024-08-29T11:06:55.907221,interface,0.765,0.468,0.0
2024-08-29T11:06:55.928217,interface,0.334,0.646,0.0
2024-08-29T11:06:55.947228,interface,0.372,0.519,0.0
2024-08-29T11:06:55.968246,interface,0.656,0.332,0.045
2024-08-29T11:06:56.007223,interface,0.229,0.593,1.0
2024-08-29T11:06:56.026187,interface,0.492,0.392,1.0
2024-08-29T11:06:56.046234,interface,0.605,0.41,1.0
2024-08-29T11:06:56.086214,interface,0.39,0.397,0.0
2024-08-29T11:06:56.107210,interface,0.617,0.325,0.0
2024-08-29T11:06:56.146291,interface,0.626,0.371,1.0
2024-08-29T11:06:56.185264,interface,0.474,0.262,0.15
2024-08-29T11:06:56.205245,interface,0.476,0.249,0.0
2024-08-29T11:06:56.225232,interface,0.592,0.201,0.0
2024-08-29T11:06:56.246213,interface,0.599,0.226,0.175
2024-08-29T11:06:56.324217,interface,0.47,0.256,0.088
2024-08-29T11:06:56.344207,interface,0.534,0.284,0.175
2024-08-29T11:06:56.467916,interface,0.543,0.413,0.8809999
2024-08-29T11:06:56.482296,interface,0.509,0.5,1.0
2024-08-29T11:06:56.505257,interface,0.652,0.548,1.0
2024-08-29T11:06:56.522189,interface,0.456,0.617,1.0
2024-08-29T11:06:56.562210,interface,0.422,0.43,0.0
2024-08-29T11:06:56.581246,interface,0.445,0.325,0.0
2024-08-29T11:06:56.604246,interface,0.58,0.242,0.0
2024-08-29T11:06:56.624239,interface,0.431,0.273,0.167
2024-08-29T11:06:56.760300,interface,0.364,0.278,0.164
2024-08-29T11:06:56.783228,interface,0.482,0.248,0.012
2024-08-29T11:06:56.859220,interface,0.558,0.421,1.0
2024-08-29T11:06:56.882216,interface,0.565,0.463,1.0
2024-08-29T11:06:56.902190,interface,0.439,0.512,1.0
2024-08-29T11:06:56.939204,interface,0.471,0.348,0.0
2024-08-29T11:06:56.962227,interface,0.362,0.326,0.0
2024-08-29T11:06:56.981269,interface,0.569,0.287,0.0
2024-08-29T11:06:57.019219,interface,0.565,0.434,1.0
2024-08-29T11:06:57.038229,interface,0.492,0.445,1.0
2024-08-29T11:06:57.058241,interface,0.451,0.366,0.883
2024-08-29T11:06:57.099202,interface,0.304,0.291,0.0
2024-08-29T11:06:57.119232,interface,0.683,0.228,0.0
2024-08-29T11:06:57.158225,interface,0.648,0.474,1.0
2024-08-29T11:06:57.177225,interface,0.626,0.52,1.0
2024-08-29T11:06:57.217282,interface,0.063,0.472,0.0
2024-08-29T11:06:57.239230,interface,0.339,0.31,0.0
2024-08-29T11:06:57.258193,interface,0.66,0.229,0.0
2024-08-29T11:06:57.357255,interface,0.33,0.212,0.234
2024-08-29T11:06:57.376243,interface,0.36,0.208,0.0
2024-08-29T11:06:57.397246,interface,0.539,0.22,0.0
2024-08-29T11:06:57.498373,interface,0.527,0.404,0.966
2024-08-29T11:06:57.515339,interface,0.493,0.381,0.909
2024-08-29T11:06:57.575271,interface,0.546,0.227,0.101
2024-08-29T11:06:57.614238,interface,0.6690001,0.362,0.887
2024-08-29T11:06:57.637237,interface,0.574,0.423,1.0
2024-08-29T11:06:57.654221,interface,0.545,0.418,0.92
2024-08-29T11:06:57.713240,interface,0.519,0.318,0.0
2024-08-29T11:06:57.733249,interface,0.59,0.274,0.0
2024-08-29T11:06:57.756191,interface,0.715,0.241,0.0
2024-08-29T11:06:57.776218,interface,0.5809999,0.368,0.158
2024-08-29T11:06:57.793246,interface,0.493,0.412,0.976
2024-08-29T11:06:57.814216,interface,0.452,0.446,1.0
2024-08-29T11:06:57.833294,interface,0.467,0.438,1.0
2024-08-29T11:06:57.872198,interface,0.5809999,0.259,0.0
2024-08-29T11:06:57.895199,interface,0.589,0.267,0.0
2024-08-29T11:06:57.952201,interface,0.462,0.395,1.0
2024-08-29T11:06:57.970193,interface,0.536,0.355,0.778
2024-08-29T11:06:58.010195,interface,0.512,0.224,0.0
2024-08-29T11:06:58.037252,interface,0.682,0.233,0.0
2024-08-29T11:06:58.071183,interface,0.523,0.326,0.978
2024-08-29T11:06:58.130221,interface,0.411,0.252,0.006
2024-08-29T11:06:58.149296,interface,0.584,0.255,0.167
2024-08-29T11:06:58.270205,interface,0.627,0.427,0.986
2024-08-29T11:06:58.288231,interface,0.629,0.452,1.0
2024-08-29T11:06:58.329240,interface,0.389,0.424,0.129
2024-08-29T11:06:58.348227,interface,0.655,0.261,0.0
2024-08-29T11:06:58.369284,interface,0.646,0.254,0.0
2024-08-29T11:06:58.408226,interface,0.71,0.248,0.169
2024-08-29T11:06:58.427200,interface,0.648,0.257,0.254
2024-08-29T11:06:58.487214,interface,0.558,0.316,0.101
2024-08-29T11:06:58.509301,interface,0.722,0.291,0.09099999
2024-08-29T11:06:58.530389,interface,0.682,0.321,0.214
2024-08-29T11:06:58.566307,interface,0.278,0.395,0.111
2024-08-29T11:06:58.589269,interface,0.164,0.382,0.0
2024-08-29T11:06:58.608260,interface,0.081,0.447,0.195
2024-08-29T11:06:58.805593,interface,0.529,0.443,0.918
2024-08-29T11:06:58.824273,interface,0.664,0.459,1.0
2024-08-29T11:06:58.847193,interface,0.741,0.431,1.0
2024-08-29T11:06:58.884200,interface,0.0,0.335,0.181
2024-08-29T11:06:58.907192,interface,0.0,0.347,0.0
2024-08-29T11:06:58.926238,interface,0.0,0.324,0.0
2024-08-29T11:06:58.964222,interface,0.673,0.377,0.84
2024-08-29T11:06:58.982203,interface,0.8360001,0.429,1.0
2024-08-29T11:06:59.005235,interface,0.781,0.418,1.0
2024-08-29T11:06:59.043305,interface,0.0,0.317,0.116
2024-08-29T11:06:59.063188,interface,0.0,0.275,0.0
2024-08-29T11:06:59.121279,interface,0.698,0.361,0.89
2024-08-29T11:06:59.182223,interface,0.0,0.248,0.005
2024-08-29T11:06:59.202215,interface,0.015,0.225,0.0
2024-08-29T11:06:59.480975,interface,0.0,0.268,0.063
2024-08-29T11:06:59.501247,interface,0.0,0.333,0.0
2024-08-29T11:06:59.519189,interface,0.0,0.312,0.0
2024-08-29T11:06:59.599326,interface,0.834,0.483,1.0
2024-08-29T11:06:59.618269,interface,0.823,0.454,0.968
2024-08-29T11:06:59.638216,interface,0.722,0.43,0.815
2024-08-29T11:06:59.678259,interface,0.178,0.328,0.384
2024-08-29T11:06:59.699198,interface,0.0,0.276,0.058
2024-08-29T11:06:59.718204,interface,0.0,0.22,0.0
2024-08-29T11:06:59.740210,interface,0.0,0.21,0.08200001
2024-08-29T11:06:59.759210,interface,0.197,0.193,0.334
2024-08-29T11:06:59.837270,interface,0.783,0.513,1.0
2024-08-29T11:06:59.855217,interface,1.0,0.532,1.0
2024-08-29T11:06:59.881269,interface,1.0,0.505,1.0
2024-08-29T11:06:59.915222,interface,0.0,0.385,0.0
2024-08-29T11:06:59.936201,interface,0.0,0.24,0.0
2024-08-29T11:06:59.956204,interface,0.177,0.21,0.42
2024-08-29T11:07:00.055254,interface,0.149,0.294,0.4
2024-08-29T11:07:00.075225,interface,0.0,0.255,0.167
2024-08-29T11:07:00.095214,interface,0.057,0.247,0.24
2024-08-29T11:07:00.236251,interface,0.73,0.446,0.934
2024-08-29T11:07:00.254226,interface,1.0,0.453,1.0
2024-08-29T11:07:00.274226,interface,0.791,0.483,0.885
2024-08-29T11:07:00.312202,interface,0.0,0.26,0.075
2024-08-29T11:07:00.335220,interface,0.0,0.266,0.0
2024-08-29T11:07:00.355232,interface,0.0,0.217,0.073
2024-08-29T11:07:00.411208,interface,0.695,0.424,0.918
2024-08-29T11:07:00.435229,interface,0.723,0.435,0.9110001
2024-08-29T11:07:00.472256,interface,0.006,0.271,0.134
2024-08-29T11:07:00.491219,interface,0.0,0.208,0.01
2024-08-29T11:07:00.511188,interface,0.188,0.238,0.38
2024-08-29T11:07:00.550225,interface,0.663,0.345,0.8349999
2024-08-29T11:07:00.614383,interface,0.11,0.265,0.325
2024-08-29T11:07:00.634362,interface,0.194,0.236,0.334
2024-08-29T11:07:01.307180,interface,0.167,0.355,0.308
2024-08-29T11:07:01.327290,interface,0.131,0.323,0.319
2024-08-29T11:07:01.348211,interface,0.213,0.289,0.325
2024-08-29T11:07:01.368221,interface,0.09099999,0.301,0.348
2024-08-29T11:07:01.385296,interface,0.043,0.305,0.377
2024-08-29T11:07:01.406208,interface,0.138,0.279,0.4
2024-08-29T11:07:01.425261,interface,0.187,0.287,0.474
2024-08-29T11:07:01.543203,interface,0.196,0.304,0.379
2024-08-29T11:07:01.562211,interface,0.182,0.301,0.37
2024-08-29T11:07:01.585244,interface,0.178,0.328,0.401
2024-08-29T11:07:01.666332,interface,0.674,0.381,0.889
2024-08-29T11:07:01.683360,interface,0.699,0.376,0.974
2024-08-29T11:07:01.741326,interface,0.0,0.333,0.042
2024-08-29T11:07:01.763153,interface,0.0,0.32,0.0
2024-08-29T11:07:01.782199,interface,0.027,0.293,0.09
2024-08-29T11:07:01.821300,interface,0.814,0.429,1.0
2024-08-29T11:07:01.844201,interface,0.8780001,0.43,1.0
2024-08-29T11:07:01.863242,interface,0.764,0.381,0.834
2024-08-29T11:07:01.882220,interface,0.069,0.345,0.335
2024-08-29T11:07:01.903199,interface,0.0,0.373,0.0
2024-08-29T11:07:01.923171,interface,0.049,0.301,0.014
2024-08-29T11:07:01.940204,interface,0.631,0.255,0.829
2024-08-29T11:07:01.961270,interface,0.701,0.302,0.859
2024-08-29T11:07:02.018260,interface,0.145,0.309,0.399
2024-08-29T11:07:02.043220,interface,0.171,0.271,0.355
2024-08-29T11:07:02.179210,interface,0.2,0.283,0.335
2024-08-29T11:07:02.198195,interface,0.217,0.282,0.283
2024-08-29T11:07:02.257271,interface,0.717,0.434,1.0
2024-08-29T11:07:02.279195,interface,0.62,0.45,1.0
2024-08-29T11:07:02.299231,interface,0.695,0.413,0.928
2024-08-29T11:07:02.337218,interface,0.211,0.331,0.302
2024-08-29T11:07:02.357237,interface,0.003,0.327,0.092
2024-08-29T11:07:02.378204,interface,0.096,0.299,0.326
2024-08-29T11:07:02.538745,interface,0.17,0.329,0.438
2024-08-29T11:07:02.555471,interface,0.12,0.322,0.373
2024-08-29T11:07:02.574241,interface,0.0,0.321,0.274
2024-08-29T11:07:02.597309,interface,0.078,0.31,0.29
2024-08-29T11:07:02.618174,interface,0.06400001,0.337,0.371
2024-08-29T11:07:03.132225,interface,0.01,0.411,0.306
2024-08-29T11:07:03.153268,interface,0.123,0.367,0.316
2024-08-29T11:07:03.172210,interface,0.13,0.377,0.409
2024-08-29T11:07:03.193218,interface,0.103,0.368,0.389
2024-08-29T11:07:03.213263,interface,0.165,0.354,0.382
2024-08-29T11:07:03.230211,interface,0.03,0.355,0.309
2024-08-29T11:07:03.251190,interface,0.0,0.355,0.235
2024-08-29T11:07:03.270207,interface,0.0,0.35,0.213
2024-08-29T11:07:03.291193,interface,0.0,0.37,0.276
2024-08-29T11:07:03.311247,interface,0.123,0.391,0.385
2024-08-29T11:07:03.369243,interface,0.612,0.487,0.988
2024-08-29T11:07:03.390210,interface,0.828,0.473,1.0
2024-08-29T11:07:03.409284,interface,0.899,0.458,1.0
2024-08-29T11:07:03.468236,interface,0.0,0.391,0.0
2024-08-29T11:07:03.488180,interface,0.0,0.421,0.0
2024-08-29T11:07:03.510206,interface,0.0,0.365,0.231
2024-08-29T11:07:03.548290,interface,0.77,0.419,1.0
2024-08-29T11:07:03.569229,interface,0.688,0.464,1.0
2024-08-29T11:07:03.607214,interface,0.06,0.394,0.3
2024-08-29T11:07:03.627185,interface,0.0,0.389,0.0
2024-08-29T11:07:03.650224,interface,0.167,0.287,0.292
2024-08-29T11:07:03.904273,interface,0.155,0.324,0.68
2024-08-29T11:07:03.928248,interface,0.148,0.334,0.712
2024-08-29T11:07:03.947207,interface,0.161,0.329,0.745
2024-08-29T11:07:03.965235,interface,0.247,0.279,0.725
2024-08-29T11:07:03.986220,interface,0.213,0.289,0.739
2024-08-29T11:07:04.005246,interface,0.207,0.329,0.705
2024-08-29T11:07:04.520281,interface,0.15,0.265,0.542
2024-08-29T11:07:04.541242,interface,0.229,0.211,0.512
2024-08-29T11:07:04.599217,interface,0.225,0.228,0.478
2024-08-29T11:07:05.534210,interface,0.81,0.272,0.41
2024-08-29T11:07:05.553282,interface,0.934,0.276,0.366
2024-08-29T11:07:05.612228,interface,0.08200001,0.464,0.277
2024-08-29T11:07:05.634203,interface,0.0,0.476,0.443
2024-08-29T11:07:05.654179,interface,0.052,0.425,0.708
2024-08-29T11:07:05.675190,interface,0.0,0.407,0.664
2024-08-29T11:07:05.694241,interface,0.014,0.373,0.527
2024-08-29T11:07:05.712201,interface,0.112,0.348,0.547
2024-08-29T11:07:05.951749,interface,0.404,0.312,0.154
2024-08-29T11:07:05.974190,interface,0.444,0.323,0.143
2024-08-29T11:07:05.989285,interface,0.495,0.343,0.159
2024-08-29T11:07:06.049280,interface,0.178,0.509,0.909
2024-08-29T11:07:06.069231,interface,0.106,0.484,0.8780001
2024-08-29T11:07:06.091177,interface,0.208,0.415,0.73
2024-08-29T11:07:06.111212,interface,0.182,0.417,0.764
2024-08-29T11:07:06.128218,interface,0.156,0.413,0.821
2024-08-29T11:07:06.149237,interface,0.189,0.39,0.712
2024-08-29T11:07:06.486411,interface,0.165,0.355,0.359
2024-08-29T11:07:06.507207,interface,0.08200001,0.365,0.393
2024-08-29T11:07:06.644216,interface,0.165,0.329,0.419
2024-08-29T11:07:06.664228,interface,0.167,0.34,0.418
2024-08-29T11:07:07.062551,interface,0.158,0.362,0.312
2024-08-29T11:07:07.084283,interface,0.06,0.362,0.403
2024-08-29T11:07:07.104183,interface,0.113,0.342,0.358
2024-08-29T11:07:07.123245,interface,0.12,0.348,0.433
2024-08-29T11:07:07.201301,interface,0.074,0.369,0.478
2024-08-29T11:07:07.439511,interface,0.158,0.341,0.424
2024-08-29T11:07:07.461319,interface,0.116,0.362,0.428
2024-08-29T11:07:08.073264,interface,0.47,0.24,0.213
2024-08-29T11:07:08.093238,interface,0.423,0.244,0.21
2024-08-29T11:07:08.789363,interface,0.71,0.455,0.172
2024-08-29T11:07:08.810189,interface,0.713,0.42,0.077
2024-08-29T11:07:08.848213,interface,0.765,0.444,0.187
2024-08-29T11:07:10.535781,interface,0.655,0.271,0.047
2024-08-29T11:07:11.906179,interface,0.561,0.373,0.135
2024-08-29T11:07:12.024206,interface,0.519,0.303,0.042
2024-08-29T11:07:12.523929,interface,0.246,0.304,0.28
2024-08-29T11:07:12.638216,interface,0.502,0.185,0.261
2024-08-29T11:07:12.677279,interface,0.344,0.185,0.212
2024-08-29T11:07:13.175029,interface,0.342,0.109,0.366
2024-08-29T11:07:13.196215,interface,0.307,0.16,0.35
2024-08-29T11:07:13.293374,interface,0.9969999,0.537,1.0
2024-08-29T11:07:13.313263,interface,1.0,0.481,1.0
2024-08-29T11:07:13.333284,interface,0.989,0.437,0.811
2024-08-29T11:07:13.392287,interface,0.0,0.191,0.137
2024-08-29T11:07:13.415220,interface,0.0,0.31,0.502
2024-08-29T11:07:13.435204,interface,0.199,0.252,0.387
2024-08-29T11:07:13.492208,interface,1.0,0.477,0.934
2024-08-29T11:07:13.514262,interface,1.0,0.489,0.937
2024-08-29T11:07:13.533213,interface,0.918,0.468,0.84
2024-08-29T11:07:13.572203,interface,0.0,0.224,0.478
2024-08-29T11:07:13.591206,interface,0.0,0.253,0.298
2024-08-29T11:07:13.670333,interface,1.0,0.588,0.734
2024-08-29T11:07:13.689271,interface,1.0,0.548,0.72
2024-08-29T11:07:13.713219,interface,1.0,0.616,0.732
2024-08-29T11:07:13.732214,interface,1.0,0.478,0.509
2024-08-29T11:07:13.750227,interface,0.44,0.236,0.206
2024-08-29T11:07:13.770193,interface,0.0,0.164,0.413
2024-08-29T11:07:13.790237,interface,0.0,0.131,0.725
2024-08-29T11:07:13.849266,interface,1.0,0.452,0.362
2024-08-29T11:07:13.869272,interface,1.0,0.523,0.458
2024-08-29T11:07:13.888181,interface,1.0,0.556,0.532
2024-08-29T11:07:13.909223,interface,1.0,0.557,0.58
2024-08-29T11:07:13.929318,interface,0.861,0.448,0.633
2024-08-29T11:07:13.950210,interface,0.087,0.214,0.602
2024-08-29T11:07:13.969242,interface,0.0,0.24,0.271
2024-08-29T11:07:13.990243,interface,0.118,0.108,0.74
2024-08-29T11:07:14.010192,interface,0.323,0.213,0.714
2024-08-29T11:07:14.048283,interface,0.864,0.462,0.319
2024-08-29T11:07:14.070245,interface,1.0,0.519,0.489
2024-08-29T11:07:14.089246,interface,1.0,0.547,0.508
2024-08-29T11:07:14.108230,interface,1.0,0.579,0.415
2024-08-29T11:07:14.129288,interface,1.0,0.541,0.322
2024-08-29T11:07:14.190342,interface,0.0,0.241,0.576
2024-08-29T11:07:14.209251,interface,0.0,0.118,0.696
2024-08-29T11:07:14.231206,interface,0.178,0.193,0.797
2024-08-29T11:07:14.266207,interface,1.0,0.498,0.394
2024-08-29T11:07:14.285240,interface,1.0,0.522,0.37
2024-08-29T11:07:14.308256,interface,1.0,0.565,0.431
2024-08-29T11:07:14.328206,interface,1.0,0.562,0.545
2024-08-29T11:07:14.345325,interface,1.0,0.542,0.599
2024-08-29T11:07:14.384253,interface,0.12,0.339,0.471
2024-08-29T11:07:14.407778,interface,0.0,0.204,0.235
2024-08-29T11:07:14.427230,interface,0.0,0.06599999,0.61
2024-08-29T11:07:14.447219,interface,0.0,0.141,0.703
2024-08-29T11:07:14.505237,interface,0.989,0.433,0.527
2024-08-29T11:07:14.523200,interface,1.0,0.465,0.473
2024-08-29T11:07:14.546220,interface,1.0,0.486,0.35
2024-08-29T11:07:14.565303,interface,0.955,0.467,0.292
2024-08-29T11:07:14.624229,interface,0.241,0.193,0.485
2024-08-29T11:07:14.643241,interface,0.132,0.159,0.576
2024-08-29T11:07:14.662230,interface,0.306,0.153,0.548
2024-08-29T11:07:25.718277,interface,1.0,0.514,0.49
2024-08-29T11:07:25.738211,interface,1.0,0.375,0.116
2024-08-29T11:07:25.758218,interface,0.672,0.364,0.015
2024-08-29T11:07:25.779204,interface,0.006,0.331,0.461
2024-08-29T11:07:25.798236,interface,0.0,0.118,1.0
2024-08-29T11:07:25.815230,interface,0.0,0.243,1.0
2024-08-29T11:07:25.856241,interface,0.593,0.739,0.166
2024-08-29T11:07:25.877287,interface,1.0,0.962,0.521
2024-08-29T11:07:25.896280,interface,1.0,0.825,0.311
2024-08-29T11:07:25.917231,interface,1.0,0.732,0.492
2024-08-29T11:07:25.955276,interface,0.0,0.154,0.431
2024-08-29T11:07:25.975196,interface,0.0,0.06,1.0
2024-08-29T11:07:26.015248,interface,1.0,0.685,0.387
2024-08-29T11:07:26.033243,interface,1.0,0.796,0.563
2024-08-29T11:07:26.056285,interface,1.0,0.694,0.359
2024-08-29T11:07:26.076267,interface,0.992,0.436,0.367
2024-08-29T11:07:26.097266,interface,0.0,0.172,0.457
2024-08-29T11:07:26.116209,interface,0.0,0.112,1.0
2024-08-29T11:07:26.154231,interface,0.9190001,0.503,0.191
2024-08-29T11:07:26.174276,interface,1.0,0.624,0.376
2024-08-29T11:07:26.195187,interface,1.0,0.601,0.25
2024-08-29T11:07:26.214187,interface,1.0,0.43,0.345
2024-08-29T11:07:26.236188,interface,0.202,0.205,0.529
2024-08-29T11:07:26.255198,interface,0.0,0.223,0.894
2024-08-29T11:07:26.272198,interface,0.295,0.151,0.697
2024-08-29T11:07:26.293251,interface,0.854,0.388,0.167
2024-08-29T11:07:26.313255,interface,1.0,0.556,0.375
2024-08-29T11:07:26.334218,interface,1.0,0.611,0.496
2024-08-29T11:07:26.353329,interface,1.0,0.486,0.429
2024-08-29T11:07:26.391274,interface,0.0,0.179,0.675
2024-08-29T11:07:26.411329,interface,0.087,0.164,0.655
2024-08-29T11:07:26.433304,interface,0.7940001,0.328,0.226
2024-08-29T11:07:26.451269,interface,1.0,0.53,0.347
2024-08-29T11:07:26.472402,interface,1.0,0.553,0.41
2024-08-29T11:07:26.492302,interface,1.0,0.448,0.327
2024-08-29T11:07:26.530333,interface,0.0,0.188,0.713
2024-08-29T11:07:26.550297,interface,0.145,0.146,0.607
2024-08-29T11:07:26.571267,interface,0.841,0.3,0.232
2024-08-29T11:07:26.590272,interface,1.0,0.51,0.389
2024-08-29T11:07:26.611317,interface,1.0,0.542,0.459
2024-08-29T11:07:26.631314,interface,1.0,0.46,0.426
2024-08-29T11:07:26.674443,interface,0.0,0.202,0.64
2024-08-29T11:07:26.692396,interface,0.287,0.163,0.466
2024-08-29T11:07:26.712260,interface,0.82,0.31,0.233
2024-08-29T11:07:26.729361,interface,1.0,0.486,0.333
2024-08-29T11:07:26.750268,interface,1.0,0.568,0.529
2024-08-29T11:07:26.770265,interface,1.0,0.535,0.324
2024-08-29T11:07:26.790334,interface,0.885,0.383,0.363
2024-08-29T11:07:26.810314,interface,0.0,0.14,0.709
2024-08-29T11:07:26.831329,interface,0.0,0.214,0.792
2024-08-29T11:07:26.868288,interface,0.852,0.328,0.286
2024-08-29T11:07:26.889327,interface,1.0,0.456,0.442
2024-08-29T11:07:26.908258,interface,1.0,0.46,0.397
2024-08-29T11:07:26.929352,interface,0.891,0.411,0.326
2024-08-29T11:07:26.968278,interface,0.0,0.173,0.607
2024-08-29T11:07:26.987262,interface,0.0,0.198,0.849
2024-08-29T11:07:27.066310,interface,1.0,0.448,0.486
2024-08-29T11:07:27.085308,interface,1.0,0.418,0.365
2024-08-29T11:07:27.109330,interface,0.852,0.352,0.359
2024-08-29T11:07:27.145492,interface,0.004,0.209,0.6
2024-08-29T11:07:27.166326,interface,0.291,0.184,0.545
2024-08-29T11:07:27.225318,interface,0.889,0.365,0.432
2024-08-29T11:07:31.552516,interface,0.824,0.285,0.126
2024-08-29T11:07:31.573242,interface,0.858,0.29,0.096
2024-08-29T11:07:31.592193,interface,0.755,0.33,0.244
2024-08-29T11:07:31.630250,interface,0.103,0.384,1.0
2024-08-29T11:07:31.650242,interface,0.096,0.325,1.0
2024-08-29T11:07:31.710216,interface,1.0,0.659,0.184
2024-08-29T11:07:31.731198,interface,1.0,0.755,0.126
2024-08-29T11:07:31.751196,interface,1.0,0.6690001,0.02
2024-08-29T11:07:31.771199,interface,1.0,0.501,0.186
2024-08-29T11:07:31.791214,interface,0.0,0.325,0.479
2024-08-29T11:07:31.812189,interface,0.0,0.142,1.0
2024-08-29T11:07:31.831217,interface,0.105,0.048,0.81
2024-08-29T11:07:31.870323,interface,1.0,0.457,0.425
2024-08-29T11:07:31.891358,interface,1.0,0.575,0.368
2024-08-29T11:07:31.910272,interface,1.0,0.536,0.382
2024-08-29T11:07:31.930271,interface,0.9190001,0.442,0.534
2024-08-29T11:07:31.951207,interface,0.198,0.254,0.378
2024-08-29T11:07:31.971231,interface,0.0,0.187,0.8450001
2024-08-29T11:07:31.988200,interface,0.319,0.15,0.523
2024-08-29T11:07:32.028205,interface,0.901,0.366,0.359
2024-08-29T11:07:32.050188,interface,0.9139999,0.385,0.393
2024-08-29T11:07:35.085347,interface,0.829,0.315,0.359
2024-08-29T11:07:35.163250,interface,0.0,0.139,0.643
2024-08-29T11:07:35.184203,interface,0.0,0.23,1.0
2024-08-29T11:07:35.222218,interface,1.0,0.797,0.21
2024-08-29T11:07:35.242208,interface,1.0,0.866,0.43
2024-08-29T11:07:35.265265,interface,1.0,0.8360001,0.315
2024-08-29T11:07:35.286149,interface,1.0,0.579,0.391
2024-08-29T11:07:35.306150,interface,0.208,0.312,0.334
2024-08-29T11:07:35.323197,interface,0.0,0.23,0.802
2024-08-29T11:07:35.343198,interface,0.104,0.067,0.885
2024-08-29T11:07:35.401317,interface,1.0,0.525,0.4
2024-08-29T11:07:35.421249,interface,1.0,0.534,0.235
2024-08-29T11:07:35.441243,interface,1.0,0.461,0.218
2024-08-29T11:07:35.479187,interface,0.0,0.208,0.965
2024-08-29T11:07:35.502240,interface,0.022,0.135,0.969
2024-08-29T11:07:35.539214,interface,0.85,0.33,0.346
2024-08-29T11:07:35.560203,interface,1.0,0.427,0.341
2024-08-29T11:07:35.580199,interface,1.0,0.436,0.341
2024-08-29T11:07:35.601262,interface,0.926,0.397,0.263
2024-08-29T11:07:35.640191,interface,0.08200001,0.203,0.683
2024-08-29T11:07:35.661269,interface,0.163,0.169,0.824
2024-08-29T11:07:35.700206,interface,0.7940001,0.312,0.359
2024-08-29T11:07:35.719195,interface,0.9190001,0.4,0.375
2024-08-29T11:07:35.740195,interface,0.9309999,0.405,0.334
2024-08-29T11:07:35.759200,interface,0.815,0.358,0.338
2024-08-29T11:07:41.910188,interface,0.698,0.134,0.463
2024-08-29T11:07:46.335896,interface,0.766,0.41,0.211
2024-08-29T11:07:46.357257,interface,1.0,0.432,0.271
2024-08-29T11:07:46.375182,interface,1.0,0.499,0.285
2024-08-29T11:07:46.414210,interface,0.413,0.432,0.897
2024-08-29T11:07:46.433332,interface,0.0,0.271,0.808
2024-08-29T11:07:46.453518,interface,0.0,0.09099999,0.863
2024-08-29T11:07:46.474352,interface,0.0,0.089,1.0
2024-08-29T11:07:46.494284,interface,0.018,0.292,0.854
2024-08-29T11:07:46.532199,interface,1.0,0.809,0.349
2024-08-29T11:07:46.555209,interface,1.0,0.777,0.2
2024-08-29T11:07:46.574264,interface,1.0,0.72,0.417
2024-08-29T11:07:46.595334,interface,0.958,0.446,0.272
2024-08-29T11:07:46.615242,interface,0.0,0.16,0.513
2024-08-29T11:07:46.632221,interface,0.0,0.048,1.0
2024-08-29T11:07:46.653242,interface,0.137,0.134,0.222
2024-08-29T11:07:46.673243,interface,0.894,0.375,0.311
2024-08-29T11:07:46.694217,interface,1.0,0.618,0.363
2024-08-29T11:07:46.713290,interface,1.0,0.608,0.169
2024-08-29T11:07:46.734217,interface,1.0,0.489,0.29
2024-08-29T11:07:46.771214,interface,0.0,0.168,1.0
2024-08-29T11:07:46.792194,interface,0.0,0.115,1.0
2024-08-29T11:07:46.830206,interface,1.0,0.428,0.259
2024-08-29T11:07:46.850209,interface,1.0,0.499,0.232
2024-08-29T11:07:46.873241,interface,1.0,0.491,0.305
2024-08-29T11:07:46.892242,interface,1.0,0.417,0.217
2024-08-29T11:07:46.930276,interface,0.085,0.232,0.792
2024-08-29T11:07:46.951188,interface,0.0,0.164,0.91
2024-08-29T11:07:47.010228,interface,0.876,0.345,0.345
2024-08-29T11:07:47.029244,interface,0.927,0.369,0.364
2024-08-29T11:07:47.049245,interface,0.844,0.353,0.436
2024-08-29T11:07:49.867342,interface,1.0,0.562,0.511
2024-08-29T11:07:49.889255,interface,1.0,0.578,0.203
2024-08-29T11:07:49.908240,interface,0.754,0.523,0.116
2024-08-29T11:07:49.928202,interface,0.038,0.419,0.622
2024-08-29T11:07:49.949255,interface,0.0,0.181,1.0
2024-08-29T11:07:49.968270,interface,0.0,0.05900001,1.0
2024-08-29T11:07:49.986214,interface,0.0,0.143,0.893
2024-08-29T11:07:50.045267,interface,1.0,0.769,0.361
2024-08-29T11:07:50.064207,interface,1.0,0.722,0.281
2024-08-29T11:07:50.087212,interface,1.0,0.664,0.054
2024-08-29T11:07:50.107231,interface,1.0,0.51,0.06400001
2024-08-29T11:07:50.124221,interface,0.0,0.373,0.438
2024-08-29T11:07:50.145232,interface,0.0,0.085,1.0
2024-08-29T11:07:50.165271,interface,0.0,0.037,0.84
2024-08-29T11:07:50.189282,interface,0.232,0.219,0.588
2024-08-29T11:07:50.224220,interface,0.999,0.423,0.26
2024-08-29T11:07:50.244214,interface,0.936,0.441,0.367
2024-08-29T11:07:50.263174,interface,0.981,0.433,0.413
2024-08-29T11:07:50.284185,interface,0.978,0.384,0.287
2024-08-29T11:07:50.343201,interface,0.167,0.211,0.684
2024-08-29T11:07:50.441333,interface,0.857,0.338,0.381
2024-08-29T11:07:52.884305,interface,1.0,0.548,0.421
2024-08-29T11:07:52.903296,interface,1.0,0.596,0.357
2024-08-29T11:07:52.923332,interface,1.0,0.605,0.377
2024-08-29T11:07:52.963320,interface,0.0,0.327,0.818
2024-08-29T11:07:52.984323,interface,0.0,0.092,1.0
2024-08-29T11:07:53.004238,interface,0.0,0.041,0.916
2024-08-29T11:07:53.024299,interface,0.0,0.1,0.758
2024-08-29T11:07:53.081345,interface,1.0,0.646,0.258
2024-08-29T11:07:53.104350,interface,1.0,0.638,0.16
2024-08-29T11:07:53.123260,interface,1.0,0.609,0.102
2024-08-29T11:07:53.142294,interface,1.0,0.463,0.233
2024-08-29T11:07:53.163229,interface,0.0,0.256,0.656
2024-08-29T11:07:53.183282,interface,0.0,0.004,1.0
2024-08-29T11:07:53.200277,interface,0.0,0.057,0.773
2024-08-29T11:07:53.241369,interface,0.908,0.531,0.241
2024-08-29T11:07:53.262275,interface,1.0,0.607,0.245
2024-08-29T11:07:53.281327,interface,1.0,0.592,0.05
2024-08-29T11:07:53.302253,interface,1.0,0.496,0.1
2024-08-29T11:07:53.339276,interface,0.0,0.189,1.0
2024-08-29T11:07:53.360285,interface,0.0,0.05900001,1.0
2024-08-29T11:07:53.380276,interface,0.083,0.166,0.664
2024-08-29T11:07:53.418249,interface,0.751,0.436,0.208
2024-08-29T11:07:53.441237,interface,1.0,0.553,0.263
2024-08-29T11:07:53.460300,interface,1.0,0.571,0.195
2024-08-29T11:07:53.478202,interface,1.0,0.561,0.135
2024-08-29T11:07:53.502238,interface,1.0,0.487,0.209
2024-08-29T11:07:53.538257,interface,0.0,0.17,1.0
2024-08-29T11:07:53.556165,interface,0.0,0.083,1.0
2024-08-29T11:07:53.580212,interface,0.13,0.143,0.643
2024-08-29T11:07:53.656224,interface,1.0,0.461,0.299
2024-08-29T11:07:53.678281,interface,1.0,0.456,0.213
2024-08-29T11:07:53.698229,interface,0.986,0.443,0.352
2024-08-29T11:07:53.736193,interface,0.122,0.214,0.622
2024-08-29T11:07:53.762307,interface,0.06400001,0.114,0.592
2024-08-29T11:07:53.779309,interface,0.298,0.141,0.427
2024-08-29T11:07:53.835315,interface,0.901,0.373,0.419
2024-08-29T11:07:56.455787,interface,0.416,0.256,0.212
2024-08-29T11:07:56.495763,interface,1.0,0.614,0.402
2024-08-29T11:07:56.518814,interface,1.0,0.621,0.459
2024-08-29T11:07:56.537740,interface,1.0,0.637,0.395
2024-08-29T11:07:56.575761,interface,0.0,0.348,0.802
2024-08-29T11:07:56.597683,interface,0.0,0.111,1.0
2024-08-29T11:07:56.616206,interface,0.0,0.078,1.0
2024-08-29T11:07:56.636206,interface,0.089,0.2,0.619
2024-08-29T11:07:56.674227,interface,1.0,0.629,0.184
2024-08-29T11:07:56.693299,interface,1.0,0.631,0.083
2024-08-29T11:07:56.714228,interface,1.0,0.597,0.13
2024-08-29T11:07:56.734230,interface,1.0,0.465,0.206
2024-08-29T11:07:56.758205,interface,0.0,0.244,0.783
2024-08-29T11:07:56.774201,interface,0.0,0.018,1.0
2024-08-29T11:07:56.795193,interface,0.0,0.113,0.702
2024-08-29T11:07:56.832194,interface,1.0,0.603,0.056
2024-08-29T11:07:56.854194,interface,1.0,0.657,0.09799999
2024-08-29T11:07:56.873349,interface,1.0,0.612,0.116
2024-08-29T11:07:56.893480,interface,1.0,0.514,0.179
2024-08-29T11:07:56.932271,interface,0.0,0.099,1.0
2024-08-29T11:07:56.951202,interface,0.0,0.103,1.0
2024-08-29T11:07:56.991224,interface,0.889,0.519,0.043
2024-08-29T11:07:57.014243,interface,0.9969999,0.659,0.223
2024-08-29T11:07:57.034208,interface,1.0,0.7,0.377
2024-08-29T11:07:57.052214,interface,1.0,0.666,0.0
2024-08-29T11:07:57.073245,interface,1.0,0.629,0.039
2024-08-29T11:07:57.110226,interface,0.0,0.194,1.0
2024-08-29T11:07:57.130200,interface,0.0,0.033,1.0
2024-08-29T11:07:57.150200,interface,0.09,0.131,0.704
2024-08-29T11:07:57.190203,interface,1.0,0.503,0.197
2024-08-29T11:07:57.212221,interface,1.0,0.592,0.244
2024-08-29T11:07:57.231193,interface,1.0,0.621,0.209
2024-08-29T11:07:57.252237,interface,1.0,0.585,0.216
2024-08-29T11:07:57.272186,interface,0.971,0.467,0.342
2024-08-29T11:07:57.289316,interface,0.117,0.284,0.566
2024-08-29T11:07:57.310157,interface,0.0,0.103,1.0
2024-08-29T11:07:57.330212,interface,0.023,0.079,0.834
2024-08-29T11:07:57.368200,interface,0.837,0.329,0.365
2024-08-29T11:07:57.391205,interface,1.0,0.379,0.313
2024-08-29T11:07:57.410262,interface,0.967,0.38,0.317
2024-08-29T11:07:57.428219,interface,0.859,0.379,0.483
2024-08-29T11:07:57.506253,interface,0.583,0.173,0.0
2024-08-29T11:07:59.908263,interface,1.0,0.575,0.633
2024-08-29T11:07:59.929271,interface,1.0,0.605,0.565
2024-08-29T11:07:59.948185,interface,1.0,0.594,0.401
2024-08-29T11:07:59.969324,interface,0.572,0.493,0.027
2024-08-29T11:07:59.989221,interface,0.0,0.314,0.807
2024-08-29T11:08:00.010364,interface,0.0,0.019,1.0
2024-08-29T11:08:00.029389,interface,0.0,0.033,0.968
2024-08-29T11:08:00.068299,interface,0.802,0.515,0.231
2024-08-29T11:08:00.090145,interface,1.0,0.704,0.217
2024-08-29T11:08:00.108212,interface,1.0,0.668,0.101
2024-08-29T11:08:00.127269,interface,1.0,0.595,0.274
2024-08-29T11:08:00.165266,interface,0.0,0.129,0.938
2024-08-29T11:08:00.189229,interface,0.0,0.001,1.0
2024-08-29T11:08:00.208256,interface,0.25,0.183,0.517
2024-08-29T11:08:00.226238,interface,0.842,0.431,0.274
2024-08-29T11:08:00.247204,interface,1.0,0.616,0.211
2024-08-29T11:08:00.266216,interface,1.0,0.64,0.109
2024-08-29T11:08:00.287242,interface,1.0,0.571,0.116
2024-08-29T11:08:00.307200,interface,0.855,0.416,0.113
2024-08-29T11:08:00.328244,interface,0.0,0.167,0.8679999
2024-08-29T11:08:00.347183,interface,0.0,0.028,1.0
2024-08-29T11:08:00.368255,interface,0.122,0.162,0.659
2024-08-29T11:08:00.388237,interface,0.817,0.46,0.274
2024-08-29T11:08:00.405240,interface,1.0,0.677,0.182
2024-08-29T11:08:00.426191,interface,1.0,0.664,0.012
2024-08-29T11:08:00.445285,interface,1.0,0.576,0.175
2024-08-29T11:08:00.484235,interface,0.0,0.159,0.861
2024-08-29T11:08:00.507238,interface,0.0,0.037,1.0
2024-08-29T11:08:00.527188,interface,0.192,0.217,0.531
2024-08-29T11:08:00.564197,interface,1.0,0.665,0.276
2024-08-29T11:08:00.582202,interface,1.0,0.65,0.24
2024-08-29T11:08:00.608204,interface,1.0,0.626,0.049
2024-08-29T11:08:00.625256,interface,1.0,0.55,0.115
2024-08-29T11:08:00.663183,interface,0.0,0.201,1.0
2024-08-29T11:08:00.682200,interface,0.0,0.042,1.0
2024-08-29T11:08:00.704175,interface,0.094,0.09799999,0.527
2024-08-29T11:08:00.802276,interface,0.972,0.457,0.416
2024-08-29T11:08:00.821257,interface,1.0,0.489,0.436
2024-08-29T11:08:00.842202,interface,0.99,0.51,0.549
2024-08-29T11:08:00.862199,interface,0.859,0.457,0.699
2024-08-29T11:08:00.900200,interface,0.378,0.209,0.273
2024-08-29T11:08:00.923243,interface,0.191,0.125,0.144
2024-08-29T11:08:00.943224,interface,0.367,0.134,0.482
2024-08-29T11:08:03.838442,interface,1.0,0.559,0.527
2024-08-29T11:08:03.858228,interface,1.0,0.638,0.513
2024-08-29T11:08:03.880254,interface,1.0,0.694,0.368
2024-08-29T11:08:03.917235,interface,0.0,0.47,0.644
2024-08-29T11:08:03.937275,interface,0.0,0.138,1.0
2024-08-29T11:08:03.958203,interface,0.0,0.062,1.0
2024-08-29T11:08:03.978209,interface,0.178,0.204,0.634
2024-08-29T11:08:04.016253,interface,1.0,0.792,0.402
2024-08-29T11:08:04.039219,interface,1.0,0.787,0.137
2024-08-29T11:08:04.059236,interface,1.0,0.717,0.146
2024-08-29T11:08:04.076226,interface,1.0,0.563,0.45
2024-08-29T11:08:04.097266,interface,0.0,0.285,0.118
2024-08-29T11:08:04.116206,interface,0.0,0.028,1.0
2024-08-29T11:08:04.137201,interface,0.0,0.0,1.0
2024-08-29T11:08:04.175472,interface,1.0,0.644,0.209
2024-08-29T11:08:04.198319,interface,1.0,0.768,0.351
2024-08-29T11:08:04.215314,interface,1.0,0.749,0.235
2024-08-29T11:08:04.236231,interface,1.0,0.612,0.318
2024-08-29T11:08:04.255224,interface,0.0,0.31,0.205
2024-08-29T11:08:04.276203,interface,0.0,0.111,1.0
2024-08-29T11:08:04.296208,interface,0.0,0.034,1.0
2024-08-29T11:08:04.334194,interface,1.0,0.55,0.287
2024-08-29T11:08:04.357250,interface,1.0,0.6690001,0.29
2024-08-29T11:08:04.377273,interface,1.0,0.664,0.2
2024-08-29T11:08:04.394188,interface,1.0,0.576,0.195
2024-08-29T11:08:04.415246,interface,0.515,0.425,0.011
2024-08-29T11:08:04.434208,interface,0.0,0.162,1.0
2024-08-29T11:08:04.455162,interface,0.0,0.032,1.0
2024-08-29T11:08:04.494226,interface,1.0,0.523,0.326
2024-08-29T11:08:04.513258,interface,1.0,0.63,0.158
2024-08-29T11:08:04.533262,interface,1.0,0.612,0.25
2024-08-29T11:08:04.554216,interface,1.0,0.557,0.286
2024-08-29T11:08:04.574229,interface,0.8360001,0.447,0.005
2024-08-29T11:08:04.594177,interface,0.0,0.272,0.521
2024-08-29T11:08:04.614178,interface,0.0,0.114,1.0
2024-08-29T11:08:04.635222,interface,0.019,0.134,0.699
2024-08-29T11:08:04.692265,interface,0.891,0.43,0.376
2024-08-29T11:08:04.710243,interface,0.939,0.402,0.356
2024-08-29T11:08:04.733260,interface,0.907,0.396,0.427
2024-08-29T11:08:04.753293,interface,0.8690001,0.419,0.502
2024-08-29T11:08:06.879833,interface,0.904,0.408,0.199
2024-08-29T11:08:06.894215,interface,1.0,0.477,0.307
2024-08-29T11:08:06.912253,interface,1.0,0.47,0.326
2024-08-29T11:08:06.936194,interface,1.0,0.501,0.467
2024-08-29T11:08:06.973208,interface,0.0,0.334,1.0
2024-08-29T11:08:06.993282,interface,0.0,0.101,1.0
2024-08-29T11:08:07.015268,interface,0.0,0.075,1.0
2024-08-29T11:08:07.052199,interface,1.0,0.625,0.279
2024-08-29T11:08:07.074258,interface,1.0,0.725,0.135
2024-08-29T11:08:07.094239,interface,1.0,0.661,0.103
2024-08-29T11:08:07.112213,interface,1.0,0.553,0.369
2024-08-29T11:08:07.133260,interface,0.083,0.304,0.263
2024-08-29T11:08:07.152192,interface,0.0,0.053,1.0
2024-08-29T11:08:07.173256,interface,0.0,0.017,0.979
2024-08-29T11:08:07.212222,interface,0.949,0.425,0.247
2024-08-29T11:08:07.231176,interface,1.0,0.564,0.292
2024-08-29T11:08:07.251217,interface,1.0,0.556,0.178
2024-08-29T11:08:07.271269,interface,1.0,0.486,0.243
2024-08-29T11:08:07.311422,interface,0.0,0.156,0.9440001
2024-08-29T11:08:07.330344,interface,0.0,0.06599999,1.0
2024-08-29T11:08:07.370318,interface,0.816,0.415,0.292
2024-08-29T11:08:07.390216,interface,0.9929999,0.55,0.271
2024-08-29T11:08:07.410216,interface,1.0,0.58,0.359
2024-08-29T11:08:07.430220,interface,1.0,0.561,0.201
2024-08-29T11:08:07.454180,interface,1.0,0.531,0.221
2024-08-29T11:08:07.471212,interface,0.879,0.486,0.276
2024-08-29T11:08:07.491202,interface,0.0,0.283,0.767
2024-08-29T11:08:07.511205,interface,0.0,0.035,1.0
2024-08-29T11:08:07.532211,interface,0.0,0.073,0.709
2024-08-29T11:08:07.589272,interface,1.0,0.42,0.336
2024-08-29T11:08:07.607196,interface,0.941,0.45,0.367
2024-08-29T11:08:07.630251,interface,0.978,0.486,0.52
2024-08-29T11:08:07.650237,interface,0.883,0.46,0.633
2024-08-29T11:08:07.708204,interface,0.548,0.178,0.139
2024-08-29T11:08:10.347320,interface,1.0,0.409,0.181
2024-08-29T11:08:10.369278,interface,1.0,0.417,0.132
2024-08-29T11:08:10.388227,interface,0.903,0.417,0.203
2024-08-29T11:08:10.426287,interface,0.0,0.186,1.0
2024-08-29T11:08:10.445400,interface,0.0,0.14,1.0
2024-08-29T11:08:10.470333,interface,0.162,0.251,0.776
2024-08-29T11:08:10.506221,interface,0.941,0.468,0.236
2024-08-29T11:08:10.526208,interface,1.0,0.482,0.287
2024-08-29T11:08:10.546243,interface,0.995,0.428,0.349
2024-08-29T11:08:10.567197,interface,0.897,0.343,0.276
2024-08-29T11:08:14.394324,interface,0.93,0.385,0.313
2024-08-29T11:08:14.417310,interface,1.0,0.367,0.225
2024-08-29T11:08:14.435326,interface,0.811,0.314,0.368
2024-08-29T11:08:14.455219,interface,0.128,0.248,0.633
2024-08-29T11:08:14.476195,interface,0.0,0.15,1.0
2024-08-29T11:08:14.496181,interface,0.211,0.201,0.788
2024-08-29T11:08:14.533283,interface,0.967,0.434,0.473
2024-08-29T11:08:14.556199,interface,0.971,0.429,0.346
2024-08-29T11:08:14.574227,interface,0.82,0.357,0.226
2024-08-29T11:08:17.569334,interface,1.0,0.373,0.254
2024-08-29T11:08:17.592213,interface,0.93,0.349,0.159
2024-08-29T11:08:17.628215,interface,0.229,0.281,0.738
2024-08-29T11:08:17.651231,interface,0.0,0.172,0.981
2024-08-29T11:08:17.671190,interface,0.161,0.175,0.8679999
2024-08-29T11:08:17.688209,interface,0.537,0.281,0.656
2024-08-29T11:08:17.730299,interface,1.0,0.457,0.377
2024-08-29T11:08:17.749432,interface,0.926,0.439,0.373
2024-08-29T11:08:17.769315,interface,0.826,0.352,0.35
2024-08-29T11:08:20.267304,interface,0.984,0.38,0.313
2024-08-29T11:08:20.290311,interface,0.917,0.351,0.272
2024-08-29T11:08:20.327241,interface,0.126,0.198,0.65
2024-08-29T11:08:20.350190,interface,0.019,0.143,0.837
2024-08-29T11:08:20.407212,interface,1.0,0.445,0.393
2024-08-29T11:08:20.426279,interface,0.958,0.409,0.292
2024-08-29T11:08:20.446226,interface,0.726,0.335,0.027
2024-08-29T11:08:20.467212,interface,0.521,0.271,0.143
2024-08-29T11:08:34.953917,interface,1.0,0.441,0.262
2024-08-29T11:08:34.972263,interface,1.0,0.439,0.212
2024-08-29T11:08:34.989313,interface,1.0,0.449,0.276
2024-08-29T11:08:35.030302,interface,0.0,0.245,0.884
2024-08-29T11:08:35.051284,interface,0.0,0.122,1.0
2024-08-29T11:08:35.070293,interface,0.0,0.117,0.983
2024-08-29T11:08:35.130236,interface,0.965,0.507,0.438
2024-08-29T11:08:35.149220,interface,1.0,0.534,0.335
2024-08-29T11:08:35.169243,interface,1.0,0.463,0.424
2024-08-29T11:08:35.190215,interface,0.843,0.339,0.224
2024-08-29T11:08:35.209231,interface,0.522,0.191,0.039
2024-08-29T11:08:41.497677,interface,0.889,0.359,0.135
2024-08-29T11:08:41.518744,interface,1.0,0.378,0.09799999
2024-08-29T11:08:41.542707,interface,0.91,0.385,0.242
2024-08-29T11:08:41.576812,interface,0.109,0.322,1.0
2024-08-29T11:08:41.598224,interface,0.0,0.192,1.0
2024-08-29T11:08:41.617253,interface,0.0,0.154,0.849
2024-08-29T11:08:41.637303,interface,0.19,0.209,0.671
2024-08-29T11:08:41.678379,interface,0.867,0.472,0.357
2024-08-29T11:08:41.698358,interface,1.0,0.53,0.371
2024-08-29T11:08:41.716273,interface,1.0,0.479,0.396
2024-08-29T11:08:41.735234,interface,0.891,0.361,0.282
2024-08-29T11:08:41.774210,interface,0.226,0.197,0.409
2024-08-29T11:08:47.409287,interface,0.813,0.35,0.263
2024-08-29T11:08:47.431200,interface,0.8389999,0.364,0.339
2024-08-29T11:08:47.509324,interface,0.328,0.267,0.773
2024-08-29T11:08:47.528220,interface,0.251,0.189,0.715
2024-08-29T11:08:47.548209,interface,0.099,0.121,0.651
2024-08-29T11:08:47.569250,interface,0.113,0.126,0.635
2024-08-29T11:08:47.627242,interface,1.0,0.513,0.339
2024-08-29T11:08:47.649284,interface,1.0,0.523,0.323
2024-08-29T11:08:47.669260,interface,1.0,0.522,0.433
2024-08-29T11:08:47.687197,interface,0.9929999,0.442,0.517
2024-08-29T11:08:47.727226,interface,0.0,0.124,0.667
2024-08-29T11:08:47.748177,interface,0.0,0.051,0.723
2024-08-29T11:08:47.767256,interface,0.163,0.12,0.46
2024-08-29T11:08:47.806235,interface,0.846,0.434,0.363
2024-08-29T11:08:47.825236,interface,1.0,0.52,0.362
2024-08-29T11:08:47.846201,interface,1.0,0.538,0.438
2024-08-29T11:08:47.868213,interface,1.0,0.486,0.45
2024-08-29T11:08:47.904232,interface,0.0,0.162,0.422
2024-08-29T11:08:47.927411,interface,0.0,0.038,0.742
2024-08-29T11:08:47.950342,interface,0.085,0.073,0.586
2024-08-29T11:08:48.005326,interface,1.0,0.502,0.373
2024-08-29T11:08:48.025231,interface,1.0,0.531,0.389
2024-08-29T11:08:48.045228,interface,1.0,0.51,0.365
2024-08-29T11:08:48.067218,interface,0.9940001,0.412,0.336
2024-08-29T11:08:48.104200,interface,0.0,0.09,0.755
2024-08-29T11:08:48.124182,interface,0.0,0.049,0.7940001
2024-08-29T11:08:48.143270,interface,0.212,0.188,0.497
2024-08-29T11:08:48.182219,interface,1.0,0.463,0.32
2024-08-29T11:08:48.204367,interface,1.0,0.52,0.308
2024-08-29T11:08:48.224213,interface,1.0,0.525,0.303
2024-08-29T11:08:48.245254,interface,1.0,0.465,0.298
2024-08-29T11:08:48.283203,interface,0.0,0.162,0.618
2024-08-29T11:08:48.303208,interface,0.0,0.04,0.903
2024-08-29T11:08:48.323218,interface,0.117,0.118,0.577
2024-08-29T11:08:48.361246,interface,0.948,0.444,0.282
2024-08-29T11:08:48.384197,interface,1.0,0.525,0.297
2024-08-29T11:08:48.403209,interface,1.0,0.508,0.306
2024-08-29T11:08:48.421252,interface,1.0,0.483,0.332
2024-08-29T11:08:48.442198,interface,0.86,0.37,0.329
2024-08-29T11:08:48.461254,interface,0.054,0.217,0.486
2024-08-29T11:08:48.482214,interface,0.0,0.08,0.935
2024-08-29T11:08:48.502211,interface,0.114,0.103,0.65
2024-08-29T11:08:48.540216,interface,0.862,0.394,0.366
2024-08-29T11:08:48.560231,interface,0.989,0.465,0.292
2024-08-29T11:08:48.580196,interface,1.0,0.514,0.293
2024-08-29T11:08:48.600206,interface,1.0,0.491,0.284
2024-08-29T11:08:48.621240,interface,0.995,0.424,0.342
2024-08-29T11:08:48.659246,interface,0.0,0.128,0.646
2024-08-29T11:08:48.678271,interface,0.0,0.07,0.84
2024-08-29T11:08:48.698253,interface,0.191,0.161,0.537
2024-08-29T11:08:48.738254,interface,1.0,0.448,0.319
2024-08-29T11:08:48.760186,interface,1.0,0.532,0.335
2024-08-29T11:08:48.779224,interface,1.0,0.514,0.341
2024-08-29T11:08:48.800206,interface,1.0,0.479,0.362
2024-08-29T11:08:48.838201,interface,0.0,0.177,0.5809999
2024-08-29T11:08:48.858195,interface,0.0,0.093,0.877
2024-08-29T11:08:48.878207,interface,0.172,0.128,0.538
2024-08-29T11:08:48.916258,interface,0.922,0.426,0.34
2024-08-29T11:08:48.939215,interface,1.0,0.495,0.292
2024-08-29T11:08:48.958263,interface,1.0,0.49,0.327
2024-08-29T11:08:48.978293,interface,1.0,0.494,0.377
2024-08-29T11:08:48.998309,interface,0.9110001,0.431,0.449
2024-08-29T11:08:49.036337,interface,0.0,0.155,0.731
2024-08-29T11:08:49.055284,interface,0.056,0.094,0.701
2024-08-29T11:08:49.115250,interface,0.927,0.421,0.327
2024-08-29T11:08:49.135266,interface,1.0,0.451,0.286
2024-08-29T11:08:49.157267,interface,1.0,0.467,0.322
2024-08-29T11:08:49.177234,interface,0.9969999,0.447,0.408
2024-08-29T11:08:49.233279,interface,0.0,0.127,0.667
2024-08-29T11:08:49.256215,interface,0.201,0.138,0.654
2024-08-29T11:08:49.314287,interface,0.98,0.428,0.329
2024-08-29T11:08:49.332198,interface,1.0,0.44,0.368
2024-08-29T11:08:49.355226,interface,0.996,0.422,0.396
2024-08-29T11:08:49.375208,interface,0.892,0.349,0.376
2024-08-29T11:08:49.413286,interface,0.0,0.181,0.716
2024-08-29T11:08:49.433232,interface,0.156,0.165,0.684
2024-08-29T11:08:49.492202,interface,0.954,0.418,0.413
2024-08-29T11:08:49.511218,interface,1.0,0.417,0.368
2024-08-29T11:08:49.533223,interface,0.909,0.39,0.381
2024-08-29T11:08:49.592224,interface,0.268,0.202,0.612
2024-08-29T11:08:50.366241,interface,0.363,0.172,0.282
2024-08-29T11:08:50.445276,interface,0.85,0.446,0.671
2024-08-29T11:08:50.466224,interface,0.9940001,0.523,0.568
2024-08-29T11:08:50.484203,interface,1.0,0.572,0.568
2024-08-29T11:08:50.505288,interface,1.0,0.514,0.426
2024-08-29T11:08:50.527185,interface,0.81,0.388,0.244
2024-08-29T11:08:50.546263,interface,0.268,0.272,0.198
2024-08-29T11:08:50.565242,interface,0.0,0.165,0.769
2024-08-29T11:08:50.587213,interface,0.0,0.09799999,0.815
2024-08-29T11:08:50.606189,interface,0.067,0.144,0.582
2024-08-29T11:08:50.644197,interface,0.8780001,0.427,0.348
2024-08-29T11:08:50.664204,interface,1.0,0.534,0.366
2024-08-29T11:08:50.684230,interface,1.0,0.536,0.351
2024-08-29T11:08:50.704254,interface,1.0,0.488,0.462
2024-08-29T11:08:50.742257,interface,0.0,0.184,0.447
2024-08-29T11:08:50.762217,interface,0.0,0.085,0.901
2024-08-29T11:08:50.783232,interface,0.141,0.149,0.556
2024-08-29T11:08:50.821292,interface,0.938,0.419,0.363
2024-08-29T11:08:50.840249,interface,1.0,0.477,0.381
2024-08-29T11:08:50.864184,interface,1.0,0.456,0.366
2024-08-29T11:08:50.883212,interface,1.0,0.454,0.388
2024-08-29T11:08:50.901290,interface,0.7940001,0.334,0.306
2024-08-29T11:08:50.922217,interface,0.169,0.213,0.487
2024-08-29T11:08:50.941231,interface,0.0,0.121,0.694
2024-08-29T11:08:50.962201,interface,0.237,0.143,0.594
2024-08-29T11:08:51.000285,interface,0.818,0.331,0.375
2024-08-29T11:08:51.020209,interface,0.923,0.378,0.365
2024-08-29T11:08:51.039190,interface,0.893,0.378,0.364
2024-08-29T11:08:51.139304,interface,0.399,0.247,0.974
2024-08-29T11:08:51.178207,interface,0.171,0.295,0.152
2024-08-29T11:08:51.239216,interface,0.809,0.338,0.146
2024-08-29T11:08:51.257274,interface,0.506,0.322,0.025
2024-08-29T11:08:51.280211,interface,0.535,0.288,0.0
2024-08-29T11:08:51.299198,interface,0.595,0.353,0.051
2024-08-29T11:08:51.320225,interface,0.693,0.379,0.139
2024-08-29T11:08:51.357255,interface,0.393,0.34,0.9
2024-08-29T11:08:51.378196,interface,0.414,0.25,1.0
2024-08-29T11:08:51.435192,interface,0.506,0.31,0.086
2024-08-29T11:08:51.458230,interface,0.73,0.347,0.108
2024-08-29T11:08:51.477262,interface,0.9110001,0.383,0.071
2024-08-29T11:08:51.497243,interface,0.8389999,0.375,0.06400001
2024-08-29T11:08:51.534244,interface,0.447,0.299,1.0
2024-08-29T11:08:51.575215,interface,0.199,0.188,0.0
2024-08-29T11:08:51.597236,interface,0.605,0.254,0.0
2024-08-29T11:08:51.617236,interface,0.805,0.336,0.246
2024-08-29T11:08:51.635213,interface,0.684,0.382,0.17
2024-08-29T11:08:51.675262,interface,0.65,0.39,0.867
2024-08-29T11:08:51.696194,interface,0.587,0.334,0.988
2024-08-29T11:08:51.734238,interface,0.15,0.244,0.0
2024-08-29T11:08:51.757298,interface,0.719,0.301,0.0
2024-08-29T11:08:51.773266,interface,0.817,0.344,0.19
2024-08-29T11:08:51.794275,interface,0.649,0.401,0.163
2024-08-29T11:08:51.834232,interface,0.597,0.346,0.901
2024-08-29T11:08:51.852220,interface,0.507,0.297,1.0
2024-08-29T11:08:51.892308,interface,0.229,0.264,0.0
2024-08-29T11:08:51.916203,interface,0.822,0.316,0.0
2024-08-29T11:08:51.935263,interface,0.83,0.372,0.302
2024-08-29T11:08:51.953243,interface,0.632,0.377,0.09799999
2024-08-29T11:08:51.991197,interface,0.523,0.336,0.934
2024-08-29T11:08:52.014271,interface,0.521,0.292,0.989
2024-08-29T11:08:52.051228,interface,0.391,0.258,0.0
2024-08-29T11:08:52.114345,interface,0.687,0.347,0.176
2024-08-29T11:08:52.170332,interface,0.578,0.317,0.142
2024-08-29T11:08:52.230260,interface,0.259,0.282,0.722
2024-08-29T11:08:52.251237,interface,0.332,0.281,0.812
2024-08-29T11:08:52.271200,interface,0.476,0.32,0.871
2024-08-29T11:08:52.309296,interface,0.943,0.354,0.768
2024-08-29T11:08:52.332188,interface,0.848,0.406,0.893
2024-08-29T11:08:52.369253,interface,0.177,0.273,0.0
2024-08-29T11:08:52.390217,interface,0.475,0.217,0.0
2024-08-29T11:08:52.409248,interface,0.433,0.246,0.876
2024-08-29T11:08:52.487250,interface,1.0,0.418,0.625
2024-08-29T11:08:52.510228,interface,0.983,0.387,0.471
2024-08-29T11:08:52.570137,interface,0.0,0.17,0.268
2024-08-29T11:08:52.586237,interface,0.0,0.183,0.551
2024-08-29T11:08:52.609220,interface,0.2,0.234,0.573
2024-08-29T11:08:52.646217,interface,1.0,0.466,0.593
2024-08-29T11:08:52.667280,interface,1.0,0.482,0.352
2024-08-29T11:08:52.687205,interface,1.0,0.489,0.603
2024-08-29T11:08:52.708216,interface,0.983,0.435,0.681
2024-08-29T11:08:52.746255,interface,0.0,0.233,0.26
2024-08-29T11:08:52.765234,interface,0.0,0.114,0.72
2024-08-29T11:08:52.788291,interface,0.231,0.205,0.513
2024-08-29T11:08:52.825301,interface,1.0,0.434,0.516
2024-08-29T11:08:52.846244,interface,1.0,0.454,0.327
2024-08-29T11:08:52.866206,interface,1.0,0.427,0.418
2024-08-29T11:08:52.887214,interface,0.991,0.431,0.484
2024-08-29T11:08:52.924200,interface,0.0,0.231,0.43
2024-08-29T11:08:52.944277,interface,0.0,0.135,0.748
2024-08-29T11:08:52.964196,interface,0.186,0.193,0.587
2024-08-29T11:08:53.002254,interface,0.935,0.406,0.525
2024-08-29T11:08:53.025221,interface,1.0,0.431,0.485
2024-08-29T11:08:53.045304,interface,0.9700001,0.398,0.362
2024-08-29T11:08:53.066233,interface,0.945,0.382,0.392
2024-08-29T11:08:53.086220,interface,0.805,0.332,0.314
2024-08-29T11:08:53.261283,interface,0.829,0.294,0.219
2024-08-29T11:09:01.137342,interface,0.804,0.303,0.286
2024-08-29T11:09:01.159234,interface,0.863,0.321,0.311
2024-08-29T11:09:01.337253,interface,0.817,0.3,0.35
2024-08-29T11:09:01.359179,interface,0.784,0.311,0.316
2024-08-29T11:09:05.819296,interface,0.799,0.285,0.381
2024-08-29T11:09:05.900270,interface,0.284,0.232,0.761
2024-08-29T11:09:05.938239,interface,0.81,0.303,0.362
2024-08-29T11:09:05.961288,interface,0.826,0.32,0.299
2024-08-29T11:09:05.981244,interface,0.771,0.311,0.32
2024-08-29T11:09:11.096347,interface,0.859,0.292,0.246
2024-08-29T11:09:11.157264,interface,0.289,0.256,0.705
2024-08-29T11:09:11.177242,interface,0.254,0.253,0.69
2024-08-29T11:09:11.256249,interface,0.796,0.321,0.349
2024-08-29T11:09:11.275234,interface,0.863,0.315,0.353
2024-08-29T11:09:21.076349,interface,0.867,0.3,0.349
2024-08-29T11:09:38.954357,interface,0.971,0.332,0.428
2024-08-29T11:09:38.969499,interface,0.81,0.317,0.305
2024-08-29T11:09:49.540321,interface,0.366,0.155,0.434
2024-08-29T11:09:49.562260,interface,0.258,0.125,0.485
2024-08-29T11:09:49.582202,interface,0.231,0.102,0.541
2024-08-29T11:09:49.603202,interface,0.224,0.095,0.552
2024-08-29T11:09:49.623208,interface,0.219,0.081,0.485
2024-08-29T11:09:49.640183,interface,0.259,0.1,0.507
2024-08-29T11:09:49.661283,interface,0.307,0.114,0.423
2024-08-29T11:09:49.681231,interface,0.298,0.133,0.394
2024-08-29T11:09:49.701308,interface,0.256,0.145,0.486
2024-08-29T11:09:53.686305,interface,0.954,0.511,0.486
2024-08-29T11:09:53.708204,interface,1.0,0.519,0.397
2024-08-29T11:09:53.727253,interface,0.906,0.479,0.314
2024-08-29T11:09:53.807218,interface,0.204,0.12,0.499
2024-08-29T11:09:53.825271,interface,0.0,0.0,0.725
2024-08-29T11:09:53.848199,interface,0.0,0.0,1.0
2024-08-29T11:09:53.868218,interface,0.0,0.036,0.733
2024-08-29T11:09:53.906206,interface,1.0,0.596,0.476
2024-08-29T11:09:53.928299,interface,1.0,0.651,0.179
2024-08-29T11:09:53.947191,interface,1.0,0.638,0.023
2024-08-29T11:09:53.966226,interface,1.0,0.545,0.284
2024-08-29T11:09:54.005253,interface,0.0,0.291,0.755
2024-08-29T11:09:54.024227,interface,0.0,0.149,1.0
2024-08-29T11:09:54.045225,interface,0.043,0.139,0.716
2024-08-29T11:09:54.065266,interface,0.214,0.191,0.484
2024-08-29T11:09:54.698386,interface,0.195,0.157,0.562
2024-08-29T11:09:54.721854,interface,0.0,0.0,0.636
2024-08-29T11:09:54.740011,interface,0.0,0.0,0.899
2024-08-29T11:09:54.762174,interface,0.0,0.0,0.9440001
2024-08-29T11:09:54.779225,interface,0.089,0.036,0.812
2024-08-29T11:09:54.799218,interface,0.299,0.184,0.646
2024-08-29T11:10:09.557373,interface,0.178,0.331,0.628
2024-08-29T11:10:10.410327,interface,0.231,0.395,0.999
2024-08-29T11:10:13.683275,interface,0.624,0.368,0.849
2024-08-29T11:10:13.901267,interface,0.559,0.756,0.789
2024-08-29T11:10:14.040220,interface,0.61,0.034,0.649
2024-08-29T11:10:14.297271,interface,0.595,0.153,0.737
2024-08-29T11:10:15.429338,interface,0.3,0.616,0.867
2024-08-29T11:10:15.451300,interface,0.299,0.605,0.801
2024-08-29T11:10:16.083284,interface,0.005,0.903,0.838
2024-08-29T11:10:16.103202,interface,0.344,0.712,0.963
2024-08-29T11:10:16.262233,interface,0.516,0.489,1.0
2024-08-29T11:10:16.284207,interface,0.5,0.546,1.0
2024-08-29T11:10:25.410726,interface,0.623,0.5440001,1.0
2024-08-29T11:10:25.566206,interface,0.468,0.576,0.888
2024-08-29T11:10:26.558277,interface,0.707,0.379,0.8190001
2024-08-29T11:10:27.114344,interface,0.774,0.305,0.799
2024-08-29T11:10:27.136267,interface,0.844,0.276,0.714
2024-08-29T11:10:27.788289,interface,0.462,0.375,0.12
2024-08-29T11:10:28.106290,interface,0.585,0.375,0.119
2024-08-29T11:10:28.146253,interface,0.541,0.397,0.076
2024-08-29T11:10:28.582259,interface,0.392,0.34,0.137
2024-08-29T11:10:30.745334,interface,0.709,0.367,0.202
2024-08-29T11:10:31.260278,interface,0.927,0.344,0.354
2024-08-29T11:10:31.282229,interface,0.797,0.377,0.043
2024-08-29T11:10:32.609349,interface,0.518,0.29,0.166
2024-08-29T11:10:32.748243,interface,0.556,0.285,0.172
2024-08-29T11:10:32.907230,interface,0.557,0.385,0.144
2024-08-29T11:10:33.126269,interface,0.734,0.386,0.185
2024-08-29T11:10:33.225272,interface,0.732,0.142,0.499
2024-08-29T11:10:33.265239,interface,0.725,0.503,0.042
2024-08-29T11:10:33.542240,interface,1.0,0.818,0.521
2024-08-29T11:10:33.565246,interface,0.865,0.599,0.286
2024-08-29T11:10:33.581228,interface,0.0,0.708,0.19
2024-08-29T11:10:33.602214,interface,0.549,0.469,0.0
2024-08-29T11:10:38.601308,interface,0.876,0.408,0.523
2024-08-29T11:10:38.623198,interface,0.874,0.374,0.574
2024-08-29T11:10:41.004893,interface,0.55,0.389,0.123
2024-08-29T11:10:41.022236,interface,0.5809999,0.406,0.008
2024-08-29T11:10:41.042212,interface,0.606,0.374,0.101
2024-08-29T11:10:41.063259,interface,0.631,0.338,0.138
2024-08-29T11:10:42.114715,interface,0.645,0.253,0.083
2024-08-29T11:10:43.263297,interface,0.767,0.287,0.185
2024-08-29T11:10:44.097325,interface,0.843,0.312,0.519
2024-08-29T11:10:44.119196,interface,0.767,0.277,0.652
2024-08-29T11:10:44.294211,interface,0.667,0.219,0.295
2024-08-29T11:10:44.334239,interface,0.599,0.392,0.104
2024-08-29T11:10:44.494227,interface,0.577,0.455,0.092
2024-08-29T11:10:47.271303,interface,0.447,0.336,0.154
2024-08-29T11:10:48.740295,interface,0.709,0.261,0.286
2024-08-29T11:10:50.743298,interface,0.566,0.632,0.131
2024-08-29T11:10:50.766366,interface,0.55,0.633,0.132
2024-08-29T11:10:53.680286,interface,0.711,0.709,0.26
2024-08-29T11:10:53.702231,interface,0.731,0.721,0.205
2024-08-29T11:10:53.722185,interface,0.737,0.724,0.128
2024-08-29T11:10:53.742233,interface,0.733,0.746,0.122
2024-08-29T11:10:53.763228,interface,0.732,0.748,0.09799999
2024-08-29T11:10:53.782286,interface,0.778,0.733,0.122
2024-08-29T11:10:53.800211,interface,0.813,0.725,0.081
2024-08-29T11:10:53.820224,interface,0.805,0.749,0.085
2024-08-29T11:10:53.840229,interface,0.797,0.766,0.062
2024-08-29T11:10:53.861278,interface,0.785,0.774,0.111
2024-08-29T11:10:53.880180,interface,0.765,0.75,0.133
2024-08-29T11:10:53.901388,interface,0.76,0.715,0.22
2024-08-29T11:11:12.831272,interface,0.74,0.284,0.286
2024-08-29T11:11:24.339195,interface,0.501,0.4,0.115
2024-08-29T11:11:24.362220,interface,0.489,0.419,0.132
2024-08-29T11:11:32.992276,interface,0.12,0.535,0.506
2024-08-29T11:11:33.014220,interface,0.099,0.57,0.464
2024-08-29T11:11:33.427267,interface,0.713,0.384,0.151
2024-08-29T11:11:33.450243,interface,0.709,0.403,0.09700001
2024-08-29T11:11:33.471365,interface,0.739,0.386,0.074
2024-08-29T11:11:33.488335,interface,0.717,0.369,0.044
2024-08-29T11:11:33.510199,interface,0.678,0.356,0.06800001
2024-08-29T11:11:33.529234,interface,0.648,0.349,0.113
2024-08-29T11:11:33.549321,interface,0.647,0.331,0.117
2024-08-29T11:11:33.569228,interface,0.618,0.318,0.122
2024-08-29T11:11:33.590191,interface,0.599,0.317,0.159
2024-08-29T11:11:33.609277,interface,0.594,0.29,0.203
2024-08-29T11:11:35.174296,interface,0.121,0.537,0.484
2024-08-29T11:11:35.196250,interface,0.104,0.556,0.49
2024-08-29T11:11:35.216193,interface,0.032,0.585,0.541
2024-08-29T11:11:35.237267,interface,0.057,0.586,0.602
2024-08-29T11:11:35.257245,interface,0.128,0.573,0.576
2024-08-29T11:11:35.711279,interface,0.751,0.476,0.21
2024-08-29T11:11:35.731224,interface,0.747,0.495,0.145
2024-08-29T11:11:35.752202,interface,0.732,0.48,0.175
2024-08-29T11:11:35.809302,interface,0.692,0.477,0.169
2024-08-29T11:11:35.831216,interface,0.693,0.458,0.164
2024-08-29T11:11:35.850217,interface,0.719,0.438,0.185
2024-08-29T11:11:35.869245,interface,0.728,0.43,0.181
2024-08-29T11:11:35.890204,interface,0.72,0.437,0.179
2024-08-29T11:11:35.910225,interface,0.719,0.446,0.169
2024-08-29T11:11:35.931214,interface,0.743,0.455,0.177
2024-08-29T11:11:35.950230,interface,0.749,0.439,0.178
2024-08-29T11:11:35.971225,interface,0.746,0.444,0.201
2024-08-29T11:11:38.290284,interface,0.683,0.797,0.649
2024-08-29T11:11:38.312212,interface,0.764,0.774,0.627
2024-08-29T11:11:38.332232,interface,0.795,0.791,0.602
2024-08-29T11:11:38.353256,interface,0.798,0.849,0.604
2024-08-29T11:11:38.373228,interface,0.756,0.9049999,0.633
2024-08-29T11:11:38.392243,interface,0.798,0.857,0.68
2024-08-29T11:11:38.411222,interface,0.692,0.8719999,0.732
2024-08-29T11:11:38.430184,interface,0.75,0.8309999,0.718
2024-08-29T11:11:38.451206,interface,0.768,0.818,0.685
2024-08-29T11:11:38.471188,interface,0.858,0.783,0.712
2024-08-29T11:11:38.491248,interface,0.659,0.815,0.851
2024-08-29T11:11:38.511233,interface,0.691,0.7059999,0.899
2024-08-29T11:11:38.528175,interface,0.792,0.664,0.79
2024-08-29T11:11:38.550179,interface,0.8679999,0.665,0.715
2024-08-29T11:11:38.569241,interface,0.871,0.671,0.66
2024-08-29T11:11:38.590204,interface,0.8059999,0.661,0.817
2024-08-29T11:11:38.609268,interface,0.771,0.631,0.857
2024-08-29T11:11:38.630236,interface,0.727,0.623,0.798
2024-08-29T11:11:39.699399,interface,0.72,0.493,0.184
2024-08-29T11:11:39.722304,interface,0.734,0.532,0.126
2024-08-29T11:11:39.740315,interface,0.736,0.55,0.081
2024-08-29T11:11:39.759255,interface,0.747,0.545,0.132
2024-08-29T11:11:39.780250,interface,0.735,0.579,0.122
2024-08-29T11:11:39.800208,interface,0.708,0.602,0.137
2024-08-29T11:11:39.821274,interface,0.686,0.617,0.134
2024-08-29T11:11:39.840186,interface,0.679,0.603,0.116
2024-08-29T11:11:39.862209,interface,0.708,0.5809999,0.16
2024-08-29T11:11:39.881236,interface,0.708,0.577,0.194
2024-08-29T11:11:39.898176,interface,0.697,0.592,0.194
2024-08-29T11:11:40.989342,interface,0.174,0.743,0.547
2024-08-29T11:11:41.011173,interface,0.163,0.758,0.561
2024-08-29T11:11:41.029249,interface,0.159,0.758,0.564
2024-08-29T11:11:41.052202,interface,0.174,0.754,0.588
2024-08-29T11:11:41.072195,interface,0.187,0.744,0.588
2024-08-29T11:11:42.339328,interface,0.811,0.684,0.335
2024-08-29T11:11:42.362205,interface,0.817,0.687,0.282
2024-08-29T11:11:42.379225,interface,0.801,0.6690001,0.348
2024-08-29T11:11:42.458246,interface,0.829,0.645,0.358
2024-08-29T11:11:45.891231,interface,0.623,0.388,0.851
2024-08-29T11:11:45.913287,interface,0.589,0.401,0.875
2024-08-29T11:11:45.932224,interface,0.566,0.379,0.8719999
2024-08-29T11:11:45.954444,interface,0.535,0.352,0.909
2024-08-29T11:11:45.972367,interface,0.492,0.344,0.957
2024-08-29T11:11:45.991326,interface,0.489,0.334,0.926
2024-08-29T11:11:46.012237,interface,0.505,0.32,0.893
2024-08-29T11:11:46.032215,interface,0.525,0.308,0.844
2024-08-29T11:11:46.053234,interface,0.497,0.281,0.841
2024-08-29T11:11:46.073259,interface,0.463,0.288,0.899
2024-08-29T11:11:46.090213,interface,0.429,0.277,0.842
2024-08-29T11:11:46.111198,interface,0.448,0.276,0.807
2024-08-29T11:11:46.844286,interface,0.711,0.519,0.121
2024-08-29T11:11:46.903251,interface,0.577,0.623,0.078
2024-08-29T11:11:46.926206,interface,0.632,0.564,0.08200001
2024-08-29T11:11:46.945234,interface,0.663,0.573,0.11
2024-08-29T11:11:46.966227,interface,0.749,0.545,0.102
2024-08-29T11:11:46.986366,interface,0.701,0.5809999,0.067
2024-08-29T11:11:47.006332,interface,0.638,0.593,0.105
2024-08-29T11:11:47.856253,interface,0.196,0.685,0.636
2024-08-29T11:11:47.878233,interface,0.18,0.705,0.624
2024-08-29T11:11:47.897265,interface,0.192,0.703,0.593
2024-08-29T11:11:47.936280,interface,0.191,0.709,0.561
2024-08-29T11:11:48.254296,interface,0.143,0.641,0.506
2024-08-29T11:11:48.710240,interface,0.548,0.659,0.16
2024-08-29T11:11:48.729258,interface,0.514,0.666,0.102
2024-08-29T11:11:48.752203,interface,0.521,0.636,0.111
2024-08-29T11:11:48.772233,interface,0.53,0.595,0.125
2024-08-29T11:11:49.047233,interface,0.589,0.541,0.129
2024-08-29T11:11:49.067217,interface,0.614,0.505,0.105
2024-08-29T11:11:49.090279,interface,0.618,0.496,0.086
2024-08-29T11:11:49.107328,interface,0.61,0.503,0.067
2024-08-29T11:11:49.128220,interface,0.604,0.503,0.092
2024-08-29T11:11:49.148223,interface,0.611,0.518,0.108
2024-08-29T11:11:49.169248,interface,0.598,0.517,0.136
2024-08-29T11:11:49.205298,interface,0.56,0.566,0.128
2024-08-29T11:11:49.226237,interface,0.573,0.564,0.078
2024-08-29T11:11:49.246192,interface,0.59,0.574,0.093
2024-08-29T11:11:49.267215,interface,0.6,0.585,0.13
2024-08-29T11:11:49.286295,interface,0.589,0.579,0.142
2024-08-29T11:11:50.122430,interface,0.129,0.516,0.424
2024-08-29T11:11:50.141408,interface,0.124,0.53,0.44
2024-08-29T11:11:50.159297,interface,0.128,0.551,0.436
2024-08-29T11:11:50.180268,interface,0.133,0.586,0.435
2024-08-29T11:11:50.277278,interface,0.431,0.595,0.131
2024-08-29T11:11:50.614270,interface,0.605,0.381,0.111
2024-08-29T11:11:50.635243,interface,0.641,0.381,0.102
2024-08-29T11:11:50.654211,interface,0.666,0.414,0.056
2024-08-29T11:11:50.678214,interface,0.6690001,0.446,0.067
2024-08-29T11:11:50.697237,interface,0.647,0.475,0.1
2024-08-29T11:11:50.714196,interface,0.645,0.52,0.104
2024-08-29T11:11:50.793240,interface,0.548,0.685,0.169
2024-08-29T11:11:50.816199,interface,0.525,0.699,0.18
2024-08-29T11:11:50.836228,interface,0.474,0.733,0.161
2024-08-29T11:11:50.853272,interface,0.408,0.779,0.174
2024-08-29T11:11:50.874201,interface,0.324,0.79,0.211
2024-08-29T11:11:50.894221,interface,0.238,0.765,0.233
2024-08-29T11:11:50.914225,interface,0.138,0.744,0.257
2024-08-29T11:11:50.934233,interface,0.147,0.678,0.32
2024-08-29T11:11:50.955242,interface,0.165,0.615,0.348
2024-08-29T11:11:53.690373,interface,0.616,0.431,0.109
2024-08-29T11:11:53.869237,interface,0.5809999,0.438,0.133
2024-08-29T11:11:53.891203,interface,0.585,0.428,0.103
2024-08-29T11:12:06.794327,interface,0.607,0.381,0.151
2024-08-29T11:12:09.332495,interface,0.439,0.654,0.111
2024-08-29T11:12:09.348198,interface,0.506,0.633,0.095
2024-08-29T11:12:09.371234,interface,0.567,0.569,0.123
2024-08-29T11:12:09.727196,interface,0.622,0.423,0.103
2024-08-29T11:12:12.306232,interface,0.608,0.316,0.181
2024-08-29T11:12:13.497316,interface,0.595,0.667,0.077
2024-08-29T11:12:13.519276,interface,0.59,0.626,0.124
2024-08-29T11:12:13.814222,interface,0.592,0.68,0.133
2024-08-29T11:12:13.835191,interface,0.579,0.694,0.139
2024-08-29T11:12:13.854199,interface,0.561,0.683,0.111
2024-08-29T11:12:13.875211,interface,0.573,0.676,0.077
2024-08-29T11:12:13.895189,interface,0.577,0.652,0.092
2024-08-29T11:12:13.916205,interface,0.624,0.605,0.137
2024-08-29T11:12:17.326280,interface,0.684,0.23,0.308
2024-08-29T11:12:17.348212,interface,0.742,0.203,0.275
2024-08-29T11:12:17.366217,interface,0.721,0.262,0.26
2024-08-29T11:12:17.389300,interface,0.719,0.272,0.234
2024-08-29T11:12:17.409241,interface,0.692,0.315,0.235
2024-08-29T11:12:18.775318,interface,0.138,0.379,0.476
2024-08-29T11:12:20.462298,interface,0.668,0.209,0.321
2024-08-29T11:12:22.902637,interface,0.582,0.479,0.075
2024-08-29T11:12:26.674189,interface,0.73,0.297,0.283
2024-08-29T11:12:27.447506,interface,0.791,0.529,0.264
2024-08-29T11:12:32.469340,interface,0.162,0.456,0.674
2024-08-29T11:13:00.136462,interface,0.532,0.66,0.122
2024-08-29T11:13:07.558212,interface,0.51,0.286,0.857
2024-08-29T11:13:07.578208,interface,0.541,0.283,0.818
2024-08-29T11:13:15.142729,interface,0.358,0.574,0.16
2024-08-29T11:13:15.162238,interface,0.417,0.57,0.0
2024-08-29T11:13:15.181298,interface,0.472,0.558,0.0
2024-08-29T11:13:16.053858,interface,0.821,0.244,0.368
2024-08-29T11:13:16.213805,interface,0.782,0.38,0.074
2024-08-29T11:13:16.753348,interface,0.624,0.425,0.134
2024-08-29T11:13:30.204288,interface,0.459,0.385,0.033
2024-08-29T11:13:57.448267,interface,0.65,0.392,0.143
2024-08-29T11:13:58.722294,interface,0.759,0.261,0.267
2024-08-29T11:13:58.738199,interface,0.859,0.268,0.272
2024-08-29T11:13:58.778210,interface,0.721,0.409,0.156
2024-08-29T11:13:58.797249,interface,0.787,0.383,0.094
2024-08-29T11:13:58.817246,interface,0.757,0.418,0.095
2024-08-29T11:14:00.368441,interface,0.676,0.456,0.168
2024-08-29T11:14:00.386236,interface,0.705,0.474,0.177
2024-08-29T11:14:00.404252,interface,0.792,0.506,0.156
2024-08-29T11:14:00.424186,interface,0.784,0.567,0.046
2024-08-29T11:14:00.445247,interface,0.741,0.607,0.0
2024-08-29T11:14:00.465254,interface,0.691,0.625,0.0
2024-08-29T11:14:00.486218,interface,0.646,0.611,0.137
2024-08-29T11:14:00.584220,interface,0.71,0.456,0.179
2024-08-29T11:14:00.603293,interface,0.64,0.488,0.093
2024-08-29T11:14:10.267287,interface,0.738,0.529,0.118
2024-08-29T11:14:10.289247,interface,0.762,0.537,0.211
2024-08-29T11:14:10.327183,interface,0.554,0.612,0.072
2024-08-29T11:14:10.347196,interface,0.54,0.564,0.119
2024-08-29T11:14:16.101360,interface,0.499,0.734,0.196
2024-08-29T11:14:16.518313,interface,0.527,0.804,0.215
2024-08-29T11:14:16.540214,interface,0.534,0.857,0.145
2024-08-29T11:14:16.559211,interface,0.493,0.891,0.113
2024-08-29T11:14:16.580213,interface,0.495,0.879,0.161
2024-08-29T11:14:16.600224,interface,0.515,0.821,0.254
2024-08-29T11:15:14.313745,interface,0.465,0.451,0.07
2024-08-29T11:15:20.583296,interface,0.369,0.503,0.121
2024-08-29T11:15:20.606218,interface,0.4,0.521,0.077
2024-08-29T11:15:22.073340,interface,0.167,0.717,0.06
2024-08-29T11:15:22.095205,interface,0.393,0.577,0.0
2024-08-29T11:15:28.582260,interface,0.678,0.371,0.0
2024-08-29T11:15:28.782412,interface,0.427,0.578,0.118
2024-08-29T11:15:48.110269,interface,0.415,0.821,0.267
2024-08-29T11:15:48.132257,interface,0.414,0.767,0.231
2024-08-29T11:15:48.289315,interface,0.538,0.792,0.252
2024-08-29T11:15:54.759297,interface,0.445,0.716,0.181
2024-08-29T11:15:54.822280,interface,0.508,0.694,0.139
2024-08-29T11:15:54.840344,interface,0.433,0.718,0.139
2024-08-29T11:15:54.859221,interface,0.404,0.727,0.207
2024-08-29T11:15:54.937327,interface,0.403,0.735,0.192
2024-08-29T11:15:54.961305,interface,0.387,0.742,0.222
2024-08-29T11:16:02.958303,interface,0.5,0.536,0.121
2024-08-29T11:16:02.980214,interface,0.52,0.496,0.125
2024-08-29T11:16:14.926345,interface,0.741,0.216,0.386
2024-08-29T11:16:14.950212,interface,0.778,0.253,0.444
2024-08-29T11:16:15.006179,interface,0.655,0.319,0.184
2024-08-29T11:16:15.027224,interface,0.77,0.259,0.359
2024-08-29T11:16:15.047220,interface,0.879,0.282,0.48
2024-08-29T11:16:15.068178,interface,0.908,0.373,0.364
2024-08-29T11:16:15.087200,interface,0.731,0.443,0.126
2024-08-29T11:16:15.105268,interface,0.509,0.438,0.076
2024-08-29T11:16:15.581299,interface,0.176,0.603,0.333
2024-08-29T11:16:15.604205,interface,0.163,0.635,0.367
2024-08-29T11:16:16.018271,interface,0.629,0.531,0.127
2024-08-29T11:16:16.042246,interface,0.629,0.515,0.083
2024-08-29T11:16:16.059244,interface,0.626,0.504,0.123
2024-08-29T11:16:16.118215,interface,0.59,0.527,0.118
2024-08-29T11:16:16.196238,interface,0.586,0.515,0.134
2024-08-29T11:16:16.218203,interface,0.661,0.47,0.156
2024-08-29T11:16:16.791311,interface,0.782,0.248,0.555
2024-08-29T11:16:16.813231,interface,0.778,0.245,0.535
2024-08-29T11:16:32.869350,interface,0.646,0.376,0.155
2024-08-29T11:16:33.386315,interface,0.628,0.332,0.174
2024-08-29T11:16:33.408233,interface,0.642,0.308,0.177
2024-08-29T11:16:33.426207,interface,0.637,0.298,0.211
2024-08-29T11:16:33.761293,interface,0.636,0.467,0.143
2024-08-29T11:16:33.784193,interface,0.692,0.497,0.077
2024-08-29T11:16:33.802215,interface,0.705,0.533,0.002
2024-08-29T11:16:33.822224,interface,0.683,0.498,0.06599999
2024-08-29T11:16:33.843189,interface,0.66,0.486,0.108
2024-08-29T11:16:35.270284,interface,0.761,0.267,0.361
2024-08-29T11:16:37.453392,interface,0.638,0.466,0.114
2024-08-29T11:16:37.475219,interface,0.591,0.48,0.117
2024-08-29T11:16:39.100285,interface,0.493,0.535,0.073
2024-08-29T11:16:39.498250,interface,0.375,0.638,0.115
2024-08-29T11:16:39.556311,interface,0.37,0.437,0.076
2024-08-29T11:16:39.756255,interface,0.406,0.439,0.076
2024-08-29T11:16:39.954221,interface,0.424,0.4,0.127
2024-08-29T11:16:41.047284,interface,0.634,0.287,0.191
2024-08-29T11:16:41.165274,interface,0.723,0.24,0.283
2024-08-29T11:16:41.622263,interface,0.532,0.483,0.09700001
2024-08-29T11:16:41.940262,interface,0.591,0.624,0.09799999
2024-08-29T11:16:41.960229,interface,0.627,0.624,0.06800001
2024-08-29T11:16:42.257268,interface,0.516,0.709,0.047
2024-08-29T11:16:42.494244,interface,0.722,0.79,0.0
2024-08-29T11:16:42.553288,interface,0.635,0.637,0.129
2024-08-29T11:16:53.967295,interface,0.63,0.346,0.015
2024-08-29T11:16:54.403293,interface,0.311,0.812,0.0
2024-08-29T11:16:54.425278,interface,0.373,0.661,0.027
2024-08-29T11:16:54.443197,interface,0.389,0.731,0.0
2024-08-29T11:16:54.466235,interface,0.299,0.696,0.161
2024-08-29T11:16:54.486204,interface,0.263,0.63,0.062
2024-08-29T11:16:54.523191,interface,0.058,0.65,0.0
2024-08-29T11:16:54.546199,interface,0.163,0.736,0.227
2024-08-29T11:16:54.564231,interface,0.398,0.95,0.25
2024-08-29T11:16:54.584261,interface,0.77,0.879,0.637
2024-08-29T11:16:54.605274,interface,0.843,0.51,1.0
2024-08-29T11:16:54.622208,interface,0.617,0.462,1.0
2024-08-29T11:16:54.642186,interface,0.364,0.542,1.0
2024-08-29T11:16:54.663190,interface,0.541,0.665,0.962
2024-08-29T11:16:54.701270,interface,0.201,0.48,0.0
2024-08-29T11:16:54.720170,interface,0.052,0.632,0.0
2024-08-29T11:16:54.743226,interface,0.361,0.685,0.0
2024-08-29T11:16:54.880202,interface,0.616,0.363,0.838
2024-08-29T11:16:54.900198,interface,0.509,0.433,0.9599999
2024-08-29T11:16:54.960224,interface,0.318,0.712,0.0
2024-08-29T11:16:54.980251,interface,0.365,0.651,0.0
2024-08-29T11:16:55.002189,interface,0.355,0.63,0.0
2024-08-29T11:16:55.198444,interface,0.462,0.657,0.061
2024-08-29T11:16:55.217392,interface,0.473,0.557,0.0
2024-08-29T11:16:55.237340,interface,0.338,0.573,0.214
2024-08-29T11:16:55.396192,interface,0.45,0.489,0.0
2024-08-29T11:16:55.555208,interface,0.481,0.531,0.12
2024-08-29T11:16:55.733331,interface,0.295,0.807,0.087
2024-08-29T11:16:55.755421,interface,0.6,0.517,0.096
2024-08-29T11:16:55.794266,interface,0.09,0.781,0.329
2024-08-29T11:16:55.992244,interface,1.0,0.0,0.589
2024-08-29T11:16:56.072207,interface,0.717,0.284,0.213
2024-08-29T11:16:56.090257,interface,0.735,0.432,0.087
2024-08-29T11:16:56.190207,interface,0.473,0.398,0.031
2024-08-29T11:16:56.408292,interface,0.653,0.398,0.115
2024-08-29T11:16:56.428223,interface,0.718,0.414,0.0
2024-08-29T11:16:56.449232,interface,0.801,0.533,0.033
2024-08-29T11:16:56.469221,interface,0.8809999,0.656,0.137
2024-08-29T11:16:56.490221,interface,0.9639999,0.738,0.233
2024-08-29T11:16:56.509246,interface,0.9110001,0.746,0.554
2024-08-29T11:16:56.530203,interface,0.789,0.753,0.266
2024-08-29T11:16:56.549250,interface,0.762,0.76,0.682
2024-08-29T11:16:56.570238,interface,0.591,0.751,1.0
2024-08-29T11:16:56.590204,interface,0.593,0.662,1.0
2024-08-29T11:16:56.607271,interface,0.782,0.539,1.0
2024-08-29T11:16:56.628215,interface,0.83,0.477,0.82
2024-08-29T11:16:56.647260,interface,0.428,0.871,0.5
2024-08-29T11:16:56.668210,interface,0.648,0.712,0.083
2024-08-29T11:16:56.688213,interface,0.552,0.662,0.159
2024-08-29T11:16:56.709236,interface,0.62,0.707,0.169
2024-08-29T11:16:56.728229,interface,0.725,0.7,0.007
2024-08-29T11:16:56.748187,interface,0.674,0.646,0.0
2024-08-29T11:16:56.766219,interface,0.705,0.608,0.0
2024-08-29T11:16:56.786248,interface,0.661,0.594,0.09
2024-08-29T11:16:56.807230,interface,0.616,0.512,0.0
2024-08-29T11:16:56.826281,interface,0.578,0.477,0.0
2024-08-29T11:16:56.847201,interface,0.626,0.477,0.137
2024-08-29T11:16:56.867298,interface,0.6690001,0.468,0.076
2024-08-29T11:16:56.885232,interface,0.67,0.465,0.141
2024-08-29T11:16:56.905257,interface,0.691,0.487,0.158
2024-08-29T11:16:56.925302,interface,0.659,0.482,0.09099999
2024-08-29T11:16:56.946195,interface,0.678,0.529,0.047
2024-08-29T11:16:56.965251,interface,0.722,0.55,0.14
2024-08-29T11:16:57.380307,interface,0.421,0.136,0.121
2024-08-29T11:16:57.402190,interface,0.392,0.186,0.0
2024-08-29T11:16:57.422282,interface,0.513,0.27,0.18
2024-08-29T11:16:57.519240,interface,0.591,0.467,0.963
2024-08-29T11:16:57.541255,interface,0.619,0.422,1.0
2024-08-29T11:16:57.561232,interface,0.623,0.41,0.9599999
2024-08-29T11:16:57.781259,interface,0.406,0.784,0.204
2024-08-29T11:16:57.797284,interface,0.285,0.666,0.0
2024-08-29T11:16:57.818224,interface,0.207,0.609,0.0
2024-08-29T11:16:57.838265,interface,0.185,0.515,0.0
2024-08-29T11:16:57.859218,interface,0.251,0.478,0.0
2024-08-29T11:16:57.878216,interface,0.383,0.428,0.0
2024-08-29T11:16:57.899199,interface,0.482,0.381,0.092
2024-08-29T11:16:57.975286,interface,0.297,0.249,0.18
2024-08-29T11:16:57.998219,interface,0.286,0.229,0.222
2024-08-29T11:16:58.017245,interface,0.269,0.226,0.251
2024-08-29T11:16:58.038241,interface,0.251,0.218,0.297
2024-08-29T11:16:58.058186,interface,0.227,0.263,0.313
2024-08-29T11:16:58.079205,interface,0.252,0.279,0.324
2024-08-29T11:16:59.841339,interface,0.419,0.342,0.116
2024-08-29T11:17:00.378266,interface,0.501,0.458,0.113
2024-08-29T11:17:01.210267,interface,0.757,0.493,0.222
2024-08-29T11:17:01.233265,interface,0.793,0.491,0.115
2024-08-29T11:17:01.252195,interface,0.799,0.486,0.081
2024-08-29T11:17:01.272220,interface,0.762,0.496,0.129
2024-08-29T11:17:01.331213,interface,0.04,0.536,0.499
2024-08-29T11:17:01.509336,interface,0.688,0.372,0.185
2024-08-29T11:17:01.529465,interface,0.634,0.361,0.163
2024-08-29T11:17:01.807307,interface,0.795,0.267,0.132
2024-08-29T11:17:01.826289,interface,0.793,0.395,0.0
2024-08-29T11:17:01.847283,interface,0.807,0.365,0.0
2024-08-29T11:17:01.867185,interface,0.417,0.415,0.032
2024-08-29T11:17:01.926219,interface,0.715,0.377,0.2
2024-08-29T11:17:02.145241,interface,0.337,0.632,0.848
2024-08-29T11:17:02.166208,interface,0.402,0.603,0.8780001
2024-08-29T11:17:05.537329,interface,0.58,0.415,0.08200001
2024-08-29T11:17:05.576237,interface,0.523,0.476,0.095
2024-08-29T11:17:05.796421,interface,0.668,0.483,0.148
2024-08-29T11:17:05.817254,interface,0.737,0.445,0.12
2024-08-29T11:17:06.054341,interface,0.437,0.565,0.12
2024-08-29T11:17:06.077260,interface,0.462,0.552,0.102
2024-08-29T11:17:06.392356,interface,0.417,0.597,0.114
2024-08-29T11:17:06.412230,interface,0.665,0.626,0.052
2024-08-29T11:17:06.432238,interface,0.5809999,0.541,0.129
2024-08-29T11:17:06.551664,interface,0.519,0.494,0.053
2024-08-29T11:17:06.768259,interface,0.368,0.462,0.019
2024-08-29T11:17:06.790154,interface,0.45,0.502,0.096
2024-08-29T11:17:06.807195,interface,0.446,0.465,0.079
2024-08-29T11:17:06.868215,interface,0.186,0.729,0.5809999
2024-08-29T11:17:06.987759,interface,0.397,0.418,0.033
2024-08-29T11:17:07.008205,interface,0.411,0.422,0.123
2024-08-29T11:17:07.881761,interface,0.696,0.161,0.256
2024-08-29T11:17:07.899200,interface,0.73,0.211,0.152
2024-08-29T11:17:07.921279,interface,0.74,0.228,0.308
2024-08-29T11:17:07.940197,interface,0.753,0.245,0.355
2024-08-29T11:17:07.960183,interface,0.734,0.274,0.262
2024-08-29T11:17:08.258202,interface,0.543,0.702,0.152
2024-08-29T11:17:08.276211,interface,0.543,0.725,0.0
2024-08-29T11:17:08.299206,interface,0.539,0.685,0.0
2024-08-29T11:17:08.318233,interface,0.542,0.64,0.0
2024-08-29T11:17:08.336195,interface,0.605,0.549,0.114
2024-08-29T11:17:08.357257,interface,0.567,0.498,0.108
2024-08-29T11:17:08.396204,interface,0.124,0.565,0.316
2024-08-29T11:17:09.073584,interface,0.495,0.401,0.075
2024-08-29T11:17:09.923224,interface,0.92,0.157,0.0
2024-08-29T11:17:10.300224,interface,0.642,0.182,0.301
2024-08-29T11:17:10.441821,interface,0.722,0.253,0.28
2024-08-29T11:17:10.558815,interface,1.0,0.312,0.379
2024-08-29T11:17:11.114229,interface,0.709,0.131,0.34
2024-08-29T11:17:12.231332,interface,0.362,0.271,0.218
2024-08-29T11:17:12.926352,interface,0.248,0.349,0.234
2024-08-29T11:17:12.942292,interface,0.261,0.334,0.09700001
2024-08-29T11:17:14.252392,interface,0.287,0.394,0.841
2024-08-29T11:17:14.270177,interface,0.327,0.359,0.853
2024-08-29T11:17:16.062024,interface,0.405,0.29,0.797
2024-08-29T11:17:20.701255,interface,0.227,0.459,0.865
2024-08-29T11:17:21.931200,interface,0.639,0.354,0.8360001
2024-08-29T11:17:23.802105,interface,0.203,0.357,0.728
2024-08-29T11:17:23.819225,interface,0.224,0.321,0.7059999
2024-08-29T11:17:24.715374,interface,0.264,0.245,0.666
2024-08-29T11:17:24.733310,interface,0.26,0.253,0.671
2024-08-29T11:17:24.790217,interface,0.409,0.306,0.866
2024-08-29T11:17:24.810231,interface,0.397,0.297,0.875
2024-08-29T11:17:25.266311,interface,0.259,0.231,0.235
2024-08-29T11:17:25.286220,interface,0.199,0.257,0.094
2024-08-29T11:17:25.307219,interface,0.167,0.337,0.183
2024-08-29T11:17:25.327204,interface,0.14,0.396,0.286
2024-08-29T11:17:25.723225,interface,0.496,0.203,0.745
2024-08-29T11:17:33.263904,interface,0.146,0.664,0.38
2024-08-29T11:17:33.426394,interface,0.134,0.747,0.321
2024-08-29T11:17:33.441261,interface,0.179,0.702,0.484
2024-08-29T11:17:33.500241,interface,0.187,0.703,0.419
2024-08-29T11:17:33.540233,interface,0.17,0.71,0.349
2024-08-29T11:17:33.560222,interface,0.22,0.713,0.404
2024-08-29T11:17:33.600245,interface,0.174,0.701,0.489
2024-08-29T11:17:33.639200,interface,0.185,0.712,0.592
2024-08-29T11:17:34.434544,interface,0.982,0.672,0.405
2024-08-29T11:17:34.452211,interface,1.0,0.557,0.368
2024-08-29T11:17:34.475236,interface,1.0,0.547,0.174
2024-08-29T11:17:34.493249,interface,0.978,0.576,0.283
2024-08-29T11:17:34.512211,interface,0.925,0.537,0.293
2024-08-29T11:17:34.534266,interface,0.953,0.497,0.065
2024-08-29T11:17:34.555199,interface,0.8820001,0.573,0.076
2024-08-29T11:17:34.575185,interface,0.777,0.675,0.113
2024-08-29T11:17:34.595211,interface,0.69,0.762,0.167
2024-08-29T11:17:34.612190,interface,0.76,0.714,0.316
2024-08-29T11:17:34.633247,interface,0.853,0.622,0.34
2024-08-29T11:17:34.652210,interface,0.89,0.59,0.417
2024-08-29T11:17:34.673265,interface,0.93,0.549,0.601
2024-08-29T11:17:34.749253,interface,0.545,0.443,0.907
2024-08-29T11:17:35.289230,interface,0.8190001,0.3,0.616
2024-08-29T11:17:35.493383,interface,0.849,0.354,0.52
2024-08-29T11:17:36.320361,interface,0.852,0.346,0.509
2024-08-29T11:17:36.342207,interface,0.912,0.357,0.478
2024-08-29T11:17:36.357270,interface,0.874,0.376,0.548
2024-08-29T11:17:36.379204,interface,0.849,0.375,0.624
2024-08-29T11:17:36.398198,interface,0.842,0.389,0.656
2024-08-29T11:17:36.894711,interface,0.854,0.29,0.551
2024-08-29T11:17:36.914344,interface,0.849,0.293,0.572
2024-08-29T11:17:36.992252,interface,0.823,0.314,0.379
2024-08-29T11:17:37.014217,interface,0.847,0.31,0.453
2024-08-29T11:17:37.034215,interface,0.853,0.329,0.53
2024-08-29T11:17:37.726219,interface,0.873,0.309,0.39
2024-08-29T11:17:37.749262,interface,0.891,0.35,0.461
2024-08-29T11:17:37.768211,interface,0.886,0.332,0.595
2024-08-29T11:17:37.789253,interface,0.899,0.327,0.613
2024-08-29T11:17:38.382226,interface,0.79,0.237,0.619
2024-08-29T11:17:38.581753,interface,0.769,0.267,0.697
2024-08-29T11:17:38.799226,interface,0.772,0.254,0.383
2024-08-29T11:17:38.997382,interface,0.946,0.244,0.491
2024-08-29T11:17:39.017322,interface,0.876,0.309,0.548
2024-08-29T11:17:39.096192,interface,0.913,0.361,0.568
2024-08-29T11:17:39.117251,interface,0.948,0.373,0.525
2024-08-29T11:17:39.137234,interface,0.873,0.433,0.695
2024-08-29T11:17:39.717481,interface,0.917,0.365,0.518
2024-08-29T11:17:39.731228,interface,0.912,0.381,0.601
2024-08-29T11:17:39.753229,interface,0.838,0.411,0.69
2024-08-29T11:17:39.811197,interface,0.808,0.376,0.737
2024-08-29T11:17:39.830254,interface,0.821,0.382,0.754
2024-08-29T11:17:39.850244,interface,0.8389999,0.394,0.811
2024-08-29T11:17:39.871199,interface,0.791,0.424,0.75
2024-08-29T11:17:39.890228,interface,0.7,0.453,0.816
2024-08-29T11:17:40.386435,interface,0.88,0.409,0.648
2024-08-29T11:17:40.407213,interface,0.8450001,0.408,0.624
2024-08-29T11:17:40.429266,interface,0.8809999,0.402,0.645
2024-08-29T11:17:40.446209,interface,0.8690001,0.399,0.659
2024-08-29T11:17:40.982286,interface,0.887,0.371,0.456
2024-08-29T11:17:41.003214,interface,0.908,0.422,0.489
2024-08-29T11:17:41.021439,interface,0.889,0.447,0.562
2024-08-29T11:17:41.042382,interface,0.879,0.415,0.589
2024-08-29T11:17:41.062313,interface,0.876,0.422,0.484
2024-08-29T11:17:41.658798,interface,0.853,0.368,0.472
2024-08-29T11:17:41.776219,interface,0.8780001,0.415,0.519
2024-08-29T11:17:42.391318,interface,0.889,0.309,0.469
2024-08-29T11:17:42.569282,interface,0.86,0.388,0.517
2024-08-29T11:17:42.588217,interface,0.891,0.367,0.515
2024-08-29T11:17:42.611201,interface,0.889,0.384,0.482
2024-08-29T11:17:42.631221,interface,0.876,0.416,0.488
2024-08-29T11:17:43.130477,interface,0.823,0.305,0.469
2024-08-29T11:17:43.224278,interface,0.864,0.386,0.472
2024-08-29T11:17:43.244202,interface,0.866,0.421,0.456
2024-08-29T11:17:44.057337,interface,0.912,0.409,0.561
2024-08-29T11:17:44.078247,interface,0.922,0.403,0.594
2024-08-29T11:17:54.377266,interface,0.903,0.5,0.357
2024-08-29T11:17:54.398214,interface,1.0,0.454,0.306
2024-08-29T11:17:54.417301,interface,1.0,0.458,0.286
2024-08-29T11:17:54.437283,interface,0.93,0.518,0.27
2024-08-29T11:17:54.458205,interface,0.827,0.573,0.283
2024-08-29T11:17:54.478239,interface,0.79,0.615,0.291
2024-08-29T11:17:54.495246,interface,0.877,0.624,0.299
2024-08-29T11:17:54.516175,interface,0.891,0.647,0.354
2024-08-29T11:17:54.536221,interface,0.834,0.644,0.405
2024-08-29T11:17:54.614292,interface,0.888,0.551,0.488
2024-08-29T11:17:54.635208,interface,0.969,0.502,0.532
2024-08-29T11:17:55.251507,interface,0.874,0.443,0.329
2024-08-29T11:17:55.272211,interface,0.976,0.415,0.294
2024-08-29T11:17:55.290224,interface,0.842,0.48,0.303
2024-08-29T11:17:55.329246,interface,0.828,0.519,0.315
2024-08-29T11:17:55.348198,interface,0.858,0.512,0.351
2024-08-29T11:17:55.371229,interface,0.896,0.504,0.39
2024-08-29T11:17:55.391201,interface,0.932,0.477,0.44
2024-08-29T11:17:55.408197,interface,0.902,0.465,0.432
2024-08-29T11:17:55.612966,interface,0.8309999,0.349,0.671
2024-08-29T11:17:55.634333,interface,0.863,0.369,0.784
2024-08-29T11:17:55.965545,interface,0.923,0.435,0.489
2024-08-29T11:17:55.983214,interface,0.955,0.424,0.394
2024-08-29T11:17:56.006227,interface,0.897,0.474,0.385
2024-08-29T11:17:56.025243,interface,0.891,0.469,0.449
2024-08-29T11:17:56.044217,interface,0.855,0.491,0.351
2024-08-29T11:17:56.065250,interface,0.908,0.523,0.374
2024-08-29T11:17:56.085229,interface,0.912,0.532,0.403
2024-08-29T11:17:56.699298,interface,0.949,0.409,0.506
2024-08-29T11:17:56.819216,interface,0.889,0.535,0.469
2024-08-29T11:17:56.840202,interface,0.874,0.535,0.506
2024-08-29T11:17:57.000867,interface,0.879,0.382,0.586
2024-08-29T11:17:57.026144,interface,0.9,0.409,0.628
2024-08-29T11:17:57.511237,interface,0.934,0.458,0.432
2024-08-29T11:17:57.533282,interface,0.945,0.442,0.494
2024-08-29T11:17:58.210032,interface,0.87,0.432,0.524
2024-08-29T11:17:58.307236,interface,0.8679999,0.462,0.423
2024-08-29T11:17:58.404258,interface,0.876,0.445,0.45
2024-08-29T11:17:58.423222,interface,0.908,0.448,0.476
2024-08-29T11:17:59.099212,interface,0.886,0.457,0.436
2024-08-29T11:17:59.121350,interface,0.9440001,0.44,0.387
2024-08-29T11:17:59.143188,interface,0.9700001,0.467,0.362
2024-08-29T11:17:59.159301,interface,0.972,0.488,0.402
2024-08-29T11:17:59.717287,interface,0.856,0.421,0.402
2024-08-29T11:17:59.818307,interface,0.933,0.488,0.418
2024-08-29T11:17:59.834262,interface,0.934,0.504,0.378
2024-08-29T11:17:59.853232,interface,0.897,0.536,0.4
2024-08-29T11:17:59.931227,interface,0.888,0.522,0.55
2024-08-29T11:17:59.954220,interface,0.875,0.469,0.591
2024-08-29T11:18:00.389280,interface,0.871,0.403,0.443
2024-08-29T11:18:00.510162,interface,0.936,0.486,0.457
2024-08-29T11:18:00.534134,interface,0.886,0.527,0.464
2024-08-29T11:18:00.607257,interface,0.873,0.517,0.57
2024-08-29T11:18:00.626223,interface,0.8809999,0.518,0.608
2024-08-29T11:18:00.649273,interface,0.904,0.484,0.612
2024-08-29T11:18:00.668181,interface,0.888,0.489,0.605
2024-08-29T11:18:01.207821,interface,0.902,0.513,0.351
2024-08-29T11:18:01.231227,interface,0.9139999,0.545,0.372
2024-08-29T11:18:01.246142,interface,0.959,0.536,0.386
2024-08-29T11:18:01.261252,interface,0.999,0.545,0.402
2024-08-29T11:18:01.284215,interface,0.939,0.576,0.462
2024-08-29T11:18:01.305289,interface,0.8780001,0.578,0.525
2024-08-29T11:18:01.346149,interface,0.861,0.507,0.627
2024-08-29T11:18:01.460987,interface,0.805,0.372,0.679
2024-08-29T11:18:05.930536,interface,0.772,0.306,0.22
2024-08-29T11:18:05.944218,interface,0.76,0.31,0.124
2024-08-29T11:18:05.966215,interface,0.726,0.311,0.267
2024-08-29T11:18:06.044346,interface,0.942,0.369,0.288
2024-08-29T11:18:06.067876,interface,0.215,0.395,1.0
2024-08-29T11:18:08.487748,interface,0.06800001,0.537,0.39
2024-08-29T11:18:08.510404,interface,0.004,0.582,0.29
2024-08-29T11:18:08.525285,interface,0.169,0.516,0.319
2024-08-29T11:18:08.603417,interface,0.058,0.58,0.348
2024-08-29T11:18:08.627250,interface,0.0,0.606,0.19
2024-08-29T11:18:08.646282,interface,0.0,0.611,0.138
2024-08-29T11:18:08.664275,interface,0.219,0.585,0.157
2024-08-29T11:18:08.863364,interface,0.132,0.471,0.375
2024-08-29T11:18:08.942301,interface,0.212,0.601,0.041
2024-08-29T11:18:08.962237,interface,0.22,0.618,0.011
2024-08-29T11:18:08.982210,interface,0.257,0.596,0.145
2024-08-29T11:18:09.004186,interface,0.184,0.623,0.09099999
2024-08-29T11:18:09.022230,interface,0.245,0.638,0.079
2024-08-29T11:18:09.043227,interface,0.342,0.633,0.0
2024-08-29T11:18:09.063187,interface,0.41,0.624,0.153
2024-08-29T11:18:09.498276,interface,0.394,0.374,0.902
2024-08-29T11:18:09.520202,interface,0.375,0.378,0.838
2024-08-29T11:18:09.557271,interface,0.393,0.362,0.84
2024-08-29T11:18:09.597263,interface,0.393,0.366,0.862
2024-08-29T11:18:09.637264,interface,0.375,0.351,0.8360001
2024-08-29T11:18:09.656184,interface,0.37,0.364,0.893
2024-08-29T11:18:09.680192,interface,0.368,0.369,0.9190001
2024-08-29T11:18:09.699209,interface,0.386,0.386,0.8780001
2024-08-29T11:18:09.955214,interface,0.755,0.608,0.125
2024-08-29T11:18:09.974195,interface,0.733,0.492,0.0
2024-08-29T11:18:10.013294,interface,0.61,0.513,0.0
2024-08-29T11:18:10.036190,interface,0.704,0.496,0.099
2024-08-29T11:18:10.113312,interface,0.514,0.485,0.08200001
2024-08-29T11:18:10.132226,interface,0.515,0.489,0.052
2024-08-29T11:18:10.827301,interface,0.725,0.481,0.193
2024-08-29T11:18:10.945306,interface,0.603,0.511,0.134
2024-08-29T11:18:11.106220,interface,0.363,0.435,0.896
2024-08-29T11:18:11.124223,interface,0.34,0.394,0.965
2024-08-29T11:18:11.223352,interface,0.451,0.367,0.924
2024-08-29T11:18:11.250392,interface,0.508,0.373,0.908
2024-08-29T11:18:11.344290,interface,0.487,0.364,0.91
2024-08-29T11:18:11.364194,interface,0.477,0.366,0.941
2024-08-29T11:18:11.384232,interface,0.489,0.382,0.921
2024-08-29T11:18:11.642212,interface,0.218,0.631,0.158
2024-08-29T11:18:11.661248,interface,0.131,0.614,0.293
2024-08-29T11:18:11.684200,interface,0.193,0.607,0.159
2024-08-29T11:18:11.781245,interface,0.354,0.603,0.018
2024-08-29T11:18:11.800262,interface,0.288,0.59,0.02
2024-08-29T11:18:11.820302,interface,0.291,0.571,0.195
2024-08-29T11:18:12.098230,interface,0.377,0.548,0.118
2024-08-29T11:18:12.118244,interface,0.391,0.556,0.129
2024-08-29T11:18:12.138219,interface,0.38,0.55,0.131
2024-08-29T11:18:12.160230,interface,0.341,0.553,0.06800001
2024-08-29T11:18:12.178220,interface,0.326,0.55,0.084
2024-08-29T11:18:12.217254,interface,0.492,0.546,0.099
2024-08-29T11:18:13.090327,interface,0.257,0.572,0.116
2024-08-29T11:18:13.112193,interface,0.317,0.542,0.028
2024-08-29T11:18:13.170225,interface,0.251,0.567,0.195
2024-08-29T11:18:13.188277,interface,0.277,0.562,0.108
2024-08-29T11:18:13.212192,interface,0.307,0.5440001,0.125
2024-08-29T11:18:13.231208,interface,0.289,0.536,0.181
2024-08-29T11:18:13.626304,interface,0.264,0.501,0.202
2024-08-29T11:18:13.726219,interface,0.259,0.489,0.197
2024-08-29T11:18:14.142371,interface,0.42,0.319,0.829
2024-08-29T11:18:14.163197,interface,0.466,0.305,0.848
2024-08-29T11:18:14.182225,interface,0.47,0.302,0.844
2024-08-29T11:18:14.658503,interface,0.356,0.483,0.138
2024-08-29T11:18:14.738228,interface,0.268,0.458,0.162
2024-08-29T11:18:15.095318,interface,0.289,0.446,0.191
2024-08-29T11:18:15.592427,interface,0.333,0.308,0.783
2024-08-29T11:18:15.610210,interface,0.361,0.288,0.783
2024-08-29T11:18:15.633259,interface,0.352,0.288,0.803
2024-08-29T11:18:15.652174,interface,0.363,0.289,0.78
2024-08-29T11:18:15.672203,interface,0.409,0.288,0.8190001
2024-08-29T11:18:15.692241,interface,0.427,0.283,0.812
2024-08-29T11:18:16.187939,interface,0.28,0.449,0.126
2024-08-29T11:18:16.206227,interface,0.262,0.44,0.158
2024-08-29T11:18:16.228228,interface,0.267,0.427,0.209
2024-08-29T11:18:16.247207,interface,0.265,0.418,0.157
2024-08-29T11:18:16.267224,interface,0.276,0.411,0.177
2024-08-29T11:18:22.901889,interface,0.153,0.346,0.647
2024-08-29T11:18:23.057985,interface,0.643,0.432,0.934
2024-08-29T11:18:23.074202,interface,0.322,0.437,0.998
2024-08-29T11:18:23.096224,interface,0.723,0.326,0.844
2024-08-29T11:18:23.512261,interface,0.451,0.334,0.8389999
2024-08-29T11:18:23.852329,interface,0.062,0.462,0.338
2024-08-29T11:18:23.870205,interface,0.0,0.434,0.278
2024-08-29T11:18:23.889271,interface,0.0,0.4,0.47
2024-08-29T11:18:23.910194,interface,0.0,0.412,0.47
2024-08-29T11:18:23.930186,interface,0.0,0.484,0.366
2024-08-29T11:18:23.949249,interface,0.0,0.571,0.318
2024-08-29T11:18:23.967205,interface,0.07,0.616,0.402
2024-08-29T11:18:23.988221,interface,0.142,0.612,0.268
2024-08-29T11:18:24.007264,interface,0.134,0.58,0.117
2024-08-29T11:18:24.028189,interface,0.195,0.575,0.0
2024-08-29T11:18:24.048220,interface,0.392,0.575,0.0
2024-08-29T11:18:24.069234,interface,0.607,0.533,0.0
2024-08-29T11:18:24.088248,interface,0.672,0.526,0.025
2024-08-29T11:18:24.126208,interface,0.612,0.353,0.8780001
2024-08-29T11:18:24.304251,interface,0.011,0.355,0.529
2024-08-29T11:18:24.323182,interface,0.0,0.345,0.434
2024-08-29T11:18:24.346201,interface,0.0,0.35,0.423
2024-08-29T11:18:24.422243,interface,0.042,0.369,0.297
2024-08-29T11:18:24.445255,interface,0.021,0.367,0.257
2024-08-29T11:18:24.464220,interface,0.163,0.419,0.121
2024-08-29T11:18:24.485227,interface,0.351,0.384,0.155
2024-08-29T11:18:24.761267,interface,0.0,0.4,0.415
2024-08-29T11:18:24.779219,interface,0.0,0.413,0.492
2024-08-29T11:18:24.806311,interface,0.0,0.434,0.528
2024-08-29T11:18:24.822371,interface,0.0,0.484,0.313
2024-08-29T11:18:24.840192,interface,0.025,0.483,0.158
2024-08-29T11:18:24.861225,interface,0.086,0.49,0.212
2024-08-29T11:18:24.880232,interface,0.158,0.482,0.142
2024-08-29T11:18:24.901233,interface,0.309,0.468,0.074
2024-08-29T11:18:24.921240,interface,0.409,0.434,0.119
2024-08-29T11:18:25.178455,interface,0.069,0.362,0.628
2024-08-29T11:18:25.200194,interface,0.0,0.351,0.582
2024-08-29T11:18:25.218312,interface,0.0,0.37,0.521
2024-08-29T11:18:25.238319,interface,0.058,0.401,0.424
2024-08-29T11:18:25.260180,interface,0.144,0.388,0.323
2024-08-29T11:18:25.279208,interface,0.179,0.367,0.286
2024-08-29T11:18:25.296214,interface,0.182,0.374,0.264
2024-08-29T11:18:25.317254,interface,0.171,0.38,0.173
2024-08-29T11:18:25.337261,interface,0.231,0.393,0.176
2024-08-29T11:18:25.358215,interface,0.364,0.405,0.108
2024-08-29T11:18:25.555236,interface,0.108,0.398,0.585
2024-08-29T11:18:25.577275,interface,0.0,0.358,0.501
2024-08-29T11:18:25.597232,interface,0.0,0.339,0.459
2024-08-29T11:18:25.614182,interface,0.0,0.407,0.505
2024-08-29T11:18:25.635189,interface,0.152,0.417,0.263
2024-08-29T11:18:25.655210,interface,0.212,0.348,0.105
2024-08-29T11:18:25.679197,interface,0.23,0.328,0.126
2024-08-29T11:18:25.695248,interface,0.236,0.352,0.085
2024-08-29T11:18:25.716198,interface,0.302,0.388,0.085
2024-08-29T11:18:25.834562,interface,0.611,0.335,0.858
2024-08-29T11:18:25.855318,interface,0.51,0.349,0.973
2024-08-29T11:18:25.874314,interface,0.377,0.422,0.861
2024-08-29T11:18:25.895198,interface,0.127,0.53,0.757
2024-08-29T11:18:25.915207,interface,0.0,0.548,0.673
2024-08-29T11:18:25.932222,interface,0.0,0.539,0.554
2024-08-29T11:18:25.953272,interface,0.0,0.58,0.373
2024-08-29T11:18:25.972196,interface,0.0,0.605,0.286
2024-08-29T11:18:25.994209,interface,0.0,0.5809999,0.216
2024-08-29T11:18:26.013260,interface,0.05900001,0.565,0.273
2024-08-29T11:18:26.035223,interface,0.09700001,0.541,0.262
2024-08-29T11:18:26.054228,interface,0.116,0.527,0.285
2024-08-29T11:18:26.071184,interface,0.172,0.525,0.275
2024-08-29T11:18:26.290438,interface,0.226,0.469,0.829
2024-08-29T11:18:26.310210,interface,0.092,0.469,0.782
2024-08-29T11:18:26.328190,interface,0.0,0.488,0.68
2024-08-29T11:18:26.348220,interface,0.0,0.507,0.601
2024-08-29T11:18:26.369246,interface,0.0,0.5809999,0.469
2024-08-29T11:18:26.388275,interface,0.0,0.582,0.325
2024-08-29T11:18:26.409326,interface,0.081,0.576,0.225
2024-08-29T11:18:26.429226,interface,0.18,0.549,0.153
2024-08-29T11:18:26.450231,interface,0.218,0.52,0.198
2024-08-29T11:18:26.765259,interface,0.287,0.447,0.907
2024-08-29T11:18:26.789258,interface,0.0,0.539,0.9929999
2024-08-29T11:18:26.807185,interface,0.0,0.613,0.874
2024-08-29T11:18:26.825235,interface,0.0,0.633,0.525
2024-08-29T11:18:26.845226,interface,0.0,0.607,0.256
2024-08-29T11:18:26.866398,interface,0.0,0.57,0.347
2024-08-29T11:18:26.886382,interface,0.083,0.527,0.369
2024-08-29T11:18:26.906414,interface,0.181,0.511,0.295
2024-08-29T11:18:27.242314,interface,0.15,0.504,0.833
2024-08-29T11:18:27.263210,interface,0.041,0.559,0.808
2024-08-29T11:18:27.282203,interface,0.0,0.616,0.666
2024-08-29T11:18:27.301277,interface,0.0,0.64,0.392
2024-08-29T11:18:27.322192,interface,0.0,0.632,0.409
2024-08-29T11:18:27.342284,interface,0.049,0.593,0.521
2024-08-29T11:18:27.363204,interface,0.057,0.602,0.51
2024-08-29T11:18:27.383231,interface,0.051,0.603,0.429
2024-08-29T11:18:27.403195,interface,0.056,0.592,0.397
2024-08-29T11:18:27.423206,interface,0.087,0.577,0.333
2024-08-29T11:18:27.440196,interface,0.147,0.547,0.324
2024-08-29T11:18:27.798281,interface,0.307,0.433,0.826
2024-08-29T11:18:27.818252,interface,0.249,0.439,0.87
2024-08-29T11:18:27.837234,interface,0.029,0.502,0.825
2024-08-29T11:18:27.860197,interface,0.0,0.535,0.601
2024-08-29T11:18:27.879243,interface,0.049,0.518,0.636
2024-08-29T11:18:27.897250,interface,0.143,0.519,0.68
2024-08-29T11:18:27.918372,interface,0.126,0.542,0.645
2024-08-29T11:18:27.939332,interface,0.0,0.58,0.494
2024-08-29T11:18:27.958310,interface,0.0,0.583,0.324
2024-08-29T11:18:27.977306,interface,0.1,0.538,0.342
2024-08-29T11:18:28.036241,interface,0.053,0.523,0.609
2024-08-29T11:18:28.056217,interface,0.074,0.523,0.48
2024-08-29T11:18:28.076214,interface,0.134,0.511,0.386
2024-08-29T11:18:28.397845,interface,0.143,0.387,0.623
2024-08-29T11:18:28.413257,interface,0.151,0.38,0.38
2024-08-29T11:18:28.558214,interface,0.135,0.57,0.7059999
2024-08-29T11:18:28.574240,interface,0.0,0.66,0.861
2024-08-29T11:18:28.593253,interface,0.0,0.742,0.792
2024-08-29T11:18:28.613281,interface,0.073,0.71,0.406
2024-08-29T11:18:28.634200,interface,0.154,0.675,0.32
2024-08-29T11:18:28.654212,interface,0.123,0.636,0.515
2024-08-29T11:18:28.671309,interface,0.127,0.626,0.5809999
2024-08-29T11:18:28.692274,interface,0.08,0.63,0.551
2024-08-29T11:18:28.712196,interface,0.061,0.634,0.511
2024-08-29T11:18:28.732210,interface,0.126,0.619,0.491
2024-08-29T11:18:28.790212,interface,0.104,0.555,0.472
2024-08-29T11:18:29.408714,interface,0.038,0.464,0.612
2024-08-29T11:18:29.504317,interface,0.065,0.566,0.482
2024-08-29T11:18:29.604274,interface,0.08,0.591,0.346
2024-08-29T11:18:29.623256,interface,0.08200001,0.576,0.4
2024-08-29T11:18:29.646307,interface,0.127,0.533,0.56
2024-08-29T11:18:29.668276,interface,0.109,0.556,0.611
2024-08-29T11:18:29.683281,interface,0.048,0.594,0.568
2024-08-29T11:18:29.704208,interface,0.025,0.607,0.507
2024-08-29T11:18:29.723293,interface,0.108,0.585,0.534
2024-08-29T11:18:29.744312,interface,0.126,0.559,0.569
2024-08-29T11:18:29.764253,interface,0.103,0.562,0.541
2024-08-29T11:18:29.784262,interface,0.108,0.553,0.513
2024-08-29T11:18:30.258279,interface,0.712,0.264,0.77
2024-08-29T11:18:30.338263,interface,0.0,0.433,0.625
2024-08-29T11:18:30.360188,interface,0.048,0.426,0.639
2024-08-29T11:18:30.537287,interface,0.0,0.641,0.511
2024-08-29T11:18:30.557259,interface,0.0,0.665,0.398
2024-08-29T11:18:30.576211,interface,0.093,0.647,0.455
2024-08-29T11:18:30.599232,interface,0.149,0.642,0.452
2024-08-29T11:18:30.656217,interface,0.062,0.593,0.504
2024-08-29T11:18:30.674250,interface,0.0,0.603,0.543
2024-08-29T11:18:30.697243,interface,0.001,0.611,0.585
2024-08-29T11:18:30.717274,interface,0.124,0.596,0.527
2024-08-29T11:18:30.937236,interface,0.779,0.302,0.31
2024-08-29T11:18:31.152196,interface,0.054,0.514,0.561
2024-08-29T11:18:31.230231,interface,0.161,0.586,0.691
2024-08-29T11:18:31.252195,interface,0.116,0.686,0.507
2024-08-29T11:18:31.291204,interface,0.153,0.66,0.446
2024-08-29T11:18:31.310177,interface,0.054,0.697,0.478
2024-08-29T11:18:31.333310,interface,0.0,0.767,0.589
2024-08-29T11:18:31.353249,interface,0.0,0.766,0.402
2024-08-29T11:18:31.370206,interface,0.03,0.758,0.469
2024-08-29T11:18:31.391225,interface,0.025,0.748,0.432
2024-08-29T11:18:31.411195,interface,0.0,0.759,0.357
2024-08-29T11:18:31.435213,interface,0.022,0.742,0.323
2024-08-29T11:18:31.451248,interface,0.107,0.701,0.361
2024-08-29T11:18:31.472206,interface,0.156,0.651,0.451
2024-08-29T11:18:32.031331,interface,0.05,0.679,0.421
2024-08-29T11:18:32.054223,interface,0.0,0.721,0.483
2024-08-29T11:18:32.065297,interface,0.042,0.657,0.477
2024-08-29T11:18:32.086319,interface,0.145,0.633,0.615
2024-08-29T11:18:32.107348,interface,0.17,0.648,0.718
2024-08-29T11:18:32.125333,interface,0.183,0.693,0.623
2024-08-29T11:18:32.145232,interface,0.121,0.699,0.525
2024-08-29T11:18:32.166238,interface,0.001,0.7059999,0.512
2024-08-29T11:18:32.185247,interface,0.0,0.721,0.54
2024-08-29T11:18:32.206205,interface,0.037,0.719,0.57
2024-08-29T11:18:32.226227,interface,0.155,0.7059999,0.5
2024-08-29T11:18:32.247200,interface,0.139,0.69,0.451
2024-08-29T11:18:32.266194,interface,0.144,0.661,0.358
2024-08-29T11:18:32.283170,interface,0.146,0.6,0.372
2024-08-29T11:18:32.621241,interface,0.228,0.554,0.784
2024-08-29T11:18:32.642228,interface,0.141,0.588,0.715
2024-08-29T11:18:32.663213,interface,0.077,0.659,0.588
2024-08-29T11:18:32.683187,interface,0.129,0.642,0.541
2024-08-29T11:18:32.700227,interface,0.104,0.665,0.569
2024-08-29T11:18:32.721264,interface,0.06,0.671,0.535
2024-08-29T11:18:32.740186,interface,0.0,0.709,0.551
2024-08-29T11:18:32.761298,interface,0.0,0.722,0.538
2024-08-29T11:18:32.781261,interface,0.06599999,0.714,0.551
2024-08-29T11:18:32.802188,interface,0.125,0.71,0.563
2024-08-29T11:18:32.821237,interface,0.11,0.729,0.534
2024-08-29T11:18:32.839222,interface,0.06599999,0.733,0.547
2024-08-29T11:18:32.860225,interface,0.008,0.751,0.512
2024-08-29T11:18:32.879197,interface,0.029,0.735,0.404
2024-08-29T11:18:32.900190,interface,0.13,0.677,0.418
2024-08-29T11:18:33.262781,interface,0.0,0.518,0.576
2024-08-29T11:18:33.275182,interface,0.0,0.553,0.708
2024-08-29T11:18:33.297242,interface,0.105,0.416,0.784
2024-08-29T11:18:33.375252,interface,0.038,0.446,0.611
2024-08-29T11:18:33.397230,interface,0.0,0.478,0.598
2024-08-29T11:18:40.461277,interface,0.107,0.438,0.41
2024-08-29T11:18:42.664696,interface,0.515,0.262,0.847
2024-08-29T11:18:42.743210,interface,0.634,0.303,0.796
2024-08-29T11:18:44.530954,interface,0.236,0.318,0.763
2024-08-29T11:18:44.911888,interface,0.233,0.292,0.716
2024-08-29T11:18:45.600188,interface,0.414,0.192,0.702
2024-08-29T11:18:46.434219,interface,0.451,0.479,0.112
2024-08-29T11:18:46.457251,interface,0.515,0.503,0.035
2024-08-29T11:18:46.714202,interface,0.368,0.289,0.842
2024-08-29T11:18:51.594267,interface,0.118,0.381,0.493
2024-08-29T11:18:51.675240,interface,0.61,0.232,0.8679999
2024-08-29T11:18:51.832221,interface,0.378,0.183,0.696
2024-08-29T11:18:54.969351,interface,0.628,0.131,0.223
2024-08-29T11:18:55.188252,interface,0.44,0.328,0.042
2024-08-29T11:18:55.209260,interface,0.406,0.362,0.152
2024-08-29T11:18:56.516288,interface,0.564,0.307,0.168
2024-08-29T11:18:58.659341,interface,0.759,0.243,0.35
2024-08-29T11:18:58.939235,interface,0.4,0.314,0.174
2024-08-29T11:18:59.414354,interface,0.474,0.297,0.174
2024-08-29T11:18:59.454196,interface,0.427,0.291,0.167
2024-08-29T11:18:59.474205,interface,0.476,0.28,0.043
2024-08-29T11:19:00.862288,interface,0.322,0.417,0.8360001
2024-08-29T11:19:01.835273,interface,0.726,0.197,0.435
2024-08-29T11:19:04.474289,interface,0.8349999,0.239,0.492
2024-08-29T11:19:04.573235,interface,0.738,0.223,0.296
2024-08-29T11:19:06.301328,interface,0.644,0.274,0.157
2024-08-29T11:19:06.559281,interface,0.379,0.362,0.829
2024-08-29T11:19:07.610306,interface,0.408,0.377,0.854
2024-08-29T11:19:07.670274,interface,0.421,0.348,0.849
2024-08-29T11:19:07.690231,interface,0.464,0.325,0.863
2024-08-29T11:19:07.710197,interface,0.42,0.343,0.88
2024-08-29T11:19:08.086266,interface,0.38,0.367,0.89
2024-08-29T11:19:08.109276,interface,0.456,0.337,0.883
2024-08-29T11:19:08.840296,interface,0.611,0.298,0.816
2024-08-29T11:19:09.018235,interface,0.289,0.406,0.88
2024-08-29T11:19:09.040197,interface,0.403,0.383,0.947
2024-08-29T11:19:09.060212,interface,0.365,0.394,0.849
2024-08-29T11:19:09.081268,interface,0.292,0.436,0.913
2024-08-29T11:19:09.100192,interface,0.288,0.414,0.89
2024-08-29T11:19:09.121239,interface,0.4,0.403,0.865
2024-08-29T11:19:09.258221,interface,0.479,0.262,0.166
2024-08-29T11:19:09.297303,interface,0.187,0.334,0.324
2024-08-29T11:19:09.318178,interface,0.256,0.302,0.225
2024-08-29T11:19:09.338211,interface,0.274,0.264,0.22
2024-08-29T11:19:09.495214,interface,0.32,0.372,0.8360001
2024-08-29T11:19:09.601404,interface,0.332,0.344,0.852
2024-08-29T11:19:09.971252,interface,0.615,0.197,0.172
2024-08-29T11:19:10.011217,interface,0.397,0.256,0.17
2024-08-29T11:19:10.031210,interface,0.398,0.251,0.216
2024-08-29T11:19:11.182292,interface,0.352,0.402,0.0
2024-08-29T11:19:11.204232,interface,0.398,0.37,0.0
2024-08-29T11:19:11.222199,interface,0.383,0.337,0.038
2024-08-29T11:19:11.243203,interface,0.409,0.318,0.158
2024-08-29T11:19:11.836294,interface,0.392,0.322,0.164
2024-08-29T11:19:12.432234,interface,0.495,0.318,0.152
2024-08-29T11:19:12.454186,interface,0.528,0.281,0.163
2024-08-29T11:19:12.753575,interface,0.582,0.328,0.093
2024-08-29T11:19:15.527294,interface,0.385,0.334,0.135
2024-08-29T11:19:19.555296,interface,0.436,0.253,0.157
2024-08-29T11:19:19.577282,interface,0.4,0.3,0.052
2024-08-29T11:19:19.597255,interface,0.497,0.213,0.09700001
2024-08-29T11:19:19.618223,interface,0.465,0.258,0.183
2024-08-29T11:19:19.636209,interface,0.481,0.248,0.201
2024-08-29T11:19:19.675199,interface,0.494,0.205,0.18
2024-08-29T11:19:19.694203,interface,0.531,0.252,0.076
2024-08-29T11:19:19.717340,interface,0.563,0.314,0.006
2024-08-29T11:19:19.914253,interface,0.388,0.392,0.912
2024-08-29T11:19:20.033261,interface,0.454,0.372,0.889
2024-08-29T11:19:20.132232,interface,0.504,0.326,0.875
2024-08-29T11:19:20.151314,interface,0.603,0.338,0.829
2024-08-29T11:19:20.231202,interface,0.487,0.371,0.93
2024-08-29T11:19:20.270205,interface,0.341,0.33,0.196
2024-08-29T11:19:20.289309,interface,0.395,0.0,0.19
2024-08-29T11:19:20.350216,interface,0.33,0.282,0.002
2024-08-29T11:19:20.370204,interface,0.179,0.36,0.0
2024-08-29T11:19:20.588250,interface,0.294,0.467,1.0
2024-08-29T11:19:20.647222,interface,0.41,0.396,0.903
2024-08-29T11:19:20.670226,interface,0.345,0.422,0.945
2024-08-29T11:19:20.845271,interface,0.337,0.297,0.188
2024-08-29T11:19:20.906292,interface,0.299,0.269,0.121
2024-08-29T11:19:20.925236,interface,0.37,0.21,0.0
2024-08-29T11:19:20.948231,interface,0.376,0.237,0.0
2024-08-29T11:19:21.085264,interface,0.362,0.425,0.9110001
2024-08-29T11:19:21.107192,interface,0.555,0.351,0.934
2024-08-29T11:19:21.184248,interface,0.475,0.319,0.887
2024-08-29T11:19:21.242216,interface,0.351,0.174,0.0
2024-08-29T11:19:21.264216,interface,0.038,0.265,0.0
2024-08-29T11:19:21.323219,interface,0.519,0.011,1.0
2024-08-29T11:19:21.341240,interface,0.991,0.435,1.0
2024-08-29T11:19:21.365057,interface,0.485,0.559,1.0
2024-08-29T11:19:21.384367,interface,0.05900001,0.529,0.599
2024-08-29T11:19:21.401403,interface,0.022,0.331,0.0
2024-08-29T11:19:21.422428,interface,0.592,0.103,0.0
2024-08-29T11:19:21.501409,interface,0.556,0.444,1.0
2024-08-29T11:19:21.520291,interface,0.711,0.443,1.0
2024-08-29T11:19:21.544198,interface,0.435,0.518,0.948
2024-08-29T11:19:21.581267,interface,0.324,0.205,0.0
2024-08-29T11:19:21.601222,interface,0.392,0.147,0.0
2024-08-29T11:19:21.679234,interface,0.598,0.445,1.0
2024-08-29T11:19:21.699208,interface,0.741,0.418,1.0
2024-08-29T11:19:21.721282,interface,0.395,0.475,0.885
2024-08-29T11:19:21.740207,interface,0.209,0.357,0.264
2024-08-29T11:19:21.759201,interface,0.24,0.202,0.0
2024-08-29T11:19:21.780204,interface,0.217,0.208,0.0
2024-08-29T11:19:21.837325,interface,0.593,0.405,1.0
2024-08-29T11:19:21.860188,interface,0.817,0.355,1.0
2024-08-29T11:19:21.879199,interface,0.599,0.429,1.0
2024-08-29T11:19:21.918223,interface,0.24,0.25,0.0
2024-08-29T11:19:21.936239,interface,0.224,0.219,0.0
2024-08-29T11:19:21.959277,interface,0.21,0.267,0.233
2024-08-29T11:19:21.997267,interface,0.587,0.376,0.91
2024-08-29T11:19:22.017216,interface,0.805,0.349,1.0
2024-08-29T11:19:22.038153,interface,0.84,0.358,1.0
2024-08-29T11:19:22.078334,interface,0.0,0.323,0.0
2024-08-29T11:19:22.098281,interface,0.099,0.282,0.0
2024-08-29T11:19:22.155225,interface,0.663,0.328,0.893
2024-08-29T11:19:22.178213,interface,0.827,0.232,0.9929999
2024-08-29T11:19:22.202164,interface,0.705,0.256,0.734
2024-08-29T11:19:22.235219,interface,0.12,0.29,0.315
2024-08-29T11:19:26.385549,interface,0.132,0.463,0.414
2024-08-29T11:19:26.422215,interface,0.113,0.491,0.479
2024-08-29T11:19:26.542552,interface,0.112,0.502,0.488
2024-08-29T11:19:26.622332,interface,0.06599999,0.498,0.45
2024-08-29T11:19:26.644228,interface,0.072,0.511,0.446
2024-08-29T11:19:26.661273,interface,0.043,0.511,0.382
2024-08-29T11:19:26.682226,interface,0.093,0.491,0.419
2024-08-29T11:19:27.714315,interface,0.487,0.457,0.94
2024-08-29T11:19:27.814178,interface,0.502,0.429,0.939
2024-08-29T11:19:28.149289,interface,0.645,0.224,0.266
2024-08-29T11:19:28.373327,interface,0.179,0.409,0.246
2024-08-29T11:19:28.397249,interface,0.192,0.418,0.191
2024-08-29T11:19:28.408181,interface,0.166,0.385,0.094
2024-08-29T11:19:28.428195,interface,0.158,0.387,0.077
2024-08-29T11:19:28.447228,interface,0.159,0.385,0.096
2024-08-29T11:19:28.468182,interface,0.257,0.355,0.18
2024-08-29T11:19:28.964211,interface,0.304,0.444,0.847
2024-08-29T11:19:29.122230,interface,0.521,0.245,0.009
2024-08-29T11:19:29.202233,interface,0.447,0.226,0.202
2024-08-29T11:19:29.241253,interface,0.42,0.15,0.215
2024-08-29T11:19:29.260218,interface,0.321,0.476,0.0
2024-08-29T11:19:29.340418,interface,0.529,0.243,0.188
2024-08-29T11:19:29.399260,interface,0.505,0.247,0.214
2024-08-29T11:19:29.422210,interface,0.243,0.373,0.257
2024-08-29T11:19:29.498195,interface,0.386,0.26,0.2
2024-08-29T11:19:29.577265,interface,0.774,0.19,0.72
2024-08-29T11:19:29.658234,interface,0.703,0.142,0.327
2024-08-29T11:19:29.681229,interface,0.567,0.254,0.182
2024-08-29T11:19:29.836221,interface,0.649,0.321,0.182
2024-08-29T11:19:32.320522,interface,0.873,0.572,0.626
2024-08-29T11:19:32.415216,interface,0.861,0.608,0.623
2024-08-29T11:19:33.011260,interface,0.8809999,0.264,0.253
2024-08-29T11:19:33.428242,interface,0.8679999,0.602,0.408
2024-08-29T11:19:33.547290,interface,0.867,0.53,0.245
2024-08-29T11:19:33.646262,interface,0.731,0.502,0.179
2024-08-29T11:19:34.916359,interface,0.505,0.406,0.899
2024-08-29T11:19:35.055193,interface,0.473,0.15,0.205
2024-08-29T11:19:35.154246,interface,0.497,0.441,0.987
2024-08-29T11:19:35.177262,interface,0.496,0.474,0.9969999
2024-08-29T11:19:35.197253,interface,0.507,0.478,0.991
2024-08-29T11:19:35.215208,interface,0.437,0.476,0.8820001
2024-08-29T11:19:35.293287,interface,0.591,0.107,0.075
2024-08-29T11:19:35.315196,interface,0.484,0.181,0.273
2024-08-29T11:19:35.392201,interface,0.492,0.469,1.0
2024-08-29T11:19:35.414254,interface,0.525,0.472,1.0
2024-08-29T11:19:35.434195,interface,0.451,0.476,0.937
2024-08-29T11:19:35.512203,interface,0.644,0.092,0.104
2024-08-29T11:19:35.530202,interface,0.565,0.121,0.122
2024-08-29T11:19:35.631305,interface,0.418,0.487,0.98
2024-08-29T11:19:35.651280,interface,0.478,0.495,1.0
2024-08-29T11:19:35.671202,interface,0.465,0.494,0.975
2024-08-29T11:19:35.749288,interface,0.527,0.188,0.264
2024-08-29T11:19:35.770201,interface,0.593,0.102,0.166
2024-08-29T11:19:35.790220,interface,0.473,0.174,0.311
2024-08-29T11:19:35.868264,interface,0.472,0.441,0.889
2024-08-29T11:19:35.888230,interface,0.428,0.509,1.0
2024-08-29T11:19:35.908234,interface,0.517,0.433,0.885
2024-08-29T11:19:36.760474,interface,0.43,0.398,0.871
2024-08-29T11:21:27.968297,interface,0.415,0.451,0.113
2024-08-29T11:21:30.753270,interface,0.507,0.339,0.131
2024-08-29T11:21:30.770205,interface,0.546,0.341,0.032
2024-08-29T11:21:30.787191,interface,0.537,0.36,0.148
2024-08-29T11:21:30.825270,interface,0.217,0.287,0.0
2024-08-29T11:21:30.846177,interface,0.334,0.34,0.0
2024-08-29T11:21:31.565402,interface,0.073,0.36,0.844
2024-08-29T11:21:31.578273,interface,0.0,0.302,1.0
2024-08-29T11:21:31.602265,interface,0.181,0.255,0.9929999
2024-08-29T11:21:31.623194,interface,0.295,0.259,0.8309999
2024-08-29T11:21:31.642140,interface,0.327,0.267,0.786
2024-08-29T11:21:31.939623,interface,0.924,0.355,0.185
2024-08-29T11:21:31.960189,interface,0.7940001,0.352,0.193
2024-08-29T11:21:33.882394,interface,0.483,0.376,0.076
2024-08-29T11:21:34.338267,interface,0.515,0.389,0.075
2024-08-29T11:21:38.226245,interface,0.508,0.5,0.089
2024-08-29T11:21:41.501409,interface,0.606,0.53,0.0
2024-08-29T11:21:41.897319,interface,0.531,0.541,0.057
2024-08-29T11:21:42.016243,interface,0.139,0.71,0.277
2024-08-29T11:21:42.196223,interface,0.546,0.555,0.0
2024-08-29T11:22:01.157296,interface,0.604,0.465,0.038
2024-08-29T11:22:01.179207,interface,0.566,0.491,0.126
2024-08-29T11:22:01.199194,interface,0.6690001,0.454,0.0
2024-08-29T11:22:01.219199,interface,0.604,0.521,0.06400001
2024-08-29T11:22:01.336223,interface,0.468,0.456,0.0
2024-08-29T11:22:01.355210,interface,0.481,0.471,0.013
2024-08-29T11:22:01.493253,interface,0.474,0.486,0.0
2024-08-29T11:22:01.593275,interface,0.451,0.469,0.043
2024-08-29T11:22:01.713272,interface,0.472,0.459,0.127
2024-08-29T11:22:01.735185,interface,0.426,0.462,0.131
2024-08-29T11:22:01.771237,interface,0.461,0.46,0.079
2024-08-29T11:22:01.871218,interface,0.476,0.47,0.115
2024-08-29T11:22:01.910229,interface,0.476,0.469,0.113
2024-08-29T11:22:02.010257,interface,0.489,0.459,0.037
2024-08-29T11:22:02.148215,interface,0.547,0.437,0.048
2024-08-29T11:22:02.366249,interface,0.69,0.033,0.106
2024-08-29T11:22:02.390207,interface,0.516,0.542,0.104
2024-08-29T11:22:02.705306,interface,0.431,0.445,0.125
2024-08-29T11:22:02.963233,interface,0.449,0.513,0.104
2024-08-29T11:22:02.986219,interface,0.377,0.502,0.127
2024-08-29T11:22:03.005291,interface,0.293,0.476,0.178
2024-08-29T11:22:03.557333,interface,0.315,0.327,0.812
2024-08-29T11:22:03.697238,interface,0.495,0.304,0.824
2024-08-29T11:22:03.736190,interface,0.5,0.456,0.0
2024-08-29T11:22:03.835204,interface,0.64,0.49,0.114
2024-08-29T11:22:03.855211,interface,0.582,0.482,0.122
2024-08-29T11:22:05.482296,interface,0.388,0.382,0.037
2024-08-29T11:22:06.057354,interface,0.224,0.4,0.0
2024-08-29T11:22:06.078200,interface,0.236,0.318,0.0
2024-08-29T11:22:06.096230,interface,0.251,0.305,0.016
2024-08-29T11:22:06.119191,interface,0.213,0.321,0.0
2024-08-29T11:22:06.139195,interface,0.37,0.287,0.0
2024-08-29T11:22:06.156179,interface,0.383,0.353,0.0
2024-08-29T11:22:06.177251,interface,0.382,0.416,0.017
2024-08-29T11:22:06.552309,interface,0.703,0.305,0.173
2024-08-29T11:22:06.578302,interface,0.701,0.33,0.178
2024-08-29T11:22:06.851237,interface,0.8719999,0.387,0.338
2024-08-29T11:22:06.871224,interface,0.877,0.393,0.371
2024-08-29T11:22:06.951253,interface,0.175,0.276,0.357
2024-08-29T11:22:06.970208,interface,0.016,0.241,0.08200001
2024-08-29T11:22:06.993247,interface,0.0,0.191,0.297
2024-08-29T11:22:07.012240,interface,0.0,0.198,0.572
2024-08-29T11:22:07.029264,interface,0.0,0.202,0.478
2024-08-29T11:22:07.051215,interface,0.175,0.238,0.443
2024-08-29T11:22:07.149269,interface,0.862,0.469,0.648
2024-08-29T11:22:07.168187,interface,0.995,0.47,0.512
2024-08-29T11:22:07.189251,interface,0.976,0.43,0.374
2024-08-29T11:22:07.209235,interface,0.9110001,0.448,0.206
2024-08-29T11:22:07.230226,interface,0.764,0.411,0.235
2024-08-29T11:22:07.308213,interface,0.589,0.27,0.201
2024-08-29T11:22:07.783264,interface,0.0,0.255,0.743
2024-08-29T11:22:07.805251,interface,0.0,0.315,1.0
2024-08-29T11:22:07.825247,interface,0.192,0.2,0.959
2024-08-29T11:22:07.903192,interface,0.977,0.45,0.396
2024-08-29T11:22:07.923173,interface,1.0,0.46,0.312
2024-08-29T11:22:07.943273,interface,0.908,0.506,0.099
2024-08-29T11:22:07.964211,interface,0.788,0.462,0.026
2024-08-29T11:22:08.418247,interface,0.924,0.325,0.422
2024-08-29T11:22:08.441261,interface,0.924,0.342,0.511
2024-08-29T11:22:08.461219,interface,0.864,0.361,0.526
2024-08-29T11:22:08.481223,interface,0.891,0.355,0.415
2024-08-29T11:22:08.558194,interface,0.201,0.31,0.353
2024-08-29T11:22:08.617237,interface,0.126,0.226,0.631
2024-08-29T11:22:08.639203,interface,0.012,0.258,0.594
2024-08-29T11:22:08.658418,interface,0.025,0.334,0.617
2024-08-29T11:22:08.756266,interface,0.98,0.391,0.519
2024-08-29T11:22:08.775233,interface,1.0,0.381,0.447
2024-08-29T11:22:08.796224,interface,1.0,0.384,0.443
2024-08-29T11:22:08.816196,interface,0.926,0.392,0.491
2024-08-29T11:22:09.053315,interface,0.63,0.541,0.032
2024-08-29T11:22:09.077253,interface,0.776,0.53,0.003
2024-08-29T11:22:09.093292,interface,0.718,0.508,0.036
2024-08-29T11:22:09.193295,interface,0.707,0.499,0.17
2024-08-29T11:22:10.006290,interface,0.729,0.471,0.057
2024-08-29T11:22:10.028225,interface,0.748,0.483,0.168
2024-08-29T11:22:10.303289,interface,0.673,0.479,0.114
2024-08-29T11:22:10.322271,interface,0.716,0.492,0.012
2024-08-29T11:22:10.345297,interface,0.686,0.492,0.069
2024-08-29T11:22:10.365312,interface,0.638,0.528,0.078
2024-08-29T11:22:10.402260,interface,0.481,0.49,0.009
2024-08-29T11:22:10.425244,interface,0.516,0.49,0.0
2024-08-29T11:22:10.444242,interface,0.536,0.558,0.063
2024-08-29T11:22:10.919328,interface,0.678,0.287,0.161
2024-08-29T11:22:10.978316,interface,0.635,0.272,0.148
2024-08-29T11:22:10.998220,interface,0.717,0.327,0.0
2024-08-29T11:22:11.018228,interface,0.967,0.374,0.044
2024-08-29T11:22:11.039229,interface,0.999,0.215,1.0
2024-08-29T11:22:11.117272,interface,0.958,0.415,0.302
2024-08-29T11:22:11.137219,interface,0.8059999,0.26,0.0
2024-08-29T11:22:11.157242,interface,0.755,0.285,0.26
2024-08-29T11:22:11.216202,interface,0.665,0.28,0.833
2024-08-29T11:22:11.275228,interface,0.709,0.342,0.02
2024-08-29T11:22:11.296204,interface,0.705,0.288,0.0
2024-08-29T11:22:11.316175,interface,0.774,0.29,0.223
2024-08-29T11:22:11.355223,interface,0.7059999,0.28,1.0
2024-08-29T11:22:11.395230,interface,0.87,0.339,0.203
2024-08-29T11:22:11.415188,interface,0.786,0.275,0.0
2024-08-29T11:22:11.434180,interface,0.827,0.28,0.102
2024-08-29T11:22:11.455191,interface,0.775,0.317,0.301
2024-08-29T11:22:11.493292,interface,0.623,0.281,1.0
2024-08-29T11:22:11.534202,interface,0.871,0.341,0.172
2024-08-29T11:22:11.554224,interface,0.9110001,0.201,0.0
2024-08-29T11:22:11.573238,interface,0.797,0.286,0.283
2024-08-29T11:22:11.634146,interface,0.639,0.274,1.0
2024-08-29T11:22:11.672198,interface,0.629,0.304,0.093
2024-08-29T11:22:11.692230,interface,0.8,0.245,0.0
2024-08-29T11:22:11.751212,interface,0.676,0.257,0.987
2024-08-29T11:22:11.791348,interface,0.8349999,0.321,0.334
2024-08-29T11:22:11.813413,interface,0.799,0.281,0.0
2024-08-29T11:22:11.833232,interface,0.892,0.247,0.235
2024-08-29T11:22:11.890208,interface,0.659,0.27,0.992
2024-08-29T11:22:11.929330,interface,0.737,0.343,0.166
2024-08-29T11:22:11.952197,interface,0.814,0.243,0.0
2024-08-29T11:22:12.029244,interface,0.643,0.286,0.9559999
2024-08-29T11:22:12.068221,interface,0.701,0.317,0.058
2024-08-29T11:22:12.091215,interface,0.808,0.248,0.0
2024-08-29T11:22:12.247196,interface,0.672,0.288,0.215
2024-08-29T11:22:12.585283,interface,0.661,0.29,0.128
2024-08-29T11:22:12.606184,interface,0.783,0.258,0.229
2024-08-29T11:22:12.644300,interface,0.626,0.302,0.9309999
2024-08-29T11:22:12.666219,interface,0.474,0.294,0.8190001
2024-08-29T11:22:12.726201,interface,0.654,0.283,0.0
2024-08-29T11:22:12.744200,interface,0.733,0.245,0.198
2024-08-29T11:22:12.764190,interface,0.681,0.275,0.118
2024-08-29T11:22:12.785252,interface,0.805,0.312,0.235
2024-08-29T11:22:12.804178,interface,0.77,0.233,1.0
2024-08-29T11:22:12.826344,interface,0.403,0.315,0.852
2024-08-29T11:22:12.862291,interface,0.756,0.363,0.0
2024-08-29T11:22:12.883250,interface,0.8780001,0.197,0.0
2024-08-29T11:22:12.903228,interface,0.682,0.306,0.141
2024-08-29T11:22:12.941241,interface,0.66,0.296,1.0
2024-08-29T11:22:12.981331,interface,0.721,0.33,0.197
2024-08-29T11:22:13.001253,interface,0.79,0.248,0.034
2024-08-29T11:22:13.022199,interface,0.702,0.296,0.05
2024-08-29T11:22:13.041246,interface,0.753,0.295,0.088
2024-08-29T11:22:13.063197,interface,0.8059999,0.344,0.213
2024-08-29T11:22:13.082193,interface,0.7940001,0.362,0.906
2024-08-29T11:22:13.103243,interface,0.533,0.321,1.0
2024-08-29T11:22:13.140184,interface,0.739,0.278,0.156
2024-08-29T11:22:13.164208,interface,0.745,0.244,0.0
2024-08-29T11:22:13.180239,interface,0.622,0.29,0.161
2024-08-29T11:22:13.219248,interface,0.64,0.287,1.0
2024-08-29T11:22:13.259238,interface,0.69,0.284,0.161
2024-08-29T11:22:13.282207,interface,0.821,0.238,0.236
2024-08-29T11:22:13.302173,interface,0.709,0.282,0.063
2024-08-29T11:22:13.319185,interface,0.753,0.296,0.27
2024-08-29T11:22:13.357220,interface,0.696,0.358,1.0
2024-08-29T11:22:13.398240,interface,0.695,0.326,0.155
2024-08-29T11:22:13.421253,interface,0.854,0.247,0.333
2024-08-29T11:22:13.440172,interface,0.688,0.266,0.085
2024-08-29T11:22:13.458192,interface,0.708,0.272,0.229
2024-08-29T11:22:13.479192,interface,0.783,0.294,0.289
2024-08-29T11:22:13.517252,interface,0.565,0.326,1.0
2024-08-29T11:22:13.557320,interface,0.827,0.246,0.291
2024-08-29T11:22:13.580213,interface,0.771,0.277,0.126
2024-08-29T11:22:13.596289,interface,0.725,0.259,0.132
2024-08-29T11:22:13.617258,interface,0.792,0.298,0.378
2024-08-29T11:22:13.637226,interface,0.774,0.34,0.267
2024-08-29T11:22:13.658234,interface,0.636,0.362,1.0
2024-08-29T11:22:13.696221,interface,0.83,0.33,0.236
2024-08-29T11:22:13.716238,interface,0.866,0.269,0.219
2024-08-29T11:22:13.774224,interface,0.822,0.338,0.347
2024-08-29T11:22:13.796278,interface,0.859,0.403,1.0
2024-08-29T11:22:13.816218,interface,0.621,0.429,1.0
2024-08-29T11:22:13.855399,interface,0.907,0.266,0.165
2024-08-29T11:22:13.874361,interface,0.74,0.314,0.279
2024-08-29T11:22:13.933359,interface,0.79,0.375,0.758
2024-08-29T11:22:13.953256,interface,0.599,0.389,1.0
2024-08-29T11:22:13.994215,interface,0.9610001,0.23,0.199
2024-08-29T11:22:14.013238,interface,0.767,0.293,0.222
2024-08-29T11:22:14.034198,interface,0.809,0.285,0.281
2024-08-29T11:22:14.053246,interface,0.812,0.32,0.268
2024-08-29T11:22:14.074238,interface,0.874,0.451,0.451
2024-08-29T11:22:14.094213,interface,0.546,0.375,1.0
2024-08-29T11:22:14.133238,interface,0.8679999,0.275,0.231
2024-08-29T11:22:14.155213,interface,0.771,0.268,0.255
2024-08-29T11:22:14.212221,interface,0.628,0.355,0.9440001
2024-08-29T11:22:15.103294,interface,0.87,0.379,0.349
2024-08-29T11:22:15.126245,interface,0.8309999,0.422,0.187
2024-08-29T11:22:15.223220,interface,0.0,0.235,1.0
2024-08-29T11:22:15.242205,interface,0.0,0.23,0.795
2024-08-29T11:22:15.266192,interface,0.283,0.202,0.639
2024-08-29T11:22:15.323215,interface,0.16,0.322,0.529
2024-08-29T11:22:15.403278,interface,0.825,0.356,0.294
2024-08-29T11:22:15.422187,interface,0.778,0.361,0.185
2024-08-29T11:22:15.917292,interface,0.15,0.275,0.8809999
2024-08-29T11:22:15.942361,interface,0.187,0.245,0.8059999
2024-08-29T11:22:15.959341,interface,0.229,0.232,0.79
2024-08-29T11:22:15.979297,interface,0.17,0.241,0.764
2024-08-29T11:22:16.000238,interface,0.181,0.237,0.601
2024-08-29T11:22:16.334253,interface,0.81,0.361,0.296
2024-08-29T11:22:16.473256,interface,0.179,0.259,0.561
2024-08-29T11:22:16.496194,interface,0.142,0.225,0.602
2024-08-29T11:22:16.514257,interface,0.185,0.198,0.653
2024-08-29T11:22:16.534200,interface,0.096,0.201,0.658
2024-08-29T11:22:16.555215,interface,0.242,0.229,0.555
2024-08-29T11:22:16.670333,interface,0.851,0.375,0.387
2024-08-29T11:22:16.694213,interface,0.856,0.409,0.403
2024-08-29T11:22:16.713242,interface,0.851,0.38,0.369
2024-08-29T11:22:16.752216,interface,0.842,0.429,0.328
2024-08-29T11:22:16.771203,interface,0.909,0.42,0.351
2024-08-29T11:22:16.792185,interface,0.92,0.417,0.329
2024-08-29T11:22:16.812203,interface,0.863,0.416,0.357
2024-08-29T11:22:16.890253,interface,0.238,0.24,0.645
2024-08-29T11:22:16.910228,interface,0.18,0.23,0.571
2024-08-29T11:22:16.931215,interface,0.054,0.182,0.455
2024-08-29T11:22:16.950269,interface,0.111,0.223,0.576
2024-08-29T11:22:17.069232,interface,0.9139999,0.399,0.354
2024-08-29T11:22:17.089313,interface,0.9110001,0.413,0.322
2024-08-29T11:22:17.110241,interface,0.844,0.407,0.317
2024-08-29T11:22:17.130218,interface,0.843,0.399,0.354
2024-08-29T11:22:17.150202,interface,0.871,0.396,0.38
2024-08-29T11:22:17.266269,interface,0.15,0.237,0.507
2024-08-29T11:22:17.289221,interface,0.058,0.192,0.488
2024-08-29T11:22:17.309256,interface,0.013,0.207,0.498
2024-08-29T11:22:17.326188,interface,0.224,0.236,0.491
2024-08-29T11:22:17.445319,interface,0.92,0.374,0.361
2024-08-29T11:22:17.468223,interface,0.906,0.382,0.342
2024-08-29T11:22:17.488207,interface,0.825,0.387,0.341
2024-08-29T11:22:17.505392,interface,0.858,0.409,0.372
2024-08-29T11:22:17.526183,interface,0.875,0.385,0.367
2024-08-29T11:22:17.645267,interface,0.126,0.232,0.612
2024-08-29T11:22:17.665253,interface,0.0,0.226,0.553
2024-08-29T11:22:17.684318,interface,0.16,0.239,0.489
2024-08-29T11:22:17.803218,interface,0.955,0.371,0.353
2024-08-29T11:22:17.821285,interface,0.903,0.394,0.284
2024-08-29T11:22:17.844197,interface,0.87,0.41,0.284
2024-08-29T11:22:17.864190,interface,0.947,0.392,0.326
2024-08-29T11:22:19.172487,interface,0.848,0.36,0.375
2024-08-29T11:22:19.232205,interface,0.848,0.371,0.405
2024-08-29T11:22:19.251200,interface,0.837,0.346,0.326
2024-08-29T11:22:19.272204,interface,0.848,0.364,0.241
2024-08-29T11:22:19.292191,interface,0.867,0.413,0.264
2024-08-29T11:22:19.433476,interface,0.8360001,0.389,0.375
2024-08-29T11:22:19.647978,interface,0.325,0.319,0.809
2024-08-29T11:22:19.669238,interface,0.306,0.235,0.983
2024-08-29T11:22:19.688257,interface,0.332,0.214,0.973
2024-08-29T11:22:19.707229,interface,0.416,0.185,0.998
2024-08-29T11:22:19.732207,interface,0.414,0.201,0.973
2024-08-29T11:22:20.124339,interface,0.75,0.357,0.144
2024-08-29T11:22:20.144423,interface,0.764,0.326,0.038
2024-08-29T11:22:20.164285,interface,0.775,0.356,0.174
2024-08-29T11:22:20.202316,interface,0.68,0.376,0.163
2024-08-29T11:22:22.108267,interface,0.456,0.322,0.132
2024-08-29T11:22:22.210328,interface,0.875,0.331,0.655
2024-08-29T11:22:22.230261,interface,0.816,0.323,0.323
2024-08-29T11:22:22.444210,interface,0.85,0.4,0.274
2024-08-29T11:22:22.467191,interface,0.864,0.388,0.407
2024-08-29T11:22:22.487175,interface,0.874,0.396,0.204
2024-08-29T11:22:22.508227,interface,0.853,0.383,0.245
2024-08-29T11:22:24.687273,interface,0.494,0.552,0.104
2024-08-29T11:22:25.461315,interface,0.06800001,0.525,0.438
2024-08-29T11:22:25.484222,interface,0.1,0.502,0.446
2024-08-29T11:22:25.640281,interface,0.107,0.542,0.433
2024-08-29T11:22:25.658236,interface,0.163,0.543,0.428
2024-08-29T11:22:26.175285,interface,0.138,0.444,0.41
2024-08-29T11:22:26.196249,interface,0.1,0.462,0.345
2024-08-29T11:22:26.393353,interface,0.803,0.617,0.09099999
2024-08-29T11:22:26.416228,interface,1.0,0.495,0.037
2024-08-29T11:22:26.435205,interface,0.745,0.62,0.014
2024-08-29T11:22:26.456222,interface,0.628,0.632,0.058
2024-08-29T11:22:26.476235,interface,0.633,0.56,0.096
2024-08-29T11:22:26.533262,interface,0.09700001,0.418,0.423
2024-08-29T11:22:26.554313,interface,0.012,0.419,0.629
2024-08-29T11:22:26.574218,interface,0.0,0.449,0.643
2024-08-29T11:22:26.598158,interface,0.061,0.488,0.48
2024-08-29T11:22:26.692210,interface,0.762,0.628,0.092
2024-08-29T11:22:26.711212,interface,0.714,0.604,0.027
2024-08-29T11:22:26.734221,interface,0.6690001,0.602,0.014
2024-08-29T11:22:26.753235,interface,0.568,0.601,0.069
2024-08-29T11:22:26.870264,interface,0.385,0.496,0.14
2024-08-29T11:22:27.247226,interface,0.123,0.422,0.369
2024-08-29T11:22:27.269238,interface,0.141,0.411,0.274
2024-08-29T11:22:27.287245,interface,0.171,0.408,0.304
2024-08-29T11:22:27.406300,interface,0.628,0.479,0.113
2024-08-29T11:22:27.427370,interface,0.691,0.512,0.096
2024-08-29T11:22:27.447192,interface,0.707,0.547,0.151
2024-08-29T11:22:27.545267,interface,0.249,0.413,0.201
2024-08-29T11:22:27.566201,interface,0.192,0.388,0.299
2024-08-29T11:22:27.586241,interface,0.153,0.356,0.364
2024-08-29T11:22:27.607199,interface,0.159,0.353,0.363
2024-08-29T11:22:27.803229,interface,0.716,0.505,0.15
2024-08-29T11:22:27.823221,interface,0.9,0.447,0.153
2024-08-29T11:22:27.844220,interface,0.74,0.491,0.21
2024-08-29T11:22:27.922238,interface,0.454,0.363,0.103
2024-08-29T11:22:27.942246,interface,0.463,0.327,0.125
2024-08-29T11:22:28.179264,interface,0.157,0.419,0.353
2024-08-29T11:22:28.318277,interface,0.713,0.47,0.135
2024-08-29T11:22:28.341219,interface,0.717,0.483,0.139
2024-08-29T11:22:28.657349,interface,0.257,0.413,0.213
2024-08-29T11:22:31.394273,interface,0.16,0.38,0.693
2024-08-29T11:22:31.454253,interface,0.436,0.381,0.14
2024-08-29T11:22:31.492196,interface,0.506,0.38,0.061
2024-08-29T11:22:31.515192,interface,0.587,0.347,0.139
2024-08-29T11:22:31.652339,interface,0.783,0.377,0.261
2024-08-29T11:22:31.830269,interface,0.742,0.331,0.162
2024-08-29T11:22:31.890220,interface,0.741,0.32,0.1
2024-08-29T11:22:31.910221,interface,0.834,0.314,0.114
2024-08-29T11:22:32.050216,interface,0.834,0.374,0.293
2024-08-29T11:22:32.071217,interface,0.8690001,0.275,0.031
2024-08-29T11:22:32.089289,interface,0.681,0.309,0.109
2024-08-29T11:22:32.128199,interface,0.76,0.35,0.179
2024-08-29T11:22:32.168214,interface,0.508,0.344,0.927
2024-08-29T11:22:32.227246,interface,0.704,0.323,0.08
2024-08-29T11:22:32.249256,interface,0.734,0.265,0.0
2024-08-29T11:22:32.269243,interface,0.714,0.322,0.138
2024-08-29T11:22:32.290215,interface,0.781,0.362,0.158
2024-08-29T11:22:32.310200,interface,0.718,0.348,0.7940001
2024-08-29T11:22:32.445325,interface,0.564,0.319,0.009
2024-08-29T11:22:32.465280,interface,0.648,0.306,0.127
2024-08-29T11:22:32.584230,interface,0.814,0.344,0.158
2024-08-29T11:22:32.610320,interface,0.846,0.241,0.0
2024-08-29T11:22:32.625387,interface,0.692,0.325,0.142
2024-08-29T11:22:32.645319,interface,0.82,0.32,0.09099999
2024-08-29T11:22:32.665337,interface,0.979,0.428,0.25
2024-08-29T11:22:32.685264,interface,0.608,0.314,1.0
2024-08-29T11:22:32.743167,interface,0.719,0.309,0.115
2024-08-29T11:22:32.764222,interface,0.767,0.253,0.0
2024-08-29T11:22:32.783284,interface,0.702,0.31,0.159
2024-08-29T11:22:32.804206,interface,0.738,0.355,0.114
2024-08-29T11:22:32.824244,interface,0.723,0.334,0.953
2024-08-29T11:22:32.845244,interface,0.585,0.323,0.958
2024-08-29T11:22:32.882219,interface,0.809,0.346,0.233
2024-08-29T11:22:32.903225,interface,0.841,0.249,0.0
2024-08-29T11:22:32.922216,interface,0.718,0.314,0.1
2024-08-29T11:22:32.943220,interface,0.78,0.321,0.175
2024-08-29T11:22:32.963230,interface,0.849,0.416,0.358
2024-08-29T11:22:32.983206,interface,0.564,0.312,1.0
2024-08-29T11:22:33.021233,interface,0.717,0.314,0.199
2024-08-29T11:22:33.042195,interface,0.716,0.289,0.052
2024-08-29T11:22:33.061270,interface,0.699,0.294,0.043
2024-08-29T11:22:33.082178,interface,0.721,0.311,0.194
2024-08-29T11:22:33.102222,interface,0.771,0.381,0.143
2024-08-29T11:22:33.122237,interface,0.692,0.317,1.0
2024-08-29T11:22:33.180213,interface,0.776,0.346,0.176
2024-08-29T11:22:33.199291,interface,0.8,0.239,0.0
2024-08-29T11:22:33.221310,interface,0.689,0.326,0.09700001
2024-08-29T11:22:33.240204,interface,0.769,0.342,0.109
2024-08-29T11:22:33.279234,interface,0.614,0.276,1.0
2024-08-29T11:22:33.339213,interface,0.717,0.276,0.0
2024-08-29T11:22:33.360242,interface,0.663,0.308,0.036
2024-08-29T11:22:33.379174,interface,0.701,0.311,0.138
2024-08-29T11:22:33.418199,interface,0.673,0.304,1.0
2024-08-29T11:22:33.458214,interface,0.681,0.381,0.189
2024-08-29T11:22:33.477256,interface,0.809,0.28,0.0
2024-08-29T11:22:33.498233,interface,0.699,0.293,0.087
2024-08-29T11:22:33.518182,interface,0.67,0.317,0.181
2024-08-29T11:22:33.539208,interface,0.694,0.338,0.18
2024-08-29T11:22:33.558253,interface,0.723,0.397,0.984
2024-08-29T11:22:33.617238,interface,0.751,0.326,0.217
2024-08-29T11:22:33.637465,interface,0.723,0.313,0.171
2024-08-29T11:22:33.662310,interface,0.681,0.341,0.183
2024-08-29T11:22:33.678334,interface,0.732,0.339,0.204
2024-08-29T11:22:33.697292,interface,0.724,0.394,0.206
2024-08-29T11:22:33.718240,interface,0.685,0.345,0.967
2024-08-29T11:22:33.895249,interface,0.359,0.33,0.169
2024-08-29T11:22:33.932282,interface,0.189,0.3,0.404
2024-08-29T11:22:33.955202,interface,0.085,0.295,0.249
2024-08-29T11:22:33.975201,interface,0.083,0.29,0.138
2024-08-29T11:22:33.996244,interface,0.102,0.287,0.368
2024-08-29T11:22:34.015261,interface,0.104,0.291,0.283
2024-08-29T11:22:34.033223,interface,0.156,0.308,0.25
2024-08-29T11:22:34.231210,interface,0.846,0.351,0.306
2024-08-29T11:22:34.250226,interface,0.904,0.344,0.655
2024-08-29T11:22:34.331236,interface,0.803,0.32,0.347
2024-08-29T11:22:34.351228,interface,0.837,0.249,0.235
2024-08-29T11:22:34.372223,interface,0.778,0.26,0.139
2024-08-29T11:22:34.391215,interface,0.891,0.263,0.262
2024-08-29T11:22:34.412228,interface,1.0,0.292,0.079
2024-08-29T11:22:34.432200,interface,1.0,0.574,0.679
2024-08-29T11:22:34.449319,interface,0.427,0.302,1.0
2024-08-29T11:22:34.509316,interface,0.642,0.273,0.0
2024-08-29T11:22:34.528192,interface,0.749,0.246,0.0
2024-08-29T11:22:34.551212,interface,0.768,0.315,0.175
2024-08-29T11:22:34.588229,interface,0.519,0.284,1.0
2024-08-29T11:22:34.647283,interface,0.57,0.319,0.028
2024-08-29T11:22:34.667232,interface,0.754,0.233,0.0
2024-08-29T11:22:34.694339,interface,0.65,0.336,0.158
2024-08-29T11:22:34.710315,interface,0.601,0.319,0.965
2024-08-29T11:22:34.787282,interface,0.679,0.255,0.0
2024-08-29T11:22:34.806225,interface,0.664,0.309,0.211
2024-08-29T11:22:34.846321,interface,0.684,0.312,0.934
2024-08-29T11:22:34.926249,interface,0.717,0.237,0.02
2024-08-29T11:22:34.944236,interface,0.644,0.267,0.074
2024-08-29T11:22:35.005280,interface,0.535,0.333,1.0
2024-08-29T11:22:35.045230,interface,0.75,0.302,0.224
2024-08-29T11:22:35.066181,interface,0.759,0.263,0.094
2024-08-29T11:22:35.086196,interface,0.7059999,0.288,0.135
2024-08-29T11:22:35.124188,interface,0.742,0.357,0.207
2024-08-29T11:22:35.147261,interface,0.728,0.412,0.889
2024-08-29T11:22:35.245268,interface,0.625,0.292,0.196
2024-08-29T11:22:38.436422,interface,0.715,0.299,0.162
2024-08-29T11:22:38.497261,interface,0.739,0.324,0.086
2024-08-29T11:22:38.517254,interface,0.799,0.311,0.196
2024-08-29T11:22:38.537224,interface,0.779,0.329,0.418
2024-08-29T11:22:38.577251,interface,0.614,0.266,0.897
2024-08-29T11:22:38.676210,interface,0.749,0.293,0.156
2024-08-29T11:22:38.696200,interface,0.623,0.285,0.167
2024-08-29T11:22:38.854462,interface,0.445,0.255,0.828
2024-08-29T11:22:38.933314,interface,0.863,0.347,0.415
2024-08-29T11:22:38.956222,interface,0.752,0.323,0.005
2024-08-29T11:22:38.976220,interface,0.614,0.278,0.164
2024-08-29T11:22:39.053264,interface,0.672,0.293,0.235
2024-08-29T11:22:39.251220,interface,0.573,0.294,0.156
2024-08-29T11:22:40.580277,interface,0.193,0.332,0.308
2024-08-29T11:22:40.602238,interface,0.144,0.349,0.13
2024-08-29T11:22:40.621251,interface,0.293,0.347,0.14
2024-08-29T11:22:41.256269,interface,0.537,0.362,0.136
2024-08-29T11:22:41.278235,interface,0.527,0.357,0.056
2024-08-29T11:22:41.298213,interface,0.523,0.379,0.105
2024-08-29T11:22:41.453249,interface,0.636,0.326,0.18
2024-08-29T11:22:41.473244,interface,0.548,0.333,0.0
2024-08-29T11:22:41.672243,interface,0.727,0.283,0.129
2024-08-29T11:22:41.730214,interface,0.713,0.313,0.189
2024-08-29T11:22:41.753273,interface,0.788,0.352,0.228
2024-08-29T11:22:41.791216,interface,0.616,0.299,0.937
2024-08-29T11:22:41.812206,interface,0.863,0.325,0.547
2024-08-29T11:22:41.831223,interface,0.796,0.313,0.0
2024-08-29T11:22:41.852203,interface,0.584,0.279,0.0
2024-08-29T11:22:41.910207,interface,0.717,0.32,0.232
2024-08-29T11:22:41.930220,interface,0.566,0.336,1.0
2024-08-29T11:22:41.974384,interface,0.826,0.305,0.193
2024-08-29T11:22:41.991329,interface,0.721,0.289,0.049
2024-08-29T11:22:42.011319,interface,0.559,0.331,0.162
2024-08-29T11:22:42.049236,interface,0.754,0.288,0.232
2024-08-29T11:22:42.089283,interface,0.522,0.303,0.95
2024-08-29T11:22:42.129250,interface,0.736,0.26,0.099
2024-08-29T11:22:42.168234,interface,0.614,0.279,0.212
2024-08-29T11:22:42.228201,interface,0.533,0.331,0.917
2024-08-29T11:22:42.267237,interface,0.746,0.286,0.165
2024-08-29T11:22:42.327252,interface,0.683,0.309,0.194
2024-08-29T11:22:42.349239,interface,0.71,0.291,0.268
2024-08-29T11:22:42.369276,interface,0.568,0.355,0.928
2024-08-29T11:22:42.406220,interface,0.69,0.262,0.175
2024-08-29T11:22:42.429270,interface,0.634,0.269,0.229
2024-08-29T11:22:42.566230,interface,0.588,0.319,0.128
2024-08-29T11:22:42.604220,interface,0.711,0.271,0.177
2024-08-29T11:22:42.704281,interface,0.656,0.306,0.0
2024-08-29T11:22:42.725241,interface,0.595,0.296,0.176
2024-08-29T11:22:42.882203,interface,0.589,0.311,0.104
2024-08-29T11:22:43.142235,interface,0.593,0.306,0.179
2024-08-29T11:22:43.617276,interface,0.553,0.285,0.075
2024-08-29T11:22:44.033985,interface,0.689,0.323,0.191
2024-08-29T11:22:44.153965,interface,0.721,0.308,0.151
2024-08-29T11:22:44.174203,interface,0.639,0.308,0.198
2024-08-29T11:22:44.232234,interface,0.676,0.293,0.2
2024-08-29T11:22:44.255237,interface,0.743,0.306,0.253
2024-08-29T11:22:44.331212,interface,0.663,0.28,0.105
2024-08-29T11:22:44.351190,interface,0.604,0.281,0.042
2024-08-29T11:22:44.373253,interface,0.5809999,0.299,0.134
2024-08-29T11:22:44.490195,interface,0.479,0.322,0.151
2024-08-29T11:22:46.476699,interface,0.606,0.425,0.14
2024-08-29T11:22:46.497231,interface,0.596,0.424,0.071
2024-08-29T11:22:46.516182,interface,0.572,0.448,0.021
2024-08-29T11:22:46.535293,interface,0.487,0.473,0.124
2024-08-29T11:22:46.654726,interface,0.489,0.376,0.133
2024-08-29T11:22:46.712295,interface,0.464,0.323,0.164
2024-08-29T11:22:46.872183,interface,0.392,0.421,0.8690001
2024-08-29T11:22:47.031479,interface,0.231,0.428,0.85
2024-08-29T11:22:47.051292,interface,0.209,0.407,0.791
2024-08-29T11:22:47.090220,interface,0.187,0.399,0.802
2024-08-29T11:22:47.111219,interface,0.185,0.395,0.801
2024-08-29T11:22:47.131218,interface,0.182,0.416,0.951
2024-08-29T11:22:47.151214,interface,0.197,0.411,0.74
2024-08-29T11:22:47.227321,interface,0.567,0.39,0.906
2024-08-29T11:22:47.288203,interface,0.64,0.353,0.159
2024-08-29T11:22:47.387265,interface,0.647,0.336,0.167
2024-08-29T11:22:47.410231,interface,0.699,0.307,0.03
2024-08-29T11:22:47.429237,interface,0.704,0.317,0.21
2024-08-29T11:22:47.668419,interface,0.604,0.244,0.842
2024-08-29T11:22:47.687195,interface,0.588,0.228,0.924
2024-08-29T11:22:47.705288,interface,0.552,0.227,0.8690001
2024-08-29T11:22:47.726205,interface,0.589,0.236,0.901
2024-08-29T11:22:47.747210,interface,0.577,0.262,0.834
2024-08-29T11:22:47.862259,interface,0.858,0.565,0.217
2024-08-29T11:22:47.885274,interface,0.763,0.474,0.0
2024-08-29T11:22:47.904258,interface,0.877,0.35,0.052
2024-08-29T11:22:48.003216,interface,0.767,0.376,0.062
2024-08-29T11:22:48.024214,interface,0.745,0.436,0.074
2024-08-29T11:22:48.121307,interface,0.507,0.285,0.8349999
2024-08-29T11:22:48.141255,interface,0.431,0.24,0.902
2024-08-29T11:22:48.162246,interface,0.413,0.223,0.796
2024-08-29T11:22:48.182228,interface,0.428,0.225,0.86
2024-08-29T11:22:48.202350,interface,0.398,0.214,0.875
2024-08-29T11:22:48.226393,interface,0.424,0.248,0.895
2024-08-29T11:22:48.359230,interface,0.844,0.381,0.27
2024-08-29T11:22:48.382264,interface,0.867,0.346,0.137
2024-08-29T11:22:48.401261,interface,0.787,0.336,0.313
2024-08-29T11:22:48.498269,interface,0.737,0.336,0.218
2024-08-29T11:22:48.638769,interface,0.278,0.278,0.862
2024-08-29T11:22:48.658224,interface,0.236,0.266,0.8679999
2024-08-29T11:22:48.678350,interface,0.242,0.246,0.774
2024-08-29T11:22:48.699231,interface,0.234,0.258,0.82
2024-08-29T11:22:48.719212,interface,0.27,0.277,0.8679999
2024-08-29T11:22:48.882796,interface,0.863,0.323,0.405
2024-08-29T11:22:48.895200,interface,0.851,0.303,0.31
2024-08-29T11:22:49.015223,interface,0.789,0.297,0.348
2024-08-29T11:22:49.234408,interface,0.35,0.284,0.774
2024-08-29T11:22:49.253292,interface,0.305,0.278,0.795
2024-08-29T11:22:49.276336,interface,0.289,0.284,0.763
2024-08-29T11:22:50.067198,interface,0.799,0.295,0.368
2024-08-29T11:22:50.424229,interface,0.377,0.224,0.725
2024-08-29T11:22:51.079237,interface,0.427,0.232,0.764
2024-08-29T11:22:51.337625,interface,0.8349999,0.32,0.358
2024-08-29T11:22:51.694311,interface,0.326,0.217,0.714
2024-08-29T11:22:51.715224,interface,0.431,0.205,0.751
2024-08-29T11:22:51.735196,interface,0.479,0.184,0.876
2024-08-29T11:22:51.755282,interface,0.468,0.208,0.773
2024-08-29T11:22:51.871245,interface,0.822,0.443,0.292
2024-08-29T11:22:51.894229,interface,0.906,0.329,0.02
2024-08-29T11:22:51.951240,interface,0.804,0.346,0.28
2024-08-29T11:22:52.010311,interface,0.779,0.338,0.246
2024-08-29T11:22:52.170267,interface,0.298,0.224,0.681
2024-08-29T11:22:52.189340,interface,0.364,0.195,0.7940001
2024-08-29T11:22:52.212232,interface,0.445,0.204,0.74
2024-08-29T11:22:52.231198,interface,0.435,0.204,0.813
2024-08-29T11:22:52.368251,interface,0.851,0.334,0.255
2024-08-29T11:22:52.428310,interface,0.814,0.341,0.269
2024-08-29T11:22:52.646241,interface,0.401,0.188,0.825
2024-08-29T11:22:52.668207,interface,0.44,0.192,0.79
2024-08-29T11:22:52.866167,interface,0.712,0.357,0.167
2024-08-29T11:22:52.886146,interface,0.732,0.36,0.179
2024-08-29T11:22:53.023199,interface,0.286,0.25,0.688
2024-08-29T11:22:53.043277,interface,0.288,0.212,0.727
2024-08-29T11:22:53.063237,interface,0.324,0.192,0.739
2024-08-29T11:22:53.085275,interface,0.393,0.183,0.8309999
2024-08-29T11:22:53.103270,interface,0.376,0.205,0.763
2024-08-29T11:22:53.261662,interface,0.818,0.36,0.307
2024-08-29T11:22:53.284208,interface,0.814,0.365,0.29
2024-08-29T11:22:53.303186,interface,0.84,0.38,0.226
2024-08-29T11:22:53.500588,interface,0.254,0.211,0.631
2024-08-29T11:22:53.521248,interface,0.255,0.197,0.639
2024-08-29T11:22:53.540214,interface,0.282,0.221,0.672
2024-08-29T11:22:53.560229,interface,0.356,0.244,0.734
2024-08-29T11:22:53.699000,interface,0.822,0.353,0.371
2024-08-29T11:22:53.759236,interface,0.847,0.374,0.378
2024-08-29T11:22:53.777261,interface,0.879,0.365,0.402
2024-08-29T11:22:53.876249,interface,0.359,0.284,0.83
2024-08-29T11:22:53.916230,interface,0.25,0.183,0.808
2024-08-29T11:22:53.938323,interface,0.28,0.179,0.968
2024-08-29T11:22:53.958276,interface,0.347,0.193,0.89
2024-08-29T11:22:53.976202,interface,0.428,0.247,0.772
2024-08-29T11:22:54.119950,interface,0.862,0.37,0.463
2024-08-29T11:22:54.174220,interface,0.863,0.391,0.307
2024-08-29T11:22:54.314243,interface,0.289,0.211,0.677
2024-08-29T11:22:54.334190,interface,0.297,0.185,0.773
2024-08-29T11:22:54.355234,interface,0.316,0.195,0.716
2024-08-29T11:22:54.374191,interface,0.351,0.203,0.756
2024-08-29T11:22:54.730774,interface,0.257,0.257,0.705
2024-08-29T11:22:54.752195,interface,0.278,0.216,0.716
2024-08-29T11:22:54.771219,interface,0.341,0.2,0.6690001
2024-08-29T11:22:54.790229,interface,0.331,0.208,0.73
2024-08-29T11:22:54.814227,interface,0.306,0.207,0.787
2024-08-29T11:22:55.008512,interface,0.8360001,0.344,0.339
2024-08-29T11:22:55.225353,interface,0.348,0.2,0.68
2024-08-29T11:22:55.266238,interface,0.359,0.202,0.691
2024-08-29T11:22:55.387994,interface,0.79,0.302,0.367
2024-08-29T11:22:55.405289,interface,0.823,0.354,0.284
2024-08-29T11:22:55.424203,interface,0.81,0.345,0.337
2024-08-29T11:22:55.447192,interface,0.76,0.355,0.241
2024-08-29T11:22:55.467191,interface,0.824,0.358,0.236
2024-08-29T11:22:55.486141,interface,0.838,0.353,0.339
2024-08-29T11:22:55.524368,interface,0.729,0.355,0.185
2024-08-29T11:22:55.545430,interface,0.686,0.242,0.779
2024-08-29T11:22:55.602347,interface,0.334,0.189,0.715
2024-08-29T11:22:55.622245,interface,0.32,0.195,0.842
2024-08-29T11:22:55.722243,interface,0.829,0.387,0.282
2024-08-29T11:22:55.741270,interface,0.84,0.361,0.0
2024-08-29T11:22:55.761241,interface,0.826,0.351,0.127
2024-08-29T11:22:55.782191,interface,0.79,0.367,0.196
2024-08-29T11:22:55.802213,interface,0.751,0.372,0.164
2024-08-29T11:22:55.840211,interface,0.433,0.328,0.929
2024-08-29T11:22:55.901285,interface,0.245,0.212,0.688
2024-08-29T11:22:55.921260,interface,0.312,0.198,0.708
2024-08-29T11:22:55.940299,interface,0.408,0.18,0.752
2024-08-29T11:22:55.961252,interface,0.376,0.206,0.714
2024-08-29T11:22:56.060190,interface,0.802,0.362,0.239
2024-08-29T11:22:56.079214,interface,0.811,0.357,0.158
2024-08-29T11:22:56.100200,interface,0.748,0.324,0.259
2024-08-29T11:22:56.138226,interface,0.776,0.337,0.18
2024-08-29T11:22:56.158222,interface,0.768,0.365,0.144
2024-08-29T11:22:56.181238,interface,0.829,0.356,0.255
2024-08-29T11:23:05.383307,interface,0.921,0.333,0.566
2024-08-29T11:23:05.406207,interface,0.968,0.303,0.093
2024-08-29T11:23:05.425251,interface,0.825,0.293,0.356
2024-08-29T11:23:05.543186,interface,0.8349999,0.33,0.369
2024-08-29T11:23:05.563260,interface,0.791,0.319,0.314
2024-08-29T11:23:05.583183,interface,0.898,0.29,0.58
2024-08-29T11:23:05.604212,interface,0.445,0.27,1.0
2024-08-29T11:23:18.856272,interface,0.212,0.212,0.439
2024-08-29T11:23:18.878228,interface,0.231,0.221,0.44
2024-08-29T11:23:19.034239,interface,0.167,0.297,0.448
2024-08-29T11:23:19.057253,interface,0.038,0.273,0.426
2024-08-29T11:23:19.076220,interface,0.162,0.28,0.422
2024-08-29T11:23:19.094232,interface,0.309,0.315,0.41
2024-08-29T11:23:19.194237,interface,0.024,0.346,0.26
2024-08-29T11:23:19.212278,interface,0.0,0.291,0.18
2024-08-29T11:23:19.236231,interface,0.01,0.313,0.377
2024-08-29T11:23:19.372223,interface,0.144,0.322,0.367
2024-08-29T11:23:19.395201,interface,0.0,0.248,0.406
2024-08-29T11:23:19.411197,interface,0.0,0.261,0.509
2024-08-29T11:23:19.432241,interface,0.135,0.277,0.536
2024-08-29T11:23:19.590270,interface,0.0,0.196,0.466
2024-08-29T11:23:19.611172,interface,0.0,0.208,0.641
2024-08-29T11:23:19.631231,interface,0.217,0.256,0.694
2024-08-29T11:23:19.789272,interface,0.086,0.212,0.705
2024-08-29T11:23:19.808190,interface,0.075,0.209,0.631
2024-08-29T11:23:19.831188,interface,0.236,0.233,0.52
2024-08-29T11:23:19.987231,interface,0.055,0.231,0.358
2024-08-29T11:23:20.007194,interface,0.009,0.188,0.25
2024-08-29T11:23:20.028239,interface,0.229,0.179,0.203
2024-08-29T11:23:20.047191,interface,0.394,0.228,0.24
2024-08-29T11:23:20.205266,interface,0.208,0.212,0.524
2024-08-29T11:23:20.224198,interface,0.23,0.235,0.551
2024-08-29T11:23:20.324257,interface,0.3,0.258,0.709
2024-08-29T11:23:20.484230,interface,0.131,0.273,0.877
2024-08-29T11:23:20.501273,interface,0.06,0.304,0.774
2024-08-29T11:23:20.525379,interface,0.13,0.293,0.536
2024-08-29T11:23:20.720220,interface,0.107,0.413,0.446
2024-08-29T11:23:20.743208,interface,0.024,0.425,0.616
2024-08-29T11:23:20.760206,interface,0.001,0.466,0.587
2024-08-29T11:23:20.783181,interface,0.113,0.468,0.373
2024-08-29T11:23:20.820239,interface,0.639,0.475,0.085
2024-08-29T11:23:20.842254,interface,0.726,0.5,0.136
2024-08-29T11:23:20.920272,interface,0.195,0.451,0.192
2024-08-29T11:23:20.941242,interface,0.088,0.392,0.228
2024-08-29T11:23:20.960235,interface,0.083,0.364,0.318
2024-08-29T11:23:20.981245,interface,0.154,0.325,0.354
2024-08-29T11:23:21.693316,interface,0.269,0.237,0.344
2024-08-29T11:23:21.912203,interface,0.253,0.221,0.624
2024-08-29T11:23:21.931235,interface,0.238,0.234,0.593
2024-08-29T11:23:24.291294,interface,0.653,0.297,0.2
2024-08-29T11:23:24.312244,interface,0.645,0.274,0.199
2024-08-29T11:23:24.333277,interface,0.5809999,0.301,0.167
2024-08-29T11:23:24.429353,interface,0.45,0.28,0.913
2024-08-29T11:23:24.610221,interface,0.612,0.276,0.109
2024-08-29T11:23:24.710309,interface,0.608,0.282,0.213
2024-08-29T11:23:25.007236,interface,0.733,0.284,0.244
2024-08-29T11:23:26.097342,interface,0.647,0.265,0.212
2024-08-29T11:23:38.258546,interface,0.781,0.269,0.215
2024-08-29T11:23:38.281323,interface,0.698,0.201,0.0
2024-08-29T11:23:38.299211,interface,0.478,0.28,0.145
2024-08-29T11:23:38.318246,interface,0.592,0.254,0.101
2024-08-29T11:23:38.338217,interface,0.777,0.274,0.09799999
2024-08-29T11:23:38.359201,interface,0.934,0.329,0.48
2024-08-29T11:23:38.378200,interface,0.548,0.254,1.0
2024-08-29T11:23:38.496239,interface,0.635,0.273,0.211
2024-08-29T11:23:38.519207,interface,0.536,0.256,0.0
2024-08-29T11:23:38.538200,interface,0.677,0.261,0.153
2024-08-29T11:23:38.576231,interface,0.657,0.242,0.974
2024-08-29T11:23:38.595283,interface,0.422,0.262,0.791
2024-08-29T11:23:38.693312,interface,0.552,0.243,0.0
2024-08-29T11:23:38.717249,interface,0.617,0.236,0.063
2024-08-29T11:23:38.774255,interface,0.445,0.255,0.955
2024-08-29T11:23:38.873271,interface,0.553,0.228,0.0
2024-08-29T11:23:38.896204,interface,0.646,0.259,0.208
2024-08-29T11:23:38.933281,interface,0.59,0.248,0.959
2024-08-29T11:23:39.032247,interface,0.551,0.221,0.0
2024-08-29T11:23:39.052229,interface,0.63,0.245,0.239
2024-08-29T11:23:39.092198,interface,0.505,0.274,0.887
2024-08-29T11:23:39.114197,interface,0.512,0.267,0.825
2024-08-29T11:23:39.150212,interface,0.713,0.212,0.17
2024-08-29T11:23:39.173267,interface,0.594,0.208,0.228
2024-08-29T11:23:40.998257,interface,0.504,0.248,0.194
2024-08-29T11:23:44.611682,interface,0.429,0.243,0.776
2024-08-29T11:23:45.419812,interface,0.47,0.249,0.197
2024-08-29T11:24:01.096672,interface,0.353,0.295,0.848
2024-08-29T11:24:01.370221,interface,0.759,0.298,0.269
2024-08-29T11:24:01.390211,interface,0.758,0.32,0.219
2024-08-29T11:24:01.410234,interface,0.798,0.35,0.262
2024-08-29T11:24:01.431225,interface,0.753,0.377,0.207
2024-08-29T11:24:01.450192,interface,0.622,0.328,0.981
2024-08-29T11:24:01.787570,interface,0.526,0.254,0.196
2024-08-29T11:24:01.805258,interface,0.569,0.281,0.292
2024-08-29T11:24:01.866347,interface,0.467,0.259,1.0
2024-08-29T11:24:02.642227,interface,0.253,0.258,0.727
2024-08-29T11:24:02.661299,interface,0.268,0.255,0.724
2024-08-29T11:24:02.718191,interface,0.31,0.253,0.712
2024-08-29T11:24:02.738190,interface,0.295,0.245,0.764
2024-08-29T11:24:04.743217,interface,0.203,0.272,0.623
2024-08-29T11:24:04.763221,interface,0.145,0.255,0.632
2024-08-29T11:24:04.783179,interface,0.19,0.275,0.668
2024-08-29T11:24:07.083231,interface,0.292,0.353,0.205
2024-08-29T11:24:07.103214,interface,0.314,0.349,0.196
2024-08-29T11:24:07.241239,interface,0.402,0.25,0.822
2024-08-29T11:24:07.264210,interface,0.394,0.23,0.9440001
2024-08-29T11:24:07.284224,interface,0.418,0.268,0.898
2024-08-29T11:24:07.386303,interface,0.325,0.337,0.124
2024-08-29T11:24:07.400337,interface,0.467,0.328,0.0
2024-08-29T11:24:07.420260,interface,0.515,0.34,0.0
2024-08-29T11:24:07.441249,interface,0.437,0.353,0.09700001
2024-08-29T11:24:07.559667,interface,0.31,0.276,0.965
2024-08-29T11:24:07.580209,interface,0.319,0.27,1.0
2024-08-29T11:24:07.599263,interface,0.34,0.296,0.913
2024-08-29T11:24:07.619197,interface,0.311,0.322,0.783
2024-08-29T11:24:07.698241,interface,0.248,0.347,0.171
2024-08-29T11:24:07.717272,interface,0.445,0.341,0.0
2024-08-29T11:24:07.738212,interface,0.532,0.319,0.0
2024-08-29T11:24:07.758243,interface,0.452,0.324,0.06400001
2024-08-29T11:24:07.876214,interface,0.34,0.296,0.846
2024-08-29T11:24:07.901293,interface,0.343,0.275,0.891
2024-08-29T11:24:07.920219,interface,0.339,0.264,0.917
2024-08-29T11:24:07.937267,interface,0.324,0.282,0.912
2024-08-29T11:24:07.958242,interface,0.336,0.308,0.84
2024-08-29T11:24:08.034256,interface,0.262,0.353,0.21
2024-08-29T11:24:08.056266,interface,0.34,0.309,0.037
2024-08-29T11:24:08.076193,interface,0.437,0.331,0.0
2024-08-29T11:24:08.097240,interface,0.452,0.344,0.018
2024-08-29T11:24:08.116197,interface,0.403,0.373,0.122
2024-08-29T11:24:08.213287,interface,0.289,0.283,0.8190001
2024-08-29T11:24:08.235264,interface,0.331,0.264,0.876
2024-08-29T11:24:08.255203,interface,0.376,0.234,0.876
2024-08-29T11:24:08.272233,interface,0.379,0.259,0.856
2024-08-29T11:24:08.352218,interface,0.246,0.313,0.258
2024-08-29T11:24:08.374224,interface,0.33,0.305,0.224
2024-08-29T11:24:09.522308,interface,0.144,0.401,0.339
2024-08-29T11:24:09.544231,interface,0.041,0.418,0.042
2024-08-29T11:24:09.564217,interface,0.155,0.41,0.017
2024-08-29T11:24:10.876502,interface,0.466,0.509,0.027
2024-08-29T11:24:10.895387,interface,0.314,0.495,0.022
2024-08-29T11:24:10.991208,interface,0.203,0.367,0.769
2024-08-29T11:24:11.010256,interface,0.204,0.349,0.748
2024-08-29T11:24:11.031183,interface,0.188,0.361,0.679
2024-08-29T11:24:11.129280,interface,0.352,0.507,0.1
2024-08-29T11:24:11.151194,interface,0.456,0.508,0.0
2024-08-29T11:24:11.170209,interface,0.431,0.511,0.022
2024-08-29T11:24:11.288242,interface,0.056,0.368,0.6690001
2024-08-29T11:24:11.308208,interface,0.093,0.334,0.741
2024-08-29T11:24:11.448189,interface,0.407,0.49,0.06400001
2024-08-29T11:24:11.707302,interface,0.255,0.438,0.212
2024-08-29T11:24:11.962548,interface,0.323,0.475,0.151
2024-08-29T11:24:11.983212,interface,0.294,0.461,0.187
2024-08-29T11:24:13.513331,interface,0.292,0.194,0.37
2024-08-29T11:24:19.858342,interface,0.638,0.287,0.181
2024-08-29T11:24:21.860277,interface,0.683,0.261,0.231
2024-08-29T11:24:22.138244,interface,0.512,0.27,0.798
2024-08-29T11:24:22.297319,interface,0.766,0.285,0.135
2024-08-29T11:24:22.378149,interface,0.633,0.274,0.224
2024-08-29T11:24:22.398296,interface,0.665,0.292,0.218
2024-08-29T11:24:22.417282,interface,0.774,0.292,0.306
2024-08-29T11:24:22.438217,interface,0.801,0.301,0.379
2024-08-29T11:24:22.694744,interface,0.652,0.287,0.204
2024-08-29T11:24:23.389255,interface,0.71,0.279,0.268
2024-08-29T11:24:23.409258,interface,0.678,0.263,0.227
2024-08-29T11:24:23.428242,interface,0.598,0.281,0.122
2024-08-29T11:24:23.449273,interface,0.691,0.272,0.257
2024-08-29T11:24:23.469244,interface,0.779,0.323,0.044
2024-08-29T11:24:23.489266,interface,0.986,0.386,0.35
2024-08-29T11:24:23.509237,interface,0.807,0.274,1.0
2024-08-29T11:24:23.547289,interface,0.442,0.275,0.182
2024-08-29T11:24:23.963230,interface,0.05,0.36,0.679
2024-08-29T11:24:23.986202,interface,0.0,0.41,0.27
2024-08-29T11:24:24.005236,interface,0.0,0.643,0.11
2024-08-29T11:24:24.023213,interface,0.002,0.625,0.451
2024-08-29T11:24:24.221281,interface,0.138,0.32,0.574
2024-08-29T11:24:24.240215,interface,0.0,0.331,0.419
2024-08-29T11:24:24.263196,interface,0.0,0.365,0.382
2024-08-29T11:24:24.283235,interface,0.122,0.356,0.406
2024-08-29T11:24:24.341290,interface,0.488,0.12,0.479
2024-08-29T11:24:24.379215,interface,0.65,0.228,0.739
2024-08-29T11:24:24.402232,interface,0.241,0.215,0.693
2024-08-29T11:24:24.561974,interface,0.851,0.345,0.23
2024-08-29T11:24:24.579198,interface,0.735,0.37,0.184
2024-08-29T11:24:24.657255,interface,0.261,0.299,0.818
2024-08-29T11:24:24.736209,interface,0.49,0.302,0.037
2024-08-29T11:24:24.758211,interface,0.574,0.32,0.0
2024-08-29T11:24:24.777242,interface,0.616,0.376,0.049
2024-08-29T11:24:24.856303,interface,0.459,0.282,0.844
2024-08-29T11:24:24.936246,interface,0.404,0.283,0.201
2024-08-29T11:24:24.958146,interface,0.548,0.321,0.0
2024-08-29T11:24:24.978218,interface,0.667,0.341,0.005
2024-08-29T11:24:25.134696,interface,0.484,0.303,0.049
2024-08-29T11:24:25.156285,interface,0.596,0.315,0.022
2024-08-29T11:24:25.470261,interface,0.165,0.373,0.308
2024-08-29T11:24:25.694408,interface,0.372,0.282,0.811
2024-08-29T11:24:25.828210,interface,0.113,0.316,0.602
2024-08-29T11:24:26.146571,interface,0.309,0.247,0.761
2024-08-29T11:24:26.562500,interface,0.564,0.326,0.11
2024-08-29T11:24:28.111313,interface,0.528,0.353,0.0
2024-08-29T11:24:28.169353,interface,0.491,0.359,0.103
2024-08-29T11:24:28.429752,interface,0.347,0.374,0.165
2024-08-29T11:24:28.449263,interface,0.342,0.358,0.156
2024-08-29T11:24:28.626204,interface,0.307,0.362,0.206
2024-08-29T11:24:28.646208,interface,0.272,0.375,0.205
2024-08-29T11:24:28.784256,interface,0.309,0.392,0.146
2024-08-29T11:24:28.804196,interface,0.335,0.357,0.187
2024-08-29T11:24:28.967774,interface,0.307,0.363,0.16
2024-08-29T11:24:29.123844,interface,0.278,0.358,0.225
2024-08-29T11:24:29.141244,interface,0.301,0.369,0.21
2024-08-29T11:24:29.299249,interface,0.38,0.367,0.115
2024-08-29T11:24:29.322214,interface,0.438,0.344,0.09099999
2024-08-29T11:24:29.400258,interface,0.372,0.343,0.8690001
2024-08-29T11:24:29.459244,interface,0.391,0.345,0.174
2024-08-29T11:24:29.478213,interface,0.427,0.344,0.06800001
2024-08-29T11:24:29.656199,interface,0.456,0.342,0.092
2024-08-29T11:24:39.621660,interface,0.587,0.292,0.189
2024-08-29T11:24:40.533433,interface,0.828,0.317,0.267
2024-08-29T11:24:40.557273,interface,0.634,0.314,0.024
2024-08-29T11:24:41.084807,interface,0.609,0.325,0.171
2024-08-29T11:24:45.567373,interface,0.657,0.319,0.16
2024-08-29T11:24:45.588225,interface,0.643,0.244,0.165
2024-08-29T11:25:22.842264,interface,0.467,0.289,1.0
2024-08-29T11:25:23.160283,interface,0.561,0.314,0.084
2024-08-29T11:25:23.182187,interface,0.455,0.311,0.016
2024-08-29T11:25:44.882836,interface,0.331,0.341,0.205
2024-08-29T11:25:45.335731,interface,0.172,0.264,0.519
2024-08-29T11:25:45.355248,interface,0.158,0.259,0.55
2024-08-29T11:25:45.374225,interface,0.177,0.278,0.526
2024-08-29T11:25:45.414221,interface,0.132,0.323,0.475
2024-08-29T11:25:46.268214,interface,0.371,0.206,0.713
2024-08-29T11:25:46.286203,interface,0.32,0.161,0.763
2024-08-29T11:25:46.310366,interface,0.328,0.154,0.8389999
2024-08-29T11:25:46.330300,interface,0.39,0.145,0.871
2024-08-29T11:25:46.350295,interface,0.398,0.149,0.84
2024-08-29T11:25:46.369232,interface,0.388,0.187,0.749
2024-08-29T11:25:49.938361,interface,0.288,0.312,0.19
2024-08-29T11:25:49.957419,interface,0.337,0.298,0.154
2024-08-29T11:25:49.980279,interface,0.37,0.287,0.18
2024-08-29T11:25:54.064479,interface,0.245,0.326,0.051
2024-08-29T11:26:09.558216,interface,0.201,0.432,0.274
2024-08-29T11:26:09.754199,interface,0.199,0.636,0.277
2024-08-29T11:26:10.845384,interface,0.243,0.466,0.031
2024-08-29T11:26:11.025397,interface,0.358,0.477,0.153
2024-08-29T11:26:11.380314,interface,0.465,0.493,0.943
2024-08-29T11:26:16.856331,interface,0.453,0.281,0.141
2024-08-29T11:26:19.514287,interface,0.345,0.484,0.14
2024-08-29T11:26:23.088477,interface,0.368,0.606,0.161
2024-08-29T11:26:24.557404,interface,0.501,0.467,0.1
2024-08-29T11:26:25.822197,interface,0.491,0.096,0.248
2024-08-29T11:26:26.082260,interface,0.473,0.486,0.102
2024-08-29T11:26:26.199272,interface,0.473,0.46,0.025
2024-08-29T11:26:27.389368,interface,0.419,0.53,0.09700001
2024-08-29T11:26:29.378935,interface,0.492,0.46,0.09799999
2024-08-29T11:26:30.147317,interface,0.472,0.301,0.114
2024-08-29T11:26:32.108307,interface,0.467,0.491,0.11
2024-08-29T11:26:32.962282,interface,0.42,0.426,0.112
2024-08-29T11:26:40.562233,interface,0.391,0.327,0.173
2024-08-29T11:26:42.918273,interface,0.814,0.395,0.313
2024-08-29T11:26:42.940208,interface,0.832,0.399,0.309
2024-08-29T11:26:42.959195,interface,0.842,0.407,0.33
2024-08-29T11:26:42.979212,interface,0.851,0.445,0.292
2024-08-29T11:26:43.000192,interface,0.857,0.443,0.216
2024-08-29T11:26:43.019212,interface,0.805,0.316,0.192
2024-08-29T11:26:43.040215,interface,0.874,0.461,0.133
2024-08-29T11:26:43.060225,interface,0.938,0.408,0.22
2024-08-29T11:26:43.077235,interface,0.894,0.393,0.285
2024-08-29T11:26:43.101227,interface,0.842,0.401,0.283
2024-08-29T11:26:44.603302,interface,0.719,0.685,0.179
2024-08-29T11:33:29.733309,interface,0.853,0.602,0.404
2024-08-29T11:33:31.935272,interface,0.612,0.268,0.168
2024-08-29T11:33:31.957330,interface,0.661,0.237,0.207
2024-08-29T11:33:31.995240,interface,0.433,0.197,0.176
2024-08-29T11:33:32.014195,interface,0.334,0.25,0.243
2024-08-29T11:33:32.074257,interface,0.934,0.529,0.337
2024-08-29T11:33:32.095209,interface,1.0,0.382,0.327
2024-08-29T11:33:32.115209,interface,0.9150001,0.384,0.437
2024-08-29T11:33:32.214223,interface,0.781,0.426,0.257
2024-08-29T11:33:32.234241,interface,0.903,0.385,0.339
2024-08-29T11:33:32.372246,interface,0.402,0.243,0.779
2024-08-29T11:33:33.086323,interface,0.528,0.462,0.099
2024-08-29T11:33:33.107209,interface,0.666,0.313,0.16
2024-08-29T11:33:33.127204,interface,0.5809999,0.322,0.078
2024-08-29T11:33:33.147230,interface,0.475,0.283,0.094
2024-08-29T11:33:33.167211,interface,0.444,0.254,0.05900001
2024-08-29T11:33:33.188183,interface,0.482,0.265,0.111
2024-08-29T11:33:33.207232,interface,0.504,0.26,0.131
2024-08-29T11:33:34.118517,interface,0.774,0.462,0.77
2024-08-29T11:33:34.238277,interface,0.584,0.278,0.201
2024-08-29T11:33:34.275215,interface,0.554,0.325,0.144
2024-08-29T11:33:34.297290,interface,0.493,0.312,0.0
2024-08-29T11:33:34.318144,interface,0.328,0.24,0.128
2024-08-29T11:33:34.358180,interface,0.291,0.252,0.197
2024-08-29T11:33:34.375193,interface,0.229,0.172,0.062
2024-08-29T11:33:34.396230,interface,0.125,0.189,0.34
2024-08-29T11:33:34.415276,interface,0.093,0.14,0.405
2024-08-29T11:33:34.436259,interface,0.106,0.155,0.427
2024-08-29T11:33:34.456195,interface,0.143,0.142,0.408
2024-08-29T11:33:34.480195,interface,0.186,0.179,0.522
2024-08-29T11:33:34.496273,interface,0.243,0.204,0.624
2024-08-29T11:33:36.061271,interface,0.382,0.177,0.328
2024-08-29T11:33:36.083303,interface,0.363,0.17,0.336
2024-08-29T11:33:38.305350,interface,0.694,0.273,0.267
2024-08-29T11:33:40.842305,interface,0.47,0.183,0.227
2024-08-29T11:33:40.865255,interface,0.428,0.186,0.145
2024-08-29T11:33:40.885254,interface,0.429,0.195,0.094
2024-08-29T11:33:40.905261,interface,0.49,0.182,0.202
2024-08-29T11:33:41.933320,interface,0.79,0.333,0.775
2024-08-29T11:33:41.955201,interface,0.813,0.395,0.8
2024-08-29T11:33:41.974244,interface,0.844,0.478,0.833
2024-08-29T11:33:42.033295,interface,0.261,0.514,0.181
2024-08-29T11:33:42.132260,interface,0.22,0.484,0.224
2024-08-29T11:33:42.155242,interface,0.211,0.38,0.047
2024-08-29T11:33:42.211317,interface,0.331,0.304,0.191
2024-08-29T11:33:42.232210,interface,0.255,0.293,0.088
2024-08-29T11:33:42.252259,interface,0.223,0.27,0.06800001
2024-08-29T11:33:42.272269,interface,0.243,0.221,0.106
2024-08-29T11:33:42.292202,interface,0.207,0.192,0.056
2024-08-29T11:33:42.312250,interface,0.156,0.19,0.0
2024-08-29T11:33:42.332231,interface,0.076,0.178,0.0
2024-08-29T11:33:42.354212,interface,0.06400001,0.251,0.0
2024-08-29T11:33:42.373256,interface,0.24,0.255,0.13
2024-08-29T11:33:46.555287,interface,0.87,0.551,0.548
2024-08-29T11:33:46.577402,interface,0.917,0.569,0.55
2024-08-29T11:33:47.985322,interface,0.751,0.266,0.686
2024-08-29T11:33:48.044225,interface,0.686,0.264,0.726
2024-08-29T11:33:48.063272,interface,0.768,0.316,0.8389999
2024-08-29T11:33:48.086230,interface,0.798,0.468,0.85
2024-08-29T11:33:49.475494,interface,0.618,0.185,0.672
2024-08-29T11:33:49.492203,interface,0.657,0.234,0.738
2024-08-29T11:33:49.734550,interface,0.416,0.177,0.316
2024-08-29T11:33:49.754219,interface,0.409,0.155,0.338
2024-08-29T11:33:49.773224,interface,0.402,0.145,0.375
2024-08-29T11:33:49.792246,interface,0.394,0.172,0.35
2024-08-29T11:33:49.810220,interface,0.407,0.17,0.335
2024-08-29T11:33:55.825454,interface,0.753,0.368,0.211
2024-08-29T11:33:56.951219,interface,0.875,0.454,0.405
2024-08-29T11:33:56.973227,interface,0.857,0.49,0.313
2024-08-29T11:33:56.992214,interface,0.773,0.444,0.207
2024-08-29T11:33:57.110227,interface,0.884,0.463,0.699
2024-08-29T11:33:57.190297,interface,0.531,0.324,0.149
2024-08-29T11:33:57.249234,interface,0.98,0.508,0.532
2024-08-29T11:33:57.272192,interface,0.992,0.419,0.403
2024-08-29T11:33:57.290291,interface,0.874,0.435,0.311
2024-08-29T11:33:57.433351,interface,0.842,0.414,0.315
2024-08-29T11:33:58.603925,interface,0.807,0.425,0.214
2024-08-29T11:33:58.761559,interface,0.874,0.422,0.411
2024-08-29T11:33:58.938536,interface,0.861,0.421,0.276
2024-08-29T11:33:58.962189,interface,0.8450001,0.384,0.224
2024-08-29T11:34:03.047293,interface,0.871,0.491,0.648
2024-08-29T11:34:03.063264,interface,0.923,0.479,0.674
2024-08-29T11:34:03.081232,interface,0.863,0.465,0.662
2024-08-29T11:34:03.341278,interface,0.974,0.513,0.701
2024-08-29T11:34:03.359230,interface,0.976,0.512,0.694
2024-08-29T11:34:03.418245,interface,0.306,0.284,0.165
2024-08-29T11:34:03.478206,interface,0.897,0.501,0.646
2024-08-29T11:34:03.499224,interface,0.95,0.502,0.6690001
2024-08-29T11:34:03.518221,interface,0.886,0.486,0.65
2024-08-29T11:34:05.127919,interface,0.832,0.48,0.705
2024-08-29T11:34:05.144224,interface,0.865,0.5,0.811
2024-08-29T11:34:05.167286,interface,0.808,0.572,0.791
2024-08-29T11:34:05.384696,interface,0.427,0.44,0.123
2024-08-29T11:34:05.404201,interface,0.431,0.392,0.005
2024-08-29T11:34:05.423220,interface,0.362,0.324,0.031
2024-08-29T11:34:05.443204,interface,0.294,0.343,0.141
2024-08-29T11:34:05.502210,interface,0.451,0.407,0.128
2024-08-29T11:34:05.521295,interface,0.396,0.424,0.113
2024-08-29T11:34:05.541232,interface,0.378,0.424,0.138
2024-08-29T11:34:05.781803,interface,0.289,0.134,0.29
2024-08-29T11:34:06.177264,interface,0.142,0.548,0.618
2024-08-29T11:34:06.198278,interface,0.025,0.457,0.565
2024-08-29T11:34:06.217273,interface,0.121,0.469,0.442
2024-08-29T11:34:07.168214,interface,0.287,0.507,0.176
2024-08-29T11:34:07.191213,interface,0.275,0.555,0.159
2024-08-29T11:34:07.525337,interface,0.32,0.816,0.384
2024-08-29T11:34:07.664270,interface,0.0,0.983,0.648
2024-08-29T11:34:07.685350,interface,0.0,0.848,1.0
2024-08-29T11:34:07.706257,interface,0.0,0.851,0.712
2024-08-29T11:34:07.803277,interface,0.112,0.555,0.762
2024-08-29T11:34:07.823263,interface,0.06800001,0.503,0.705
2024-08-29T11:34:13.734301,interface,0.324,0.466,0.163
2024-08-29T11:34:13.775209,interface,0.443,0.395,0.125
2024-08-29T11:34:13.833258,interface,0.601,0.45,0.093
2024-08-29T11:34:13.856179,interface,0.683,0.444,0.05900001
2024-08-29T11:34:13.875257,interface,0.761,0.423,0.0
2024-08-29T11:34:13.896191,interface,0.816,0.469,0.0
2024-08-29T11:34:13.916212,interface,0.932,0.414,0.171
2024-08-29T11:34:13.933317,interface,0.8780001,0.388,0.22
2024-08-29T11:34:13.954216,interface,0.83,0.371,0.29
2024-08-29T11:34:13.974188,interface,0.856,0.368,0.224
2024-08-29T11:34:14.706309,interface,0.594,0.298,0.18
2024-08-29T11:34:16.254281,interface,0.153,0.409,0.326
2024-08-29T11:34:16.988288,interface,0.778,0.248,0.639
2024-08-29T11:34:18.574297,interface,0.53,0.289,0.137
2024-08-29T11:34:21.118214,interface,0.782,0.217,0.58
2024-08-29T11:34:25.143270,interface,0.864,0.366,0.419
2024-08-29T11:34:25.165347,interface,0.885,0.356,0.345
2024-08-29T11:34:26.491281,interface,0.676,0.267,0.179
2024-08-29T11:34:26.630195,interface,0.6,0.25,0.205
2024-08-29T11:34:27.403289,interface,0.566,0.284,0.188
2024-08-29T11:34:27.426243,interface,0.488,0.27,0.13
2024-08-29T11:34:27.583306,interface,0.66,0.282,0.231
2024-08-29T11:34:27.603200,interface,0.665,0.258,0.212
2024-08-29T11:34:28.257329,interface,0.038,0.426,0.388
2024-08-29T11:34:28.278196,interface,0.017,0.408,0.355
2024-08-29T11:34:28.297299,interface,0.073,0.413,0.453
2024-08-29T11:34:28.318208,interface,0.079,0.416,0.57
2024-08-29T11:34:28.338229,interface,0.08200001,0.396,0.566
2024-08-29T11:34:28.358214,interface,0.076,0.393,0.496
2024-08-29T11:34:28.378210,interface,0.061,0.391,0.471
2024-08-29T11:34:28.399215,interface,0.01,0.401,0.517
2024-08-29T11:34:28.418250,interface,0.0,0.426,0.499
2024-08-29T11:34:28.436164,interface,0.0,0.413,0.583
2024-08-29T11:34:28.455211,interface,0.015,0.412,0.564
2024-08-29T11:34:28.478206,interface,0.125,0.405,0.441
2024-08-29T11:34:29.944273,interface,0.786,0.253,0.547
2024-08-29T11:34:30.023259,interface,0.209,0.284,0.305
2024-08-29T11:34:30.103244,interface,0.826,0.21,0.529
2024-08-29T11:34:30.123268,interface,0.78,0.236,0.577
2024-08-29T11:34:30.519242,interface,0.582,0.221,0.234
2024-08-29T11:34:30.785771,interface,0.616,0.216,0.272
2024-08-29T11:34:30.802203,interface,0.56,0.219,0.166
2024-08-29T11:34:31.018015,interface,0.614,0.232,0.225
2024-08-29T11:34:31.258227,interface,0.717,0.23,0.321
2024-08-29T11:34:31.273272,interface,0.616,0.194,0.126
2024-08-29T11:34:31.511240,interface,0.771,0.244,0.369
2024-08-29T11:34:31.533298,interface,0.642,0.188,0.054
2024-08-29T11:34:31.774436,interface,0.701,0.229,0.266
2024-08-29T11:34:31.790210,interface,0.597,0.204,0.169
2024-08-29T11:34:34.646224,interface,0.789,0.234,0.432
2024-08-29T11:34:34.666222,interface,0.783,0.234,0.434
2024-08-29T11:34:35.201845,interface,0.737,0.219,0.4
2024-08-29T11:34:35.380354,interface,0.761,0.208,0.34
2024-08-29T11:34:35.401291,interface,0.751,0.216,0.418
2024-08-29T11:34:35.697275,interface,0.78,0.215,0.399
2024-08-29T11:34:35.719308,interface,0.834,0.214,0.374
2024-08-29T11:34:35.995219,interface,0.783,0.22,0.4
2024-08-29T11:34:36.073276,interface,0.178,0.305,0.557
2024-08-29T11:34:36.155205,interface,0.7940001,0.205,0.369
2024-08-29T11:34:36.233406,interface,0.187,0.314,0.602
2024-08-29T11:34:36.311263,interface,0.807,0.199,0.319
2024-08-29T11:34:36.334208,interface,0.755,0.219,0.404
2024-08-29T11:34:36.391215,interface,0.119,0.322,0.594
2024-08-29T11:34:36.470292,interface,0.833,0.193,0.305
2024-08-29T11:34:36.490196,interface,0.807,0.204,0.366
2024-08-29T11:34:36.550213,interface,0.164,0.319,0.641
2024-08-29T11:34:36.629320,interface,0.786,0.191,0.312
2024-08-29T11:34:36.651207,interface,0.788,0.207,0.315
2024-08-29T11:34:36.708224,interface,0.142,0.328,0.66
2024-08-29T11:34:36.731214,interface,0.207,0.328,0.671
2024-08-29T11:34:36.807204,interface,0.802,0.198,0.312
2024-08-29T11:34:36.831210,interface,0.841,0.203,0.308
2024-08-29T11:34:36.850281,interface,0.764,0.225,0.439
2024-08-29T11:34:36.907227,interface,0.033,0.353,0.739
2024-08-29T11:34:36.929251,interface,0.202,0.33,0.729
2024-08-29T11:34:37.007246,interface,0.7940001,0.2,0.342
2024-08-29T11:34:37.027199,interface,0.815,0.195,0.327
2024-08-29T11:34:37.047206,interface,0.758,0.217,0.417
2024-08-29T11:34:37.106222,interface,0.108,0.333,0.646
2024-08-29T11:34:37.125358,interface,0.118,0.334,0.693
2024-08-29T11:34:37.205271,interface,0.83,0.196,0.319
2024-08-29T11:34:37.224193,interface,0.8780001,0.184,0.287
2024-08-29T11:34:37.247393,interface,0.822,0.214,0.378
2024-08-29T11:34:37.304312,interface,0.071,0.363,0.654
2024-08-29T11:34:37.324224,interface,0.035,0.381,0.787
2024-08-29T11:34:37.403323,interface,0.8360001,0.183,0.279
2024-08-29T11:34:37.426212,interface,0.9,0.17,0.212
2024-08-29T11:34:37.446217,interface,0.8349999,0.207,0.388
2024-08-29T11:34:37.502217,interface,0.094,0.376,0.687
2024-08-29T11:34:37.524238,interface,0.026,0.385,0.814
2024-08-29T11:34:37.600187,interface,0.77,0.189,0.332
2024-08-29T11:34:37.623214,interface,0.8360001,0.159,0.223
2024-08-29T11:34:37.642204,interface,0.853,0.177,0.278
2024-08-29T11:34:37.721290,interface,0.148,0.362,0.8059999
2024-08-29T11:34:37.740216,interface,0.175,0.355,0.731
2024-08-29T11:34:37.800234,interface,0.715,0.198,0.353
2024-08-29T11:34:37.819196,interface,0.852,0.169,0.196
2024-08-29T11:34:37.843199,interface,0.9110001,0.175,0.243
2024-08-29T11:34:37.862203,interface,0.807,0.229,0.438
2024-08-29T11:34:37.918211,interface,0.072,0.387,0.753
2024-08-29T11:34:37.940249,interface,0.026,0.392,0.765
2024-08-29T11:34:38.018240,interface,0.9,0.18,0.252
2024-08-29T11:34:38.039193,interface,0.99,0.173,0.206
2024-08-29T11:34:38.058233,interface,0.933,0.188,0.345
2024-08-29T11:34:38.136207,interface,0.0,0.42,0.804
2024-08-29T11:34:38.160240,interface,0.0,0.419,0.692
2024-08-29T11:34:38.236207,interface,0.837,0.185,0.238
2024-08-29T11:34:38.258197,interface,0.929,0.181,0.2
2024-08-29T11:34:38.278203,interface,0.92,0.205,0.334
2024-08-29T11:34:38.302323,interface,0.871,0.245,0.415
2024-08-29T11:34:38.375268,interface,0.0,0.339,0.741
2024-08-29T11:34:38.397270,interface,0.0,0.358,0.553
2024-08-29T11:34:38.454212,interface,0.757,0.251,0.377
2024-08-29T11:34:38.474197,interface,0.921,0.237,0.319
2024-08-29T11:34:38.495199,interface,1.0,0.229,0.346
2024-08-29T11:34:38.515224,interface,1.0,0.26,0.386
2024-08-29T11:34:38.536188,interface,0.873,0.309,0.499
2024-08-29T11:34:38.596236,interface,0.015,0.34,0.671
2024-08-29T11:34:38.613257,interface,0.0,0.376,0.642
2024-08-29T11:34:38.692238,interface,0.893,0.22,0.319
2024-08-29T11:34:38.715222,interface,0.992,0.212,0.33
2024-08-29T11:34:38.734256,interface,0.981,0.233,0.355
2024-08-29T11:34:38.755176,interface,0.898,0.257,0.391
2024-08-29T11:34:38.851267,interface,0.051,0.365,0.589
2024-08-29T11:34:38.871210,interface,0.108,0.345,0.668
2024-08-29T11:34:39.407299,interface,0.91,0.301,0.512
2024-08-29T11:34:39.426276,interface,0.949,0.31,0.5440001
2024-08-29T11:34:39.506225,interface,0.0,0.417,0.429
2024-08-29T11:34:39.526202,interface,0.0,0.485,0.635
2024-08-29T11:34:39.547219,interface,0.016,0.352,0.644
2024-08-29T11:34:39.604263,interface,0.79,0.165,0.451
2024-08-29T11:34:39.628212,interface,0.747,0.183,0.479
2024-08-29T11:34:39.685272,interface,0.177,0.307,0.537
2024-08-29T11:34:40.557353,interface,1.0,0.311,0.491
2024-08-29T11:34:40.579251,interface,1.0,0.283,0.611
2024-08-29T11:34:40.599232,interface,1.0,0.281,0.785
2024-08-29T11:34:40.637320,interface,0.074,0.438,0.431
2024-08-29T11:34:40.657268,interface,0.0,0.473,0.214
2024-08-29T11:34:40.676176,interface,0.0,0.3,0.449
2024-08-29T11:34:40.736234,interface,0.729,0.193,0.456
2024-08-29T11:34:40.755192,interface,0.768,0.191,0.515
2024-08-29T11:34:41.850468,interface,0.89,0.267,0.492
2024-08-29T11:34:41.867194,interface,1.0,0.258,0.635
2024-08-29T11:34:41.927206,interface,0.0,0.376,0.305
2024-08-29T11:34:41.945282,interface,0.0,0.361,0.365
2024-08-29T11:34:53.057288,interface,0.658,0.185,0.186
2024-08-29T11:34:53.374969,interface,0.71,0.189,0.159
2024-08-29T11:34:53.396215,interface,0.61,0.191,0.268
2024-08-29T11:34:53.531208,interface,0.508,0.269,0.798
2024-08-29T11:34:53.670372,interface,0.822,0.237,0.401
2024-08-29T11:34:53.690198,interface,0.6,0.165,0.0
2024-08-29T11:34:53.988344,interface,0.61,0.19,0.149
2024-08-29T11:34:55.952914,interface,0.746,0.354,0.137
2024-08-29T11:34:55.973902,interface,0.822,0.362,0.046
2024-08-29T11:34:55.993045,interface,0.716,0.39,0.08200001
2024-08-29T11:34:56.072931,interface,0.346,0.434,0.9190001
2024-08-29T11:34:56.092972,interface,0.369,0.381,0.86
2024-08-29T11:34:57.043862,interface,0.296,0.348,0.796
2024-08-29T11:34:59.685445,interface,0.379,0.233,0.264
2024-08-29T11:34:59.703227,interface,0.385,0.236,0.038
2024-08-29T11:34:59.722251,interface,0.499,0.266,0.096
2024-08-29T11:34:59.860294,interface,0.385,0.212,0.062
2024-08-29T11:34:59.880198,interface,0.472,0.218,0.052
2024-08-29T11:35:00.217239,interface,0.471,0.266,0.203
2024-08-29T11:35:01.784214,interface,0.304,0.207,0.156
2024-08-29T11:35:01.803202,interface,0.302,0.197,0.202
2024-08-29T11:35:01.921272,interface,0.342,0.211,0.197
2024-08-29T11:35:01.944213,interface,0.333,0.192,0.21
2024-08-29T11:35:01.963223,interface,0.397,0.202,0.268
2024-08-29T11:35:02.160350,interface,0.444,0.28,0.049
2024-08-29T11:35:02.181242,interface,0.361,0.223,0.042
2024-08-29T11:35:02.199216,interface,0.378,0.218,0.203
2024-08-29T11:35:02.361747,interface,0.402,0.216,0.157
2024-08-29T11:35:02.383222,interface,0.454,0.225,0.187
2024-08-29T11:35:02.518325,interface,0.391,0.233,0.227
2024-08-29T11:35:02.657418,interface,0.358,0.241,0.214
2024-08-29T11:35:02.678196,interface,0.358,0.22,0.195
2024-08-29T11:35:02.696199,interface,0.414,0.219,0.257
2024-08-29T11:35:04.403374,interface,0.722,0.284,0.285
2024-08-29T11:35:04.480228,interface,0.272,0.226,0.69
2024-08-29T11:35:04.542215,interface,0.714,0.279,0.255
2024-08-29T11:35:04.561258,interface,0.737,0.286,0.258
2024-08-29T11:35:04.644204,interface,0.242,0.249,0.757
2024-08-29T11:35:04.919220,interface,0.242,0.225,0.594
2024-08-29T11:35:04.937448,interface,0.284,0.235,0.693
2024-08-29T11:35:05.299203,interface,0.11,0.649,0.356
2024-08-29T11:35:05.335233,interface,0.005,0.864,0.039
2024-08-29T11:35:05.355412,interface,0.181,0.221,0.49
2024-08-29T11:35:05.378308,interface,0.114,0.42,0.349
2024-08-29T11:35:05.433308,interface,0.0,0.453,0.541
2024-08-29T11:35:05.554693,interface,0.275,0.95,0.568
2024-08-29T11:35:05.576208,interface,0.016,1.0,0.521
2024-08-29T11:35:05.594206,interface,0.0,1.0,0.558
2024-08-29T11:35:05.614193,interface,0.0,0.952,0.688
2024-08-29T11:35:05.632196,interface,0.182,0.825,0.657
2024-08-29T11:35:05.731236,interface,0.175,0.218,0.433
2024-08-29T11:35:05.810228,interface,0.139,0.614,0.445
2024-08-29T11:35:05.832217,interface,0.062,0.603,0.454
2024-08-29T11:35:05.852210,interface,0.105,0.584,0.444
2024-08-29T11:35:06.270387,interface,0.09700001,0.633,0.419
2024-08-29T11:35:06.287228,interface,0.092,0.638,0.409
2024-08-29T11:35:06.565286,interface,0.111,0.547,0.411
2024-08-29T11:35:06.685168,interface,0.122,0.525,0.564
2024-08-29T11:35:06.706159,interface,0.142,0.522,0.618
2024-08-29T11:35:07.219405,interface,0.121,0.448,0.866
2024-08-29T11:35:07.458287,interface,0.352,0.231,0.742
2024-08-29T11:35:07.555312,interface,0.232,0.3,0.675
2024-08-29T11:35:13.487299,interface,0.531,0.369,0.862
2024-08-29T11:35:13.509328,interface,0.481,0.339,0.852
2024-08-29T11:35:13.585252,interface,0.0,0.44,0.334
2024-08-29T11:35:13.627237,interface,0.289,0.521,0.0
2024-08-29T11:35:13.666193,interface,0.62,0.295,0.966
2024-08-29T11:35:13.684216,interface,0.425,0.334,0.923
2024-08-29T11:35:13.765334,interface,0.897,0.169,0.474
2024-08-29T11:35:13.785233,interface,0.82,0.244,0.654
2024-08-29T11:35:13.806190,interface,0.8690001,0.264,0.6
2024-08-29T11:35:13.924249,interface,0.666,0.297,0.803
2024-08-29T11:35:14.340213,interface,0.575,0.125,0.528
2024-08-29T11:35:15.391296,interface,0.426,0.348,0.899
2024-08-29T11:35:15.414224,interface,0.405,0.346,0.978
2024-08-29T11:35:15.431198,interface,0.38,0.282,0.81
2024-08-29T11:35:15.550228,interface,0.298,0.378,0.801
2024-08-29T11:35:15.573245,interface,0.277,0.388,0.829
2024-08-29T11:35:18.962346,interface,0.418,0.32,0.82
2024-08-29T11:35:19.101250,interface,0.38,0.107,0.283
2024-08-29T11:35:19.140200,interface,0.573,0.291,1.0
2024-08-29T11:35:19.162196,interface,0.414,0.612,0.9049999
2024-08-29T11:35:19.180315,interface,0.303,0.822,0.026
2024-08-29T11:35:19.201274,interface,0.19,0.47,0.27
2024-08-29T11:35:19.221244,interface,0.27,0.425,0.0
2024-08-29T11:35:19.457330,interface,0.37,0.387,0.166
2024-08-29T11:35:19.479217,interface,0.356,0.713,0.161
2024-08-29T11:35:19.498219,interface,0.345,0.146,0.169
2024-08-29T11:35:19.577260,interface,0.348,0.28,0.227
2024-08-29T11:35:19.599206,interface,0.313,0.28,0.128
2024-08-29T11:35:19.618198,interface,0.277,0.312,0.172
2024-08-29T11:35:23.544279,interface,0.703,0.241,0.278
2024-08-29T11:35:27.077102,interface,0.493,0.279,0.19
2024-08-29T11:35:27.104193,interface,0.496,0.28,0.158
2024-08-29T11:35:27.115230,interface,0.453,0.325,0.166
2024-08-29T11:35:27.135219,interface,0.387,0.326,0.145
2024-08-29T11:35:27.154239,interface,0.29,0.371,0.154
2024-08-29T11:35:27.175242,interface,0.416,0.311,0.151
2024-08-29T11:35:28.665471,interface,0.262,0.506,0.798
2024-08-29T11:35:28.762299,interface,0.686,0.334,0.172
2024-08-29T11:35:28.862176,interface,0.576,0.366,0.148
2024-08-29T11:35:28.880203,interface,0.782,0.267,0.17
2024-08-29T11:35:28.903233,interface,0.856,0.25,0.073
2024-08-29T11:35:28.922296,interface,0.844,0.212,0.0
2024-08-29T11:35:28.940226,interface,0.729,0.257,0.0
2024-08-29T11:35:28.961267,interface,0.573,0.303,0.0
2024-08-29T11:35:28.980240,interface,0.545,0.321,0.095
2024-08-29T11:35:29.001279,interface,0.679,0.254,0.202
2024-08-29T11:35:29.023210,interface,0.701,0.236,0.152
2024-08-29T11:35:29.042212,interface,0.637,0.223,0.202
2024-08-29T11:35:29.061276,interface,0.648,0.235,0.163
2024-08-29T11:35:29.417359,interface,0.847,0.258,0.749
2024-08-29T11:35:29.439200,interface,0.953,0.151,0.689
2024-08-29T11:35:29.458214,interface,0.903,0.076,0.418
2024-08-29T11:35:29.477280,interface,0.701,0.095,0.3
2024-08-29T11:35:29.853438,interface,0.361,0.361,0.884
2024-08-29T11:35:30.111241,interface,0.517,0.314,0.886
2024-08-29T11:35:30.370373,interface,0.508,0.193,0.279
2024-08-29T11:35:30.389353,interface,0.439,0.202,0.276
2024-08-29T11:35:30.446250,interface,0.416,0.197,0.286
2024-08-29T11:35:30.705363,interface,0.627,0.19,0.317
2024-08-29T11:35:34.771280,interface,0.741,0.285,0.242
2024-08-29T11:35:34.872216,interface,0.65,0.291,0.072
2024-08-29T11:35:34.892249,interface,0.728,0.251,0.203
2024-08-29T11:35:35.048252,interface,0.718,0.285,0.142
2024-08-29T11:35:35.071237,interface,0.785,0.286,0.206
2024-08-29T11:35:37.390277,interface,0.393,0.153,0.808
2024-08-29T11:35:39.433315,interface,0.6690001,0.413,0.941
2024-08-29T11:35:40.188298,interface,0.652,0.276,0.769
2024-08-29T11:35:40.208204,interface,0.666,0.242,0.728
2024-08-29T11:35:40.228342,interface,0.679,0.186,0.741
2024-08-29T11:35:40.248199,interface,0.717,0.16,0.833
2024-08-29T11:35:40.269258,interface,0.714,0.171,0.849
2024-08-29T11:35:40.288341,interface,0.689,0.175,0.732
2024-08-29T11:35:43.003310,interface,0.526,0.196,0.736
2024-08-29T11:35:43.581114,interface,0.734,0.128,0.299
2024-08-29T11:35:43.608175,interface,0.787,0.1,0.221
2024-08-29T11:35:43.619211,interface,0.816,0.06800001,0.248
2024-08-29T11:35:43.638203,interface,0.808,0.079,0.381
2024-08-29T11:35:43.662201,interface,0.721,0.171,0.318
2024-08-29T11:35:43.718215,interface,0.552,0.52,0.9639999
2024-08-29T11:35:43.739183,interface,0.378,0.664,1.0
2024-08-29T11:35:43.759258,interface,0.294,0.635,1.0
2024-08-29T11:35:43.975348,interface,0.505,0.282,0.833
2024-08-29T11:35:44.434993,interface,0.622,0.151,0.6690001
2024-08-29T11:35:44.670531,interface,0.635,0.296,0.824
2024-08-29T11:35:44.987409,interface,0.735,0.319,0.753
2024-08-29T11:35:45.324295,interface,0.622,0.151,0.67
2024-08-29T11:35:46.001789,interface,0.801,0.291,1.0
2024-08-29T11:35:46.614263,interface,0.55,0.185,0.772
2024-08-29T11:35:47.984761,interface,0.846,0.398,0.767
2024-08-29T11:35:48.001284,interface,0.832,0.463,0.827
2024-08-29T11:35:48.024198,interface,0.74,0.396,0.828
2024-08-29T11:35:48.043355,interface,0.638,0.379,0.8360001
2024-08-29T11:35:48.066357,interface,0.686,0.376,0.803
2024-08-29T11:35:48.202284,interface,0.016,0.855,0.7
2024-08-29T11:35:48.222177,interface,0.0,0.705,0.9049999
2024-08-29T11:35:48.239214,interface,0.094,0.436,1.0
2024-08-29T11:35:48.346968,interface,0.262,0.359,0.759
2024-08-29T11:35:48.856194,interface,0.607,0.326,0.863
2024-08-29T11:35:49.097127,interface,0.369,0.386,0.844
2024-08-29T11:35:49.118604,interface,0.328,0.385,0.862
2024-08-29T11:35:50.859688,interface,0.42,0.302,0.154
2024-08-29T11:35:50.879220,interface,0.371,0.27,0.0
2024-08-29T11:35:50.898211,interface,0.405,0.308,0.112
2024-08-29T11:35:51.890314,interface,0.548,0.401,0.984
2024-08-29T11:35:51.914167,interface,0.391,0.471,0.9190001
2024-08-29T11:35:51.951183,interface,0.509,0.202,0.0
2024-08-29T11:35:51.970204,interface,0.561,0.183,0.214
2024-08-29T11:35:52.385328,interface,0.34,0.178,0.267
2024-08-29T11:35:52.407258,interface,0.241,0.146,0.25
2024-08-29T11:35:52.427246,interface,0.271,0.156,0.367
2024-08-29T11:35:52.485236,interface,0.353,0.313,0.84
2024-08-29T11:35:52.662352,interface,0.273,0.36,0.807
2024-08-29T11:35:52.685238,interface,0.343,0.385,0.927
2024-08-29T11:35:52.704204,interface,0.392,0.41,0.924
2024-08-29T11:35:52.725234,interface,0.31,0.507,0.9
2024-08-29T11:35:52.745290,interface,0.353,0.539,0.901
2024-08-29T11:35:52.766249,interface,0.545,0.584,0.884
2024-08-29T11:35:52.803220,interface,0.672,0.278,0.0
2024-08-29T11:35:52.823179,interface,0.744,0.132,0.0
2024-08-29T11:35:52.843215,interface,0.8059999,0.119,0.336
2024-08-29T11:35:52.903220,interface,0.239,0.173,0.539
2024-08-29T11:35:52.922199,interface,0.341,0.144,0.375
2024-08-29T11:35:53.179281,interface,0.194,0.34,0.0
2024-08-29T11:35:53.199228,interface,0.437,0.209,0.0
2024-08-29T11:35:53.222196,interface,0.6,0.135,0.0
2024-08-29T11:35:53.242209,interface,0.681,0.246,0.0
2024-08-29T11:35:53.262360,interface,0.9599999,0.369,0.074
2024-08-29T11:35:53.280332,interface,1.0,0.372,0.35
2024-08-29T11:35:53.299306,interface,1.0,0.365,0.637
2024-08-29T11:35:57.701318,interface,0.464,0.338,0.124
2024-08-29T11:35:57.723238,interface,0.445,0.353,0.142
2024-08-29T11:35:57.781247,interface,0.453,0.355,0.012
2024-08-29T11:35:57.801217,interface,0.44,0.379,0.0
2024-08-29T11:35:58.058252,interface,0.473,0.39,0.056
2024-08-29T11:35:58.081273,interface,0.495,0.389,0.037
2024-08-29T11:35:58.100185,interface,0.499,0.407,0.093
2024-08-29T11:35:58.991359,interface,0.429,0.422,0.132
2024-08-29T11:35:59.070231,interface,0.41,0.431,0.113
2024-08-29T11:35:59.090180,interface,0.41,0.426,0.119
2024-08-29T11:35:59.111185,interface,0.403,0.417,0.127
2024-08-29T11:35:59.131212,interface,0.401,0.419,0.036
2024-08-29T11:35:59.151300,interface,0.398,0.413,0.069
2024-08-29T11:35:59.171190,interface,0.392,0.434,0.115
2024-08-29T11:35:59.883320,interface,0.407,0.378,0.147
2024-08-29T11:35:59.906199,interface,0.573,0.343,0.0
2024-08-29T11:35:59.926250,interface,0.5809999,0.344,0.127
2024-08-29T11:35:59.983217,interface,0.486,0.35,0.116
2024-08-29T11:36:00.003204,interface,0.507,0.342,0.079
2024-08-29T11:36:00.024183,interface,0.501,0.354,0.149
2024-08-29T11:36:00.102236,interface,0.488,0.324,0.167
2024-08-29T11:36:00.122257,interface,0.504,0.315,0.072
2024-08-29T11:36:00.142190,interface,0.488,0.344,0.085
2024-08-29T11:36:01.014307,interface,0.479,0.365,0.141
2024-08-29T11:36:02.006347,interface,0.525,0.45,0.103
2024-08-29T11:36:02.028216,interface,0.573,0.427,0.0
2024-08-29T11:36:02.047209,interface,0.507,0.423,0.071
2024-08-29T11:36:02.105283,interface,0.464,0.427,0.09
2024-08-29T11:36:03.097320,interface,0.46,0.275,0.069
2024-08-29T11:36:03.120216,interface,0.481,0.282,0.132
2024-08-29T11:36:03.197266,interface,0.413,0.263,0.189
2024-08-29T11:36:03.217318,interface,0.42,0.264,0.161
2024-08-29T11:36:03.295233,interface,0.452,0.245,0.172
2024-08-29T11:36:03.319211,interface,0.492,0.27,0.184
2024-08-29T11:36:03.376219,interface,0.41,0.278,0.204
2024-08-29T11:36:04.248392,interface,0.452,0.411,0.101
2024-08-29T11:36:04.271186,interface,0.472,0.37,0.019
2024-08-29T11:36:04.290298,interface,0.542,0.367,0.055
2024-08-29T11:36:04.310242,interface,0.509,0.386,0.014
2024-08-29T11:36:04.327192,interface,0.419,0.409,0.01
2024-08-29T11:36:04.467204,interface,0.494,0.336,0.131
2024-08-29T11:36:04.507209,interface,0.485,0.311,0.106
2024-08-29T11:36:04.528219,interface,0.485,0.353,0.085
2024-08-29T11:36:04.684214,interface,0.569,0.397,0.86
2024-08-29T11:36:04.707394,interface,0.562,0.39,0.885
2024-08-29T11:36:05.239278,interface,0.472,0.317,0.126
2024-08-29T11:36:05.319231,interface,0.354,0.34,0.143
2024-08-29T11:36:05.339208,interface,0.393,0.339,0.143
2024-08-29T11:36:05.499215,interface,0.436,0.311,0.123
2024-08-29T11:36:05.518220,interface,0.45,0.331,0.078
2024-08-29T11:36:05.539222,interface,0.442,0.347,0.088
2024-08-29T11:36:07.700290,interface,0.725,0.352,0.812
2024-08-29T11:36:07.722257,interface,0.716,0.237,0.32
2024-08-29T11:36:09.029353,interface,0.632,0.367,0.828
